cell,subpopulation,label,umap_1,umap_2,pc_1,pc_2,group_axis_projection
0,A,0,5.337001800537109,8.229301452636719,6.239789834265424,-1.0322110979803305,6.294221144968046
1,A,0,4.018543243408203,5.401231288909912,5.62807743525399,-0.8187847616313808,5.60236890419702
2,A,0,4.336888313293457,8.965821266174316,6.558237218427988,-2.104396796099997,6.413482931241892
3,A,0,4.188141345977783,7.384690761566162,5.513601722798364,-1.686412640453798,5.559632726954144
4,A,0,3.217855215072632,6.042407989501953,5.915968494233276,-2.8982952527712245,5.837169200930927
5,A,0,5.389254570007324,5.36673641204834,4.330128531718514,-2.1175807612170017,4.493216394894681
6,A,0,1.7767400741577148,6.873482704162598,6.992967373535465,6.694037490701337,7.0324094107627575
7,A,0,3.248992443084717,5.580783843994141,7.623862519042914,0.7563169581846864,7.421317230445705
8,A,0,3.3117568492889404,6.80361270904541,5.970938514640634,1.4778447464301738,5.989719502017093
9,A,0,5.303933620452881,5.8412089347839355,3.735044225672076,-1.7655999094102324,3.92378401860224
10,A,0,4.191520690917969,9.174677848815918,7.101813319041996,4.369898713758926,7.016219171872346
11,A,0,3.333341121673584,6.349572658538818,6.187123781385053,-0.955883546365762,6.074869301336733
12,A,0,5.479678153991699,7.095722675323486,5.7579971738935,-3.1650453533553624,5.6550863837733125
13,A,0,1.843150019645691,7.038498878479004,4.906638502132975,8.762439969871934,5.209878286405143
14,A,0,3.229851245880127,8.481335639953613,5.129317376428042,-0.9401517258032844,5.117202868401444
15,A,0,4.729360103607178,7.50378942489624,5.229288482289196,-2.689754553057639,5.180980175953131
16,A,0,3.15982985496521,7.408292770385742,6.210094104520203,-1.8283416181547372,6.074002948495657
17,A,0,0.9777620434761047,7.044807434082031,4.585951050867697,15.267236035134479,5.0286456061631615
18,A,0,3.689319133758545,7.634981632232666,6.309386684217586,-2.714847570189944,6.134347879654248
19,A,0,4.581597805023193,5.397312164306641,6.494205901887731,0.531559391625011,6.389416754648106
20,A,0,5.248724460601807,8.17862319946289,4.855657115058731,-2.927041994920034,4.947865184439429
21,A,0,5.840642929077148,5.244955539703369,1.651491017446012,-1.1815277313698656,1.8731004877571067
22,A,0,4.8148298263549805,5.487654685974121,3.8162015507932834,-2.736754460538497,3.945337334440005
23,A,0,2.5243513584136963,6.2596435546875,8.304474559681376,4.339658279965658,8.125416209358445
24,A,0,3.9059462547302246,6.926337718963623,6.428414840396509,-0.22461423650982645,6.389414061044916
25,A,0,4.8216023445129395,7.217408657073975,5.294102315805421,-2.6328846716650753,5.31862835850623
26,A,0,5.9646759033203125,5.6909685134887695,1.3958361390369325,-1.7576204473482673,1.5937063251469543
27,A,0,3.2091405391693115,8.511491775512695,6.064875013864702,-2.0560723461628077,6.0773306722582925
28,A,0,2.896937370300293,6.622220993041992,6.181740520615141,2.789377992267067,6.186430571039773
29,A,0,2.11136531829834,7.019056797027588,6.3162943175131545,7.652882206776281,6.5266991617114325
30,A,0,2.2689690589904785,6.951144695281982,5.0739785801931605,4.86996277828991,5.212593525870684
31,A,0,1.6855260133743286,7.076197624206543,5.1623546222794285,10.889885611482415,5.474987676013267
32,A,0,4.914150714874268,5.819335460662842,4.475752518701987,-2.463436121459745,4.553778811197878
33,A,0,4.455878257751465,7.014950275421143,6.923001174427063,-1.651727370013492,6.743819223773116
34,A,0,2.8244872093200684,7.03839111328125,7.315868423218104,0.9560090716570111,7.114724126916185
35,A,0,4.8084869384765625,7.361397743225098,4.438060652670464,-1.983457081130293,4.47940083532183
36,A,0,3.0758919715881348,6.4939703941345215,5.313898074999316,0.22302321160770708,5.352240207782788
37,A,0,3.771559715270996,6.922727584838867,5.471888458131164,-2.8040120248707274,5.4302468831927815
38,A,0,3.3023030757904053,5.532990455627441,6.670299856960695,-2.1390294724554266,6.533999383773913
39,A,0,3.6957736015319824,6.795420169830322,6.181722678637669,0.9442628708997348,6.17847358380431
40,A,0,3.580951452255249,6.812744140625,5.503446601872108,-2.627655173461522,5.426332533186618
41,A,0,4.477900505065918,8.826852798461914,5.854140272457008,-2.1775124061479523,5.868128166463751
42,A,0,2.5210368633270264,7.005942344665527,5.69283195027823,2.113465141089805,5.741230296504149
43,A,0,3.314042091369629,6.534275054931641,6.152854323794973,0.1266399242960517,6.070287291673205
44,A,0,4.553947448730469,5.364866256713867,5.940828223776318,3.913389115964558,6.118522246832789
45,A,0,2.948251724243164,7.419313430786133,5.985819579559472,2.0315861411574945,5.973004862660202
46,A,0,4.213665962219238,7.867194652557373,5.288105834584344,-1.9275556663894158,5.242133666496265
47,A,0,1.056496500968933,6.872026443481445,6.6605443034567395,13.630538642793887,6.871931264260594
48,A,0,4.839750289916992,6.850643634796143,4.918384890399122,-1.9506224669542902,4.9152402510941675
49,A,0,5.573596477508545,5.278126239776611,2.6420655214000646,-1.7839001352411046,2.8654442249322574
50,A,0,4.013111591339111,8.297094345092773,6.2276131470898175,-2.67364777350868,6.15284712229416
51,A,0,5.599167346954346,7.256704807281494,6.671594362207154,3.0269569514000914,6.714287692514912
52,A,0,5.0759453773498535,5.81722354888916,4.530290101579594,1.4242528264306282,4.6626348028962035
53,A,0,2.027991771697998,7.014381408691406,6.115665695314858,8.292206060446762,6.321226245270582
54,A,0,3.6790988445281982,7.034859657287598,6.235438071555296,1.9943311356671185,6.206121469468742
55,A,0,3.9817054271698,5.174224376678467,6.339363731378944,-2.618902648813563,6.237983236690326
56,A,0,4.13032865524292,6.570382118225098,4.896248772690092,-1.6383790322509622,4.891635298988896
57,A,0,4.619686126708984,6.402045726776123,5.670576375633353,-2.8975212980781433,5.6028999693382655
58,A,0,3.6321005821228027,6.791487693786621,4.648412712302633,-2.464655415752803,4.642070518866495
59,A,0,4.314462661743164,9.425840377807617,3.8406090110981976,-3.9850074250681304,3.8696986153485637
60,A,0,4.503485679626465,7.833169937133789,6.221708905227494,-1.607466408141009,6.14952743581376
61,A,0,4.292076110839844,6.237038612365723,5.818752570029955,-1.8493962425540262,5.694160626320452
62,A,0,4.3446269035339355,6.942848205566406,5.852329879397738,-2.4942178356058786,5.784097833541486
63,A,0,4.541623115539551,7.03445291519165,7.0758520195534365,-1.1910709041172853,6.887764204511077
64,A,0,5.157516002655029,4.964119911193848,6.9941498212993105,5.256295089096115,6.916500341151876
65,A,0,1.7437845468521118,6.767584800720215,5.23667845967068,10.656278018291424,5.495227454807933
66,A,0,2.983839273452759,7.2853569984436035,4.813555983945879,3.2810068446703653,5.012602138881704
67,A,0,2.3195459842681885,6.9950642585754395,6.600680928468841,4.970255402032874,6.6592486198960925
68,A,0,4.445975303649902,9.067305564880371,6.639763265279202,-2.838049655510412,6.512002797699362
69,A,0,4.327641010284424,9.221227645874023,5.810936792311606,-1.0327782861311272,5.767048018586677
70,A,0,3.9767844676971436,5.869924545288086,5.207361050077612,-1.794491018691459,5.140014158667154
71,A,0,3.3304522037506104,6.956385135650635,6.34099345605111,-0.4645780383922833,6.223929136051687
72,A,0,4.1365766525268555,7.41344690322876,4.436462260262258,-2.5030050371178327,4.557287613491248
73,A,0,5.239768981933594,8.085931777954102,5.5723355453666095,-2.6702954230459635,5.627307929465141
74,A,0,4.367874622344971,9.32879638671875,5.697538275991961,-1.9060173391402433,5.659720939826891
75,A,0,3.923940658569336,7.264235019683838,5.630529458508916,-0.5411637844779117,5.563931234491289
76,A,0,4.459288597106934,6.214247703552246,6.207234411676767,-2.5453656060748515,6.172771350547714
77,A,0,3.6952900886535645,6.780608177185059,3.9420318403379664,-2.7149575998884576,4.0296210846066
78,A,0,5.701409816741943,5.656399250030518,4.751506314369536,-1.9634929248251483,4.838468159618197
79,A,0,1.0177197456359863,6.973757266998291,6.058356097508828,14.75511258633696,6.406103254425867
80,A,0,0.8698351979255676,6.9598708152771,3.2219880539584067,20.434443617193054,4.073238246220031
81,A,0,3.0603456497192383,6.560306549072266,5.132267341002229,1.5360013394173981,5.188212229010338
82,A,0,4.6793670654296875,6.7689056396484375,5.783623979399072,-2.7132171785698667,5.675470206198602
83,A,0,3.943600654602051,5.444059371948242,6.750478621710522,-0.6721368017646611,6.552769083872631
84,A,0,5.346592426300049,5.585980415344238,4.16783576803311,-1.4566280771374704,4.353759894272713
85,A,0,4.707178592681885,5.739652633666992,5.65573798389188,-2.4247774479046575,5.732404097395372
86,A,0,4.311794757843018,8.153274536132812,5.985574522572585,-2.330038773743353,5.854339767219415
87,A,0,3.421665668487549,6.258397579193115,6.855012083112418,-2.314107728265631,6.682167868790721
88,A,0,2.371818780899048,7.006861686706543,5.073143462565209,3.204625402145914,5.1644248011003775
89,A,0,5.427151203155518,6.978110313415527,4.7641414491067735,-2.4634512215718485,4.638520148586979
90,A,0,4.833557605743408,7.237003326416016,5.498068021223525,-2.6267577123616115,5.4347597908414285
91,A,0,4.127419471740723,7.844675540924072,6.998091791923166,-2.91894714236785,6.706881229271758
92,A,0,2.2685489654541016,6.4209675788879395,7.0234184754511855,4.831188462912092,6.964215338538062
93,A,0,4.245687961578369,6.667967796325684,6.244746575551908,-2.4756477655226616,6.13523849589563
94,A,0,0.908801257610321,6.934259414672852,5.56242442102863,15.656047244737412,5.959238265343283
95,A,0,5.573761940002441,5.8281755447387695,4.9094576423213905,-2.224546520737067,4.976576641768959
96,A,0,4.456141471862793,7.216708183288574,6.315732425604266,-2.7547182064485356,6.227416294148302
97,A,0,4.148277759552002,6.197304725646973,7.796029658284482,-0.5262705179431687,7.685883105332241
98,A,0,4.371028423309326,8.889443397521973,6.50431901566019,-2.48841034757608,6.357818008024527
99,A,0,5.447781562805176,5.561373710632324,2.5716763481737064,-1.8295093003953284,2.776601502935371
100,A,0,2.850806713104248,7.334051609039307,6.296596645784804,2.8989998396903216,6.274936808896673
101,A,0,4.99387788772583,7.534377574920654,4.166130339616538,-2.641052354973817,4.228448895507277
102,A,0,3.045778751373291,6.2598876953125,5.027475496917364,-2.286815864146438,5.047244366594999
103,A,0,4.013142108917236,6.365736484527588,4.557951227989163,-1.4780219392942238,4.653564059556945
104,A,0,4.011380672454834,8.43304443359375,7.438058278514161,4.614667504667302,7.3667334000657325
105,A,0,2.3258540630340576,6.9736247062683105,5.342507040950739,3.615886394646258,5.400710597827871
106,A,0,4.639721393585205,7.338332653045654,4.88529748820567,-0.9746599103409601,4.801951571387248
107,A,0,5.402297496795654,7.239406585693359,6.1904814790308365,-2.109922219146874,6.061492564979588
108,A,0,4.290943622589111,6.33733606338501,6.401955317887882,-2.549197709190961,6.289854750560494
109,A,0,3.2503981590270996,5.633564472198486,5.6297332555374915,-2.4165566872446154,5.519349289004987
110,A,0,5.255327224731445,6.609218120574951,4.655795217985547,0.5927548805469283,4.70872498728433
111,A,0,1.9019074440002441,6.899747848510742,5.999096548446329,7.408073475233066,6.167295071524884
112,A,0,0.8290793299674988,7.04850435256958,3.882349750842487,25.510661000589895,4.714504086878813
113,A,0,4.560846328735352,5.67409086227417,4.178629890988013,-3.1297992045493577,4.245230801182118
114,A,0,5.267821788787842,8.154747009277344,5.760399675594793,-2.937594003484136,5.775598643802828
115,A,0,5.524033069610596,5.326807498931885,2.990680963001583,-1.9470135018347423,3.1871157174785703
116,A,0,2.7753725051879883,5.9279937744140625,5.692535436679811,-2.141073614973626,5.619195737468921
117,A,0,4.2614240646362305,9.301727294921875,7.3250289266789315,-0.8200057966663096,7.1339000890958175
118,A,0,3.448482036590576,6.374522686004639,4.16623685274281,-2.018453677117183,4.187030112846888
119,A,0,3.616023540496826,5.502842903137207,5.106511314983025,-2.4508903305814647,5.126876423151121
120,A,0,5.781622886657715,5.534409999847412,3.593879234679609,-1.7908125002222777,3.7821988231433328
121,A,0,4.264888286590576,8.561551094055176,5.33680770908106,-2.6540048743602638,5.29343995136381
122,A,0,5.567749977111816,5.531715393066406,5.473590778730772,-1.3507436565461435,5.507443945827649
123,A,0,2.8464279174804688,5.996850967407227,5.968415305836085,-2.575199098838509,5.894954777296942
124,A,0,4.012408256530762,6.5644731521606445,6.087870076350295,-2.458044245487815,5.93530087251767
125,A,0,4.37938928604126,8.99321460723877,6.1628088964883,-1.9053085517785648,6.006850525807183
126,A,0,3.9212238788604736,6.4978203773498535,5.077270956354925,-2.277922152321044,5.065426950646906
127,A,0,3.7489514350891113,6.118584156036377,6.900485129062181,-0.8908565211969619,6.691693038607752
128,A,0,4.545834064483643,8.463111877441406,4.003625276835997,-1.5347269042981078,4.086007346139898
129,A,0,3.181929588317871,8.537153244018555,4.9827284206929585,-2.5133401013220364,4.906787798669118
130,A,0,4.519595146179199,5.636576175689697,5.125691477606055,1.449693361440103,5.247875327960027
131,A,0,5.023437023162842,5.805613040924072,4.9067486447650035,-1.7710035404485367,5.023619754226057
132,A,0,3.766378879547119,7.527837753295898,5.286859778836852,-2.154125806192271,5.2293083600152706
133,A,0,4.320843696594238,8.624415397644043,6.260513025348849,-2.4422806037892166,6.209196045164199
134,A,0,4.147062301635742,6.461069107055664,5.655798257506965,-2.5063569300196242,5.595928549562224
135,A,0,4.40789270401001,6.493600845336914,5.500516564636524,-2.688631969931511,5.443440929610971
136,A,0,5.128750801086426,8.068382263183594,6.0014043054058455,-2.227208748738618,6.023197652635622
137,A,0,4.493661403656006,8.301785469055176,5.683486647587586,-0.8969078274812684,5.667550249036235
138,A,0,5.293280601501465,8.039258003234863,6.227595300531899,-3.3441723771759175,6.196777917673671
139,A,0,1.1558001041412354,6.940488815307617,6.15947709373704,12.005870774259904,6.301948533958358
140,A,0,5.6889729499816895,5.853381633758545,2.65799125364746,-2.0582788204621587,3.101329571871518
141,A,0,3.592822313308716,7.61226224899292,6.370264536979325,0.17874005695606346,6.231558142882442
142,A,0,1.7786394357681274,6.861576080322266,7.247451904481653,8.477320889220064,7.324087911579897
143,A,0,1.8381010293960571,7.047385215759277,6.440499514892123,7.435378763422157,6.4993052947338406
144,A,0,5.419939041137695,8.31142807006836,5.132697782282021,-2.9519090922901503,5.138475039935015
145,A,0,5.68250846862793,8.55045223236084,5.767170202639937,-2.6827435175731638,5.787294073440701
146,A,0,4.622853755950928,8.172977447509766,7.704811756548144,0.6599441751457856,7.392729990341821
147,A,0,2.103419065475464,6.752578258514404,5.395202557286955,3.7591308051793666,5.5403167038762575
148,A,0,4.591240882873535,5.346079349517822,5.533206988329018,-2.3131683173094957,5.470491561870015
149,A,0,3.9019994735717773,6.702588081359863,6.940167245849331,-2.3388559512151725,6.726919904850165
150,A,0,4.785455226898193,6.0586838722229,5.276475182844934,-2.292545518865138,5.3050842028371505
151,A,0,2.0625386238098145,6.563913822174072,6.787832019815629,5.226382867039487,6.8357774259832755
152,A,0,1.043298602104187,7.043557167053223,4.597498416023482,16.44099530394806,5.191585112879374
153,A,0,4.406348705291748,8.988664627075195,4.729294095681205,-0.7727593952332853,4.766696106890074
154,A,0,0.850290834903717,6.981159687042236,5.407421980355386,23.34399253537735,6.0032385650516575
155,A,0,3.996912717819214,7.351357460021973,7.152161679819222,-1.6502149368553491,6.931565190275522
156,A,0,1.7138206958770752,6.921696662902832,6.163491776101935,10.738722166497103,6.351328886505975
157,A,0,4.38069486618042,7.299001216888428,5.04144287172734,-2.612503788059468,5.037815612295521
158,A,0,3.3014559745788574,6.558509349822998,5.779241424429273,-2.691840502147304,5.655083120238419
159,A,0,5.575244903564453,5.66436243057251,4.502326214127611,-2.0587656584133915,4.547829010561484
160,A,0,5.468674182891846,8.360101699829102,4.429911709673979,-3.2737032649617874,4.506448027765815
161,A,0,3.4617366790771484,5.623401165008545,6.0933196748887895,-2.2641835545959794,5.964509552626649
162,A,0,5.646734237670898,5.596229553222656,5.874713535729433,-2.623598406743706,5.897618884366679
163,A,0,3.619255304336548,6.633741855621338,7.961366270972755,1.3332636169334908,7.760534803003371
164,A,0,5.325202465057373,7.328896999359131,6.199074105858521,-1.1450519399336867,6.014082135466364
165,A,0,3.8860442638397217,6.97626256942749,4.8779428556007645,-3.1229158751717425,4.988129800354619
166,A,0,5.1727447509765625,6.9395880699157715,5.9353067308232665,-2.6701256815704215,5.923738456531985
167,A,0,4.066590785980225,5.395509243011475,4.685409599027221,-0.9355053248185644,4.768992927911554
168,A,0,4.278796672821045,7.3036932945251465,6.368040366809626,-2.5701901873277846,6.293159876557459
169,A,0,4.31298828125,6.482594013214111,6.6970800914587265,-2.038245167998019,6.580061558099464
170,A,0,5.67501163482666,5.76930046081543,3.9770632314622643,-2.0401460206919113,4.202000672142955
171,A,0,3.5672812461853027,7.089807510375977,3.8604070116562763,-1.9566305568943514,4.120275533046643
172,A,0,3.7860283851623535,5.936266899108887,4.8234960502827935,-2.531605639575587,4.940819509174868
173,A,0,4.734831809997559,8.811369895935059,5.476658247476247,-2.517592777638101,5.401596558401238
174,A,0,4.8273024559021,6.3577961921691895,5.744454422410432,-2.2841654156083946,5.716519733533145
175,A,0,5.117451190948486,6.983950138092041,5.975042862749587,-3.3248708171944394,5.803554963715417
176,A,0,4.279211044311523,9.361082077026367,5.688753948076967,-3.1459476617993722,5.709295621576958
177,A,0,4.18712043762207,5.587546348571777,5.922134942782432,-2.405095927234847,5.938713079169915
178,A,0,2.175938606262207,6.838401794433594,5.790570258032013,5.966146153965088,5.874312007560525
179,A,0,5.013981819152832,6.374833583831787,5.4362715929583025,-1.5175650390158877,5.373698568208775
180,A,0,4.287655353546143,9.322047233581543,5.49253387466833,-1.9473140139967609,5.485542553449602
181,A,0,4.623063564300537,7.071150779724121,6.005808760469777,0.9098671422901935,5.86433568164948
182,A,0,2.5593247413635254,6.962389945983887,6.0418334048456295,4.2424180695555,6.1262905830567345
183,A,0,3.497868776321411,7.560022354125977,5.85294535627914,-3.339867902839828,5.67669976787937
184,A,0,4.619228839874268,5.8111138343811035,4.654189866783184,-1.942913293721926,4.749075643833182
185,A,0,2.6432197093963623,6.0667924880981445,5.30039125057906,1.0576441541152044,5.3017792711056275
186,A,0,5.682943344116211,8.538215637207031,3.9898363532473247,-3.022005694837952,4.104759465355501
187,A,0,3.5958292484283447,5.747406005859375,6.01085185767564,1.035057772698878,6.055064260740945
188,A,0,2.596794605255127,6.915156364440918,7.294713878062547,4.64044707708021,7.272106873121154
189,A,0,0.9914019703865051,6.846945285797119,6.557269823435732,12.419386055391664,6.758299241850555
190,A,0,2.190089225769043,6.854395389556885,5.899948347037381,5.807977819492998,6.044618337550679
191,A,0,3.683161497116089,7.33249044418335,5.23858169623214,-0.38609021033769814,5.293865386519644
192,A,0,3.109781265258789,7.216984272003174,4.651021252219397,1.8650675696565548,4.781846631447024
193,A,0,5.489964485168457,5.4017109870910645,4.482521543138773,-2.067366742731292,4.609969891755876
194,A,0,4.229875564575195,6.980386257171631,6.818318515160737,-2.372563744166977,6.6655313364209245
195,A,0,3.305943250656128,6.984020233154297,6.770166300461503,0.8678010637770681,6.763554816866632
196,A,0,1.853640079498291,6.9435648918151855,5.221252634456373,8.231201752057409,5.5011028725829405
197,A,0,4.199182033538818,7.110151767730713,6.475352222281074,0.24794646496067285,6.4824748620689565
198,A,0,5.527565002441406,7.1887006759643555,4.608478295225857,-2.902052470323188,4.5643922910726715
199,A,0,0.905562698841095,7.012237548828125,5.4989875254233125,15.756065123771618,5.890310380704304
200,A,0,2.4786770343780518,6.135190963745117,6.758694371234793,5.3307819675550805,6.686157535905048
201,A,0,1.6572219133377075,6.641084671020508,5.867285871500701,10.181794037946506,6.095153356025335
202,A,0,4.115321636199951,8.670836448669434,5.862410346026216,-1.0799474008861705,5.843692795073893
203,A,0,3.5758721828460693,7.539818286895752,5.031847969169332,0.13097079671613673,5.060819165189865
204,A,0,5.830507755279541,5.418251037597656,3.4414044610481396,-0.08468118029554282,3.7391224162495096
205,A,0,2.349358081817627,6.734736919403076,4.733959039582792,4.757650704286255,4.85265595148257
206,A,0,4.760221004486084,6.449571132659912,6.786844114654125,-0.7647265745574204,6.6146874207845245
207,A,0,2.5398108959198,6.602385520935059,6.482677875825098,4.466127286431882,6.540500745475565
208,A,0,4.638182640075684,6.100155830383301,5.705818832785587,0.1790257163046943,5.708335006550779
209,A,0,5.140699863433838,7.927257537841797,5.448855048518132,-2.7918072371949227,5.407428155063492
210,A,0,4.347136974334717,7.000533580780029,5.762407567917342,-2.351926287308479,5.69810855807687
211,A,0,4.256284236907959,6.398559093475342,6.100041780191151,0.005088159087509807,6.062931478128405
212,A,0,3.2545411586761475,6.706479549407959,6.1813282307920705,0.5516927727055493,6.189115641649687
213,A,0,4.229549884796143,6.199477195739746,4.439634824206338,-2.924648826391004,4.49860617712612
214,A,0,2.81585693359375,5.915708065032959,5.229786864397261,-2.37575815209972,5.027139824504497
215,A,0,4.743997573852539,7.604090213775635,4.8951520471719485,-1.0513482173132824,5.015166500680141
216,A,0,5.275989055633545,7.237715721130371,6.340494559559106,0.6626732398662968,6.2843591090114
217,A,0,5.644406318664551,5.370244026184082,4.793804833959908,-1.517472103105459,4.937839738567599
218,A,0,5.18109130859375,6.4577250480651855,4.355569172671096,-2.0412994949216645,4.4409776878515075
219,A,0,5.646668910980225,5.687077522277832,4.33822997307772,-1.2157884536595953,4.528880642940602
220,A,0,5.667808532714844,8.545295715332031,4.335849227008556,-2.819845791954607,4.432760806911651
221,A,0,4.802872657775879,6.434812068939209,6.120054768611253,-0.9428048071671832,6.031812175417306
222,A,0,0.9676384329795837,7.0424723625183105,5.272705222333002,15.721386526684716,5.723434156863118
223,A,0,4.391602993011475,8.657181739807129,5.818921161136305,-1.7228971833656033,5.7581053939112365
224,A,0,3.9891440868377686,5.2442121505737305,5.019528580757342,-2.593803397845352,5.024031276114982
225,A,0,4.412444114685059,8.075448036193848,6.641241803831683,-2.2910904561040635,6.557533605839811
226,A,0,3.7637481689453125,7.067780017852783,6.677497071161062,-1.2011329431880657,6.5767500107938
227,A,0,6.632547378540039,5.4852614402771,0.41261144340721984,-1.4914454590995672,0.3218972145935937
228,A,0,3.77189040184021,6.593498229980469,5.802879848428061,-1.3798597243908335,5.804451473714729
229,A,0,3.5399398803710938,6.688035488128662,5.0381748148018834,-2.2018783408851013,5.06724407993965
230,A,0,3.1256818771362305,8.188475608825684,6.027605784462233,4.602610227803619,6.059638209552492
231,A,0,3.8073854446411133,6.776224136352539,4.512136338075378,-1.5978326936714478,4.58576938611264
232,A,0,5.470734596252441,5.3917975425720215,4.547635685573203,-1.7253687225601906,4.695482149016301
233,A,0,5.4742045402526855,5.488300323486328,4.842261216069173,-1.4036774070134423,4.912353482039989
234,A,0,2.6776645183563232,7.0591349601745605,5.3204920736453865,1.9522626386989432,5.428117486326726
235,A,0,1.2964636087417603,6.76902961730957,6.814229285472651,9.371081417583762,6.892528849446706
236,A,0,2.109607696533203,7.077966213226318,6.545990075878582,6.00978887082132,6.601202919043812
237,A,0,1.9454679489135742,6.8857340812683105,5.351267639762035,7.220002269142694,5.538486195206877
238,A,0,3.5795013904571533,7.714970588684082,7.6575366733677095,0.9894990647899906,7.451523009578338
239,A,0,1.574020504951477,6.926637172698975,6.340035765716012,8.429706572265273,6.366262517808323
240,A,0,1.2583627700805664,7.030201435089111,6.015000845759638,13.41756555460061,6.310994307422779
241,A,0,5.529460430145264,7.260641574859619,6.63231523302804,-0.6944627103301404,6.34685137973864
242,A,0,4.764542102813721,7.5975236892700195,4.955476582558465,-2.1389228234825928,5.016010204085277
243,A,0,5.632132053375244,5.741941452026367,3.5494159085572665,-2.031802777758788,3.816644437505617
244,A,0,5.4283623695373535,5.3925933837890625,4.291329340261354,-2.170693108905175,4.574167267918112
245,A,0,2.126725673675537,6.611136436462402,7.2262690717518225,6.424945796609474,7.122570686725351
246,A,0,3.919675827026367,5.274777889251709,5.554240850457224,-2.7109716125926515,5.558846012545418
247,A,0,4.467414379119873,6.608723163604736,6.041039289416983,-0.1344354177316993,6.048390674509644
248,A,0,4.652848243713379,6.732090950012207,5.713481937372967,-0.14897319374217502,5.741381358751312
249,A,0,4.165343761444092,7.345704078674316,6.1362022984718445,-1.9363802906553278,6.077156277232976
250,A,0,1.2128037214279175,6.921642780303955,7.977760428215967,13.147798620383668,7.91668485307653
251,A,0,3.429464340209961,5.74126672744751,6.355152554424553,0.0903952422368473,6.212497437672287
252,A,0,5.654385566711426,8.52801513671875,4.905330965686343,-1.8285372982867403,5.0663906377580386
253,A,0,4.396877765655518,8.635286331176758,5.913578415739986,-2.0394170585175955,5.833547989983831
254,A,0,1.1971949338912964,6.810762405395508,6.469039123305981,9.65759080772994,6.598434748557206
255,A,0,4.167915344238281,6.921160697937012,4.89724281309284,-2.449278749674615,4.964377537883765
256,A,0,4.213503360748291,9.313804626464844,5.559654677520638,-1.4912895652438194,5.519226751313186
257,A,0,4.080265998840332,8.064692497253418,5.9194540967760405,1.3771450742316618,5.99579286560402
258,A,0,4.197294235229492,6.959110736846924,5.8015859142899115,-2.6471855518093306,5.745629124061788
259,A,0,3.980412244796753,5.097194194793701,5.800643998826285,-2.147215502959638,5.711852053038975
260,A,0,5.99744987487793,7.203463554382324,6.8695246394834335,-0.690379179962538,6.649769505092791
261,A,0,3.1434292793273926,6.489023208618164,5.46190195268134,1.415262976390149,5.522440913070787
262,A,0,4.249057769775391,9.293896675109863,5.245481166167727,3.0217758041634077,5.353136409499829
263,A,0,4.055190563201904,6.764289855957031,5.602858837992367,0.04961223798738721,5.574713884623208
264,A,0,3.3827755451202393,5.571111679077148,7.345430869475354,-1.6923347671191946,7.115667908256768
265,A,0,4.134040832519531,6.0484089851379395,5.04243976799241,-2.669711051925632,5.091908527925622
266,A,0,5.041572093963623,4.937599182128906,6.7257708360766815,4.1417923975345605,6.664360142864959
267,A,0,3.7219550609588623,6.057529926300049,5.880753913241878,-2.5319378971484428,5.75043656588517
268,A,0,4.247359275817871,6.33167839050293,5.0089513669305745,-0.20829281853710704,5.007377106964375
269,A,0,4.247641086578369,6.693313121795654,6.514424445398579,-0.9332219997713668,6.477426026336419
270,A,0,3.723217010498047,7.560020446777344,7.027178095724923,1.182352600030166,6.874276966300073
271,A,0,3.206707715988159,8.496085166931152,5.506436174346113,-2.0478525403081567,5.413647039686568
272,A,0,5.288723945617676,6.108741760253906,7.081416379050211,-0.4048964179223881,6.886062298334245
273,A,0,5.87025785446167,7.183938980102539,5.834616324655512,-1.1952211753224455,5.705388486543267
274,A,0,4.810513496398926,6.986990928649902,5.163553597357562,-2.5175219853054855,5.186939057077289
275,A,0,4.271039009094238,7.264128684997559,7.059778239924108,-1.7878290695672376,6.969617629682142
276,A,0,3.65987491607666,7.002213954925537,4.0593223912111815,-1.9343137378935682,4.3059093243307895
277,A,0,4.593637943267822,7.2020182609558105,5.985261165029516,-1.9585590630868752,5.922573784628578
278,A,0,5.317386150360107,5.042572021484375,4.012586355185411,1.6438685299974318,4.184961251567425
279,A,0,3.427194595336914,6.302753448486328,5.65126408490491,-1.608105819592011,5.517397719590516
280,A,0,1.715382695198059,7.109059810638428,5.952628482656582,8.474696073557695,6.152059424754249
281,A,0,0.9587507843971252,6.950893878936768,5.167277415449004,15.679471117357037,5.640115450775557
282,A,0,3.622727394104004,6.411193370819092,6.1294655210197595,-0.35579962614644134,6.103303773327721
283,A,0,5.664764404296875,5.22810697555542,4.22431896540568,-1.866341941498988,4.361590284195126
284,A,0,5.2254180908203125,8.055607795715332,6.182765520245858,-2.7366759953019186,6.065556894755742
285,A,0,0.9786731600761414,7.053508758544922,5.416048125260649,14.316201831838537,5.818301826212835
286,A,0,4.510139465332031,5.348662376403809,5.209344132571592,3.9682312357270293,5.337386172970598
287,A,0,4.801077365875244,6.355728626251221,5.275850387336932,-2.092666061814503,5.359861277320942
288,A,0,2.8525466918945312,6.683845520019531,6.965351252052728,3.471350664637195,6.945657682805499
289,A,0,5.263891220092773,8.176857948303223,4.791603633005836,-2.7528486639266654,4.819127508354823
290,A,0,3.5509238243103027,7.5624165534973145,6.459413903174476,-3.0806445320514264,6.233609889586889
291,A,0,4.785773754119873,7.956079006195068,4.900416363081797,-2.4382581262495786,4.919548842262399
292,A,0,6.090906620025635,7.146165370941162,5.374517470155895,-2.94892531736481,5.1908364512352625
293,A,0,3.875821113586426,5.313621997833252,6.55263743349229,-2.0301493965395623,6.388087059894952
294,A,0,3.284770965576172,6.413921356201172,5.296705234087499,-1.8747441208615971,5.315949954743045
295,A,0,4.76210880279541,6.623956680297852,4.749684713981408,-2.5462002074458034,4.72615005330859
296,A,0,3.1252284049987793,7.506448745727539,5.646567981332277,1.7147051337962866,5.6636489713069444
297,A,0,3.114453077316284,5.9697184562683105,5.660194275108633,-2.6257690704326477,5.655437500460934
298,A,0,4.373562335968018,9.270952224731445,6.8774180112134236,-2.7430805178611313,6.756202538154977
299,A,0,3.912194013595581,6.031228542327881,5.417543721403057,-2.6014966872943193,5.323422483918916
300,A,0,2.139808416366577,6.814090728759766,5.241794484760501,4.083372579067298,5.318121529394698
301,A,0,2.2890827655792236,6.923470973968506,6.345768054375994,5.285477041019164,6.431439947200981
302,A,0,3.0993165969848633,6.712543487548828,4.344272306317491,0.6344435865224374,4.4673666665339855
303,A,0,4.488300323486328,8.995071411132812,5.626780917982736,-2.662161746346964,5.599287885678642
304,A,0,4.109586238861084,6.240549564361572,5.676753614703419,-1.1800390780119336,5.68011454858955
305,A,0,5.574687957763672,8.461480140686035,4.937554224875703,-2.8916069310985537,5.013630728216558
306,A,0,3.902585029602051,8.007993698120117,7.596720085298622,-2.598360168903131,7.378582887026901
307,A,0,4.894680500030518,7.192107200622559,5.2967063575709945,-2.4275144534993194,5.282152288481393
308,A,0,5.318974494934082,5.281364440917969,4.558215348217165,-1.511921458133189,4.748299803642045
309,A,0,4.004485130310059,5.052796840667725,5.760308303195242,-2.9168266126648636,5.647870635129978
310,A,0,5.407832622528076,5.260400295257568,4.372497102334563,-1.8732606001348175,4.567840927656237
311,A,0,3.3860924243927,5.753264904022217,6.852219558446034,-2.222410987709774,6.662708110556045
312,A,0,4.311923503875732,9.32214641571045,5.941129137398916,-2.1282284573069763,5.931680171562569
313,A,0,3.298133134841919,8.414844512939453,7.871981012452295,-1.5541913783384647,7.511492107570576
314,A,0,4.09224796295166,7.332822322845459,4.591470613224145,-2.7417906999766464,4.667327979204454
315,A,0,4.659465312957764,6.640423774719238,5.077645466175617,-1.5024078211277072,5.068148096029275
316,A,0,2.605860471725464,7.160027027130127,6.197855429612907,3.1958382066451065,6.264493076741264
317,A,0,3.8493332862854004,6.442471504211426,5.856299479749995,-1.2042426262567059,5.780461526662335
318,A,0,8.609283447265625,6.605667591094971,5.428966969333784,-3.0007547748592707,5.318147855131057
319,A,0,3.2283754348754883,8.496358871459961,6.589127901870569,-1.7882918147734395,6.474410950189078
320,A,0,4.712749481201172,7.614039421081543,5.459186673423061,0.5211238071327479,5.489963001029393
321,A,0,5.334860324859619,8.363429069519043,5.6801589617969945,-3.023464813814675,5.694104496914059
322,A,0,5.454976558685303,5.40914249420166,3.7562447448980376,-2.1022102998872154,4.02651725119367
323,A,0,3.725116014480591,8.70652961730957,6.060954813751398,-2.2855888192703824,5.994222637920664
324,A,0,3.3029513359069824,6.920932292938232,8.034200766483744,4.761306655228749,7.913010347671711
325,A,0,4.367929935455322,9.01318359375,5.289598176733598,-2.5314547679745227,5.318042094055186
326,A,0,5.663296222686768,8.542640686035156,5.014312531668064,-2.232501673163697,5.020507404876237
327,A,0,4.500882148742676,6.230258941650391,5.715601219775727,0.3225460190303673,5.739511279664725
328,A,0,4.357135772705078,7.243433475494385,6.17684030145223,0.5514436837590994,6.117296187487218
329,A,0,3.8472859859466553,7.120555877685547,6.045032276097316,-0.6033219032455649,6.066765835829615
330,A,0,3.222551107406616,7.1889214515686035,6.348553777206044,-0.8509536093147161,6.323631209619934
331,A,0,4.71720552444458,8.184320449829102,5.292854747813776,-0.43739848909461515,5.240365787358125
332,A,0,5.5978875160217285,5.851248264312744,5.566180463078459,-1.6319494589671608,5.612475195572268
333,A,0,3.5538527965545654,7.686100959777832,5.8770617263617675,-2.3789365522321764,5.70941672856649
334,A,0,4.2239155769348145,6.429959297180176,5.043942755491341,-1.2423780756043554,5.069147722691561
335,A,0,4.025291919708252,6.407865524291992,5.732649957521951,-2.6050062680549466,5.765901377868028
336,A,0,3.660595178604126,7.530879974365234,6.636822040070399,-2.5510163540675657,6.511351048499258
337,A,0,4.4088454246521,8.860281944274902,6.096356891172043,-2.1617338469173153,5.968950760962189
338,A,0,5.565915107727051,5.68822717666626,5.252101334522307,-1.523276325367865,5.282366951044832
339,A,0,4.323980808258057,6.190290451049805,5.32167363744572,-0.9905095273423528,5.396136110159457
340,A,0,4.529450416564941,5.352224826812744,6.805574566653441,3.3934672351791444,6.78120802718432
341,A,0,3.417099952697754,5.580981731414795,6.110814585031708,1.575351250893723,6.144859714376579
342,A,0,4.077994346618652,7.193768501281738,5.286687674135477,-2.9173750167502086,5.241555767470137
343,A,0,2.167689800262451,6.7076592445373535,5.8076990922691865,6.16622947868051,5.966000574052592
344,A,0,2.267900228500366,7.196032524108887,7.537848308624325,5.855930843352128,7.415622172254696
345,A,0,5.396745204925537,5.403368949890137,4.126879733464626,-2.0546595360776747,4.307004976901952
346,A,0,4.886643886566162,7.103839874267578,5.487723419791749,-0.8720040658156768,5.362387625472852
347,A,0,3.410092830657959,5.502812385559082,5.956833827298185,4.409862556349275,6.061083486224334
348,A,0,3.796849012374878,5.693466663360596,5.47937666763425,-1.3991896297595192,5.400658647759149
349,A,0,5.410886287689209,5.926988124847412,6.5642398945191465,-2.3383388767052518,6.433391394701884
350,A,0,4.603666305541992,8.167631149291992,5.996787054714076,-2.5926446538111523,5.8954432659008305
351,A,0,5.629202365875244,7.22345495223999,5.222359186547512,1.355931191771856,5.196685076887821
352,A,0,5.251954078674316,5.592473030090332,3.4977327353066023,-1.9396060824344763,3.6855952257566424
353,A,0,4.549073219299316,8.54812240600586,3.511002075502478,-2.009966079938118,3.6594835989608274
354,A,0,1.673063039779663,7.0127387046813965,6.143999663370552,10.589772392740239,6.417504272127301
355,A,0,3.2394518852233887,7.436397075653076,5.664589435007182,3.265448671927415,5.6874410965503905
356,A,0,5.204635143280029,5.2266669273376465,4.092836930970832,-0.22197268897967348,4.196359181756418
357,A,0,4.065372467041016,5.299213409423828,5.490236599429577,-2.265519853815525,5.464784387164329
358,A,0,3.8702783584594727,6.313276767730713,5.421571921000647,-2.416172249067873,5.368354252909731
359,A,0,3.532010078430176,5.748470783233643,5.293771024689366,1.1626424383703833,5.317463476969392
360,A,0,4.653907775878906,7.18791389465332,5.792850535376787,-2.233885658245991,5.729607146913832
361,A,0,4.329045295715332,6.550992012023926,5.908369183343826,-2.414364038477777,5.888143723042388
362,A,0,5.407574653625488,7.128329753875732,5.431148328030491,-2.8522699487358616,5.326620570791487
363,A,0,3.272165298461914,6.596700191497803,4.870329675236291,0.8212686484093483,4.969917021553597
364,A,0,1.9110219478607178,7.115007400512695,5.999931741424107,6.545576989037638,6.028440942330162
365,A,0,1.750267744064331,6.960727691650391,6.925376242741301,9.059489387372622,7.007330823166354
366,A,0,4.800687789916992,6.417557716369629,5.702650740965115,-1.6911760364942499,5.6488603308254905
367,A,0,5.021561622619629,5.960696697235107,5.411138927024646,-2.2325054485681113,5.419955318291011
368,A,0,2.75996470451355,6.014145374298096,5.940066668075439,-0.5275568430131802,5.869792206231569
369,A,0,5.46136474609375,7.22874116897583,5.007979589100751,-2.887894490229057,4.957700568244507
370,A,0,4.717872142791748,6.175922393798828,3.2983412633607423,0.34831811602749563,3.5216968997519595
371,A,0,5.924253940582275,5.405425071716309,1.2946170643572557,-1.6859509219553739,1.4076962897587073
372,A,0,2.884406805038452,6.602988243103027,5.175745933446938,2.810121132479444,5.323311251629908
373,A,0,5.6949687004089355,5.206894397735596,2.5906640690687,-1.1579250746415068,2.8838244213714432
374,A,0,4.0062947273254395,6.774139404296875,5.401995823721113,-2.0110471055556034,5.301810904953761
375,A,0,4.235369682312012,6.989060878753662,5.748417166919184,-2.6963828602031064,5.682903887572664
376,A,0,3.2288527488708496,6.20675802230835,5.711561352071467,-0.8350343050790688,5.652284483767964
377,A,0,4.735551357269287,6.458758354187012,5.521449846929002,-2.6650167083706364,5.489537494546489
378,A,0,4.8434224128723145,6.565796375274658,6.299590960681306,-0.9371878425480782,6.253864878511799
379,A,0,3.662283420562744,5.99183988571167,4.735537825510642,-2.4510676154580815,4.773999708239881
380,A,0,4.58365535736084,7.447279930114746,5.955240460271954,-0.7863537986307944,5.863702645519762
381,A,0,5.115357398986816,6.9912285804748535,6.355836032643896,-1.890007736523175,6.153482755364827
382,A,0,4.768314361572266,7.655599594116211,5.727820388667591,-2.712769101643075,5.70313984776437
383,A,0,4.485556602478027,6.772094249725342,6.898677174727491,-0.8960073450259483,6.740592734226479
384,A,0,4.237109184265137,7.292742729187012,5.3072783186339345,-2.242840146885341,5.178603193439783
385,A,0,5.72976541519165,5.351548194885254,2.84578470863186,-1.7219039314274156,3.097919439773545
386,A,0,4.867308616638184,6.472212314605713,2.791088880657578,-0.7447865421671833,3.033676946471185
387,A,0,4.040726184844971,6.429291725158691,4.931122895953068,-2.1343576717119,5.0680969204325415
388,A,0,3.858128309249878,7.385164737701416,4.99522926307751,-2.0868279254053115,5.005064032848291
389,A,0,3.8419225215911865,7.3099775314331055,5.6371931329150975,-2.031191903354176,5.551166541019373
390,A,0,5.778970718383789,5.305776119232178,1.676919576483484,-1.6465774622807294,1.8317362350665811
391,A,0,4.046962261199951,6.973511219024658,5.24138937319176,0.7096641822039016,5.319353603152125
392,A,0,5.051969528198242,7.612648010253906,4.237360079102168,-1.4177446118615922,4.259247307595121
393,A,0,4.109228610992432,8.516125679016113,6.207722235475558,-1.892097824724093,6.094895895626571
394,A,0,5.229424476623535,6.333941459655762,5.245300234597816,-2.0294842148582073,5.210197440224089
395,A,0,4.269404411315918,6.828883647918701,7.1491142052391465,-2.761343879273656,6.984680627691582
396,A,0,4.518977165222168,6.873997688293457,5.517167130993791,-3.137074111525228,5.404758721423021
397,A,0,3.2107558250427246,7.1868720054626465,7.012847178184236,2.971514928722597,6.954411524863073
398,A,0,4.494634628295898,7.047588348388672,6.674367736062102,-0.0687889595851764,6.604261899369697
399,A,0,3.245417356491089,8.475709915161133,4.932991869942925,-2.3005459827648553,4.9027832413792165
400,A,0,4.322699069976807,7.368830680847168,6.109475455882807,-2.189554311857105,6.07899641847191
401,A,0,5.647209644317627,5.28417444229126,3.5509837168046503,-2.0292131574301635,3.773285435425266
402,A,0,4.516986846923828,8.837003707885742,4.94748304706846,-2.1218133487931548,5.026616815984157
403,A,0,0.8794640302658081,7.012693881988525,5.116568632292271,19.913937145549145,5.709130027477097
404,A,0,1.8210868835449219,6.774895191192627,4.353177253695603,9.062760592738364,4.621001647593117
405,A,0,2.7048730850219727,6.820783615112305,6.103983382015116,2.7278924873455823,6.156163424697368
406,A,0,5.636516571044922,5.851312160491943,2.9928463749626717,-1.7558769762393216,3.1513837459439253
407,A,0,4.474141597747803,6.5181355476379395,6.1672982574803825,-2.872942657188265,6.077798093326837
408,A,0,3.968174457550049,5.105318069458008,6.184351699461936,-2.2765045595768063,6.082947780360946
409,A,0,4.383392810821533,8.617152214050293,4.861402546035466,0.0806260438092163,4.9033535291132715
410,A,0,5.357785224914551,5.448784828186035,3.2994707677023714,-1.8467271665050216,3.4559344109914663
411,A,0,2.1866636276245117,6.801496505737305,6.028099535300616,4.336852210163604,6.137866128723766
412,A,0,2.555173397064209,6.490391731262207,5.048420537748494,0.7544611847156443,5.098335361312208
413,A,0,4.082248687744141,7.5454864501953125,3.5790641295487275,-2.959667415009733,3.7497399625625656
414,A,0,3.8859469890594482,7.213038921356201,5.572946224438655,-1.664726667156266,5.521953654134363
415,A,0,2.4818103313446045,6.512222766876221,6.303317852006098,5.224123887354887,6.228270437156966
416,A,0,2.221892833709717,6.563808441162109,6.212656552833891,5.000198822364252,6.265985625193917
417,A,0,3.6418569087982178,6.859037399291992,6.00503580781028,-0.5724183073332982,6.024625426843665
418,A,0,5.511834621429443,7.174811840057373,5.717739220657318,-2.980349096867118,5.611067303042722
419,A,0,3.6554462909698486,5.925777435302734,6.138709639915647,-2.595534666729536,6.001338067409428
420,A,0,5.624841690063477,5.891258716583252,4.39803688075177,-1.7378537034643278,4.634213766506626
421,A,0,4.016007900238037,6.052728176116943,4.957938645067895,-2.268088280764384,5.063509026604331
422,A,0,1.5015740394592285,7.034884929656982,4.513731382296636,12.447675014832972,4.980981566598999
423,A,0,4.136935710906982,7.184412002563477,6.922001624691923,-2.7337701387996245,6.675600982062321
424,A,0,3.6232364177703857,6.900670051574707,6.389381413792932,-2.335314149239966,6.227036857283373
425,A,0,5.301956653594971,5.337619781494141,5.793781141818379,-0.7909965901225656,5.937699934592291
426,A,0,2.928323984146118,6.51124382019043,6.116037877630682,2.2073515241925654,6.201896009151421
427,A,0,4.672034740447998,6.322080135345459,4.024436374199107,-2.882938653008506,4.1020992334980555
428,A,0,5.3505473136901855,5.618361949920654,4.406091053035811,-2.066060447848459,4.588929650136388
429,A,0,3.50964617729187,6.156817436218262,5.060669934807939,-2.718344191400606,5.095836220184665
430,A,0,5.768478870391846,5.391706943511963,2.7218607836476743,-2.0920312041540248,3.049653469022792
431,A,0,3.6875102519989014,5.9215497970581055,5.7815575214881525,-1.921558560648146,5.808813177697992
432,A,0,2.875033378601074,6.223474502563477,6.265793472930717,0.8436277491306419,6.186643590818203
433,A,0,1.0339972972869873,7.09104061126709,6.8020043916966575,20.04509876332971,7.18852435460588
434,A,0,0.945300817489624,6.988657474517822,5.056962498221259,15.852743433965538,5.521619627189121
435,A,0,3.773710012435913,7.588404655456543,6.004608578508778,-1.3463471719402003,5.965825094271018
436,A,0,5.467263698577881,5.411807537078857,2.6432495643943583,-1.8302215804841795,2.9070683939884607
437,A,0,3.996692657470703,6.359547138214111,5.429791199176033,-1.7310669307393411,5.445886890609923
438,A,0,2.8877310752868652,6.40258264541626,5.541896113101943,-1.809241459783464,5.3947440825650474
439,A,0,5.355496406555176,7.1791510581970215,5.766801640549067,-2.9453792824853964,5.659052482143952
440,A,0,4.318607807159424,5.981289386749268,5.497840235255552,0.23172395345221666,5.6202295134089235
441,A,0,4.097558975219727,7.9399003982543945,6.645059324387147,0.6563657136849417,6.608620268120537
442,A,0,5.282218933105469,7.099706172943115,6.778506807481732,-1.2308562254242754,6.634462609940968
443,A,0,5.505599498748779,5.427800178527832,4.989069326679296,-2.5814817672970505,5.136465552918206
444,A,0,4.118996620178223,7.58223819732666,6.161232391790963,-2.6858073054299467,6.055403341828689
445,A,0,4.408433437347412,8.911356925964355,5.879800684105535,-2.2970410479417835,5.806203439570162
446,A,0,5.322771072387695,5.082764148712158,4.801018685052817,0.7905034221045153,4.916860395749058
447,A,0,4.015999794006348,7.275386810302734,6.155718435774667,-2.7479147391284946,5.986886650924785
448,A,0,2.481947898864746,6.4853715896606445,5.475893997270755,3.444801574647212,5.450687182974429
449,A,0,4.689757347106934,5.561075687408447,5.525685748390901,-2.9475498303092116,5.478004810594249
450,A,0,4.891913890838623,8.02313232421875,5.030954774807094,-2.427206031341813,5.028890517411336
451,A,0,3.286768674850464,6.816155433654785,4.875169807377269,1.2574205793952022,4.93530624479105
452,A,0,5.0026655197143555,8.15283489227295,5.274564731721304,0.5802955380879724,5.367614916323142
453,A,0,4.354177474975586,8.654093742370605,6.071407201302234,-2.61815833021064,5.9921064055230495
454,A,0,2.696390151977539,6.094088554382324,6.662193125584742,1.1749885609116604,6.472950808453717
455,A,0,4.501960754394531,8.222914695739746,5.324369442023088,-2.6616300885205852,5.250665654670914
456,A,0,5.061816215515137,7.632522106170654,4.784896323442478,-2.2681456206635158,4.872105181669532
457,A,0,4.978704452514648,5.400760650634766,4.414301885482286,-2.0450472757158185,4.495445466184122
458,A,0,5.913362503051758,5.660660743713379,2.635580333138216,-2.328859657673383,2.895868870951613
459,A,0,4.256748676300049,6.894541263580322,6.4551793846378,-1.822955903314007,6.32465466631023
460,A,0,5.029656410217285,7.8307600021362305,5.417718008638109,-3.141443490718642,5.428080038716416
461,A,0,3.28232741355896,7.2322211265563965,5.340404008629133,-2.4807876520352377,5.2632517347070085
462,A,0,1.6194868087768555,7.019501686096191,5.67594298785741,10.958239385294341,6.005073545844983
463,A,0,4.108088970184326,5.454391002655029,5.372547241674737,-3.0329404817688346,5.2318977403855875
464,A,0,3.744861125946045,6.048595428466797,6.958365170649198,-2.0174846600311316,6.746442301153437
465,A,0,2.856297731399536,6.556039810180664,5.907402727281505,1.650903355058073,5.903428061497157
466,A,0,3.7335731983184814,6.001981735229492,5.378250292227224,-1.9824280276462938,5.312271098984615
467,A,0,5.179830074310303,6.331333160400391,5.711409215522705,-0.5370487532226405,5.7639291075687265
468,A,0,4.4524688720703125,6.972381591796875,5.236222725517776,-2.6725054048616568,5.254671966818629
469,A,0,2.664156198501587,6.9093828201293945,5.383718593378973,4.630239659359851,5.522490570981949
470,A,0,1.8406621217727661,7.0234880447387695,4.694460727729183,7.82087817838821,4.94881057227694
471,A,0,4.970335483551025,7.937846660614014,5.39746044588773,-2.9034906675505523,5.404919799965439
472,A,0,5.335191249847412,5.385045528411865,3.8984920684791002,-1.9174943547384329,4.072671219698691
473,A,0,3.0048811435699463,7.775333404541016,5.198167504928134,3.0087767954044806,5.234794464997923
474,A,0,5.722540855407715,5.506940841674805,2.0479189289629645,-1.7667288250067226,2.2865568790391917
475,A,0,4.258880138397217,8.77246379852295,5.708012757726766,0.8338419988276865,5.576722843132744
476,A,0,1.0339730978012085,6.874147415161133,5.583468475432266,13.073538706715746,5.916577292252169
477,A,0,3.6221320629119873,6.718235969543457,5.794080925378011,-0.7262432851698168,5.741390304297116
478,A,0,4.451247692108154,8.881941795349121,7.827071824601636,-1.4164210561576878,7.649756700919011
479,A,0,1.5304611921310425,7.072514533996582,5.847635946425929,10.634362728872965,6.119257993213294
480,A,0,5.629561901092529,5.381998538970947,4.507885292774285,-0.29169176697709726,4.721719617833873
481,A,0,4.111225605010986,5.817800521850586,4.021503219074416,-1.4890277974830886,4.171320471308658
482,A,0,4.736022472381592,7.377442836761475,5.497369989782025,-2.5652741401903043,5.44920722147619
483,A,0,4.9507670402526855,7.329683780670166,5.710065734001746,-2.752379824520303,5.626838714044548
484,A,0,2.313750743865967,6.987820148468018,6.473483023700515,3.5219454306602507,6.434546961988363
485,A,0,4.1757917404174805,6.67077112197876,5.247251107313785,0.1847628535585515,5.3027919930294765
486,A,0,4.389886856079102,6.909280300140381,5.612696392427982,-2.263216007568738,5.546726848147511
487,A,0,4.770132541656494,6.67906379699707,5.917253182388684,-2.4175809475266665,5.826312649145908
488,A,0,5.053897380828857,6.8484206199646,4.819507517044347,-1.9274166252847111,4.877226165116257
489,A,0,5.643582820892334,5.406624794006348,2.8652939560131485,-1.714467497535727,3.1077526118686785
490,A,0,3.654484272003174,6.966101169586182,6.112627383703394,-1.7827057490188145,6.051588189762908
491,A,0,4.050422668457031,8.1011323928833,6.936009713970411,1.098393103437032,6.830828030100899
492,A,0,3.4265995025634766,7.6611104011535645,6.172174371320907,5.523131720309695,6.229075344838055
493,A,0,5.2122650146484375,6.438295841217041,5.903116276189824,-2.6591888216132324,5.806918475404713
494,A,0,3.2476871013641357,8.459695816040039,5.227799337186333,-2.4779265633225243,5.19672363064535
495,A,0,3.6010682582855225,5.80372428894043,6.043315894114564,-1.7218699970795108,5.985905275048745
496,A,0,5.545688152313232,8.492585182189941,5.675380188768741,-3.19174299763547,5.655143064877521
497,A,0,4.529417037963867,7.135337829589844,5.660659480751998,-2.1134922363522897,5.540547184910109
498,A,0,3.9982690811157227,7.122708320617676,5.896015649633017,-1.1259422789707998,5.801008881862377
499,A,0,4.364967346191406,8.919240951538086,6.010471806399602,-2.431895976263474,5.934625167521421
500,B,1,9.834355354309082,4.202348232269287,-5.598652264728869,-3.9098094352960753,-5.779625560224199
501,B,1,10.288009643554688,4.823116302490234,-6.331642910386209,-0.2644548997581014,-6.332802193834143
502,B,1,9.542150497436523,5.922985553741455,-5.426613839463085,-3.688535149182762,-5.634265766547692
503,B,1,11.102606773376465,3.7757620811462402,-6.356115060014211,3.586280192009928,-6.131020765150883
504,B,1,9.663254737854004,5.704554557800293,-5.828946377272564,-0.9179917903265066,-5.934881375084064
505,B,1,10.320682525634766,6.326416492462158,-4.37790788248106,-3.75574430015345,-4.672555463779442
506,B,1,9.9013090133667,5.141696453094482,-5.562044730013055,-3.592742199202883,-5.709225860452957
507,B,1,12.396720886230469,3.5343375205993652,-6.406396900985719,12.801873946096004,-5.733786948483547
508,B,1,9.440862655639648,5.779865264892578,-5.272015260616826,-2.0462074633024687,-5.537313484360214
509,B,1,11.210335731506348,3.6486384868621826,-7.767490462539605,3.2224785589877856,-7.343110283296722
510,B,1,8.804569244384766,4.599224090576172,-7.025241316077151,-3.936091064167859,-7.076615114632815
511,B,1,8.63178825378418,4.678033351898193,-3.797102624249637,-3.636633031523733,-4.209905811306003
512,B,1,9.793346405029297,5.914319038391113,-4.653159372405466,-3.637781483028667,-4.959757845651203
513,B,1,10.647377967834473,4.750715255737305,-6.05517045421074,0.12900785467345907,-5.961962532023151
514,B,1,9.72374439239502,4.747901439666748,-4.126113672917877,-0.3556160301755559,-4.181229629243358
515,B,1,8.041501998901367,4.977536201477051,-1.2324470296550583,-1.9533854057447126,-1.6295571086090685
516,B,1,11.126606941223145,4.825866222381592,-5.731187589047095,0.6084002843163975,-5.711311017115837
517,B,1,11.130537033081055,3.7262375354766846,-6.34826387267618,6.848767359000231,-5.849563986435101
518,B,1,8.207708358764648,4.938318252563477,-4.063687665870569,-3.2167490093638555,-4.490264609970113
519,B,1,10.956241607666016,3.986917734146118,-5.106596429941934,2.823955855043744,-4.954974942277714
520,B,1,11.838855743408203,3.6714274883270264,-7.656319091401955,10.24146660417581,-6.886906189636107
521,B,1,7.744091033935547,6.429763317108154,-4.636350473064228,-4.394176187371741,-5.042453351707232
522,B,1,9.971395492553711,4.378185749053955,-5.410567065355161,-3.7078970071435986,-5.66496423673915
523,B,1,8.632352828979492,5.501493453979492,-5.477267073871221,-1.8420971613800006,-5.617755902069234
524,B,1,7.899905204772949,5.029840469360352,-0.4573897334707249,-1.8899569490163246,-0.8577343574418079
525,B,1,9.544240951538086,4.912078380584717,-4.347377169324388,-3.6456831499072524,-4.659565497110938
526,B,1,10.885798454284668,4.506667137145996,-5.539556571907029,1.8210607722296712,-5.410590624965038
527,B,1,9.729897499084473,4.6700873374938965,-6.141485026243366,-2.7849058722629536,-6.30037332902875
528,B,1,9.750760078430176,3.9132299423217773,-5.8588886883233995,-0.26292482288910657,-5.8096334332041035
529,B,1,9.799570083618164,4.951266765594482,-4.6633513425921205,-3.555056452842171,-4.9565901210672205
530,B,1,9.937172889709473,5.429256916046143,-3.504077276914287,-2.4165581038915036,-3.980604189030543
531,B,1,10.973893165588379,4.335176944732666,-6.415992147411846,3.1774430748065137,-6.23746931420621
532,B,1,9.395289421081543,5.967273712158203,-5.567636401272045,-3.6480792391422,-5.857265339452571
533,B,1,9.21804141998291,5.924678802490234,-5.046691929983356,-3.2619890490943657,-5.302007411868102
534,B,1,10.593321800231934,4.169000625610352,-4.995228999669628,1.959908151907149,-4.9848505181505685
535,B,1,9.944181442260742,3.284660816192627,-4.7027139309477715,-3.8284390549328586,-5.043508757949204
536,B,1,9.365165710449219,5.635738849639893,-4.266112589785578,-3.0762359938529817,-4.562352960108519
537,B,1,11.50584888458252,4.147171974182129,-9.010911033835203,11.01871225733876,-7.96127054847592
538,B,1,9.063104629516602,4.162776470184326,-6.158182952354318,-2.0032355879950887,-6.2082382515678916
539,B,1,7.745522975921631,6.373082160949707,-3.404750248647742,-3.7991591974512406,-3.8902692108510513
540,B,1,9.784958839416504,5.390533447265625,-6.476244881893478,-4.10189172867531,-6.642638327555562
541,B,1,12.840740203857422,3.3119890689849854,-9.139121754295369,18.43838575149213,-7.8354723141332965
542,B,1,9.579362869262695,4.868040084838867,-6.215152333521347,-2.4552954654423202,-6.223979321350365
543,B,1,9.886065483093262,6.0490403175354,-6.467264185843092,-3.1633637471046816,-6.614484386349173
544,B,1,9.567930221557617,4.214177131652832,-6.123298319509492,-1.347584883686822,-6.245640374196705
545,B,1,8.32237720489502,4.0819573402404785,-5.311681928808459,-2.5435125389012994,-5.511996576222266
546,B,1,12.37803840637207,3.5619049072265625,-7.317472157698994,11.526342896978326,-6.537744477956263
547,B,1,12.620551109313965,3.452362060546875,-7.296826540984913,15.44238432060311,-6.323189071711852
548,B,1,7.674478054046631,4.886443614959717,-2.9022406894648363,-2.720550045457817,-3.4323576603182375
549,B,1,10.172554016113281,4.921478271484375,-6.180145176921736,-1.540104669820436,-6.211047910194534
550,B,1,11.53897476196289,5.602275371551514,-6.891504199502225,-4.469114941179284,-6.924104189809991
551,B,1,12.121386528015137,3.9641025066375732,-7.9783022213127195,8.037870799980944,-7.39515569297464
552,B,1,12.347597122192383,3.7005257606506348,-5.998965788903938,15.1964109128223,-5.2921140802326585
553,B,1,8.164799690246582,4.247812271118164,-5.421382360941984,-0.8022708549575995,-5.487957993438138
554,B,1,9.99462890625,5.371883392333984,-5.22946622968949,-3.4456708712585904,-5.5073663426238575
555,B,1,8.968205451965332,5.1651763916015625,-6.225432669817676,-3.543380433411571,-6.34987041415374
556,B,1,10.82702350616455,3.9501452445983887,-5.844487088693946,2.1600040753060967,-5.765039211975113
557,B,1,11.061182975769043,4.377432823181152,-6.801723311283534,2.587179346497459,-6.588937346175706
558,B,1,10.46119213104248,6.376156806945801,-6.215609853925949,0.8524180512034999,-6.06051839161206
559,B,1,11.580659866333008,3.495396852493286,-5.850336418200348,6.382321191752998,-5.588170300203764
560,B,1,9.024956703186035,5.2642292976379395,-5.903835522507052,-3.3109144604439424,-6.097817726926491
561,B,1,10.034568786621094,4.404778480529785,-5.226072271928279,-1.5558410992198426,-5.226826179704381
562,B,1,9.011063575744629,4.189426898956299,-4.606168369801433,-3.3283371831948014,-4.857928601613618
563,B,1,11.689337730407715,3.6674387454986572,-6.747561042577412,7.427493593488491,-6.258494598186101
564,B,1,9.109407424926758,4.063409805297852,-6.315198243480473,-2.649642382530242,-6.356711367513062
565,B,1,10.212972640991211,4.308475971221924,-5.159111852442183,-1.2692458881491042,-5.266459813933532
566,B,1,9.780646324157715,5.604709148406982,-5.02119974698386,-1.4763633003523433,-5.172901890143888
567,B,1,11.972295761108398,3.6295928955078125,-6.8881271058390015,11.353644283440222,-6.177203716726959
568,B,1,12.44473648071289,3.472026824951172,-8.155971924930817,11.131889401383598,-7.420587801131592
569,B,1,9.117951393127441,5.563418388366699,-4.466484659713221,-2.5646661502019983,-4.694254756028689
570,B,1,9.521496772766113,5.71959114074707,-5.0173830989176285,-2.738049920842599,-5.169807942605853
571,B,1,12.289817810058594,3.8001465797424316,-8.09503874323508,9.563629022202079,-7.376831697291504
572,B,1,10.357443809509277,5.039928913116455,-5.643635468805721,-0.3422953717240566,-5.674981403268516
573,B,1,9.21205997467041,5.354677677154541,-5.838901780541624,-2.6684831825739934,-5.98174262637564
574,B,1,10.160305976867676,4.643811225891113,-6.873323570889918,-3.933563453108165,-6.919580637912529
575,B,1,10.533843994140625,4.74373197555542,-6.690727411536138,1.209137764099306,-6.536431441690871
576,B,1,7.799909591674805,4.878405570983887,-3.4810617697650765,-2.5880608694328706,-3.9712390937488724
577,B,1,11.662613868713379,3.4862401485443115,-5.132723583525418,8.625467489806843,-4.712849379562124
578,B,1,9.188791275024414,4.37382173538208,-6.388957017216249,-2.527596415027169,-6.473096839348291
579,B,1,8.069295883178711,4.916004180908203,-3.5293902603590483,-2.1763543383895203,-3.9399034520073286
580,B,1,10.704877853393555,4.083585739135742,-5.8021104617216315,1.848986712186011,-5.661339144176344
581,B,1,9.863818168640137,5.446544647216797,-3.5761138889975723,-2.8195004859100683,-3.9890574579663407
582,B,1,8.48861026763916,4.099242687225342,-6.954963846858754,0.9629926187936286,-6.717399776275261
583,B,1,12.770211219787598,3.3393948078155518,-7.161283769146964,18.06075842981939,-6.131933321702553
584,B,1,10.082967758178711,6.225152969360352,-4.763561563164199,-3.662859076732985,-4.99067274219324
585,B,1,10.290974617004395,5.665640354156494,-5.887336698490441,-3.410307161818579,-6.091632572850734
586,B,1,9.671528816223145,4.610881328582764,-4.157013517746557,-3.044283059363729,-4.419208889901921
587,B,1,11.795141220092773,4.485305309295654,-6.6301688324851,3.5887985157541102,-6.371450893450269
588,B,1,11.268014907836914,3.9608545303344727,-5.578750750557004,3.6266366574372206,-5.398380645621686
589,B,1,11.986556053161621,4.0779876708984375,-8.553328422639282,12.388162507778336,-7.479630124008525
590,B,1,8.869996070861816,5.271050453186035,-5.158299156564136,-3.7433063588558024,-5.4905373960410655
591,B,1,7.8391923904418945,6.334645748138428,-3.2293265319055675,-3.9938823562221386,-3.6674373489832135
592,B,1,8.324213981628418,4.12575101852417,-5.760305691901397,-2.37932815842082,-5.930287092813303
593,B,1,10.101532936096191,3.3446736335754395,-7.256756463337634,-1.6796495003768552,-7.0636942311627475
594,B,1,10.162915229797363,3.791182279586792,-4.890250038455668,-0.046091175681438376,-5.03829360238908
595,B,1,12.037069320678711,3.829918384552002,-6.754387208112949,6.467159344690463,-6.347201416634721
596,B,1,7.80870246887207,6.363493919372559,-4.031150245501407,-3.9741309532789284,-4.486564085953329
597,B,1,10.613130569458008,5.1776323318481445,-7.020532990717452,-3.7613317374891406,-6.995969011741888
598,B,1,9.836050033569336,4.114273548126221,-5.655299898595319,-3.760992926442258,-5.857837309550743
599,B,1,9.752324104309082,5.316183090209961,-5.242180331905205,-4.148536672136124,-5.517049099905813
600,B,1,11.427864074707031,5.494627475738525,-5.447422965585984,-3.7522040794060723,-5.61170244139433
601,B,1,11.278929710388184,5.566252708435059,-5.384100552297778,-3.8777324806029494,-5.538911175699864
602,B,1,8.845626831054688,4.883143424987793,-5.60891090917143,-4.232576098877516,-5.863984906843031
603,B,1,9.283171653747559,5.589598655700684,-4.606859449604661,-3.9507091962567777,-4.936189926149849
604,B,1,10.051316261291504,4.761678695678711,-5.7117951917404755,-0.673432802041312,-5.7079350953305985
605,B,1,7.782646179199219,6.387488842010498,-4.941987789214204,-1.9041380465607962,-5.196965334182622
606,B,1,9.583688735961914,5.592448711395264,-5.140144015935395,-4.175359281827382,-5.392011865540569
607,B,1,8.79572582244873,6.376918792724609,-5.052312962035023,-2.493066763606571,-5.325391274637392
608,B,1,8.613347053527832,4.833824157714844,-4.7613829702788175,-2.987596127044917,-5.02951298184208
609,B,1,11.810357093811035,3.7970917224884033,-7.2214482429821,6.246022878040902,-6.728631531616819
610,B,1,9.139750480651855,4.603347301483154,-3.651376064499878,-3.199341068863986,-4.132287977630412
611,B,1,10.20491886138916,4.3533172607421875,-4.8586394731109275,-0.5489125611383171,-4.869852896683344
612,B,1,9.839109420776367,5.98966646194458,-5.226677811144269,0.24707478199585722,-5.2776395310931825
613,B,1,10.306212425231934,4.651125907897949,-5.432192779308479,-1.5954502669009751,-5.504954346435126
614,B,1,12.30123519897461,3.567089319229126,-6.236216838025162,10.889285883721035,-5.657771860758526
615,B,1,7.723902225494385,5.063024997711182,-0.12876280412496852,-1.788716328540247,-0.6271114468229895
616,B,1,9.407220840454102,5.510159492492676,-4.8502219641980835,-0.980903237832397,-4.921808687465699
617,B,1,10.465571403503418,6.45991849899292,-6.061718132041817,0.2849825312606664,-5.962114016443166
618,B,1,9.550460815429688,6.016557693481445,-4.805986750127459,-3.4158542979485484,-5.021114362247758
619,B,1,12.139049530029297,3.884883165359497,-7.899703910898249,9.921626201285116,-7.178730973258634
620,B,1,12.436028480529785,3.500092029571533,-7.126095636078726,15.386862823382462,-6.2292416535432675
621,B,1,9.009376525878906,4.531679630279541,-5.495865880229357,0.42377674936935406,-5.591130210116335
622,B,1,9.513727188110352,5.7923197746276855,-7.088710965009098,-1.4145250158473304,-7.061762126420262
623,B,1,9.685613632202148,5.4862060546875,-5.1689300143649906,-0.11586342824658777,-5.229822277313431
624,B,1,9.16118049621582,4.312851428985596,-6.045589400330717,-3.6548100538023256,-6.239680656281137
625,B,1,12.840514183044434,3.3135268688201904,-7.263615835175087,21.502156967699584,-6.059734484800321
626,B,1,9.105571746826172,4.246152400970459,-4.598838132027846,-2.134698302415933,-4.8537130365462655
627,B,1,11.68271255493164,3.5536844730377197,-6.164341417948922,8.63933026354685,-5.6804572782527565
628,B,1,10.089984893798828,4.309374809265137,-5.365218066084986,0.13224401874337413,-5.368648905672523
629,B,1,9.76247501373291,5.810347557067871,-5.414007226432769,-3.0165470723689376,-5.546270034553664
630,B,1,11.003064155578613,4.936137676239014,-6.029042551280516,0.22722942793145479,-5.854760619919018
631,B,1,7.896941661834717,4.769353866577148,-4.143992291719761,-1.216262063813216,-4.491500729177529
632,B,1,11.524724960327148,3.5779333114624023,-7.67908857877146,3.6707734840337243,-7.298770288121174
633,B,1,9.626049041748047,5.263888359069824,-6.7077687606888645,-3.7641132638061343,-6.760211980650678
634,B,1,9.337956428527832,5.331695079803467,-4.423106588537287,-3.3103404770324953,-4.7983457738379816
635,B,1,10.44564437866211,5.430385589599609,-7.145951936957411,1.0295084650647457,-6.922882141095771
636,B,1,9.918230056762695,5.184806823730469,-4.608175418307186,-4.4181207251835115,-4.927732826570152
637,B,1,11.493885040283203,3.841874361038208,-6.714703654749634,5.623494454830063,-6.290957567547434
638,B,1,10.085226058959961,5.2947211265563965,-5.02615163583634,-2.4290673452169633,-5.2048259305113955
639,B,1,9.304929733276367,5.2955708503723145,-5.619167638672066,-3.472582350621981,-5.809178285967936
640,B,1,11.514995574951172,5.62173318862915,-5.543676989600799,-4.113015747899122,-5.575719605317843
641,B,1,10.507453918457031,3.722187042236328,-6.861717018858665,6.993859962738596,-6.463649190812931
642,B,1,10.133689880371094,6.310146808624268,-4.635765237456832,-3.2559121944793974,-4.863884317533559
643,B,1,11.397561073303223,5.561478614807129,-5.473653402513242,-3.7976729710329677,-5.570526968204856
644,B,1,11.65262508392334,3.3866612911224365,-7.2958074891736375,9.905051348688334,-6.607765506295733
645,B,1,10.298255920410156,6.514358043670654,-5.558009489429137,-3.3469789749781937,-5.618289137855495
646,B,1,11.69627571105957,4.129324436187744,-5.9744683602925575,1.1234737223484177,-5.725339607126603
647,B,1,9.474991798400879,4.068951606750488,-4.398763302574721,-3.6873318803909516,-4.710938856423865
648,B,1,11.259642601013184,3.9756510257720947,-5.086783197047612,3.69082577951379,-4.926667121928499
649,B,1,10.521883010864258,4.115312576293945,-7.001503842823912,0.8334464391623944,-6.863597149813059
650,B,1,9.345012664794922,4.849642276763916,-5.590318712364563,-3.4939682597511537,-5.688880659589037
651,B,1,11.919106483459473,4.588018417358398,-7.247108992494979,9.79616006680353,-6.571986325804735
652,B,1,10.995244979858398,3.8548667430877686,-6.8401954020321085,2.532412383158624,-6.590579446653925
653,B,1,10.143238067626953,4.255387306213379,-5.673795714582148,-1.310944290360368,-5.734464295579152
654,B,1,9.428773880004883,5.740088939666748,-4.23629044492682,-2.88079504284979,-4.470159404313936
655,B,1,8.982537269592285,4.448821067810059,-5.950022009761328,-3.895502989006789,-6.117183924178224
656,B,1,9.431492805480957,4.709027290344238,-5.229875926428024,-3.513254906405299,-5.427544425314096
657,B,1,10.175201416015625,6.04074239730835,-5.9116933354215515,-3.882832185337015,-6.082553290630376
658,B,1,11.48307991027832,3.822352170944214,-6.031438327232904,5.6589406641715945,-5.750982002320004
659,B,1,8.13001823425293,6.087222099304199,-5.126647799046445,1.1379947074916827,-5.17861773181343
660,B,1,9.038395881652832,5.085708141326904,-4.879779462083594,-3.701634403514107,-5.181583300738128
661,B,1,11.327937126159668,4.227273464202881,-6.528728892376178,4.112443430774416,-6.170758153225522
662,B,1,11.615682601928711,3.973123550415039,-7.823237916884904,4.928359854642036,-7.415630572614055
663,B,1,10.867996215820312,4.481420040130615,-5.9464857101022455,0.0811551287693964,-5.905793640800449
664,B,1,10.376570701599121,3.9793248176574707,-5.00658848005834,1.3079821853895879,-4.892323990690983
665,B,1,9.669897079467773,4.145188331604004,-5.654819023900262,-2.741029673936005,-5.750575148913841
666,B,1,10.932483673095703,3.6358752250671387,-5.726897820520337,3.2255905903081104,-5.611679507376156
667,B,1,9.868969917297363,6.251738548278809,-5.3118690221976355,-3.774939482607495,-5.489317624378934
668,B,1,8.022958755493164,4.732550144195557,-2.174916330001868,-0.8857364361164252,-2.4439700830358175
669,B,1,11.945259094238281,3.721407413482666,-7.111465237341953,8.405274825186675,-6.5629614314755305
670,B,1,8.876236915588379,4.569417953491211,-5.505032318239598,-1.5283729256713672,-5.504309750336516
671,B,1,9.250887870788574,5.030801773071289,-6.4774146890910735,-2.9048457614395957,-6.627501813447287
672,B,1,10.039374351501465,3.294163942337036,-6.740665254824297,-2.2064660296004908,-6.6844247348243915
673,B,1,7.705173969268799,4.877427577972412,-5.326458418561691,-3.5194639212088052,-5.683771160973616
674,B,1,8.78666877746582,6.451627731323242,-5.223786043743293,-3.8190766677610894,-5.466514022844382
675,B,1,10.366456985473633,6.650966167449951,-5.878912275506271,-3.5070225824557584,-5.987240915046911
676,B,1,7.847684383392334,5.027431964874268,-1.7652746937636628,-0.5326475207085702,-2.1480032611342557
677,B,1,9.65283203125,4.849900245666504,-5.257321969530447,-3.7262000743499795,-5.501448467339035
678,B,1,9.32636833190918,4.756490707397461,-5.909394379665564,-1.1556143081515076,-5.972412733805317
679,B,1,9.82995891571045,5.564174652099609,-6.082637485577779,-3.2580722334969825,-6.203584902797444
680,B,1,9.667425155639648,5.329487323760986,-4.7255056217656355,-3.671989337792553,-5.011240118920571
681,B,1,9.884228706359863,4.553523540496826,-6.122633183986854,-3.1362629978194105,-6.167978254590984
682,B,1,9.506608963012695,5.91851282119751,-5.289876827304128,-3.6819254415397453,-5.541408723808396
683,B,1,11.315274238586426,5.635157585144043,-7.799690458808779,-4.747990952303424,-7.772426064262679
684,B,1,9.930997848510742,3.774700403213501,-4.742863908054561,-2.3848277299527467,-4.877519620902884
685,B,1,9.936853408813477,5.609365463256836,-5.349274412335541,-4.136416470880367,-5.552962400678774
686,B,1,10.116086959838867,5.78438138961792,-7.161291901003185,-2.405297575734979,-7.1528704851640885
687,B,1,10.348875045776367,6.642794132232666,-6.670854121202663,-0.4802053771988929,-6.510826941738218
688,B,1,12.872577667236328,3.2809741497039795,-7.763768808959753,19.863802466923392,-6.527088459422954
689,B,1,8.171232223510742,4.716670513153076,-3.0230036887722673,-1.5751511633315094,-3.3797682158636624
690,B,1,9.070775985717773,4.356653690338135,-5.148660812213626,-1.4142284698744942,-5.2926078082311605
691,B,1,8.624099731445312,5.299067974090576,-6.098984536549752,-3.726709209738964,-6.327943831247443
692,B,1,8.730891227722168,4.508662223815918,-5.044126199656664,0.3975686443982758,-5.0668676301788365
693,B,1,10.430948257446289,4.653332233428955,-5.134125474382482,-1.289712367309659,-5.310486319113378
694,B,1,12.300529479980469,3.702956199645996,-6.11093561111528,11.72040451362595,-5.511063427510456
695,B,1,10.411806106567383,6.538503646850586,-5.424182905013511,-4.320058127456042,-5.593821327745417
696,B,1,8.325847625732422,4.069396495819092,-4.97864882903842,-3.6556654288393347,-5.360426304828261
697,B,1,11.927896499633789,3.617520809173584,-7.422474647885974,10.852765920539065,-6.693480146484607
698,B,1,9.89915657043457,5.41907262802124,-5.178586516489559,-2.0544375718890295,-5.326309745263138
699,B,1,11.469975471496582,3.5824129581451416,-6.36883830907076,4.6948414681019575,-6.1190907529614424
700,B,1,10.711652755737305,4.963305473327637,-7.102538396146353,-1.918731646581639,-6.979111723319027
701,B,1,9.404056549072266,3.969067335128784,-7.20002185253725,-2.36570379529108,-7.211833980520296
702,B,1,8.70867919921875,6.542628765106201,-5.672601205323081,-2.5078378571169018,-5.85461596883165
703,B,1,8.829351425170898,4.727164268493652,-5.777943594499261,-2.8614628021616806,-6.020451222110941
704,B,1,11.165594100952148,3.855895757675171,-6.6659475423529315,3.6499551220275523,-6.378203539158938
705,B,1,10.46597957611084,3.626833200454712,-6.489512950068253,3.1601456208723575,-6.245722472765051
706,B,1,12.054543495178223,3.665625810623169,-5.763287399538813,7.26536964937498,-5.351085752272635
707,B,1,10.547213554382324,5.268265247344971,-6.451272310660246,-2.3237140265061726,-6.469539981275074
708,B,1,8.94413948059082,5.558368682861328,-5.318836452243274,-2.5473092136163915,-5.52193223042824
709,B,1,7.872605800628662,4.900759696960449,-0.536787644143813,-1.8018203108066024,-0.8525066767833238
710,B,1,7.655533313751221,4.916136741638184,-2.034114585645127,-2.1004253505487345,-2.5847914262244513
711,B,1,11.39295768737793,3.838804006576538,-5.930167118758621,4.840498782040499,-5.544978761216669
712,B,1,10.18006420135498,6.305719375610352,-5.327669996967964,-3.497586314634433,-5.448673639858894
713,B,1,11.132079124450684,4.073748588562012,-5.396880387376789,3.212502821427392,-5.163137149572565
714,B,1,9.944664001464844,4.6715240478515625,-5.011230924995278,-3.534743878336957,-5.176792351984615
715,B,1,9.546110153198242,4.504091739654541,-5.107261792044861,-2.754426283060065,-5.331369616053725
716,B,1,7.780355930328369,5.1494011878967285,-0.1352639603325936,-1.685776960759559,-0.428703504917321
717,B,1,8.482136726379395,4.936653137207031,-5.631832902309148,-3.123639168733253,-5.651861412684095
718,B,1,8.149190902709961,5.120792865753174,-1.7981807373188015,-2.284260991530921,-2.230840010840799
719,B,1,11.367446899414062,5.203789710998535,-6.025535119323223,-0.7642642051854175,-6.072332956506097
720,B,1,9.46939468383789,5.0939860343933105,-4.872885102510415,-3.6207734910690768,-5.166301468716114
721,B,1,10.29238510131836,5.218158721923828,-6.742172119775867,-3.666899562895283,-6.780389306077819
722,B,1,11.38464641571045,3.6668190956115723,-5.7793646123552005,4.742027033122215,-5.466871719148067
723,B,1,10.294931411743164,6.105283260345459,-5.137216349098205,-3.755905296607938,-5.413386020675706
724,B,1,6.725996017456055,5.460927486419678,0.41261144340721984,-1.4914454590995672,0.3218972145935937
725,B,1,8.17519760131836,5.164170742034912,-3.624585577125549,-1.9964303070070804,-3.9362466376396577
726,B,1,9.585478782653809,4.6776018142700195,-5.154754031017177,-3.4020279310822823,-5.484859946295384
727,B,1,9.96612548828125,5.276772975921631,-5.971586072916275,-3.644486555725371,-6.175943236010505
728,B,1,9.979223251342773,3.997295618057251,-7.567853497380842,2.1678966317288495,-7.198584154307396
729,B,1,10.553234100341797,5.173639297485352,-4.935505545194969,-2.832950276752404,-5.114543580696564
730,B,1,11.639008522033691,3.689868211746216,-6.898503352032247,5.041190114563146,-6.488869406932464
731,B,1,12.272125244140625,3.7308578491210938,-7.468026316150812,12.792378579813828,-6.648588583649712
732,B,1,9.093442916870117,5.16204833984375,-5.269907654348988,-2.451164405818526,-5.461646474774531
733,B,1,9.192834854125977,4.448484420776367,-4.388986629548599,-1.732306184057529,-4.620589499693226
734,B,1,10.454451560974121,4.536430358886719,-6.642354271271827,-1.2037426539705773,-6.479534755022813
735,B,1,10.776745796203613,4.025646686553955,-5.943450827515483,1.7350197053600578,-5.805057228268115
736,B,1,9.774635314941406,5.626112461090088,-4.692984215736628,-0.7822530378613838,-4.855235589519396
737,B,1,8.811763763427734,6.400172710418701,-4.0785870980165075,-3.370258504390617,-4.46924572515528
738,B,1,10.388614654541016,4.1455278396606445,-5.646804842357404,0.15789296057453203,-5.665569681630115
739,B,1,9.321946144104004,5.087841510772705,-4.379686170539007,-3.4456478617181197,-4.715192384716035
740,B,1,9.782647132873535,5.044003486633301,-6.532969392474528,-3.272940787742107,-6.64730363215037
741,B,1,11.301548957824707,3.6489694118499756,-6.435352611978343,2.854059588512683,-6.175988605350462
742,B,1,9.384324073791504,4.105764865875244,-5.55939624623578,-3.798719213497513,-5.760346388831264
743,B,1,9.310148239135742,4.6383233070373535,-6.341368320530842,-1.5707995463081652,-6.395872690033641
744,B,1,11.433120727539062,5.564411640167236,-5.938904791055883,-4.126005978746715,-6.086997193778346
745,B,1,9.345159530639648,4.252892017364502,-5.787275033667633,-3.425281695008811,-5.943605288880152
746,B,1,10.931316375732422,3.9430692195892334,-6.396965451531438,3.5443171726905356,-6.177360348806468
747,B,1,10.608942985534668,4.595047473907471,-6.892785261962885,1.2804283223019781,-6.727266609035709
748,B,1,12.73922348022461,3.369741916656494,-7.331419136428252,18.060631595914774,-6.257601840438363
749,B,1,10.976593017578125,3.999643087387085,-6.132494656139924,3.1036608917755117,-5.882175157778834
750,B,1,11.4876070022583,5.504740238189697,-6.411326070695459,-4.128660391008664,-6.378520937525585
751,B,1,12.19899845123291,3.60737681388855,-6.912529558934963,8.361473183766732,-6.413072884870305
752,B,1,8.37363052368164,4.330539703369141,-4.800607408040362,-2.4236390908887593,-5.075027970085516
753,B,1,10.91010856628418,4.516265869140625,-6.285449484079634,1.2347844755115487,-6.226953776797365
754,B,1,10.151966094970703,5.043801307678223,-3.6755596932297356,-2.1033433325265762,-3.898021008049164
755,B,1,9.423751831054688,3.972844123840332,-5.3264425832194675,-2.4323092259333685,-5.472388741098026
756,B,1,9.302288055419922,5.498830318450928,-5.028990090728401,-3.206853860424107,-5.307497914417158
757,B,1,11.525813102722168,4.054131507873535,-5.500622919685973,6.086209435611093,-5.155812404038713
758,B,1,8.076621055603027,6.106425762176514,-4.978419618725231,-4.104860215274037,-5.386971082242226
759,B,1,10.193158149719238,4.379133701324463,-5.171855604013763,-2.0733672379288324,-5.337035197710211
760,B,1,8.957667350769043,4.415468215942383,-4.3343181768061445,-4.100200936175775,-4.564889962500576
761,B,1,12.898245811462402,3.2624688148498535,-9.139041513622589,25.827022635794727,-7.503778307938563
762,B,1,12.067010879516602,3.725865125656128,-6.516145346376844,11.640810293953628,-5.837882575704597
763,B,1,9.689977645874023,3.9851202964782715,-5.4941955808151794,-3.8280631749685807,-5.653574445336533
764,B,1,8.076545715332031,4.473852157592773,-3.7996891748921877,-2.71839121420876,-4.24939779575336
765,B,1,8.33992862701416,5.257411479949951,-3.763203647630068,-2.63352708847955,-4.308377330028473
766,B,1,9.388901710510254,4.181207180023193,-4.764026163857321,-3.539671377363617,-5.078690073276529
767,B,1,9.401009559631348,5.844418525695801,-4.7606928018683385,-3.8923749696156715,-5.112150734779199
768,B,1,10.272162437438965,6.600780963897705,-5.717769037207617,-4.096873706192672,-5.823612095141792
769,B,1,10.187346458435059,6.332584857940674,-5.313600855134862,-3.0706726396782673,-5.418694819016569
770,B,1,10.1423978805542,4.020754814147949,-4.720410853655346,-2.5553951283019822,-4.9838999643049515
771,B,1,9.02415943145752,5.7692975997924805,-4.53311578231576,-3.175836085854955,-4.84108402093248
772,B,1,10.560995101928711,5.08612585067749,-7.4398087849801575,-3.996127913043965,-7.436098444878948
773,B,1,11.046639442443848,3.795788526535034,-6.605473968604565,4.349245327271872,-6.209929912470648
774,B,1,7.713723182678223,4.8838791847229,-2.227094386094917,-2.3966416445409435,-2.947762585941493
775,B,1,7.623369216918945,5.082726955413818,-0.05356164594386367,-1.6432325333058893,-0.38138946827152204
776,B,1,8.330218315124512,5.960518836975098,-6.034346039286517,-3.0627620617267626,-6.280515746108136
777,B,1,10.151493072509766,4.578320026397705,-5.634078456894474,1.016852353950321,-5.633017333307382
778,B,1,11.775546073913574,3.7943782806396484,-6.398848446848259,7.5258521850985085,-5.8737056417105595
779,B,1,9.252321243286133,5.074159622192383,-5.092975951224274,-3.5692306186204164,-5.308013764793602
780,B,1,9.068219184875488,4.113457679748535,-5.325995926602004,-0.9961229333768531,-5.403398463895311
781,B,1,10.625370025634766,5.034805774688721,-5.610350160698473,-4.223912078220432,-5.791992133338549
782,B,1,8.766868591308594,4.5742692947387695,-5.99133750730496,-3.7148116163935723,-6.15072232831331
783,B,1,9.378495216369629,3.952641248703003,-6.303938068895788,-4.118897488659221,-6.526488931650851
784,B,1,8.933164596557617,4.766236305236816,-7.424860647017394,-0.6210218636006903,-7.228002129984146
785,B,1,9.61014175415039,4.313814640045166,-5.218340192848029,-3.801391678736749,-5.4827293643796065
786,B,1,10.088830947875977,6.27134370803833,-6.4536058757530865,-3.1511151199276384,-6.458424969535406
787,B,1,9.202930450439453,4.344311714172363,-4.2990746382082765,-1.6639388995310296,-4.482265568999235
788,B,1,12.082350730895996,3.5778589248657227,-6.83174050795123,9.702280786448485,-6.210748336439515
789,B,1,9.35181713104248,4.981143474578857,-5.866731019194722,-3.2817520910219633,-5.946103390546983
790,B,1,9.682068824768066,4.94331169128418,-4.515173121542423,-1.6006728810105024,-4.706861254854246
791,B,1,8.728097915649414,5.233952045440674,-4.946274458803903,-3.3182624904891416,-5.254683196703674
792,B,1,8.036405563354492,5.214035511016846,-1.3120442607733775,-2.2507561636785214,-1.8173430346010695
793,B,1,10.62254810333252,4.98469352722168,-6.1871561409035545,-1.0792438317052724,-6.0902672130659665
794,B,1,10.48253345489502,5.025435924530029,-7.078707590383777,-4.2631752491699855,-7.152444136595147
795,B,1,9.861933708190918,4.508838653564453,-5.02931829900192,-4.027259092301738,-5.265249367081569
796,B,1,9.931117057800293,5.248291492462158,-4.888305676415405,-3.847028040838622,-5.197074562159501
797,B,1,11.009684562683105,4.094785690307617,-5.836420945831238,0.6352074026838957,-5.822191860013305
798,B,1,8.74071979522705,5.242032051086426,-4.705460299630625,-2.6414351594001397,-4.956408132834941
799,B,1,11.125181198120117,3.928872585296631,-6.233833318628853,2.4668648071400607,-6.0926763957721395
800,B,1,9.331741333007812,3.943943500518799,-6.0282822478634115,-3.5956497950482573,-6.18324313501404
801,B,1,9.457610130310059,5.842623710632324,-5.742638079599039,-3.8115318860573084,-5.923342814931147
802,B,1,9.547839164733887,4.496582984924316,-5.90436821947248,-3.727519433640404,-6.072568832801926
803,B,1,11.57662582397461,3.9253997802734375,-6.073145336137498,3.662775906442112,-5.814099188674313
804,B,1,7.9619317054748535,5.130747318267822,-1.745086112656622,-2.3588566745130923,-2.262349787746399
805,B,1,12.712648391723633,3.377349615097046,-7.923346998683951,14.741487516822529,-6.942153508620206
806,B,1,9.880284309387207,5.491264820098877,-4.9742052393345,-1.9742511956790034,-5.2664465965015355
807,B,1,8.548994064331055,4.154200553894043,-5.15389206300589,-3.4863139880024625,-5.34192041335355
808,B,1,9.742239952087402,4.8771162033081055,-5.753368047123945,-3.440676884066944,-5.919340007376954
809,B,1,10.011087417602539,3.3278491497039795,-5.94924966642488,-2.475359360643013,-6.038795073594027
810,B,1,10.94313907623291,3.3609933853149414,-6.573716602119664,5.5365193343762344,-6.188530229700517
811,B,1,10.75841236114502,4.309205055236816,-5.860328430480505,0.4489708866318207,-5.752766965588409
812,B,1,8.886642456054688,4.721225261688232,-4.107910155127501,-3.0049606845920334,-4.354745808956007
813,B,1,11.469161987304688,5.499289512634277,-6.51386394923318,-3.906793106905392,-6.526620476757895
814,B,1,9.815475463867188,5.485322952270508,-6.672081366212419,-0.7345651111833469,-6.590359689051851
815,B,1,8.37435531616211,4.807618141174316,-5.60950704521176,0.13590516637613287,-5.619242375120286
816,B,1,11.6579008102417,4.336094856262207,-6.087135802461584,2.13461251086372,-5.809785972872222
817,B,1,9.982736587524414,5.463187217712402,-5.219037491861018,-2.3157220097953624,-5.408043277106874
818,B,1,8.011578559875488,4.682052135467529,-2.550277992791968,-2.759936298370114,-3.0678578835979344
819,B,1,9.391301155090332,3.943514585494995,-5.5247894990897475,-2.213667839078399,-5.6602232223470255
820,B,1,10.075224876403809,6.2798542976379395,-5.384092685513307,-3.4823326582460696,-5.57135607991964
821,B,1,7.923896312713623,4.859598636627197,-3.962868589831007,-2.3762880973507334,-4.299961479863939
822,B,1,10.044968605041504,5.442038536071777,-6.2347662428044,-2.463287911233254,-6.266184568431317
823,B,1,11.137232780456543,3.871138095855713,-5.498260100152487,3.40407578349286,-5.327978637881394
824,B,1,8.193070411682129,5.900291442871094,-4.4699324178685345,-3.155819184125381,-4.833329875324183
825,B,1,11.436498641967773,5.473738193511963,-6.147774056760405,-2.7341005344888036,-6.120757536762987
826,B,1,10.2385892868042,5.250323295593262,-5.803223674466343,-3.962205210486671,-5.937213474715606
827,B,1,9.823274612426758,4.606055736541748,-5.099992782766381,-0.8814586534295674,-5.234285185343539
828,B,1,9.184418678283691,4.756453514099121,-4.584533930811714,-3.765140322294949,-4.896598610410561
829,B,1,9.850398063659668,4.520757675170898,-3.979263260061703,-1.8255811126008776,-4.251348426515065
830,B,1,10.741929054260254,4.1976237297058105,-5.958202940159091,1.7810017241052607,-5.773286956775489
831,B,1,9.316678047180176,4.943900108337402,-4.51844888495056,-3.506262680292763,-4.749175302345705
832,B,1,8.779329299926758,3.9303526878356934,-5.8769271543697705,-0.2784450430909856,-5.892286625429576
833,B,1,11.152551651000977,4.054067611694336,-7.022685156483009,2.5991583731053343,-6.775850193026843
834,B,1,10.009428977966309,5.969788074493408,-4.880267685571228,-3.3154585765864613,-5.0853778881935945
835,B,1,9.310880661010742,5.988550186157227,-4.680763888256464,-4.230733334689961,-4.918367470184926
836,B,1,11.586844444274902,3.856559991836548,-5.580159001929257,6.326996891321039,-5.256772556774332
837,B,1,10.4524507522583,5.055508136749268,-6.756239840053769,-3.9520387064910163,-6.8163765989892156
838,B,1,9.207839012145996,4.098068714141846,-5.99806204919927,-4.1056092165231055,-6.21369603461191
839,B,1,11.818662643432617,3.6142466068267822,-7.1795287666577545,9.955459674387992,-6.544573072224102
840,B,1,12.078630447387695,3.6885147094726562,-7.6725060645099195,8.565529335136313,-6.9582847086735296
841,B,1,10.3447904586792,5.94945764541626,-5.376996942146959,-2.7718984980176002,-5.520155714311187
842,B,1,7.725918292999268,4.921860218048096,-1.964099806992999,-2.4272197790834706,-2.620663117057757
843,B,1,9.599896430969238,4.750725269317627,-5.810079848807451,-4.253547133372404,-5.9518476557655875
844,B,1,10.647658348083496,4.48241662979126,-6.97003222974069,2.8113243085436843,-6.643147623423697
845,B,1,10.076273918151855,4.983851909637451,-5.246078229075456,-2.6313662902386543,-5.428520048969561
846,B,1,8.106916427612305,4.4676594734191895,-4.0135378915700155,-3.0086289918131413,-4.5035605816228115
847,B,1,9.19145679473877,5.754922866821289,-5.102975522443102,-3.4268838585877757,-5.319389999682591
848,B,1,11.59604263305664,3.907866954803467,-6.875010365249487,12.226325103764575,-6.201080289163986
849,B,1,9.111148834228516,4.873303413391113,-4.481857444883431,-3.1825580376408666,-4.795495207425883
850,B,1,8.986201286315918,5.403942108154297,-4.59224715723871,-3.324229035252288,-4.908445450270477
851,B,1,8.991582870483398,4.329481601715088,-3.522350328280799,-1.4547815307813192,-3.8430336876874773
852,B,1,9.305644035339355,4.505939960479736,-6.276991057607338,-3.276005666617105,-6.402822520593871
853,B,1,10.77062702178955,4.175197601318359,-6.511315906862083,0.1800737960633949,-6.347511305051506
854,B,1,11.519062995910645,4.595723628997803,-6.383003866479987,2.445596539738607,-6.191516894912156
855,B,1,7.8913798332214355,6.317200183868408,-4.759446417448497,-3.3725256462990707,-5.109004136551349
856,B,1,8.239333152770996,5.897792816162109,-6.520832473160206,-4.261317863963091,-6.754109247301605
857,B,1,9.919135093688965,4.215155601501465,-4.756463418892006,-3.5578359692163395,-5.033637404574108
858,B,1,8.105574607849121,4.863434791564941,-2.6091007975622067,-2.7316883483538725,-3.0752158262813074
859,B,1,9.901119232177734,5.019113063812256,-5.245320566008341,-2.5687669822553003,-5.405982908894585
860,B,1,8.215315818786621,4.819106578826904,-4.153238231724601,-3.608808112340328,-4.678341368788354
861,B,1,11.169997215270996,5.944787979125977,-4.947099681269539,-3.963705702284355,-5.039165597200636
862,B,1,9.492121696472168,4.9474029541015625,-5.24325238243116,-3.9646579920425116,-5.500084502851574
863,B,1,10.786508560180664,3.7701077461242676,-7.255708089004942,3.6957373411275993,-6.798559821712801
864,B,1,8.386564254760742,5.321883201599121,-2.8727566047582727,-2.284539733169207,-3.311788788594445
865,B,1,9.413629531860352,4.070590496063232,-5.9372936477333855,-2.227807402241446,-6.093780950236639
866,B,1,11.533421516418457,4.160850524902344,-6.544648913625602,5.809240305825345,-6.191326196094574
867,B,1,9.911208152770996,5.841004848480225,-6.301624984979931,-5.104626286048222,-6.428000362480879
868,B,1,9.760380744934082,4.030263900756836,-5.245433805865783,-2.9801363062346558,-5.4921318875854555
869,B,1,9.898104667663574,3.604949474334717,-5.820849597356163,-0.4483453249008658,-5.764551016781972
870,B,1,9.089510917663574,4.784965515136719,-5.118241710932787,-3.2981660608397294,-5.393083798617225
871,B,1,10.69949722290039,5.032023906707764,-7.273624039317938,-2.466368031176508,-7.262396433201143
872,B,1,8.043322563171387,6.167344093322754,-6.368177674644002,-4.20046424681784,-6.60544339954318
873,B,1,9.420153617858887,5.209918975830078,-5.905012398911428,-2.5454750994035114,-6.118802302733281
874,B,1,8.123497009277344,4.810544013977051,-3.600416482609745,-2.5198606842100686,-3.959982601489844
875,B,1,11.2911376953125,5.634161472320557,-6.493227783955006,-1.4740369450423214,-6.396318495250979
876,B,1,10.13097858428955,4.276097774505615,-5.611291815622902,-1.564422074441641,-5.689200469375638
877,B,1,9.911961555480957,3.750178098678589,-5.057260479932535,-2.550806757822696,-5.243228955557867
878,B,1,8.768930435180664,6.478475570678711,-5.7505786341787415,-4.0298955964190535,-5.984163421828914
879,B,1,12.928707122802734,3.234879493713379,-6.908425008577263,24.87452131821685,-5.573920665050634
880,B,1,10.885518074035645,3.919610023498535,-7.659959346562442,1.7435373727045873,-7.311635235662051
881,B,1,9.588247299194336,4.230384349822998,-5.8807659049716525,-3.1555121306479177,-6.04260934161085
882,B,1,10.2860689163208,6.60943603515625,-5.71268438657084,-3.5402488095368074,-5.863255023128167
883,B,1,12.03532886505127,3.688793182373047,-7.177805445447644,10.507226121747243,-6.512017635103038
884,B,1,11.324414253234863,3.919053554534912,-7.439799812032388,4.168916508814726,-6.977861997406896
885,B,1,9.372803688049316,5.6078362464904785,-6.3002659046505345,-3.1631195150735913,-6.418575229060165
886,B,1,10.143075942993164,6.019050121307373,-6.273434760574028,-4.490673145098465,-6.349927450909756
887,B,1,9.454078674316406,4.41749382019043,-4.021867276639773,-2.7546414081307073,-4.336236053063416
888,B,1,9.02907657623291,6.262932300567627,-3.958462046080887,-3.3507475005430227,-4.289997732702398
889,B,1,12.177454948425293,3.777287721633911,-7.272890384069888,6.246335401300886,-6.763353136942848
890,B,1,8.303169250488281,5.929196357727051,-5.977408303889609,-4.322749320871124,-6.1395626007451884
891,B,1,9.79431438446045,4.805298328399658,-7.175827949706989,-3.2035318806153015,-7.223180451561225
892,B,1,9.161539077758789,4.899179458618164,-5.883072642732558,-1.8145834039688058,-5.923543783550776
893,B,1,11.3627290725708,5.601164817810059,-5.164023636021356,-1.2352563965701508,-5.140788228346823
894,B,1,11.144381523132324,5.72672700881958,-5.374854377871937,-3.8967817953558868,-5.70992281229344
895,B,1,9.644296646118164,4.891632080078125,-5.80119872434318,-3.723264747561786,-5.898932225840124
896,B,1,10.208006858825684,4.671738624572754,-6.892767043015105,-0.45204190627403384,-6.7253051302494935
897,B,1,9.404688835144043,4.046352386474609,-5.690299666709852,-3.4648462568854472,-5.863516444296742
898,B,1,11.183148384094238,4.544957160949707,-5.733019677092262,1.8463129936700182,-5.5693666935575585
899,B,1,8.548135757446289,5.214799404144287,-3.671952516618277,-3.4611613639734413,-4.071671582436872
900,B,1,10.306591987609863,4.733832836151123,-8.53346876161887,1.2972613073982036,-7.93958053396091
901,B,1,10.051011085510254,4.5302734375,-5.883890075825841,0.5333332089057577,-5.851649834549414
902,B,1,8.407096862792969,4.654338359832764,-3.9331653372701356,-1.2316403127574027,-4.119798886116547
903,B,1,9.68498706817627,4.649394989013672,-5.186589793615933,-1.6049474223245128,-5.334624553326711
904,B,1,10.53342342376709,5.776515960693359,-6.461629484135042,0.14950026328029237,-6.411026142138616
905,B,1,10.02180004119873,5.8892903327941895,-5.40676560080151,-2.189924902719061,-5.474726074654699
906,B,1,11.523384094238281,5.427145957946777,-4.820910880313111,0.3681340882184521,-4.834250674411392
907,B,1,9.748787879943848,4.4913153648376465,-4.918911253899747,-4.267770338237803,-5.269654188296607
908,B,1,10.508515357971191,3.3134031295776367,-6.643665773069967,3.7996060612950737,-6.3195786196115105
909,B,1,10.2744779586792,5.236296653747559,-4.899106376081059,-3.573755962153697,-5.069183087055656
910,B,1,9.350541114807129,5.57086181640625,-6.919932903523411,-2.5376522564944466,-6.901894235756588
911,B,1,11.38406753540039,5.472815036773682,-6.429333135501176,-4.045921423142379,-6.541210230843065
912,B,1,9.317533493041992,5.531508922576904,-4.906374288364921,-3.298036119321687,-5.221069690535731
913,B,1,11.440887451171875,3.723170518875122,-7.110050128897,4.0582893599224885,-6.738489580088565
914,B,1,9.56541919708252,4.677170276641846,-5.382067705986788,-2.9850662327935162,-5.508937658615871
915,B,1,12.90231704711914,3.2635226249694824,-8.874455981803688,23.578369926935284,-7.394344789725682
916,B,1,8.820998191833496,5.245617389678955,-5.476521698942918,-3.1943192065392325,-5.713152433996925
917,B,1,12.061808586120605,3.6795814037323,-5.850760701824014,9.936253874954618,-5.367557846750416
918,B,1,11.605677604675293,3.894670009613037,-6.203022411655509,4.245759359201717,-5.935736016002125
919,B,1,9.216527938842773,4.7784953117370605,-6.670691388831317,-3.1029052309473797,-6.762109821523916
920,B,1,11.171205520629883,4.293513298034668,-6.707305544845218,0.39418481622633766,-6.549390514287396
921,B,1,9.43099594116211,5.54636812210083,-6.521829367270053,-1.2510386096419686,-6.504223198073401
922,B,1,11.989043235778809,4.435653209686279,-8.026388929475793,7.604829857162996,-7.355737975300597
923,B,1,9.05400562286377,5.28627872467041,-4.51706562460538,-3.3515436634449656,-4.859978934934807
924,B,1,9.981607437133789,4.866152286529541,-5.358158338384018,-3.0469992396426337,-5.528492279849166
925,B,1,9.596529006958008,4.144711971282959,-5.367158290984826,-3.7674727306258515,-5.561411939791579
926,B,1,9.628323554992676,5.051962852478027,-4.836300692230331,-1.0900341967555418,-4.998497130703512
927,B,1,10.292102813720703,6.689530849456787,-4.52003437339063,-2.1773815895137254,-4.589086171195154
928,B,1,11.824507713317871,3.589895009994507,-7.535696243622836,8.826938067241809,-6.8826734402259815
929,B,1,10.856683731079102,3.38197660446167,-6.403416985183787,5.132869362625158,-6.052574177691493
930,B,1,8.060617446899414,5.1492719650268555,-6.0096251418953255,-3.6981412066790784,-6.350899610126274
931,B,1,8.807201385498047,6.0094170570373535,-3.918860060656613,-3.255201867131319,-4.318674134327173
932,B,1,8.470209121704102,5.543855667114258,-5.073867448287869,-3.817314459253498,-5.327718032498058
933,B,1,10.664851188659668,5.5978193283081055,-4.339774328137704,-0.6065141865021741,-4.450940430325112
934,B,1,8.599732398986816,4.2015299797058105,-6.179440701821292,-1.9298953862804944,-6.260846351637752
935,B,1,9.697166442871094,4.463557243347168,-4.640998192614413,-3.3346644369318894,-4.9015911972637145
936,B,1,8.734448432922363,6.546106815338135,-6.114156035003103,-2.6512756064452376,-6.15437315331684
937,B,1,9.326480865478516,3.999206781387329,-6.333784421048949,-2.7259639648008585,-6.468523045725325
938,B,1,10.36390495300293,5.2492523193359375,-5.346601365069035,2.2045287805191585,-5.1903537535445725
939,B,1,7.885725498199463,5.054655075073242,-3.2424515895212758,-2.6144792255728957,-3.717741791595543
940,B,1,10.21290111541748,6.433996677398682,-5.11147263170661,-3.6006819203803317,-5.302596324594522
941,B,1,7.822988033294678,4.919112205505371,-0.5021681123209641,-1.9286722619479568,-1.092311040761806
942,B,1,11.41310977935791,5.543454647064209,-6.444022467884883,-3.50750145302999,-6.481926868668137
943,B,1,8.544689178466797,4.262825965881348,-5.8253570511456125,-0.48854815178809535,-5.857831223645502
944,B,1,8.740035057067871,4.862595558166504,-6.009738219187859,-3.4511689774415233,-6.269587584956984
945,B,1,7.953632831573486,4.81851863861084,-2.3773337976107447,-2.566666729968832,-2.9547620459807815
946,B,1,9.361801147460938,5.3856282234191895,-6.07307223312311,-1.4746151857940608,-6.166184894062025
947,B,1,11.537100791931152,5.476696491241455,-6.6829172064711875,-1.6618560493307115,-6.422911038491341
948,B,1,11.660432815551758,4.02351713180542,-6.586275873672637,2.687728350685939,-6.293555040042236
949,B,1,11.513470649719238,5.382253646850586,-6.7851210359377765,3.630158910246999,-6.452160184602139
950,B,1,9.466972351074219,5.9643330574035645,-4.496705099148567,-3.356366144873045,-4.795949333856646
951,B,1,7.817881107330322,4.682931900024414,-1.5570861706422174,-2.11470413172347,-2.1416020685798296
952,B,1,11.773397445678711,3.7616400718688965,-6.221809055593362,5.558006555243122,-5.812755363360869
953,B,1,9.801250457763672,5.421773910522461,-5.4868245998023015,-1.7338377766485429,-5.628725665401103
954,B,1,11.335248947143555,4.210013389587402,-6.779171450611235,2.4856231451647255,-6.4288765471401765
955,B,1,12.380494117736816,3.579861640930176,-5.532766682803731,12.631905264337282,-4.873458377663384
956,B,1,11.322517395019531,5.8074774742126465,-5.559872406061634,-4.052796939355616,-5.640293093300631
957,B,1,8.097630500793457,5.238932132720947,-4.436834200458489,-2.9578020549245148,-4.799585728334779
958,B,1,10.414468765258789,4.148901462554932,-5.634482075156704,2.4351816645323514,-5.5383887504750104
959,B,1,10.512861251831055,3.7640559673309326,-7.194627855323182,2.856573574211517,-6.79619274412047
960,B,1,11.817805290222168,3.917834997177124,-6.367563270484822,7.355552190899477,-5.9081320987587675
961,B,1,11.667551040649414,5.034374237060547,-6.379103642725799,2.465286356300449,-6.206731448374037
962,B,1,7.977219104766846,5.023492813110352,-1.1431131956626945,-1.957459827322225,-1.598893033446886
963,B,1,11.013587951660156,3.901357412338257,-5.8435371880261116,2.739997995323253,-5.626357877801821
964,B,1,9.745272636413574,5.746394157409668,-6.2441316478331,-1.5222213518278347,-6.266772929750363
965,B,1,8.57390308380127,5.231873035430908,-6.28266142942832,-2.279918206947786,-6.265563168805126
966,B,1,9.948694229125977,5.873687744140625,-6.712745859554464,-1.217765061058804,-6.604048689828023
967,B,1,8.22955322265625,5.085857391357422,-2.147000137965938,-2.3578178642306384,-2.61258895776802
968,B,1,9.49643325805664,5.67710018157959,-4.8046509548184835,-3.233163409619822,-5.069801218866494
969,B,1,8.703330993652344,6.566110134124756,-4.477770469102697,-3.758505529684271,-4.781031965152738
970,B,1,9.202473640441895,5.147545337677002,-5.238985175235716,-3.855560031159571,-5.386576473606326
971,B,1,10.456995010375977,5.246174335479736,-4.312592463741207,-2.976616092873866,-4.522398340671266
972,B,1,7.911214351654053,5.142299652099609,-0.8218957537388447,-1.921235739680704,-1.3414251604157148
973,B,1,8.71645450592041,4.540160655975342,-4.467755113571347,-2.8907496236539063,-4.7647887821649455
974,B,1,10.055864334106445,4.551128387451172,-6.0502146335867355,-3.6309748633380523,-6.15502173189102
975,B,1,9.76284408569336,5.204482555389404,-4.69739196937729,-3.686929246177502,-4.958730998886029
976,B,1,9.976573944091797,3.274383783340454,-4.9628069698130215,-4.3496707306139255,-5.184106687384368
977,B,1,11.98340892791748,3.589700222015381,-7.689673020017998,10.512740042246257,-6.8995115169999695
978,B,1,9.179088592529297,5.487350940704346,-5.898988874748122,-4.140311337146572,-6.160657710888854
979,B,1,8.407854080200195,4.225411891937256,-4.55090651192458,-3.5493544067844454,-4.9477335305590255
980,B,1,9.637460708618164,4.835577011108398,-3.607712498354539,-2.901366994696995,-3.950462763955154
981,B,1,10.382055282592773,6.4760003089904785,-7.156491428076726,0.5851304364760959,-6.981344662625551
982,B,1,12.810749053955078,3.329674243927002,-7.231195254726485,19.802811897994914,-6.148687037690049
983,B,1,10.108436584472656,4.71304178237915,-5.004254372071221,-1.6774366903574833,-5.109566069986702
984,B,1,11.310981750488281,3.8797171115875244,-7.3753908313357845,4.804310497004356,-6.9438221074232445
985,B,1,11.55005931854248,5.117367267608643,-4.633865622572361,-3.2746622983832716,-4.887769915544388
986,B,1,11.250518798828125,5.4612860679626465,-6.032210133366614,-2.795331228713855,-6.105943280365514
987,B,1,9.468183517456055,4.8668365478515625,-5.435456939140054,-2.3377217861617905,-5.638484036297777
988,B,1,9.706010818481445,5.339982032775879,-5.948189388058331,-3.92839535840744,-6.098725467949173
989,B,1,11.124460220336914,5.771581649780273,-5.263664828847033,-4.340659872737715,-5.5580089810467666
990,B,1,9.581949234008789,4.677012920379639,-5.3780435691577795,-3.934023463419539,-5.57854077423654
991,B,1,8.764331817626953,5.504345893859863,-3.6869631019654876,-2.4697027411368544,-4.009197463553388
992,B,1,9.994407653808594,5.080118179321289,-5.441112343803691,-2.9864562963536265,-5.62399432770445
993,B,1,9.53756332397461,4.053163051605225,-6.811778850487798,-3.2498536252070225,-6.886971066332906
994,B,1,10.337759971618652,6.511862754821777,-4.1354697383972105,-4.14160462587897,-4.4675019226579575
995,B,1,8.752751350402832,5.4341139793396,-5.666957240869284,-3.777597010885299,-5.973072361098966
996,B,1,9.550529479980469,4.610612392425537,-4.571283474217308,-4.24884527621818,-4.880427985241141
997,B,1,10.98672866821289,5.348343849182129,-4.817164886004051,-3.0522945976143347,-4.921699224049275
998,B,1,9.758310317993164,6.01263952255249,-4.871597259815351,-2.0789388108793188,-5.012963595268798
999,B,1,10.930645942687988,4.2389092445373535,-5.996600599201648,3.227752836506271,-5.7397489823580266
