position,condition,cell_id,area_px,length_px,width_px,feret_max_px,arc_length_px,width_pa_px,straightness,perimeter_px,solidity,eccentricity,orientation_deg,mcherry_mean,mcherry_median,mcherry_bgsub_median,above_bg,kept,reason,bg_median,bg_std,bg_tilt_x_per1kpx,bg_tilt_y_per1kpx,bg_tilt_range
Pos0,Reg-Arrest,1,139,14.528877435544327,12.403969620649544,15.297058540778355,15.37432039137408,10.613386407494055,0.994974616852718,42.86480473525314,0.9586206896551724,0.5206898587578863,-87.03993398268204,453.93524169921875,466.0,224.337158203125,True,True,ok,248.7162322998047,20.040437698364258,0.35454532504081726,6.667322635650635,14.373764038085938
Pos0,Reg-Arrest,2,203,17.310779977556102,15.484612791129242,18.867962264113206,19.16033073243956,12.285238273001971,0.9847409487649731,52.34539922493833,0.9666666666666667,0.44705406604993797,-55.32071469684393,330.35467529296875,328.0,86.24220275878906,True,True,ok,248.7162322998047,20.040437698364258,0.35454532504081726,6.667322635650635,14.373764038085938
Pos0,Reg-Arrest,3,558,44.82640884207647,16.00376973607333,42.80186911806539,40.92075816624427,14.7820424785225,1.0459696016427393,98.71658743102208,0.9637305699481865,0.9340980594032839,41.66864676562301,380.1361999511719,378.0,136.392822265625,True,True,ok,248.7162322998047,20.040437698364258,0.35454532504081726,6.667322635650635,14.373764038085938
Pos0,Reg-Arrest,4,471,45.281595415015126,13.523595708063532,42.720018726587654,42.43895087524889,11.802716863072117,1.0066228746362031,98.35179661378127,0.9289940828402367,0.9543609988961502,67.01921704368692,424.7091369628906,421.0,179.12026977539062,True,True,ok,248.7162322998047,20.040437698364258,0.35454532504081726,6.667322635650635,14.373764038085938
Pos0,Reg-Arrest,5,295,25.832447583140468,14.65711982239251,25.96150997149434,25.25551868629885,13.149970189173645,1.0279539412341783,65.52294673548312,0.9455128205128205,0.8234479377626561,-79.44339273918021,333.5728759765625,327.0,84.85739135742188,True,True,ok,248.7162322998047,20.040437698364258,0.35454532504081726,6.667322635650635,14.373764038085938
Pos0,Reg-Arrest,6,324,27.58652505081229,15.05593712437053,27.51363298439521,26.2773243616838,13.91026196572193,1.0470484972402339,68.43450159294527,0.9557522123893806,0.8379340965766086,-68.5910756389116,375.870361328125,378.5,136.3092498779297,True,True,ok,248.7162322998047,20.040437698364258,0.35454532504081726,6.667322635650635,14.373764038085938
Pos0,Reg-Arrest,7,374,30.652281381310363,15.578497474123411,30.4138126514911,28.897067651953925,14.50496438191535,1.0524878516327458,74.35289608288403,0.9639175257731959,0.8612196770213137,62.43938475463721,358.3235168457031,351.5,109.7104263305664,True,True,ok,248.7162322998047,20.040437698364258,0.35454532504081726,6.667322635650635,14.373764038085938
Pos0,Reg-Arrest,8,283,23.84450924799344,15.111148837690328,24.515301344262525,22.547424014824344,14.572501721737687,1.0872772573995306,61.730708939609045,0.9658703071672355,0.7735485488330718,-3.9093323411631684,358.1166076660156,354.0,111.73138427734375,True,True,ok,248.7162322998047,20.040437698364258,0.35454532504081726,6.667322635650635,14.373764038085938
Pos0,Reg-Arrest,9,362,29.52737039252316,15.674144155404985,29.120439557122072,27.763759112325715,14.711469880584174,1.0488651568869887,72.32202416383383,0.9627659574468085,0.8474755643931822,-8.135715045940094,417.49169921875,410.5,168.201171875,True,True,ok,248.7162322998047,20.040437698364258,0.35454532504081726,6.667322635650635,14.373764038085938
Pos0,Reg-Arrest,10,347,29.468235066364045,15.057347736768312,28.844410203711913,26.70378887895864,14.740597624761195,1.080161707930517,70.23533571586782,0.980225988700565,0.8595992782551546,42.982705924231716,397.5648498535156,396.0,153.5009307861328,True,True,ok,248.7162322998047,20.040437698364258,0.35454532504081726,6.667322635650635,14.373764038085938
Pos0,Reg-Arrest,11,444,37.511856304572476,15.193516486187832,36.24913792078372,34.867075352637954,13.92806264144834,1.039638041165423,85.63432469549178,0.958963282937365,0.9143023406373421,-27.621467172706556,444.18017578125,446.0,203.3733673095703,True,True,ok,248.7162322998047,20.040437698364258,0.35454532504081726,6.667322635650635,14.373764038085938
Pos0,Reg-Arrest,12,376,29.601466428542324,16.192010591929936,29.732137494637012,27.793913386584542,15.346626048241447,1.069735559764247,73.10742232723128,0.9665809768637532,0.8371324193364224,14.39476194511066,399.550537109375,390.5,147.71905517578125,True,True,ok,248.7162322998047,20.040437698364258,0.35454532504081726,6.667322635650635,14.373764038085938
Pos0,Reg-Arrest,13,218,21.961398354238572,12.666618167785648,22.47220505424423,21.47843038761245,11.462487455069954,1.0462684958210418,56.04235224579792,0.956140350877193,0.8169084346057736,72.17640378061967,366.82568359375,367.0,123.623779296875,True,True,ok,248.7162322998047,20.040437698364258,0.35454532504081726,6.667322635650635,14.373764038085938
Pos0,Reg-Arrest,14,364,29.94398922388446,15.54678474803074,29.832867780352597,28.4965605655896,14.317137501528393,1.0468936316608197,73.33746012335894,0.9528795811518325,0.8546554994209933,80.42748790589472,366.3489074707031,360.5,117.00177764892578,True,True,ok,248.7162322998047,20.040437698364258,0.35454532504081726,6.667322635650635,14.373764038085938
Pos0,Reg-Arrest,15,378,30.491711903993465,15.820478221058266,30.59411708155671,29.25019537156836,14.456251474759114,1.0459457344785692,75.00354122516833,0.9521410579345088,0.8548682139401499,-83.79838518541135,348.5238037109375,340.0,96.41747283935547,True,True,ok,248.7162322998047,20.040437698364258,0.35454532504081726,6.667322635650635,14.373764038085938
Pos0,Reg-Arrest,16,361,29.62885090193932,15.565369660821478,28.844410203711913,27.18417205356873,15.073459070787647,1.061073706672822,71.57609424653506,0.978319783197832,0.8508892972001765,-43.23262695023363,373.3213195800781,368.0,124.48707580566406,True,True,ok,248.7162322998047,20.040437698364258,0.35454532504081726,6.667322635650635,14.373764038085938
Pos0,Reg-Arrest,17,587,45.51670904708231,16.67068609529979,44.14748010928823,42.62131438734598,14.888577249101033,1.035807570551962,102.23931918466984,0.9437299035369775,0.9305148344729737,-11.648798429469652,335.3952331542969,328.0,84.38156127929688,True,True,ok,248.7162322998047,20.040437698364258,0.35454532504081726,6.667322635650635,14.373764038085938
Pos0,Reg-Arrest,18,311,26.479107306196532,14.987626306809421,26.476404589747453,25.400483698036112,13.868957569202815,1.042358283586329,66.63366747002271,0.9510703363914373,0.8243935314627978,-1.1217535931408174,357.7234802246094,356.0,112.38230895996094,True,True,ok,248.7162322998047,20.040437698364258,0.35454532504081726,6.667322635650635,14.373764038085938
Pos0,Reg-Arrest,19,541,41.92063395508916,16.696817339887154,40.311288741492746,38.82624277810254,15.213087434774195,1.0382485107270734,95.0196344101625,0.9524647887323944,0.9172569773777614,56.415359703889116,388.2310485839844,385.0,141.17318725585938,True,True,ok,248.7162322998047,20.040437698364258,0.35454532504081726,6.667322635650635,14.373764038085938
Pos0,Reg-Arrest,20,297,26.563327910440997,14.298602553942317,26.92582403567252,26.221015800653284,12.632941898753598,1.0268795168111555,66.86370526615036,0.9369085173501577,0.8427637957834277,76.0671799610696,422.6767578125,416.0,172.03717041015625,True,True,ok,248.7162322998047,20.040437698364258,0.35454532504081726,6.667322635650635,14.373764038085938
Pos0,Reg-Arrest,21,381,30.350712466916303,16.075565679928335,29.966648127543394,29.492585104375976,14.434611642650646,1.0160739732203765,75.46361681742363,0.9525,0.8482098968401326,-24.95576553723565,338.800537109375,334.0,90.42123413085938,True,True,ok,248.7162322998047,20.040437698364258,0.35454532504081726,6.667322635650635,14.373764038085938
Pos0,Reg-Arrest,22,349,27.931248477101256,15.946067310896101,27.65863337187866,25.565185223056698,15.727830967251325,1.0818866802863578,69.08514673522956,0.9748603351955307,0.8210166773243659,-88.90426096029566,376.83380126953125,363.0,118.64952087402344,True,True,ok,248.7162322998047,20.040437698364258,0.35454532504081726,6.667322635650635,14.373764038085938
Pos0,Reg-Arrest,23,340,29.69091489883166,14.623889830862899,29.427877939124322,27.80136198939751,13.672634806660064,1.0585049016788137,71.21130342929425,0.9550561797752809,0.8702912061072303,-4.199617427603499,438.62646484375,437.5,193.3263702392578,True,True,ok,248.7162322998047,20.040437698364258,0.35454532504081726,6.667322635650635,14.373764038085938
Pos0,Reg-Arrest,24,408,33.01303040415169,15.878009343267045,31.78049716414141,31.300917536786212,14.470368626380427,1.0153215836817426,79.12110159218454,0.951048951048951,0.8767415040196304,86.70681388387653,494.375,503.0,258.9296112060547,True,True,ok,248.7162322998047,20.040437698364258,0.35454532504081726,6.667322635650635,14.373764038085938
Pos0,Reg-Arrest,25,405,34.01832565211626,15.273368779354467,33.12099032335839,31.60001975098925,14.182438965002401,1.0481319500542883,79.39060763441087,0.9574468085106383,0.8935444512835649,-36.07593070986335,449.6814880371094,442.0,197.8516387939453,True,True,ok,248.7162322998047,20.040437698364258,0.35454532504081726,6.667322635650635,14.373764038085938
Pos0,Reg-Arrest,26,443,34.18253161061797,16.626673670954577,33.61547262794322,32.99147562933355,14.865071461460154,1.0189138856843025,82.9528076341573,0.9486081370449678,0.873731525362617,-27.232108962395845,410.3566589355469,397.0,152.17930603027344,True,True,ok,248.7162322998047,20.040437698364258,0.35454532504081726,6.667322635650635,14.373764038085938
Pos0,Reg-Arrest,27,366,31.83707269827859,14.74440934474972,31.38470965295043,30.997565755860016,12.972441430664833,1.0124894935344149,76.80437534809087,0.9432989690721649,0.886295188115879,-67.66736075042651,427.199462890625,426.0,181.1719207763672,True,True,ok,248.7162322998047,20.040437698364258,0.35454532504081726,6.667322635650635,14.373764038085938
Pos0,Reg-Arrest,28,412,33.331878413345976,15.836455067144424,32.7566787083184,31.33675356935084,14.609092128586232,1.045311813676715,79.35113938831219,0.9603729603729604,0.879924040346029,82.10477606644164,402.0606689453125,396.5,151.26300048828125,True,True,ok,248.7162322998047,20.040437698364258,0.35454532504081726,6.667322635650635,14.373764038085938
Pos0,Reg-Arrest,29,425,32.552850057593915,16.697811229038695,32.2490309931942,30.725536622793378,15.512973508552358,1.0495839792516637,79.16056983828321,0.9615384615384616,0.8584216656781244,-34.773416438641135,354.42352294921875,349.0,104.05709838867188,True,True,ok,248.7162322998047,20.040437698364258,0.35454532504081726,6.667322635650635,14.373764038085938
Pos0,Reg-Arrest,30,468,37.94994106499471,15.794123013465933,36.89173349139343,35.30150335041818,14.542940749701016,1.0450470940342096,87.20512102228668,0.9609856262833676,0.9092808430204113,51.53876604706598,411.49359130859375,408.5,163.15550231933594,True,True,ok,248.7162322998047,20.040437698364258,0.35454532504081726,6.667322635650635,14.373764038085938
Pos0,Reg-Arrest,31,350,28.32540653683104,15.778765297676733,28.442925306655784,26.72288985611666,14.874066945217864,1.0643656228723863,70.4259052658968,0.9668508287292817,0.8304766457913173,87.87887994591681,453.0714416503906,444.0,198.8727264404297,True,True,ok,248.7162322998047,20.040437698364258,0.35454532504081726,6.667322635650635,14.373764038085938
Pos0,Reg-Arrest,32,314,27.24048555398147,14.732593031315126,27.202941017470888,26.095793437823747,13.540308362438584,1.0424262853813986,67.64910342954782,0.9515151515151515,0.8411290610459481,15.62602801363424,389.646484375,386.5,140.31661987304688,True,True,ok,248.7162322998047,20.040437698364258,0.35454532504081726,6.667322635650635,14.373764038085938
Pos0,Reg-Arrest,33,399,30.1484921282858,16.853475081428694,30.364452901377952,28.081332210877505,16.219055171779633,1.081303859566038,74.67821865402618,0.9684466019417476,0.8291571898857499,75.17296389354024,400.44110107421875,394.0,147.81161499023438,True,True,ok,248.7162322998047,20.040437698364258,0.35454532504081726,6.667322635650635,14.373764038085938
Pos0,Reg-Arrest,34,416,34.02422851280903,15.769312471510283,33.61547262794322,32.4584868732072,14.13789317849387,1.0356450921219944,81.05668873622025,0.9411764705882353,0.8861110231265065,33.4560190610182,462.2572021484375,455.0,209.13450622558594,True,True,ok,248.7162322998047,20.040437698364258,0.35454532504081726,6.667322635650635,14.373764038085938
Pos0,Reg-Arrest,35,355,25.617130859359992,17.678737350912918,26.0,24.491837761278866,17.038324492736944,1.0615781573200485,68.43450159294527,0.9673024523160763,0.7237007976599542,23.51673146472806,372.02252197265625,364.0,117.87806701660156,True,True,ok,248.7162322998047,20.040437698364258,0.35454532504081726,6.667322635650635,14.373764038085938
Pos0,Reg-Arrest,36,403,30.2553602719961,17.056288089583415,30.463092423455635,29.054660250712793,15.688307582350026,1.048475258722335,76.01897718469343,0.9595238095238096,0.8259493445752121,-68.6538648956412,370.2853698730469,360.0,113.86444091796875,True,True,ok,248.7162322998047,20.040437698364258,0.35454532504081726,6.667322635650635,14.373764038085938
Pos0,Reg-Arrest,37,335,31.05960481670463,13.797822512327325,31.016124838541646,29.555207276286474,12.462453683499415,1.0494301240589619,73.33746012335894,0.9490084985835694,0.895909358145914,19.571295850468104,506.1372985839844,512.0,266.0851593017578,True,True,ok,248.7162322998047,20.040437698364258,0.35454532504081726,6.667322635650635,14.373764038085938
Pos0,Reg-Arrest,38,442,34.25174584826765,16.51221268346446,33.61547262794322,32.19590226616809,15.285909831679682,1.044091647130723,81.8420868996177,0.9650655021834061,0.8761250965315869,32.96837939459331,359.39593505859375,358.0,111.54991912841797,True,True,ok,248.7162322998047,20.040437698364258,0.35454532504081726,6.667322635650635,14.373764038085938
Pos0,Reg-Arrest,39,339,27.53567347911707,15.71202760137012,27.85677655436824,26.499531677380688,14.493925587812159,1.0512176929581762,69.54522232748486,0.9576271186440678,0.8212237810118812,68.33848460908554,374.77581787109375,369.0,122.37359619140625,True,True,ok,248.7162322998047,20.040437698364258,0.35454532504081726,6.667322635650635,14.373764038085938
Pos0,Reg-Arrest,40,341,27.037381744315404,16.10101486402287,27.313000567495326,25.91778401031557,15.026633086365285,1.0538324015905234,68.98986196021507,0.963276836158192,0.8033483426423284,-23.501281430503788,407.5454406738281,385.0,138.30091857910156,True,True,ok,248.7162322998047,20.040437698364258,0.35454532504081726,6.667322635650635,14.373764038085938
Pos0,Reg-Arrest,41,528,40.517596373854886,16.721401288071334,39.84971769034255,38.88940239922387,14.7828901503583,1.0246934957050882,94.65484359292168,0.9445438282647585,0.9108693665655949,73.9783938808766,372.9185485839844,366.5,119.85498809814453,True,True,ok,248.7162322998047,20.040437698364258,0.35454532504081726,6.667322635650635,14.373764038085938
Pos0,Reg-Arrest,42,390,29.69771576898018,16.757448154101816,29.614185789921695,27.61190803904854,16.15196677941276,1.0725150086709527,73.66278269450108,0.967741935483871,0.8255921997178909,-87.94694373384593,437.5897521972656,418.0,171.17005920410156,True,True,ok,248.7162322998047,20.040437698364258,0.35454532504081726,6.667322635650635,14.373764038085938
Pos0,Reg-Arrest,43,456,36.58553041407398,15.98057006490741,35.22782990761707,33.903425822502705,14.844866125219399,1.0390640194311962,84.75364175707985,0.957983193277311,0.899558509571384,-50.089878793278885,472.27850341796875,466.5,219.76815795898438,True,True,ok,248.7162322998047,20.040437698364258,0.35454532504081726,6.667322635650635,14.373764038085938
Pos0,Reg-Arrest,44,285,26.226211351426656,13.863586695272902,26.832815729997478,25.87913625737213,12.258936646849882,1.0368512868103807,65.75298453161078,0.9344262295081968,0.8488612707005752,28.58400381831564,456.9578857421875,457.0,210.49710083007812,True,True,ok,248.7162322998047,20.040437698364258,0.35454532504081726,6.667322635650635,14.373764038085938
Pos0,Reg-Arrest,45,308,28.894820358383182,13.625628392961541,29.068883707497267,28.115318584082328,12.066178516706831,1.0339162126355845,70.00529791974016,0.9361702127659575,0.8818342212826668,57.53098676501784,443.9253234863281,449.5,202.9734344482422,True,True,ok,248.7162322998047,20.040437698364258,0.35454532504081726,6.667322635650635,14.373764038085938
Pos0,Reg-Arrest,46,361,25.916405899900823,17.766166941452855,26.68332812825267,25.844447665031808,16.128070995196573,1.0324588272921726,70.10058269475465,0.94750656167979,0.7280555263118329,3.2894134054315907,362.0997314453125,354.0,107.0223388671875,True,True,ok,248.7162322998047,20.040437698364258,0.35454532504081726,6.667322635650635,14.373764038085938
Pos0,Reg-Arrest,47,319,28.03971418137668,14.52732751659243,28.0178514522438,26.684729740143027,13.39801886486458,1.0499582242384602,68.66453938907291,0.9579579579579579,0.8553210968020246,-38.0396180476663,420.96551513671875,425.0,178.4383544921875,True,True,ok,248.7162322998047,20.040437698364258,0.35454532504081726,6.667322635650635,14.373764038085938
Pos0,Reg-Arrest,48,357,31.00213678256825,14.73370661297107,30.364452901377952,29.60276475956353,13.352093052491366,1.0257303041793875,74.44818085789852,0.946949602122016,0.8798518301996094,-77.43705237602911,433.2268981933594,422.0,174.96925354003906,True,True,ok,248.7162322998047,20.040437698364258,0.35454532504081726,6.667322635650635,14.373764038085938
Pos0,Reg-Arrest,49,381,29.835596851152307,16.283224279170053,30.364452901377952,28.874493931865004,14.829484700222439,1.051601215004107,74.67821865402618,0.9596977329974811,0.8379382873577027,-16.94130139784921,425.6797790527344,422.0,174.89060974121094,True,True,ok,248.7162322998047,20.040437698364258,0.35454532504081726,6.667322635650635,14.373764038085938
Pos0,Reg-Arrest,50,440,34.35104653270845,16.4200210021487,33.52610922848042,31.986555436345505,15.333127061253537,1.0481312780051821,81.4772960823769,0.9606986899563319,0.8783563378007512,-78.1105149047899,461.9204406738281,450.5,203.13658142089844,True,True,ok,248.7162322998047,20.040437698364258,0.35454532504081726,6.667322635650635,14.373764038085938
Pos0,Reg-Arrest,51,346,28.796824781597632,15.330333861290379,28.792360097775937,27.102330250797927,14.410816773125461,1.0623573630510335,70.65594306202445,0.9611111111111111,0.8465168348734587,-72.80313333912413,434.60693359375,423.5,175.95816040039062,True,True,ok,248.7162322998047,20.040437698364258,0.35454532504081726,6.667322635650635,14.373764038085938
Pos0,Reg-Arrest,52,503,38.87736482189798,16.652290006847615,37.57658845611187,36.4608010776068,15.14582144969078,1.0306023824361432,90.21196065476332,0.9562737642585551,0.9036230129782593,-61.43861790892179,446.4254455566406,436.0,188.5165252685547,True,True,ok,248.7162322998047,20.040437698364258,0.35454532504081726,6.667322635650635,14.373764038085938
Pos0,Reg-Arrest,53,211,26.61412527655762,10.256896954915984,26.627053911388696,25.624059122229696,8.897454001711994,1.039142697274253,61.40538636846691,0.9336283185840708,0.9227525419812359,-34.45035178026391,250.1469268798828,251.0,3.135955810546875,False,False,mcherry_below_background,248.7162322998047,20.040437698364258,0.35454532504081726,6.667322635650635,14.373764038085938
Pos0,Reg-Arrest,54,372,29.028178277952605,16.335296606834845,28.635642126552707,26.807066762441174,15.901057364551347,1.068212437426146,71.76666379656405,0.96875,0.8266344323787487,1.3323099480878613,416.7929992675781,403.0,155.3038787841797,True,True,ok,248.7162322998047,20.040437698364258,0.35454532504081726,6.667322635650635,14.373764038085938
Pos0,Reg-Arrest,55,460,51.61080140541745,11.811843989902238,49.20365840057018,47.467863035262724,10.157191106573986,1.0365678009144412,106.5311008188979,0.9181636726546906,0.9734584543256974,50.52693651319019,250.42608642578125,250.0,2.005584716796875,False,False,mcherry_below_background,248.7162322998047,20.040437698364258,0.35454532504081726,6.667322635650635,14.373764038085938
Pos0,Reg-Arrest,56,420,30.21356350998809,17.755744865240825,30.23243291566195,29.17586048946361,16.365462852745846,1.0362139250898839,77.03441314421853,0.958904109589041,0.8090973520118023,-38.96878267238512,351.1499938964844,345.0,97.22474670410156,True,True,ok,248.7162322998047,20.040437698364258,0.35454532504081726,6.667322635650635,14.373764038085938
Pos0,Reg-Arrest,57,476,35.229533490442996,17.24873027571659,34.713109915419565,33.24589705024357,15.962243058583873,1.0441321484861317,84.71417351098117,0.9577464788732394,0.8719415650331155,-6.8038546376426305,498.170166015625,485.0,236.76861572265625,True,True,ok,248.7162322998047,20.040437698364258,0.35454532504081726,6.667322635650635,14.373764038085938
Pos0,Reg-Arrest,58,589,45.64933897819678,16.569298728869388,44.28317965096906,42.668202441799096,14.924471761980104,1.0378496659514271,102.374072205783,0.9469453376205788,0.9318011829042576,26.605642688472674,367.0984802246094,363.0,114.40164184570312,True,True,ok,248.7162322998047,20.040437698364258,0.35454532504081726,6.667322635650635,14.373764038085938
Pos0,Reg-Arrest,59,502,38.91797596166645,16.519494381661996,38.48376280978771,37.09986583459438,14.797670492067294,1.0373019401569612,91.09264359317525,0.9543726235741445,0.9054422294250728,-64.99248660772231,375.7111511230469,366.0,117.50101470947266,True,True,ok,248.7162322998047,20.040437698364258,0.35454532504081726,6.667322635650635,14.373764038085938
Pos0,Reg-Arrest,60,430,34.47465342213621,16.017572554436168,33.83784863137726,32.48964822116079,14.653245519389815,1.041496306794063,81.70733387850454,0.9619686800894854,0.8855107896177588,-15.463269691761036,442.8116149902344,430.0,181.37953186035156,True,True,ok,248.7162322998047,20.040437698364258,0.35454532504081726,6.667322635650635,14.373764038085938
Pos0,Reg-Arrest,61,458,34.030156950797085,17.20534490209841,33.61547262794322,32.500857103973345,15.724604892789495,1.034294957834623,82.9528076341573,0.9581589958158996,0.8627732188904124,-62.171499098543784,476.2183532714844,461.0,212.1803436279297,True,True,ok,248.7162322998047,20.040437698364258,0.35454532504081726,6.667322635650635,14.373764038085938
Pos0,Reg-Arrest,62,701,51.49910120269018,17.669063649482872,49.33558553417604,48.0924899736759,15.672077216804139,1.0258480182910172,114.07610816454738,0.9422043010752689,0.9393008537340194,73.99339292604031,410.52496337890625,404.0,155.32286071777344,True,True,ok,248.7162322998047,20.040437698364258,0.35454532504081726,6.667322635650635,14.373764038085938
Pos0,Reg-Arrest,63,388,30.983168827103423,16.04781466761581,30.4138126514911,29.29628378498007,14.86198598872071,1.0381457550968964,75.55890159243813,0.9509803921568627,0.8554092841384069,89.34448108646453,332.7087707519531,328.5,79.02688598632812,True,True,ok,248.7162322998047,20.040437698364258,0.35454532504081726,6.667322635650635,14.373764038085938
Pos0,Reg-Arrest,64,522,39.397635834244205,16.97273152105553,38.3275357934736,36.474179275788615,15.775795301286328,1.0508128367651917,90.95789057206208,0.9560439560439561,0.9024446409278076,87.14826903898036,485.9693603515625,467.5,218.04888916015625,True,True,ok,248.7162322998047,20.040437698364258,0.35454532504081726,6.667322635650635,14.373764038085938
Pos0,Reg-Arrest,65,244,21.707982561614283,14.52296143999141,22.80350850198276,22.522195522292684,12.267774139620135,1.0124904776451136,59.049191878274556,0.9384615384615385,0.7432490887815844,-84.73251243431126,248.1762237548828,247.0,-2.1829452514648438,False,False,mcherry_below_background,248.7162322998047,20.040437698364258,0.35454532504081726,6.667322635650635,14.373764038085938
Pos0,Reg-Arrest,66,378,29.452958308651212,16.381477799944122,29.5296461204668,28.283758920887376,15.092964920244423,1.0440495622616606,73.79753571561425,0.9545454545454546,0.8310543240781063,-31.1698366654606,453.30157470703125,438.0,188.43055725097656,True,True,ok,248.7162322998047,20.040437698364258,0.35454532504081726,6.667322635650635,14.373764038085938
Pos0,Reg-Arrest,67,295,26.73709174920911,14.086602767801711,26.627053911388696,24.717634297046814,13.52236539939419,1.0772492865375072,64.87230159319884,0.9703947368421053,0.8499544318696205,-46.59889994420231,451.58984375,444.0,194.6016387939453,True,True,ok,248.7162322998047,20.040437698364258,0.35454532504081726,6.667322635650635,14.373764038085938
Pos0,Reg-Arrest,68,326,26.57752804373664,15.666905648171301,26.92582403567252,25.991308050736613,14.209838898607137,1.0359549424412067,68.2044637968176,0.9476744186046512,0.8077833997134102,-13.22962984580113,396.0429382324219,381.5,131.39459228515625,True,True,ok,248.7162322998047,20.040437698364258,0.35454532504081726,6.667322635650635,14.373764038085938
Pos0,Reg-Arrest,69,392,33.631414494341634,14.933488244427,33.015148038438355,31.849481524206517,13.543891283156391,1.0365992304567313,79.16056983828321,0.944578313253012,0.896009984824329,-48.78165483889119,511.89794921875,501.0,251.2960968017578,True,True,ok,248.7162322998047,20.040437698364258,0.35454532504081726,6.667322635650635,14.373764038085938
Pos0,Reg-Arrest,70,399,30.914493843168852,16.48951936075459,30.528675044947494,29.14446083066923,15.447515970681033,1.047494932993292,75.92369240967894,0.9637681159420289,0.8458686743362664,-51.48100678049048,449.3483581542969,432.0,182.0050811767578,True,True,ok,248.7162322998047,20.040437698364258,0.35454532504081726,6.667322635650635,14.373764038085938
Pos0,Reg-Arrest,71,463,34.72546702064241,17.05662217077271,34.132096331752024,32.50706745581416,15.915230762500315,1.0499900176522141,83.18284543028496,0.9625779625779626,0.8710553801858292,-36.578232187027695,456.2613525390625,444.0,193.3113250732422,True,True,ok,248.7162322998047,20.040437698364258,0.35454532504081726,6.667322635650635,14.373764038085938
Pos0,Reg-Arrest,72,311,27.708560344034407,14.333911626707645,27.459060435491963,25.400483698036112,13.868957569202815,1.0810447848918332,66.63366747002271,0.971875,0.8557981672006908,-86.22129326792653,522.62060546875,505.0,254.54635620117188,True,True,ok,248.7162322998047,20.040437698364258,0.35454532504081726,6.667322635650635,14.373764038085938
Pos0,Reg-Arrest,73,453,36.11817446695869,16.10439847472871,35.34119409414458,34.06095229812539,14.652355972373,1.0375867880854772,84.84892653209434,0.9577167019027484,0.8950923767043175,-63.34642318626768,417.7461242675781,404.0,153.13894653320312,True,True,ok,248.7162322998047,20.040437698364258,0.35454532504081726,6.667322635650635,14.373764038085938
Pos0,Reg-Arrest,74,373,27.226362958607094,17.483229009417016,27.784887978899608,26.132905829884756,16.512200683172622,1.063214636740691,71.11601865427974,0.966321243523316,0.7665845462792007,-36.610932488837136,370.2948913574219,357.0,106.49971008300781,True,True,ok,248.7162322998047,20.040437698364258,0.35454532504081726,6.667322635650635,14.373764038085938
Pos0,Reg-Arrest,75,394,30.8903551953466,16.27943011753417,30.528675044947494,28.896910415316633,15.394730472828437,1.0564684807537748,75.36833204240914,0.9633251833740831,0.8498610090183469,-38.825747352532154,504.0152282714844,484.5,233.81568908691406,True,True,ok,248.7162322998047,20.040437698364258,0.35454532504081726,6.667322635650635,14.373764038085938
Pos0,Reg-Arrest,76,402,33.618797045680225,15.296292990736026,32.7566787083184,31.091194576752653,14.35131175721147,1.0535677111876252,78.56574122491475,0.9640287769784173,0.8904953838192085,-84.43677703386662,446.8731384277344,438.0,187.2397918701172,True,True,ok,248.7162322998047,20.040437698364258,0.35454532504081726,6.667322635650635,14.373764038085938
Pos0,Reg-Arrest,77,338,25.696259223829415,16.832172263692062,26.248809496813376,25.36395917208332,15.308915485479998,1.0348861279395198,68.20446379681762,0.952112676056338,0.7555910099117832,15.23155614782801,461.1331481933594,442.0,191.06251525878906,True,True,ok,248.7162322998047,20.040437698364258,0.35454532504081726,6.667322635650635,14.373764038085938
Pos0,Reg-Arrest,78,575,46.67605178722926,15.994405819948659,44.553338819890925,42.92679915713995,14.43685328000237,1.0378910073587546,102.33460395968433,0.9410801963993454,0.9394564382766636,-3.4507716295293798,394.2799987792969,396.0,144.8932342529297,True,True,ok,248.7162322998047,20.040437698364258,0.35454532504081726,6.667322635650635,14.373764038085938
Pos0,Reg-Arrest,79,345,26.863762422567955,16.404454394961437,26.832815729997478,25.39569525198214,15.656327875714402,1.056589137007508,68.66453938907293,0.9691011235955056,0.7918978014716271,-34.687475402902436,424.40289306640625,413.0,161.8363494873047,True,True,ok,248.7162322998047,20.040437698364258,0.35454532504081726,6.667322635650635,14.373764038085938
Pos0,Reg-Arrest,80,414,34.82421410452055,15.269036223023237,34.539832078341085,33.30555111188376,13.626845966531729,1.037059316698018,82.16740947075985,0.9409090909090909,0.8987505458583993,-24.13156569268757,456.83575439453125,448.5,196.96168518066406,True,True,ok,248.7162322998047,20.040437698364258,0.35454532504081726,6.667322635650635,14.373764038085938
Pos0,Reg-Arrest,81,574,45.08503172505947,16.499207227255074,42.43819034784589,41.46059060516655,15.010752475912243,1.0235790115000802,100.05734596168932,0.9503311258278145,0.9306315490639188,49.844466352817186,473.38848876953125,465.0,213.6031494140625,True,True,ok,248.7162322998047,20.040437698364258,0.35454532504081726,6.667322635650635,14.373764038085938
Pos0,Reg-Arrest,82,143,17.14255686976147,10.8806255874059,18.027756377319946,16.348659202676213,10.080868008724236,1.1027054973638983,44.20556326592038,0.9794520547945206,0.7727469098799877,-17.865922229523896,424.3216857910156,420.0,167.8136749267578,True,True,ok,248.7162322998047,20.040437698364258,0.35454532504081726,6.667322635650635,14.373764038085938
Pos0,Reg-Arrest,83,447,35.03265632300943,16.33929278684748,34.48187929913333,32.93490978766441,15.047637859112921,1.0469705100588536,83.04809240917177,0.9571734475374732,0.8845730000415404,-74.71012537535326,420.6800842285156,411.0,158.84678649902344,True,True,ok,248.7162322998047,20.040437698364258,0.35454532504081726,6.667322635650635,14.373764038085938
Pos0,Reg-Arrest,84,321,25.45302621059368,16.08776006637814,25.632011235952593,24.346609616719185,15.228801459650514,1.0527959185886278,66.07830710275292,0.9610778443113772,0.7749220049124651,-77.26036163370786,412.0965881347656,398.0,146.0290985107422,True,True,ok,248.7162322998047,20.040437698364258,0.35454532504081726,6.667322635650635,14.373764038085938
Pos0,Reg-Arrest,85,504,37.00642366874522,17.42370740647628,36.40054944640259,35.13915496485598,15.883788797264318,1.0358971205428298,88.41112653184076,0.96,0.8822243475423475,-67.81733402031013,357.75,351.0,99.30429077148438,True,True,ok,248.7162322998047,20.040437698364258,0.35454532504081726,6.667322635650635,14.373764038085938
Pos0,Reg-Arrest,86,542,42.47416272895855,16.396382187605496,41.19465984809196,38.61701423921683,15.343563953764338,1.0667489618153194,94.75012836793618,0.9609929078014184,0.9224854275440046,-87.43851057197541,563.112548828125,542.0,290.06150817871094,True,True,ok,248.7162322998047,20.040437698364258,0.35454532504081726,6.667322635650635,14.373764038085938
Pos0,Reg-Arrest,87,554,45.36574857545234,15.972335698027408,42.43819034784589,41.00770897126263,14.6297100248317,1.0348832307990117,98.71658743102208,0.947008547008547,0.9359702179264563,49.03100604997569,523.5433349609375,517.0,265.0780792236328,True,True,ok,248.7162322998047,20.040437698364258,0.35454532504081726,6.667322635650635,14.373764038085938
Pos0,Reg-Arrest,88,492,40.02517945521739,15.838346180174875,38.58756276314948,37.971202920721,14.077165691028004,1.0162322969781958,92.01279477768585,0.9498069498069498,0.9183757093644191,35.545941564011066,422.3760070800781,411.5,158.97540283203125,True,True,ok,248.7162322998047,20.040437698364258,0.35454532504081726,6.667322635650635,14.373764038085938
Pos0,Reg-Arrest,89,336,27.272117325728917,15.706750026350802,27.65863337187866,25.972386196799896,14.729467395933106,1.0649246150238798,68.7598241640874,0.9627507163323782,0.8175010919183212,10.690626727396236,465.5565490722656,452.0,199.5068817138672,True,True,ok,248.7162322998047,20.040437698364258,0.35454532504081726,6.667322635650635,14.373764038085938
Pos0,Reg-Arrest,90,445,36.22084953296989,15.832527289250033,35.11409973215888,34.905561895760044,13.94410311675513,1.005974344060743,85.72960947050628,0.9427966101694916,0.8994076281583517,70.76407244572194,487.8854064941406,470.0,216.74745178222656,True,True,ok,248.7162322998047,20.040437698364258,0.35454532504081726,6.667322635650635,14.373764038085938
Pos0,Reg-Arrest,91,334,26.128591096325103,16.315738454592672,26.419689627245813,24.756906306943314,15.600983580714846,1.0671644227144874,67.32378085840568,0.9681159420289855,0.7810727476678105,-34.62800178569426,394.9700622558594,381.5,128.40281677246094,True,True,ok,248.7162322998047,20.040437698364258,0.35454532504081726,6.667322635650635,14.373764038085938
Pos0,Reg-Arrest,92,560,45.13516538336152,15.982091664731163,43.56604182158393,41.82016705499174,14.464263215777198,1.0417471973341579,100.15263073670381,0.9523809523809523,0.9352098335007052,-33.43965735170872,488.5392761230469,480.0,226.19215393066406,True,True,ok,248.7162322998047,20.040437698364258,0.35454532504081726,6.667322635650635,14.373764038085938
Pos0,Reg-Arrest,93,417,34.516927826677964,15.456739255266228,33.734255586866,32.16249377675634,14.336909329260498,1.048869401142195,80.69189791897944,0.952054794520548,0.8941328926980481,-6.2345306503381455,534.7482299804688,516.0,262.2029266357422,True,True,ok,248.7162322998047,20.040437698364258,0.35454532504081726,6.667322635650635,14.373764038085938
Pos0,Reg-Arrest,94,370,28.32740532954778,16.655006001187704,28.653097563788805,27.031126032852963,15.626558821901266,1.0600038462683552,71.90141681767719,0.9635416666666666,0.8088996321799264,34.22184703121909,409.9027099609375,397.5,143.28562927246094,True,True,ok,248.7162322998047,20.040437698364258,0.35454532504081726,6.667322635650635,14.373764038085938
Pos0,Reg-Arrest,95,442,34.28203277418346,16.5070101002512,33.52610922848042,32.512476865063256,15.099729716587532,1.0311767192522443,82.26269424577433,0.9587852494577006,0.876442704281721,-75.2062379896071,506.7466125488281,486.0,232.35020446777344,True,True,ok,248.7162322998047,20.040437698364258,0.35454532504081726,6.667322635650635,14.373764038085938
Pos0,Reg-Arrest,96,118,15.07631799581719,9.979076599986366,15.524174696260024,14.556259507493447,9.412679780305206,1.0664947741738393,39.857965102776504,0.9516129032258065,0.7495885342557533,73.38816660606653,280.1864318847656,279.5,25.64136505126953,True,True,ok,248.7162322998047,20.040437698364258,0.35454532504081726,6.667322635650635,14.373764038085938
Pos0,Reg-Arrest,97,375,31.85776153758932,15.033270614528655,31.38470965295043,29.71548455933288,14.04410552953581,1.0561735781317856,75.46361681742363,0.9615384615384616,0.8816589187545245,23.373027495003125,468.3573303222656,456.0,201.43548583984375,True,True,ok,248.7162322998047,20.040437698364258,0.35454532504081726,6.667322635650635,14.373764038085938
Pos0,Reg-Arrest,98,451,32.59563914763521,17.702783322025567,32.57299494980466,31.521241305990742,16.06486222358859,1.0333665046247411,81.3820113073624,0.9575371549893843,0.8396662040345831,-71.37171200174862,443.4168395996094,428.0,173.36578369140625,True,True,ok,248.7162322998047,20.040437698364258,0.35454532504081726,6.667322635650635,14.373764038085938
Pos0,Reg-Arrest,99,547,44.48586933291247,15.925762072883218,42.20189569201838,40.679343189976265,14.565895605844506,1.0374281486043582,97.98700579654046,0.9480069324090121,0.9337231299348822,-80.33698485553539,495.7038269042969,490.0,235.66098022460938,True,True,ok,248.7162322998047,20.040437698364258,0.35454532504081726,6.667322635650635,14.373764038085938
Pos0,Reg-Arrest,100,595,46.24458090486797,16.524597509109558,44.91102314577124,43.03235917226216,14.939903235121827,1.0436570062540291,103.12000212308179,0.952,0.9339780191009861,-82.24097186552007,493.8100891113281,481.0,226.52304077148438,True,True,ok,248.7162322998047,20.040437698364258,0.35454532504081726,6.667322635650635,14.373764038085938
Pos0,Reg-Arrest,101,337,27.721965289072955,15.515994365526343,27.730849247724095,26.319600406956873,14.524181537337475,1.053619690988705,69.21989975634271,0.9573863636363636,0.8286950526737812,30.050601786028427,492.0445251464844,460.0,204.8196563720703,True,True,ok,248.7162322998047,20.040437698364258,0.35454532504081726,6.667322635650635,14.373764038085938
Pos1,Reg-Arrest,1,317,41.41483285616138,10.038012930108287,40.311288741492746,37.941538684648705,8.792191873060586,1.0624579323611578,85.92017902053526,0.9664634146341463,0.9701820823822284,85.541778289012,474.0725402832031,484.0,241.28407287597656,True,True,ok,251.49954223632812,20.478004455566406,0.5699880123138428,8.179925918579102,17.91107177734375
Pos1,Reg-Arrest,2,527,44.29080758541079,15.37986742967801,41.88078318274385,40.562025093094064,14.034551525588325,1.032512136330055,97.14579110422719,0.956442831215971,0.9377735593702853,-35.79023828447591,345.82733154296875,345.0,101.43197631835938,True,True,ok,251.49954223632812,20.478004455566406,0.5699880123138428,8.179925918579102,17.91107177734375
Pos1,Reg-Arrest,3,323,36.71527124614483,11.300478176590651,35.77708763999664,34.423396369483854,10.007508192988302,1.0393247446005305,80.27129057282282,0.930835734870317,0.951455330903127,-27.68725712986159,239.0804901123047,239.0,-4.1545867919921875,False,False,mcherry_below_background,251.49954223632812,20.478004455566406,0.5699880123138428,8.179925918579102,17.91107177734375
Pos1,Reg-Arrest,4,344,31.393800824966096,14.122589099458612,30.870698080866262,30.75052971297603,12.230770185464696,1.0039078470846479,75.46361681742363,0.9347826086956522,0.8931027159969399,-66.02764533823776,407.45928955078125,397.0,153.89224243164062,True,True,ok,251.49954223632812,20.478004455566406,0.5699880123138428,8.179925918579102,17.91107177734375
Pos1,Reg-Arrest,5,408,32.0163911417704,16.27170441408538,31.953090617340916,30.560957908462797,14.911814654992915,1.0455526529321457,78.14513387875812,0.955503512880562,0.8612211239866572,-22.38523016521187,386.23529052734375,385.0,141.43983459472656,True,True,ok,251.49954223632812,20.478004455566406,0.5699880123138428,8.179925918579102,17.91107177734375
Pos1,Reg-Arrest,6,307,28.23211499438346,14.002493237482884,27.85677655436824,27.58465438627573,12.307884900632912,1.0098649837798184,69.21989975634273,0.9446153846153846,0.8683353843833057,-64.72374530110483,396.0423583984375,396.0,152.8277587890625,True,True,ok,251.49954223632812,20.478004455566406,0.5699880123138428,8.179925918579102,17.91107177734375
Pos1,Reg-Arrest,7,333,28.04673938419684,15.158529834650562,27.85677655436824,26.12195650174729,14.467429436110807,1.0664123321890113,68.7598241640874,0.9680232558139535,0.8413607986953715,18.454136474584114,361.4444580078125,356.0,111.98977661132812,True,True,ok,251.49954223632812,20.478004455566406,0.5699880123138428,8.179925918579102,17.91107177734375
Pos1,Reg-Arrest,8,246,24.782737861854347,12.664069817099087,25.298221281347036,24.108829444803423,11.350537025607451,1.049334283909001,61.17534857233925,0.9425287356321839,0.8595785343942767,16.1687357909211,386.95123291015625,389.5,146.2718505859375,True,True,ok,251.49954223632812,20.478004455566406,0.5699880123138428,8.179925918579102,17.91107177734375
Pos1,Reg-Arrest,9,327,27.785009324546557,15.072087178405791,27.85677655436824,26.59377974811946,13.842330199204635,1.0474921887077029,68.98986196021507,0.9533527696793003,0.8400855590409392,-20.968556787106117,396.4617614746094,392.0,147.68911743164062,True,True,ok,251.49954223632812,20.478004455566406,0.5699880123138428,8.179925918579102,17.91107177734375
Pos1,Reg-Arrest,10,256,25.047779940155973,13.060858126149105,25.059928172283335,23.373504439461144,12.353808583059115,1.0721510861663957,60.85002600119711,0.9552238805970149,0.8532893226953936,-54.693163468679245,365.80078125,346.5,103.23612976074219,True,True,ok,251.49954223632812,20.478004455566406,0.5699880123138428,8.179925918579102,17.91107177734375
Pos1,Reg-Arrest,11,421,34.38925644887071,15.723068769018171,34.0,32.53723342737075,14.284906618259187,1.0449566978672118,81.3820113073624,0.9568181818181818,0.8893594120788554,-61.46268546901836,377.5890808105469,375.0,130.52859497070312,True,True,ok,251.49954223632812,20.478004455566406,0.5699880123138428,8.179925918579102,17.91107177734375
Pos1,Reg-Arrest,12,359,32.00775209133411,14.41358652075336,31.32091952673165,30.733478156938993,12.830588563942452,1.0191140542828545,76.1142619597079,0.9373368146214099,0.8928695093696115,-80.53563824258312,382.401123046875,376.0,131.81875610351562,True,True,ok,251.49954223632812,20.478004455566406,0.5699880123138428,8.179925918579102,17.91107177734375
Pos1,Reg-Arrest,13,365,33.60719882996324,13.960738445856906,32.55764119219941,31.32355633710653,12.769765094575215,1.039397980287154,77.2249826942475,0.948051948051948,0.9096346654552341,-84.02711443316296,385.46026611328125,376.0,131.72647094726562,True,True,ok,251.49954223632812,20.478004455566406,0.5699880123138428,8.179925918579102,17.91107177734375
Pos1,Reg-Arrest,14,302,26.410231360958303,14.567753038628314,26.476404589747453,24.71444056347272,13.896399703103228,1.071292895412687,65.29290893935547,0.967948717948718,0.834112039552262,-86.94416794376399,311.6125793457031,307.5,63.42301940917969,True,True,ok,251.49954223632812,20.478004455566406,0.5699880123138428,8.179925918579102,17.91107177734375
Pos1,Reg-Arrest,15,268,24.5036066094953,14.006199325795684,25.0,24.564505420858335,12.213162536318794,1.0177286117379702,63.07146747027629,0.9436619718309859,0.8205341811669606,71.06301354606202,362.578369140625,351.0,106.66474151611328,True,True,ok,251.49954223632812,20.478004455566406,0.5699880123138428,8.179925918579102,17.91107177734375
Pos1,Reg-Arrest,16,366,28.59947831666444,16.347828043741675,28.635642126552707,27.967260241346292,14.757960486534781,1.0238987258472423,72.78209975608914,0.9481865284974094,0.8205234916173602,81.163148200592,396.56011962890625,385.0,140.66632080078125,True,True,ok,251.49954223632812,20.478004455566406,0.5699880123138428,8.179925918579102,17.91107177734375
Pos1,Reg-Arrest,17,359,29.504534942703057,15.56381440670459,29.5296461204668,28.185321732039533,14.292463660911443,1.0476959036057096,72.68681498107465,0.9573333333333334,0.849551406155035,-56.267600322971454,384.9582214355469,375.0,130.7760772705078,True,True,ok,251.49954223632812,20.478004455566406,0.5699880123138428,8.179925918579102,17.91107177734375
Pos1,Reg-Arrest,18,431,36.46809914746499,15.150832656898931,35.35533905932738,33.49447824945047,14.150774914753516,1.055557241286702,83.14337718418628,0.9599109131403119,0.9096140017941137,-4.0655205243142145,415.6032409667969,407.0,162.2333526611328,True,True,ok,251.49954223632812,20.478004455566406,0.5699880123138428,8.179925918579102,17.91107177734375
Pos1,Reg-Arrest,19,470,39.41686178139162,15.30955336505303,38.27531841800928,37.362483958466555,13.649595119454798,1.0244318461416393,90.30724542977781,0.9494949494949495,0.9214904057922518,-18.69379515031501,458.7638244628906,461.5,217.19302368164062,True,True,ok,251.49954223632812,20.478004455566406,0.5699880123138428,8.179925918579102,17.91107177734375
Pos1,Reg-Arrest,20,285,24.952841597917065,14.77980222072926,24.515301344262525,24.643851604212678,13.047110061153681,0.9947836782165911,64.18218820481587,0.9595959595959596,0.8057106145175963,75.30677224468934,423.6000061035156,429.0,184.53761291503906,True,True,ok,251.49954223632812,20.478004455566406,0.5699880123138428,8.179925918579102,17.91107177734375
Pos1,Reg-Arrest,21,452,37.923520094727394,15.48838367120943,37.33630940518894,36.54032316468141,13.429028431700672,1.0217837767038935,88.41112653184076,0.9243353783231084,0.9127981351696768,78.73464331941541,458.50885009765625,461.5,216.94790649414062,True,True,ok,251.49954223632812,20.478004455566406,0.5699880123138428,8.179925918579102,17.91107177734375
Pos1,Reg-Arrest,22,366,32.596646558352724,14.410249641841895,32.14031735997639,30.50633226812821,13.228534167562989,1.0535621613731423,76.1142619597079,0.953125,0.8969767730975174,88.79183328895239,393.672119140625,386.5,141.28749084472656,True,True,ok,251.49954223632812,20.478004455566406,0.5699880123138428,8.179925918579102,17.91107177734375
Pos1,Reg-Arrest,23,352,30.09619657726408,14.945469756822611,29.732137494637012,28.361294957432385,13.866129915360068,1.0483349769205579,72.55206195996148,0.9617486338797814,0.8679852466770177,-16.757321581127393,386.86932373046875,378.0,132.84840393066406,True,True,ok,251.49954223632812,20.478004455566406,0.5699880123138428,8.179925918579102,17.91107177734375
Pos1,Reg-Arrest,24,538,42.54541907986413,16.29404289056368,41.0,39.24820586402833,14.925739710829989,1.0446337379609298,95.53552653133362,0.9488536155202821,0.923756651051178,81.25123549000223,339.5557556152344,336.0,90.53433990478516,True,True,ok,251.49954223632812,20.478004455566406,0.5699880123138428,8.179925918579102,17.91107177734375
Pos1,Reg-Arrest,25,538,43.450399783329885,15.954157458176644,41.88078318274385,40.473827975862214,14.390573465036958,1.0347620987992714,97.37582890035483,0.950530035335689,0.9301495456130846,-37.672642453729985,386.46282958984375,383.0,137.49752807617188,True,True,ok,251.49954223632812,20.478004455566406,0.5699880123138428,8.179925918579102,17.91107177734375
Pos1,Reg-Arrest,26,457,35.58623420006291,16.43945867607847,35.35533905932738,33.538213346125644,15.081683837429336,1.0541807547840543,84.29356616482454,0.9600840336134454,0.886900146524819,31.216589896148772,368.19476318359375,361.0,115.36526489257812,True,True,ok,251.49954223632812,20.478004455566406,0.5699880123138428,8.179925918579102,17.91107177734375
Pos1,Reg-Arrest,27,323,27.474548852877415,15.033300608711588,27.51363298439521,26.586267520193246,13.653985136191906,1.034881371125059,68.7598241640874,0.95,0.8370202693592824,-72.88752915935488,421.3157958984375,416.0,170.75634765625,True,True,ok,251.49954223632812,20.478004455566406,0.5699880123138428,8.179925918579102,17.91107177734375
Pos1,Reg-Arrest,28,347,30.02007702817021,14.779677116349944,29.732137494637012,28.554638431583335,13.527404059788086,1.0412367001555616,72.55206195996149,0.9506849315068493,0.8704106467867596,16.27840512130553,441.06341552734375,438.0,192.84600830078125,True,True,ok,251.49954223632812,20.478004455566406,0.5699880123138428,8.179925918579102,17.91107177734375
Pos1,Reg-Arrest,29,355,28.318026344101522,16.014708230553104,28.178005607210743,26.594333610251176,15.21732906381321,1.0595492265446018,70.56065828700996,0.9646739130434783,0.8247273660310167,-55.94032396735539,385.8788757324219,378.0,132.4803924560547,True,True,ok,251.49954223632812,20.478004455566406,0.5699880123138428,8.179925918579102,17.91107177734375
Pos1,Reg-Arrest,30,585,43.85976057814686,17.189545366074796,42.485291572496,41.50148978537619,15.30753871106536,1.0237052161791667,100.47795330784597,0.9527687296416938,0.9199990289083301,62.50158506922315,404.5111083984375,399.0,153.41806030273438,True,True,ok,251.49954223632812,20.478004455566406,0.5699880123138428,8.179925918579102,17.91107177734375
Pos1,Reg-Arrest,31,241,29.042442801530136,10.652457972004392,28.600699292150182,27.766006910442645,9.356267552522986,1.0300616644085618,66.21306012386609,0.94140625,0.9303040317869723,-37.23575240496521,247.85061645507812,248.0,2.0433807373046875,False,False,mcherry_below_background,251.49954223632812,20.478004455566406,0.5699880123138428,8.179925918579102,17.91107177734375
Pos1,Reg-Arrest,32,372,31.360792854519083,15.221178554139307,31.016124838541646,30.403287055822585,13.527102526997176,1.0201569580813368,76.24901498082107,0.9417721518987342,0.8743160971589555,-25.24550504465786,433.9166564941406,431.0,185.41098022460938,True,True,ok,251.49954223632812,20.478004455566406,0.5699880123138428,8.179925918579102,17.91107177734375
Pos1,Reg-Arrest,33,98,19.658660626892683,6.607534437008353,19.235384061671343,19.09686608616301,5.467684878747381,1.007253440165698,44.435601062048036,0.8828828828828829,0.941821611217528,58.703563413096745,251.1734619140625,251.0,4.971275329589844,False,False,mcherry_below_background,251.49954223632812,20.478004455566406,0.5699880123138428,8.179925918579102,17.91107177734375
Pos1,Reg-Arrest,34,439,34.06784696660422,16.529838177874307,33.12099032335839,32.296346240043256,15.1099381774135,1.0255336649287183,81.84208689961771,0.9606126914660832,0.8744012666981674,31.83933060396151,413.6127624511719,397.0,151.2965087890625,True,True,ok,251.49954223632812,20.478004455566406,0.5699880123138428,8.179925918579102,17.91107177734375
Pos1,Reg-Arrest,35,435,32.923468065322226,16.931863099893686,32.89376840679705,31.484213623071685,15.441747844460025,1.044770207717446,80.59661314396496,0.9497816593886463,0.8576226709393752,-17.643901408216465,465.2689514160156,450.0,203.45742797851562,True,True,ok,251.49954223632812,20.478004455566406,0.5699880123138428,8.179925918579102,17.91107177734375
Pos1,Reg-Arrest,36,343,28.93553790429492,15.170301843826852,28.635642126552707,26.584467172267225,14.630096384707397,1.0771568954530433,69.870544898627,0.9689265536723164,0.8515464037234346,85.17819918074105,424.1982421875,415.0,169.05642700195312,True,True,ok,251.49954223632812,20.478004455566406,0.5699880123138428,8.179925918579102,17.91107177734375
Pos1,Reg-Arrest,37,237,24.524496236533885,12.532381116468684,25.317977802344327,26.93380271999119,9.521735356234323,0.9400075461142536,64.73754857208567,0.9080459770114943,0.8595718993387614,12.787708189816495,406.00421142578125,410.0,163.32546997070312,True,True,ok,251.49954223632812,20.478004455566406,0.5699880123138428,8.179925918579102,17.91107177734375
Pos1,Reg-Arrest,38,526,42.05373465677607,16.086353534482605,40.26164427839479,38.62581612475203,14.841665017625884,1.0423506431128713,94.19476800066639,0.9563636363636364,0.9239476155681935,-9.431221138341419,443.42205810546875,434.5,188.18551635742188,True,True,ok,251.49954223632812,20.478004455566406,0.5699880123138428,8.179925918579102,17.91107177734375
Pos1,Reg-Arrest,39,200,29.01408546484087,8.883515331157454,28.600699292150182,26.97099406694197,7.913676154948442,1.0604243663086086,62.9761826952618,0.9259259259259259,0.951973830479858,51.52958497303421,247.6300048828125,249.0,1.9512481689453125,False,False,mcherry_below_background,251.49954223632812,20.478004455566406,0.5699880123138428,8.179925918579102,17.91107177734375
Pos1,Reg-Arrest,40,704,55.804046083160316,16.878909729040032,52.20153254455275,51.93196736919208,14.414853175077656,1.0051907368238968,120.3198252256283,0.8945362134688691,0.9531597021103078,14.419277180628354,374.8792724609375,367.5,120.7352066040039,True,True,ok,251.49954223632812,20.478004455566406,0.5699880123138428,8.179925918579102,17.91107177734375
Pos1,Reg-Arrest,41,447,38.479964959236504,14.912578256567317,37.21558813185679,36.38407535540064,13.334325888499173,1.0228537558900126,87.99051918568414,0.9430379746835443,0.9218523136467416,36.17170485070595,459.9060363769531,453.0,205.54396057128906,True,True,ok,251.49954223632812,20.478004455566406,0.5699880123138428,8.179925918579102,17.91107177734375
Pos1,Reg-Arrest,42,324,24.913976592607735,16.583213229502523,25.298221281347036,23.29871959611247,16.376655620848407,1.0858202390473077,65.29290893935547,0.972972972972973,0.746291836209535,8.466385422564809,392.370361328125,384.0,136.72808837890625,True,True,ok,251.49954223632812,20.478004455566406,0.5699880123138428,8.179925918579102,17.91107177734375
Pos1,Reg-Arrest,43,330,27.963679377135236,15.17533461838708,28.284271247461902,26.26642158996986,14.214335501477839,1.0768224042464385,68.7598241640874,0.9620991253644315,0.8399394144135486,89.28520276693278,449.38787841796875,446.0,198.634033203125,True,True,ok,251.49954223632812,20.478004455566406,0.5699880123138428,8.179925918579102,17.91107177734375
Pos1,Reg-Arrest,44,500,42.727641873112084,15.03707245320974,41.0,39.74030593975343,13.577132119603144,1.0316981470187037,94.98016616406383,0.945179584120983,0.9360269074162189,-79.7881805451143,423.88800048828125,413.0,166.26162719726562,True,True,ok,251.49954223632812,20.478004455566406,0.5699880123138428,8.179925918579102,17.91107177734375
Pos1,Reg-Arrest,45,449,40.169797433570835,14.428744051146705,39.56008088970496,38.00226338470692,12.730247002547417,1.0409927558584562,90.53728322590545,0.951271186440678,0.9332629750905513,-22.596369006448107,247.84632873535156,248.0,0.7599029541015625,False,False,mcherry_below_background,251.49954223632812,20.478004455566406,0.5699880123138428,8.179925918579102,17.91107177734375
Pos1,Reg-Arrest,46,465,37.396058716406294,15.99591526420153,36.05551275463989,33.628419227788854,15.32666073706991,1.0721738809787826,84.75364175707983,0.9728033472803347,0.9039002325328194,-41.34361585460885,378.9225769042969,373.0,125.2174072265625,True,True,ok,251.49954223632812,20.478004455566406,0.5699880123138428,8.179925918579102,17.91107177734375
Pos1,Reg-Arrest,47,505,40.76009532038734,16.014158508744863,39.21734310225516,38.6852948673162,14.167516822126728,1.0137532423305493,93.54412285838208,0.9404096834264432,0.9195862658534286,20.172931412670494,407.87921142578125,404.0,157.0136260986328,True,True,ok,251.49954223632812,20.478004455566406,0.5699880123138428,8.179925918579102,17.91107177734375
Pos1,Reg-Arrest,48,351,27.854833000205733,16.09807221945647,27.784887978899608,26.305037477461738,15.237679491118454,1.0562573044309786,70.00529791974016,0.9669421487603306,0.8160881561300509,-36.967846825571904,399.1282043457031,389.0,141.17843627929688,True,True,ok,251.49954223632812,20.478004455566406,0.5699880123138428,8.179925918579102,17.91107177734375
Pos1,Reg-Arrest,49,302,23.77713790702505,16.288874116423933,24.186773244895647,23.701808008374748,14.697512405414791,1.0204611072855516,64.18218820481587,0.9617834394904459,0.7284823757591363,-17.922179156902843,397.6755065917969,390.0,141.94044494628906,True,True,ok,251.49954223632812,20.478004455566406,0.5699880123138428,8.179925918579102,17.91107177734375
Pos1,Reg-Arrest,50,153,16.576828025326577,11.940395061618787,17.46424919657298,17.2614596445555,10.142639616974096,1.0117481114687448,46.101682163857426,0.9503105590062112,0.6936560476415052,-17.60343029540081,462.06536865234375,469.0,221.66659545898438,True,True,ok,251.49954223632812,20.478004455566406,0.5699880123138428,8.179925918579102,17.91107177734375
Pos1,Reg-Arrest,51,313,23.879561493758466,16.738340374175934,24.166091947189145,22.908275844742963,16.087731869663244,1.0549066246177068,64.18218820481587,0.9690402476780186,0.7132119904561782,-15.080413002512792,401.95208740234375,394.0,145.7180633544922,True,True,ok,251.49954223632812,20.478004455566406,0.5699880123138428,8.179925918579102,17.91107177734375
Pos1,Reg-Arrest,52,441,37.18617010712159,15.251195276437794,36.05551275463989,34.631413181652555,13.937916199703222,1.0411216130718517,85.17424910323648,0.962882096069869,0.9120266947885645,19.34056370846459,476.251708984375,472.0,223.3413848876953,True,True,ok,251.49954223632812,20.478004455566406,0.5699880123138428,8.179925918579102,17.91107177734375
Pos1,Reg-Arrest,53,401,29.959679636732048,17.084532293232815,30.364452901377952,28.475201690037533,16.015498683990813,1.0663472459969054,75.23357902129598,0.9639423076923077,0.8214706242770925,-13.693671003631732,383.9526062011719,375.0,126.81806945800781,True,True,ok,251.49954223632812,20.478004455566406,0.5699880123138428,8.179925918579102,17.91107177734375
Pos1,Reg-Arrest,54,345,28.475872990462413,15.49468659752641,28.160255680657446,26.68445605882597,14.656428038923664,1.055305591336697,70.10058269475465,0.9610027855153204,0.8389984182508501,-13.251043468657246,375.4202880859375,364.0,115.87176513671875,True,True,ok,251.49954223632812,20.478004455566406,0.5699880123138428,8.179925918579102,17.91107177734375
Pos1,Reg-Arrest,55,462,37.256674277657055,15.903287909338978,36.05551275463989,34.12545164885228,14.942369130534509,1.0565578186524172,85.30900212434965,0.9685534591194969,0.9043189381291421,-38.130395196165225,456.4328918457031,443.0,194.49354553222656,True,True,ok,251.49954223632812,20.478004455566406,0.5699880123138428,8.179925918579102,17.91107177734375
Pos1,Reg-Arrest,56,416,35.19870673567945,15.18149290511119,33.734255586866,32.194436202071856,14.280948167956467,1.0478287420574568,80.69189791897944,0.9563218390804598,0.9022046254110575,-5.690493977837096,353.42547607421875,351.0,102.17462158203125,True,True,ok,251.49954223632812,20.478004455566406,0.5699880123138428,8.179925918579102,17.91107177734375
Pos1,Reg-Arrest,57,524,43.77701353804442,15.398268711231822,41.593268686170845,40.1508758763801,14.115768585504355,1.0359243174229051,96.41620946974555,0.9441441441441442,0.9360965179914542,-86.39200134961796,477.16412353515625,476.0,228.21771240234375,True,True,ok,251.49954223632812,20.478004455566406,0.5699880123138428,8.179925918579102,17.91107177734375
Pos1,Reg-Arrest,58,355,28.974023997324437,15.672905358132393,28.861739379323623,27.8008524315261,14.361512119129916,1.038160230892578,71.9967015926917,0.9517426273458445,0.8410679146405261,-76.89048678522869,398.2704162597656,386.0,137.54220581054688,True,True,ok,251.49954223632812,20.478004455566406,0.5699880123138428,8.179925918579102,17.91107177734375
Pos1,Reg-Arrest,59,379,27.98953017190814,17.351718404336594,28.231188426986208,27.85247509733397,15.445535562308255,1.013597115815696,73.33746012335894,0.9522613065326633,0.7846523500123668,68.53379439593759,332.99737548828125,329.0,80.00154113769531,True,True,ok,251.49954223632812,20.478004455566406,0.5699880123138428,8.179925918579102,17.91107177734375
Pos1,Reg-Arrest,60,351,29.390144529986095,15.279698935414054,29.154759474226502,28.576741268580445,13.69018727457934,1.020226876123261,72.78209975608914,0.9460916442048517,0.8542320422960465,-20.957222683120484,404.0199279785156,392.0,142.9254150390625,True,True,ok,251.49954223632812,20.478004455566406,0.5699880123138428,8.179925918579102,17.91107177734375
Pos1,Reg-Arrest,61,394,27.57560414939502,18.332618720592677,27.459060435491963,27.007277825825717,16.842802584819403,1.0167281801809076,73.24217534834445,0.9609756097560975,0.7470098677882556,43.33870841799501,386.8578796386719,379.5,130.26345825195312,True,True,ok,251.49954223632812,20.478004455566406,0.5699880123138428,8.179925918579102,17.91107177734375
Pos1,Reg-Arrest,62,466,36.75680718912547,16.308827417806558,35.805027579936315,34.96679823814621,14.642844911588801,1.0239721502689845,86.64976065501688,0.9510204081632653,0.8961776410244104,-41.21019068483352,443.7081604003906,440.5,191.91278076171875,True,True,ok,251.49954223632812,20.478004455566406,0.5699880123138428,8.179925918579102,17.91107177734375
Pos1,Reg-Arrest,63,352,30.409598526360476,14.81949294627124,29.614185789921695,28.182582242968174,13.977717557764919,1.0507974583241293,72.32202416383385,0.9591280653950953,0.8732181894963117,5.2782993276732935,414.4602355957031,405.0,155.08639526367188,True,True,ok,251.49954223632812,20.478004455566406,0.5699880123138428,8.179925918579102,17.91107177734375
Pos1,Reg-Arrest,64,444,35.23804721855237,16.09850981678987,34.713109915419565,32.68993510942212,15.073806356374485,1.0618898385458804,82.58801681691648,0.9652173913043478,0.8895436310217372,83.53676230750322,488.6216125488281,472.5,223.04820251464844,True,True,ok,251.49954223632812,20.478004455566406,0.5699880123138428,8.179925918579102,17.91107177734375
Pos1,Reg-Arrest,65,414,34.16930430225634,15.507060073318558,33.52610922848042,32.021381511752665,14.299156772777906,1.0469913428368318,80.36657534783731,0.9605568445475638,0.8910882146019723,74.71580420852649,411.15216064453125,407.0,157.39173889160156,True,True,ok,251.49954223632812,20.478004455566406,0.5699880123138428,8.179925918579102,17.91107177734375
Pos1,Reg-Arrest,66,390,31.71741666747355,15.708661140910905,31.25699921617557,29.655855550696074,14.718516981936888,1.0539908101029953,76.11426195970792,0.9629629629629629,0.8687395298659178,88.86049259440213,410.8487243652344,403.5,154.11068725585938,True,True,ok,251.49954223632812,20.478004455566406,0.5699880123138428,8.179925918579102,17.91107177734375
Pos1,Reg-Arrest,67,343,26.157493554043494,16.723277038592588,26.570660511172846,24.24579869930412,16.57987914979444,1.0958872025913278,67.41906563342016,0.9744318181818182,0.7689322625118562,-76.15810243440897,374.11370849609375,363.0,114.08152770996094,True,True,ok,251.49954223632812,20.478004455566406,0.5699880123138428,8.179925918579102,17.91107177734375
Pos1,Reg-Arrest,68,505,41.81099331548009,15.53108348684026,39.824615503479755,37.8113198615224,14.558776984509947,1.0532458440840127,92.24283257381352,0.9692898272552783,0.9284492272170325,-43.35469118014014,438.7069396972656,429.0,179.00469970703125,True,True,ok,251.49954223632812,20.478004455566406,0.5699880123138428,8.179925918579102,17.91107177734375
Pos1,Reg-Arrest,69,376,32.93269693251994,14.659020576055124,32.57299494980466,31.46649082850767,13.123870741900042,1.0351645223907373,77.91509608263046,0.9423558897243107,0.895470650012634,16.59659453644933,419.22607421875,407.0,157.57154846191406,True,True,ok,251.49954223632812,20.478004455566406,0.5699880123138428,8.179925918579102,17.91107177734375
Pos1,Reg-Arrest,70,364,29.25496796527912,15.868581085052034,28.844410203711913,26.837764495468818,15.478837748214248,1.0747694804677896,71.3460564504074,0.9706666666666667,0.8401052225061533,-47.42403585502537,445.24725341796875,424.0,173.94668579101562,True,True,ok,251.49954223632812,20.478004455566406,0.5699880123138428,8.179925918579102,17.91107177734375
Pos1,Reg-Arrest,71,402,33.83787318922251,15.283844329763578,33.1058907144937,32.49211769994147,13.592495466989284,1.0188899049369544,80.50132836895047,0.9458823529411765,0.8921807058268965,30.27095125759058,467.2015075683594,450.5,200.91424560546875,True,True,ok,251.49954223632812,20.478004455566406,0.5699880123138428,8.179925918579102,17.91107177734375
Pos1,Reg-Arrest,72,226,24.832986873047354,11.806160031853189,24.698178070456937,23.9890427540647,10.385932754787138,1.0295608008899013,59.834590041672,0.9300411522633745,0.8797576212457893,-21.319219683139632,247.3274383544922,246.0,-4.3992919921875,False,False,mcherry_below_background,251.49954223632812,20.478004455566406,0.5699880123138428,8.179925918579102,17.91107177734375
Pos1,Reg-Arrest,73,369,26.421951332600923,17.77826464571754,26.92582403567252,24.975166864704665,17.3660248529655,1.0781038693969471,69.77526012361251,0.9710526315789474,0.7397701708474758,-61.38113228897316,415.24932861328125,398.0,148.40296936035156,True,True,ok,251.49954223632812,20.478004455566406,0.5699880123138428,8.179925918579102,17.91107177734375
Pos1,Reg-Arrest,74,442,36.9994917184209,15.377533661519408,35.90264614203248,34.894268020113586,13.845849795425895,1.0288981021564243,85.59485644939312,0.9464668094218416,0.9095407623822928,5.327762217695518,465.3144836425781,459.5,208.926513671875,True,True,ok,251.49954223632812,20.478004455566406,0.5699880123138428,8.179925918579102,17.91107177734375
Pos1,Reg-Arrest,75,644,45.37964072199674,18.25550058190639,43.41658669218482,41.82376669679197,16.85577677191723,1.0380840876179387,102.88996432695413,0.9611940298507463,0.9155149551476007,83.43787676332258,396.961181640625,396.5,145.97853088378906,True,True,ok,251.49954223632812,20.478004455566406,0.5699880123138428,8.179925918579102,17.91107177734375
Pos1,Reg-Arrest,76,454,34.31470297431253,17.005933522517097,33.28663395418648,32.38754459815552,15.638148870848456,1.0277603432796867,82.62748506301516,0.9557894736842105,0.8685580896747319,-42.958734823762875,433.02203369140625,429.5,179.55319213867188,True,True,ok,251.49954223632812,20.478004455566406,0.5699880123138428,8.179925918579102,17.91107177734375
Pos1,Reg-Arrest,77,464,35.56716028668801,16.853179247790774,34.48187929913333,34.203654812315584,14.972295061640438,1.008134349628554,85.49957167437863,0.9411764705882353,0.8806104102942013,-13.626142787524811,409.6012878417969,404.0,153.00210571289062,True,True,ok,251.49954223632812,20.478004455566406,0.5699880123138428,8.179925918579102,17.91107177734375
Pos1,Reg-Arrest,78,408,32.22915011864451,16.17556654301267,32.28002478313795,30.81052372149412,14.759563276732942,1.0476947771134013,78.47045644990027,0.955503512880562,0.8649300471315585,-14.64038354340798,421.89215087890625,411.0,160.57041931152344,True,True,ok,251.49954223632812,20.478004455566406,0.5699880123138428,8.179925918579102,17.91107177734375
Pos1,Reg-Arrest,79,360,31.005710251494484,14.883942161588296,30.463092423455635,29.59621015899944,13.481615804566191,1.029290313178581,74.58293387901169,0.9523809523809523,0.877247288757684,-60.02955558254603,423.16943359375,408.5,158.45571899414062,True,True,ok,251.49954223632812,20.478004455566406,0.5699880123138428,8.179925918579102,17.91107177734375
Pos1,Reg-Arrest,80,633,49.388136839988896,16.52678201656304,47.07440918375928,45.249451419505796,15.065562299529052,1.0403310472724714,107.69763808235331,0.9518796992481203,0.9423493829103273,-9.668719985940662,416.2337951660156,411.0,159.8697967529297,True,True,ok,251.49954223632812,20.478004455566406,0.5699880123138428,8.179925918579102,17.91107177734375
Pos1,Reg-Arrest,81,405,32.10325078167887,16.176269915900225,31.400636936215164,29.693971605246514,15.339724601017618,1.0574751452468927,76.89966012310536,0.9597156398104265,0.8637721409566205,-87.66044231972074,431.21234130859375,424.0,173.03506469726562,True,True,ok,251.49954223632812,20.478004455566406,0.5699880123138428,8.179925918579102,17.91107177734375
Pos1,Reg-Arrest,82,521,44.45771046715449,15.11585464320163,42.5440947723653,41.611321810532814,13.454178020982841,1.0224163261642982,98.58183440990891,0.9489981785063752,0.9404235401380615,-25.09094366878797,449.3282165527344,444.0,192.89462280273438,True,True,ok,251.49954223632812,20.478004455566406,0.5699880123138428,8.179925918579102,17.91107177734375
Pos1,Reg-Arrest,83,439,35.99156506298394,15.6296650064856,35.34119409414458,33.91149161498571,14.22621728307055,1.0421598228527076,84.0635283686969,0.9543478260869566,0.9007880025340308,-27.145446905265665,460.8974914550781,448.0,196.74403381347656,True,True,ok,251.49954223632812,20.478004455566406,0.5699880123138428,8.179925918579102,17.91107177734375
Pos1,Reg-Arrest,84,293,26.162818864551415,14.536470690609924,26.92582403567252,26.140363706041235,12.489266848461124,1.0300477965212764,66.53838269500824,0.9451612903225807,0.831439287316596,-36.84772403889783,380.9351501464844,377.0,125.2095947265625,True,True,ok,251.49954223632812,20.478004455566406,0.5699880123138428,8.179925918579102,17.91107177734375
Pos1,Reg-Arrest,85,577,42.782705105075664,17.305944721662488,41.048751503547585,39.57803498961276,15.959947590619485,1.0371599174724266,97.37582890035485,0.966499162479062,0.9145344778205436,-49.386739846152174,345.0329284667969,340.0,89.11714172363281,True,True,ok,251.49954223632812,20.478004455566406,0.5699880123138428,8.179925918579102,17.91107177734375
Pos1,Reg-Arrest,86,1020,108.27553961183119,14.145507967599812,96.5090669315583,98.28109210230194,10.624892573218096,0.9819698262113417,208.69148351137042,0.7418181818181818,0.9914293952284565,81.2213572346402,249.69705200195312,249.0,-3.0521926879882812,False,False,mcherry_below_background,251.49954223632812,20.478004455566406,0.5699880123138428,8.179925918579102,17.91107177734375
Pos1,Reg-Arrest,87,451,34.17142847690136,16.885348268989695,33.95585369269929,32.63313406625615,15.374824308249895,1.0405330246171753,82.81805461304414,0.9534883720930233,0.8693843634346843,81.58824580073757,371.84478759765625,366.0,114.42626953125,True,True,ok,251.49954223632812,20.478004455566406,0.5699880123138428,8.179925918579102,17.91107177734375
Pos1,Reg-Arrest,88,470,38.10981370364631,15.819794915006481,37.0,36.083330395497114,14.229651609762053,1.0254042405303385,88.41112653184076,0.9533468559837728,0.9097708673706927,-70.40484231925592,452.2638244628906,444.5,193.365234375,True,True,ok,251.49954223632812,20.478004455566406,0.5699880123138428,8.179925918579102,17.91107177734375
Pos1,Reg-Arrest,89,431,32.754554668828035,16.812536833387913,32.69556544854363,31.196101112785826,15.460024638057385,1.0480657608569952,80.04125277669516,0.9577777777777777,0.858216113217486,67.16783754567665,462.3805236816406,443.0,191.05491638183594,True,True,ok,251.49954223632812,20.478004455566406,0.5699880123138428,8.179925918579102,17.91107177734375
Pos1,Reg-Arrest,90,350,28.30153013203105,15.781114402271319,28.160255680657446,26.72288985611666,14.874066945217864,1.0537878138285177,70.4259052658968,0.9615384615384616,0.8301054751577686,-9.23185736081567,484.0685729980469,465.5,213.797119140625,True,True,ok,251.49954223632812,20.478004455566406,0.5699880123138428,8.179925918579102,17.91107177734375
Pos1,Reg-Arrest,91,405,30.606944422218554,16.87629750252471,30.4138126514911,28.08139177057054,16.503923378257184,1.0830593048940313,75.00354122516832,0.9782608695652174,0.8342490220887739,-89.8220706220176,425.8148193359375,412.0,160.7197723388672,True,True,ok,251.49954223632812,20.478004455566406,0.5699880123138428,8.179925918579102,17.91107177734375
Pos1,Reg-Arrest,92,496,39.33290841728644,16.201242634067615,38.07886552931954,36.87104392961623,14.71207379782946,1.0327579984447672,90.53728322590545,0.9593810444874274,0.9112288517088688,-23.640542205794077,346.5382995605469,345.0,93.72193145751953,True,True,ok,251.49954223632812,20.478004455566406,0.5699880123138428,8.179925918579102,17.91107177734375
Pos1,Reg-Arrest,93,343,25.605539359122456,17.09156879867462,25.553864678361276,24.138326469493585,16.684697347625608,1.0586427650921315,67.32378085840567,0.9689265536723164,0.7446143036861389,39.711337681765954,357.91546630859375,348.0,96.48353576660156,True,True,ok,251.49954223632812,20.478004455566406,0.5699880123138428,8.179925918579102,17.91107177734375
Pos1,Reg-Arrest,94,405,32.533950342621225,15.888121053307168,32.55764119219941,30.314968933779138,14.939760137132879,1.0739790386498245,77.68505828650281,0.9574468085106383,0.8726449918973563,-5.315612494490117,447.977783203125,435.0,183.09616088867188,True,True,ok,251.49954223632812,20.478004455566406,0.5699880123138428,8.179925918579102,17.91107177734375
Pos1,Reg-Arrest,95,596,47.32420293422606,16.508078601847128,44.94441010848846,44.761047896894596,14.294846402007051,1.0040964682510614,105.84098743051493,0.9356357927786499,0.9371861990856899,58.29311920415797,411.8103942871094,408.0,155.97457885742188,True,True,ok,251.49954223632812,20.478004455566406,0.5699880123138428,8.179925918579102,17.91107177734375
Pos1,Reg-Arrest,96,546,43.09338057753487,16.36584406705913,41.773197148410844,41.003190082977184,14.401547847336612,1.0187791989812358,98.44708138879575,0.9413793103448276,0.9250783598617888,79.01226052040214,470.4084167480469,456.0,204.02947998046875,True,True,ok,251.49954223632812,20.478004455566406,0.5699880123138428,8.179925918579102,17.91107177734375
Pos1,Reg-Arrest,97,463,37.7120649499064,15.825189725192795,36.40054944640259,35.569602891496665,14.240179926003398,1.0233611423057123,87.39569057231566,0.9487704918032787,0.9076943173543212,-73.04729454753,464.7300109863281,452.0,199.5465545654297,True,True,ok,251.49954223632812,20.478004455566406,0.5699880123138428,8.179925918579102,17.91107177734375
Pos1,Reg-Arrest,98,354,27.84094554960529,16.232125484135782,28.178005607210743,26.441109574041086,15.284262112175288,1.0656892264035271,70.3306204908823,0.959349593495935,0.8124501358911111,29.539528424137416,353.11865234375,346.5,93.63301086425781,True,True,ok,251.49954223632812,20.478004455566406,0.5699880123138428,8.179925918579102,17.91107177734375
Pos1,Reg-Arrest,99,246,37.86729277405473,9.037436037544323,36.05551275463989,35.80794985009189,7.178843744844696,1.006913629671188,79.81121498056751,0.8512110726643599,0.9711030080079937,18.40407372508863,250.21951293945312,252.0,-1.2658233642578125,False,False,mcherry_below_background,251.49954223632812,20.478004455566406,0.5699880123138428,8.179925918579102,17.91107177734375
Pos1,Reg-Arrest,100,380,30.03483034131963,16.160176151204286,29.68164415931166,27.72393583425103,15.587261904574587,1.0706143722437134,73.24217534834446,0.9669211195928753,0.842914290874975,-38.35609839485746,416.9605407714844,405.5,153.2430419921875,True,True,ok,251.49954223632812,20.478004455566406,0.5699880123138428,8.179925918579102,17.91107177734375
Pos1,Reg-Arrest,101,463,33.241920346618016,17.770775636797847,32.7566787083184,30.945517599814348,16.95545519301825,1.0585274136282314,81.24725828624923,0.9706498951781971,0.8451119792975991,-3.8112830067599335,338.8898620605469,334.0,80.83891296386719,True,True,ok,251.49954223632812,20.478004455566406,0.5699880123138428,8.179925918579102,17.91107177734375
Pos1,Reg-Arrest,102,355,31.607414169538284,14.416594519011271,31.016124838541646,30.17094400693962,12.961196085025794,1.0280130721600103,75.13829424628148,0.9491978609625669,0.8899211866716087,25.066743348039388,469.16339111328125,451.0,197.88088989257812,True,True,ok,251.49954223632812,20.478004455566406,0.5699880123138428,8.179925918579102,17.91107177734375
Pos1,Reg-Arrest,103,432,31.436545805288763,17.53931310387362,31.622776601683793,29.883354699364965,16.383906284221,1.0582070493697213,78.47045644990027,0.9642857142857143,0.8298897008651509,-14.964703832520602,329.0763854980469,325.0,72.69474792480469,True,True,ok,251.49954223632812,20.478004455566406,0.5699880123138428,8.179925918579102,17.91107177734375
Pos1,Reg-Arrest,104,387,29.51692982468404,16.79075386563354,29.732137494637012,28.813392593453905,15.138036504442804,1.031886036960182,74.90825645015383,0.9532019704433498,0.8224401586007861,-67.72519547376172,400.509033203125,392.0,139.017578125,True,True,ok,251.49954223632812,20.478004455566406,0.5699880123138428,8.179925918579102,17.91107177734375
Pos1,Reg-Arrest,105,441,38.60142371116721,14.694748396242176,37.73592452822641,35.856834665104046,13.368528474636445,1.0524053470049073,86.97508322615903,0.9504310344827587,0.9247072821974923,-56.66756242315789,525.1270141601562,508.0,254.91163635253906,True,True,ok,251.49954223632812,20.478004455566406,0.5699880123138428,8.179925918579102,17.91107177734375
Pos1,Reg-Arrest,106,90,17.831238827973593,6.48968856434853,18.384776310850235,17.930470610543455,5.363717571674674,1.025337076208119,41.9841217968412,0.8910891089108911,0.9314182853210391,-25.690312677595298,252.94444274902344,253.0,-0.7261505126953125,False,False,mcherry_below_background,251.49954223632812,20.478004455566406,0.5699880123138428,8.179925918579102,17.91107177734375
Pos1,Reg-Arrest,107,350,31.74160187338107,14.211321166143623,31.622776601683793,30.401714056900687,12.640367702190714,1.0401642664784536,75.23357902129598,0.9536784741144414,0.8941742641956725,15.12922596564158,463.5657043457031,455.5,201.5617218017578,True,True,ok,251.49954223632812,20.478004455566406,0.5699880123138428,8.179925918579102,17.91107177734375
Pos1,Reg-Arrest,108,356,28.06287236692113,16.217893673802894,27.784887978899608,26.250769976776432,15.534258832649437,1.0584408763430704,70.23533571586782,0.9700272479564033,0.8160985074373548,-43.08859504001579,438.10113525390625,420.0,166.32449340820312,True,True,ok,251.49954223632812,20.478004455566406,0.5699880123138428,8.179925918579102,17.91107177734375
Pos1,Reg-Arrest,109,436,32.37726993568454,17.188535344524013,32.69556544854363,31.011764367799636,15.782971259002311,1.0542955589618865,80.04125277669516,0.956140350877193,0.8474452578020517,-22.473964393547433,360.8027648925781,357.5,103.50914001464844,True,True,ok,251.49954223632812,20.478004455566406,0.5699880123138428,8.179925918579102,17.91107177734375
Pos1,Reg-Arrest,110,452,37.01861344948294,15.653197847797786,36.05551275463989,34.551179655563026,14.363452945926674,1.0435392688201504,85.49957167437861,0.9576271186440678,0.9062012381441853,-16.57792112808691,529.8318481445312,516.5,263.01715087890625,True,True,ok,251.49954223632812,20.478004455566406,0.5699880123138428,8.179925918579102,17.91107177734375
Pos1,Reg-Arrest,111,313,24.94168680757663,16.066850324063655,25.298221281347036,24.81440454303228,14.409253567778418,1.0194974147969476,66.07830710275292,0.945619335347432,0.7648768157265755,-9.049789231006734,432.1309814453125,421.0,166.899658203125,True,True,ok,251.49954223632812,20.478004455566406,0.5699880123138428,8.179925918579102,17.91107177734375
Pos1,Reg-Arrest,112,363,28.62654197976848,16.285413781464516,28.30194339616981,28.461742348936994,14.294670344238424,0.9943854824202936,73.24217534834445,0.9428571428571428,0.8224121659204153,-33.34401140721395,446.34710693359375,428.0,174.4530792236328,True,True,ok,251.49954223632812,20.478004455566406,0.5699880123138428,8.179925918579102,17.91107177734375
Pos1,Reg-Arrest,113,438,36.886864126656434,15.249263838920587,36.05551275463989,35.77903903961858,13.303315594260418,1.0077272537899962,86.74504543003138,0.9379014989293362,0.9105466436634886,19.712089761250226,425.0068359375,412.5,158.66921997070312,True,True,ok,251.49954223632812,20.478004455566406,0.5699880123138428,8.179925918579102,17.91107177734375
Pos1,Reg-Arrest,114,307,26.238492017629042,15.025611399877912,26.419689627245813,25.24444065528294,13.773896287659849,1.046554763799725,66.21306012386609,0.953416149068323,0.8197962628200408,39.486680502776885,433.7557067871094,432.0,177.78399658203125,True,True,ok,251.49954223632812,20.478004455566406,0.5699880123138428,8.179925918579102,17.91107177734375
Pos1,Reg-Arrest,115,233,25.762082210935414,11.63048916664002,25.553864678361276,24.19231360497156,10.634332817346701,1.0562803167825137,60.524703430054956,0.9549180327868853,0.892292546036627,48.05912375128422,268.2918395996094,268.0,13.77008056640625,False,False,mcherry_below_background,251.49954223632812,20.478004455566406,0.5699880123138428,8.179925918579102,17.91107177734375
Pos1,Reg-Arrest,116,487,40.09136532129008,15.626103992155931,39.395431207184416,38.368026646991005,13.75039404861219,1.0267776231925128,92.4334021238425,0.9474708171206225,0.920915482277067,25.27818551014832,463.5420837402344,451.0,197.28529357910156,True,True,ok,251.49954223632812,20.478004455566406,0.5699880123138428,8.179925918579102,17.91107177734375
Pos1,Reg-Arrest,117,591,44.88240948781388,16.99627868492783,43.46262762420146,42.62697035475985,14.996707838324154,1.0196039564268096,102.37407220578302,0.9456,0.9255257695394837,-24.658969584064465,497.81048583984375,485.0,231.2974395751953,True,True,ok,251.49954223632812,20.478004455566406,0.5699880123138428,8.179925918579102,17.91107177734375
Pos1,Reg-Arrest,118,372,29.38329622032093,16.157401005139963,29.410882339705484,27.700581973912282,15.225164382066918,1.061742398315094,72.78209975608914,0.9612403100775194,0.8352411123797174,-15.247598546470252,407.05645751953125,393.0,139.23101806640625,True,True,ok,251.49954223632812,20.478004455566406,0.5699880123138428,8.179925918579102,17.91107177734375
Pos1,Reg-Arrest,119,402,31.13776331143056,16.556040486347293,30.675723300355934,30.35189798021961,14.791596194974034,1.0106690303304051,77.58977351148832,0.95260663507109,0.8469309163994089,65.45276523927652,448.39801025390625,435.5,181.55718994140625,True,True,ok,251.49954223632812,20.478004455566406,0.5699880123138428,8.179925918579102,17.91107177734375
Pos1,Reg-Arrest,120,356,31.843836591476023,14.445855242178677,30.675723300355934,30.04087668423734,13.071026525767628,1.0211327592996546,75.00354122516832,0.956989247311828,0.8911815537152243,-14.011557474087926,456.1573181152344,450.5,195.77593994140625,True,True,ok,251.49954223632812,20.478004455566406,0.5699880123138428,8.179925918579102,17.91107177734375
Pos1,Reg-Arrest,121,393,33.18413453535062,15.171674644668254,32.7566787083184,31.014003971104064,14.034639335803405,1.0561899308079665,78.04984910374363,0.9562043795620438,0.8893656373800537,-53.24405656845735,457.6946716308594,439.0,184.53355407714844,True,True,ok,251.49954223632812,20.478004455566406,0.5699880123138428,8.179925918579102,17.91107177734375
Pos1,Reg-Arrest,122,393,32.45790204606459,15.67205941678058,31.622776601683793,31.556864054553685,13.736993543732135,1.0020886912912563,78.79577902104239,0.9515738498789347,0.8757071290981489,-11.871837895441976,404.64886474609375,401.0,146.27232360839844,True,True,ok,251.49954223632812,20.478004455566406,0.5699880123138428,8.179925918579102,17.91107177734375
Pos1,Reg-Arrest,123,342,27.30155825286074,16.01554765630546,27.313000567495326,27.014495284994858,14.279725670650853,1.0110498189713089,70.33062049088231,0.95,0.8098647716157862,21.82829588121854,415.77777099609375,407.0,152.7032928466797,True,True,ok,251.49954223632812,20.478004455566406,0.5699880123138428,8.179925918579102,17.91107177734375
Pos1,Reg-Arrest,124,406,32.26619768630358,16.140622795413126,31.622776601683793,30.382588981411693,14.939333475179135,1.0408190237188428,77.81981130761596,0.9508196721311475,0.8658907332322356,-51.895011557266116,445.6994934082031,432.0,177.85665893554688,True,True,ok,251.49954223632812,20.478004455566406,0.5699880123138428,8.179925918579102,17.91107177734375
Pos1,Reg-Arrest,125,298,24.536265303754032,15.506814712525248,24.698178070456937,23.641411004578202,14.518351683851023,1.044699830550473,63.856865633673735,0.9644012944983819,0.7749718749920991,-32.57727393244586,394.37249755859375,384.0,128.97491455078125,True,True,ok,251.49954223632812,20.478004455566406,0.5699880123138428,8.179925918579102,17.91107177734375
Pos1,Reg-Arrest,126,343,29.601544135973885,14.793969697219161,29.5296461204668,27.603500069763832,13.93581017250367,1.0697790514186576,71.11601865427976,0.9607843137254902,0.8661580369819258,30.414147603727077,403.8833923339844,399.0,144.45132446289062,True,True,ok,251.49954223632812,20.478004455566406,0.5699880123138428,8.179925918579102,17.91107177734375
Pos1,Reg-Arrest,127,332,26.284471607088992,16.097615651014557,26.68332812825267,24.423622994276606,15.781863365136,1.092521291149376,66.86370526615036,0.9707602339181286,0.7905184353092801,82.6668642599276,418.9247131347656,401.0,146.24267578125,True,True,ok,251.49954223632812,20.478004455566406,0.5699880123138428,8.179925918579102,17.91107177734375
Pos1,Reg-Arrest,128,426,34.111259344627655,15.977657121995753,33.24154027718932,30.83862209573323,15.481787782418985,1.0779191162950357,79.35113938831219,0.9838337182448037,0.8835174014498499,88.56690783907743,432.7934265136719,425.0,170.40072631835938,True,True,ok,251.49954223632812,20.478004455566406,0.5699880123138428,8.179925918579102,17.91107177734375
Pos1,Reg-Arrest,129,388,30.647123845906908,16.24888627020333,30.675723300355934,29.036016909147257,15.032984969757957,1.0564714642624455,75.23357902129598,0.9580246913580247,0.8478770726061536,-16.354391268865616,411.930419921875,397.0,142.10147094726562,True,True,ok,251.49954223632812,20.478004455566406,0.5699880123138428,8.179925918579102,17.91107177734375
Pos1,Reg-Arrest,130,426,34.0776606391348,16.105202636582582,33.54101966249684,32.78300636448802,14.340806148476558,1.0231221410745885,81.9373716746322,0.9424778761061947,0.8812754735413668,-25.861910942919277,464.1244201660156,450.5,195.04498291015625,True,True,ok,251.49954223632812,20.478004455566406,0.5699880123138428,8.179925918579102,17.91107177734375
Pos1,Reg-Arrest,131,393,30.022896618064486,16.716222084380522,30.083217912982647,28.360973164150302,15.729141449238671,1.0607258692733912,74.67821865402618,0.960880195599022,0.8306583520528784,-78.47500871413698,418.017822265625,394.0,138.37911987304688,True,True,ok,251.49954223632812,20.478004455566406,0.5699880123138428,8.179925918579102,17.91107177734375
Pos1,Reg-Arrest,132,485,36.20165335095561,17.118265525637504,35.510561809129406,33.8267356529692,15.952179727520148,1.0497779677422823,85.86436249161943,0.958498023715415,0.8811382874407215,51.44178061453435,425.847412109375,414.0,158.17828369140625,True,True,ok,251.49954223632812,20.478004455566406,0.5699880123138428,8.179925918579102,17.91107177734375
Pos1,Reg-Arrest,133,117,20.7481824009337,8.595241929875984,19.72308292331602,20.66613367489644,6.040308236432473,0.9543673351573274,48.22783885792211,0.8125,0.910156395139535,-32.164368487644865,252.61538696289062,251.0,-3.9888916015625,False,False,mcherry_below_background,251.49954223632812,20.478004455566406,0.5699880123138428,8.179925918579102,17.91107177734375
Pos1,Reg-Arrest,134,403,33.792968701749885,15.60218081805643,33.12099032335839,33.078086779625394,13.337364864983346,1.0012970382482769,81.3820113073624,0.9372093023255814,0.887036643621815,-27.425327071339627,252.1091766357422,253.0,-3.036041259765625,False,False,mcherry_below_background,251.49954223632812,20.478004455566406,0.5699880123138428,8.179925918579102,17.91107177734375
Pos1,Reg-Arrest,135,428,34.36254357638903,15.99046956229201,33.52610922848042,32.55333881310522,14.541663526033156,1.0298823546475542,81.70733387850454,0.9511111111111111,0.8851289012391862,14.544487433157428,418.6939392089844,406.0,150.63265991210938,True,True,ok,251.49954223632812,20.478004455566406,0.5699880123138428,8.179925918579102,17.91107177734375
Pos1,Reg-Arrest,136,380,30.633802269920498,15.90239857289051,30.463092423455635,29.7067885584405,14.260846410912672,1.025458957420702,75.69365461355127,0.9547738693467337,0.854705745259164,-26.89767812689097,388.0789489746094,377.0,121.17347717285156,True,True,ok,251.49954223632812,20.478004455566406,0.5699880123138428,8.179925918579102,17.91107177734375
Pos1,Reg-Arrest,137,316,30.82942230025868,13.08332461670809,30.083217912982647,27.96319037378018,12.49963082482853,1.075814937811614,70.19586746976914,0.9753086419753086,0.9054851860433565,-8.056450563426154,251.8196258544922,253.0,-3.0908966064453125,False,False,mcherry_below_background,251.49954223632812,20.478004455566406,0.5699880123138428,8.179925918579102,17.91107177734375
Pos1,Reg-Arrest,138,362,26.921004779478434,17.14795779972945,27.313000567495326,26.008768327749443,16.041697340813336,1.0501458670903059,70.33062049088231,0.9653333333333334,0.7708859698650093,-24.0132960161432,416.2320556640625,405.5,149.95175170898438,True,True,ok,251.49954223632812,20.478004455566406,0.5699880123138428,8.179925918579102,17.91107177734375
Pos1,Reg-Arrest,139,528,41.704322922303206,16.291307619526894,39.96248240537617,38.22527251176324,15.09148714455499,1.0454466320175568,93.67887587949525,0.9635036496350365,0.9205442328620569,-35.899526058320966,458.13824462890625,446.5,190.9132537841797,True,True,ok,251.49954223632812,20.478004455566406,0.5699880123138428,8.179925918579102,17.91107177734375
Pos1,Reg-Arrest,140,486,37.2471274485204,18.72222945248754,38.27531841800928,40.2732567184993,12.962980707498089,0.950390446085472,95.34495698130463,0.8756756756756757,0.8644906213569554,-50.447701699319836,251.3333282470703,250.0,-5.160972595214844,False,False,mcherry_below_background,251.49954223632812,20.478004455566406,0.5699880123138428,8.179925918579102,17.91107177734375
Pos1,Reg-Arrest,141,386,33.00687358278949,15.008053526764206,32.55764119219941,31.93945784267651,13.268218820598474,1.0193548479303522,79.02581681717007,0.9368932038834952,0.890647318468307,-8.76125916224391,470.90155029296875,459.0,202.88421630859375,True,True,ok,251.49954223632812,20.478004455566406,0.5699880123138428,8.179925918579102,17.91107177734375
Pos1,Reg-Arrest,142,329,26.449174925545123,15.86286809315337,26.92582403567252,25.84340732919479,14.468951851159414,1.0418836685383566,68.2044637968176,0.9563953488372093,0.8001881351943342,-67.55053815388708,486.7264404296875,469.0,213.18240356445312,True,True,ok,251.49954223632812,20.478004455566406,0.5699880123138428,8.179925918579102,17.91107177734375
Pos1,Reg-Arrest,143,468,38.95740951427634,15.83524232526396,38.47076812334269,37.77685651382785,13.41011850527624,1.0183686964335117,90.86260579704759,0.9267326732673268,0.9136615692361846,65.98918981936107,386.809814453125,385.0,128.77198791503906,True,True,ok,251.49954223632812,20.478004455566406,0.5699880123138428,8.179925918579102,17.91107177734375
Pos1,Reg-Arrest,144,463,36.501745106511926,16.23886828272537,35.90264614203248,34.233272547095964,14.920406614938795,1.0487646511924882,85.49957167437861,0.9585921325051759,0.8955905705615639,11.92741396882083,356.72137451171875,351.0,94.5338134765625,True,True,ok,251.49954223632812,20.478004455566406,0.5699880123138428,8.179925918579102,17.91107177734375
Pos1,Reg-Arrest,145,412,36.38435359708496,14.618699814027,36.05551275463989,35.84447466237345,12.417225288107153,1.0058876045542375,85.86436249161943,0.9279279279279279,0.9157338816671944,-51.485243385783726,264.3519287109375,265.0,8.434814453125,False,False,mcherry_below_background,251.49954223632812,20.478004455566406,0.5699880123138428,8.179925918579102,17.91107177734375
Pos1,Reg-Arrest,146,453,36.929849104170614,15.714803580686388,36.40054944640259,34.84535438777905,14.251088985127383,1.0446313457259309,85.95964726663394,0.9597457627118644,0.904943746628671,67.56703475816526,462.472412109375,454.0,197.73745727539062,True,True,ok,251.49954223632812,20.478004455566406,0.5699880123138428,8.179925918579102,17.91107177734375
Pos1,Reg-Arrest,147,415,31.233720107641332,16.997670905269484,31.016124838541646,29.66437810414194,15.794582638892704,1.0455680118981145,77.35973571536067,0.9651162790697675,0.8389496933921878,-19.874205408964272,420.185546875,411.0,155.3581085205078,True,True,ok,251.49954223632812,20.478004455566406,0.5699880123138428,8.179925918579102,17.91107177734375
Pos1,Reg-Arrest,148,481,36.847474052210956,16.771769623314583,36.61966684720111,34.36436231675835,15.49676950858288,1.0656291686618296,86.41972285888923,0.9581673306772909,0.8904058746505826,-39.500659308257426,505.90228271484375,499.0,242.80563354492188,True,True,ok,251.49954223632812,20.478004455566406,0.5699880123138428,8.179925918579102,17.91107177734375
Pos1,Reg-Arrest,149,277,27.53613808967316,13.368394038641943,27.202941017470888,27.547064653321826,10.997770600068632,0.9875077929288759,67.64910342954781,0.9233333333333333,0.8742447542242842,-75.49749808732216,265.6173400878906,265.0,8.022552490234375,False,False,mcherry_below_background,251.49954223632812,20.478004455566406,0.5699880123138428,8.179925918579102,17.91107177734375
Pos1,Reg-Arrest,150,412,32.26539553203084,16.373548395374062,32.202484376209235,30.156259633609906,15.335848549255855,1.0678540630522613,77.81981130761598,0.9626168224299065,0.8616725628557973,-46.63752239291268,514.1893310546875,500.0,243.7023162841797,True,True,ok,251.49954223632812,20.478004455566406,0.5699880123138428,8.179925918579102,17.91107177734375
Pos1,Reg-Arrest,151,424,34.88912250400903,15.624316958499437,34.17601498127012,33.4032027160889,13.942244946831135,1.0231358732798694,82.72276983802963,0.9485458612975392,0.8941198539967538,-21.847499954454854,472.257080078125,459.0,202.3140411376953,True,True,ok,251.49954223632812,20.478004455566406,0.5699880123138428,8.179925918579102,17.91107177734375
Pos1,Reg-Arrest,152,512,39.84795132492821,16.538598358245814,38.600518131237564,37.83337149038813,14.770543472803137,1.020276983272409,92.52868689885699,0.9446494464944649,0.9098019666997788,14.064678285367098,488.7265625,476.5,219.73089599609375,True,True,ok,251.49954223632812,20.478004455566406,0.5699880123138428,8.179925918579102,17.91107177734375
Pos1,Reg-Arrest,153,407,33.122822371230676,15.76010159797822,32.202484376209235,31.12134179020345,14.534574687878415,1.0347395878138557,78.83524726714106,0.9553990610328639,0.879549209720163,-45.706512277162965,473.69287109375,457.0,200.28512573242188,True,True,ok,251.49954223632812,20.478004455566406,0.5699880123138428,8.179925918579102,17.91107177734375
Pos1,Reg-Arrest,154,314,26.082583289807086,15.46208869310067,26.076809620810597,25.55989706505524,13.909220690253946,1.0202235773657347,66.99845828726353,0.9573170731707317,0.8053403060937808,-40.74790875987152,486.9394836425781,471.0,214.2079620361328,True,True,ok,251.49954223632812,20.478004455566406,0.5699880123138428,8.179925918579102,17.91107177734375
Pos1,Reg-Arrest,155,373,30.358839373241103,15.731327617274527,29.966648127543394,28.67958527048289,14.601007564617317,1.044877317608395,74.0275735117419,0.966321243523316,0.8552719017431898,-57.92058289277788,432.3458557128906,418.0,161.62750244140625,True,True,ok,251.49954223632812,20.478004455566406,0.5699880123138428,8.179925918579102,17.91107177734375
Pos1,Reg-Arrest,156,315,25.742276935049386,15.681016267122045,26.1725046566048,25.861872019858126,13.7486182521841,1.012011220089101,67.41906563342016,0.9487951807228916,0.7930517973668768,-4.967745991747141,468.6571350097656,464.0,207.03265380859375,True,True,ok,251.49954223632812,20.478004455566406,0.5699880123138428,8.179925918579102,17.91107177734375
Pos1,Reg-Arrest,157,457,36.24444167867041,16.196935374871643,35.34119409414458,34.17630721479387,14.735233816328707,1.0340846327261028,85.17424910323649,0.9580712788259959,0.8945936453112332,66.00611663767862,504.30633544921875,496.0,239.54681396484375,True,True,ok,251.49954223632812,20.478004455566406,0.5699880123138428,8.179925918579102,17.91107177734375
Pos1,Reg-Arrest,158,381,31.875723905008407,15.307122788068915,31.400636936215164,29.56615238526738,14.389192826573604,1.062046779947664,75.55890159243813,0.9645569620253165,0.8771521549590365,5.68225571973678,475.7847900390625,462.0,205.03466796875,True,True,ok,251.49954223632812,20.478004455566406,0.5699880123138428,8.179925918579102,17.91107177734375
Pos1,Reg-Arrest,159,390,30.75191032652595,16.212950423463095,30.463092423455635,29.32420495722973,14.931109310744269,1.0388377951895715,75.69365461355127,0.9605911330049262,0.849730269803719,-61.357651467082455,419.8974304199219,414.0,156.1480712890625,True,True,ok,251.49954223632812,20.478004455566406,0.5699880123138428,8.179925918579102,17.91107177734375
Pos1,Reg-Arrest,160,466,38.35568185186795,15.560251067150363,37.656340767525464,36.25197019448335,14.017671599031424,1.0387391517070106,88.50641130685526,0.9510204081632653,0.9140138075196944,-9.109525865061341,491.56439208984375,476.5,218.78884887695312,True,True,ok,251.49954223632812,20.478004455566406,0.5699880123138428,8.179925918579102,17.91107177734375
Pos1,Reg-Arrest,161,515,41.32757495302636,16.045275212242128,40.0,37.78585859432846,14.888356107454454,1.058597091293934,92.56815514495565,0.9501845018450185,0.9215556760758068,-48.137916160198024,477.2718505859375,469.0,211.52920532226562,True,True,ok,251.49954223632812,20.478004455566406,0.5699880123138428,8.179925918579102,17.91107177734375
Pos1,Reg-Arrest,162,142,19.510437126891123,9.771555221221124,19.6468827043885,19.18927622604204,8.14119292844347,1.0238469900040021,47.672478490652324,0.9342105263157895,0.8655414315489711,19.817380485456905,262.9788818359375,263.0,5.71612548828125,False,False,mcherry_below_background,251.49954223632812,20.478004455566406,0.5699880123138428,8.179925918579102,17.91107177734375
Pos1,Reg-Arrest,163,424,33.4793165351618,16.192733125123592,32.89376840679705,31.863273291872176,14.777658657115444,1.0323411567131033,80.59661314396494,0.9592760180995475,0.8752538706871047,-69.15372483322642,406.48114013671875,409.5,151.282958984375,True,True,ok,251.49954223632812,20.478004455566406,0.5699880123138428,8.179925918579102,17.91107177734375
Pos1,Reg-Arrest,164,542,39.87189668460049,17.44151347092028,38.58756276314948,36.272999702849496,16.565834534103864,1.0638095299330361,91.45743441041606,0.9713261648745519,0.8992481981602022,-39.92411099791564,438.404052734375,433.5,175.8556365966797,True,True,ok,251.49954223632812,20.478004455566406,0.5699880123138428,8.179925918579102,17.91107177734375
Pos1,Reg-Arrest,165,322,27.151368811580234,15.158971412314239,26.92582403567252,26.180904409017742,13.877677759193817,1.0284527843277331,68.2044637968176,0.9498525073746312,0.8296301670924426,76.41243131381076,451.60870361328125,445.5,188.0751953125,True,True,ok,251.49954223632812,20.478004455566406,0.5699880123138428,8.179925918579102,17.91107177734375
Pos1,Reg-Arrest,166,463,36.24673354251894,16.483645664776212,35.90264614203248,35.08969697343516,14.476427458686791,1.0231677454841734,86.70557718393272,0.9526748971193416,0.8906128827496139,-4.722229709691796,525.1123046875,519.0,260.6849060058594,True,True,ok,251.49954223632812,20.478004455566406,0.5699880123138428,8.179925918579102,17.91107177734375
Pos1,Reg-Arrest,167,293,21.89448875394606,17.145972968294945,23.08679276123039,23.51623337496641,14.334643132142808,0.9817385460125102,63.396790041418434,0.948220064724919,0.6218728649181108,-3.1672206862451198,444.501708984375,452.0,193.45553588867188,True,True,ok,251.49954223632812,20.478004455566406,0.5699880123138428,8.179925918579102,17.91107177734375
Pos1,Reg-Arrest,168,619,52.05755207062083,15.676860361456923,49.64876634922564,49.038881951833595,13.409538703984984,1.0124367516778028,113.38599477616444,0.9129793510324484,0.9535784278476039,-77.90649423762488,502.12762451171875,507.0,248.38796997070312,True,True,ok,251.49954223632812,20.478004455566406,0.5699880123138428,8.179925918579102,17.91107177734375
Pos1,Reg-Arrest,169,227,21.862170179418094,13.471705138882083,21.95449840010015,23.878049199551157,10.496920096562848,0.9194427156349454,59.73930526665752,0.934156378600823,0.787581274110799,-56.75226892774596,555.8854370117188,562.0,303.29705810546875,True,True,ok,251.49954223632812,20.478004455566406,0.5699880123138428,8.179925918579102,17.91107177734375
Pos1,Reg-Arrest,170,455,37.43647305752988,15.558531136428426,36.76955262170047,35.176372850865064,14.157643605493238,1.0452911895603878,86.51500763390372,0.9578947368421052,0.9095483104628497,68.03704697776833,544.89892578125,538.0,280.1669006347656,True,True,ok,251.49954223632812,20.478004455566406,0.5699880123138428,8.179925918579102,17.91107177734375
Pos1,Reg-Arrest,171,387,34.0648704425147,14.594143730372346,33.52610922848042,32.45709504084665,13.04933493749262,1.0329362250777043,79.8112149805675,0.9393203883495146,0.9035787149946252,15.525783486745643,401.7080078125,398.0,139.86614990234375,True,True,ok,251.49954223632812,20.478004455566406,0.5699880123138428,8.179925918579102,17.91107177734375
Pos1,Reg-Arrest,172,385,32.2678615326166,15.35845962181839,31.622776601683793,30.536509158846364,13.98169020826686,1.0355727446508973,77.03441314421852,0.9436274509803921,0.8794627649437082,-53.91352678556879,506.4078063964844,489.0,230.25750732421875,True,True,ok,251.49954223632812,20.478004455566406,0.5699880123138428,8.179925918579102,17.91107177734375
Pos1,Reg-Arrest,173,323,25.180323212675358,16.3444785596281,25.632011235952593,23.884830633878245,15.75283723778781,1.0731502194366054,65.75298453161078,0.9670658682634731,0.7607054355144696,70.57517421772643,388.42724609375,375.0,116.33416748046875,True,True,ok,251.49954223632812,20.478004455566406,0.5699880123138428,8.179925918579102,17.91107177734375
Pos1,Reg-Arrest,174,411,33.05517008737546,15.937445676471704,32.28002478313795,30.952052764691857,14.796585663495671,1.0429041662774934,78.79577902104242,0.9558139534883721,0.8760904224893723,10.227274269804607,486.54986572265625,471.0,212.81692504882812,True,True,ok,251.49954223632812,20.478004455566406,0.5699880123138428,8.179925918579102,17.91107177734375
Pos1,Reg-Arrest,175,609,44.90572068060602,17.51009850764541,42.720018726587654,41.05584770995224,16.206315668620785,1.0405343235972693,100.61270632895912,0.9560439560439561,0.920844398799159,-39.13939799663454,492.13629150390625,483.0,223.85211181640625,True,True,ok,251.49954223632812,20.478004455566406,0.5699880123138428,8.179925918579102,17.91107177734375
Pos1,Reg-Arrest,176,617,50.43640313973717,15.8738300022282,47.80167361086848,47.02606709687022,14.01699487859097,1.0164931188568367,110.05383257254564,0.9376899696048632,0.9491813663342547,13.927860414649526,442.2803955078125,446.0,187.83026123046875,True,True,ok,251.49954223632812,20.478004455566406,0.5699880123138428,8.179925918579102,17.91107177734375
Pos1,Reg-Arrest,177,394,33.39527811065887,15.094552258228653,32.57299494980466,31.120553857309574,14.014903554996485,1.046671440976104,78.24041865377261,0.9586374695863747,0.8920196584075569,-76.42750892584611,508.9619140625,498.5,239.29815673828125,True,True,ok,251.49954223632812,20.478004455566406,0.5699880123138428,8.179925918579102,17.91107177734375
Pos1,Reg-Arrest,178,449,38.17104871598131,15.142586083651187,36.05551275463989,34.27301401841527,14.398876398414066,1.0520088118093982,84.9836795532075,0.9697624190064795,0.9179468317373207,-41.51418030585925,517.2628173828125,512.0,253.32522583007812,True,True,ok,251.49954223632812,20.478004455566406,0.5699880123138428,8.179925918579102,17.91107177734375
Pos1,Reg-Arrest,179,184,19.313491365711258,12.530281515523871,20.223748416156685,20.16438374051009,10.241226707277876,1.002944036198207,52.02007665379619,0.9292929292929293,0.7609727330884896,-3.4541654637456944,266.5706481933594,263.5,4.7529449462890625,False,False,mcherry_below_background,251.49954223632812,20.478004455566406,0.5699880123138428,8.179925918579102,17.91107177734375
Pos1,Reg-Arrest,180,669,52.24846656731917,16.796173973976146,48.25971404805462,47.76705332711275,15.018865439282743,1.0103138185553981,112.67953310496432,0.9330543933054394,0.9469206772003395,-50.38124261786198,378.4573974609375,377.0,117.56515502929688,True,True,ok,251.49954223632812,20.478004455566406,0.5699880123138428,8.179925918579102,17.91107177734375
Pos1,Reg-Arrest,181,477,38.53888972204917,15.888708687585321,37.33630940518894,36.12358172406687,14.44410631322637,1.033571634462651,88.7364491029829,0.9559118236472945,0.9110584191689528,-16.582732789585922,477.6624755859375,468.0,208.34591674804688,True,True,ok,251.49954223632812,20.478004455566406,0.5699880123138428,8.179925918579102,17.91107177734375
Pos1,Reg-Arrest,182,424,31.743996295981344,17.053913483176206,31.38470965295043,29.196411770176272,16.530964298562093,1.0749509186265647,77.26445094034618,0.9747126436781609,0.8434340544717666,52.00431944926859,393.7004699707031,377.5,118.25413513183594,True,True,ok,251.49954223632812,20.478004455566406,0.5699880123138428,8.179925918579102,17.91107177734375
Pos1,Reg-Arrest,183,515,38.94584110003099,17.544428930813236,38.600518131237564,38.449361749448194,14.580857109708468,1.0039313105578804,93.54412285838208,0.9380692167577414,0.892785140685463,30.233566366847345,435.0252380371094,443.0,183.79580688476562,True,True,ok,251.49954223632812,20.478004455566406,0.5699880123138428,8.179925918579102,17.91107177734375
Pos1,Reg-Arrest,184,299,25.503138987208995,15.01609476857659,26.076809620810597,24.983102150562086,13.543760649409553,1.043777888896952,65.42766196046864,0.9522292993630573,0.808283147332652,47.4675609379292,375.8494873046875,369.0,109.72802734375,True,True,ok,251.49954223632812,20.478004455566406,0.5699880123138428,8.179925918579102,17.91107177734375
Pos3,Reg-Arrest,1,326,27.065215595812013,15.395579911358157,27.313000567495326,27.508441023382147,13.212857143534457,0.9928952551065799,70.10058269475465,0.9504373177842566,0.8224532503370585,-67.31995734001771,383.7637939453125,383.0,141.8122100830078,True,True,ok,250.15866088867188,20.29817771911621,0.7290060520172119,7.953545093536377,17.773193359375
Pos3,Reg-Arrest,2,324,31.235749784128373,13.294196014137615,30.886890422961002,29.46191147243437,12.055957081475178,1.0483668193715094,72.68681498107465,0.9585798816568047,0.9049074704221046,-58.05522343790275,373.5123596191406,377.0,135.7257843017578,True,True,ok,250.15866088867188,20.29817771911621,0.7290060520172119,7.953545093536377,17.773193359375
Pos3,Reg-Arrest,3,328,31.01163628611677,13.532300252884822,30.805843601498726,28.93435477025394,12.4937253480452,1.0646805102828412,72.13145461380486,0.956268221574344,0.89977118619882,-49.99646840154634,400.3932800292969,404.0,161.61607360839844,True,True,ok,250.15866088867188,20.29817771911621,0.7290060520172119,7.953545093536377,17.773193359375
Pos3,Reg-Arrest,4,461,37.05271541354398,15.956279968085132,36.359317925395686,34.94484347815776,14.479802275000827,1.0404773439068926,86.41972285888923,0.9564315352697096,0.9025250951366536,-56.42262344484076,426.9132385253906,436.0,194.6338653564453,True,True,ok,250.15866088867188,20.29817771911621,0.7290060520172119,7.953545093536377,17.773193359375
Pos3,Reg-Arrest,5,341,26.61396169467057,16.330459605675472,26.92582403567252,25.189492335634064,15.614570634714939,1.068930793717592,68.20446379681762,0.9660056657223796,0.7896131461509197,20.695234859506293,326.9090881347656,323.0,80.77508544921875,True,True,ok,250.15866088867188,20.29817771911621,0.7290060520172119,7.953545093536377,17.773193359375
Pos3,Reg-Arrest,6,437,38.36752183684613,14.623105357590031,37.12142238654117,35.80439580410496,13.258892105012045,1.0367839354039654,86.74504543003138,0.9541484716157205,0.9245204703360175,62.73037060959648,437.0160217285156,428.0,186.4511260986328,True,True,ok,250.15866088867188,20.29817771911621,0.7290060520172119,7.953545093536377,17.773193359375
Pos3,Reg-Arrest,7,358,29.998095729233338,15.233431996684121,29.614185789921695,27.93557315704291,14.410462259035613,1.0600887128193963,72.32202416383385,0.9649595687331537,0.8614671508424658,-2.858696277727355,385.1201171875,388.5,146.5387420654297,True,True,ok,250.15866088867188,20.29817771911621,0.7290060520172119,7.953545093536377,17.773193359375
Pos3,Reg-Arrest,8,397,29.959449261043385,16.932757812746157,30.01666203960727,28.574040571817505,15.758872524341653,1.0504871358379961,75.13829424628148,0.9543269230769231,0.8249612982352537,37.94018634796732,371.53399658203125,362.0,119.61972045898438,True,True,ok,250.15866088867188,20.29817771911621,0.7290060520172119,7.953545093536377,17.773193359375
Pos3,Reg-Arrest,9,398,33.28568794217829,15.324202789699774,32.984845004941285,32.28872481939696,13.54581521637736,1.0215592343592999,80.04125277669515,0.9498806682577565,0.8877198006169351,18.489375420410266,418.6004943847656,408.0,165.69114685058594,True,True,ok,250.15866088867188,20.29817771911621,0.7290060520172119,7.953545093536377,17.773193359375
Pos3,Reg-Arrest,10,343,27.01269146104017,16.233332132443056,27.313000567495326,25.81153955150993,15.212766832884306,1.0581701456818977,68.98986196021505,0.9607843137254902,0.7992850814822547,-24.91436050250394,328.10205078125,327.0,83.96539306640625,True,True,ok,250.15866088867188,20.29817771911621,0.7290060520172119,7.953545093536377,17.773193359375
Pos3,Reg-Arrest,11,340,27.232962917589465,15.929543854341777,27.459060435491963,25.677510514842073,15.162604896727526,1.0693817229524694,68.66453938907291,0.9631728045325779,0.81107935949,-42.644243338697436,346.6941223144531,342.0,99.41938781738281,True,True,ok,250.15866088867188,20.29817771911621,0.7290060520172119,7.953545093536377,17.773193359375
Pos3,Reg-Arrest,12,61,10.530828458133165,7.334654998329742,10.770329614269007,9.283715114914056,8.079684174507255,1.1601314216295524,27.791138326771307,0.9838709677419355,0.717562969791294,-82.45758371982012,250.3114776611328,254.0,11.467727661132812,False,False,mcherry_below_background,250.15866088867188,20.29817771911621,0.7290060520172119,7.953545093536377,17.773193359375
Pos3,Reg-Arrest,13,406,32.98261672239473,15.735616791201933,32.2490309931942,30.560300850467854,14.829499252271022,1.0552589501978182,78.04984910374364,0.9689737470167065,0.8788554275317663,54.29080129996247,357.82513427734375,355.0,111.76808166503906,True,True,ok,250.15866088867188,20.29817771911621,0.7290060520172119,7.953545093536377,17.773193359375
Pos3,Reg-Arrest,14,340,29.135360640921018,14.91521479214392,29.154759474226502,27.471729888364862,13.881690861075088,1.0612640555473158,70.79069608313762,0.96045197740113,0.8590281983451461,-51.2967801189124,328.7294006347656,327.5,83.8953628540039,True,True,ok,250.15866088867188,20.29817771911621,0.7290060520172119,7.953545093536377,17.773193359375
Pos3,Reg-Arrest,15,463,40.925114899683045,14.575739609260214,39.11521443121589,38.130730771428006,13.109698126009558,1.025818641286717,91.22739661428841,0.9507186858316222,0.9344263765827924,33.74976155362801,407.98919677734375,401.0,157.96072387695312,True,True,ok,250.15866088867188,20.29817771911621,0.7290060520172119,7.953545093536377,17.773193359375
Pos3,Reg-Arrest,16,403,33.85041559898989,15.230469266188669,33.12099032335839,31.32791289058465,14.256141373903965,1.0572357768944332,78.93053204215556,0.9664268585131894,0.8930615658290048,-30.008149414377016,313.1538391113281,311.0,68.24343872070312,True,True,ok,250.15866088867188,20.29817771911621,0.7290060520172119,7.953545093536377,17.773193359375
Pos3,Reg-Arrest,17,338,28.9683253895834,14.943878698626643,28.653097563788805,27.98488698866159,13.469149809901776,1.0238775513153922,71.3460564504074,0.949438202247191,0.8566671152075698,-33.94618497711947,371.3135986328125,364.0,120.60950469970703,True,True,ok,250.15866088867188,20.29817771911621,0.7290060520172119,7.953545093536377,17.773193359375
Pos3,Reg-Arrest,18,493,38.71955215237768,16.50867848125382,38.07886552931954,36.630995898661965,14.729611112553991,1.0395258058138261,90.07720763365015,0.9408396946564885,0.904551004961392,-12.212542719554358,445.2474670410156,438.0,194.0138702392578,True,True,ok,250.15866088867188,20.29817771911621,0.7290060520172119,7.953545093536377,17.773193359375
Pos3,Reg-Arrest,19,339,36.82133038918371,11.800561994643108,35.84689665786984,34.18593425319355,10.625033215150513,1.0485861346475014,80.50132836895047,0.9442896935933147,0.9472547122056632,-31.508402959271287,241.9940948486328,243.0,-0.241302490234375,False,False,mcherry_below_background,250.15866088867188,20.29817771911621,0.7290060520172119,7.953545093536377,17.773193359375
Pos3,Reg-Arrest,20,389,30.438357604819558,16.360458620226943,30.364452901377952,29.18042838799995,14.981490978978599,1.0405759811896702,75.46361681742363,0.9557739557739557,0.8432670698087125,-18.620654936425407,331.49871826171875,328.0,83.6138916015625,True,True,ok,250.15866088867188,20.29817771911621,0.7290060520172119,7.953545093536377,17.773193359375
Pos3,Reg-Arrest,21,340,27.042486019097726,16.016151182348125,27.65863337187866,25.24860388422546,15.51101084321572,1.0954519900864266,68.2044637968176,0.9714285714285714,0.8057477744259779,-81.40117844014581,381.87353515625,371.0,126.85559844970703,True,True,ok,250.15866088867188,20.29817771911621,0.7290060520172119,7.953545093536377,17.773193359375
Pos3,Reg-Arrest,22,404,32.508064372518895,15.896747653668069,31.906112267087632,30.807292674222033,14.598290816800862,1.035667515626423,78.27988689987127,0.9596199524940617,0.8722785385644979,-48.69415574086611,385.72772216796875,381.5,136.8674774169922,True,True,ok,250.15866088867188,20.29817771911621,0.7290060520172119,7.953545093536377,17.773193359375
Pos3,Reg-Arrest,23,573,45.35771191484572,16.324124394549372,43.41658669218482,41.88465186015969,14.803195416872331,1.036575088104822,100.66852285787493,0.9486754966887417,0.9329918717792758,10.18553675854567,346.8760986328125,340.0,96.1014404296875,True,True,ok,250.15866088867188,20.29817771911621,0.7290060520172119,7.953545093536377,17.773193359375
Pos3,Reg-Arrest,24,399,29.347902762230593,17.31770067622905,30.01666203960727,28.28436434800096,16.064861399100966,1.0612457706417837,74.90825645015383,0.9591346153846154,0.8073425331452572,32.75893874879204,373.80950927734375,365.0,120.73672485351562,True,True,ok,250.15866088867188,20.29817771911621,0.7290060520172119,7.953545093536377,17.773193359375
Pos3,Reg-Arrest,25,510,42.02430741865305,15.650661548240533,40.44749683231337,38.477803977739285,14.412988582267689,1.0511903656381643,93.40936983726893,0.9426987060998152,0.9280645954941333,2.2357164992599836,415.8647155761719,413.5,169.0934600830078,True,True,ok,250.15866088867188,20.29817771911621,0.7290060520172119,7.953545093536377,17.773193359375
Pos3,Reg-Arrest,26,341,28.85296576288416,15.171352901780718,28.0178514522438,26.518250859271948,14.57917023004477,1.056549755145239,69.67997534859802,0.9798850574712644,0.8505982991336918,-46.441580944520425,369.95306396484375,360.0,115.24862670898438,True,True,ok,250.15866088867188,20.29817771911621,0.7290060520172119,7.953545093536377,17.773193359375
Pos3,Reg-Arrest,27,386,31.171006410083038,15.78803070594734,30.59411708155671,28.932120654647854,15.013498783455965,1.057444680490155,75.00354122516833,0.9625935162094763,0.8622415445580393,-1.6680329514474304,330.4611511230469,326.0,82.13233184814453,True,True,ok,250.15866088867188,20.29817771911621,0.7290060520172119,7.953545093536377,17.773193359375
Pos3,Reg-Arrest,28,389,32.56257231850803,15.306363433992237,31.953090617340916,30.81020148152959,13.988676694977567,1.0370945037959742,77.58977351148832,0.958128078817734,0.8826344523528418,68.00213564893023,384.6658020019531,377.0,132.20631408691406,True,True,ok,250.15866088867188,20.29817771911621,0.7290060520172119,7.953545093536377,17.773193359375
Pos3,Reg-Arrest,29,197,23.530244774934093,10.71355974468672,23.769728648009426,22.360034746689465,9.716464906647088,1.0630452464537727,55.812314449670275,0.9425837320574163,0.8903328867601529,-13.15180356873368,240.25381469726562,241.0,-4.106170654296875,False,False,mcherry_below_background,250.15866088867188,20.29817771911621,0.7290060520172119,7.953545093536377,17.773193359375
Pos3,Reg-Arrest,30,342,28.563130859129608,15.285214811583952,29.120439557122072,28.49843270461335,13.34090047943245,1.0218260021158296,72.22673938881934,0.936986301369863,0.8447646965450282,15.783608063111854,335.7690124511719,332.5,88.39640045166016,True,True,ok,250.15866088867188,20.29817771911621,0.7290060520172119,7.953545093536377,17.773193359375
Pos3,Reg-Arrest,31,576,46.28290992737784,16.170879122724315,44.28317965096906,43.28931893868867,14.322792498935236,1.0229585666082668,102.92943257305281,0.9381107491856677,0.9369766381350403,65.80684035619028,383.28472900390625,380.0,135.03880310058594,True,True,ok,250.15866088867188,20.29817771911621,0.7290060520172119,7.953545093536377,17.773193359375
Pos3,Reg-Arrest,32,376,33.232548604267485,14.654788747327062,32.28002478313795,31.694679183886148,13.009071352465732,1.0184682607404145,78.24041865377261,0.94,0.8975184163708377,9.196500933274674,361.6595764160156,353.0,107.4754638671875,True,True,ok,250.15866088867188,20.29817771911621,0.7290060520172119,7.953545093536377,17.773193359375
Pos3,Reg-Arrest,33,321,27.133499552426546,15.100590025976953,27.313000567495326,26.22706018901639,13.79681567611451,1.041405341302176,68.2044637968176,0.9525222551928784,0.8308279214934923,66.4676198179528,426.47039794921875,423.0,178.0883026123047,True,True,ok,250.15866088867188,20.29817771911621,0.7290060520172119,7.953545093536377,17.773193359375
Pos3,Reg-Arrest,34,94,14.334100846961983,8.333926538072514,14.422205101855956,13.250429776914311,8.17702350097675,1.088433005168118,35.83568951077477,0.9591836734693877,0.8136138675532749,37.47456642328052,250.79786682128906,248.0,2.70489501953125,False,False,mcherry_below_background,250.15866088867188,20.29817771911621,0.7290060520172119,7.953545093536377,17.773193359375
Pos3,Reg-Arrest,35,380,29.322744840707667,16.597557244212048,28.844410203711913,27.23263256227094,15.961516394866617,1.0591855244899822,72.68681498107465,0.9693877551020408,0.8243845494466333,39.249741771707036,361.1921081542969,363.0,117.67404174804688,True,True,ok,250.15866088867188,20.29817771911621,0.7290060520172119,7.953545093536377,17.773193359375
Pos3,Reg-Arrest,36,387,32.906471531530904,15.092368905012538,32.55764119219941,30.947413384969586,13.831756421093365,1.052031095044986,77.68505828650281,0.9555555555555556,0.8886198928548894,-7.203961437053814,426.94573974609375,419.0,174.40054321289062,True,True,ok,250.15866088867188,20.29817771911621,0.7290060520172119,7.953545093536377,17.773193359375
Pos3,Reg-Arrest,37,155,19.82114517105534,10.850790029967543,21.213203435596427,27.94423626667067,5.8056037316149744,0.7591262553450994,62.51610710300649,0.8333333333333334,0.8368481595595533,-2.67007652747406,445.9613037109375,461.0,215.30105590820312,True,True,ok,250.15866088867188,20.29817771911621,0.7290060520172119,7.953545093536377,17.773193359375
Pos3,Reg-Arrest,38,331,30.440668776496494,13.934565037414155,29.68164415931166,28.829274719101647,12.67781912409021,1.0295661076636538,72.13145461380486,0.9511494252873564,0.8890750497495998,-53.8410647363309,415.9909362792969,418.0,173.1802978515625,True,True,ok,250.15866088867188,20.29817771911621,0.7290060520172119,7.953545093536377,17.773193359375
Pos3,Reg-Arrest,39,223,24.928483044414676,11.624743852677152,25.709920264364882,23.949840269291187,10.253107069457263,1.0734902602807959,59.604552245544355,0.948936170212766,0.884614127340206,82.49552405818912,247.90135192871094,248.0,3.1855316162109375,False,False,mcherry_below_background,250.15866088867188,20.29817771911621,0.7290060520172119,7.953545093536377,17.773193359375
Pos3,Reg-Arrest,40,298,27.042506695316884,14.094201923615293,26.92582403567252,26.000945467759923,12.816985540764076,1.0355709591045221,66.63366747002271,0.946031746031746,0.8534425288753488,-78.57709611697027,396.9396057128906,389.5,142.9912567138672,True,True,ok,250.15866088867188,20.29817771911621,0.7290060520172119,7.953545093536377,17.773193359375
Pos3,Reg-Arrest,41,487,38.894895753623175,16.09318855946792,37.8021163428716,35.721446932983206,14.981688637541899,1.0582470641178652,88.54587955295392,0.9662698412698413,0.9103855699609366,46.77594374851974,455.4230041503906,436.0,190.40386962890625,True,True,ok,250.15866088867188,20.29817771911621,0.7290060520172119,7.953545093536377,17.773193359375
Pos3,Reg-Arrest,42,68,17.147655049062788,5.1489377095032545,16.278820596099706,15.723727004518913,4.615410254770403,1.035302927316231,36.716372449186714,0.8831168831168831,0.953854040394298,83.99506274860195,247.23529052734375,248.0,1.4991302490234375,False,False,mcherry_below_background,250.15866088867188,20.29817771911621,0.7290060520172119,7.953545093536377,17.773193359375
Pos3,Reg-Arrest,43,102,18.321094127653,7.25876588733404,18.24828759089466,17.77731578833338,6.2019804876940094,1.0264928523613426,42.634766939125484,0.918918918918919,0.918165449137082,3.3798222979289605,511.13726806640625,510.5,264.91758728027344,True,True,ok,250.15866088867188,20.29817771911621,0.7290060520172119,7.953545093536377,17.773193359375
Pos3,Reg-Arrest,44,412,35.2786456124094,15.009607286443188,34.0147027033899,33.522717055111116,13.447890636287921,1.0146761865236031,82.3974472668875,0.9493087557603687,0.9049778342311785,-29.004750048203654,443.2694091796875,441.0,194.0764617919922,True,True,ok,250.15866088867188,20.29817771911621,0.7290060520172119,7.953545093536377,17.773193359375
Pos3,Reg-Arrest,45,83,23.762689921379884,4.5178608285891,21.213203435596427,20.57482747547645,4.219783805233163,1.0310270383010924,45.96692914274426,0.9021739130434783,0.9817600592295235,0.9598545535829839,263.18072509765625,263.0,17.2747802734375,False,False,mcherry_below_background,250.15866088867188,20.29817771911621,0.7290060520172119,7.953545093536377,17.773193359375
Pos3,Reg-Arrest,46,446,36.138185283781915,15.853625523931068,34.713109915419565,33.442487062169185,14.728338846825984,1.0379942691130688,83.69873755145608,0.9529914529914529,0.8986362319659175,-85.60701315903155,377.3363342285156,372.0,124.91411590576172,True,True,ok,250.15866088867188,20.29817771911621,0.7290060520172119,7.953545093536377,17.773193359375
Pos3,Reg-Arrest,47,272,26.171051436819987,13.330756483464326,25.96150997149434,25.657774411418806,11.757258341705278,1.011837954267006,64.73754857208567,0.9347079037800687,0.8605474369147715,11.086422789864722,471.1764831542969,472.5,225.9347381591797,True,True,ok,250.15866088867188,20.29817771911621,0.7290060520172119,7.953545093536377,17.773193359375
Pos3,Reg-Arrest,48,338,32.125283312168605,13.73161781745902,30.59411708155671,30.07602955707258,12.321456259721218,1.0172259281598657,74.21814306177087,0.9441340782122905,0.904043914769205,5.0068914267535645,514.7662963867188,525.0,278.4297332763672,True,True,ok,250.15866088867188,20.29817771911621,0.7290060520172119,7.953545093536377,17.773193359375
Pos3,Reg-Arrest,49,269,25.74202598058177,13.413656184625832,25.317977802344327,24.59285732691615,12.246958271406559,1.0294850031368479,63.16675224529078,0.950530035335689,0.8535078098703549,-0.8213803559305417,500.5390319824219,505.0,258.37562561035156,True,True,ok,250.15866088867188,20.29817771911621,0.7290060520172119,7.953545093536377,17.773193359375
Pos3,Reg-Arrest,50,355,27.941500495693017,16.25924255975449,28.178005607210743,27.07413970525086,14.863216919294427,1.040771965941573,71.11601865427976,0.9543010752688172,0.8132582095401857,57.68949657948358,461.87322998046875,458.0,210.86764526367188,True,True,ok,250.15866088867188,20.29817771911621,0.7290060520172119,7.953545093536377,17.773193359375
Pos3,Reg-Arrest,51,456,37.983147582375324,15.453684250764356,36.61966684720111,35.242501143041196,14.15983040719791,1.0390768435693685,86.64976065501689,0.9539748953974896,0.9134921575743302,-49.45419016196352,454.1732482910156,441.0,194.0183563232422,True,True,ok,250.15866088867188,20.29817771911621,0.7290060520172119,7.953545093536377,17.773193359375
Pos3,Reg-Arrest,52,403,33.385703409866174,15.524627705098457,32.28002478313795,31.22820918389899,14.312776629969127,1.0336815855512222,78.7957790210424,0.9504716981132075,0.8853063437082009,81.26626865808207,434.7642822265625,424.0,176.5714569091797,True,True,ok,250.15866088867188,20.29817771911621,0.7290060520172119,7.953545093536377,17.773193359375
Pos3,Reg-Arrest,53,316,27.99417543430574,14.438186044673477,27.202941017470888,24.769528084213675,14.605913854654307,1.0982422000525758,66.21306012386609,0.9905956112852664,0.8567350431488285,44.72441787888202,399.18670654296875,392.0,145.02854919433594,True,True,ok,250.15866088867188,20.29817771911621,0.7290060520172119,7.953545093536377,17.773193359375
Pos3,Reg-Arrest,54,470,36.197056276125195,16.667593723944254,35.510561809129406,34.26061200012131,15.157482128906409,1.036483580883017,85.82489424552077,0.9456740442655935,0.8876761950415049,88.31913199273262,383.7808532714844,379.5,131.82427978515625,True,True,ok,250.15866088867188,20.29817771911621,0.7290060520172119,7.953545093536377,17.773193359375
Pos3,Reg-Arrest,55,323,27.150528781061453,15.329325829925363,27.202941017470888,27.025070032881874,13.37170874181065,1.0065817030029005,69.3151845313572,0.95,0.8253612121037777,15.479192448825112,470.9566650390625,469.0,221.1094970703125,True,True,ok,250.15866088867188,20.29817771911621,0.7290060520172119,7.953545093536377,17.773193359375
Pos3,Reg-Arrest,56,295,25.470910558650285,14.814787619299004,25.238858928247925,23.519167960146078,14.44754141538644,1.073118699225071,63.5315430625316,0.9735973597359736,0.8134494833551451,-44.70047729846076,397.0101623535156,388.0,141.0175018310547,True,True,ok,250.15866088867188,20.29817771911621,0.7290060520172119,7.953545093536377,17.773193359375
Pos3,Reg-Arrest,57,484,36.50485801416212,16.97796494954939,35.805027579936315,33.858590992314596,15.896371135470746,1.0574872294025328,85.86436249161943,0.9738430583501007,0.8852645461800536,-45.20345853288632,484.8119812011719,468.0,219.92222595214844,True,True,ok,250.15866088867188,20.29817771911621,0.7290060520172119,7.953545093536377,17.773193359375
Pos3,Reg-Arrest,58,174,27.64269937762671,8.176451014638582,27.073972741361768,25.547427899265443,7.252725939370773,1.0597533672710833,59.374514449416694,0.9405405405405406,0.9552528004758177,1.0160263761265844,249.5689697265625,251.0,3.398223876953125,False,False,mcherry_below_background,250.15866088867188,20.29817771911621,0.7290060520172119,7.953545093536377,17.773193359375
Pos3,Reg-Arrest,59,348,28.594252927951363,15.538647161706422,28.460498941515414,26.539692128494348,14.910045526521195,1.0723748717099393,70.10058269475465,0.9693593314763231,0.8394619056410485,15.003065908445361,374.3936767578125,364.0,116.03314971923828,True,True,ok,250.15866088867188,20.29817771911621,0.7290060520172119,7.953545093536377,17.773193359375
Pos3,Reg-Arrest,60,548,50.71499343309713,14.498731472926496,49.64876634922564,48.49502939817847,11.929941998691467,1.023790828985259,110.60919293981544,0.8954248366013072,0.9582634891944536,-7.8314856772906865,249.03831481933594,248.0,0.78997802734375,False,False,mcherry_below_background,250.15866088867188,20.29817771911621,0.7290060520172119,7.953545093536377,17.773193359375
Pos3,Reg-Arrest,61,538,43.79594147157047,15.786065897064885,42.7551166528639,41.5324361441999,13.960819927799383,1.0294391714567108,99.00244175606556,0.9438596491228071,0.9327801349821994,78.71446133982366,438.6691589355469,427.5,179.48033142089844,True,True,ok,250.15866088867188,20.29817771911621,0.7290060520172119,7.953545093536377,17.773193359375
Pos3,Reg-Arrest,62,357,30.122009072880562,15.184015583461445,29.410882339705484,27.82440508638127,14.438288814501249,1.0570174725532846,72.13145461380485,0.970108695652174,0.8636547708414111,-43.82911007924226,412.2492980957031,412.0,164.90213012695312,True,True,ok,250.15866088867188,20.29817771911621,0.7290060520172119,7.953545093536377,17.773193359375
Pos3,Reg-Arrest,63,118,15.048549483487562,10.18356050176027,16.278820596099706,15.963600358200026,8.323074507612887,1.019746187002092,41.42876142957141,0.9365079365079365,0.736246213698007,-11.03067864989212,249.88136291503906,248.5,1.059417724609375,False,False,mcherry_below_background,250.15866088867188,20.29817771911621,0.7290060520172119,7.953545093536377,17.773193359375
Pos3,Reg-Arrest,64,529,39.808835702503956,17.07334038546711,38.62641583165593,37.8830390822717,15.288046982271304,1.0196229438659823,93.21880028723993,0.9463327370304114,0.9033599562996341,24.592303474512626,432.345947265625,425.0,176.88681030273438,True,True,ok,250.15866088867188,20.29817771911621,0.7290060520172119,7.953545093536377,17.773193359375
Pos3,Reg-Arrest,65,496,38.86528894570198,16.430106733027248,38.01315561749642,37.18691083464841,14.561706486626758,1.0222186991149094,90.99735881816076,0.9429657794676806,0.90624867533412,-29.74762799880811,406.8528137207031,406.5,158.84109497070312,True,True,ok,250.15866088867188,20.29817771911621,0.7290060520172119,7.953545093536377,17.773193359375
Pos3,Reg-Arrest,66,407,32.56925532515599,16.000135140129874,32.31098884280702,31.020031890148594,14.594023895775086,1.0416168802543497,78.70049424602792,0.9531615925058547,0.8710101618829756,-20.45293752087777,286.270263671875,287.0,39.03192138671875,True,True,ok,250.15866088867188,20.29817771911621,0.7290060520172119,7.953545093536377,17.773193359375
Pos3,Reg-Arrest,67,403,33.35573358667251,15.474501791565014,32.802438933713454,31.257455877437827,14.296111192504029,1.0494276649492393,78.83524726714107,0.9595238095238096,0.885875373571127,44.189772032958395,451.8585510253906,434.0,185.89598083496094,True,True,ok,250.15866088867188,20.29817771911621,0.7290060520172119,7.953545093536377,17.773193359375
Pos3,Reg-Arrest,68,338,29.60530996509299,14.616547981213504,29.410882339705484,28.476183003690814,13.178374561190834,1.032823898339659,71.9967015926917,0.949438202247191,0.8696244901059454,-15.557806684155533,403.7840270996094,397.5,149.4319610595703,True,True,ok,250.15866088867188,20.29817771911621,0.7290060520172119,7.953545093536377,17.773193359375
Pos3,Reg-Arrest,69,547,45.577429752066124,15.537614180692207,42.7551166528639,40.89333500086332,14.47596768776519,1.0455277529201585,98.3123283676826,0.9546247818499127,0.9400974285961414,4.474102643758647,490.3162841796875,484.0,235.46881103515625,True,True,ok,250.15866088867188,20.29817771911621,0.7290060520172119,7.953545093536377,17.773193359375
Pos3,Reg-Arrest,70,62,14.909598531012046,5.431382644381026,15.0,15.291683103482566,4.315900875127661,0.9809253761336358,35.51036693963263,0.8857142857142857,0.9312864792539505,-45.4329575513284,254.01612854003906,253.5,4.9386444091796875,False,False,mcherry_below_background,250.15866088867188,20.29817771911621,0.7290060520172119,7.953545093536377,17.773193359375
Pos3,Reg-Arrest,71,394,35.619029298107854,14.291591220248215,34.713109915419565,34.081274028277036,12.552799757677114,1.0185390923654527,82.492732041902,0.9270588235294117,0.9159752726309969,-12.160185107406315,505.1979675292969,507.0,258.79139709472656,True,True,ok,250.15866088867188,20.29817771911621,0.7290060520172119,7.953545093536377,17.773193359375
Pos3,Reg-Arrest,72,388,30.913119541066415,16.0688363720116,30.870698080866262,29.40292779818131,14.793191743205561,1.0499191880740442,75.69365461355127,0.9556650246305419,0.8542841099220467,26.768098662378044,408.5077209472656,395.0,146.2192840576172,True,True,ok,250.15866088867188,20.29817771911621,0.7290060520172119,7.953545093536377,17.773193359375
Pos3,Reg-Arrest,73,310,27.71093934245138,14.31899806142964,27.85677655436824,27.057016122927475,12.745796057344279,1.0295583381333415,68.66453938907293,0.9422492401215805,0.8561500613055989,26.822595560188933,417.2548522949219,410.5,161.03773498535156,True,True,ok,250.15866088867188,20.29817771911621,0.7290060520172119,7.953545093536377,17.773193359375
Pos3,Reg-Arrest,74,290,28.334128199995906,13.188331583890681,27.459060435491963,26.335614097986195,12.230666718242066,1.0426588244088706,66.63366747002271,0.9508196721311475,0.8850702486386351,-7.059798693906586,528.8379516601562,535.0,286.7620391845703,True,True,ok,250.15866088867188,20.29817771911621,0.7290060520172119,7.953545093536377,17.773193359375
Pos3,Reg-Arrest,75,363,28.013462706596766,16.52967719687207,28.0178514522438,26.88771318107149,15.391330728182886,1.04203177353022,71.3460564504074,0.9603174603174603,0.8073580043254719,-43.63219507022588,381.0,371.0,121.30880737304688,True,True,ok,250.15866088867188,20.29817771911621,0.7290060520172119,7.953545093536377,17.773193359375
Pos3,Reg-Arrest,76,404,31.85318963359833,16.207440971032053,31.78049716414141,30.098384497386498,15.034230175376388,1.0558871412816515,77.35973571536067,0.964200477326969,0.8608747700638497,67.19613700391295,470.8985290527344,454.5,205.41600036621094,True,True,ok,250.15866088867188,20.29817771911621,0.7290060520172119,7.953545093536377,17.773193359375
Pos3,Reg-Arrest,77,334,26.883108069514122,15.87773514753798,26.68332812825267,25.16160560785534,15.26041441670975,1.0604779577310541,67.7443882045623,0.9709302325581395,0.8069489003746045,0.5547035976354764,384.6347351074219,369.0,119.66741943359375,True,True,ok,250.15866088867188,20.29817771911621,0.7290060520172119,7.953545093536377,17.773193359375
Pos3,Reg-Arrest,78,372,29.271645955133035,16.245638552621433,28.844410203711913,27.619500519330472,15.28374756753051,1.0443494509802647,72.68681498107465,0.9562982005141388,0.8318531951381916,46.06354898305392,403.2070007324219,389.5,140.05917358398438,True,True,ok,250.15866088867188,20.29817771911621,0.7290060520172119,7.953545093536377,17.773193359375
Pos3,Reg-Arrest,79,297,31.06778410560784,12.53140813982887,30.59411708155671,29.99083766406426,10.726298931747353,1.0201154574023559,72.22673938881934,0.9369085173501577,0.9150426940554555,14.227093000150115,250.44107055664062,251.0,1.729949951171875,False,False,mcherry_below_background,250.15866088867188,20.29817771911621,0.7290060520172119,7.953545093536377,17.773193359375
Pos3,Reg-Arrest,80,361,42.31371725275803,11.30853866320554,42.15447781671598,40.73425582754819,9.31993374707462,1.0348655440074914,92.10807955270036,0.9185750636132316,0.9636259335539411,-23.636428600216632,259.1385192871094,259.0,9.662750244140625,False,False,mcherry_below_background,250.15866088867188,20.29817771911621,0.7290060520172119,7.953545093536377,17.773193359375
Pos3,Reg-Arrest,81,571,47.737157366546946,15.504193878893448,45.48626166217664,43.82625530784759,13.986631129353777,1.0378769836178956,103.61954596143576,0.9422442244224423,0.9457887290433395,36.03147728004876,508.51312255859375,503.0,254.01609802246094,True,True,ok,250.15866088867188,20.29817771911621,0.7290060520172119,7.953545093536377,17.773193359375
Pos3,Reg-Arrest,82,356,28.66096769100322,15.8600951662015,28.653097563788805,26.74645331393654,15.152330738000813,1.0712858720920124,70.79069608313762,0.964769647696477,0.8329361260793939,51.78708553040739,450.0702209472656,433.0,183.96995544433594,True,True,ok,250.15866088867188,20.29817771911621,0.7290060520172119,7.953545093536377,17.773193359375
Pos3,Reg-Arrest,83,521,37.794159819223346,17.651117427007833,37.33630940518894,36.199021973776404,15.889414863798324,1.0314176286927426,90.53728322590544,0.9559633027522936,0.8842399202804085,23.454589181468812,441.6468200683594,428.0,178.4029541015625,True,True,ok,250.15866088867188,20.29817771911621,0.7290060520172119,7.953545093536377,17.773193359375
Pos3,Reg-Arrest,84,500,34.23989343574655,18.833814735966808,34.48187929913333,33.58431055723187,16.661866111773925,1.0267258349809472,86.18968506276158,0.9487666034155597,0.8351286208606858,20.934346427790402,251.156005859375,250.0,0.5219268798828125,False,False,mcherry_below_background,250.15866088867188,20.29817771911621,0.7290060520172119,7.953545093536377,17.773193359375
Pos3,Reg-Arrest,85,400,33.25653162625699,15.463023772592763,32.55764119219941,30.917007917234134,14.371503502333866,1.0530657196633422,78.2404186537726,0.9501187648456056,0.8853306330177029,85.9218162724392,421.7900085449219,408.0,158.7138214111328,True,True,ok,250.15866088867188,20.29817771911621,0.7290060520172119,7.953545093536377,17.773193359375
Pos3,Reg-Arrest,86,389,31.162961492372137,15.966644447452678,30.4138126514911,28.14846925290726,15.698423163115367,1.0804783868788839,74.21814306177087,0.9823232323232324,0.8587709681625487,89.79083618933839,342.3804626464844,339.0,88.98989868164062,True,True,ok,250.15866088867188,20.29817771911621,0.7290060520172119,7.953545093536377,17.773193359375
Pos3,Reg-Arrest,87,192,20.18844044844984,12.271991910600287,21.587033144922902,21.374752512617476,9.983182956537407,1.0099313726406944,54.146233347860885,0.9365853658536586,0.7940348710133136,-22.76958019374344,463.1875,472.5,223.2732696533203,True,True,ok,250.15866088867188,20.29817771911621,0.7290060520172119,7.953545093536377,17.773193359375
Pos3,Reg-Arrest,88,402,31.58128704541539,16.266672546196954,31.32091952673165,29.993694831283584,15.016133997324742,1.0442501233313797,77.12969791923302,0.9640287769784173,0.857146233111072,-16.236669331087956,452.25372314453125,438.5,188.67457580566406,True,True,ok,250.15866088867188,20.29817771911621,0.7290060520172119,7.953545093536377,17.773193359375
Pos3,Reg-Arrest,89,448,36.22094634953292,15.851739958200845,35.84689665786984,34.98267585434907,14.010510235538883,1.024704250958931,85.95964726663392,0.9491525423728814,0.8991502152745339,-25.204665971338528,403.83258056640625,399.0,149.2094268798828,True,True,ok,250.15866088867188,20.29817771911621,0.7290060520172119,7.953545093536377,17.773193359375
Pos3,Reg-Arrest,90,337,29.160424337066104,14.741715752629684,29.427877939124322,27.490745648521813,13.730336925077221,1.0704648871794669,70.65594306202445,0.9546742209631728,0.8628040765229352,5.653463238479907,397.750732421875,386.0,135.8748016357422,True,True,ok,250.15866088867188,20.29817771911621,0.7290060520172119,7.953545093536377,17.773193359375
Pos3,Reg-Arrest,91,525,41.32794527596565,16.292434022790165,40.607881008493905,38.64978191708396,14.799678425899705,1.050662616819176,94.19476800066639,0.9528130671506352,0.9190147355174622,82.97272919873804,394.76190185546875,391.0,141.16773986816406,True,True,ok,250.15866088867188,20.29817771911621,0.7290060520172119,7.953545093536377,17.773193359375
Pos3,Reg-Arrest,92,554,47.70224865977598,15.586471555103977,44.654227123532216,44.146709675604185,13.425214818993137,1.0114961556967061,103.61954596143576,0.8993506493506493,0.9451125333183967,-53.355210388212775,386.2364501953125,386.5,135.60289001464844,True,True,ok,250.15866088867188,20.29817771911621,0.7290060520172119,7.953545093536377,17.773193359375
Pos3,Reg-Arrest,93,540,43.64263521171258,15.971251848385174,42.04759208325728,40.706387228289216,14.351583061097855,1.03294826552517,97.79643624651146,0.9457092819614711,0.9306324456046322,-63.10140001958756,389.2314758300781,389.5,138.46751403808594,True,True,ok,250.15866088867188,20.29817771911621,0.7290060520172119,7.953545093536377,17.773193359375
Pos3,Reg-Arrest,94,566,44.99407795872121,16.20055075291141,43.41658669218482,42.05679109028896,14.536191058354989,1.032332366941087,100.70799110397361,0.948073701842546,0.9329292941007286,31.537330993072782,480.9770202636719,476.5,225.0522918701172,True,True,ok,250.15866088867188,20.29817771911621,0.7290060520172119,7.953545093536377,17.773193359375
Pos3,Reg-Arrest,95,215,27.70478449279389,10.111818585425068,27.85677655436824,26.920366376529287,8.57231785235711,1.0347844514722269,63.62682783754609,0.8921161825726142,0.9310135717409795,17.92507859131722,275.02789306640625,276.0,24.837783813476562,True,True,ok,250.15866088867188,20.29817771911621,0.7290060520172119,7.953545093536377,17.773193359375
Pos3,Reg-Arrest,96,353,30.338023855855997,14.88370853502354,29.966648127543394,28.850004598680258,13.61445880201738,1.0387051421445603,73.24217534834445,0.9514824797843666,0.8713872354429076,31.27382876654141,474.4532470703125,467.0,215.98020935058594,True,True,ok,250.15866088867188,20.29817771911621,0.7290060520172119,7.953545093536377,17.773193359375
Pos3,Reg-Arrest,97,529,41.35622799685589,16.45049692243769,39.6232255123179,38.014887966875605,15.223988914843439,1.0423080964185327,93.40936983726893,0.9514388489208633,0.9174827521908003,-4.054477575011345,459.1512145996094,444.0,191.90333557128906,True,True,ok,250.15866088867188,20.29817771911621,0.7290060520172119,7.953545093536377,17.773193359375
Pos3,Reg-Arrest,98,332,27.5872440634787,15.352328854991237,27.85677655436824,26.170652895390532,14.382116354443516,1.0644280318766783,68.7598241640874,0.9595375722543352,0.8308469408745651,16.244097231273894,415.0060119628906,408.0,156.5194854736328,True,True,ok,250.15866088867188,20.29817771911621,0.7290060520172119,7.953545093536377,17.773193359375
Pos3,Reg-Arrest,99,406,33.46740064264393,15.682261855044809,33.734255586866,33.15083994360732,13.411411827267123,1.0175988193436762,81.61204910349005,0.9441860465116279,0.8834193681501737,74.4160274196318,420.71673583984375,417.5,165.7536163330078,True,True,ok,250.15866088867188,20.29817771911621,0.7290060520172119,7.953545093536377,17.773193359375
Pos3,Reg-Arrest,100,473,38.62379448197785,15.802431767424276,36.61966684720111,34.93184957522476,14.905578839516075,1.0483174321571975,86.87979845114454,0.9692622950819673,0.9124728697467068,-45.069673059106485,510.0655517578125,500.0,248.1677703857422,True,True,ok,250.15866088867188,20.29817771911621,0.7290060520172119,7.953545093536377,17.773193359375
Pos3,Reg-Arrest,101,459,34.73405335250853,17.18274002837498,33.83784863137726,33.645072662897164,15.095978921173343,1.0057296939261091,84.52360396095219,0.936734693877551,0.8690670271814824,-37.96638763480541,453.4335632324219,445.0,192.7928466796875,True,True,ok,250.15866088867188,20.29817771911621,0.7290060520172119,7.953545093536377,17.773193359375
Pos3,Reg-Arrest,102,349,29.92435595228148,14.949763384551996,29.5296461204668,28.405278001339767,13.705607804208597,1.03958307040945,72.456777184947,0.9483695652173914,0.866264794203783,-31.571374669201525,411.37249755859375,407.0,154.3160858154297,True,True,ok,250.15866088867188,20.29817771911621,0.7290060520172119,7.953545093536377,17.773193359375
Pos3,Reg-Arrest,103,596,46.02453096427328,16.719619209041884,43.68065933568311,42.64846652269736,15.125980932093524,1.0242023429479328,102.56464175581198,0.9505582137161085,0.9316814708631642,11.129614691655426,469.9932861328125,459.0,206.4542694091797,True,True,ok,250.15866088867188,20.29817771911621,0.7290060520172119,7.953545093536377,17.773193359375
Pos3,Reg-Arrest,104,400,34.66537096867651,14.893030437222622,33.61547262794322,32.939598357849285,13.295015496810814,1.0205185947549018,81.05668873622025,0.9433962264150944,0.90300848919097,61.78280754791957,485.88250732421875,479.5,227.01344299316406,True,True,ok,250.15866088867188,20.29817771911621,0.7290060520172119,7.953545093536377,17.773193359375
Pos3,Reg-Arrest,105,402,32.017606705872154,16.04676716429914,31.400636936215164,29.811932694950173,15.133064038981368,1.0532908838055342,76.89966012310536,0.9617224880382775,0.8653397467835688,-3.2206169419027724,433.4129333496094,418.5,165.5150909423828,True,True,ok,250.15866088867188,20.29817771911621,0.7290060520172119,7.953545093536377,17.773193359375
Pos3,Reg-Arrest,106,421,33.50369830831989,16.161256156166843,32.449961479175904,30.61859586599841,15.415354574861983,1.0598122010947995,78.83524726714107,0.967816091954023,0.8759663007369215,-43.95730753705075,448.5249328613281,434.0,181.23138427734375,True,True,ok,250.15866088867188,20.29817771911621,0.7290060520172119,7.953545093536377,17.773193359375
Pos3,Reg-Arrest,107,473,37.294120230342344,16.426433618908508,35.6931365951495,34.739228008681636,15.00696096605304,1.0274591187296813,86.61029240891821,0.9478957915831663,0.897774006770099,85.29711140703101,480.5454406738281,458.0,205.05125427246094,True,True,ok,250.15866088867188,20.29817771911621,0.7290060520172119,7.953545093536377,17.773193359375
Pos3,Reg-Arrest,108,576,44.023828904523285,16.88412105367091,42.43819034784589,41.111093035966846,15.220038638881856,1.0322807596168266,99.59727036943401,0.9473684210526315,0.9235316069685917,-37.30671471404906,426.171875,420.0,166.59584045410156,True,True,ok,250.15866088867188,20.29817771911621,0.7290060520172119,7.953545093536377,17.773193359375
Pos3,Reg-Arrest,109,402,31.56804433486191,16.315041792884976,31.622776601683793,30.601248208020728,14.639722508756021,1.0333819191530664,77.91509608263047,0.9481132075471698,0.8560932251989278,-15.129848860628785,463.7288513183594,442.5,189.2392578125,True,True,ok,250.15866088867188,20.29817771911621,0.7290060520172119,7.953545093536377,17.773193359375
Pos3,Reg-Arrest,110,393,31.45793404599028,15.98609216803325,31.304951684997057,29.646290507008043,14.853313844903138,1.0559483547392523,76.24901498082107,0.960880195599022,0.8612546508876044,-27.759964035969947,403.89312744140625,394.0,141.20518493652344,True,True,ok,250.15866088867188,20.29817771911621,0.7290060520172119,7.953545093536377,17.773193359375
Pos3,Reg-Arrest,111,398,32.13829305264956,15.8746095677007,31.064449134018133,29.37294990846923,15.2487232062403,1.0575869713739983,76.15373020580658,0.9707317073170731,0.8694920817202305,42.060844437699295,430.33416748046875,423.0,169.78427124023438,True,True,ok,250.15866088867188,20.29817771911621,0.7290060520172119,7.953545093536377,17.773193359375
Pos3,Reg-Arrest,112,381,30.71574111938355,15.858307322981096,30.4138126514911,29.23918850205206,14.593574327751183,1.0401729394561208,75.13829424628148,0.9596977329974811,0.8564123048608724,-31.598988110539064,465.14959716796875,446.0,192.53103637695312,True,True,ok,250.15866088867188,20.29817771911621,0.7290060520172119,7.953545093536377,17.773193359375
Pos3,Reg-Arrest,113,501,39.16022582793021,16.403627573148484,38.62641583165593,38.037302313274644,14.329802706641606,1.0154877839003764,92.43340212384248,0.943502824858757,0.9080393352044972,-21.924242235907304,429.6067810058594,418.0,165.0120391845703,True,True,ok,250.15866088867188,20.29817771911621,0.7290060520172119,7.953545093536377,17.773193359375
Pos3,Reg-Arrest,114,503,39.89844035436689,16.20832879332371,38.48376280978771,37.612691641485306,14.587215870071518,1.0231589692278669,91.8780417565727,0.9544592030360531,0.9137665673884322,25.76949465103734,448.1868896484375,440.0,186.3641357421875,True,True,ok,250.15866088867188,20.29817771911621,0.7290060520172119,7.953545093536377,17.773193359375
Pos3,Reg-Arrest,115,81,12.08176485521033,8.563533907813012,12.529964086141668,11.592715624801103,8.245831648414566,1.08084805076521,32.59881208217049,0.9529411764705882,0.7054112463928927,41.738133304524794,255.86419677734375,255.0,1.5246429443359375,False,False,mcherry_below_background,250.15866088867188,20.29817771911621,0.7290060520172119,7.953545093536377,17.773193359375
Pos3,Reg-Arrest,116,297,30.67646650038232,12.476272274536427,29.832867780352597,29.533195340483807,10.923542018473501,1.0101469697543362,71.53662600043639,0.928125,0.9135595458771801,7.488252522286929,591.4713745117188,594.0,341.07008361816406,True,True,ok,250.15866088867188,20.29817771911621,0.7290060520172119,7.953545093536377,17.773193359375
Pos3,Reg-Arrest,117,260,24.205660214912644,13.810564580550935,23.769728648009426,23.69978146783378,12.352136432791697,1.0029513850273506,61.5006711434814,0.9420289855072463,0.8212621457974737,9.115164209972287,496.30767822265625,500.5,247.47976684570312,True,True,ok,250.15866088867188,20.29817771911621,0.7290060520172119,7.953545093536377,17.773193359375
Pos3,Reg-Arrest,118,225,25.411418653849182,11.382882948578008,25.059928172283335,24.194554290081157,10.227395227994082,1.0357673000224248,60.06462783779966,0.9375,0.8940618044736437,32.403925125846044,257.44000244140625,258.0,4.398284912109375,False,False,mcherry_below_background,250.15866088867188,20.29817771911621,0.7290060520172119,7.953545093536377,17.773193359375
Pos3,Reg-Arrest,119,436,34.903616007763624,16.067359110046922,34.36568055487916,32.536597990293444,14.855964967652822,1.0562161589583332,82.03265644964668,0.956140350877193,0.8877452380701961,-5.7470134433360975,398.8623962402344,387.5,132.87767028808594,True,True,ok,250.15866088867188,20.29817771911621,0.7290060520172119,7.953545093536377,17.773193359375
Pos3,Reg-Arrest,120,408,31.177128301605062,16.753706756674244,30.886890422961002,30.737746401085793,14.803598130710043,1.0048521456299717,78.37517167488576,0.9466357308584686,0.8433455074901314,60.657055089174705,390.0220642089844,375.0,120.64445495605469,True,True,ok,250.15866088867188,20.29817771911621,0.7290060520172119,7.953545093536377,17.773193359375
Pos3,Reg-Arrest,121,342,29.125475504741335,15.056337701678837,28.635642126552707,27.71991658174892,13.815322143325174,1.0330349314761904,71.21130342929425,0.95,0.8560171878514938,9.524951319933974,485.52923583984375,469.5,215.7310028076172,True,True,ok,250.15866088867188,20.29817771911621,0.7290060520172119,7.953545093536377,17.773193359375
Pos3,Reg-Arrest,122,445,37.436423041166066,15.322153889414174,36.235341863986875,34.99839745572342,13.899500430627576,1.0353428870515662,85.86436249161945,0.9488272921108742,0.9124067417674486,32.33761427228971,549.5662841796875,539.0,284.9069061279297,True,True,ok,250.15866088867188,20.29817771911621,0.7290060520172119,7.953545093536377,17.773193359375
Pos3,Reg-Arrest,123,530,40.68830418831635,16.804780333109957,39.20459156782532,37.79152504812077,15.364907404429308,1.0373910954348962,93.12351551222545,0.9584086799276673,0.9107253330288575,-46.920902730239035,510.3622741699219,495.0,240.2472381591797,True,True,ok,250.15866088867188,20.29817771911621,0.7290060520172119,7.953545093536377,17.773193359375
Pos3,Reg-Arrest,124,256,24.94994933609559,13.409382967301788,26.68332812825267,25.887677510686967,10.868003700293666,1.0307347237788034,64.18218820481587,0.9309090909090909,0.8432947817070768,-4.242593077937046,251.5234375,253.0,-1.1527175903320312,False,False,mcherry_below_background,250.15866088867188,20.29817771911621,0.7290060520172119,7.953545093536377,17.773193359375
Pos3,Reg-Arrest,125,381,32.298231327775824,17.17599046894771,34.9857113690718,37.94247959777046,10.687564190949868,0.9220723510945131,88.08580396069863,0.8355263157894737,0.8468740407194253,-29.13791471814815,251.83726501464844,253.0,-1.361236572265625,False,False,mcherry_below_background,250.15866088867188,20.29817771911621,0.7290060520172119,7.953545093536377,17.773193359375
Pos3,Reg-Arrest,126,536,50.43644117718391,15.376669545677931,50.0,53.206920244588986,10.520272533944306,0.9397273845235362,118.42370632769126,0.8297213622291022,0.9523932656382403,82.1007534649959,248.30596923828125,249.0,-5.319114685058594,False,False,mcherry_below_background,250.15866088867188,20.29817771911621,0.7290060520172119,7.953545093536377,17.773193359375
Pos3,Reg-Arrest,127,399,31.34620028464415,16.268539598544688,30.805843601498726,29.300295488044288,15.341436307028381,1.051383376460103,76.1142619597079,0.9614457831325302,0.854776919016853,-3.7857664135007028,474.2230529785156,456.0,200.2762908935547,True,True,ok,250.15866088867188,20.29817771911621,0.7290060520172119,7.953545093536377,17.773193359375
Pos3,Reg-Arrest,128,470,36.70184903459321,16.438691934476548,36.138621999185304,34.98890913466073,14.77104103876231,1.0328593515190687,86.84033020504586,0.9475806451612904,0.8940845636442838,11.459555794864027,487.6574401855469,480.0,225.1667022705078,True,True,ok,250.15866088867188,20.29817771911621,0.7290060520172119,7.953545093536377,17.773193359375
Pos3,Reg-Arrest,129,502,38.777348402147396,16.614670834225116,37.73592452822641,36.09564158503445,15.299079809688761,1.0454426870160423,89.65660028749352,0.9580152671755725,0.9035591827540003,-35.430216747516006,448.99005126953125,428.0,172.3902130126953,True,True,ok,250.15866088867188,20.29817771911621,0.7290060520172119,7.953545093536377,17.773193359375
Pos3,Reg-Arrest,130,434,30.496008956019676,18.179116056047157,30.870698080866262,29.7162659123243,16.593169017574805,1.0388484936818116,78.37517167488576,0.9559471365638766,0.8028993638862314,-29.78842023472436,358.6244201660156,348.5,93.32369995117188,True,True,ok,250.15866088867188,20.29817771911621,0.7290060520172119,7.953545093536377,17.773193359375
Pos3,Reg-Arrest,131,358,31.45272580896606,14.732843515592956,31.25699921617557,30.139282718345694,13.100131239963599,1.0370850397560896,75.23357902129598,0.9470899470899471,0.8835100004177413,8.0346031210434,558.594970703125,570.0,314.1950225830078,True,True,ok,250.15866088867188,20.29817771911621,0.7290060520172119,7.953545093536377,17.773193359375
Pos3,Reg-Arrest,132,482,39.958211312004885,15.585095866752765,39.20459156782532,38.90760482781546,13.375031419904705,1.0076331283131965,93.08404726612679,0.9216061185468452,0.920800085791086,6.644150833443973,511.29876708984375,504.0,248.16616821289062,True,True,ok,250.15866088867188,20.29817771911621,0.7290060520172119,7.953545093536377,17.773193359375
Pos3,Reg-Arrest,133,384,31.792430989993623,15.44487535166399,31.064449134018133,29.482910316170084,14.569600771251261,1.0536425610934563,75.5983698385368,0.9672544080604534,0.8740680326338431,49.32038366011702,474.0286560058594,457.0,200.806884765625,True,True,ok,250.15866088867188,20.29817771911621,0.7290060520172119,7.953545093536377,17.773193359375
Pos3,Reg-Arrest,134,487,39.121842941112234,16.015246009810696,38.27531841800928,36.496699411400684,14.596451205510043,1.0487336946982388,89.65660028749352,0.9437984496124031,0.912369178625102,-52.72191710887028,534.8110961914062,532.0,275.9303741455078,True,True,ok,250.15866088867188,20.29817771911621,0.7290060520172119,7.953545093536377,17.773193359375
Pos3,Reg-Arrest,135,479,38.57572583073678,16.097451265272454,38.3275357934736,36.29537109550819,14.428114469127614,1.0559896382549154,89.06177167412505,0.9429133858267716,0.908771158263704,-80.59703494080004,542.1669921875,540.0,283.82102966308594,True,True,ok,250.15866088867188,20.29817771911621,0.7290060520172119,7.953545093536377,17.773193359375
Pos3,Reg-Arrest,136,435,36.4768727027266,15.368536632358595,35.73513677041127,34.47889865554181,13.802100206541157,1.0364349838264786,84.71417351098117,0.9497816593886463,0.9069107635717758,13.954141011076201,564.2276000976562,559.0,302.4418487548828,True,True,ok,250.15866088867188,20.29817771911621,0.7290060520172119,7.953545093536377,17.773193359375
Pos3,Reg-Arrest,137,330,26.02664133718597,16.17825921106286,26.40075756488817,25.29878884021599,14.936611317089755,1.0435581612871698,67.64910342954781,0.953757225433526,0.7833318027605012,-25.71267578701633,400.7212219238281,387.0,131.30625915527344,True,True,ok,250.15866088867188,20.29817771911621,0.7290060520172119,7.953545093536377,17.773193359375
Pos3,Reg-Arrest,138,690,53.44834953597992,16.99479484467233,49.49747468305833,48.899658873057845,15.112884685799257,1.0122253574723783,115.0520758779738,0.9311740890688259,0.9481018844908929,-1.4715725111952738,404.705810546875,397.5,140.62530517578125,True,True,ok,250.15866088867188,20.29817771911621,0.7290060520172119,7.953545093536377,17.773193359375
Pos3,Reg-Arrest,139,411,33.15440064473207,15.937625994828426,32.55764119219941,31.541943976268513,14.451117200190724,1.0322014780285922,79.58117718443985,0.9558139534883721,0.8768800648254182,6.4968434918966835,579.778564453125,582.0,325.4021453857422,True,True,ok,250.15866088867188,20.29817771911621,0.7290060520172119,7.953545093536377,17.773193359375
Pos3,Reg-Arrest,140,359,26.99290145462206,16.96665850128585,27.459060435491963,26.883045929378927,15.198001442076752,1.021426683108239,71.11601865427976,0.9522546419098143,0.7777610876713602,-33.56194881081079,402.1866149902344,387.0,130.13771057128906,True,True,ok,250.15866088867188,20.29817771911621,0.7290060520172119,7.953545093536377,17.773193359375
Pos3,Reg-Arrest,141,566,45.49725521855678,16.14497314625458,43.41658669218482,42.92261283487787,14.19378787515177,1.011508475945005,102.04874963464087,0.930921052631579,0.9349209766326922,-58.036703489587204,542.3179931640625,538.0,281.1688995361328,True,True,ok,250.15866088867188,20.29817771911621,0.7290060520172119,7.953545093536377,17.773193359375
Pos3,Reg-Arrest,142,371,28.53315632366052,16.573953967807977,28.792360097775937,26.772148077008033,15.878766222375377,1.07545946686672,71.67137902154955,0.9686684073107049,0.8139988555635513,-69.04933920460756,401.35308837890625,390.0,132.3862762451172,True,True,ok,250.15866088867188,20.29817771911621,0.7290060520172119,7.953545093536377,17.773193359375
Pos3,Reg-Arrest,143,522,38.56596036424531,17.376463726255448,37.94733192202055,37.19455563817289,15.403230915990033,1.0202388836465917,91.97332653158719,0.9456521739130435,0.8927437328251612,-14.12483617866566,414.74713134765625,402.0,145.35836791992188,True,True,ok,250.15866088867188,20.29817771911621,0.7290060520172119,7.953545093536377,17.773193359375
Pos3,Reg-Arrest,144,509,42.37863263277198,15.455524052725613,41.23105625617661,40.351421755050886,13.597491505225284,1.021799343439878,96.22563991971657,0.9460966542750929,0.9311247380421005,-67.44949745892772,534.9646606445312,524.0,266.8347930908203,True,True,ok,250.15866088867188,20.29817771911621,0.7290060520172119,7.953545093536377,17.773193359375
Pos3,Reg-Arrest,145,365,28.066724760924412,16.599542190654084,28.635642126552707,27.074956799988904,15.348263994582164,1.0576431326591975,71.67137902154954,0.958005249343832,0.8063553214888376,27.817698642019348,376.4301452636719,369.0,112.02857971191406,True,True,ok,250.15866088867188,20.29817771911621,0.7290060520172119,7.953545093536377,17.773193359375
Pos3,Reg-Arrest,146,570,42.00164077797322,17.42356121133894,40.496913462633174,38.258726232241074,16.408847484173656,1.0585013525229692,95.24967220629014,0.9661016949152542,0.9098987113030145,-50.81468235574661,445.76666259765625,438.0,180.01319885253906,True,True,ok,250.15866088867188,20.29817771911621,0.7290060520172119,7.953545093536377,17.773193359375
Pos3,Reg-Arrest,147,439,31.231207477371818,18.014136868330965,31.622776601683793,30.172581548054456,16.481716734080532,1.048063340265389,79.16056983828321,0.9648351648351648,0.8168859356684459,-44.9055992094176,395.66058349609375,390.0,133.2825164794922,True,True,ok,250.15866088867188,20.29817771911621,0.7290060520172119,7.953545093536377,17.773193359375
Pos3,Reg-Arrest,148,508,37.04290034452176,17.57030955476645,36.359317925395686,34.94869523812622,16.133995977160613,1.0403626709855134,88.31584175682627,0.9621212121212122,0.8803507467200651,34.27687889637824,424.81298828125,425.5,168.6822052001953,True,True,ok,250.15866088867188,20.29817771911621,0.7290060520172119,7.953545093536377,17.773193359375
Pos3,Reg-Arrest,149,472,33.58462827093908,18.063924375385316,33.24154027718932,32.7760585635723,16.097386543836667,1.014201881922873,83.92877534758372,0.9554655870445344,0.8430323473381126,-85.51245098393474,362.7457580566406,359.5,102.67601013183594,True,True,ok,250.15866088867188,20.29817771911621,0.7290060520172119,7.953545093536377,17.773193359375
Pos3,Reg-Arrest,150,457,37.74660933559802,15.602647257738225,36.40054944640259,34.6665764486674,14.480830392786288,1.0500185820282188,85.86436249161943,0.9560669456066946,0.9105711875827993,-42.86026747871007,492.5842590332031,480.0,222.47386169433594,True,True,ok,250.15866088867188,20.29817771911621,0.7290060520172119,7.953545093536377,17.773193359375
Pos3,Reg-Arrest,151,396,32.642377093755755,15.621810915035143,31.575306807693888,30.63965467875159,14.37093071456877,1.0305372935417307,77.68505828650281,0.9428571428571428,0.8780469238539029,87.97414920796349,431.07574462890625,426.0,168.74476623535156,True,True,ok,250.15866088867188,20.29817771911621,0.7290060520172119,7.953545093536377,17.773193359375
Pos3,Reg-Arrest,152,558,44.0207957782553,16.366625614392,42.20189569201838,41.109461376772316,14.701845662499966,1.0265737929581173,99.00244175606556,0.9409780775716695,0.9283156431043941,12.541537542318013,457.2652282714844,445.5,187.41810607910156,True,True,ok,250.15866088867188,20.29817771911621,0.7290060520172119,7.953545093536377,17.773193359375
Pos3,Reg-Arrest,153,367,30.290772841637903,15.636264414727709,29.120439557122072,28.707298438869532,14.31637680952456,1.014391501141506,73.75806746951558,0.9683377308707124,0.8564647406400613,1.7593854698072393,594.8528442382812,580.0,322.52394104003906,True,True,ok,250.15866088867188,20.29817771911621,0.7290060520172119,7.953545093536377,17.773193359375
Pos3,Reg-Arrest,154,706,49.392593625264794,18.588880377183834,47.53945729601885,46.565660071409326,16.40107484379221,1.0209123466330379,111.8546666954682,0.9375830013280213,0.9264777473429877,22.251068442132194,402.0523986816406,395.0,137.9923858642578,True,True,ok,250.15866088867188,20.29817771911621,0.7290060520172119,7.953545093536377,17.773193359375
Pos3,Reg-Arrest,155,451,35.28883620037753,16.439576455305502,34.539832078341085,33.55463710565795,14.85140439899251,1.0293609187183552,84.0635283686969,0.9534883720930233,0.8848596460029405,23.493188247910105,501.9911193847656,492.0,234.6293182373047,True,True,ok,250.15866088867188,20.29817771911621,0.7290060520172119,7.953545093536377,17.773193359375
Pos3,Reg-Arrest,156,357,28.478993334005736,16.148718209105123,29.154759474226502,26.9796440397269,15.02876750378149,1.080620612758893,71.11601865427976,0.9648648648648649,0.8236905022070318,-52.08452433500188,406.7254943847656,393.0,135.14674377441406,True,True,ok,250.15866088867188,20.29817771911621,0.7290060520172119,7.953545093536377,17.773193359375
Pos3,Reg-Arrest,157,202,21.573886202754508,12.526683197026125,22.847319317591726,21.5356654691303,10.472724496270459,1.0609061210735085,55.02691628627282,0.9711538461538461,0.8141596961929752,-72.28233030824913,534.2425537109375,524.0,266.1858367919922,True,True,ok,250.15866088867188,20.29817771911621,0.7290060520172119,7.953545093536377,17.773193359375
Pos4,VapC,1,861,55.7114261030829,20.050821827084643,53.14132102234569,52.37892988504194,17.72513700591964,1.0145553018928986,124.99274595991432,0.9545454545454546,0.9329889484098894,-13.130247076878415,290.7479553222656,290.0,48.6578369140625,True,True,ok,248.89768981933594,19.793058395385742,0.8591771125793457,6.710730075836182,15.495590209960938
Pos4,VapC,2,985,80.96568786234008,15.904701011283965,74.63243262818116,74.07792501485935,13.852732885790507,1.0074854636278026,163.97002812427888,0.9372026641294006,0.9805163387884683,17.834227837414186,283.8751220703125,283.0,40.003326416015625,True,True,ok,248.89768981933594,19.793058395385742,0.8591771125793457,6.710730075836182,15.495590209960938
Pos4,VapC,3,1054,81.7927629923039,17.049141413866927,76.21679604916491,73.45914577873802,15.005941922569257,1.0375399174764848,164.0489646164762,0.9157254561251086,0.9780344840297118,39.42840895023226,295.36053466796875,296.0,53.805320739746094,True,True,ok,248.89768981933594,19.793058395385742,0.8591771125793457,6.710730075836182,15.495590209960938
Pos4,VapC,4,763,58.07716412505837,17.424053192240443,54.42425929675111,53.643952550233585,15.140456150396039,1.0145460337917276,124.57213861375769,0.9159663865546218,0.9539343063998249,-20.01266332467414,302.3066711425781,302.0,59.365020751953125,True,True,ok,248.89768981933594,19.793058395385742,0.8591771125793457,6.710730075836182,15.495590209960938
Pos4,VapC,5,861,68.14952690516648,16.45067217340784,62.80127387243033,60.49545243619979,15.03429464202695,1.0381156160235734,138.15394518764194,0.952433628318584,0.970427976675272,48.030768769443824,291.6771240234375,291.0,47.587615966796875,True,True,ok,248.89768981933594,19.793058395385742,0.8591771125793457,6.710730075836182,15.495590209960938
Pos4,VapC,6,974,66.40523522774116,19.027753097329676,63.150613615387776,61.351059875328595,16.87152720816021,1.0293320725626591,141.9625312663332,0.9302769818529131,0.9580682931460497,9.339048575460842,287.79876708984375,289.0,46.72925567626953,True,True,ok,248.89768981933594,19.793058395385742,0.8591771125793457,6.710730075836182,15.495590209960938
Pos4,VapC,7,1215,92.44800038803686,17.717524295366015,83.38465086573187,81.51159667322584,15.541794843583132,1.0229789903394357,180.7655921634859,0.9060402684563759,0.9814636198740481,88.77109785865959,294.0633850097656,293.0,49.848175048828125,True,True,ok,248.89768981933594,19.793058395385742,0.8591771125793457,6.710730075836182,15.495590209960938
Pos4,VapC,8,894,71.40504806358905,16.32453643149366,66.03786792439622,64.75341869806546,14.503339612722069,1.0198360063785967,146.06374335053226,0.9322210636079249,0.9735160214907798,34.853350476859106,303.7113952636719,303.5,59.58915710449219,True,True,ok,248.89768981933594,19.793058395385742,0.8591771125793457,6.710730075836182,15.495590209960938
Pos4,VapC,9,727,51.22312383941582,18.32104505172315,49.36598018878993,46.808941120022425,16.829779088394044,1.0546271504457028,112.83063440889462,0.9641909814323607,0.9338475189637345,1.8240924302325496,295.53369140625,293.0,48.63865661621094,True,True,ok,248.89768981933594,19.793058395385742,0.8591771125793457,6.710730075836182,15.495590209960938
Pos4,VapC,10,883,62.58366450342146,18.320297677539415,58.69412236331676,56.68494753130129,16.62352033648537,1.0354445918981579,132.34718375553481,0.9484425349087003,0.956194252522781,84.38085331110773,319.21405029296875,319.0,74.46485900878906,True,True,ok,248.89768981933594,19.793058395385742,0.8591771125793457,6.710730075836182,15.495590209960938
Pos4,VapC,11,1071,81.5313364158941,17.73414951787613,75.29276193632427,74.30339053890962,15.069779366031733,1.013315292750962,165.8103304933001,0.8865894039735099,0.9760573585062674,-57.307860469984135,298.63677978515625,299.0,54.62226867675781,True,True,ok,248.89768981933594,19.793058395385742,0.8591771125793457,6.710730075836182,15.495590209960938
Pos4,VapC,12,639,47.03407611011259,17.3861711256837,45.89117562233506,43.52986310299904,15.930754769628441,1.0542458062353368,105.24615881714647,0.9594594594594594,0.9291708595538944,81.28458504178752,326.6885681152344,325.0,79.3935546875,True,True,ok,248.89768981933594,19.793058395385742,0.8591771125793457,6.710730075836182,15.495590209960938
Pos4,VapC,13,714,51.84087332192333,17.718112384723128,50.21951811795888,47.92271224398695,16.05298386772294,1.0479272930605075,114.17139293956187,0.9545454545454546,0.9397804210953565,10.323943687341245,341.7226867675781,342.5,96.90824127197266,True,True,ok,248.89768981933594,19.793058395385742,0.8591771125793457,6.710730075836182,15.495590209960938
Pos4,VapC,14,440,36.42617372888919,15.689410010610569,36.05551275463989,35.35358916030968,13.562198997564263,1.0198543800219932,86.18968506276158,0.9544468546637744,0.9024865502547877,-58.195134033190925,329.8818054199219,329.0,81.80470275878906,True,True,ok,248.89768981933594,19.793058395385742,0.8591771125793457,6.710730075836182,15.495590209960938
Pos4,VapC,15,1079,75.79833018054978,18.542026783811924,70.40596565632774,68.72243873619908,16.556874954124964,1.024497485116777,156.34608428643207,0.9423580786026201,0.9696182296756597,-81.16430855766917,352.7701721191406,351.0,104.465576171875,True,True,ok,248.89768981933594,19.793058395385742,0.8591771125793457,6.710730075836182,15.495590209960938
Pos4,VapC,16,779,59.169300576941474,17.096651192963503,55.90169943749474,54.930395389145204,15.068680840472592,1.0176824514272744,127.0630861250632,0.937424789410349,0.9573458128495708,59.47995485535059,334.1514892578125,334.0,86.10708618164062,True,True,ok,248.89768981933594,19.793058395385742,0.8591771125793457,6.710730075836182,15.495590209960938
Pos4,VapC,17,775,60.34512693154282,16.603033179719578,56.71860364994893,53.782190120581355,15.350178050517513,1.0545982512572294,125.0880307349288,0.9556103575832305,0.9614057126990799,-4.60199543721987,318.6090393066406,318.0,69.00883483886719,True,True,ok,248.89768981933594,19.793058395385742,0.8591771125793457,6.710730075836182,15.495590209960938
Pos4,VapC,18,481,35.87586150061347,17.129676793460135,35.4400902933387,33.505101730857376,15.99461100167286,1.0577520575232053,85.26953387825097,0.962,0.8786476095586951,-78.974699240476,315.2494812011719,316.0,68.54463195800781,True,True,ok,248.89768981933594,19.793058395385742,0.8591771125793457,6.710730075836182,15.495590209960938
Pos4,VapC,19,571,39.03579439988526,18.679577510092233,38.897300677553446,37.22865161122192,17.004438620061176,1.044821635866837,93.86944542952423,0.9596638655462185,0.8780742918160112,14.696529866173556,329.28021240234375,325.0,77.10945129394531,True,True,ok,248.89768981933594,19.793058395385742,0.8591771125793457,6.710730075836182,15.495590209960938
Pos4,VapC,20,841,61.81296043431035,17.586094280132002,58.18934610390462,57.29549294791402,15.588455347751323,1.0156007586286617,132.38665200163348,0.9556818181818182,0.958674566078386,-71.59083894893843,340.75030517578125,341.0,92.41484069824219,True,True,ok,248.89768981933594,19.793058395385742,0.8591771125793457,6.710730075836182,15.495590209960938
Pos4,VapC,21,37,10.313620417904268,4.62552555009849,11.0,10.635946355534415,3.7647440469318423,1.0342286085597028,25.56969685769213,0.8809523809523809,0.8937893125286134,-1.2297152002679272,286.0810852050781,287.0,38.68748474121094,True,True,ok,248.89768981933594,19.793058395385742,0.8591771125793457,6.710730075836182,15.495590209960938
Pos4,VapC,22,756,56.41816658477125,17.255579256582013,54.08326913195984,52.58365905810219,15.337083279713921,1.0285185569189974,122.67601971582064,0.9557522123893806,0.9520792390967298,-18.821699527758817,343.9140319824219,342.0,92.40595245361328,True,True,ok,248.89768981933594,19.793058395385742,0.8591771125793457,6.710730075836182,15.495590209960938
Pos4,VapC,23,756,56.58525911506538,17.152730005282216,54.12947441089743,53.00883768584798,15.1967145881279,1.0211405639884201,123.3661331042036,0.9569620253164557,0.9529489861192281,26.38221813708799,334.37567138671875,332.0,81.8326187133789,True,True,ok,248.89768981933594,19.793058395385742,0.8591771125793457,6.710730075836182,15.495590209960938
Pos4,VapC,24,365,30.734099720239243,15.397556330729222,32.2490309931942,30.402388515577528,13.243704162760439,1.0607400460220582,75.92369240967894,0.958005249343832,0.8654515706614513,-37.50654680576299,341.4027404785156,343.0,93.58917236328125,True,True,ok,248.89768981933594,19.793058395385742,0.8591771125793457,6.710730075836182,15.495590209960938
Pos4,VapC,25,924,74.67549040686043,16.915630365041945,69.40461079784254,67.53057499310404,14.335785567234211,1.027750923265941,151.42677747320124,0.88,0.9740060834992041,51.23294898273883,334.65802001953125,333.5,80.76025390625,True,True,ok,248.89768981933594,19.793058395385742,0.8591771125793457,6.710730075836182,15.495590209960938
Pos4,VapC,26,576,44.23012236262951,16.72924734586236,42.95346318982906,41.54361732410278,15.032227834990138,1.033936521577487,100.2479155117183,0.9520661157024793,0.9257108399665723,-23.97217928622318,359.4479064941406,359.0,106.23941802978516,True,True,ok,248.89768981933594,19.793058395385742,0.8591771125793457,6.710730075836182,15.495590209960938
Pos4,VapC,27,818,59.988768791260355,17.89815205021608,57.0087712549569,55.78588175448163,15.599302259168665,1.021921128823549,129.37981236915687,0.9348571428571428,0.9544539147273898,-20.918736212172135,358.0562438964844,359.0,106.82294464111328,True,True,ok,248.89768981933594,19.793058395385742,0.8591771125793457,6.710730075836182,15.495590209960938
Pos4,VapC,28,461,36.957806468511876,15.931532537810927,36.345563690772494,34.52451321329181,14.695143461360425,1.052746593883316,85.82489424552077,0.9544513457556936,0.9023167965929287,-2.7203668105237613,331.09326171875,330.0,78.06503295898438,True,True,ok,248.89768981933594,19.793058395385742,0.8591771125793457,6.710730075836182,15.495590209960938
Pos4,VapC,29,637,48.443131100316386,16.926676308594708,46.2709412050371,44.15209789491933,15.61208887397408,1.047989640609163,106.12684175555842,0.9564564564564565,0.9369686850738719,-86.72915412134971,345.1946716308594,344.0,91.328857421875,True,True,ok,248.89768981933594,19.793058395385742,0.8591771125793457,6.710730075836182,15.495590209960938
Pos4,VapC,30,722,50.136454365512115,18.502185796198777,48.010415536631214,46.13173905983467,16.99434466818237,1.0407241633435893,111.66409714543921,0.9639519359145527,0.9294148699610026,-51.156312725280245,357.2950134277344,355.0,100.7656478881836,True,True,ok,248.89768981933594,19.793058395385742,0.8591771125793457,6.710730075836182,15.495590209960938
Pos4,VapC,31,650,51.55388735016029,16.34154580219772,48.76474136094644,47.66293572004473,14.596755001963762,1.0231166130297413,111.98941971658135,0.9393063583815029,0.9484322570050233,31.716684978898364,355.74615478515625,353.0,98.95553588867188,True,True,ok,248.89768981933594,19.793058395385742,0.8591771125793457,6.710730075836182,15.495590209960938
Pos4,VapC,32,697,53.84173782765098,16.748385178526213,51.07837115648854,50.277365176996746,14.79775487968538,1.0159317413844564,117.44773861426484,0.9508867667121419,0.9503880010315262,-65.27927633792297,364.9670104980469,363.0,108.54856872558594,True,True,ok,248.89768981933594,19.793058395385742,0.8591771125793457,6.710730075836182,15.495590209960938
Pos4,VapC,33,906,77.9899734290637,15.371475169976213,71.16881339463234,71.1804181779744,13.258176516402221,0.9998369666315664,157.4962732670703,0.9142280524722503,0.9803842878898876,71.54684099966502,359.7317810058594,360.0,106.03047180175781,True,True,ok,248.89768981933594,19.793058395385742,0.8591771125793457,6.710730075836182,15.495590209960938
Pos4,VapC,34,92,11.560759588464078,10.138039239818273,12.36931687685298,,,,33.939570612837734,0.968421052631579,0.4806082797009556,86.48274911768874,251.78260803222656,254.0,-1.45745849609375,False,False,mcherry_below_background,248.89768981933594,19.793058395385742,0.8591771125793457,6.710730075836182,15.495590209960938
Pos4,VapC,35,110,12.725505948787045,11.0557420479895,13.92838827718412,14.088849732008178,9.05708973825281,0.988610748366525,38.51720657210927,0.9243697478991597,0.4951876404539131,-53.81985562663099,249.20909118652344,249.0,-6.480194091796875,False,False,mcherry_below_background,248.89768981933594,19.793058395385742,0.8591771125793457,6.710730075836182,15.495590209960938
Pos4,VapC,36,140,13.682877370334085,13.052644173868524,14.7648230602334,15.249958919496391,10.831260044796513,0.9681877268113315,42.86480473525314,0.9395973154362416,0.299997429233372,38.80469490578066,248.25714111328125,247.5,-8.289833068847656,False,False,mcherry_below_background,248.89768981933594,19.793058395385742,0.8591771125793457,6.710730075836182,15.495590209960938
Pos4,VapC,37,664,51.618449634043024,16.616602138791926,49.24428900898052,47.59932289013927,14.958600344569506,1.0345586033363938,112.27527404162484,0.9418439716312057,0.946769569170098,80.19355569746935,364.5632629394531,366.0,111.8753662109375,True,True,ok,248.89768981933594,19.793058395385742,0.8591771125793457,6.710730075836182,15.495590209960938
Pos4,VapC,38,119,12.515883379875634,12.12133262486478,13.416407864998739,13.027664027802015,11.201194267883043,1.029839872778966,38.84252914325141,0.952,0.24910689422591448,-85.18234587396859,250.260498046875,249.0,-6.9664154052734375,False,False,mcherry_below_background,248.89768981933594,19.793058395385742,0.8591771125793457,6.710730075836182,15.495590209960938
Pos4,VapC,39,918,71.76766149408905,17.460569207007637,66.21933252457322,66.24209657011443,14.543487182918588,0.9996563507690746,149.08693126582602,0.8759541984732825,0.969952843841252,9.611205254645167,359.67974853515625,360.0,104.28094482421875,True,True,ok,248.89768981933594,19.793058395385742,0.8591771125793457,6.710730075836182,15.495590209960938
Pos4,VapC,40,387,29.093457594834575,17.40332731583289,29.154759474226502,28.890943491511322,15.085638636506081,1.009131442273344,75.00354122516833,0.9579207920792079,0.8013565660984414,-11.670171300544185,351.3824157714844,353.0,97.09721374511719,True,True,ok,248.89768981933594,19.793058395385742,0.8591771125793457,6.710730075836182,15.495590209960938
Pos4,VapC,41,65,9.859152608634856,8.559015995432112,10.770329614269007,12.249773677039073,5.920243246286361,0.8792268247744749,31.258053551503245,0.9027777777777778,0.49633868689788696,-10.025615482084124,247.10769653320312,243.0,-13.312362670898438,False,False,mcherry_below_background,248.89768981933594,19.793058395385742,0.8591771125793457,6.710730075836182,15.495590209960938
Pos5,VapC,1,682,48.04365147542909,18.13266320597158,46.87216658103186,45.54199236107003,16.21399034055223,1.0292076422440157,109.59375698029035,0.9485396383866481,0.926041953420745,-82.92090445028772,293.2903137207031,291.0,49.19855499267578,True,True,ok,249.31024169921875,19.9276180267334,0.7547034025192261,6.69784688949585,15.25537109375
Pos5,VapC,2,818,45.90255201323539,22.69056695524531,46.51881339845203,42.91469871806696,21.337898488507484,1.0839832222535855,110.18858559365881,0.9726516052318668,0.8692797949412572,62.679831113780004,285.9877624511719,282.0,39.591064453125,True,True,ok,249.31024169921875,19.9276180267334,0.7547034025192261,6.69784688949585,15.25537109375
Pos5,VapC,3,1137,62.2867999931249,23.483286831890087,61.09828148156051,59.12882534009081,20.799318178498226,1.0333078854542095,142.00199951243184,0.95787700084246,0.9262056566207754,-66.87378284084451,292.06243896484375,289.0,46.3330078125,True,True,ok,249.31024169921875,19.9276180267334,0.7547034025192261,6.69784688949585,15.25537109375
Pos5,VapC,4,975,54.2779732046526,22.95088801247042,53.85164807134504,51.68868854544834,20.629912025971986,1.0418458967863902,126.92833310395002,0.9634387351778656,0.9062044432516828,-66.45687710892855,291.6738586425781,290.0,47.077362060546875,True,True,ok,249.31024169921875,19.9276180267334,0.7547034025192261,6.69784688949585,15.25537109375
Pos5,VapC,5,804,50.570827066884206,20.288041860022997,49.72926703662542,47.80284532557465,18.326937119659103,1.0402993105939686,116.52758742975422,0.9640287769784173,0.9159989155555995,77.13957723818379,320.737548828125,319.0,70.15510559082031,True,True,ok,249.31024169921875,19.9276180267334,0.7547034025192261,6.69784688949585,15.25537109375
Pos5,VapC,6,564,41.27540871225173,17.438965222377696,40.80441152620633,38.250984907145195,16.220903785288403,1.0667545326024837,95.0196344101625,0.9641025641025641,0.9063617376963284,40.47678368729898,325.4326171875,323.0,72.42745971679688,True,True,ok,249.31024169921875,19.9276180267334,0.7547034025192261,6.69784688949585,15.25537109375
Pos5,VapC,7,721,47.84187138708926,19.2724746590362,46.87216658103186,45.4441702928207,17.274859199698657,1.031423090772916,110.60919293981544,0.9537037037037037,0.9152717482090138,-82.39313939524843,356.517333984375,352.0,101.11636352539062,True,True,ok,249.31024169921875,19.9276180267334,0.7547034025192261,6.69784688949585,15.25537109375
Pos5,VapC,8,1355,83.6106426417192,21.095415310286807,78.587530817554,76.3589309442589,18.73120486584198,1.0291858443503086,174.10126775624838,0.9422809457579973,0.9676476596012106,78.27962531788975,336.549072265625,336.0,83.99394226074219,True,True,ok,249.31024169921875,19.9276180267334,0.7547034025192261,6.69784688949585,15.25537109375
Pos5,VapC,9,860,54.64025668088309,20.39024179472953,53.16013544000805,51.462057440906975,18.073511341841986,1.0329966986075314,123.55670265423257,0.9492273730684326,0.927761972130962,-76.07359501247811,318.6744079589844,315.0,61.91746520996094,True,True,ok,249.31024169921875,19.9276180267334,0.7547034025192261,6.69784688949585,15.25537109375
Pos5,VapC,10,586,42.75129987843447,17.549832390888948,41.6293165929973,40.57574035677136,15.754931504752655,1.0259656688198941,99.13719477717873,0.9528455284552846,0.9118561352446733,63.83920209172953,337.337890625,333.0,79.92007446289062,True,True,ok,249.31024169921875,19.9276180267334,0.7547034025192261,6.69784688949585,15.25537109375
Pos5,VapC,11,793,56.560166410487334,18.026910478235166,53.9351462406472,52.26916316885766,16.25649978204089,1.0318731537064696,123.09662706197727,0.9508393285371702,0.9478485903924424,6.117353440378367,331.7187805175781,331.0,77.10353088378906,True,True,ok,249.31024169921875,19.9276180267334,0.7547034025192261,6.69784688949585,15.25537109375
Pos5,VapC,12,647,43.54657165772235,18.97475169055028,43.01162633521314,40.90680362134873,17.405815911848507,1.051454098769182,101.68395881740004,0.9585185185185185,0.9000751547282133,-14.139847174569388,344.74652099609375,342.0,88.02647399902344,True,True,ok,249.31024169921875,19.9276180267334,0.7547034025192261,6.69784688949585,15.25537109375
Pos5,VapC,13,1189,83.94422092138653,18.524991732025182,78.85429601486528,76.98576396071982,16.173596312957592,1.0242711373897495,172.43518665443898,0.9369582348305753,0.9753457774691994,78.19839591741797,330.7535705566406,329.0,74.5941162109375,True,True,ok,249.31024169921875,19.9276180267334,0.7547034025192261,6.69784688949585,15.25537109375
Pos5,VapC,14,457,37.55790169489397,15.594939025603614,37.12142238654117,36.197009528669795,13.745520220382872,1.025538376509783,88.08580396069863,0.9461697722567288,0.9097192420876277,-29.20896362100155,343.3457336425781,345.0,91.47685241699219,True,True,ok,249.31024169921875,19.9276180267334,0.7547034025192261,6.69784688949585,15.25537109375
Pos5,VapC,15,814,67.0083387727324,16.07425089561198,61.71709649683789,62.346754839661244,13.702268214596224,0.9899007038226342,140.33591841062247,0.8896174863387978,0.9708014756048003,63.67974629408659,387.1953430175781,394.5,139.3468780517578,True,True,ok,249.31024169921875,19.9276180267334,0.7547034025192261,6.69784688949585,15.25537109375
Pos5,VapC,16,676,53.784163364772816,16.274908398814283,51.54609587543949,51.28763985278856,14.000773036658414,1.0050393432685298,118.55845934880442,0.949438202247191,0.9531187014555496,68.82404916198348,366.63018798828125,371.0,115.78004455566406,True,True,ok,249.31024169921875,19.9276180267334,0.7547034025192261,6.69784688949585,15.25537109375
Pos5,VapC,17,190,19.41766635763322,12.663319572154846,19.72308292331602,19.52081883986969,11.083740214275494,1.010361454870593,51.69475408265404,0.9595959595959596,0.7580860345310367,36.80275964426168,251.73684692382812,251.5,-3.6651382446289062,False,False,mcherry_below_background,249.31024169921875,19.9276180267334,0.7547034025192261,6.69784688949585,15.25537109375
Pos5,VapC,18,288,22.286030470993193,16.56406772725599,23.323807579381203,22.164217973195576,15.243855098835473,1.0523180925033304,61.730708939609045,0.96,0.6690149971094136,36.66872186232195,251.59027099609375,252.0,-3.2413101196289062,False,False,mcherry_below_background,249.31024169921875,19.9276180267334,0.7547034025192261,6.69784688949585,15.25537109375
Pos5,VapC,19,277,19.61682240416296,18.03366128010962,20.591260281974,19.238102321049855,18.021303107971214,1.0703373928645528,59.049191878274556,0.9685314685314685,0.3935674546100043,55.68694237721857,250.96751403808594,252.0,-3.3324432373046875,False,False,mcherry_below_background,249.31024169921875,19.9276180267334,0.7547034025192261,6.69784688949585,15.25537109375
Pos5,VapC,20,821,58.26921430079684,18.18048897769137,55.78530272392541,53.658752966328194,16.372456434446473,1.0396309947592643,126.00818191943942,0.951332560834299,0.9500793169436257,-77.66878364551333,340.2119445800781,340.0,84.95236206054688,True,True,ok,249.31024169921875,19.9276180267334,0.7547034025192261,6.69784688949585,15.25537109375
Pos5,VapC,21,178,19.66966022622916,11.593047382367663,19.6468827043885,19.440181313203944,10.335521571217788,1.0106326884432997,50.67931812312895,0.9468085106382979,0.8078506319714169,79.80882528574186,253.70223999023438,252.0,-3.6302108764648438,False,False,mcherry_below_background,249.31024169921875,19.9276180267334,0.7547034025192261,6.69784688949585,15.25537109375
Pos5,VapC,22,216,18.922763922761437,14.584211967727201,19.697715603592208,18.017974012662258,14.488082893431596,1.0932258859819366,52.57543702106598,0.968609865470852,0.6371701863558525,-21.836369883083073,251.7731475830078,251.5,-4.146018981933594,False,False,mcherry_below_background,249.31024169921875,19.9276180267334,0.7547034025192261,6.69784688949585,15.25537109375
Pos5,VapC,23,307,21.97745851756037,17.83067085444592,22.825424421026653,21.189211541981347,17.639990898434636,1.0772191488014333,62.51610710300649,0.9684542586750788,0.5846074088449172,44.77620948606029,253.3192138671875,253.0,-2.7757415771484375,False,False,mcherry_below_background,249.31024169921875,19.9276180267334,0.7547034025192261,6.69784688949585,15.25537109375
Pos5,VapC,24,228,19.393075425757303,15.140087862872287,20.591260281974,19.573400140745846,13.708986440514533,1.052002213918331,54.79687849014517,0.957983193277311,0.6249115488977667,-18.102389405397656,253.6885986328125,253.5,-2.362945556640625,False,False,mcherry_below_background,249.31024169921875,19.9276180267334,0.7547034025192261,6.69784688949585,15.25537109375
Pos5,VapC,25,129,13.87974580610521,11.87709113460008,14.866068747318506,14.41692982034697,10.62973395848652,1.0311535765636908,40.9686858373161,0.9347826086956522,0.5174492785679605,79.0570531705001,255.97674560546875,256.0,0.2177581787109375,False,False,mcherry_below_background,249.31024169921875,19.9276180267334,0.7547034025192261,6.69784688949585,15.25537109375
Pos5,VapC,26,241,22.145038286371374,14.266402314351875,21.95449840010015,22.41591641229124,12.168996041508999,0.9794156079232129,58.72386930713242,0.94140625,0.7648354563073536,36.547329084659175,250.91285705566406,252.0,-3.8331756591796875,False,False,mcherry_below_background,249.31024169921875,19.9276180267334,0.7547034025192261,6.69784688949585,15.25537109375
Pos5,VapC,27,229,18.735479152345462,15.611264953176393,19.6468827043885,,,,53.36083518446344,0.9870689655172413,0.5529022836331683,-1.8886694629898475,251.655029296875,253.0,-2.8914642333984375,False,False,mcherry_below_background,249.31024169921875,19.9276180267334,0.7547034025192261,6.69784688949585,15.25537109375
Pos5,VapC,28,176,17.48740131777773,12.892121917965246,18.439088914585774,18.109880957157046,11.206690115581747,1.0181783612055508,49.01323702131956,0.9513513513513514,0.6756490358146676,79.4527748901104,252.03977966308594,252.0,-3.9957733154296875,False,False,mcherry_below_background,249.31024169921875,19.9276180267334,0.7547034025192261,6.69784688949585,15.25537109375
Pos5,VapC,29,272,19.918800082470092,17.38879178508897,21.02379604162864,18.95788501498335,18.025747990169126,1.1089737080382382,58.49383151100476,0.9679715302491103,0.48774902340720533,38.542664826286675,248.9264678955078,248.5,-7.633026123046875,False,False,mcherry_below_background,249.31024169921875,19.9276180267334,0.7547034025192261,6.69784688949585,15.25537109375
Pos5,VapC,30,244,19.110467701567725,16.272213066238937,19.72308292331602,19.40759833558267,15.090457634306736,1.0162557253235671,56.04235224579792,0.9606299212598425,0.5243843586189225,-44.91513294479369,249.69671630859375,248.0,-8.302032470703125,False,False,mcherry_below_background,249.31024169921875,19.9276180267334,0.7547034025192261,6.69784688949585,15.25537109375
Pos6,VapC,1,987,82.19962452928733,15.902776964648194,75.23961722390672,71.48630656548505,14.432114214422075,1.0525039107312595,159.44820869392316,0.9250234301780693,0.98110711369322,87.02419355208102,281.6494445800781,281.0,38.501068115234375,True,True,ok,249.1864776611328,19.825838088989258,1.0241377353668213,7.191122055053711,16.816650390625
Pos6,VapC,2,813,59.022100360928604,17.838376650798175,55.326304774492215,53.349967090313115,16.308912195505656,1.0370447779439764,125.31806853105647,0.9531066822977726,0.9532343488393727,-3.037355660175763,314.4378967285156,316.0,73.3734130859375,True,True,ok,249.1864776611328,19.825838088989258,1.0241377353668213,7.191122055053711,16.816650390625
Pos6,VapC,3,829,60.743618816201106,17.58862659750831,57.8013840664737,56.192171473189,15.693531796085892,1.0286376651959874,130.29996355366748,0.9550691244239631,0.957161337088794,31.801635306276527,311.37152099609375,310.0,67.87315368652344,True,True,ok,249.1864776611328,19.825838088989258,1.0241377353668213,7.191122055053711,16.816650390625
Pos6,VapC,4,616,44.26367216626637,17.84940005914237,42.7551166528639,40.22290965776446,16.824974759974797,1.062954346581206,99.65308689834984,0.9731437598736177,0.9150891128671697,87.14233888094867,285.49676513671875,285.0,42.266319274902344,True,True,ok,249.1864776611328,19.825838088989258,1.0241377353668213,7.191122055053711,16.816650390625
Pos6,VapC,5,627,45.06225793729334,17.924970064893433,43.829214001622255,42.01030677435217,16.278570464490656,1.043296689953727,102.60411000191067,0.954337899543379,0.9174798177841557,-29.99215009196986,290.7240905761719,290.0,47.67195129394531,True,True,ok,249.1864776611328,19.825838088989258,1.0241377353668213,7.191122055053711,16.816650390625
Pos6,VapC,6,933,66.44356852100854,18.25753700832842,62.24146527838174,62.03031121511867,15.917599698264777,1.0034040464915739,142.2320373085595,0.948170731707317,0.9615063799204537,-64.53962259984775,303.55303955078125,303.0,60.161956787109375,True,True,ok,249.1864776611328,19.825838088989258,1.0241377353668213,7.191122055053711,16.816650390625
Pos6,VapC,7,1305,93.4233093728257,18.38399723691706,85.70297544426332,83.47202756219623,16.318614819315982,1.0267268921963681,185.5732659188851,0.9203102961918195,0.980447328638715,81.82731066672994,310.4283447265625,309.0,65.73931884765625,True,True,ok,249.1864776611328,19.825838088989258,1.0241377353668213,7.191122055053711,16.816650390625
Pos6,VapC,8,786,57.33835047972931,17.652364288997518,54.378304497290095,53.1805636167833,15.785351958508105,1.0225221546942913,124.3815690637287,0.9573690621193667,0.9514306546436901,-57.86482657811673,311.7824401855469,311.0,66.99971008300781,True,True,ok,249.1864776611328,19.825838088989258,1.0241377353668213,7.191122055053711,16.816650390625
Pos6,VapC,9,942,69.90631460328805,17.911117652950466,65.49045732013177,63.881091747863806,15.559444706040129,1.025193144453762,145.5247312660796,0.9066410009624639,0.9666195484491684,84.48044730433875,301.36199951171875,301.0,57.329742431640625,True,True,ok,249.1864776611328,19.825838088989258,1.0241377353668213,7.191122055053711,16.816650390625
Pos6,VapC,10,154,17.129001261611865,11.486067629074162,17.88854381999832,16.641836771907908,10.741702142363412,1.0749140293332826,45.54632179658763,0.9565217391304348,0.74185294963327,63.936347561478925,301.3701171875,302.5,58.17577362060547,True,True,ok,249.1864776611328,19.825838088989258,1.0241377353668213,7.191122055053711,16.816650390625
Pos6,VapC,11,678,51.16218224950885,17.084524372304337,48.54894437575342,46.96120106698355,15.541178331590087,1.0338096827316061,111.66409714543921,0.9549295774647887,0.9425983128545298,53.68504526870726,326.3097229003906,324.0,78.86121368408203,True,True,ok,249.1864776611328,19.825838088989258,1.0241377353668213,7.191122055053711,16.816650390625
Pos6,VapC,12,626,46.16649995530377,17.518004917561267,43.56604182158393,42.22633581574383,16.150500476233365,1.031726788033088,102.88996432695413,0.9528158295281582,0.9252111207111997,-2.6868581254437793,326.3386535644531,324.0,78.82067108154297,True,True,ok,249.1864776611328,19.825838088989258,1.0241377353668213,7.191122055053711,16.816650390625
Pos6,VapC,13,584,42.267664976284046,17.719493020404457,40.792156108742276,38.892411909240316,16.5220259503965,1.0488461400628797,96.6462472658732,0.9605263157894737,0.9078842152889516,83.60605400470224,318.5479431152344,315.0,70.02328491210938,True,True,ok,249.1864776611328,19.825838088989258,1.0241377353668213,7.191122055053711,16.816650390625
Pos6,VapC,14,248,20.926829865385162,15.310135791895679,21.18962010041709,20.78254877174316,13.939558876761529,1.0195871706182353,57.478395551479665,0.9612403100775194,0.6817307026977499,85.22190919075858,323.3507995605469,324.0,78.08258819580078,True,True,ok,249.1864776611328,19.825838088989258,1.0241377353668213,7.191122055053711,16.816650390625
Pos6,VapC,15,892,66.18366988248852,17.55098428338059,62.16912416947821,60.77722644798358,15.527921674416438,1.0229016327799343,139.28101420499868,0.9389473684210526,0.9641972684916545,-81.00327252113297,318.1165771484375,317.5,69.83927917480469,True,True,ok,249.1864776611328,19.825838088989258,1.0241377353668213,7.191122055053711,16.816650390625
Pos6,VapC,16,756,58.39413399384012,16.783888799486192,55.072679252057455,53.5727994201269,15.014712467324248,1.0279970404415166,124.28628428871423,0.949748743718593,0.957803379603472,56.36073223925138,342.6071472167969,342.0,94.64952850341797,True,True,ok,249.1864776611328,19.825838088989258,1.0241377353668213,7.191122055053711,16.816650390625
Pos6,VapC,17,97,13.170797563559761,9.408286233753397,13.601470508735444,12.603181880688053,9.109455917195994,1.0792092534645616,35.605651714647124,0.9603960396039604,0.6998097536651521,-5.293060109326732,323.2577209472656,324.0,77.82420349121094,True,True,ok,249.1864776611328,19.825838088989258,1.0241377353668213,7.191122055053711,16.816650390625
Pos6,VapC,18,378,32.978755997441574,14.914062346385814,32.202484376209235,32.179769108043004,12.847208288320036,1.0007058866112422,79.02581681717005,0.949748743718593,0.891900132397178,68.7623041648158,310.11639404296875,309.0,62.102561950683594,True,True,ok,249.1864776611328,19.825838088989258,1.0241377353668213,7.191122055053711,16.816650390625
Pos6,VapC,19,537,40.85296745661105,16.84286195584382,39.81205847478876,37.42108873353839,15.77781001505508,1.0638936445242302,92.85400946999913,0.9640933572710951,0.9110571830821196,-6.565817383677091,324.335205078125,322.0,73.17315673828125,True,True,ok,249.1864776611328,19.825838088989258,1.0241377353668213,7.191122055053711,16.816650390625
Pos6,VapC,20,796,62.6553447966017,16.489976307816026,59.20304046246274,58.422817508028075,14.384903294840285,1.013354764246477,133.26733494004543,0.9234338747099768,0.9647452559557139,-75.7713078288118,348.0213623046875,349.0,101.4582748413086,True,True,ok,249.1864776611328,19.825838088989258,1.0241377353668213,7.191122055053711,16.816650390625
Pos6,VapC,21,740,57.00462391204884,16.78990390379751,54.230987451824994,53.58627694680267,14.671555151656063,1.012031261392956,123.92149347147338,0.940279542566709,0.9556404387062938,-25.095796764441598,328.886474609375,330.0,82.71092987060547,True,True,ok,249.1864776611328,19.825838088989258,1.0241377353668213,7.191122055053711,16.816650390625
Pos6,VapC,22,768,61.01705393875903,16.325121631997128,57.56735185849702,56.53650875093551,14.367716532445424,1.0182332289406613,129.47509714417134,0.9446494464944649,0.9635439377020304,74.86261753388992,359.3854064941406,359.0,111.09166717529297,True,True,ok,249.1864776611328,19.825838088989258,1.0241377353668213,7.191122055053711,16.816650390625
Pos6,VapC,23,557,40.78412302674252,17.512015040938067,39.824615503479755,38.43034464054888,15.906676582021662,1.0362804673226829,95.0196344101625,0.9570446735395189,0.9031224247939035,33.19287501706071,359.9676818847656,355.0,107.06413269042969,True,True,ok,249.1864776611328,19.825838088989258,1.0241377353668213,7.191122055053711,16.816650390625
Pos6,VapC,24,630,46.524619534659045,17.385341009537516,44.82186966202994,42.03548051155936,16.352507123449826,1.0662866016175157,102.73886302302381,0.9767441860465116,0.9275575008268588,-44.75547586344119,325.24127197265625,323.5,75.97918701171875,True,True,ok,249.1864776611328,19.825838088989258,1.0241377353668213,7.191122055053711,16.816650390625
Pos6,VapC,25,539,40.903185085243194,16.92742567009612,39.408120990476064,37.16436808093866,15.977169199296792,1.0603737672775932,92.56815514495565,0.9659498207885304,0.9103490600806028,48.95871546657981,328.7291259765625,327.0,78.88613891601562,True,True,ok,249.1864776611328,19.825838088989258,1.0241377353668213,7.191122055053711,16.816650390625
Pos6,VapC,26,987,74.36456109481236,18.382779788367024,69.07966415668217,69.40571384705449,14.907913446740961,0.9953022644347292,155.83019216526094,0.867311072056239,0.968964957499898,-20.226933911129677,327.02532958984375,328.0,77.44947814941406,True,True,ok,249.1864776611328,19.825838088989258,1.0241377353668213,7.191122055053711,16.816650390625
Pos6,VapC,27,882,64.27438243570305,17.73296166013815,60.728905802755904,59.376486159913924,15.751045513832391,1.0227770238743938,136.73425016477736,0.9514563106796117,0.9611878655038697,16.537834999322385,333.8038635253906,333.0,82.77825927734375,True,True,ok,249.1864776611328,19.825838088989258,1.0241377353668213,7.191122055053711,16.816650390625
Pos6,VapC,28,869,69.84417968126264,16.219273758794262,65.39113089708727,64.42405406904098,14.156302562046395,1.015011114125322,145.00883914490848,0.9294117647058824,0.9726630884177346,67.47205377941918,337.1783752441406,337.0,85.99755859375,True,True,ok,249.1864776611328,19.825838088989258,1.0241377353668213,7.191122055053711,16.816650390625
Pos6,VapC,29,958,68.5011865234642,18.36448511350944,64.47480127925948,63.657855899019935,15.901646600510531,1.0128333788297152,145.4689147371638,0.9256038647342996,0.9633938634333788,-65.01819378043888,338.5271301269531,337.0,84.88529205322266,True,True,ok,249.1864776611328,19.825838088989258,1.0241377353668213,7.191122055053711,16.816650390625
Pos6,VapC,30,510,39.00520889855156,16.784510701928507,37.8549864614954,35.84427798276348,15.704880387492524,1.0560956613409487,89.61713204139485,0.9622641509433962,0.9026789842613255,84.24383888998453,334.86077880859375,333.0,80.92174530029297,True,True,ok,249.1864776611328,19.825838088989258,1.0241377353668213,7.191122055053711,16.816650390625
Pos6,VapC,31,759,56.325544052778184,17.516917717856245,53.45091205957107,52.3952059975495,15.465735408400883,1.0201489056474162,122.445981919693,0.9381953028430161,0.9504118082683934,17.031514889948706,336.77734375,335.0,83.051025390625,True,True,ok,249.1864776611328,19.825838088989258,1.0241377353668213,7.191122055053711,16.816650390625
Pos6,VapC,32,877,69.51627630847219,16.947635314301873,63.63961030678928,62.47199347530241,14.789681101681328,1.01869024448449,141.82777824522003,0.8967280163599182,0.969827095955247,87.58571264303323,338.87115478515625,338.0,84.89259338378906,True,True,ok,249.1864776611328,19.825838088989258,1.0241377353668213,7.191122055053711,16.816650390625
Pos6,VapC,33,658,45.483983299820785,18.566955165430215,43.93176527297759,42.20873969478701,17.070818418132358,1.0408215357921096,103.90540028647925,0.9577874818049491,0.9128886583941018,-5.561305915337494,382.17022705078125,382.0,128.32455444335938,True,True,ok,249.1864776611328,19.825838088989258,1.0241377353668213,7.191122055053711,16.816650390625
Pos6,VapC,34,587,42.317964723454075,17.76846514983031,41.43669871020132,39.85416383618928,16.1295984932744,1.0397081439348888,98.12175881765361,0.9607201309328969,0.9075796509795516,-18.720686014088674,352.5127868652344,349.0,95.84367370605469,True,True,ok,249.1864776611328,19.825838088989258,1.0241377353668213,7.191122055053711,16.816650390625
Pos6,VapC,35,591,45.00161721057386,16.85151706958893,43.41658669218482,41.08644256811124,15.666236787025817,1.056713211911953,100.05734596168932,0.964110929853181,0.9272411707667241,-44.468562843907456,343.3215026855469,341.0,88.40411376953125,True,True,ok,249.1864776611328,19.825838088989258,1.0241377353668213,7.191122055053711,16.816650390625
Pos6,VapC,36,779,58.57981756503225,17.32677130591027,54.91812087098393,53.17924029884598,15.635057866480022,1.0326984846411142,124.20734779651687,0.9385542168674699,0.9552559131990401,-81.77573421585925,372.87420654296875,372.0,118.865234375,True,True,ok,249.1864776611328,19.825838088989258,1.0241377353668213,7.191122055053711,16.816650390625
Pos6,VapC,37,642,49.43105102843363,16.754551072732855,47.41307836451879,46.816120840306375,14.704353305347682,1.0127511103760323,110.41862338978646,0.9413489736070382,0.9408051441597086,-62.13518324106474,350.487548828125,349.0,94.57587432861328,True,True,ok,249.1864776611328,19.825838088989258,1.0241377353668213,7.191122055053711,16.816650390625
Pos6,VapC,38,756,56.392642671039894,17.28618232676033,53.41348144429457,51.71704516677045,15.631980695199037,1.0328022661011214,121.27944465623759,0.9533417402269861,0.9518601665027381,-40.09430768778053,354.1534423828125,353.0,98.56060791015625,True,True,ok,249.1864776611328,19.825838088989258,1.0241377353668213,7.191122055053711,16.816650390625
Pos6,VapC,39,637,47.059993230698836,17.626288310037715,45.17742799230607,43.418325646703344,15.924655498128788,1.0405152045686104,105.01612102101882,0.9593373493975904,0.9272069937907752,0.5694399998796463,355.5824279785156,355.0,100.73719787597656,True,True,ok,249.1864776611328,19.825838088989258,1.0241377353668213,7.191122055053711,16.816650390625
Pos6,VapC,40,508,39.02536718374284,16.65358264206969,38.62641583165593,37.48781082677614,14.805999364020032,1.0303726726039315,91.8780417565727,0.9530956848030019,0.9043755940688025,-67.2712837392607,369.2145690917969,370.5,115.38558197021484,True,True,ok,249.1864776611328,19.825838088989258,1.0241377353668213,7.191122055053711,16.816650390625
Pos6,VapC,41,938,75.30884311850792,16.387656621808443,69.9714227381436,68.34186408900267,14.37389277638219,1.0238442230229297,153.09285857501064,0.9342629482071713,0.976036692875259,-33.369538673387005,333.7686462402344,335.0,80.60343933105469,True,True,ok,249.1864776611328,19.825838088989258,1.0241377353668213,7.191122055053711,16.816650390625
Pos6,VapC,42,436,41.61498494223172,13.413651529839413,40.718546143004666,39.13510205305876,11.920046618787088,1.0404609674404093,91.87804175657271,0.9416846652267818,0.9466282384982495,-65.4876478712477,363.5206298828125,368.0,111.58575439453125,True,True,ok,249.1864776611328,19.825838088989258,1.0241377353668213,7.191122055053711,16.816650390625
Pos6,VapC,43,896,74.63758960250347,16.323762162979413,68.6804193347711,68.10152513693455,13.7528487285151,1.0085004586413087,151.90320134827368,0.8775710088148874,0.9757905794115871,-74.87314290416907,372.2946472167969,376.0,120.47056579589844,True,True,ok,249.1864776611328,19.825838088989258,1.0241377353668213,7.191122055053711,16.816650390625
Pos6,VapC,44,810,35.3406999454777,29.706428860226467,36.68787265568828,37.27597579247542,25.46231730300687,0.9842229982103955,103.61954596143576,0.9712230215827338,0.5416986937261599,-43.18377985456515,254.6012420654297,254.0,-2.66607666015625,False,False,mcherry_below_background,249.1864776611328,19.825838088989258,1.0241377353668213,7.191122055053711,16.816650390625
Pos6,VapC,45,573,54.466593128760195,13.565711394328694,53.600373133029585,50.91989975520673,11.844199078688124,1.0526409790810471,115.36105016629881,0.943986820428336,0.9684868212481519,41.55550213316983,355.9476318359375,356.0,99.400390625,True,True,ok,249.1864776611328,19.825838088989258,1.0241377353668213,7.191122055053711,16.816650390625
Pos6,VapC,46,931,74.748210647518,17.100452131848556,69.07966415668217,69.92941997295813,13.906946049807786,0.9878483788853881,155.73490739024643,0.8676607642124884,0.9734795459506677,66.85576114842677,406.3168640136719,409.0,153.1818084716797,True,True,ok,249.1864776611328,19.825838088989258,1.0241377353668213,7.191122055053711,16.816650390625
Pos6,VapC,47,491,39.047865119427954,16.092552741294284,38.47076812334269,35.97570782393888,14.98814482770448,1.0693540294360393,89.06177167412505,0.9571150097465887,0.9111278789261414,-85.91013002899618,348.3360595703125,345.0,89.0484619140625,True,True,ok,249.1864776611328,19.825838088989258,1.0241377353668213,7.191122055053711,16.816650390625
Pos7,VapC,1,228,25.115522777061027,11.870375162296035,24.73863375370596,23.567907296974774,10.720724084008395,1.049674603772795,59.374514449416694,0.9620253164556962,0.8812604146301105,-83.46499540445672,289.1929931640625,290.0,48.829017639160156,True,True,ok,248.96836853027344,19.81503677368164,0.6303233504295349,6.960599899291992,15.538604736328125
Pos7,VapC,2,352,29.1373333491637,15.77714928614272,30.23243291566195,28.713580658098337,13.651959117827543,1.0528966510881754,73.01213755221679,0.9591280653950953,0.8407165926247443,-46.79937090152147,294.8891906738281,297.0,55.39415740966797,True,True,ok,248.96836853027344,19.81503677368164,0.6303233504295349,6.960599899291992,15.538604736328125
Pos7,VapC,3,685,52.376981266098184,16.906660074807206,52.354560450833695,49.78366599686083,14.689728278533053,1.0516413245688851,116.33701787972524,0.9513888888888888,0.9464712984639296,-60.09692448349739,298.48321533203125,302.0,60.03782653808594,True,True,ok,248.96836853027344,19.81503677368164,0.6303233504295349,6.960599899291992,15.538604736328125
Pos7,VapC,4,1146,87.95489615999081,17.291686148875467,79.71198153351854,80.06351948535593,14.909465833184829,0.9956092618199018,177.14757563482368,0.9116945107398569,0.9804843403535138,-71.17159784639033,276.9764404296875,277.0,35.34046173095703,True,True,ok,248.96836853027344,19.81503677368164,0.6303233504295349,6.960599899291992,15.538604736328125
Pos7,VapC,5,621,44.108621192139424,18.067563163207545,42.95346318982906,41.45119156979473,16.368615235947903,1.0362419405363734,101.58867404238555,0.9613003095975232,0.9122583847748266,-64.98289166521464,297.597412109375,296.0,53.8387451171875,True,True,ok,248.96836853027344,19.81503677368164,0.6303233504295349,6.960599899291992,15.538604736328125
Pos7,VapC,6,975,70.70118950873061,18.093665585832976,65.0,63.14443487298052,16.34922300116535,1.029386043770161,144.95302261599267,0.9375,0.9666986486032249,-49.99883209451756,293.0348815917969,293.0,50.31474304199219,True,True,ok,248.96836853027344,19.81503677368164,0.6303233504295349,6.960599899291992,15.538604736328125
Pos7,VapC,7,825,57.08170312588686,18.587648253755138,54.3415126767741,51.9601709702582,17.08280762956847,1.0458301360840205,123.42194963311943,0.9581881533101045,0.945496474155748,82.53727433223601,335.2994079589844,337.0,93.71499633789062,True,True,ok,248.96836853027344,19.81503677368164,0.6303233504295349,6.960599899291992,15.538604736328125
Pos7,VapC,8,950,74.12110236484999,17.31499794249238,68.30812543175226,67.65934170603983,14.72903288177924,1.0095889748459452,152.13323914440133,0.8804448563484708,0.9723317828225404,73.44846966078799,310.7010498046875,310.0,66.05120086669922,True,True,ok,248.96836853027344,19.81503677368164,0.6303233504295349,6.960599899291992,15.538604736328125
Pos7,VapC,9,911,67.0594840113912,17.70856406619727,62.16912416947821,60.25845154060687,16.03377130535286,1.0317079609585351,138.8209386127434,0.9391752577319588,0.9645028391650561,-82.90454812098031,291.3852844238281,290.0,45.644378662109375,True,True,ok,248.96836853027344,19.81503677368164,0.6303233504295349,6.960599899291992,15.538604736328125
Pos7,VapC,10,961,74.90631522504714,16.864240093952812,68.8839603971781,66.87077386774291,15.103025036172511,1.0301056263146717,150.98305016376307,0.9213806327900288,0.9743269413165996,82.72518446177128,315.408935546875,316.0,71.66099548339844,True,True,ok,248.96836853027344,19.81503677368164,0.6303233504295349,6.960599899291992,15.538604736328125
Pos7,VapC,11,566,42.56088938942733,17.061075653134054,41.593268686170845,40.28116527499686,15.298051750533414,1.0325736210016851,98.02647404263914,0.9576988155668359,0.9161381153687688,60.747455484918255,287.23321533203125,286.0,42.169410705566406,True,True,ok,248.96836853027344,19.81503677368164,0.6303233504295349,6.960599899291992,15.538604736328125
Pos7,VapC,12,170,15.609615162900653,13.903910888507372,16.15549442140351,16.660480958369867,12.085007873220023,0.9696895582889723,47.117118123382525,0.9659090909090909,0.45453802661799775,39.225350299088596,239.5823516845703,240.0,-3.6471710205078125,False,False,mcherry_below_background,248.96836853027344,19.81503677368164,0.6303233504295349,6.960599899291992,15.538604736328125
Pos7,VapC,13,990,75.20333826505824,17.21717765234473,69.85699678629192,70.03849064504988,14.80685759727507,0.9974086554823439,156.98038114589917,0.9200743494423792,0.9734401434875669,28.124980733955315,320.463623046875,320.0,75.53089904785156,True,True,ok,248.96836853027344,19.81503677368164,0.6303233504295349,6.960599899291992,15.538604736328125
Pos7,VapC,14,675,50.76858046236936,17.14070282264731,48.010415536631214,45.94096973094041,15.869125055055447,1.045045758019711,109.99801604362983,0.9615384615384616,0.941280978332282,40.51877737487861,343.4103698730469,338.0,93.22920227050781,True,True,ok,248.96836853027344,19.81503677368164,0.6303233504295349,6.960599899291992,15.538604736328125
Pos7,VapC,15,609,44.47292159858874,17.62421252357998,43.46262762420146,42.09402935449012,15.728881614831423,1.0325128834349842,102.14403440965535,0.9545454545454546,0.9181250193376819,67.09576097288313,317.7750549316406,315.0,70.679443359375,True,True,ok,248.96836853027344,19.81503677368164,0.6303233504295349,6.960599899291992,15.538604736328125
Pos7,VapC,16,674,43.253221583392545,19.926038150302738,42.941821107167776,41.30457412677869,18.00144916052288,1.0396383939309914,103.15947036918045,0.9546742209631728,0.8875645720182356,-60.198274987192256,348.59051513671875,345.0,100.16397857666016,True,True,ok,248.96836853027344,19.81503677368164,0.6303233504295349,6.960599899291992,15.538604736328125
Pos7,VapC,17,887,62.424961835040456,18.346167967117022,59.36328831862332,57.16193017549617,16.54500666305455,1.0385109134063288,133.2115184111296,0.9558189655172413,0.9558387754267136,-54.713708510503764,325.4126281738281,326.0,80.0677490234375,True,True,ok,248.96836853027344,19.81503677368164,0.6303233504295349,6.960599899291992,15.538604736328125
Pos7,VapC,18,574,42.853713954731795,17.47081681844063,42.37924020083418,40.69309250122496,15.347831753739479,1.0414357227718307,98.90715698105106,0.9363784665579119,0.9131226272039036,-19.80852951820717,310.5139465332031,309.0,63.81024932861328,True,True,ok,248.96836853027344,19.81503677368164,0.6303233504295349,6.960599899291992,15.538604736328125
Pos7,VapC,19,620,42.75947640656102,18.76988415004073,41.97618372363071,41.696292675351124,16.22418575013072,1.0067126123288426,101.91399661352769,0.9422492401215805,0.898504497835795,-76.39906964076933,326.7064514160156,326.0,80.53977966308594,True,True,ok,248.96836853027344,19.81503677368164,0.6303233504295349,6.960599899291992,15.538604736328125
Pos7,VapC,20,795,61.05090826994027,16.869691374711326,57.697486947006624,56.32927356245538,14.96685880708763,1.0242895620344585,129.74460318639768,0.9520958083832335,0.9610651968216652,-60.47888791688069,307.719482421875,309.0,63.26872253417969,True,True,ok,248.96836853027344,19.81503677368164,0.6303233504295349,6.960599899291992,15.538604736328125
Pos7,VapC,21,1002,71.32203006326095,18.451137546317145,67.54257916307313,66.5158715218777,15.877404545503081,1.0154355286596182,151.1572714309749,0.9175824175824175,0.9659572344334927,-65.37834200696065,341.79541015625,341.5,94.88848114013672,True,True,ok,248.96836853027344,19.81503677368164,0.6303233504295349,6.960599899291992,15.538604736328125
Pos7,VapC,22,817,62.15052448254101,17.452745092341704,58.309518948453004,57.40116754866444,15.083774438208046,1.015824615396864,132.0218611843927,0.9138702460850112,0.9597621724829813,-88.63366934045622,313.2301025390625,315.0,67.97331237792969,True,True,ok,248.96836853027344,19.81503677368164,0.6303233504295349,6.960599899291992,15.538604736328125
Pos7,VapC,23,535,40.60468334826776,16.95306214502557,39.66106403010388,38.050744818643686,15.39724891092715,1.0423203072406402,93.67887587949525,0.9519572953736655,0.9086700559021967,-51.99471267514841,322.17010498046875,322.0,74.89540100097656,True,True,ok,248.96836853027344,19.81503677368164,0.6303233504295349,6.960599899291992,15.538604736328125
Pos7,VapC,24,984,77.7957142733535,16.64583622515934,72.2357252334328,71.74734167555562,14.328915270007734,1.006806991680412,159.85246775726267,0.9162011173184358,0.9768405496080442,-67.90966927722036,302.01422119140625,302.0,55.03704071044922,True,True,ok,248.96836853027344,19.81503677368164,0.6303233504295349,6.960599899291992,15.538604736328125
Pos7,VapC,25,678,47.82683978911437,18.19477100297333,45.803929962395145,43.192985780172876,17.160034123977017,1.0604483375034652,105.97574045162808,0.9685714285714285,0.9248096637727007,-42.83833233408929,327.6828918457031,328.0,80.62081909179688,True,True,ok,248.96836853027344,19.81503677368164,0.6303233504295349,6.960599899291992,15.538604736328125
Pos7,VapC,26,415,34.81235567546741,15.232720272735934,34.48187929913333,32.79008384404554,13.92539479322727,1.0515947279407463,81.47729608237688,0.9474885844748858,0.8991860580828357,78.64754127967231,357.8795166015625,359.0,111.18490600585938,True,True,ok,248.96836853027344,19.81503677368164,0.6303233504295349,6.960599899291992,15.538604736328125
Pos7,VapC,27,533,40.28818172577223,16.91910634629168,39.56008088970496,38.00765886038182,15.354693359753401,1.0408449790350374,93.5441228583821,0.9586330935251799,0.9075462728401958,-69.2118613566883,344.38836669921875,342.0,94.07954406738281,True,True,ok,248.96836853027344,19.81503677368164,0.6303233504295349,6.960599899291992,15.538604736328125
Pos7,VapC,28,752,55.7347135866357,17.410943851173176,53.0,52.18403930892182,15.383780830626087,1.0156362117974007,121.93008979852186,0.9459119496855346,0.9499540775129415,-33.0467417117058,322.0026550292969,322.0,73.04586029052734,True,True,ok,248.96836853027344,19.81503677368164,0.6303233504295349,6.960599899291992,15.538604736328125
Pos7,VapC,29,983,76.84717189814745,17.90400650029434,70.40596565632774,70.01039854042244,14.703460770407109,1.005650119470137,156.80615987868737,0.8496110630942092,0.9724810515254432,-79.77380585626523,339.3133239746094,339.0,90.15121459960938,True,True,ok,248.96836853027344,19.81503677368164,0.6303233504295349,6.960599899291992,15.538604736328125
Pos7,VapC,30,817,56.660456574075944,18.59806362374039,54.20332093147061,53.39736564773317,16.37848530647652,1.0150935401767645,125.4922897982683,0.9456018518518519,0.9445953683827,-61.07149748971133,317.4075927734375,317.0,67.51234436035156,True,True,ok,248.96836853027344,19.81503677368164,0.6303233504295349,6.960599899291992,15.538604736328125
Pos7,VapC,31,804,50.34661582257908,20.510578563191515,48.54894437575342,47.38709548295735,18.519933096250377,1.0245182550429563,115.91641053356861,0.9617224880382775,0.9132554296082156,-40.868290797026006,345.7325744628906,344.0,92.99364471435547,True,True,ok,248.96836853027344,19.81503677368164,0.6303233504295349,6.960599899291992,15.538604736328125
Pos7,VapC,32,588,45.76598780206404,16.455722491719204,44.721359549995796,43.19915061466294,14.682267871248355,1.0352370107669704,103.15947036918045,0.9529983792544571,0.9331210926453476,62.532400165607285,320.56292724609375,320.0,68.32195281982422,True,True,ok,248.96836853027344,19.81503677368164,0.6303233504295349,6.960599899291992,15.538604736328125
Pos7,VapC,33,567,45.65163203442297,16.036564367265573,43.56604182158393,41.860176358229396,14.644568964873354,1.040751511621837,100.4384850617473,0.9529411764705882,0.9362699677942191,83.77601643259763,328.04937744140625,331.0,80.23640441894531,True,True,ok,248.96836853027344,19.81503677368164,0.6303233504295349,6.960599899291992,15.538604736328125
Pos7,VapC,34,879,71.4196532262442,16.014986488563057,66.64082832618455,65.94159820006576,13.964624576984198,1.0106037788771411,147.82510922735614,0.9371002132196162,0.9745344557567674,27.641111432036652,352.54949951171875,351.0,98.02485656738281,True,True,ok,248.96836853027344,19.81503677368164,0.6303233504295349,6.960599899291992,15.538604736328125
Pos7,VapC,35,488,40.21928839388547,15.553958905999897,39.11521443121589,37.16611571600829,14.313165701987236,1.0524428953001423,90.67203624701861,0.9549902152641878,0.9221934727805233,-38.73377748146404,351.3975524902344,349.0,96.4317855834961,True,True,ok,248.96836853027344,19.81503677368164,0.6303233504295349,6.960599899291992,15.538604736328125
Pos7,VapC,36,925,71.41272541588593,16.926608382057687,66.37017402418047,65.56375711782157,14.828084899294769,1.0122997360402903,148.05514702348378,0.9334006054490414,0.9715035264866851,-58.51688787055606,331.4637756347656,331.0,77.76853942871094,True,True,ok,248.96836853027344,19.81503677368164,0.6303233504295349,6.960599899291992,15.538604736328125
Pos7,VapC,37,154,27.84216423933531,7.3267193035073825,28.071337695236398,26.795360577649408,6.039381916988816,1.0476193299914505,60.48523518395629,0.9221556886227545,0.9647544044053602,2.8129158564544134,346.01947021484375,343.5,90.1871337890625,True,True,ok,248.96836853027344,19.81503677368164,0.6303233504295349,6.960599899291992,15.538604736328125
Pos7,VapC,38,558,43.30921112221864,16.510054812274724,42.43819034784589,40.08975785469992,15.146907184095165,1.0585793633789846,97.47111367536934,0.9554794520547946,0.9244870402117332,-36.782632638249616,327.8656005859375,329.0,76.44766235351562,True,True,ok,248.96836853027344,19.81503677368164,0.6303233504295349,6.960599899291992,15.538604736328125
Pos7,VapC,39,1182,97.65216028937614,16.08019852833252,88.05679985100527,87.73673379852107,13.947976965949163,1.003648027896949,191.39637563380936,0.9022900763358779,0.9863490291420021,-77.64912533435708,346.9483947753906,348.0,94.30139923095703,True,True,ok,248.96836853027344,19.81503677368164,0.6303233504295349,6.960599899291992,15.538604736328125
Pos7,VapC,40,722,52.87738562659281,19.07758261061289,50.44799302251776,50.13275341801827,15.419544851687636,1.0062880967632268,117.86834596042146,0.8848039215686274,0.9326474410719348,-80.3186638637076,354.27978515625,354.0,100.47968292236328,True,True,ok,248.96836853027344,19.81503677368164,0.6303233504295349,6.960599899291992,15.538604736328125
Pos7,VapC,41,762,62.90966719207912,15.80865395827509,58.60034129593445,56.72126388742199,14.196649378897249,1.0331282711231888,129.64931841138318,0.9419035846724351,0.9679114976635455,-38.22616282733491,356.1797790527344,356.0,101.92027282714844,True,True,ok,248.96836853027344,19.81503677368164,0.6303233504295349,6.960599899291992,15.538604736328125
Pos7,VapC,42,1119,88.57346241060159,16.803543785837057,81.40024569987489,78.77612593239189,14.801653087687082,1.033311104556412,174.44971029067204,0.9157119476268413,0.9818395743385221,-50.05477490503729,339.186767578125,339.0,85.36790466308594,True,True,ok,248.96836853027344,19.81503677368164,0.6303233504295349,6.960599899291992,15.538604736328125
Pos7,VapC,43,765,58.52273767895082,17.027395494606047,54.91812087098393,54.827376932653564,14.811577814758696,1.001655084437868,126.56354228670921,0.9421182266009852,0.9567371945692336,12.470397802741836,379.87451171875,383.0,127.78474426269531,True,True,ok,248.96836853027344,19.81503677368164,0.6303233504295349,6.960599899291992,15.538604736328125
Pos7,VapC,44,121,13.84938451949393,11.136523507588343,14.560219778561036,14.18683276219022,10.05989267912958,1.0263192653800743,39.85796510277651,0.937984496124031,0.5944712653718033,-29.123326847096312,286.67767333984375,285.0,30.770751953125,True,True,ok,248.96836853027344,19.81503677368164,0.6303233504295349,6.960599899291992,15.538604736328125
Pos7,VapC,45,713,54.7369575545475,16.896284434345894,51.884487084291386,52.017562560400734,14.584441192497634,0.9974417202660193,120.68461604286912,0.9188144329896907,0.9511654698626203,-62.149738276877066,361.8653564453125,360.0,104.68159484863281,True,True,ok,248.96836853027344,19.81503677368164,0.6303233504295349,6.960599899291992,15.538604736328125
Pos7,VapC,46,179,16.03960539572538,14.235055479788551,16.76305461424021,16.940995357704246,12.566521076850318,0.9894964410468885,48.22783885792211,0.9470899470899471,0.46081903880696934,-58.18626555618005,254.83798217773438,254.0,-0.3918609619140625,False,False,mcherry_below_background,248.96836853027344,19.81503677368164,0.6303233504295349,6.960599899291992,15.538604736328125
Pos7,VapC,47,265,18.779408944265462,18.066304085613854,19.924858845171276,19.84440132784304,16.187653473475155,1.00405441897687,58.16850893986262,0.9601449275362319,0.27295324454897707,56.06262118090418,253.87547302246094,254.0,-0.5032806396484375,False,False,mcherry_below_background,248.96836853027344,19.81503677368164,0.6303233504295349,6.960599899291992,15.538604736328125
Pos7,VapC,48,620,47.55989434615581,16.951033360492595,46.09772228646444,44.66043140791378,14.95759886704115,1.0321826465450572,106.39634779778474,0.9337349397590361,0.9343279634061924,-26.185844462516464,371.3258056640625,373.0,118.04474639892578,True,True,ok,248.96836853027344,19.81503677368164,0.6303233504295349,6.960599899291992,15.538604736328125
Pos7,VapC,49,825,67.62778826528606,15.86668631450036,63.245553203367585,61.59216744613447,14.085874658834934,1.0268440911529715,139.26466592218154,0.9450171821305842,0.9720876834129755,52.67385509180391,370.97332763671875,375.0,119.82574462890625,True,True,ok,248.96836853027344,19.81503677368164,0.6303233504295349,6.960599899291992,15.538604736328125
Pos7,VapC,50,351,23.930991072570343,18.673912084075834,25.079872407968907,23.08766396681998,18.32388730153359,1.0862888702820688,67.09374306227801,0.9669421487603306,0.6253762121639838,29.848350833539406,250.54701232910156,252.0,-3.2940826416015625,False,False,mcherry_below_background,248.96836853027344,19.81503677368164,0.6303233504295349,6.960599899291992,15.538604736328125
Pos7,VapC,51,390,24.03154459010836,20.732578597559183,25.553864678361276,24.22729206293948,19.447706558317666,1.0547552987752624,70.65594306202445,0.967741935483871,0.5056759221603189,-46.759357938946685,405.0923156738281,406.0,150.83534240722656,True,True,ok,248.96836853027344,19.81503677368164,0.6303233504295349,6.960599899291992,15.538604736328125
Pos7,VapC,52,82,16.47270898678726,6.463755737347838,16.1245154965971,15.460007160664684,5.7654157729187725,1.0429824080303882,37.50177061258416,0.9318181818181818,0.9197981759498072,87.3975969822224,313.07318115234375,309.0,52.47920227050781,True,True,ok,248.96836853027344,19.81503677368164,0.6303233504295349,6.960599899291992,15.538604736328125
Pos8,VapC,1,768,55.376813577598746,17.860736350288406,53.31041174104736,51.8492520279769,15.852268026207536,1.0281809217282833,121.79533677740869,0.9516728624535316,0.9465589181890824,23.35178764899042,294.27734375,294.0,50.97541809082031,True,True,ok,250.30056762695312,19.90863800048828,0.578157901763916,7.0651750564575195,15.645889282226562
Pos8,VapC,2,981,72.7477532302047,17.67928673284114,67.1863081289633,65.06861149289172,15.911376145884105,1.0325455943731476,148.3015331024286,0.9211267605633803,0.9700208379851922,-87.64295043629981,291.7757263183594,290.0,45.752777099609375,True,True,ok,250.30056762695312,19.90863800048828,0.578157901763916,7.0651750564575195,15.645889282226562
Pos8,VapC,3,930,67.84447291355274,18.115250392787562,63.12685640834652,60.95253523006967,16.179428045985574,1.0356723665401237,140.37538665672113,0.9272183449651047,0.9636933594428722,-44.09914698945217,286.3817138671875,287.0,42.4539794921875,True,True,ok,250.30056762695312,19.90863800048828,0.578157901763916,7.0651750564575195,15.645889282226562
Pos8,VapC,4,676,46.64113445879955,18.606571967338144,45.17742799230607,43.681126784801,16.874786259120867,1.0342550963686612,106.62638559391237,0.9602272727272727,0.9169811563851062,-59.13569425131103,302.29290771484375,301.0,56.25152587890625,True,True,ok,250.30056762695312,19.90863800048828,0.578157901763916,7.0651750564575195,15.645889282226562
Pos8,VapC,5,673,52.0368416323821,16.854963219576824,52.32590180780452,49.9773725718685,14.350366292629335,1.0469918508132612,116.33701787972524,0.953257790368272,0.9460898076108653,-29.816434674621625,299.7815856933594,300.0,54.74165344238281,True,True,ok,250.30056762695312,19.90863800048828,0.578157901763916,7.0651750564575195,15.645889282226562
Pos8,VapC,6,616,46.437201652194,17.200949086709834,43.93176527297759,42.65984126837198,15.675998181206506,1.029815488449757,103.21528689809627,0.9580093312597201,0.9288671138162118,85.41391930138677,307.72076416015625,307.0,60.9185791015625,True,True,ok,250.30056762695312,19.90863800048828,0.578157901763916,7.0651750564575195,15.645889282226562
Pos8,VapC,7,669,48.76055858978472,17.763607356942916,46.84015371452148,46.09038258581633,15.656256498068956,1.016267409525385,110.05383257254564,0.9422535211267605,0.931280559164113,-74.99975103798815,330.27203369140625,326.0,78.96884155273438,True,True,ok,250.30056762695312,19.90863800048828,0.578157901763916,7.0651750564575195,15.645889282226562
Pos8,VapC,8,668,50.886987329534925,16.893587242828122,48.82622246293481,46.78723510755868,15.359477400204623,1.043579992506262,111.10873677816942,0.9515669515669516,0.9432855591806021,50.83963014263272,324.1856384277344,320.0,71.4101791381836,True,True,ok,250.30056762695312,19.90863800048828,0.578157901763916,7.0651750564575195,15.645889282226562
Pos8,VapC,9,666,48.763498895828654,17.556222055202838,46.57252408878007,44.45390817251484,16.25779903438747,1.0476587099618642,107.46760028622566,0.961038961038961,0.9329415214317044,8.72432960249321,332.9144287109375,329.0,79.79945373535156,True,True,ok,250.30056762695312,19.90863800048828,0.578157901763916,7.0651750564575195,15.645889282226562
Pos8,VapC,10,617,46.394033201303095,17.068907806007903,44.654227123532216,42.53784482745438,15.757368342106535,1.0497529271796089,103.06418559416595,0.9625585023400937,0.9298607305029303,-51.127088085047305,359.06158447265625,360.0,110.69099426269531,True,True,ok,250.30056762695312,19.90863800048828,0.578157901763916,7.0651750564575195,15.645889282226562
Pos8,VapC,11,631,46.91268649483608,17.33089174759318,45.5411901469428,43.99638685206578,15.516445949060202,1.035112049088742,105.70623440940179,0.951734539969834,0.9292590876390318,17.394547888949045,332.0317077636719,330.0,79.87771606445312,True,True,ok,250.30056762695312,19.90863800048828,0.578157901763916,7.0651750564575195,15.645889282226562
Pos8,VapC,12,807,62.41665951252513,16.957587926096178,57.97413216254298,60.13810566446399,14.131762510889608,0.9640166001570661,136.4089275936352,0.9233409610983981,0.9623866044816816,20.274655581719102,341.33209228515625,342.0,90.23249816894531,True,True,ok,250.30056762695312,19.90863800048828,0.578157901763916,7.0651750564575195,15.645889282226562
Pos8,VapC,13,914,72.47465857665425,16.813414122186195,67.00746227100382,65.44227875644592,14.672468425374152,1.0239170081528333,147.63453967732715,0.909452736318408,0.9727181113554662,40.21532980809965,332.19146728515625,332.0,79.42666625976562,True,True,ok,250.30056762695312,19.90863800048828,0.578157901763916,7.0651750564575195,15.645889282226562
Pos8,VapC,14,649,50.64940564997203,16.509690698277122,48.05205510693585,46.51992545339357,14.987190384391571,1.032934912053487,110.14911734756015,0.9502196193265008,0.9453834905050102,-81.26561823733282,358.7580871582031,356.0,102.64469909667969,True,True,ok,250.30056762695312,19.90863800048828,0.578157901763916,7.0651750564575195,15.645889282226562
Pos8,VapC,15,582,43.16164912373077,17.274712030092147,41.43669871020132,38.779948511480676,16.517548871298033,1.068508347759516,96.41620946974557,0.9797979797979798,0.9164134575367724,-89.62095691700371,360.0378112792969,360.0,107.22410583496094,True,True,ok,250.30056762695312,19.90863800048828,0.578157901763916,7.0651750564575195,15.645889282226562
Pos8,VapC,16,773,57.9181667704142,17.198394067900484,55.154328932550705,54.39871619984442,15.110659403426522,1.0138902677395987,126.04765016553809,0.9519704433497537,0.9548952068459724,64.30295791009652,347.62225341796875,346.0,92.79457092285156,True,True,ok,250.30056762695312,19.90863800048828,0.578157901763916,7.0651750564575195,15.645889282226562
Pos8,VapC,17,904,77.01753864395747,16.230226924264187,70.60453243241541,71.07008955447338,13.249959444317787,0.9934493241112193,157.26623547094266,0.8488262910798122,0.9775434059187789,-73.55217571873176,349.4756774902344,351.5,97.52301025390625,True,True,ok,250.30056762695312,19.90863800048828,0.578157901763916,7.0651750564575195,15.645889282226562
Pos8,VapC,18,563,42.082629567738884,17.15645867586031,41.593268686170845,40.10359501499336,15.289598387415246,1.0371456392031824,97.6616832253983,0.9526226734348562,0.9131226123110557,-80.12921789141954,378.36590576171875,381.0,127.01341247558594,True,True,ok,250.30056762695312,19.90863800048828,0.578157901763916,7.0651750564575195,15.645889282226562
Pos8,VapC,19,985,76.08452609881104,16.84349964818765,70.60453243241541,68.05077370676106,15.203410712351914,1.0375272548209193,153.45764939225143,0.9372026641294006,0.9751878974225854,-41.517356726044525,358.4639587402344,358.0,103.28118896484375,True,True,ok,250.30056762695312,19.90863800048828,0.578157901763916,7.0651750564575195,15.645889282226562
Pos8,VapC,20,607,49.26745346633949,16.02947092361332,46.32493928760188,46.27207227998987,14.031124085810752,1.0011425251778678,108.5619727379481,0.9544025157232704,0.9455915344311716,47.19157340693557,308.36077880859375,309.0,54.96482849121094,True,True,ok,250.30056762695312,19.90863800048828,0.578157901763916,7.0651750564575195,15.645889282226562
Pos8,VapC,21,735,53.561673326107645,18.714902542663673,50.80354318352215,51.131272193799404,15.365716187554856,0.9935904389580786,119.80393310445719,0.9040590405904059,0.9369705002214447,-36.07946302958122,344.2925109863281,342.0,87.50535583496094,True,True,ok,250.30056762695312,19.90863800048828,0.578157901763916,7.0651750564575195,15.645889282226562
Pos8,VapC,22,499,40.44606618767906,16.02656179015199,38.48376280978771,38.482364181523145,14.071133274773812,1.0000363446553848,93.02823073721096,0.9559386973180076,0.9181447044363116,35.43574578124764,310.68939208984375,312.0,57.72673034667969,True,True,ok,250.30056762695312,19.90863800048828,0.578157901763916,7.0651750564575195,15.645889282226562
Pos8,VapC,23,835,55.414586210960024,19.490936282483492,53.33854141237835,51.18969143662161,17.612295619916573,1.0419781779387605,122.48545016579166,0.9575688073394495,0.936101738965589,-56.34411192661848,357.79998779296875,356.0,100.86985778808594,True,True,ok,250.30056762695312,19.90863800048828,0.578157901763916,7.0651750564575195,15.645889282226562
Pos8,VapC,24,842,62.594568476540935,17.372514073585773,58.82176467941097,56.57148139882797,15.835028268338686,1.0397776976126636,131.2201147381781,0.9611872146118722,0.9607140015998399,-51.55631041509445,378.2767333984375,374.0,118.21570587158203,True,True,ok,250.30056762695312,19.90863800048828,0.578157901763916,7.0651750564575195,15.645889282226562
Pos8,VapC,25,810,64.9263123101637,16.140281505345413,61.07372593840988,57.95585814411855,14.785654693605851,1.0537972845909407,132.790911064973,0.9608540925266904,0.9686078159385957,44.57493746495473,356.5419616699219,356.0,100.37836456298828,True,True,ok,250.30056762695312,19.90863800048828,0.578157901763916,7.0651750564575195,15.645889282226562
Pos8,VapC,26,610,48.620303923103755,16.146150549668583,46.69047011971501,44.47023875920639,14.769753127775596,1.0499262298214889,105.80151918441626,0.953125,0.9432489077652391,81.89969331196014,379.81640625,383.0,126.55039978027344,True,True,ok,250.30056762695312,19.90863800048828,0.578157901763916,7.0651750564575195,15.645889282226562
Pos9,VapC,1,150,16.510005705992924,11.631190845178754,17.204650534085253,16.464942005145595,10.565132301000709,1.0449262760056177,44.99096142931783,0.9554140127388535,0.7097104915541326,-39.446766063751255,317.260009765625,318.5,-1.23773193359375,False,False,mcherry_below_background,339.8555603027344,24.831174850463867,-1.115958333015442,22.34721565246582,48.02911376953125
Pos9,VapC,2,273,22.020527802642683,15.826634705698583,22.561028345356956,22.1349842676045,14.32211360019445,1.0192475437344668,60.619988205069454,0.9545454545454546,0.6952976971187224,86.43943778954602,317.029296875,317.0,-3.99420166015625,False,False,mcherry_below_background,339.8555603027344,24.831174850463867,-1.115958333015442,22.34721565246582,48.02911376953125
Pos9,VapC,3,909,69.57880910748538,17.026776509718967,65.36818798161687,63.987229081264545,14.956165997379632,1.021581789369227,145.04830739100714,0.9332648870636551,0.9695957858769306,-32.485813487775886,384.59954833984375,384.0,57.46160888671875,True,True,ok,339.8555603027344,24.831174850463867,-1.115958333015442,22.34721565246582,48.02911376953125
Pos9,VapC,4,785,59.615379464091035,16.964292840660303,56.0357029044876,54.10633255467651,15.45596448143947,1.0356588639206212,125.8570806155091,0.9561510353227771,0.9586575329519098,51.064820825023304,429.2904357910156,429.0,90.6734619140625,True,True,ok,339.8555603027344,24.831174850463867,-1.115958333015442,22.34721565246582,48.02911376953125
Pos9,VapC,5,679,58.71349676932273,15.000926476761414,55.362442142665635,54.56692330378712,13.120456203732925,1.0145787739295777,124.11206302150238,0.9365517241379311,0.9668107297324063,75.36353535401693,436.8600769042969,437.0,94.42819213867188,True,True,ok,339.8555603027344,24.831174850463867,-1.115958333015442,22.34721565246582,48.02911376953125
Pos9,VapC,6,181,15.961920122184244,14.49747507942423,16.76305461424021,17.109193663603595,12.556820558349497,0.9797688274404348,48.55316142906426,0.9526315789473684,0.4184196230334139,-68.26039267885511,341.745849609375,340.0,-5.430267333984375,False,False,mcherry_below_background,339.8555603027344,24.831174850463867,-1.115958333015442,22.34721565246582,48.02911376953125
Pos9,VapC,7,330,20.67812142875563,20.33320813219475,21.840329667841555,22.604397427515345,17.509598757888334,0.9661982690702596,65.19762416434098,0.9593023255813954,0.1818845507365428,74.31991692784715,345.2545471191406,344.0,-2.7024993896484375,False,False,mcherry_below_background,339.8555603027344,24.831174850463867,-1.115958333015442,22.34721565246582,48.02911376953125
Pos9,VapC,8,398,26.81381907090193,18.980647630212435,27.85677655436824,26.871670654507497,17.163844522588064,1.0366596447435805,73.33746012335894,0.9683698296836983,0.7063446242079094,13.724437578171498,342.35174560546875,343.0,-4.2661895751953125,False,False,mcherry_below_background,339.8555603027344,24.831174850463867,-1.115958333015442,22.34721565246582,48.02911376953125
Pos9,VapC,9,891,69.72502877032275,16.620194677008936,64.6297145282261,62.495778800816595,15.032983228092487,1.0341452777828513,142.15310081636216,0.9369085173501577,0.971174979100185,85.71363229098785,437.1234436035156,436.0,86.96328735351562,True,True,ok,339.8555603027344,24.831174850463867,-1.115958333015442,22.34721565246582,48.02911376953125
Pos9,VapC,10,553,43.26670068061809,16.365950926733298,42.01190307520001,39.23218157721087,15.391398289060378,1.0708530952457616,96.03507036968759,0.968476357267951,0.9257004472297284,-43.9591004320434,446.8806457519531,447.0,97.58535766601562,True,True,ok,339.8555603027344,24.831174850463867,-1.115958333015442,22.34721565246582,48.02911376953125
Pos9,VapC,11,61,10.07223364819795,7.714485807650933,10.295630140987,9.703799167791342,7.545228817153362,1.0609896147851094,28.021176122898964,0.953125,0.6429405446482405,42.79478987198015,398.75408935546875,398.0,47.722808837890625,True,True,ok,339.8555603027344,24.831174850463867,-1.115958333015442,22.34721565246582,48.02911376953125
Pos9,VapC,12,753,57.96913560267156,16.892029217161223,54.20332093147061,53.13671635525488,15.090718533125141,1.0200728356845528,123.50088612531677,0.9519595448798989,0.9566022258240551,55.13392272580794,448.3426208496094,448.0,94.35467529296875,True,True,ok,339.8555603027344,24.831174850463867,-1.115958333015442,22.34721565246582,48.02911376953125
Pos9,VapC,13,584,47.236911009903864,15.874499092806914,45.48626166217664,43.57466199192091,14.427407119170306,1.0438695237753113,103.61954596143573,0.9526916802610114,0.9418401048676144,-35.185259393588346,461.59075927734375,458.5,100.75254821777344,True,True,ok,339.8555603027344,24.831174850463867,-1.115958333015442,22.34721565246582,48.02911376953125
Pos9,VapC,14,476,50.17925420097435,13.081156896714505,53.85164807134504,53.23964891781873,9.288470741330432,1.0114951763575863,117.082947797024,0.8913857677902621,0.9654229545418522,15.872341798366586,490.25421142578125,495.0,137.47740173339844,True,True,ok,339.8555603027344,24.831174850463867,-1.115958333015442,22.34721565246582,48.02911376953125
Pos9,VapC,15,102,12.242710642861075,10.589902009988137,13.0,11.68989689417588,10.910980973164863,1.1120713995755462,35.83568951077478,0.9532710280373832,0.5017778724804666,-60.952202289010735,352.0294189453125,353.0,-7.9494171142578125,False,False,mcherry_below_background,339.8555603027344,24.831174850463867,-1.115958333015442,22.34721565246582,48.02911376953125
Pos9,VapC,16,101,16.499171245368156,7.958824096995699,16.76305461424021,15.767052487532272,7.089939047989579,1.0631698364355369,39.62792730664886,0.9528301886792453,0.8759636024778489,76.1929465035218,378.5742492675781,381.0,19.140380859375,False,False,mcherry_below_background,339.8555603027344,24.831174850463867,-1.115958333015442,22.34721565246582,48.02911376953125
Pos10,VapC,1,555,44.96338358603695,15.889090823178568,42.579337712087536,40.34945818793518,14.942327782946547,1.0552641751412442,97.7569680004128,0.9585492227979274,0.9354804491201009,4.552611482039522,372.83782958984375,374.0,56.691986083984375,True,True,ok,335.8542785644531,24.514253616333008,-0.9834783673286438,24.072038650512695,51.28863525390625
Pos10,VapC,2,961,69.22224854625206,18.043894006681256,65.0,64.47472108245364,15.728478824277879,1.0081470521892542,146.90495804284552,0.9393939393939394,0.9654290139415379,21.66715455031379,418.8793029785156,419.0,93.20294189453125,True,True,ok,335.8542785644531,24.514253616333008,-0.9834783673286438,24.072038650512695,51.28863525390625
Pos10,VapC,3,755,55.83203742633808,17.538815775908713,52.839379254491625,51.445615291081175,15.704497068585736,1.027091987441971,120.81936906398226,0.9449311639549437,0.9493782130204221,-56.55434637163616,403.3999938964844,404.0,78.3826904296875,True,True,ok,335.8542785644531,24.514253616333008,-0.9834783673286438,24.072038650512695,51.28863525390625
Pos10,VapC,4,794,58.321434642760174,17.67058239902473,55.072679252057455,53.201147054133074,15.950797067877183,1.0351784181649328,124.61160685985635,0.9531812725090036,0.9529949843208291,-56.84777787547784,421.8954772949219,421.0,93.90435791015625,True,True,ok,335.8542785644531,24.514253616333008,-0.9834783673286438,24.072038650512695,51.28863525390625
Pos10,VapC,5,545,45.905774216589684,15.790723869434013,43.266615305567875,46.01651035275783,12.581832098430993,0.9402411215863711,106.39634779778473,0.9144295302013423,0.9389765308792546,27.654989208612943,409.3468017578125,408.0,74.20169067382812,True,True,ok,335.8542785644531,24.514253616333008,-0.9834783673286438,24.072038650512695,51.28863525390625
Pos10,VapC,6,461,38.756192969416574,15.207951221443773,38.07886552931954,36.53414536755524,13.724824103066144,1.0422815463786959,88.7364491029829,0.9564315352697096,0.9197944404739439,75.13327998186159,426.5769958496094,423.0,88.25491333007812,True,True,ok,335.8542785644531,24.514253616333008,-0.9834783673286438,24.072038650512695,51.28863525390625
Pos10,VapC,7,956,72.1229421538516,17.352965322244064,66.85057965343307,64.96387710236412,15.510598650857698,1.0290423329890865,147.63453967732715,0.9308666017526777,0.9706237184143531,51.93061923392203,424.0679931640625,424.0,87.007568359375,True,True,ok,335.8542785644531,24.514253616333008,-0.9834783673286438,24.072038650512695,51.28863525390625
Pos10,VapC,8,472,40.875840789582156,15.038618217980654,39.21734310225516,38.56029230531062,13.212050436436405,1.0170395699218817,92.20336432771485,0.932806324110672,0.9298615243792859,-71.47800184971379,439.5932312011719,439.0,97.56292724609375,True,True,ok,335.8542785644531,24.514253616333008,-0.9834783673286438,24.072038650512695,51.28863525390625
Pos10,VapC,9,845,67.89653437431747,16.262557845195854,63.34824385884742,62.01188040129168,14.337841160316732,1.0215501198948953,140.39173493953828,0.9255202628696605,0.9708915033048221,9.95131181184941,428.5491027832031,427.0,84.18511962890625,True,True,ok,335.8542785644531,24.514253616333008,-0.9834783673286438,24.072038650512695,51.28863525390625
Pos10,VapC,10,773,66.19405147682097,15.98460969703082,61.741396161732524,61.27691181380347,13.227640940222011,1.0075800874127019,137.65440134928798,0.8794084186575654,0.9704055326521966,64.29604362710762,430.662353515625,432.0,87.51416015625,True,True,ok,335.8542785644531,24.514253616333008,-0.9834783673286438,24.072038650512695,51.28863525390625
Pos10,VapC,11,546,49.84840278071732,14.148543148040043,46.400431032480725,45.20483589798617,12.863945533518379,1.0264483901057102,105.09505751321616,0.9545454545454546,0.9588741954603852,-47.09770661274762,442.4578857421875,443.0,95.96989440917969,True,True,ok,335.8542785644531,24.514253616333008,-0.9834783673286438,24.072038650512695,51.28863525390625
Pos10,VapC,12,409,32.33126908367847,16.472859627994506,31.04834939252005,30.239563700803515,15.155331987732898,1.0267459444758802,77.7803430615173,0.9623529411764706,0.8604692270441279,89.09886731522094,459.21270751953125,456.0,108.33380126953125,True,True,ok,335.8542785644531,24.514253616333008,-0.9834783673286438,24.072038650512695,51.28863525390625
Pos10,VapC,13,560,48.25991213515492,15.30877476445321,45.89117562233506,44.90614019957279,13.31809605997729,1.0219354283931898,105.01612102101882,0.9046849757673667,0.948353602416433,83.10240111376386,448.06964111328125,453.0,100.17793273925781,True,True,ok,335.8542785644531,24.514253616333008,-0.9834783673286438,24.072038650512695,51.28863525390625
Pos11,VapC,1,638,49.862386176808045,16.635088853289083,47.885279575251516,46.185152178315235,14.836814379766118,1.036811124717578,109.30790265524686,0.9396170839469808,0.9427076435781483,31.33284599035989,362.3652038574219,363.0,47.83056640625,True,True,ok,337.8255920410156,24.7457275390625,-1.4645065069198608,23.745485305786133,51.604827880859375
Pos11,VapC,2,985,76.9936261974122,16.796753601637132,70.43436661176133,68.18462959040886,15.17040947408233,1.0329947824732177,153.6876871883791,0.9434865900383141,0.9759135264737911,42.897868564232375,362.2223205566406,362.0,45.3310546875,True,True,ok,337.8255920410156,24.7457275390625,-1.4645065069198608,23.745485305786133,51.604827880859375
Pos11,VapC,3,1078,79.97618422719712,17.517615049633903,73.40980860893181,70.97112739595337,15.959446827543767,1.0343615960807957,160.16144204558765,0.9497797356828194,0.9757169138784031,48.438078392876356,363.6372985839844,363.5,44.509521484375,True,True,ok,337.8255920410156,24.7457275390625,-1.4645065069198608,23.745485305786133,51.604827880859375
Pos11,VapC,4,1028,79.73319788621326,16.923564580384358,73.24616030891995,70.2544982671895,15.352489140528084,1.042583209837364,158.03528535152296,0.9336966394187103,0.9772148731007083,-47.36886973516147,370.98638916015625,372.0,48.035491943359375,True,True,ok,337.8255920410156,24.7457275390625,-1.4645065069198608,23.745485305786133,51.604827880859375
Pos11,VapC,5,866,64.92131919303147,17.240631714194635,61.39218191268331,59.9738353913911,15.274471563431385,1.0236494216525596,137.38489530706167,0.9485213581599123,0.9640937994013679,-11.170800846192877,384.6224060058594,383.5,58.18382263183594,True,True,ok,337.8255920410156,24.7457275390625,-1.4645065069198608,23.745485305786133,51.604827880859375
Pos11,VapC,6,474,41.779856035523565,14.91786233468551,40.0,39.25785489443262,12.99749387211765,1.0189043723240372,93.3535533083531,0.9221789883268483,0.9340819360992254,47.53734057447845,399.19830322265625,399.0,74.68528747558594,True,True,ok,337.8255920410156,24.7457275390625,-1.4645065069198608,23.745485305786133,51.604827880859375
Pos11,VapC,7,1130,89.61531120795361,16.86907452198656,81.27115109311545,80.56070371639056,14.594054200611756,1.0088187831529623,177.78187249429078,0.897537728355838,0.982123297498249,35.37008084305893,393.24957275390625,393.0,68.69871520996094,True,True,ok,337.8255920410156,24.7457275390625,-1.4645065069198608,23.745485305786133,51.604827880859375
Pos11,VapC,8,206,20.635679954934137,12.743412367861206,21.37755832643195,20.403502357669844,11.48324736951579,1.0477396454631698,53.91619555173323,0.9493087557603687,0.7865374004950016,-79.1685354431829,350.6213684082031,351.0,25.721450805664062,True,True,ok,337.8255920410156,24.7457275390625,-1.4645065069198608,23.745485305786133,51.604827880859375
Pos11,VapC,9,1016,81.0953442579834,16.352426177560474,75.47184905645283,73.37976780308743,14.457022647269314,1.0285103280645345,163.26356645307877,0.9416126042632067,0.9794587869589274,-55.784187846782054,402.7224426269531,403.0,74.35943603515625,True,True,ok,337.8255920410156,24.7457275390625,-1.4645065069198608,23.745485305786133,51.604827880859375
Pos11,VapC,10,841,66.43608396685235,16.81308914984942,62.26556030423239,61.51078620484225,14.395382635697219,1.0122705974993818,139.45523547221052,0.9131378935939196,0.9674475395536823,30.6580052249992,419.3293762207031,419.0,89.27273559570312,True,True,ok,337.8255920410156,24.7457275390625,-1.4645065069198608,23.745485305786133,51.604827880859375
Pos11,VapC,11,1627,128.19512961717294,17.00292388610549,115.2128465059344,111.59609809248035,15.012780543110665,1.0324092730415793,240.3306761629316,0.8919956140350878,0.9911651968558697,2.871653495218817,402.48248291015625,403.0,74.73681640625,True,True,ok,337.8255920410156,24.7457275390625,-1.4645065069198608,23.745485305786133,51.604827880859375
Pos11,VapC,12,260,21.164348589862463,17.584293849538145,23.021728866442675,28.83086330327054,9.721591605068427,0.7985098685487894,68.7598241640874,0.8524590163934426,0.5565038502137957,81.02031582725351,327.94232177734375,328.5,1.1809539794921875,False,False,mcherry_below_background,337.8255920410156,24.7457275390625,-1.4645065069198608,23.745485305786133,51.604827880859375
Pos11,VapC,13,691,53.0620102408439,16.81833092264739,50.60632371551998,48.08599803883273,15.433051103155751,1.052412880661267,113.7902538395039,0.9504814305364512,0.9484401898146045,-49.48027450711881,393.09405517578125,392.0,62.335601806640625,True,True,ok,337.8255920410156,24.7457275390625,-1.4645065069198608,23.745485305786133,51.604827880859375
Pos11,VapC,14,728,55.65082617584488,16.921996026484205,52.630789467763066,50.49143920607173,15.430240486716745,1.0423705542034554,118.5979275949031,0.9454545454545454,0.9526482617744984,46.92788835022858,438.5824279785156,438.0,104.93959045410156,True,True,ok,337.8255920410156,24.7457275390625,-1.4645065069198608,23.745485305786133,51.604827880859375
Pos11,VapC,15,698,54.48488691843528,16.653978877282388,51.62363799656123,50.805068904070254,14.64470158595083,1.016111957136336,118.32842155267677,0.941970310391363,0.9521399710129517,69.74109073098133,394.6246337890625,394.5,60.10009765625,True,True,ok,337.8255920410156,24.7457275390625,-1.4645065069198608,23.745485305786133,51.604827880859375
Pos11,VapC,16,653,51.49220565950536,16.32578916483277,49.4064773081425,47.20174920248182,14.834780266042925,1.0467086102297403,111.33877457429708,0.9491279069767442,0.9484076206294891,40.725648640090064,425.3292541503906,429.0,94.31558227539062,True,True,ok,337.8255920410156,24.7457275390625,-1.4645065069198608,23.745485305786133,51.604827880859375
Pos11,VapC,17,732,52.82324093482887,17.8015216964499,50.48762224545735,47.80784662771812,16.53919390239199,1.0560530500067649,114.49671551070404,0.9568627450980393,0.9415040403528327,-86.67298972825532,436.63934326171875,438.0,99.18057250976562,True,True,ok,337.8255920410156,24.7457275390625,-1.4645065069198608,23.745485305786133,51.604827880859375
Pos11,VapC,18,599,48.463874412317466,15.886760920775405,46.52956049652737,44.1783361687745,14.59316388475642,1.0532212059496873,105.01612102101882,0.9523052464228935,0.9447449722581234,-84.62789393947796,421.0567626953125,419.0,76.25051879882812,True,True,ok,337.8255920410156,24.7457275390625,-1.4645065069198608,23.745485305786133,51.604827880859375
Pos11,VapC,19,670,50.94466453401968,16.974398889743462,49.24428900898052,47.28750731033186,15.219909479254834,1.0413805211978497,111.94995147048269,0.9449929478138223,0.9428586917756877,11.383504856621535,441.1567077636719,439.5,92.83949279785156,True,True,ok,337.8255920410156,24.7457275390625,-1.4645065069198608,23.745485305786133,51.604827880859375
Pos11,VapC,20,730,59.277284454243016,15.970490625275506,55.54277630799526,54.043683069551676,14.32211341070543,1.02773854691795,124.43738559264452,0.9419354838709677,0.9630227522506646,10.598156753614667,443.7082214355469,443.0,94.76161193847656,True,True,ok,337.8255920410156,24.7457275390625,-1.4645065069198608,23.745485305786133,51.604827880859375
Pos11,VapC,21,524,41.48332757559468,16.59832970304492,39.56008088970496,39.4182010868162,14.426412529710774,1.003599347483572,95.30548873520596,0.940754039497307,0.9164625397662001,77.9982768549764,483.04388427734375,482.5,135.49317932128906,True,True,ok,337.8255920410156,24.7457275390625,-1.4645065069198608,23.745485305786133,51.604827880859375
Pos11,VapC,22,211,19.030379010594984,14.50681928679663,20.591260281974,20.363084687942553,11.839029188292864,1.0112053550593225,54.24151812287538,0.9634703196347032,0.6472262394548532,71.72347412469588,355.96209716796875,356.0,-2.269561767578125,False,False,mcherry_below_background,337.8255920410156,24.7457275390625,-1.4645065069198608,23.745485305786133,51.604827880859375
Pos11,VapC,23,202,20.143982170189783,13.205300702458056,20.615528128088304,20.457688301836274,11.1868109099815,1.0077154282499192,53.68615775560558,0.957345971563981,0.7551555121850619,81.98127812625626,355.1138610839844,355.0,-3.0076141357421875,False,False,mcherry_below_background,337.8255920410156,24.7457275390625,-1.4645065069198608,23.745485305786133,51.604827880859375
Pos11,VapC,24,456,26.193049319722252,22.206903058515955,27.313000567495326,27.791172051338485,19.27783026599543,0.9827941231496161,77.58977351148832,0.957983193277311,0.5302894920680412,-50.77037090208434,359.3552551269531,359.5,0.6738433837890625,False,False,mcherry_below_background,337.8255920410156,24.7457275390625,-1.4645065069198608,23.745485305786133,51.604827880859375
Pos11,VapC,25,863,69.48458416683526,16.249613641686356,64.89992295835181,62.763942464094825,14.465389890529794,1.0340319682033823,142.04146775853053,0.9390642002176278,0.9722704588326906,35.92022001563984,455.3464660644531,453.0,94.707763671875,True,True,ok,337.8255920410156,24.7457275390625,-1.4645065069198608,23.745485305786133,51.604827880859375
Pos11,VapC,26,475,31.94619207708463,19.234172400997675,31.76476034853718,33.2061817305311,15.948355324163298,0.9565917757816575,84.61888873596669,0.9295499021526419,0.7984355525175114,-23.484889632485977,356.54736328125,358.0,-1.4964599609375,False,False,mcherry_below_background,337.8255920410156,24.7457275390625,-1.4645065069198608,23.745485305786133,51.604827880859375
Pos11,VapC,27,277,19.714948817312735,17.929753676122402,20.615528128088304,20.856413152649147,15.874106827324917,0.9884503139251322,59.834590041672,0.9518900343642611,0.4158140204084142,40.10618661747565,353.8447570800781,355.0,-4.19488525390625,False,False,mcherry_below_background,337.8255920410156,24.7457275390625,-1.4645065069198608,23.745485305786133,51.604827880859375
Pos11,VapC,28,439,29.711889143806726,19.036527475484277,30.083217912982647,29.287700633152127,17.14248296090194,1.0271621623627918,78.14513387875812,0.9606126914660832,0.7677879461958999,27.69510586073683,359.8109436035156,360.0,0.0933837890625,False,False,mcherry_below_background,337.8255920410156,24.7457275390625,-1.4645065069198608,23.745485305786133,51.604827880859375
Pos11,VapC,29,774,63.921160166944375,15.703759464661058,59.80802621722272,59.895649927761056,13.583572874975392,0.998537060527033,135.29820685909561,0.9381818181818182,0.9693525387789037,-21.126829363226378,464.31524658203125,464.0,103.08270263671875,True,True,ok,337.8255920410156,24.7457275390625,-1.4645065069198608,23.745485305786133,51.604827880859375
Pos11,VapC,30,434,24.678450191566395,22.4517733290374,26.0,26.557148869414,19.375809061938895,0.9790207573804856,75.23357902129598,0.9623059866962306,0.41510739037854927,-24.519637713696962,355.6520690917969,355.0,-5.0608673095703125,False,False,mcherry_below_background,337.8255920410156,24.7457275390625,-1.4645065069198608,23.745485305786133,51.604827880859375
Pos11,VapC,31,504,26.982095726276384,23.889626255853432,28.160255680657446,27.031891554773953,22.75546324291756,1.0417419596256192,80.04125277669516,0.972972972972973,0.4648525856373067,79.70705570946781,356.40277099609375,356.0,-4.0588836669921875,False,False,mcherry_below_background,337.8255920410156,24.7457275390625,-1.4645065069198608,23.745485305786133,51.604827880859375
Pos11,VapC,32,218,18.990661419644397,14.701067341601322,20.615528128088304,20.300848380695623,12.35107541153285,1.01550081757627,54.70159371513068,0.9437229437229437,0.6330378175938738,4.188036763428838,356.2477111816406,354.5,-6.4787445068359375,False,False,mcherry_below_background,337.8255920410156,24.7457275390625,-1.4645065069198608,23.745485305786133,51.604827880859375
Pos11,VapC,33,231,17.69347532849604,16.884337289897925,19.4164878389476,21.85365674675824,11.979577163486894,0.8884777528972505,57.38311077646517,0.9352226720647774,0.2989488744331437,86.16429238759439,360.12554931640625,362.0,0.734649658203125,False,False,mcherry_below_background,337.8255920410156,24.7457275390625,-1.4645065069198608,23.745485305786133,51.604827880859375
Pos11,VapC,34,340,21.897626421338433,19.841237823209912,23.40939982143925,23.131697543539225,17.558758589388084,1.0120052701440232,66.30834489888056,0.96045197740113,0.423083282259993,77.95700915940995,358.14410400390625,359.0,-2.50750732421875,False,False,mcherry_below_background,337.8255920410156,24.7457275390625,-1.4645065069198608,23.745485305786133,51.604827880859375
Pos11,VapC,35,304,28.496962645665075,13.972166020187036,29.068883707497267,28.484305608029796,11.70470853399874,1.0205228137737252,70.33062049088231,0.9382716049382716,0.8715516558284684,36.961056272957954,486.1151428222656,487.0,125.87091064453125,True,True,ok,337.8255920410156,24.7457275390625,-1.4645065069198608,23.745485305786133,51.604827880859375
Pos12,VapC,1,689,50.0896033005958,17.797619145968152,48.507731342539614,46.79568908515647,15.88003868721128,1.0365854695347612,111.71991367435504,0.9464285714285714,0.9347463828990624,83.7097320649101,379.21624755859375,379.0,58.62620544433594,True,True,ok,338.10137939453125,24.77287483215332,-0.4884661138057709,22.989421844482422,48.059234619140625
Pos12,VapC,2,1352,103.32592168394099,17.510837222303113,94.41398201537736,94.06404024849854,14.878209559600826,1.0037202502247866,205.1129352288068,0.898936170212766,0.9855350247952195,30.66959727102943,417.59246826171875,418.0,88.51522827148438,True,True,ok,338.10137939453125,24.77287483215332,-0.4884661138057709,22.989421844482422,48.059234619140625
Pos12,VapC,3,706,49.6315656567483,18.239577040980596,48.33218389437829,47.07802349227025,16.19143029363517,1.0266400394297344,112.64006485886564,0.9579375848032564,0.9300237070167889,-24.26416854072326,402.7351379394531,401.0,68.87947082519531,True,True,ok,338.10137939453125,24.77287483215332,-0.4884661138057709,22.989421844482422,48.059234619140625
Pos12,VapC,4,772,62.23429104316876,16.098769148033465,58.463663928973865,57.33837125023978,14.220832534550444,1.0196254733819174,130.91114044985306,0.9368932038834952,0.965963060791611,-79.67311349088808,404.90673828125,407.0,74.23141479492188,True,True,ok,338.10137939453125,24.77287483215332,-0.4884661138057709,22.989421844482422,48.059234619140625
Pos12,VapC,5,809,62.75137412525477,16.930189252506242,59.53990258641679,56.70181643535088,15.13453133102587,1.050052825984892,130.68110265372545,0.9320276497695853,0.9629169697590091,-83.45535137603831,408.22125244140625,406.0,71.81871032714844,True,True,ok,338.10137939453125,24.77287483215332,-0.4884661138057709,22.989421844482422,48.059234619140625
Pos12,VapC,6,549,40.93466851219514,17.16360847293348,39.45883931389772,36.93078662304369,16.435283083492887,1.0684538002577124,92.62397167387147,0.9803571428571428,0.9078510976841782,-0.8864437328329453,449.2713928222656,445.0,108.80335998535156,True,True,ok,338.10137939453125,24.77287483215332,-0.4884661138057709,22.989421844482422,48.059234619140625
Pos12,VapC,7,771,61.34814800056032,16.34837332914672,57.4543296888929,56.324789383428524,14.488236237559018,1.0200540528926807,129.18924281912786,0.9425427872860636,0.963839011232977,-31.66983475023499,424.75616455078125,424.0,85.27836608886719,True,True,ok,338.10137939453125,24.77287483215332,-0.4884661138057709,22.989421844482422,48.059234619140625
Pos12,VapC,8,776,62.78676330985021,16.11603117526164,58.69412236331676,57.14836713320307,14.352202018642853,1.027048108417705,130.68110265372542,0.9338146811070999,0.9664967629053941,-9.997810357503047,425.0438232421875,425.0,85.18960571289062,True,True,ok,338.10137939453125,24.77287483215332,-0.4884661138057709,22.989421844482422,48.059234619140625
Pos12,VapC,9,964,78.14217237146775,16.142389147018275,71.7007670809734,67.95441027305525,14.885754936696895,1.0551304439677205,152.90228902498166,0.9525691699604744,0.9784303098015168,43.106687469271485,457.9066467285156,458.0,116.14979553222656,True,True,ok,338.10137939453125,24.77287483215332,-0.4884661138057709,22.989421844482422,48.059234619140625
Pos12,VapC,10,809,61.3022362870845,17.113959939277173,57.87054518492115,56.447519688958664,15.211604485229447,1.025209708128962,130.26049530756882,0.9484173505275498,0.960240676182145,72.87109409155877,443.8269348144531,442.0,99.86860656738281,True,True,ok,338.10137939453125,24.77287483215332,-0.4884661138057709,22.989421844482422,48.059234619140625
Pos12,VapC,11,585,44.935713272189346,16.86719808061023,43.266615305567875,41.807294090251766,15.17480045541932,1.0349058997256744,100.93802890010127,0.9496753246753247,0.926877942061256,53.47993840712099,438.4119567871094,438.0,94.75202941894531,True,True,ok,338.10137939453125,24.77287483215332,-0.4884661138057709,22.989421844482422,48.059234619140625
Pos12,VapC,12,808,61.84809965074995,17.15985985821487,58.180752831155424,57.15511583181049,14.979469752904311,1.017944797843872,131.41068428820705,0.9244851258581236,0.9607395895543906,29.425216716976124,438.51361083984375,436.0,90.50973510742188,True,True,ok,338.10137939453125,24.77287483215332,-0.4884661138057709,22.989421844482422,48.059234619140625
Pos12,VapC,13,1155,96.65220150650647,16.08197698395747,87.93179174792243,87.58537286941821,13.643206886197442,1.0039552138348569,190.74573049152508,0.8816793893129771,0.9860599924772812,-74.39600292680915,441.4744567871094,443.0,93.24809265136719,True,True,ok,338.10137939453125,24.77287483215332,-0.4884661138057709,22.989421844482422,48.059234619140625
Pos12,VapC,14,887,72.09547709803202,15.985728937737308,66.70832032063167,63.80586699446869,14.620489569801006,1.045488815729353,144.3023774737084,0.9693989071038251,0.9751081039948075,-44.439889056152154,470.89739990234375,471.0,117.53224182128906,True,True,ok,338.10137939453125,24.77287483215332,-0.4884661138057709,22.989421844482422,48.059234619140625
Pos12,VapC,15,969,74.39763057097318,17.3939385608016,70.21395872616783,69.0079665674544,14.715251554923995,1.0174761294775232,154.81475620573582,0.898886827458256,0.972285446590718,16.772217475970834,468.9483947753906,467.0,112.13047790527344,True,True,ok,338.10137939453125,24.77287483215332,-0.4884661138057709,22.989421844482422,48.059234619140625
Pos12,VapC,16,711,51.26126171896954,17.811307941712464,49.64876634922564,47.64414882028104,16.089104217754134,1.0420747894249562,113.65550081839075,0.9608108108108108,0.9376942999695687,-29.096647137920748,461.2348937988281,460.0,104.39848327636719,True,True,ok,338.10137939453125,24.77287483215332,-0.4884661138057709,22.989421844482422,48.059234619140625
Pos12,VapC,17,771,58.38872487567795,17.059731523541124,55.46169849544819,54.76550602276569,14.95454480509556,1.012712243951386,126.60301053280789,0.9425427872860636,0.9563648419922506,25.802902197747336,442.9260559082031,442.0,84.33204650878906,True,True,ok,338.10137939453125,24.77287483215332,-0.4884661138057709,22.989421844482422,48.059234619140625
Pos12,VapC,18,874,71.74228236582327,15.962072509084626,66.2872536767062,64.3347467715104,14.26386988543378,1.0303491814793377,144.95302261599267,0.9287991498405951,0.9749345519135841,36.91628336127452,463.8031921386719,465.0,105.29931640625,True,True,ok,338.10137939453125,24.77287483215332,-0.4884661138057709,22.989421844482422,48.059234619140625
Pos12,VapC,19,175,18.30924779572207,12.356978043977271,18.973665961010276,18.491266218567805,10.823499184645218,1.0260879777912708,49.338559592461706,0.9459459459459459,0.7379058694840132,-78.81407135764321,368.98858642578125,369.0,7.8278045654296875,False,False,mcherry_below_background,338.10137939453125,24.77287483215332,-0.4884661138057709,22.989421844482422,48.059234619140625
Pos12,VapC,20,129,15.200115585523482,10.79320586614639,15.811388300841896,14.416929820346963,10.629733958486527,1.0967236781944307,40.968685837316094,0.9626865671641791,0.7041271253925184,47.50007676857133,383.7441711425781,384.0,23.197708129882812,False,False,mcherry_below_background,338.10137939453125,24.77287483215332,-0.4884661138057709,22.989421844482422,48.059234619140625
Pos13,VapC,1,472,37.266704877681825,16.2703373279111,36.76955262170047,35.64659449004176,14.508307435586262,1.0315025361531358,87.85576616457097,0.9554655870445344,0.8996597192039785,22.29415181915349,294.1122741699219,293.0,49.972251892089844,True,True,ok,250.66770935058594,19.941938400268555,1.1059823036193848,6.936098098754883,16.462127685546875
Pos13,VapC,2,459,36.90647323951099,15.92692240550769,36.359317925395686,34.609802336296056,14.580295140028339,1.0505497134048891,85.86436249161943,0.95625,0.9020898756841911,-52.991765688186916,295.1002197265625,292.0,47.042030334472656,True,True,ok,250.66770935058594,19.941938400268555,1.1059823036193848,6.936098098754883,16.462127685546875
Pos13,VapC,3,721,60.587151877777785,15.94400414676242,57.38466694161429,56.64268164698929,13.410257033137672,1.013099402659804,128.5944142057594,0.9092055485498108,0.9647527022020046,-68.9560102511454,317.27740478515625,317.0,72.28516387939453,True,True,ok,250.66770935058594,19.941938400268555,1.1059823036193848,6.936098098754883,16.462127685546875
Pos13,VapC,4,548,41.39925558399392,17.039624408011516,39.84971769034255,38.62803666963079,15.525759358268456,1.0316267956137735,94.98016616406382,0.9530434782608695,0.911367976184055,-13.171117398565782,311.87591552734375,310.0,65.69877624511719,True,True,ok,250.66770935058594,19.941938400268555,1.1059823036193848,6.936098098754883,16.462127685546875
Pos13,VapC,5,1088,80.83185103963753,21.312147401455952,75.32595834106593,79.24343026301024,14.282257832809696,0.9505640794581689,174.79138114463132,0.7895500725689405,0.9646156041520024,-88.98897403984056,358.4981689453125,362.0,117.19952392578125,True,True,ok,250.66770935058594,19.941938400268555,1.1059823036193848,6.936098098754883,16.462127685546875
Pos13,VapC,6,1125,87.42433542252583,17.118314017270883,78.85429601486528,78.57905064986211,14.925158442427248,1.003502783028388,174.19655253126285,0.907258064516129,0.9806424128260287,-10.081604366618766,315.2711181640625,316.0,70.87964630126953,True,True,ok,250.66770935058594,19.941938400268555,1.1059823036193848,6.936098098754883,16.462127685546875
Pos13,VapC,7,581,46.14593543128482,16.181156774266736,44.654227123532216,43.277068672238656,14.462293706754336,1.031821897682663,103.06418559416596,0.9477977161500816,0.9365058959135294,36.62767299106125,307.68157958984375,307.0,62.104637145996094,True,True,ok,250.66770935058594,19.941938400268555,1.1059823036193848,6.936098098754883,16.462127685546875
Pos13,VapC,8,1113,85.09380440453909,18.774007320896878,77.42092740338364,77.67867440719816,14.945339306078086,0.9966818820508782,172.41883837162183,0.8451025056947609,0.9753582116949324,-37.382585005814526,308.9029541015625,312.0,67.3088607788086,True,True,ok,250.66770935058594,19.941938400268555,1.1059823036193848,6.936098098754883,16.462127685546875
Pos13,VapC,9,428,32.829635302875815,16.725523218580747,32.7566787083184,31.377315389557637,15.226014916911145,1.043960526948708,80.13653755170964,0.9553571428571429,0.8604918649406034,-7.528942804170088,286.7289733886719,283.0,37.387168884277344,True,True,ok,250.66770935058594,19.941938400268555,1.1059823036193848,6.936098098754883,16.462127685546875
Pos13,VapC,10,595,46.62230509189836,16.41019759217416,44.94441010848846,43.48037612054135,14.759523212941508,1.0336711435956383,103.81011551146474,0.9596774193548387,0.936006886783283,70.80941279684347,317.188232421875,316.0,71.25110626220703,True,True,ok,250.66770935058594,19.941938400268555,1.1059823036193848,6.936098098754883,16.462127685546875
Pos13,VapC,11,357,29.446723546561483,15.982700843301812,30.805843601498726,28.946084711380685,13.73110491507929,1.0642490654145997,73.56749791948658,0.9622641509433962,0.8398835120801258,44.990404131667184,302.7759094238281,304.0,57.948219299316406,True,True,ok,250.66770935058594,19.941938400268555,1.1059823036193848,6.936098098754883,16.462127685546875
Pos13,VapC,12,686,52.13420040728981,17.041686107686186,48.84669896727925,49.885432692152435,14.678372353533488,0.9791776142088753,116.52758742975422,0.9501385041551247,0.9450654632208997,-18.508557254984428,334.86004638671875,335.0,89.75421905517578,True,True,ok,250.66770935058594,19.941938400268555,1.1059823036193848,6.936098098754883,16.462127685546875
Pos13,VapC,13,664,50.586251300874714,16.903864755973107,48.05205510693585,46.39294996070048,15.411149648663212,1.0357620101252627,110.3791551436878,0.9553956834532374,0.9425166221047406,-79.68717548328421,317.0662536621094,315.0,69.13068389892578,True,True,ok,250.66770935058594,19.941938400268555,1.1059823036193848,6.936098098754883,16.462127685546875
Pos13,VapC,14,603,46.17016080357779,16.964099624493137,43.46262762420146,44.543122289084806,14.558599145649557,0.97574272728636,105.70623440940179,0.9481132075471698,0.9300529119828431,-19.94352634203051,342.2984924316406,342.0,96.46894073486328,True,True,ok,250.66770935058594,19.941938400268555,1.1059823036193848,6.936098098754883,16.462127685546875
Pos13,VapC,15,721,56.692794455379826,16.456280880334244,54.12947441089743,53.05201106661846,14.433092886291297,1.0203095664540591,122.58073494080617,0.944954128440367,0.9569444485080933,-25.542724791726023,322.095703125,323.0,76.6660385131836,True,True,ok,250.66770935058594,19.941938400268555,1.1059823036193848,6.936098098754883,16.462127685546875
Pos13,VapC,16,587,46.872395747816384,16.06937491178022,45.221676218380054,42.9466616935563,14.756173826924693,1.0529730236323607,102.73886302302381,0.9622950819672131,0.9393965937640243,39.420872667512675,305.5298156738281,306.0,59.131690979003906,True,True,ok,250.66770935058594,19.941938400268555,1.1059823036193848,6.936098098754883,16.462127685546875
Pos13,VapC,17,869,69.00318410189274,16.881161265126615,63.89053137985315,63.241242406074946,14.449534483107936,1.0102668598698472,142.9779672258583,0.8986556359875905,0.9696131672394804,73.8372154092985,312.787109375,313.0,66.4208755493164,True,True,ok,250.66770935058594,19.941938400268555,1.1059823036193848,6.936098098754883,16.462127685546875
Pos13,VapC,18,764,55.477219596985805,17.794854618344125,52.88667128870941,51.828370876202854,15.770811022019021,1.0204193262225898,121.66058375629555,0.9432098765432099,0.9471606170405916,-13.681867890016658,346.9371643066406,343.0,96.34850311279297,True,True,ok,250.66770935058594,19.941938400268555,1.1059823036193848,6.936098098754883,16.462127685546875
Pos13,VapC,19,930,69.91701779029076,17.327263675629442,65.30696746902278,64.15786964668662,15.276052902054113,1.0179104734721425,145.75476906220726,0.9327983951855566,0.9688045268082504,10.905509733644527,329.1139831542969,327.0,80.35426330566406,True,True,ok,250.66770935058594,19.941938400268555,1.1059823036193848,6.936098098754883,16.462127685546875
Pos13,VapC,20,466,36.468443672202646,16.427082485197225,35.805027579936315,34.40750660275194,14.934704802543227,1.0406167466105376,85.86436249161943,0.9490835030549898,0.8928034266989968,-48.70298423950083,310.459228515625,309.0,61.246368408203125,True,True,ok,250.66770935058594,19.941938400268555,1.1059823036193848,6.936098098754883,16.462127685546875
Pos13,VapC,21,385,28.341001469587656,17.41593272780977,29.154759474226502,28.248091882824937,15.440423925012638,1.032096595945754,74.12285828675638,0.9577114427860697,0.7889061753962968,-24.43048454847297,328.6415710449219,327.0,79.0424575805664,True,True,ok,250.66770935058594,19.941938400268555,1.1059823036193848,6.936098098754883,16.462127685546875
Pos13,VapC,22,470,37.310251649560016,16.104573019510795,36.6742416417845,34.921324860351845,14.805977995896605,1.0501961706333438,86.74504543003138,0.9572301425661914,0.9020462658681052,62.55457410078329,331.0829772949219,326.0,79.21057891845703,True,True,ok,250.66770935058594,19.941938400268555,1.1059823036193848,6.936098098754883,16.462127685546875
Pos13,VapC,23,798,58.616983699516645,17.72803650406161,55.65968020030299,54.631506160428216,15.557743387940535,1.0188201664595422,127.02361787896453,0.9366197183098591,0.9531688799394856,-16.540370129804632,337.4661560058594,337.0,89.01323699951172,True,True,ok,250.66770935058594,19.941938400268555,1.1059823036193848,6.936098098754883,16.462127685546875
Pos13,VapC,24,697,53.235332038262705,17.067502620566334,50.48762224545735,48.92576639637431,15.268651936872184,1.0319229715571463,115.28211367410147,0.9256308100929614,0.9472130523588916,3.4178325998222707,321.97705078125,319.0,71.62589263916016,True,True,ok,250.66770935058594,19.941938400268555,1.1059823036193848,6.936098098754883,16.462127685546875
Pos13,VapC,25,590,42.3929694297973,17.804435192690246,41.400483088968905,38.69772512109829,16.814211649314036,1.0698428127083122,96.59043073695739,0.9735973597359736,0.9075307849837045,47.01509098514058,323.4372863769531,321.0,72.23727416992188,True,True,ok,250.66770935058594,19.941938400268555,1.1059823036193848,6.936098098754883,16.462127685546875
Pos13,VapC,26,148,19.797759000016484,9.766810838044764,20.615528128088304,19.106476505246608,8.57122548969838,1.078981157118494,47.99780106179446,0.961038961038961,0.8698427379128514,11.582108038990084,326.0743103027344,323.0,76.18848419189453,True,True,ok,250.66770935058594,19.941938400268555,1.1059823036193848,6.936098098754883,16.462127685546875
Pos13,VapC,27,1007,76.39758030971471,17.421562338247448,70.83078426785913,69.94946457629968,15.09518587303583,1.0125993772346624,157.1314824498295,0.9121376811594203,0.9736521993856901,8.99060308949363,345.4319763183594,345.0,97.55854034423828,True,True,ok,250.66770935058594,19.941938400268555,1.1059823036193848,6.936098098754883,16.462127685546875
Pos13,VapC,28,693,54.00484196041523,16.63370586216506,50.635955604688654,48.20747112708072,15.436064351741393,1.0503756870217513,114.03663991844871,0.9625,0.9513850707664043,2.1261937016315793,344.17315673828125,343.0,94.71564483642578,True,True,ok,250.66770935058594,19.941938400268555,1.1059823036193848,6.936098098754883,16.462127685546875
Pos13,VapC,29,632,47.480792724949694,17.318252298330346,45.65084884205331,44.93631687058669,15.162249131141019,1.0159009910296926,107.18174596118219,0.9446935724962631,0.9311085187741791,-60.36204873829008,357.47625732421875,359.0,110.55834197998047,True,True,ok,250.66770935058594,19.941938400268555,1.1059823036193848,6.936098098754883,16.462127685546875
Pos13,VapC,30,799,59.937221554351545,17.355825432865462,56.356011214421486,54.98140916666556,15.4657864199484,1.0250012152942294,127.61844649233299,0.9388954171562868,0.9571578276949564,30.923266241629268,320.7784729003906,320.0,70.57450103759766,True,True,ok,250.66770935058594,19.941938400268555,1.1059823036193848,6.936098098754883,16.462127685546875
Pos13,VapC,31,791,61.33752484681273,17.120053139882724,58.008620049092706,56.38437208820531,14.870329584379904,1.028806704778879,129.74460318639768,0.9133949191685913,0.9602584885904449,53.47480087048357,328.7825622558594,328.0,79.20464324951172,True,True,ok,250.66770935058594,19.941938400268555,1.1059823036193848,6.936098098754883,16.462127685546875
Pos13,VapC,32,605,42.973074003932325,18.18099248099569,41.773197148410844,40.26085908351173,16.47351715259177,1.0375634822337527,99.32776432720769,0.9512578616352201,0.9060929365903655,6.397636248626506,342.3768615722656,341.0,92.0510025024414,True,True,ok,250.66770935058594,19.941938400268555,1.1059823036193848,6.936098098754883,16.462127685546875
Pos13,VapC,33,513,39.18255449162871,16.704099786296275,38.47076812334269,36.15990847788406,15.638393779740888,1.0639066784937241,90.17249240866464,0.9679245283018868,0.9045749049447797,2.0366535888163733,346.78167724609375,344.0,94.39611053466797,True,True,ok,250.66770935058594,19.941938400268555,1.1059823036193848,6.936098098754883,16.462127685546875
Pos13,VapC,34,528,37.19656200308351,18.98623974053356,37.73592452822641,38.447867771399075,14.986486514292874,0.9814828939954306,94.0041984506374,0.9263157894736842,0.8599193297031549,36.24704533614113,348.5909118652344,346.0,94.81031036376953,True,True,ok,250.66770935058594,19.941938400268555,1.1059823036193848,6.936098098754883,16.462127685546875
Pos13,VapC,35,686,49.21032306953064,17.93577698764511,47.75981574503821,47.294534124060526,15.610610981577446,1.0098379575905576,112.41002706273801,0.9397260273972603,0.9312144103121154,-18.90572257261999,330.3090515136719,329.5,78.2394790649414,True,True,ok,250.66770935058594,19.941938400268555,1.1059823036193848,6.936098098754883,16.462127685546875
Pos13,VapC,36,672,50.93217155488198,17.023753260679253,48.662100242385755,46.811220338350836,15.449816841354398,1.03953923633387,111.25983808209972,0.9545454545454546,0.9424867130372713,-3.9974887886491164,340.7827453613281,336.0,85.28314208984375,True,True,ok,250.66770935058594,19.941938400268555,1.1059823036193848,6.936098098754883,16.462127685546875
Pos13,VapC,37,959,78.33928142734563,16.138512787462822,72.71863585079137,73.09176868049815,13.669076698446608,0.9948950088848194,161.78805490129838,0.9072847682119205,0.9785503231672118,-30.970023862562353,391.7341003417969,397.0,146.53730010986328,True,True,ok,250.66770935058594,19.941938400268555,1.1059823036193848,6.936098098754883,16.462127685546875
Pos13,VapC,38,566,54.23809469387151,13.608350123444396,51.62363799656123,50.482728201338446,11.804072614462891,1.0226000027310833,114.4408989817882,0.9401993355481728,0.9680129531437571,-31.763281688338328,377.62896728515625,382.5,131.94481658935547,True,True,ok,250.66770935058594,19.941938400268555,1.1059823036193848,6.936098098754883,16.462127685546875
Pos13,VapC,39,806,65.08161713060495,16.405594701315056,61.61168720299745,60.53224614201926,14.011197778457744,1.0178324963928422,137.05957273591952,0.8896247240618101,0.9677071162819229,-75.72084787916809,362.0930480957031,364.0,113.36647033691406,True,True,ok,250.66770935058594,19.941938400268555,1.1059823036193848,6.936098098754883,16.462127685546875
Pos13,VapC,40,580,40.815618683718675,18.263327949827993,39.56008088970496,39.088842160068765,16.295931747939868,1.0120555816850874,96.78100028698637,0.9539473684210527,0.8943042991999797,16.048950758976208,355.21380615234375,358.0,107.24080657958984,True,True,ok,250.66770935058594,19.941938400268555,1.1059823036193848,6.936098098754883,16.462127685546875
Pos13,VapC,41,1109,83.34983551404038,17.34943092889725,77.23341245859851,73.86570336650124,15.73286142436524,1.0455923241587186,165.6919257550041,0.939034716342083,0.9780965008829975,-2.026864321825718,357.2984619140625,358.0,105.53751373291016,True,True,ok,250.66770935058594,19.941938400268555,1.1059823036193848,6.936098098754883,16.462127685546875
Pos13,VapC,42,727,59.41615855502849,15.946078133487914,55.10898293381942,53.4736515655519,14.431282866274861,1.0305820029190043,123.42194963311943,0.9392764857881137,0.963313267389925,-8.2446342680332,372.75927734375,373.0,120.27172088623047,True,True,ok,250.66770935058594,19.941938400268555,1.1059823036193848,6.936098098754883,16.462127685546875
Pos13,VapC,43,821,63.085491123192575,17.22690943273983,59.405386961116584,57.86692867543265,15.02492017199463,1.0265861403205434,132.88619583998747,0.9204035874439462,0.9619934712232521,38.51560867777842,382.0158386230469,377.0,125.76346588134766,True,True,ok,250.66770935058594,19.941938400268555,1.1059823036193848,6.936098098754883,16.462127685546875
Pos13,VapC,44,661,52.28306374374589,16.778050049166346,49.09175083453431,48.45615969987364,14.58304465369402,1.0131168284609713,113.56021604337627,0.9193324061196105,0.9471103932035326,-36.668943270403304,354.58697509765625,355.0,102.9130630493164,True,True,ok,250.66770935058594,19.941938400268555,1.1059823036193848,6.936098098754883,16.462127685546875
Pos13,VapC,45,1098,84.87868823143725,17.18332021483236,78.29431652425353,77.60800872321367,14.7495957117503,1.008843260023428,172.05404755438101,0.8934092758340114,0.979293502247425,-30.023768528479366,356.1065673828125,357.0,104.5780258178711,True,True,ok,250.66770935058594,19.941938400268555,1.1059823036193848,6.936098098754883,16.462127685546875
Pos13,VapC,46,877,69.14620145685761,16.539772120540544,65.0,63.47247602158834,14.530906009064141,1.0240659270624974,143.5333275931281,0.9300106044538706,0.9709703161966973,13.980247617970152,382.913330078125,383.0,130.64908599853516,True,True,ok,250.66770935058594,19.941938400268555,1.1059823036193848,6.936098098754883,16.462127685546875
Pos13,VapC,47,558,43.630374292010664,16.40167657046241,42.05948168962618,40.46213972435713,14.980995664387104,1.0394774467230534,98.02647404263912,0.9604130808950087,0.9266507611381332,-29.94105762730846,357.14874267578125,356.0,104.31941223144531,True,True,ok,250.66770935058594,19.941938400268555,1.1059823036193848,6.936098098754883,16.462127685546875
Pos13,VapC,48,779,61.86607911294397,16.302382277451255,58.52349955359813,57.65591642837035,14.269031015811526,1.0150475992573222,131.60125383823603,0.9385542168674699,0.9646564356710633,-72.92224097296271,372.2939758300781,371.0,117.33333587646484,True,True,ok,250.66770935058594,19.941938400268555,1.1059823036193848,6.936098098754883,16.462127685546875
Pos13,VapC,49,616,48.42515743924229,16.414397504002668,46.32493928760188,44.859144956664096,14.77639802730099,1.0326754852851923,106.58691734781371,0.9476923076923077,0.9407992520093794,-78.93658200091335,325.9058532714844,324.0,70.57913208007812,True,True,ok,250.66770935058594,19.941938400268555,1.1059823036193848,6.936098098754883,16.462127685546875
Pos13,VapC,50,873,65.26801319608222,17.325603537050142,61.465437442517235,60.43425745046738,15.27386457490549,1.017062838786346,138.30504649157226,0.941747572815534,0.9641237440911308,-21.03534350236924,371.531494140625,371.0,118.2358169555664,True,True,ok,250.66770935058594,19.941938400268555,1.1059823036193848,6.936098098754883,16.462127685546875
Pos13,VapC,51,611,46.14678493876007,17.040046437012514,44.64302857109943,43.88249540608088,15.02799214754511,1.0173311284597812,104.92083624600434,0.9414483821263482,0.9293271214884165,-74.72724883678313,353.0736389160156,348.0,94.85416412353516,True,True,ok,250.66770935058594,19.941938400268555,1.1059823036193848,6.936098098754883,16.462127685546875
Pos13,VapC,52,553,42.81355002279792,16.72443976688448,41.048751503547585,39.98532772727607,15.044889782416698,1.0265953497624103,97.14579110422719,0.9452991452991453,0.9205459623437203,52.32470945958962,382.9891357421875,381.0,127.17462921142578,True,True,ok,250.66770935058594,19.941938400268555,1.1059823036193848,6.936098098754883,16.462127685546875
Pos13,VapC,53,888,67.7274340931965,16.98954438459922,63.28506932918696,59.94357636352796,15.695922595347183,1.0557439707199736,137.8055026532183,0.9527896995708155,0.9680255196979938,2.4016593791617296,373.7736511230469,374.0,119.67288970947266,True,True,ok,250.66770935058594,19.941938400268555,1.1059823036193848,6.936098098754883,16.462127685546875
Pos13,VapC,54,686,52.03464448211951,16.90403103807834,49.92995093127971,47.674519173790486,15.465952126624071,1.0473089565784057,113.00485567610646,0.9634831460674157,0.9457617436632343,54.38291332744218,421.947509765625,424.0,169.2046890258789,True,True,ok,250.66770935058594,19.941938400268555,1.1059823036193848,6.936098098754883,16.462127685546875
Pos13,VapC,55,513,38.65181539254131,16.998125700160173,37.656340767525464,35.7587513970047,15.854717696781139,1.053066432590253,89.61713204139484,0.957089552238806,0.8981076843342909,-4.753640775141204,375.6452331542969,368.0,111.92084503173828,True,True,ok,250.66770935058594,19.941938400268555,1.1059823036193848,6.936098098754883,16.462127685546875
Pos13,VapC,56,639,49.96383531669545,16.51881208404353,47.29693436154187,45.99541822402723,14.933137587526705,1.028296647530748,109.03839661302055,0.9438700147710487,0.9437655824843844,-80.16639970851685,359.06103515625,356.0,99.36502838134766,True,True,ok,250.66770935058594,19.941938400268555,1.1059823036193848,6.936098098754883,16.462127685546875
Pos13,VapC,57,512,39.850427159452515,16.426409805428822,39.395431207184416,37.61060744554691,14.875839804346883,1.047455329303617,92.20336432771485,0.9570093457943926,0.9110926635562072,-22.287645990311947,358.23828125,356.5,98.2940902709961,True,True,ok,250.66770935058594,19.941938400268555,1.1059823036193848,6.936098098754883,16.462127685546875
Pos13,VapC,58,881,71.73081542008696,16.092279188272432,66.48308055437865,65.63117006782409,14.070890525479848,1.012980272722156,147.32556538900218,0.9186652763295099,0.9745103324681573,-15.311639764157734,371.8944396972656,374.0,117.09317779541016,True,True,ok,250.66770935058594,19.941938400268555,1.1059823036193848,6.936098098754883,16.462127685546875
Pos13,VapC,59,801,62.63404861586848,16.71536475909211,58.412327466040935,56.3277210251256,15.087618252533629,1.0370085351045089,129.87935620751085,0.9357476635514018,0.9637315812422754,-42.17596916858796,365.528076171875,365.0,107.47229766845703,True,True,ok,250.66770935058594,19.941938400268555,1.1059823036193848,6.936098098754883,16.462127685546875
Pos13,VapC,60,579,47.759776129249175,15.66163955355255,44.40720662234904,42.54781040946952,14.697806170815731,1.0437013372717692,101.87452836742901,0.9666110183639399,0.944703651338732,-0.7494692871832436,357.0725402832031,357.0,98.64774322509766,True,True,ok,250.66770935058594,19.941938400268555,1.1059823036193848,6.936098098754883,16.462127685546875
Pos14,VapC,1,175,18.155391068327965,12.478872089474468,19.313207915827967,18.491266218567805,10.823499184645218,1.0444502657386878,49.338559592461706,0.9459459459459459,0.7263386565391788,75.30673897232462,307.20001220703125,305.0,62.25117492675781,True,True,ok,250.55374145507812,19.922380447387695,0.8457787036895752,7.043665885925293,16.149688720703125
Pos14,VapC,2,731,54.70327043141413,17.506574260448478,51.35172830587107,50.248608674966945,15.585012658146715,1.0219532373132887,118.28895330657811,0.9543080939947781,0.9474081093474807,89.97713080871519,303.2900085449219,303.0,59.97712707519531,True,True,ok,250.55374145507812,19.922380447387695,0.8457787036895752,7.043665885925293,16.149688720703125
Pos14,VapC,3,598,43.34753991420915,17.6474616792407,42.20189569201838,40.00292441871976,16.39003066001324,1.054970262930817,98.71658743102209,0.9692058346839546,0.9133766208129936,48.227355127291474,306.71405029296875,302.0,58.01069641113281,True,True,ok,250.55374145507812,19.922380447387695,0.8457787036895752,7.043665885925293,16.149688720703125
Pos14,VapC,4,660,48.15400975470434,17.663247608448334,46.51881339845203,45.47894282243784,15.671037617367377,1.0228648801286813,108.84782706299157,0.9496402877697842,0.9302969009024872,-26.106079754789878,300.84698486328125,300.0,55.912010192871094,True,True,ok,250.55374145507812,19.922380447387695,0.8457787036895752,7.043665885925293,16.149688720703125
Pos14,VapC,5,961,79.77217633615312,17.62054418842206,72.49827584156743,73.05021378290411,13.707305351155759,0.9924444034759848,161.7485866551997,0.8356521739130435,0.9752996696571359,22.622434818426008,321.7336120605469,323.0,78.93461608886719,True,True,ok,250.55374145507812,19.922380447387695,0.8457787036895752,7.043665885925293,16.149688720703125
Pos14,VapC,6,426,31.815871547323496,17.0621362327766,32.69556544854363,30.31857306554203,15.822936542332144,1.078400536128896,78.70049424602792,0.9616252821670429,0.8440417270239122,23.937324279097126,326.3990478515625,328.5,84.58452606201172,True,True,ok,250.55374145507812,19.922380447387695,0.8457787036895752,7.043665885925293,16.149688720703125
Pos14,VapC,7,908,65.252791938192,18.360234680709862,61.5223536610881,59.28857874871956,16.273492961851492,1.0376763106742002,137.154857510934,0.9227642276422764,0.9595991011189404,-4.469878226710124,322.4328308105469,322.0,76.35252380371094,True,True,ok,250.55374145507812,19.922380447387695,0.8457787036895752,7.043665885925293,16.149688720703125
Pos14,VapC,8,829,61.96766134671966,17.372415305187275,58.52349955359813,57.59760949251935,15.260671797369936,1.0160751473756742,132.61668979776115,0.9346110484780158,0.959898877495416,-69.29461126057454,307.24365234375,305.0,58.756072998046875,True,True,ok,250.55374145507812,19.922380447387695,0.8457787036895752,7.043665885925293,16.149688720703125
Pos14,VapC,9,738,54.13436461344193,17.645544386901545,51.478150704935004,49.281694581259316,16.10452340909896,1.0445694114688773,116.94819477591085,0.9473684210526315,0.9453841545084947,2.314639278284537,322.4580078125,319.0,73.36358642578125,True,True,ok,250.55374145507812,19.922380447387695,0.8457787036895752,7.043665885925293,16.149688720703125
Pos14,VapC,10,647,44.72157113280056,18.504554793110437,43.41658669218482,41.52799824446001,17.088972327866763,1.0454774736939496,102.56464175581198,0.9627976190476191,0.9103803303957007,1.9379613459748195,306.8207092285156,306.0,58.77888488769531,True,True,ok,250.55374145507812,19.922380447387695,0.8457787036895752,7.043665885925293,16.149688720703125
Pos14,VapC,11,927,73.18249290601882,16.604040128714598,67.26812023536856,64.76631992470615,15.06500315339377,1.0386281066080467,146.7307367756337,0.9354187689202825,0.973921459543514,-87.26978162351433,348.06903076171875,351.0,104.81996154785156,True,True,ok,250.55374145507812,19.922380447387695,0.8457787036895752,7.043665885925293,16.149688720703125
Pos14,VapC,12,783,58.7652614583721,17.352024299899593,55.57877292636101,52.97550734353967,15.790479429440373,1.0491409278242394,123.97731000038921,0.9479418886198547,0.9554117183890798,4.668044560089818,339.033203125,338.0,89.74032592773438,True,True,ok,250.55374145507812,19.922380447387695,0.8457787036895752,7.043665885925293,16.149688720703125
Pos14,VapC,13,351,51.26299976064842,9.226991905622056,48.16637831516918,46.33491476267308,7.861526629252521,1.0395266412353803,101.64449057130136,0.9460916442048517,0.9836678525711985,3.2201687635324823,392.9772033691406,399.0,150.05128479003906,True,True,ok,250.55374145507812,19.922380447387695,0.8457787036895752,7.043665885925293,16.149688720703125
Pos14,VapC,14,519,40.72090845078889,16.393013870641628,39.395431207184416,38.13188868586059,14.852077807441098,1.033136111660589,93.21880028723994,0.9540441176470589,0.9153892284031238,24.7346394746315,326.64739990234375,325.0,76.71688842773438,True,True,ok,250.55374145507812,19.922380447387695,0.8457787036895752,7.043665885925293,16.149688720703125
Pos14,VapC,15,908,61.204102471749295,19.65590313188146,58.309518948453004,58.43624028719046,16.543380703776194,0.9978314597565711,135.75828245135096,0.9237029501525941,0.9470272010871649,27.835377166165557,351.67401123046875,349.0,100.6100845336914,True,True,ok,250.55374145507812,19.922380447387695,0.8457787036895752,7.043665885925293,16.149688720703125
Pos14,VapC,16,703,51.83430819704879,17.438335757557002,49.36598018878993,46.44591097923435,16.37478888462629,1.0628703183550674,111.58516065324187,0.9804741980474198,0.9417104103031415,1.0161290777939456,345.2176513671875,342.0,93.80253601074219,True,True,ok,250.55374145507812,19.922380447387695,0.8457787036895752,7.043665885925293,16.149688720703125
Pos14,VapC,17,864,67.85351869900077,16.619855433880534,62.96824596572466,61.637585665426855,14.777755862996049,1.0215884559061208,140.1453488605935,0.935064935064935,0.9695389291725451,54.699156425699044,340.30670166015625,339.0,89.02262115478516,True,True,ok,250.55374145507812,19.922380447387695,0.8457787036895752,7.043665885925293,16.149688720703125
Pos14,VapC,18,884,69.829636557609,16.56476196000415,65.30696746902278,64.38694968996958,14.42281317186308,1.014288885923051,145.23887694103615,0.9256544502617801,0.9714567393269297,64.14732944484628,332.6900329589844,331.5,82.90958404541016,True,True,ok,250.55374145507812,19.922380447387695,0.8457787036895752,7.043665885925293,16.149688720703125
Pos14,VapC,19,809,56.55008688379143,18.570258174507497,54.230987451824994,52.88471202067243,16.38713225647688,1.0254567979991327,124.4768538387432,0.9374275782155272,0.9445436037607828,-23.96247526347918,343.78985595703125,343.0,93.04557800292969,True,True,ok,250.55374145507812,19.922380447387695,0.8457787036895752,7.043665885925293,16.149688720703125
Pos14,VapC,20,686,50.51148426454635,17.472993721336813,48.703182647543684,47.29453412406051,15.61061098157745,1.0297845945535287,112.410027062738,0.9581005586592178,0.9382635647528006,-71.22472059453993,359.2449035644531,357.0,107.02579498291016,True,True,ok,250.55374145507812,19.922380447387695,0.8457787036895752,7.043665885925293,16.149688720703125
Pos14,VapC,21,949,69.62420406631986,17.81636435001887,65.30696746902278,64.23035259375398,15.586652259105241,1.016761777443107,146.25431290056125,0.9349753694581281,0.9667050434242231,-26.31449724434177,359.61328125,360.0,109.05900573730469,True,True,ok,250.55374145507812,19.922380447387695,0.8457787036895752,7.043665885925293,16.149688720703125
Pos14,VapC,22,810,59.84497299346255,17.65874320781014,56.515484603779164,55.81703884176166,15.426677466031164,1.0125131281864945,129.2450593480437,0.9225512528473804,0.9554741569846763,12.399630460602998,331.6629638671875,328.0,76.68872833251953,True,True,ok,250.55374145507812,19.922380447387695,0.8457787036895752,7.043665885925293,16.149688720703125
Pos14,VapC,23,734,53.62534208548917,17.75206059449353,50.695167422546305,49.142875995419104,16.06275246802662,1.0315873134342382,116.62287220476873,0.9507772020725389,0.9436171974682807,-9.924295868640524,344.02044677734375,340.0,88.71517181396484,True,True,ok,250.55374145507812,19.922380447387695,0.8457787036895752,7.043665885925293,16.149688720703125
Pos14,VapC,24,589,47.46577866587243,15.987164203217532,45.880278987817846,45.30029482017638,13.920064116106827,1.0128030991838743,106.49163257279922,0.9424,0.9415710108844103,72.26393242820721,344.15618896484375,345.0,93.16587829589844,True,True,ok,250.55374145507812,19.922380447387695,0.8457787036895752,7.043665885925293,16.149688720703125
Pos14,VapC,25,781,57.96717430380584,17.405063095229618,55.54277630799526,54.4809658597983,15.25153561765991,1.019489567254175,126.37297273668023,0.9466666666666667,0.9538582687105284,23.724070089355493,362.6837463378906,361.0,108.06845092773438,True,True,ok,250.55374145507812,19.922380447387695,0.8457787036895752,7.043665885925293,16.149688720703125
Pos14,VapC,26,773,58.62961552615916,17.12216924435507,55.47071299343465,53.318837574757914,15.459637974807807,1.0403586333940535,124.28628428871421,0.9438339438339438,0.9564062286727464,52.52554628940665,379.59765625,380.0,126.24760437011719,True,True,ok,250.55374145507812,19.922380447387695,0.8457787036895752,7.043665885925293,16.149688720703125
Pos14,VapC,27,804,59.8775944765329,17.486832772284398,56.85068161420758,54.166679204727046,15.836719443204405,1.0495508022438693,126.41244098277889,0.9458823529411765,0.95640518702865,46.90061459001956,391.789794921875,391.0,136.18931579589844,True,True,ok,250.55374145507812,19.922380447387695,0.8457787036895752,7.043665885925293,16.149688720703125
Pos14,VapC,28,901,66.84864165017032,17.748238008839454,62.64982043070834,60.38700473927579,15.80855402094817,1.0374718981542863,138.8209386127434,0.9222108495394064,0.9641111743286096,-5.795473120787814,383.6703796386719,385.0,131.30374145507812,True,True,ok,250.55374145507812,19.922380447387695,0.8457787036895752,7.043665885925293,16.149688720703125
Pos14,VapC,29,692,57.803617884722506,15.537268093067008,54.70831746635972,53.749190403519265,13.61468968563261,1.0178444932033368,123.04081053306145,0.9364005412719891,0.9631976759673682,-59.007155928337085,342.8771667480469,342.5,87.2417221069336,True,True,ok,250.55374145507812,19.922380447387695,0.8457787036895752,7.043665885925293,16.149688720703125
Pos14,VapC,30,681,51.24859956712825,17.17780451953196,48.75448697299562,47.823243040457214,15.28886360237399,1.019472621958126,113.10014045112095,0.9524475524475524,0.9421520352742425,27.982284074431295,353.6079406738281,353.0,98.525634765625,True,True,ok,250.55374145507812,19.922380447387695,0.8457787036895752,7.043665885925293,16.149688720703125
Pos14,VapC,31,728,59.6177354692407,15.850744022350664,55.54277630799526,54.268175553145916,14.21378896094879,1.023487075838787,124.76270816378667,0.9417852522639069,0.9640080742074504,80.49099048271445,372.5123596191406,369.0,113.60289001464844,True,True,ok,250.55374145507812,19.922380447387695,0.8457787036895752,7.043665885925293,16.149688720703125
Pos14,VapC,32,696,55.8092859483252,16.13702265621905,52.43090691567332,50.1754648416849,14.809344933767361,1.0449510947453073,117.25716906423584,0.9495225102319236,0.9572850596230326,-50.08164828298772,359.05029296875,361.0,105.44886016845703,True,True,ok,250.55374145507812,19.922380447387695,0.8457787036895752,7.043665885925293,16.149688720703125
Pos14,VapC,33,780,61.06945747799492,16.883501387335635,56.568542494923804,55.344853116621145,14.96141509785702,1.0221102651717973,127.76954779626328,0.9307875894988067,0.9610242988207068,-3.548210905363746,359.5718078613281,356.0,99.57780456542969,True,True,ok,250.55374145507812,19.922380447387695,0.8457787036895752,7.043665885925293,16.149688720703125
Pos15,VapC,1,134,27.86072377215261,6.438923224136962,27.073972741361768,26.115619713682072,5.367798262592327,1.0366965455228163,58.3590784898916,0.9054054054054054,0.9729273599493312,89.9430227433116,283.19403076171875,286.5,43.23560333251953,True,True,ok,251.40692138671875,19.980825424194336,0.8930129408836365,7.226223468780518,16.620086669921875
Pos15,VapC,2,737,51.507477129212894,18.42007279105464,49.73932046178355,48.041870669532074,16.566783213366453,1.0353327164116444,114.996259349058,0.9608865710560626,0.9338674255845902,30.957543361548435,314.24017333984375,312.0,68.06590270996094,True,True,ok,251.40692138671875,19.980825424194336,0.8930129408836365,7.226223468780518,16.620086669921875
Pos15,VapC,3,718,52.84685255560906,17.567189000328707,50.566787519082126,49.29542041326604,15.628570989927395,1.025790775190832,116.43230265473974,0.9497354497354498,0.9431325347943972,23.713888518391837,312.9832763671875,311.0,65.92176055908203,True,True,ok,251.40692138671875,19.980825424194336,0.8930129408836365,7.226223468780518,16.620086669921875
Pos15,VapC,4,1178,89.19746267324878,17.594302889126542,81.83520025025906,78.87792941941535,15.596256800000928,1.0374917401180639,175.5604310252116,0.9019908116385911,0.9803529875950613,-40.63437392743681,310.79541015625,310.0,63.865257263183594,True,True,ok,251.40692138671875,19.980825424194336,0.8930129408836365,7.226223468780518,16.620086669921875
Pos15,VapC,5,915,70.01934458484699,17.211979454025663,64.66065264130884,62.87778136839286,15.35694778892391,1.028354551228046,143.28694151418327,0.9270516717325228,0.9693161311949516,44.11833003575676,323.18798828125,324.0,77.21231079101562,True,True,ok,251.40692138671875,19.980825424194336,0.8930129408836365,7.226223468780518,16.620086669921875
Pos15,VapC,6,558,40.0266179364027,17.80507915854816,39.11521443121589,37.04465184710108,16.673383240658836,1.0558936980339537,93.12351551222545,0.9704347826086956,0.8956145436979163,36.44598930446229,308.3046569824219,308.0,60.619972229003906,True,True,ok,251.40692138671875,19.980825424194336,0.8930129408836365,7.226223468780518,16.620086669921875
Pos15,VapC,7,719,49.047816117910806,19.007863943699537,47.16990566028302,45.51119591408467,17.192007408272158,1.0364461911598553,110.64866118591412,0.9435695538057742,0.9218539747737853,-54.50302544031907,325.0945739746094,323.0,76.85012817382812,True,True,ok,251.40692138671875,19.980825424194336,0.8930129408836365,7.226223468780518,16.620086669921875
Pos15,VapC,8,1100,82.2930863343492,17.93611899792831,75.95393340703298,74.61555519047631,15.42669734192057,1.0179369866395833,166.84211473564235,0.8695652173913043,0.9759590114989358,-79.58802209703582,328.8272705078125,330.0,83.99332427978516,True,True,ok,251.40692138671875,19.980825424194336,0.8930129408836365,7.226223468780518,16.620086669921875
Pos15,VapC,9,696,53.2695413172646,16.90308858087498,50.15974481593781,47.94794987118995,15.605757052574964,1.0461290826967524,113.71131734730658,0.9680111265646731,0.9483210480033869,-89.45937115179547,323.2054748535156,322.0,74.0169906616211,True,True,ok,251.40692138671875,19.980825424194336,0.8930129408836365,7.226223468780518,16.620086669921875
Pos15,VapC,10,948,72.36478377958308,17.140936689070806,67.08203932499369,65.25679703548468,15.29671411725106,1.0279701482822776,147.97621053128645,0.9294117647058824,0.9715417237017437,-81.97662322227997,324.5833435058594,322.5,74.1525650024414,True,True,ok,251.40692138671875,19.980825424194336,0.8930129408836365,7.226223468780518,16.620086669921875
Pos15,VapC,11,685,51.29016586188999,17.596421093744425,47.67598976424087,47.6419615516012,15.453845139271545,1.00071424877422,112.92591918390913,0.9244264507422402,0.9393076757494716,-87.70792812808794,351.30218505859375,351.0,103.57728576660156,True,True,ok,251.40692138671875,19.980825424194336,0.8930129408836365,7.226223468780518,16.620086669921875
Pos15,VapC,12,699,54.99016432523227,16.56977768738625,51.86520991955976,51.330113878898466,14.496306262354649,1.0104246026401524,119.20910449108871,0.938255033557047,0.9535222641766312,71.28799219080143,343.2904052734375,345.0,95.81344604492188,True,True,ok,251.40692138671875,19.980825424194336,0.8930129408836365,7.226223468780518,16.620086669921875
Pos15,VapC,13,609,47.82798094918145,16.448034054130183,45.880278987817846,45.42887879499137,14.38277751226125,1.009936415002966,107.27703073619666,0.9441860465116279,0.9390063437442525,69.84066373880012,359.3809509277344,360.0,110.25099182128906,True,True,ok,251.40692138671875,19.980825424194336,0.8930129408836365,7.226223468780518,16.620086669921875
Pos15,VapC,14,627,47.84710675228639,17.532256853383174,44.94441010848846,44.10201018775161,15.365973339821831,1.0191011683401863,105.74570265550044,0.908695652173913,0.93044857229298,-39.699510806291,348.72088623046875,346.0,96.33319091796875,True,True,ok,251.40692138671875,19.980825424194336,0.8930129408836365,7.226223468780518,16.620086669921875
Pos15,VapC,15,515,37.97268522223298,17.365644304890143,36.87817782917155,34.877062267430304,16.426425584491266,1.0573762648469958,88.50641130685526,0.9662288930581614,0.8893025346381582,7.006630972944047,354.792236328125,350.0,100.69970703125,True,True,ok,251.40692138671875,19.980825424194336,0.8930129408836365,7.226223468780518,16.620086669921875
Pos15,VapC,16,798,63.552379190043474,16.31755356244395,59.80802621722272,58.99835079058799,14.266095062176722,1.013723695930224,134.28277089957055,0.9333333333333333,0.9664758441925134,20.568709960584236,348.689208984375,347.0,97.15664672851562,True,True,ok,251.40692138671875,19.980825424194336,0.8930129408836365,7.226223468780518,16.620086669921875
Pos15,VapC,17,674,49.07887319159643,17.720265433953152,47.16990566028302,45.181453378259974,16.157647828558055,1.0440103656112096,108.80835881689289,0.9506346967559943,0.9325437901225022,-86.86039712590886,356.7002868652344,353.0,103.92283630371094,True,True,ok,251.40692138671875,19.980825424194336,0.8930129408836365,7.226223468780518,16.620086669921875
Pos15,VapC,18,791,60.098875742138716,17.030543735465532,56.824290580701486,55.236589930323,15.220231466256514,1.028743639902124,127.84848428846064,0.9518652226233454,0.9590090590269472,-58.55908892781,324.2616882324219,324.0,73.52622985839844,True,True,ok,251.40692138671875,19.980825424194336,0.8930129408836365,7.226223468780518,16.620086669921875
Pos15,VapC,19,790,61.0630659485589,17.259066749671685,57.38466694161429,56.98414988923214,14.67447348113314,1.0070285694032584,130.7205708998241,0.9080459770114943,0.9592250843028837,68.28315799366308,337.0177307128906,335.0,85.35746002197266,True,True,ok,251.40692138671875,19.980825424194336,0.8930129408836365,7.226223468780518,16.620086669921875
Pos15,VapC,20,628,51.73023580407271,15.756573607419702,48.507731342539614,47.38374474560202,14.16181679946481,1.0237209322093928,110.9345155109576,0.9401197604790419,0.9524831823027127,-79.30872884980282,320.91400146484375,320.0,69.18236541748047,True,True,ok,251.40692138671875,19.980825424194336,0.8930129408836365,7.226223468780518,16.620086669921875
Pos15,VapC,21,535,35.161929170395496,19.475290956014007,34.92849839314596,33.96445872323916,17.74027822056392,1.028383778400896,88.1810887357131,0.9622302158273381,0.8326002613573763,-85.63223408435294,373.5906677246094,371.0,120.7740478515625,True,True,ok,251.40692138671875,19.980825424194336,0.8930129408836365,7.226223468780518,16.620086669921875
Pos15,VapC,22,399,32.80001350173393,15.555143680406921,32.7566787083184,31.051638015384956,14.253679360101078,1.0549098470131804,78.37517167488576,0.9568345323741008,0.8803945335854065,56.961831866506344,369.43109130859375,365.0,113.54798889160156,True,True,ok,251.40692138671875,19.980825424194336,0.8930129408836365,7.226223468780518,16.620086669921875
Pos15,VapC,23,666,49.086210410581806,17.479730048291387,47.4236228055175,46.4426339799118,15.442145803534432,1.0211225923583496,110.51390816480095,0.9514285714285714,0.9344468397082848,-66.57252426692408,387.14715576171875,386.5,133.17933654785156,True,True,ok,251.40692138671875,19.980825424194336,0.8930129408836365,7.226223468780518,16.620086669921875
Pos15,VapC,24,581,44.85460027892726,16.70365651943173,43.382023926967726,42.106784246538545,14.935084703420646,1.0302858483080197,101.2633514712434,0.9447154471544715,0.9280740837255355,27.896242691320435,341.38037109375,339.0,85.14906311035156,True,True,ok,251.40692138671875,19.980825424194336,0.8930129408836365,7.226223468780518,16.620086669921875
Pos15,VapC,25,368,30.045722487287566,15.643379918168625,30.083217912982647,28.773276720723814,14.31882642007154,1.0455263126606416,73.89282049062874,0.9484536082474226,0.8537687013208316,12.391895629652302,343.0516357421875,340.0,85.51726531982422,True,True,ok,251.40692138671875,19.980825424194336,0.8930129408836365,7.226223468780518,16.620086669921875
Pos15,VapC,26,578,46.87780989002566,16.08319363865348,44.9221548904324,43.666340905890536,14.232218342037585,1.0287593134320183,103.58007771533708,0.932258064516129,0.9393034242856864,75.85732785585957,406.2664489746094,407.0,152.8263397216797,True,True,ok,251.40692138671875,19.980825424194336,0.8930129408836365,7.226223468780518,16.620086669921875
Pos15,VapC,27,537,42.54615655145703,16.21275372696635,41.0,38.738766059930285,15.130262264531126,1.058371346587847,94.75012836793617,0.960644007155635,0.9245491933064122,-6.922967630128508,356.8696594238281,357.0,103.20599365234375,True,True,ok,251.40692138671875,19.980825424194336,0.8930129408836365,7.226223468780518,16.620086669921875
Pos15,VapC,28,668,50.41333607178564,17.09162599253922,47.853944456021594,46.31901276833281,15.540683054708115,1.0331382643098599,110.3791551436878,0.9502133712660028,0.9407756149941563,-8.531159019788008,380.14520263671875,379.0,123.36231994628906,True,True,ok,251.40692138671875,19.980825424194336,0.8930129408836365,7.226223468780518,16.620086669921875
Pos15,VapC,29,705,55.6281647730636,16.522614031961538,52.92447448959697,52.33680389121854,14.310122599513772,1.011228629849081,121.00993861401126,0.9325396825396826,0.9548716130289004,-68.54362234375667,384.94610595703125,383.0,127.33143615722656,True,True,ok,251.40692138671875,19.980825424194336,0.8930129408836365,7.226223468780518,16.620086669921875
Pos15,VapC,30,580,44.51896958669936,16.749670973938795,43.01162633521314,40.648247065348144,15.544437690332565,1.0581422186808083,99.04191000216423,0.9539473684210527,0.9265235736726831,49.62154972192753,368.9620666503906,364.5,108.33726501464844,True,True,ok,251.40692138671875,19.980825424194336,0.8930129408836365,7.226223468780518,16.620086669921875
Pos15,VapC,31,2204,178.57051017176323,16.662628936897555,158.15182578775372,156.2525652755573,14.389757714391887,1.0121550677190292,328.9323722448014,0.8529411764705882,0.9956369918754039,7.329698149576031,394.4546203613281,402.0,147.0604705810547,True,True,ok,251.40692138671875,19.980825424194336,0.8930129408836365,7.226223468780518,16.620086669921875
Pos15,VapC,32,665,52.55708438254115,16.349787515215272,49.72926703662542,48.27968430278156,14.73960621390579,1.0300246937149162,113.38599477616444,0.9472934472934473,0.9503816762619821,78.87273604898152,376.0721740722656,377.0,120.95979309082031,True,True,ok,251.40692138671875,19.980825424194336,0.8930129408836365,7.226223468780518,16.620086669921875
Pos15,VapC,33,666,50.96634532052657,16.841172476012165,49.03060268852505,46.564895705765025,15.394883847610124,1.0529520563804196,110.70447771482993,0.9514285714285714,0.9438280077863552,7.284843245509692,357.4534606933594,354.5,97.36064147949219,True,True,ok,251.40692138671875,19.980825424194336,0.8930129408836365,7.226223468780518,16.620086669921875
Pos15,VapC,34,474,36.71304732921406,16.48286107891039,36.49657518178932,34.71024236958358,15.057742020060191,1.0514641411369425,86.61029240891821,0.9575757575757575,0.8935495104000898,6.7264737348382155,352.4873352050781,350.0,93.5543212890625,True,True,ok,251.40692138671875,19.980825424194336,0.8930129408836365,7.226223468780518,16.620086669921875
Pos15,VapC,35,897,69.51231407324222,16.94191398758128,65.14598989960932,63.889728667898424,14.772862227905307,1.0196629608217778,144.6440483276677,0.9237899073120495,0.9698442902758451,-15.031470109061269,349.8829345703125,351.0,94.84846496582031,True,True,ok,251.40692138671875,19.980825424194336,0.8930129408836365,7.226223468780518,16.620086669921875
Pos15,VapC,36,862,69.46496624616975,16.203126596978976,64.40496875241847,62.25943905082129,14.577797663768001,1.0344611152028822,141.16078482011858,0.9258861439312567,0.9724153409319041,41.71478151914012,381.9269104003906,381.0,123.46476745605469,True,True,ok,251.40692138671875,19.980825424194336,0.8930129408836365,7.226223468780518,16.620086669921875
Pos15,VapC,37,1075,87.75342270452063,17.150047319398997,80.1311425102625,80.38901313922005,13.887315396923636,0.9967922155169269,176.63168351365255,0.84913112164297,0.9807167540236112,-60.425291672310586,379.2920837402344,381.0,123.29402160644531,True,True,ok,251.40692138671875,19.980825424194336,0.8930129408836365,7.226223468780518,16.620086669921875
Pos15,VapC,38,1319,67.18008663235716,26.141458502108218,65.19202405202648,65.67585555583008,21.60932844658445,0.9926330384323307,156.0207617152899,0.9523465703971119,0.9211849162403634,-8.064780366827065,256.0621643066406,256.0,-1.6579742431640625,False,False,mcherry_below_background,251.40692138671875,19.980825424194336,0.8930129408836365,7.226223468780518,16.620086669921875
Pos15,VapC,39,989,77.20244829604758,16.749523726930153,71.28113354878694,70.25896940588164,14.740137910368173,1.0145485217268178,157.34517196314,0.9268978444236177,0.9761814144393972,35.60885788670411,396.3852233886719,398.0,141.1291046142578,True,True,ok,251.40692138671875,19.980825424194336,0.8930129408836365,7.226223468780518,16.620086669921875
Pos15,VapC,40,844,70.63029712140754,15.932930903820733,64.81512169239521,62.6078724736624,14.168869796120457,1.03525513855564,141.39082261624623,0.9193899782135077,0.9742241606355221,47.379538525216255,362.8199157714844,366.0,109.04678344726562,True,True,ok,251.40692138671875,19.980825424194336,0.8930129408836365,7.226223468780518,16.620086669921875
Pos15,VapC,41,640,49.312120909990256,16.733444620235904,47.53945729601885,46.123567260170006,14.910134394509207,1.0306977564823252,109.26843440914821,0.943952802359882,0.9406647438438756,-11.854685650952883,377.2515563964844,374.5,117.16816711425781,True,True,ok,251.40692138671875,19.980825424194336,0.8930129408836365,7.226223468780518,16.620086669921875
Pos16,VapC,1,160,15.963784879840127,13.13778224473932,16.64331697709324,16.62087600007257,11.264902698237941,1.0013501681271535,46.10168216385742,0.963855421686747,0.5680788266890088,55.95002720682993,296.09375,296.0,52.843345642089844,True,True,ok,251.09591674804688,19.98765754699707,0.7745608687400818,6.909706115722656,15.729690551757812
Pos16,VapC,2,150,23.119047166247224,8.934048000788428,23.345235059857504,23.17315786238782,6.91595410435841,1.0074257120454428,54.241518122875384,0.8982035928143712,0.9223159364868002,83.9656145154795,313.8466796875,314.0,69.46558380126953,True,True,ok,251.09591674804688,19.98765754699707,0.7745608687400818,6.909706115722656,15.729690551757812
Pos16,VapC,3,620,47.893062362350946,16.726748318000613,46.32493928760188,44.930594677774906,14.852728541194926,1.0310332996887017,106.81695514394139,0.9422492401215805,0.9370288326284607,-77.16888742866372,294.96612548828125,294.5,49.654632568359375,True,True,ok,251.09591674804688,19.98765754699707,0.7745608687400818,6.909706115722656,15.729690551757812
Pos16,VapC,4,695,52.350177609557335,17.074503940011354,50.0,47.66132176695238,15.690579193903723,1.0490686818230295,113.23489347223412,0.9626038781163435,0.9453147772489352,-42.033348504063305,329.2748107910156,328.0,83.15493774414062,True,True,ok,251.09591674804688,19.98765754699707,0.7745608687400818,6.909706115722656,15.729690551757812
Pos16,VapC,5,490,40.77174841299948,15.423029721795459,39.56008088970496,37.838925457827045,14.072828665537493,1.0454863717997545,91.74328873545954,0.953307392996109,0.9256922987981833,78.33265670748399,312.8999938964844,313.0,69.11122131347656,True,True,ok,251.09591674804688,19.98765754699707,0.7745608687400818,6.909706115722656,15.729690551757812
Pos16,VapC,6,894,70.95790267062935,16.29432274412979,66.70832032063167,64.57338414418183,14.548097100676825,1.033062169572573,145.7547690622073,0.9480381760339343,0.9732771358555257,11.806334161971614,310.232666015625,310.5,65.0937271118164,True,True,ok,251.09591674804688,19.98765754699707,0.7745608687400818,6.909706115722656,15.729690551757812
Pos16,VapC,7,1060,80.71221565736805,17.163397169053543,74.02702209328699,71.47906768468332,15.556045308847951,1.0356461617524657,160.71680241285742,0.9413854351687388,0.9771285841165893,41.0940172029119,309.40093994140625,309.0,63.92426300048828,True,True,ok,251.09591674804688,19.98765754699707,0.7745608687400818,6.909706115722656,15.729690551757812
Pos16,VapC,8,29,10.362343735675246,3.8471016882876743,10.04987562112089,9.934730734482645,3.1307828439709047,1.0115901366343616,23.443540163627436,0.8529411764705882,0.9285298014538608,2.8541249717540516,266.96551513671875,264.0,18.383148193359375,False,False,mcherry_below_background,251.09591674804688,19.98765754699707,0.7745608687400818,6.909706115722656,15.729690551757812
Pos16,VapC,9,1013,77.4959818423136,17.458392688396728,70.60453243241541,68.07125701633825,15.65400379080061,1.0372150526832364,154.01300975952125,0.9251141552511416,0.9742937711059836,-41.87230660719982,318.01580810546875,320.0,75.27330017089844,True,True,ok,251.09591674804688,19.98765754699707,0.7745608687400818,6.909706115722656,15.729690551757812
Pos16,VapC,10,653,48.03985743120104,17.391253248834666,46.8187996428785,45.10264757787012,15.642299105290528,1.0380499185118883,108.06242889959411,0.9617083946980854,0.9321714265135705,70.02007822429931,292.5375061035156,293.0,48.5985107421875,True,True,ok,251.09591674804688,19.98765754699707,0.7745608687400818,6.909706115722656,15.729690551757812
Pos16,VapC,11,597,46.45910817828965,16.457243181012018,44.94441010848846,42.590990421700944,15.177781960149428,1.0552562798724776,102.50882522689616,0.9582664526484751,0.9351580612073827,-52.57800928985806,321.0971374511719,321.0,75.11470031738281,True,True,ok,251.09591674804688,19.98765754699707,0.7745608687400818,6.909706115722656,15.729690551757812
Pos16,VapC,12,548,43.05378951012972,16.607281911029496,41.182520563948,41.28685368428346,14.342171708181018,0.9974729699401829,98.94662522714974,0.9464594127806563,0.922610314541105,38.89894009506644,316.95074462890625,316.0,70.21259307861328,True,True,ok,251.09591674804688,19.98765754699707,0.7745608687400818,6.909706115722656,15.729690551757812
Pos16,VapC,13,533,42.9195511677762,16.135202495907155,41.14608122288197,41.09347916438191,13.992967355524423,1.001280058529229,98.16122706375229,0.9285714285714286,0.9266437575418751,56.638830153267264,320.82177734375,319.0,73.11041259765625,True,True,ok,251.09591674804688,19.98765754699707,0.7745608687400818,6.909706115722656,15.729690551757812
Pos16,VapC,14,601,47.28207586240576,16.342740001537386,44.91102314577124,42.60711616134379,15.281890745600073,1.0540732908489525,102.65992653082647,0.9677938808373591,0.9383659216318424,-4.706379295269356,322.3910217285156,318.0,71.72810363769531,True,True,ok,251.09591674804688,19.98765754699707,0.7745608687400818,6.909706115722656,15.729690551757812
Pos16,VapC,15,602,45.65102288214787,16.915429885993937,44.384682042344295,42.154728273143796,15.504501353084772,1.0528992561582036,102.00928138854218,0.9585987261146497,0.9288173845860869,78.87779988907238,315.9900207519531,315.0,70.01410675048828,True,True,ok,251.09591674804688,19.98765754699707,0.7745608687400818,6.909706115722656,15.729690551757812
Pos16,VapC,16,662,51.44856357032492,16.663714000478965,48.76474136094644,47.80380688278608,14.836435978296867,1.020101630828619,112.54478008385115,0.9484240687679083,0.946094487912899,59.730632292915175,318.8353576660156,319.0,72.53777313232422,True,True,ok,251.09591674804688,19.98765754699707,0.7745608687400818,6.909706115722656,15.729690551757812
Pos16,VapC,17,839,65.37408271159268,16.814759057806544,61.09828148156051,60.3947543941809,14.655086897418514,1.011648811133296,137.5196483281748,0.921978021978022,0.9663559756566286,70.36272709746127,327.64959716796875,327.0,80.68392944335938,True,True,ok,251.09591674804688,19.98765754699707,0.7745608687400818,6.909706115722656,15.729690551757812
Pos16,VapC,18,815,65.8326281336019,16.145228636853567,61.741396161732524,61.095917081510926,14.031211135746867,1.0105650117234584,138.20976171655778,0.9293044469783353,0.969460727453109,64.8785970873137,312.761962890625,312.0,64.71589660644531,True,True,ok,251.09591674804688,19.98765754699707,0.7745608687400818,6.909706115722656,15.729690551757812
Pos16,VapC,19,574,46.23756877172011,15.995282490552933,44.28317965096906,43.267651579624804,14.277285849323038,1.0234708387044162,102.8341477980383,0.9534883720930233,0.9382577694714183,61.240013103332906,302.07318115234375,302.0,54.88847351074219,True,True,ok,251.09591674804688,19.98765754699707,0.7745608687400818,6.909706115722656,15.729690551757812
Pos16,VapC,20,560,40.531077438608605,17.732993474985552,39.56008088970496,38.87609959047716,15.779153001609687,1.0175938766088393,95.76556432746128,0.9459459459459459,0.8992106427330218,77.00863219495932,319.6053466796875,316.0,68.9740219116211,True,True,ok,251.09591674804688,19.98765754699707,0.7745608687400818,6.909706115722656,15.729690551757812
Pos16,VapC,21,621,49.34783129403302,17.12445365830088,48.60041152089147,47.468880757873926,13.963770190853005,1.023837317100211,110.87869898204178,0.9227340267459139,0.9378594590908338,43.73960317921958,325.1948547363281,325.0,79.02149963378906,True,True,ok,251.09591674804688,19.98765754699707,0.7745608687400818,6.909706115722656,15.729690551757812
Pos16,VapC,22,630,49.38244989617428,16.46700041966508,47.01063709417264,46.03894151294892,14.689954410936194,1.0211059496437471,108.84782706299157,0.9574468085106383,0.942764759431333,65.63181092140944,315.9873046875,315.0,68.89730072021484,True,True,ok,251.09591674804688,19.98765754699707,0.7745608687400818,6.909706115722656,15.729690551757812
Pos16,VapC,23,687,51.81549309446909,17.058190128701103,48.83646178829912,46.745508578695116,15.849912347415463,1.0447305692713542,111.58516065324187,0.9772403982930299,0.944256653617278,2.5681217898914253,321.81805419921875,320.0,73.72479248046875,True,True,ok,251.09591674804688,19.98765754699707,0.7745608687400818,6.909706115722656,15.729690551757812
Pos16,VapC,24,719,55.98361173819852,16.598576555779488,52.92447448959697,51.98417131519277,14.726407124847304,1.0180882593800122,120.7799008178836,0.951058201058201,0.9550359822761078,68.21135468161182,323.738525390625,322.0,74.50022888183594,True,True,ok,251.09591674804688,19.98765754699707,0.7745608687400818,6.909706115722656,15.729690551757812
Pos16,VapC,25,488,35.02593413778025,17.83354484706923,34.88552708502482,32.943018568667895,16.610906994827648,1.0589657111204873,84.84892653209434,0.9644268774703557,0.8606762730363251,30.29652784670102,322.99591064453125,322.0,75.62897491455078,True,True,ok,251.09591674804688,19.98765754699707,0.7745608687400818,6.909706115722656,15.729690551757812
Pos16,VapC,26,901,67.83678226466056,17.347380326750876,63.60031446463138,60.848517281669494,15.673676484969874,1.0452237343799806,139.5899884933237,0.9434554973821989,0.9667502715954367,39.29664036067975,333.5582580566406,330.0,82.85917663574219,True,True,ok,251.09591674804688,19.98765754699707,0.7745608687400818,6.909706115722656,15.729690551757812
Pos16,VapC,27,992,78.30482760078002,16.615454432515797,71.7007670809734,69.07733897344971,15.065873356144738,1.0379781292462935,155.35376829018847,0.9367327667610954,0.977228559894761,46.99688397464921,320.9244079589844,321.0,73.90672302246094,True,True,ok,251.09591674804688,19.98765754699707,0.7745608687400818,6.909706115722656,15.729690551757812
Pos16,VapC,28,466,35.280284686508956,16.938223659653083,34.48187929913333,32.802341441702445,15.849834536998431,1.0512017674230916,83.69873755145608,0.9648033126293996,0.8772112989934546,-82.7547945750743,334.703857421875,330.5,83.89814758300781,True,True,ok,251.09591674804688,19.98765754699707,0.7745608687400818,6.909706115722656,15.729690551757812
Pos16,VapC,29,1015,83.0061761332103,16.175616024732903,75.8023746329889,73.63834398062681,14.386772785505736,1.0293872802589288,163.70052208205254,0.9144144144144144,0.9808285948009735,83.1130284867918,337.8699645996094,339.0,91.52464294433594,True,True,ok,251.09591674804688,19.98765754699707,0.7745608687400818,6.909706115722656,15.729690551757812
Pos16,VapC,30,966,71.12274370409271,17.765491558900116,65.73431371817918,65.1857412303792,15.622705533863963,1.0084155288786427,148.2062483274141,0.9315332690453231,0.9683009719503176,-11.216133521690473,331.1511535644531,331.0,82.9210205078125,True,True,ok,251.09591674804688,19.98765754699707,0.7745608687400818,6.909706115722656,15.729690551757812
Pos16,VapC,31,787,61.25653093164592,16.869598546898505,57.48912940721924,56.33448096859576,14.80512328880794,1.0204963002901748,129.57038191918582,0.9151162790697674,0.9613318297304773,10.818604197197482,332.2566833496094,331.0,83.69635009765625,True,True,ok,251.09591674804688,19.98765754699707,0.7745608687400818,6.909706115722656,15.729690551757812
Pos16,VapC,32,784,64.25426784614358,15.993094050515785,59.07622195096772,57.830315275458524,14.31761346681868,1.0215441792003843,132.00551290157554,0.9311163895486936,0.9685283619830702,51.71431407410103,320.4783020019531,320.0,71.48294830322266,True,True,ok,251.09591674804688,19.98765754699707,0.7745608687400818,6.909706115722656,15.729690551757812
Pos16,VapC,33,822,60.88016951821538,17.50904045535357,57.688820407423826,55.75310506315569,15.69129797096683,1.034719417727056,129.41928061525553,0.9437428243398392,0.9577510897035745,36.04725411137541,349.9342956542969,348.0,99.5719223022461,True,True,ok,251.09591674804688,19.98765754699707,0.7745608687400818,6.909706115722656,15.729690551757812
Pos16,VapC,34,620,45.94298572979314,17.369714867957573,44.27188724235731,43.853253055423345,15.280728967929702,1.0095462515951754,105.15087404213197,0.9480122324159022,0.9257765648481605,18.132651577223452,323.40966796875,321.0,72.82138061523438,True,True,ok,251.09591674804688,19.98765754699707,0.7745608687400818,6.909706115722656,15.729690551757812
Pos16,VapC,35,658,51.01211305117725,16.63155226701035,49.47726750741192,47.9921932406894,14.673327740702533,1.0309440799938983,112.73534963388013,0.9346590909090909,0.9453589293772399,12.876945074439696,337.4893493652344,336.5,88.25057220458984,True,True,ok,251.09591674804688,19.98765754699707,0.7745608687400818,6.909706115722656,15.729690551757812
Pos16,VapC,36,629,47.11199517603785,17.158243223869015,45.0,42.96154377271953,15.904564514459599,1.0474483933367145,104.07962155369106,0.9617737003058104,0.9313203080164835,-41.94010151276936,309.3243103027344,308.0,59.430328369140625,True,True,ok,251.09591674804688,19.98765754699707,0.7745608687400818,6.909706115722656,15.729690551757812
Pos16,VapC,37,866,68.08441243592691,16.486300898853365,64.00781202322104,62.458604547054044,14.59731106342163,1.0248037478166818,141.58139216627524,0.9423286180631121,0.9702400697415251,30.519161186126148,339.6558837890625,339.0,89.54193115234375,True,True,ok,251.09591674804688,19.98765754699707,0.7745608687400818,6.909706115722656,15.729690551757812
Pos16,VapC,38,660,49.62926042661138,17.304013633730374,46.84015371452148,46.76014270757568,15.1708626245373,1.0017110941565375,110.8392307359431,0.9482758620689655,0.9372472089670623,-16.948307296485872,329.5742492675781,331.0,80.88583374023438,True,True,ok,251.09591674804688,19.98765754699707,0.7745608687400818,6.909706115722656,15.729690551757812
Pos16,VapC,39,993,83.4596849733689,15.66916939369902,76.21679604916491,76.84013391956931,13.426393195917258,0.9918878606971604,169.00773967580574,0.9135234590616376,0.9822177336167461,-70.49952310354278,324.8992919921875,325.0,75.47489929199219,True,True,ok,251.09591674804688,19.98765754699707,0.7745608687400818,6.909706115722656,15.729690551757812
Pos16,VapC,40,865,67.72751712400888,16.709423415531674,62.289646009589745,60.23758905940689,15.180830465147501,1.034066053808347,137.8055026532183,0.938177874186551,0.9690879719038752,88.60086453410372,342.685546875,342.0,92.568115234375,True,True,ok,251.09591674804688,19.98765754699707,0.7745608687400818,6.909706115722656,15.729690551757812
Pos16,VapC,41,609,49.75706624291789,15.741204341478305,47.50789408087881,46.15232423504684,14.122875787648999,1.0293716485204139,108.42721971683494,0.9530516431924883,0.9486388152833032,56.09278026791116,334.3661804199219,333.0,82.77374267578125,True,True,ok,251.09591674804688,19.98765754699707,0.7745608687400818,6.909706115722656,15.729690551757812
Pos16,VapC,42,757,61.170104536160146,16.131992273107624,57.0701322935211,55.19455630955092,14.536741246170521,1.0339811769380167,126.98414963286584,0.931119311193112,0.964598326240959,83.93840881907498,346.7529602050781,348.0,98.30209350585938,True,True,ok,251.09591674804688,19.98765754699707,0.7745608687400818,6.909706115722656,15.729690551757812
Pos16,VapC,43,548,38.26213249626606,18.295593851347878,38.27531841800928,36.2396869095754,16.79112955134878,1.0561713326473585,91.64800396044504,0.958041958041958,0.8782702892667227,-17.9273472226551,341.69708251953125,340.0,90.68277740478516,True,True,ok,251.09591674804688,19.98765754699707,0.7745608687400818,6.909706115722656,15.729690551757812
Pos16,VapC,44,619,46.719564957231526,17.048172815423612,44.64302857109943,43.57243695126094,15.36968943535226,1.0245703865734208,104.69079844987668,0.9552469135802469,0.9310450097381395,76.90110288809419,371.9854736328125,371.0,121.55517578125,True,True,ok,251.09591674804688,19.98765754699707,0.7745608687400818,6.909706115722656,15.729690551757812
Pos16,VapC,45,514,41.063032278396925,16.03094925877623,39.92492955535426,38.62786252022094,14.469640779594062,1.0335785350394249,93.77416065450974,0.957169459962756,0.9206459434376857,-66.99423076499515,321.7276306152344,322.0,72.5986328125,True,True,ok,251.09591674804688,19.98765754699707,0.7745608687400818,6.909706115722656,15.729690551757812
Pos16,VapC,46,637,50.13313554612523,16.51630915941079,47.53945729601885,46.38450251914256,14.73796444738759,1.024899583139857,109.59375698029035,0.9353891336270191,0.9441733874061562,80.16554418335839,335.8273010253906,334.0,84.50509643554688,True,True,ok,251.09591674804688,19.98765754699707,0.7745608687400818,6.909706115722656,15.729690551757812
Pos16,VapC,47,762,56.194277942027924,17.493920138090843,53.53503525729669,51.333337884777244,15.90120016745532,1.0428902047527355,120.81936906398226,0.9525,0.9503079518590396,36.42312414235555,372.9147033691406,374.0,122.949951171875,True,True,ok,251.09591674804688,19.98765754699707,0.7745608687400818,6.909706115722656,15.729690551757812
Pos16,VapC,48,487,39.59101264088791,15.799374100352878,38.07886552931954,36.469447430191465,14.609622029860132,1.0441305863547499,89.61713204139485,0.9549019607843138,0.9169227857827742,-82.14129523704825,342.4681701660156,337.0,86.10572814941406,True,True,ok,251.09591674804688,19.98765754699707,0.7745608687400818,6.909706115722656,15.729690551757812
Pos16,VapC,49,647,50.50152868484872,16.704469060889615,47.80167361086848,46.70191170824688,14.869867700895128,1.0235485414278531,110.3791551436878,0.9363241678726484,0.9437108560735133,-13.08040752377327,341.822265625,343.0,92.33949279785156,True,True,ok,251.09591674804688,19.98765754699707,0.7745608687400818,6.909706115722656,15.729690551757812
Pos16,VapC,50,649,48.69806844879113,17.119062111038854,47.16990566028302,45.89666257027607,15.224190904636503,1.0277415179819966,109.17314963413372,0.9544117647058824,0.9361748431582414,-21.96758919925077,355.9768981933594,354.0,102.97273254394531,True,True,ok,251.09591674804688,19.98765754699707,0.7745608687400818,6.909706115722656,15.729690551757812
Pos16,VapC,51,789,52.62915128439271,19.26432051971773,51.42956348249516,49.21772871527688,17.34215727900295,1.0449397976085748,118.23313677766228,0.9586877278250304,0.9305995216934607,-60.63541278144223,344.2902526855469,342.0,91.4320068359375,True,True,ok,251.09591674804688,19.98765754699707,0.7745608687400818,6.909706115722656,15.729690551757812
Pos16,VapC,52,731,56.10083748034116,16.85194182895309,52.839379254491625,51.823407716132074,15.04262801422049,1.0196044911582163,120.81936906398228,0.9530638852672751,0.9538175240114036,57.34890760781482,371.3857727050781,368.0,117.21847534179688,True,True,ok,251.09591674804688,19.98765754699707,0.7745608687400818,6.909706115722656,15.729690551757812
Pos16,VapC,53,766,59.69445304220672,16.935731115726977,55.44366510251645,53.706175755491635,15.18405739164371,1.032351760716218,124.74635988096952,0.9468479604449939,0.9589110320388058,-45.19503694451634,386.0626525878906,385.0,133.12188720703125,True,True,ok,251.09591674804688,19.98765754699707,0.7745608687400818,6.909706115722656,15.729690551757812
Pos16,VapC,54,735,56.19452479885085,16.991931897464127,53.48831648126533,52.221090355636875,14.999324160122118,1.0242665581472614,121.56529898128105,0.9398976982097187,0.953188412168473,20.879806401846327,355.748291015625,354.0,102.57040405273438,True,True,ok,251.09591674804688,19.98765754699707,0.7745608687400818,6.909706115722656,15.729690551757812
Pos16,VapC,55,1027,85.73055756122653,15.905779524388263,76.94153624668537,76.0443520510182,14.063423470438213,1.0117981700345775,168.14340502021093,0.9104609929078015,0.9826381838112199,-84.35205141954579,362.5890808105469,365.0,114.084228515625,True,True,ok,251.09591674804688,19.98765754699707,0.7745608687400818,6.909706115722656,15.729690551757812
Pos16,VapC,56,652,48.02207223311073,17.510875935732095,46.09772228646444,45.034223848872166,15.644133767484776,1.0236153384404094,107.92767587848097,0.9476744186046512,0.9311476991377324,-81.18393556263334,362.1733093261719,359.0,106.70238494873047,True,True,ok,251.09591674804688,19.98765754699707,0.7745608687400818,6.909706115722656,15.729690551757812
Pos16,VapC,57,750,59.4562955824031,16.43774631944288,55.54277630799526,55.37335158767601,14.341542429468,1.0030596797098508,127.118902653979,0.929368029739777,0.9610232053830815,-13.096919475547175,331.9533386230469,330.0,77.55883026123047,True,True,ok,251.09591674804688,19.98765754699707,0.7745608687400818,6.909706115722656,15.729690551757812
Pos16,VapC,58,560,45.1390047441363,15.966493797268951,43.32435804486894,42.3035754045539,14.270773198886392,1.0241299377311062,100.89856065400261,0.9459459459459459,0.9353519853076999,-15.568872143474135,319.90179443359375,322.0,70.49496459960938,True,True,ok,251.09591674804688,19.98765754699707,0.7745608687400818,6.909706115722656,15.729690551757812
Pos16,VapC,59,944,69.96579246362302,17.517669722426653,66.09841147864296,64.72879555903508,15.366822521699081,1.0211592986981928,147.00024281786,0.9402390438247012,0.9681489920355244,17.0971347408581,397.3495788574219,398.0,145.56838989257812,True,True,ok,251.09591674804688,19.98765754699707,0.7745608687400818,6.909706115722656,15.729690551757812
Pos16,VapC,60,768,58.6659910175283,16.914878147624876,55.326304774492215,52.37395523334757,15.669898493806105,1.0563705667824916,122.63655146972195,0.9564134495641345,0.9575325752019276,86.92315941492892,357.4153747558594,354.5,101.84123992919922,True,True,ok,251.09591674804688,19.98765754699707,0.7745608687400818,6.909706115722656,15.729690551757812
Pos16,VapC,61,661,48.383220082136496,17.531779446309663,47.16990566028302,45.671066671170465,15.619421021782411,1.032818129690382,109.17314963413371,0.9538239538239538,0.9320411392975496,-20.960449705514023,361.72467041015625,358.0,105.1634521484375,True,True,ok,251.09591674804688,19.98765754699707,0.7745608687400818,6.909706115722656,15.729690551757812
Pos16,VapC,62,736,64.06960793346151,14.913708200078863,60.207972893961475,58.13304124744153,13.31509823091571,1.0356928108696062,131.4665008171229,0.9411764705882353,0.9725309702638838,79.41835082194487,381.4660339355469,382.0,128.87603759765625,True,True,ok,251.09591674804688,19.98765754699707,0.7745608687400818,6.909706115722656,15.729690551757812
Pos16,VapC,63,692,48.17349572387434,18.386894341708885,46.647615158762406,45.00180273085181,16.708463686618582,1.036572144403946,109.07786485911922,0.9611111111111111,0.9242942340014958,-30.449296930982417,372.2109680175781,368.0,114.77094268798828,True,True,ok,251.09591674804688,19.98765754699707,0.7745608687400818,6.909706115722656,15.729690551757812
Pos16,VapC,64,549,44.2535823577643,16.019743559158627,42.20189569201838,40.96451770520211,14.503872438583333,1.030206091909124,98.48654963489443,0.951473136915078,0.9321785618933002,51.58198647851643,262.5992736816406,262.0,8.569015502929688,False,False,mcherry_below_background,251.09591674804688,19.98765754699707,0.7745608687400818,6.909706115722656,15.729690551757812
Pos16,VapC,65,416,33.85153810332172,15.740383290005376,33.015148038438355,31.22863997143633,14.833073459513367,1.0572073605714523,79.39060763441086,0.9674418604651163,0.8853197088942885,40.863803634948226,357.7884521484375,352.0,98.99172973632812,True,True,ok,251.09591674804688,19.98765754699707,0.7745608687400818,6.909706115722656,15.729690551757812
Pos16,VapC,66,383,34.87339047630538,14.371667784778465,35.11409973215888,33.913855225296274,12.241589115856442,1.0353909780792878,81.80261865351903,0.9575,0.9111341668267008,15.126477749955782,416.1279296875,420.0,166.9952392578125,True,True,ok,251.09591674804688,19.98765754699707,0.7745608687400818,6.909706115722656,15.729690551757812
Pos16,VapC,67,771,58.3519826799921,17.146431879732013,55.54277630799526,54.06474242280394,15.174709343203718,1.0273382211577484,125.45282155216964,0.9425427872860636,0.9558531169307011,-77.23232908504725,359.5784606933594,358.0,104.04100036621094,True,True,ok,251.09591674804688,19.98765754699707,0.7745608687400818,6.909706115722656,15.729690551757812
Pos16,VapC,68,720,56.4916310457903,16.694211632575385,52.92447448959697,52.7874325747445,14.493606057320715,1.0025961087358894,122.12065934855084,0.9242618741976893,0.955337621777815,-69.75684477677522,361.8374938964844,361.0,107.80043029785156,True,True,ok,251.09591674804688,19.98765754699707,0.7745608687400818,6.909706115722656,15.729690551757812
Pos16,VapC,69,738,65.10214262913469,15.192214420563351,58.54912467321779,58.811636698698834,13.182664483654715,0.9955363931320951,132.67250632667697,0.9033047735618115,0.9723904900460456,89.78147929825785,357.2127380371094,358.0,104.79550170898438,True,True,ok,251.09591674804688,19.98765754699707,0.7745608687400818,6.909706115722656,15.729690551757812
Pos16,VapC,70,590,48.59502187923744,15.683453705898408,46.400431032480725,43.960898134925614,14.438729789605715,1.0554932451577228,104.40494412483321,0.9516129032258065,0.9464883883248884,-50.217914223345616,340.5135498046875,340.0,84.44501495361328,True,True,ok,251.09591674804688,19.98765754699707,0.7745608687400818,6.909706115722656,15.729690551757812
Pos16,VapC,71,617,48.760393044009305,16.29824206951159,47.01063709417264,45.22015747133809,14.664977884941507,1.0395947233038587,107.18174596118219,0.9506933744221879,0.9424838625585141,59.14400599124256,367.03240966796875,368.0,113.47132873535156,True,True,ok,251.09591674804688,19.98765754699707,0.7745608687400818,6.909706115722656,15.729690551757812
Pos16,VapC,72,790,64.50218673909319,16.132042080788562,59.64059020499378,57.94492624370329,14.401794662580958,1.0292633725023466,132.3308354727177,0.9283196239717979,0.9682198302345153,52.58153990628946,363.6873474121094,362.0,106.71826171875,True,True,ok,251.09591674804688,19.98765754699707,0.7745608687400818,6.909706115722656,15.729690551757812
Pos16,VapC,73,640,51.514704214675255,16.323963155803156,49.040799340956916,48.23780650255555,14.159561909341873,1.0166465454510007,112.64006485886564,0.9195402298850575,0.9484657433584204,-67.04847590942634,353.3046875,353.0,98.42578125,True,True,ok,251.09591674804688,19.98765754699707,0.7745608687400818,6.909706115722656,15.729690551757812
Pos16,VapC,74,727,54.534529225165585,17.253349858131703,52.20153254455275,51.17478404386978,15.171446611137599,1.0200635629415218,119.669180083344,0.9417098445595855,0.9486342796794407,-69.88901577905605,408.2324523925781,412.0,157.11009216308594,True,True,ok,251.09591674804688,19.98765754699707,0.7745608687400818,6.909706115722656,15.729690551757812
Pos16,VapC,75,743,55.70035175581447,17.226051084161696,53.31041174104736,52.58173613322283,15.055479574248109,1.0138579602236475,122.35069714467849,0.94529262086514,0.9509765887505955,23.67103613350155,376.4400939941406,376.0,119.54324340820312,True,True,ok,251.09591674804688,19.98765754699707,0.7745608687400818,6.909706115722656,15.729690551757812
Pos16,VapC,76,496,41.146286579473916,15.500470262133186,39.319206502675,37.91261185925393,14.22870718116108,1.037100969161473,92.06861130660168,0.9340866290018832,0.9263287482006667,0.17810461638411393,352.7661437988281,350.0,93.96826171875,True,True,ok,251.09591674804688,19.98765754699707,0.7745608687400818,6.909706115722656,15.729690551757812
Pos16,VapC,77,778,64.74330281670322,15.888510333148986,60.0,58.892476349451194,13.916208425594023,1.0188058597498444,133.6715940033849,0.9152941176470588,0.9694199402803103,51.62299757452348,365.4909973144531,369.0,113.00778198242188,True,True,ok,251.09591674804688,19.98765754699707,0.7745608687400818,6.909706115722656,15.729690551757812
Pos16,VapC,78,661,52.561827541664904,16.20639594625052,50.32891812864648,49.404492839157484,14.263019645892273,1.0187113607764091,115.09154412407248,0.9497126436781609,0.9512794128058921,-68.06337396672366,359.2102966308594,355.0,98.86444091796875,True,True,ok,251.09591674804688,19.98765754699707,0.7745608687400818,6.909706115722656,15.729690551757812
Pos16,VapC,79,957,77.83339050595717,16.238526347740216,72.00694410957877,71.77500302577684,13.912015209287732,1.0032315022504232,159.43186041110602,0.9011299435028248,0.9779942433040527,26.273494312891454,355.3782653808594,354.0,97.36737060546875,True,True,ok,251.09591674804688,19.98765754699707,0.7745608687400818,6.909706115722656,15.729690551757812
Pos16,VapC,80,764,63.021275805658476,15.81682237461544,58.69412236331676,57.77244427260358,13.946841915852781,1.0159535934876525,131.4665008171229,0.926060606060606,0.9679933315740615,-11.70996649552765,347.8285217285156,348.0,90.6160888671875,True,True,ok,251.09591674804688,19.98765754699707,0.7745608687400818,6.909706115722656,15.729690551757812
Pos16,VapC,81,453,36.54943704710852,15.881606085869505,35.77708763999664,34.45564503994061,14.447357179130309,1.0383519913362302,85.40428689936414,0.9556962025316456,0.9006602739283264,-62.11894524925777,361.472412109375,361.0,104.21701049804688,True,True,ok,251.09591674804688,19.98765754699707,0.7745608687400818,6.909706115722656,15.729690551757812
Pos16,VapC,82,842,70.19563673899448,15.882021183664333,64.4980619863884,62.56236452128721,14.144878021594327,1.030940286223398,141.27241787795023,0.9112554112554112,0.9740684123583502,5.720707239139049,380.52850341796875,384.0,127.932373046875,True,True,ok,251.09591674804688,19.98765754699707,0.7745608687400818,6.909706115722656,15.729690551757812
Pos16,VapC,83,983,74.64998218246494,19.225836322584257,68.24954212300622,69.6353551617739,14.790568562052483,0.9800990023595311,156.15551473640306,0.8288364249578415,0.9662659245787205,11.770390531919388,373.62664794921875,374.0,117.6082763671875,True,True,ok,251.09591674804688,19.98765754699707,0.7745608687400818,6.909706115722656,15.729690551757812
Pos16,VapC,84,570,46.44654257924448,15.771270981589241,44.721359549995796,42.817431465897926,14.343486185949237,1.0444661909627686,102.00928138854218,0.945273631840796,0.9405853057308934,82.31694122291903,394.5368347167969,395.5,138.29649353027344,True,True,ok,251.09591674804688,19.98765754699707,0.7745608687400818,6.909706115722656,15.729690551757812
Pos16,VapC,85,758,56.35229348743719,19.06255748261174,54.20332093147061,54.81178204210069,14.671966046566187,0.9888990817674432,126.37297273668021,0.8722669735327964,0.9410473949917065,30.495308956090685,425.59234619140625,425.0,167.8509063720703,True,True,ok,251.09591674804688,19.98765754699707,0.7745608687400818,6.909706115722656,15.729690551757812
Pos16,VapC,86,551,44.20301928921268,16.00378442519754,43.104524124504614,41.10901094442592,14.501128768681204,1.0485419895598163,98.7724039599379,0.9516407599309153,0.9321579618503051,1.758008683733023,380.2177734375,379.0,121.96820068359375,True,True,ok,251.09591674804688,19.98765754699707,0.7745608687400818,6.909706115722656,15.729690551757812
Pos16,VapC,87,744,63.924793449395295,15.785374351188883,59.413803110051795,58.68078490039961,13.328442245153644,1.0124916224432983,132.57722155166246,0.8773584905660378,0.9690316253091443,88.77412584858169,398.4059143066406,400.5,143.3501739501953,True,True,ok,251.09591674804688,19.98765754699707,0.7745608687400818,6.909706115722656,15.729690551757812
Pos16,VapC,88,633,52.022259070764704,16.086843476198872,48.84669896727925,48.95341930980396,13.760770011339726,0.9978199614239543,113.61603257229208,0.9295154185022027,0.9509872783002676,-16.40493409424239,395.1722106933594,396.0,137.47012329101562,True,True,ok,251.09591674804688,19.98765754699707,0.7745608687400818,6.909706115722656,15.729690551757812
Pos17,VapC,1,491,39.027721463997175,16.40040477113333,38.27531841800928,37.37666963211464,14.312727291618629,1.0240430406116896,91.09264359317525,0.958984375,0.90742017218801,30.301998016119327,285.7270812988281,285.0,40.5443115234375,True,True,ok,250.9652862548828,20.005802154541016,1.0269123315811157,7.317039489746094,17.080078125
Pos17,VapC,2,609,45.78870378269109,17.12815672660287,43.73785545725808,41.84888417583875,15.838815346156071,1.045137912721456,101.77924359241455,0.9530516431924883,0.9274006805531884,-83.93676196503547,293.00164794921875,292.0,48.48149108886719,True,True,ok,250.9652862548828,20.005802154541016,1.0269123315811157,7.317039489746094,17.080078125
Pos17,VapC,3,748,57.74956838478994,16.85751052249876,54.12947441089743,52.1382196157054,15.311441646838135,1.0381918448667589,121.75586853131003,0.9396984924623115,0.9564466686210158,-81.59310054089786,296.1109619140625,296.0,51.67683410644531,True,True,ok,250.9652862548828,20.005802154541016,1.0269123315811157,7.317039489746094,17.080078125
Pos17,VapC,4,582,48.7729934680721,15.58240628794883,46.861498055439924,45.65391989886473,13.62008028294271,1.0264507003834564,106.85642339004005,0.9540983606557377,0.9475901824414917,53.30468992562281,292.39691162109375,294.0,48.96845245361328,True,True,ok,250.9652862548828,20.005802154541016,1.0269123315811157,7.317039489746094,17.080078125
Pos17,VapC,5,458,36.21129856543631,16.161651507444848,35.90264614203248,34.37952479408969,14.664181688238681,1.0443031530268456,85.49957167437863,0.950207468879668,0.8948758450713206,-10.414952720313526,302.23797607421875,302.5,57.72376251220703,True,True,ok,250.9652862548828,20.005802154541016,1.0269123315811157,7.317039489746094,17.080078125
Pos17,VapC,6,618,45.458735768648616,17.444960518051516,43.829214001622255,41.388749302105936,16.311077186412597,1.05896444663507,101.39810449235657,0.9716981132075472,0.9234354639291626,41.36941660805158,315.8689270019531,315.0,70.171630859375,True,True,ok,250.9652862548828,20.005802154541016,1.0269123315811157,7.317039489746094,17.080078125
Pos17,VapC,7,665,55.03539303221274,15.76010328416895,52.478567053607705,51.928023244597355,13.566845384213895,1.0106020559730748,119.34385751220188,0.9405940594059405,0.9581211826834476,-62.759282022898454,306.7969970703125,307.0,61.77203369140625,True,True,ok,250.9652862548828,20.005802154541016,1.0269123315811157,7.317039489746094,17.080078125
Pos17,VapC,8,544,42.03119993771311,16.568117845467974,41.23105625617661,39.94602363345027,14.794202614196676,1.0321692250151846,96.78100028698637,0.9543859649122807,0.9190306094475112,-66.98991250544024,307.53125,305.0,59.93756103515625,True,True,ok,250.9652862548828,20.005802154541016,1.0269123315811157,7.317039489746094,17.080078125
Pos17,VapC,9,708,52.37046405129653,17.373172929875707,49.64876634922564,48.38462054965992,15.730227547491284,1.0261270169158039,114.72675330683168,0.9554655870445344,0.9433722315046763,-85.5778275038623,308.7923583984375,308.0,63.716087341308594,True,True,ok,250.9652862548828,20.005802154541016,1.0269123315811157,7.317039489746094,17.080078125
Pos17,VapC,10,683,54.58195129103636,16.468741006574273,50.80354318352215,49.850680826690834,14.621215985204739,1.0191143298552734,116.39283440864105,0.9082446808510638,0.9533949889688554,84.72261553303031,317.7657470703125,318.0,73.23246765136719,True,True,ok,250.9652862548828,20.005802154541016,1.0269123315811157,7.317039489746094,17.080078125
Pos17,VapC,11,395,37.966120250052086,13.422506812215639,37.107950630558946,35.57355584406203,11.96779477768161,1.043133016930413,84.80945828599567,0.9518072289156626,0.9354197595671886,82.97650924778219,323.1974792480469,322.0,77.17868041992188,True,True,ok,250.9652862548828,20.005802154541016,1.0269123315811157,7.317039489746094,17.080078125
Pos17,VapC,12,707,53.14396944578928,17.151680936938384,50.60632371551998,48.86533409059407,15.527138077129313,1.0356283172381098,115.4563349413133,0.9592944369063772,0.9464876851247053,33.27635572053758,328.93634033203125,327.0,82.02244567871094,True,True,ok,250.9652862548828,20.005802154541016,1.0269123315811157,7.317039489746094,17.080078125
Pos17,VapC,13,851,66.42558560798322,16.930507394647506,62.16912416947821,61.580735785955596,14.557807830299149,1.0095547475361086,139.78055804335267,0.9160387513455328,0.9669728732365563,27.00250075214162,309.0681457519531,310.0,64.35122680664062,True,True,ok,250.9652862548828,20.005802154541016,1.0269123315811157,7.317039489746094,17.080078125
Pos17,VapC,14,659,49.18236845007454,17.240767849861637,47.29693436154187,45.770625240537306,15.52846706951871,1.0333469143797662,109.2684344091482,0.9564586357039188,0.9365448658024651,77.07198719119224,312.9848327636719,310.0,64.71617126464844,True,True,ok,250.9652862548828,20.005802154541016,1.0269123315811157,7.317039489746094,17.080078125
Pos17,VapC,15,1225,93.48733954001614,17.531952355434136,84.34453153583817,82.81409304693364,15.407321761852954,1.018480411154623,183.21707142869275,0.8896151053013798,0.9822583212064314,-6.309724783458136,345.921630859375,345.0,98.87419128417969,True,True,ok,250.9652862548828,20.005802154541016,1.0269123315811157,7.317039489746094,17.080078125
Pos17,VapC,16,741,53.408849240344544,17.924141180657095,51.03920062069938,49.4881873229313,16.096879333975437,1.0313410812088764,117.35245383925033,0.9512195121951219,0.9420037096369519,-53.29151624215227,313.81781005859375,312.0,66.93537902832031,True,True,ok,250.9652862548828,20.005802154541016,1.0269123315811157,7.317039489746094,17.080078125
Pos17,VapC,17,750,53.17738700608398,18.289387137677323,51.10772935672255,49.6888233768016,16.231855902933432,1.0285558377818904,117.90781420652013,0.9433962264150944,0.9389946811918626,56.847391531773816,318.71600341796875,318.5,71.88525390625,True,True,ok,250.9652862548828,20.005802154541016,1.0269123315811157,7.317039489746094,17.080078125
Pos17,VapC,18,626,46.663356271508924,17.249487779419297,45.18849411078001,43.151300564269405,15.739055361543604,1.0472104784762262,104.27019110372004,0.9601226993865031,0.9291678462807254,-64.980280108412,325.5032043457031,321.5,74.24488830566406,True,True,ok,250.9652862548828,20.005802154541016,1.0269123315811157,7.317039489746094,17.080078125
Pos17,VapC,19,801,59.42269691129447,17.509023059868547,55.94640292279746,55.35009684753108,15.389813419269009,1.010773351976402,128.26909163461727,0.9479289940828403,0.955604590688343,-24.78854872433148,340.7303466796875,342.0,95.01911926269531,True,True,ok,250.9652862548828,20.005802154541016,1.0269123315811157,7.317039489746094,17.080078125
Pos17,VapC,20,548,41.3228807768393,17.0418449494789,39.96248240537617,38.65533095110224,15.512514426464897,1.0338155545978234,95.0196344101625,0.9530434782608695,0.9109997108662858,-53.357711065197655,327.072998046875,325.5,77.65862274169922,True,True,ok,250.9652862548828,20.005802154541016,1.0269123315811157,7.317039489746094,17.080078125
Pos17,VapC,21,619,47.159732726774145,16.941038974672644,45.17742799230607,43.78528456493079,15.28176608030795,1.0317947785702026,105.01612102101883,0.9479326186830015,0.9332502986324139,-88.42858199824683,337.4943542480469,335.0,87.65403747558594,True,True,ok,250.9652862548828,20.005802154541016,1.0269123315811157,7.317039489746094,17.080078125
Pos17,VapC,22,760,57.805224453996466,17.02120848495967,54.62600113499065,53.828877593689306,15.01798489031553,1.0148084741301535,124.80217640988533,0.951188986232791,0.9556644335962816,68.0353904427339,338.83026123046875,337.0,89.36245727539062,True,True,ok,250.9652862548828,20.005802154541016,1.0269123315811157,7.317039489746094,17.080078125
Pos17,VapC,23,945,72.61153647078031,17.029510774328184,67.4166151627327,67.33627932659482,14.72507316516752,1.0011930542783367,151.48259400211708,0.9273797841020608,0.9721091244585292,-69.04751204666316,324.2211608886719,323.0,74.79412841796875,True,True,ok,250.9652862548828,20.005802154541016,1.0269123315811157,7.317039489746094,17.080078125
Pos17,VapC,24,1082,84.91158477237927,17.18539656512712,77.62087348130012,77.86056640284336,14.474063271837268,0.9969215106874115,172.24461710441,0.883265306122449,0.9793046594938379,-67.04748003531122,315.5859375,315.0,67.7066421508789,True,True,ok,250.9652862548828,20.005802154541016,1.0269123315811157,7.317039489746094,17.080078125
Pos17,VapC,25,691,49.95991402061775,17.88893590970965,47.853944456021594,46.423657715284925,16.079909120727557,1.0308094366348421,111.20402155318394,0.9504814305364512,0.9336963599067379,-60.39675960241995,330.8827819824219,328.0,79.01374816894531,True,True,ok,250.9652862548828,20.005802154541016,1.0269123315811157,7.317039489746094,17.080078125
Pos17,VapC,26,704,51.86699494388615,17.63656804899055,49.39635614091387,48.685829197853515,15.522074071381242,1.0145941222480337,115.09154412407247,0.946236559139785,0.9404129593599838,21.741893613055247,342.0539855957031,339.0,90.69368743896484,True,True,ok,250.9652862548828,20.005802154541016,1.0269123315811157,7.317039489746094,17.080078125
Pos17,VapC,27,519,37.24305599609856,17.85924755839524,36.68787265568828,35.34359732834062,16.297069497660438,1.0380344794803822,89.2918094702527,0.9558011049723757,0.8775242403351166,-13.205978918971068,349.8304443359375,347.0,97.12481689453125,True,True,ok,250.9652862548828,20.005802154541016,1.0269123315811157,7.317039489746094,17.080078125
Pos17,VapC,28,763,58.45789745231241,16.92723944720241,54.817880294662984,53.609774321251706,15.151440741973882,1.022535181106561,124.51632208484187,0.9466501240694789,0.9571589814232528,39.720171174305904,355.67364501953125,354.0,104.30873107910156,True,True,ok,250.9652862548828,20.005802154541016,1.0269123315811157,7.317039489746094,17.080078125
Pos17,VapC,29,242,21.169131163919413,15.007112389525341,22.20360331117452,22.631907277402064,12.075565903583598,0.9810752155804736,59.049191878274556,0.952755905511811,0.7052940323734689,57.438304178450565,335.9090881347656,332.0,81.60762786865234,True,True,ok,250.9652862548828,20.005802154541016,1.0269123315811157,7.317039489746094,17.080078125
Pos17,VapC,30,816,61.1203035190907,17.353108342018903,57.706152185014034,55.790174542042315,15.557208591984548,1.0343425640571868,129.3403441230582,0.9422632794457275,0.9588487871229996,3.850334380087477,331.39337158203125,330.5,81.3760986328125,True,True,ok,250.9652862548828,20.005802154541016,1.0269123315811157,7.317039489746094,17.080078125
Pos17,VapC,31,790,61.04386224271171,16.71731256149166,57.0701322935211,54.864310400945584,15.31681775641962,1.040205041792296,127.2141874289935,0.9518072289156626,0.961770311449917,6.825900137720106,328.451904296875,329.0,79.3506851196289,True,True,ok,250.9652862548828,20.005802154541016,1.0269123315811157,7.317039489746094,17.080078125
Pos17,VapC,32,573,39.10138293029743,18.69380211731123,38.91015291668744,36.43638485563757,17.537523513195854,1.0678927964684486,92.89347771609779,0.9728353140916808,0.87831333010336,-59.19512016708591,342.2530517578125,338.0,89.03218078613281,True,True,ok,250.9652862548828,20.005802154541016,1.0269123315811157,7.317039489746094,17.080078125
Pos17,VapC,33,737,56.57632414435611,16.901513009857158,53.150729063673246,51.47944689206928,15.291107700818076,1.0324650374567532,120.41511000064278,0.9412515964240102,0.9543350816262868,-81.11850779240022,333.18182373046875,332.0,81.85945129394531,True,True,ok,250.9652862548828,20.005802154541016,1.0269123315811157,7.317039489746094,17.080078125
Pos17,VapC,34,389,33.693399498001114,14.818846654946183,32.89376840679705,31.847116799513394,13.429994639447239,1.0328648779690992,79.02581681717005,0.9534313725490197,0.8980886256074536,-73.75158015488066,329.14910888671875,329.0,78.17039489746094,True,True,ok,250.9652862548828,20.005802154541016,1.0269123315811157,7.317039489746094,17.080078125
Pos17,VapC,35,873,72.23984437665928,16.330225182340456,66.84309986827361,65.89761564349816,13.874746250795658,1.0143477759482296,147.63453967732715,0.8899082568807339,0.9741143884650345,40.576388022344894,335.79840087890625,336.0,85.02674865722656,True,True,ok,250.9652862548828,20.005802154541016,1.0269123315811157,7.317039489746094,17.080078125
Pos17,VapC,36,551,44.909816378939,15.875702875475717,43.01162633521314,41.07240793638179,14.516361423794862,1.0472146264673612,98.71658743102208,0.95,0.935433828088465,48.377907453202,350.43194580078125,351.0,99.96795654296875,True,True,ok,250.9652862548828,20.005802154541016,1.0269123315811157,7.317039489746094,17.080078125
Pos17,VapC,37,606,46.05479283673754,16.905358915962122,44.14748010928823,42.06867366239361,15.65526372962878,1.0494145944219042,102.00928138854218,0.9588607594936709,0.9301930976421326,9.521119329076786,352.7557678222656,349.0,98.98209381103516,True,True,ok,250.9652862548828,20.005802154541016,1.0269123315811157,7.317039489746094,17.080078125
Pos17,VapC,38,747,55.81774125513376,17.366195476382806,52.839379254491625,51.5727553708778,15.481755481388543,1.0245599420567135,120.81936906398226,0.9431818181818182,0.9503695812897602,-56.78328706605366,351.14056396484375,352.0,102.59611511230469,True,True,ok,250.9652862548828,20.005802154541016,1.0269123315811157,7.317039489746094,17.080078125
Pos17,VapC,39,891,69.07648453714326,16.942245833268966,64.13267497929586,62.57531472474316,15.01168068496252,1.0248877734199697,142.28785383747532,0.917610710607621,0.9694553348938554,81.8950524404007,401.1571350097656,402.0,152.24940490722656,True,True,ok,250.9652862548828,20.005802154541016,1.0269123315811157,7.317039489746094,17.080078125
Pos17,VapC,40,666,54.23254607552145,15.905193506866166,51.03920062069938,50.312175963221975,14.08335689614483,1.0144502725942297,116.70180869696604,0.9380281690140845,0.9560273122340702,51.167664635633614,341.3468322753906,339.0,87.74112701416016,True,True,ok,250.9652862548828,20.005802154541016,1.0269123315811157,7.317039489746094,17.080078125
Pos17,VapC,41,650,48.630458943075546,17.70336046804625,45.880278987817846,45.58188499278648,15.372649781093846,1.0065463285486898,108.71307404187843,0.9142053445850914,0.9313838915552695,-14.030355595983009,337.23846435546875,335.0,85.03508758544922,True,True,ok,250.9652862548828,20.005802154541016,1.0269123315811157,7.317039489746094,17.080078125
Pos17,VapC,42,855,67.98981658264941,16.429981138192442,63.50590523722971,61.756480299890605,14.5837803802229,1.0283277953802397,140.16169714341063,0.9203444564047363,0.9703625907502667,-85.5505671556898,365.40118408203125,366.0,115.38870239257812,True,True,ok,250.9652862548828,20.005802154541016,1.0269123315811157,7.317039489746094,17.080078125
Pos17,VapC,43,867,70.42349424448808,16.2682529018131,65.5133574166368,64.60300644626923,14.078868013083419,1.0140914644758012,145.27834518713482,0.9126315789473685,0.9729523148816853,-33.473987898976056,333.49713134765625,335.0,84.59727478027344,True,True,ok,250.9652862548828,20.005802154541016,1.0269123315811157,7.317039489746094,17.080078125
Pos17,VapC,44,904,73.25410095052446,16.268078059676572,67.08203932499369,64.83889797629385,14.65287832687345,1.0345956118736004,146.40541420449154,0.9196337741607324,0.9750290466760471,-83.35157905031446,354.4524230957031,353.0,101.28052520751953,True,True,ok,250.9652862548828,20.005802154541016,1.0269123315811157,7.317039489746094,17.080078125
Pos17,VapC,45,440,34.206410944215484,16.437591840718845,33.95585369269929,32.748043378721604,14.888537720536322,1.0368819077222329,82.492732041902,0.9523809523809523,0.8769721185539096,9.558308340485645,343.39544677734375,338.0,87.61557006835938,True,True,ok,250.9652862548828,20.005802154541016,1.0269123315811157,7.317039489746094,17.080078125
Pos17,VapC,46,550,44.27820268403781,15.970356013674168,42.20189569201838,40.613540044076515,14.681178663584628,1.0391090174906712,97.98700579654046,0.9548611111111112,0.932688805720038,80.87481460926739,298.6890869140625,297.0,45.86949157714844,True,True,ok,250.9652862548828,20.005802154541016,1.0269123315811157,7.317039489746094,17.080078125
Pos17,VapC,47,603,48.32468896087361,16.3846935827094,45.89117562233506,44.60393952279247,14.535517626757503,1.0288592468134976,105.80151918441626,0.9262672811059908,0.9407668051810794,-81.11454685194522,346.4792785644531,346.0,93.65830993652344,True,True,ok,250.9652862548828,20.005802154541016,1.0269123315811157,7.317039489746094,17.080078125
Pos17,VapC,48,677,55.76704691404687,15.792330603863897,52.20153254455275,50.47854411007566,14.278368727083286,1.0341330849542703,117.25716906423585,0.9402777777777778,0.9590656239218033,-42.07573466190372,327.7164001464844,326.0,72.88926696777344,True,True,ok,250.9652862548828,20.005802154541016,1.0269123315811157,7.317039489746094,17.080078125
Pos17,VapC,49,649,52.315887894920486,15.977484469312351,49.9799959983992,48.83320739818547,14.172879898246608,1.0234837861634363,113.84607036841973,0.9460641399416909,0.9522228527292707,-16.37654224152911,322.23419189453125,322.0,68.83418273925781,True,True,ok,250.9652862548828,20.005802154541016,1.0269123315811157,7.317039489746094,17.080078125
Pos17,VapC,50,742,58.67468292209428,16.487335119423562,55.08175741568164,54.00959616267701,14.583337595128167,1.0198513103074365,124.66742338877218,0.9345088161209067,0.959709019457494,76.3344058401905,376.233154296875,377.0,124.28231048583984,True,True,ok,250.9652862548828,20.005802154541016,1.0269123315811157,7.317039489746094,17.080078125
Pos17,VapC,51,1080,83.54111136915377,17.10871582038912,76.40026177965623,74.10714228410858,15.246661162649918,1.030943299456298,165.6197609432711,0.927038626609442,0.9788051031864247,-50.30655514523715,343.7926025390625,346.0,93.89793395996094,True,True,ok,250.9652862548828,20.005802154541016,1.0269123315811157,7.317039489746094,17.080078125
Pos17,VapC,52,534,41.212690742963424,16.648539662042776,39.6232255123179,38.4316427367973,15.181844831054311,1.0310052522001536,94.19476800066637,0.9518716577540107,0.9147738516458696,6.8466244551888655,376.983154296875,372.0,119.1945571899414,True,True,ok,250.9652862548828,20.005802154541016,1.0269123315811157,7.317039489746094,17.080078125
Pos17,VapC,53,842,66.13300945094983,16.71448897187436,61.84658438426491,61.363484139634664,14.451940755692554,1.007872764257175,139.22519767608287,0.9212253829321663,0.9675341061501412,-64.71444128280412,334.4620056152344,334.0,80.5036392211914,True,True,ok,250.9652862548828,20.005802154541016,1.0269123315811157,7.317039489746094,17.080078125
Pos17,VapC,54,707,55.21591698061016,17.086777933295355,52.15361924162119,51.37118075161323,14.660438622708915,1.0152310785650647,119.47861053331502,0.8983481575603558,0.9509144632863068,55.099097518309925,370.5261535644531,366.0,112.4818115234375,True,True,ok,250.9652862548828,20.005802154541016,1.0269123315811157,7.317039489746094,17.080078125
Pos17,VapC,55,778,61.442675230777915,16.41300921525802,57.48912940721924,55.16612429130842,14.975243845454981,1.0421092680653807,127.42787694230401,0.9534313725490197,0.9636612807726094,48.07399069281025,336.52056884765625,333.0,78.52611541748047,True,True,ok,250.9652862548828,20.005802154541016,1.0269123315811157,7.317039489746094,17.080078125
Pos17,VapC,56,633,50.07330009764809,16.293200509561615,47.29693436154187,45.60524570325092,14.928711208442243,1.037094168273944,108.2529984496231,0.9590909090909091,0.9455809353464475,-9.591356979687147,342.4913024902344,343.0,88.79322814941406,True,True,ok,250.9652862548828,20.005802154541016,1.0269123315811157,7.317039489746094,17.080078125
Pos17,VapC,57,972,69.56729490512646,18.218230850997802,65.30696746902278,64.42547885379344,15.932787670958112,1.013682298229087,147.0397110639587,0.9400386847195358,0.9651006474191084,-61.82890002394147,382.7592468261719,384.5,131.48843383789062,True,True,ok,250.9652862548828,20.005802154541016,1.0269123315811157,7.317039489746094,17.080078125
Pos17,VapC,58,969,78.40462831774225,16.320513521520507,72.44998274671983,71.97264746096045,14.052232909882825,1.0066321762863912,159.98722077837584,0.9098591549295775,0.9780953143891434,62.93018826212087,361.7946472167969,361.0,106.99951171875,True,True,ok,250.9652862548828,20.005802154541016,1.0269123315811157,7.317039489746094,17.080078125
Pos17,VapC,59,526,40.658195071682925,16.59062504037384,39.824615503479755,37.89270389407794,15.187648299548062,1.0509837359403573,93.12351551222545,0.9598540145985401,0.9129590479127343,56.95877052518669,356.079833984375,352.5,97.3598861694336,True,True,ok,250.9652862548828,20.005802154541016,1.0269123315811157,7.317039489746094,17.080078125
Pos17,VapC,60,736,62.190459601953485,15.527513505399467,58.05170109479997,56.420005516120966,13.76579892836769,1.0289205143415445,128.55494595966073,0.9177057356608479,0.9683292348640788,-82.43548625765241,370.9456481933594,373.0,118.51364135742188,True,True,ok,250.9652862548828,20.005802154541016,1.0269123315811157,7.317039489746094,17.080078125
Pos17,VapC,61,648,50.41930470809817,16.51246636330904,49.040799340956916,47.4690371720314,14.616907793516424,1.0331113134490033,111.62462889934054,0.9529411764705882,0.9448501883114334,19.625902254979827,352.9490661621094,350.0,94.44641876220703,True,True,ok,250.9652862548828,20.005802154541016,1.0269123315811157,7.317039489746094,17.080078125
Pos17,VapC,62,1317,106.59841085280627,16.557363513820473,96.46242791885346,96.48477069549385,14.09148253279137,0.9997684320905845,209.0562743286112,0.873921698739217,0.9878634750600577,74.82138526211186,369.2490539550781,370.0,115.19668579101562,True,True,ok,250.9652862548828,20.005802154541016,1.0269123315811157,7.317039489746094,17.080078125
Pos17,VapC,63,786,60.92858449240954,16.8007623083174,57.706152185014034,55.538891615416645,15.024483649006081,1.0390223950561484,128.2296233885186,0.9334916864608076,0.9612307769079855,-82.51700144631336,392.927490234375,394.0,139.4405059814453,True,True,ok,250.9652862548828,20.005802154541016,1.0269123315811157,7.317039489746094,17.080078125
Pos17,VapC,64,85,14.1042634826406,7.724037485179526,14.317821063276353,13.64430180124246,7.000505404348645,1.049362676950796,35.28032914350498,0.9340659340659341,0.836715058897181,-27.188267938958248,261.7529296875,266.0,10.464874267578125,False,False,mcherry_below_background,250.9652862548828,20.005802154541016,1.0269123315811157,7.317039489746094,17.080078125
Pos17,VapC,65,480,40.1257755485335,15.322729049278411,39.44616584663204,37.58111373691,13.871087287174133,1.0496273772719593,90.99735881816076,0.9523809523809523,0.9242170864126267,33.31020856873413,349.8145751953125,346.0,89.49327087402344,True,True,ok,250.9652862548828,20.005802154541016,1.0269123315811157,7.317039489746094,17.080078125
Pos17,VapC,66,646,52.60446333773481,15.890606403656323,50.11985634456667,49.24789177415787,13.967429961407225,1.0177056222915586,114.4408989817882,0.938953488372093,0.9532834809086925,-30.51111157426796,402.0448913574219,402.0,146.59938049316406,True,True,ok,250.9652862548828,20.005802154541016,1.0269123315811157,7.317039489746094,17.080078125
Pos17,VapC,67,998,80.23241950305719,16.20227369584647,73.97972695272672,71.18929193057161,14.667493005481905,1.0391973981828126,159.12288612278104,0.9344569288389513,0.9793975378694147,82.76454777563724,377.24249267578125,378.5,122.72943878173828,True,True,ok,250.9652862548828,20.005802154541016,1.0269123315811157,7.317039489746094,17.080078125
Pos17,VapC,68,374,31.490552123683692,15.250966335058479,30.805843601498726,29.679918594551566,14.022948380901473,1.037935582719349,75.36833204240914,0.9516539440203562,0.8749003840514185,44.77447260453326,351.7299499511719,351.5,96.18608856201172,True,True,ok,250.9652862548828,20.005802154541016,1.0269123315811157,7.317039489746094,17.080078125
Pos17,VapC,69,670,47.62732761489878,18.091869432379436,46.09772228646444,45.13460425959753,16.07279154256192,1.021338794095267,108.61778926686391,0.9530583214793741,0.9250426712259916,23.071420130539156,348.4328308105469,346.5,90.33195495605469,True,True,ok,250.9652862548828,20.005802154541016,1.0269123315811157,7.317039489746094,17.080078125
Pos17,VapC,70,829,66.58857094906378,16.184089328423482,62.76941930590086,62.359423876848645,13.965045393324592,1.0065747148315851,140.66124098176462,0.9325084364454443,0.9700147505246587,66.69330193702011,356.3027648925781,357.0,101.37229919433594,True,True,ok,250.9652862548828,20.005802154541016,1.0269123315811157,7.317039489746094,17.080078125
Pos17,VapC,71,782,59.046149832691476,17.299041477279584,54.91812087098393,54.009406601172785,15.424266757206212,1.0168251111611253,125.62704281938144,0.941034897713598,0.9561201241205393,-36.485765079563336,343.602294921875,340.5,83.86970520019531,True,True,ok,250.9652862548828,20.005802154541016,1.0269123315811157,7.317039489746094,17.080078125
Pos17,VapC,72,674,48.40641482074004,18.069426730697902,46.61544808322666,46.08368342106918,15.786032517686458,1.0115391093480683,110.18858559365881,0.9439775910364145,0.9277164006382813,64.64980467644028,346.5489501953125,346.0,89.75555419921875,True,True,ok,250.9652862548828,20.005802154541016,1.0269123315811157,7.317039489746094,17.080078125
Pos17,VapC,73,623,48.32772512593017,16.59104408096127,46.647615158762406,44.89887191758643,14.942877830568843,1.0389484894940313,106.85642339004004,0.9540581929555896,0.9392247745747312,-56.11045898193901,391.8635559082031,393.0,135.6062469482422,True,True,ok,250.9652862548828,20.005802154541016,1.0269123315811157,7.317039489746094,17.080078125
Pos17,VapC,74,752,59.340394011735874,16.395932306675856,56.08029957123981,55.23105146742776,14.423910417884736,1.0153762798507084,126.92833310395002,0.9411764705882353,0.9610705595021896,22.326443659115487,374.8896179199219,375.5,119.86463165283203,True,True,ok,250.9652862548828,20.005802154541016,1.0269123315811157,7.317039489746094,17.080078125
Pos17,VapC,75,856,70.96196163087517,16.471756125577638,66.2872536767062,64.86916135416203,13.82840762693629,1.0218608086329635,145.5247312660796,0.877948717948718,0.9726869365274408,8.990325933882113,370.90069580078125,373.0,115.22940063476562,True,True,ok,250.9652862548828,20.005802154541016,1.0269123315811157,7.317039489746094,17.080078125
Pos17,VapC,76,427,35.624201490863626,15.344797055238312,35.0,32.27670048616397,14.657877752980658,1.0843735410626445,81.28672653234791,0.9704545454545455,0.9024756855879602,42.57632776713838,377.94378662109375,376.0,119.10325622558594,True,True,ok,250.9652862548828,20.005802154541016,1.0269123315811157,7.317039489746094,17.080078125
Pos17,VapC,77,786,60.82993065041838,16.743963633636803,57.0087712549569,54.23279836521551,15.43591019598279,1.05118623735857,126.08711841163675,0.9550425273390036,0.9613702118638984,42.177418818723446,391.8804016113281,396.0,139.8719482421875,True,True,ok,250.9652862548828,20.005802154541016,1.0269123315811157,7.317039489746094,17.080078125
Pos17,VapC,78,767,61.18405488239857,16.236190947764804,57.62811813689564,55.18265064867083,14.744784661940448,1.044315875723228,127.19783914617634,0.9469135802469136,0.9641476475043476,48.537777687875995,369.5149841308594,367.0,109.98680114746094,True,True,ok,250.9652862548828,20.005802154541016,1.0269123315811157,7.317039489746094,17.080078125
Pos17,VapC,79,541,45.305418278846844,15.391035926454176,43.46262762420146,42.62297329306397,13.627741247229814,1.0196995719975763,100.8032758789881,0.9491228070175438,0.9405275821499509,67.88032869534072,381.427001953125,382.0,124.84574890136719,True,True,ok,250.9652862548828,20.005802154541016,1.0269123315811157,7.317039489746094,17.080078125
Pos17,VapC,80,526,41.707225985816386,16.16710609472975,40.22437072223753,37.667247808173684,15.297660921188049,1.067887171557805,92.79819294108331,0.9722735674676525,0.9218136962978847,48.03849495078971,360.973388671875,363.0,105.25692749023438,True,True,ok,250.9652862548828,20.005802154541016,1.0269123315811157,7.317039489746094,17.080078125
Pos17,VapC,81,553,44.15452023440864,16.083509843455207,42.5440947723653,41.66711090761671,14.329396109702985,1.021047388351283,99.6925551444485,0.9501718213058419,0.9312992060741115,-65.15375511739066,375.5045166015625,375.0,118.14405822753906,True,True,ok,250.9652862548828,20.005802154541016,1.0269123315811157,7.317039489746094,17.080078125
Pos17,VapC,82,588,44.54175282971343,16.901256148615644,43.657759905886145,42.02166514355677,15.167674655837661,1.0389345533248162,101.3586362462579,0.9560975609756097,0.9252132754704677,20.15539425903798,357.6462707519531,353.0,94.88665771484375,True,True,ok,250.9652862548828,20.005802154541016,1.0269123315811157,7.317039489746094,17.080078125
Pos17,VapC,83,499,41.30622602193934,15.478758273935007,40.311288741492746,38.17558452042353,14.205580294436459,1.0559442441523492,92.56815514495565,0.9577735124760077,0.9271332399301437,-35.3573113128768,355.6392822265625,357.0,99.55754089355469,True,True,ok,250.9652862548828,20.005802154541016,1.0269123315811157,7.317039489746094,17.080078125
Pos17,VapC,84,553,45.06902090230408,15.782851492282369,43.657759905886145,42.739226739369315,13.910550946156906,1.0214915719490714,101.3586362462579,0.9485420240137221,0.9366776004360623,70.52839077405082,377.3092346191406,377.0,119.39335632324219,True,True,ok,250.9652862548828,20.005802154541016,1.0269123315811157,7.317039489746094,17.080078125
Pos17,VapC,85,161,17.10546185685391,12.404480440742052,18.35755975068582,17.634812430276916,10.461505687066703,1.0409841229254035,47.212402898397016,0.9583333333333334,0.68856293707791,-30.372784155405697,337.2484436035156,338.0,79.04310607910156,True,True,ok,250.9652862548828,20.005802154541016,1.0269123315811157,7.317039489746094,17.080078125
Pos17,VapC,86,680,54.862307111432315,16.19456182813687,51.97114584074513,50.82954998585891,14.233373159600704,1.0224592949416986,117.90781420652013,0.9353507565337001,0.9554399377332694,-58.10509329456253,378.26763916015625,381.0,121.9423828125,True,True,ok,250.9652862548828,20.005802154541016,1.0269123315811157,7.317039489746094,17.080078125
Pos18,VapC,1,766,61.76178473692458,16.270298033576978,57.0087712549569,56.62040482277006,14.304202310952688,1.006859124963915,129.57038191918585,0.9184652278177458,0.9646767847016032,-78.13583365848658,294.2532653808594,297.0,54.44212341308594,True,True,ok,250.05198669433594,19.92223358154297,1.0344171524047852,6.988349914550781,16.422607421875
Pos18,VapC,2,461,36.58691390595574,16.124430162407688,36.235341863986875,34.782961976512276,14.561902669452905,1.0417554976616235,86.18968506276158,0.9564315352697096,0.8976467036481128,58.58075204956332,296.92840576171875,296.0,53.13690185546875,True,True,ok,250.05198669433594,19.92223358154297,1.0344171524047852,6.988349914550781,16.422607421875
Pos18,VapC,3,608,46.66233204645827,16.884696157044498,44.9221548904324,44.0902729323689,14.865484745395108,1.0188676980825124,105.15087404213199,0.9455676516329704,0.932236902773651,-73.0305541782026,310.2220458984375,311.0,68.19009399414062,True,True,ok,250.05198669433594,19.92223358154297,1.0344171524047852,6.988349914550781,16.422607421875
Pos18,VapC,4,398,31.88022763050123,15.94559595610971,31.78049716414141,30.321196073807172,14.643878020043173,1.0481280846171779,77.35973571536067,0.9567307692307693,0.8659260995598717,24.00395698093274,316.96734619140625,315.5,71.54717254638672,True,True,ok,250.05198669433594,19.92223358154297,1.0344171524047852,6.988349914550781,16.422607421875
Pos18,VapC,5,770,56.95012772727281,17.49839701355451,54.120236510939236,52.913804367855775,15.530140162317135,1.0227999509295602,123.5567026542326,0.9424724602203183,0.9516261677562573,-75.32730601007366,321.9597473144531,322.5,78.99427795410156,True,True,ok,250.05198669433594,19.92223358154297,1.0344171524047852,6.988349914550781,16.422607421875
Pos18,VapC,6,665,50.545048114976666,16.96908194369354,48.46648326421054,47.5216488831404,15.011213891787392,1.0198821885030456,112.17998926661033,0.9472934472934473,0.941961132200888,70.30955198414819,319.67218017578125,318.0,73.35906982421875,True,True,ok,250.05198669433594,19.92223358154297,1.0344171524047852,6.988349914550781,16.422607421875
Pos18,VapC,7,908,70.56579500139526,16.736303910028496,65.60487786742691,63.94293601926937,14.950298185421435,1.0259910156089285,144.95302261599267,0.9438669438669439,0.9714674212303472,-49.695211237352375,342.9537353515625,344.0,98.35725402832031,True,True,ok,250.05198669433594,19.92223358154297,1.0344171524047852,6.988349914550781,16.422607421875
Pos18,VapC,8,762,59.28203414182501,16.825876099104224,56.71860364994893,54.0561151441987,14.988317780286692,1.049254159287027,125.22278375604196,0.9258809234507898,0.9588753342534426,-81.5365399876295,364.65484619140625,369.5,123.71048736572266,True,True,ok,250.05198669433594,19.92223358154297,1.0344171524047852,6.988349914550781,16.422607421875
Pos18,VapC,9,865,65.86662092601037,17.045313569842648,61.39218191268331,59.51661502665696,15.3875088764038,1.0315133326246175,136.59949714366422,0.9484649122807017,0.9659348663550373,-80.54007411076047,295.3630065917969,296.0,49.70698547363281,True,True,ok,250.05198669433594,19.92223358154297,1.0344171524047852,6.988349914550781,16.422607421875
Pos18,VapC,10,602,47.06420340233008,16.527783978435227,45.617978911828175,44.501320236001085,14.548367239539848,1.0250927089332447,105.61094963438728,0.9420970266040689,0.936309743137167,26.516341789101737,313.99835205078125,311.0,64.9939193725586,True,True,ok,250.05198669433594,19.92223358154297,1.0344171524047852,6.988349914550781,16.422607421875
Pos18,VapC,11,611,40.12584045956299,19.46917592593122,39.56008088970496,37.679674979262515,18.076721236924755,1.0499050459293333,95.99560212358892,0.9667721518987342,0.87440156851727,14.438357259053632,317.6383056640625,315.0,70.04643249511719,True,True,ok,250.05198669433594,19.92223358154297,1.0344171524047852,6.988349914550781,16.422607421875
Pos18,VapC,12,908,72.91763462721703,16.193203070380882,67.97793759742936,67.03942538375718,14.188719307288855,1.013999407189125,150.27658849256298,0.9360824742268041,0.9750295259362988,27.673640016478593,319.7676086425781,319.0,72.41445922851562,True,True,ok,250.05198669433594,19.92223358154297,1.0344171524047852,6.988349914550781,16.422607421875
Pos18,VapC,13,756,62.60733744444517,15.857463359639501,58.9406481131655,57.820160071403436,13.779780248090205,1.019378847107624,131.3712160421084,0.9219512195121952,0.9673918548903165,74.60685498752801,305.3571472167969,305.0,58.81706237792969,True,True,ok,250.05198669433594,19.92223358154297,1.0344171524047852,6.988349914550781,16.422607421875
Pos18,VapC,14,616,46.946726252212905,16.97990745444442,44.598206241955516,45.23882261956143,14.632277695141491,0.9858392340801347,107.18174596118219,0.9476923076923077,0.9323005186516284,-63.01306954904723,337.6785583496094,336.0,89.02355194091797,True,True,ok,250.05198669433594,19.92223358154297,1.0344171524047852,6.988349914550781,16.422607421875
Pos18,VapC,15,1118,85.578534880685,17.16343005428593,78.74642849044012,78.21901173059379,14.902512817754683,1.0067428205518998,173.45062261396407,0.9247311827956989,0.9796819014612604,-16.970878405298627,340.0536804199219,343.0,96.75525665283203,True,True,ok,250.05198669433594,19.92223358154297,1.0344171524047852,6.988349914550781,16.422607421875
Pos18,VapC,16,574,43.49366591760583,17.126411735978248,41.43669871020132,42.762436668862094,14.47440665017995,0.968997604862257,102.04874963464086,0.9456342668863262,0.9192098782608004,-61.342656593011135,346.0435485839844,347.0,99.88076782226562,True,True,ok,250.05198669433594,19.92223358154297,1.0344171524047852,6.988349914550781,16.422607421875
Pos18,VapC,17,661,53.276417444278096,15.931371415657068,51.24451190127583,49.46315292190317,14.24371732259194,1.0360138582792169,115.18682889908698,0.9510791366906475,0.954242979366372,15.636251600019355,338.63238525390625,337.0,90.45500183105469,True,True,ok,250.05198669433594,19.92223358154297,1.0344171524047852,6.988349914550781,16.422607421875
Pos18,VapC,18,516,38.317102325308774,17.29946750996085,37.64306044943742,36.17312962239702,15.733270644747554,1.0406359870540556,90.3072454297778,0.9555555555555556,0.8922804183405885,71.94913244262412,308.3953552246094,306.0,59.80004119873047,True,True,ok,250.05198669433594,19.92223358154297,1.0344171524047852,6.988349914550781,16.422607421875
Pos18,VapC,19,733,56.71135073149806,16.70676583062791,53.71219600798314,52.47556419196188,14.873047195255625,1.023565860321149,121.93008979852186,0.9494818652849741,0.9556228209598655,-59.36015503822404,335.3901672363281,333.0,86.06596374511719,True,True,ok,250.05198669433594,19.92223358154297,1.0344171524047852,6.988349914550781,16.422607421875
Pos18,VapC,20,641,47.5329228255081,17.29238634130811,45.803929962395145,43.972156140288575,15.794975654713841,1.0416575847739302,105.9757404516281,0.9567164179104478,0.9314778326364566,40.866056322604194,346.86114501953125,344.0,96.40202331542969,True,True,ok,250.05198669433594,19.92223358154297,1.0344171524047852,6.988349914550781,16.422607421875
Pos18,VapC,21,1018,78.952867080714,17.181815337937405,73.16419889536138,73.52333567500327,14.45590016388248,0.9951153361535529,163.54942077812225,0.8836805555555556,0.9760333120381112,25.466209002263994,351.6473388671875,355.0,107.88711547851562,True,True,ok,250.05198669433594,19.92223358154297,1.0344171524047852,6.988349914550781,16.422607421875
Pos18,VapC,22,691,52.760265566350164,16.904202256390818,50.44799302251776,48.47298727428742,15.290441938484067,1.0407444611790613,114.40143073568953,0.9557399723374828,0.9472835421059964,-11.833237275809092,340.1881408691406,338.0,89.86927795410156,True,True,ok,250.05198669433594,19.92223358154297,1.0344171524047852,6.988349914550781,16.422607421875
Pos18,VapC,23,523,41.173799476080845,16.251090102917097,40.024992192379,37.78202720834192,15.145468043216805,1.0593659247469351,92.85400946999913,0.9631675874769797,0.9188122269436567,81.39101166455458,339.1606140136719,335.0,86.98310852050781,True,True,ok,250.05198669433594,19.92223358154297,1.0344171524047852,6.988349914550781,16.422607421875
Pos18,VapC,24,406,30.051555717255543,17.306013188945204,29.68164415931166,28.360270322833053,16.334890854547947,1.046592427414726,75.36833204240914,0.9643705463182898,0.8175360333826857,-47.880361401736614,348.8645324707031,348.0,100.65377807617188,True,True,ok,250.05198669433594,19.92223358154297,1.0344171524047852,6.988349914550781,16.422607421875
Pos18,VapC,25,937,71.20878461029781,17.144719683001515,66.48308055437865,65.99857727294751,14.921224429266504,1.007341117058136,149.0311147369102,0.9304865938430983,0.9705829643416933,-21.753154636777907,354.054443359375,356.0,108.04296875,True,True,ok,250.05198669433594,19.92223358154297,1.0344171524047852,6.988349914550781,16.422607421875
Pos18,VapC,26,936,77.90734886475768,16.06455050234191,70.178344238091,68.42726644765975,14.322060225343552,1.025590351351689,153.20449163284226,0.9203539823008849,0.9785097178760228,0.2831409005615473,361.3675231933594,364.5,115.57369995117188,True,True,ok,250.05198669433594,19.92223358154297,1.0344171524047852,6.988349914550781,16.422607421875
Pos18,VapC,27,945,70.59366186886197,17.357841805603574,65.96969000988257,64.44599445460042,15.459260587310462,1.023642983061663,146.5401672256047,0.9440559440559441,0.9692992980737288,-11.738674553072158,362.29840087890625,361.0,109.92481994628906,True,True,ok,250.05198669433594,19.92223358154297,1.0344171524047852,6.988349914550781,16.422607421875
Pos18,VapC,28,190,22.62235410553171,11.38842090612272,23.323807579381203,23.360299684667545,8.853552979758462,0.9984378579993006,56.827750409195374,0.9223300970873787,0.8640450503107809,-52.56550655238832,257.04736328125,258.0,6.566650390625,False,False,mcherry_below_background,250.05198669433594,19.92223358154297,1.0344171524047852,6.988349914550781,16.422607421875
Pos18,VapC,29,577,44.87580777942072,16.4647858460265,43.289721643826724,40.75381466277388,15.408383323262795,1.0622250211921693,99.09772653108004,0.9713804713804713,0.93026168926629,86.80584714694963,377.9202880859375,380.0,130.4373321533203,True,True,ok,250.05198669433594,19.92223358154297,1.0344171524047852,6.988349914550781,16.422607421875
Pos18,VapC,30,603,48.10120990624066,16.178067147798252,45.803929962395145,43.70653406332861,14.884359972661182,1.0479881542660763,104.40494412483321,0.958664546899841,0.941742806158116,50.38707039461019,350.0945129394531,349.0,97.27522277832031,True,True,ok,250.05198669433594,19.92223358154297,1.0344171524047852,6.988349914550781,16.422607421875
Pos18,VapC,31,421,31.25340502866121,17.173633293383094,31.78049716414141,30.251653597873695,15.655202775648068,1.050537520579542,78.37517167488576,0.9568181818181818,0.8354960894256517,-27.078488557237037,347.48455810546875,344.0,93.10507202148438,True,True,ok,250.05198669433594,19.92223358154297,1.0344171524047852,6.988349914550781,16.422607421875
Pos18,VapC,32,699,54.343430314336906,16.782691653202818,52.20153254455275,50.67181724750256,14.71121722343994,1.0301886804173297,118.13785200264779,0.945872801082544,0.9511183889584914,51.68666542320171,369.75250244140625,367.0,115.66621398925781,True,True,ok,250.05198669433594,19.92223358154297,1.0344171524047852,6.988349914550781,16.422607421875
Pos18,VapC,33,799,62.32107819029266,16.517925562650696,59.135437767890075,56.22625902535485,15.078187994082697,1.0517405709176446,129.66566669420033,0.9511904761904761,0.9642358875935189,-89.20312777414767,371.3955078125,369.0,117.80824279785156,True,True,ok,250.05198669433594,19.92223358154297,1.0344171524047852,6.988349914550781,16.422607421875
Pos18,VapC,34,631,47.89080369022811,17.011515511482745,45.65084884205331,44.23499120453107,15.417971342258658,1.0320076391781265,106.07102522664259,0.9546142208774584,0.9347847591246544,31.716250090061884,351.1061706542969,350.0,98.5556640625,True,True,ok,250.05198669433594,19.92223358154297,1.0344171524047852,6.988349914550781,16.422607421875
Pos18,VapC,35,627,49.63817549738512,16.228471616544798,47.51841748206689,45.21513811256021,14.924171075847898,1.0509404475061606,107.46760028622566,0.9631336405529954,0.9450467247708397,3.989134651219023,335.13714599609375,335.0,83.96302795410156,True,True,ok,250.05198669433594,19.92223358154297,1.0344171524047852,6.988349914550781,16.422607421875
Pos18,VapC,36,812,62.32489973775679,17.07493168800506,58.69412236331676,57.2729478131474,15.023434964323505,1.024814063260825,131.69653861325054,0.928,0.9617392488952432,-12.359426659834579,364.3719177246094,365.0,113.60359954833984,True,True,ok,250.05198669433594,19.92223358154297,1.0344171524047852,6.988349914550781,16.422607421875
Pos18,VapC,37,809,59.00452570882879,17.786311310080844,55.47071299343465,53.9493942825183,16.015883217293784,1.0281989952092812,126.18240318665124,0.9428904428904429,0.9534852166688916,-36.749645076796256,362.275634765625,360.0,107.24668884277344,True,True,ok,250.05198669433594,19.92223358154297,1.0344171524047852,6.988349914550781,16.422607421875
Pos18,VapC,38,1088,81.16800479390845,18.320794262959975,74.54528824815154,72.92322722323311,15.63961328889367,1.022243407027955,163.70052208205254,0.8874388254486134,0.9741934982467949,-0.9880429858082881,337.7555236816406,337.0,83.3605728149414,True,True,ok,250.05198669433594,19.92223358154297,1.0344171524047852,6.988349914550781,16.422607421875
Pos18,VapC,39,1053,77.91077902489681,17.693411897632526,72.24956747275377,69.84514365187874,15.847894808595374,1.0344250680170282,157.7821275921138,0.9212598425196851,0.9738718214711846,1.1477707488130973,365.88604736328125,365.0,111.80812072753906,True,True,ok,250.05198669433594,19.92223358154297,1.0344171524047852,6.988349914550781,16.422607421875
Pos18,VapC,40,1213,95.5773611279119,17.03002470677633,86.92525524840292,86.97468625231288,14.462692633784764,0.9994316621762043,190.45987616648165,0.8796229151559101,0.9839978146860006,-64.06229663589788,376.5391540527344,377.0,123.02574157714844,True,True,ok,250.05198669433594,19.92223358154297,1.0344171524047852,6.988349914550781,16.422607421875
Pos18,VapC,41,675,50.5555869147585,17.154309064949086,48.83646178829912,46.54724168432305,15.627318629121046,1.049180574855568,110.9345155109576,0.9588068181818182,0.9406725214523816,8.753237814064564,370.4710998535156,368.0,113.47210693359375,True,True,ok,250.05198669433594,19.92223358154297,1.0344171524047852,6.988349914550781,16.422607421875
Pos18,VapC,42,910,74.93088178030882,16.03158726724167,69.46221994724903,69.06219667596149,13.765326091554412,1.005792217602988,153.8387884923094,0.9109109109109109,0.976844247074511,-24.664507986939995,375.8208923339844,378.0,123.16407775878906,True,True,ok,250.05198669433594,19.92223358154297,1.0344171524047852,6.988349914550781,16.422607421875
Pos18,VapC,43,599,48.88275690856561,15.896365722630735,46.84015371452148,46.161580889620666,13.870579707722179,1.0146999477016045,108.15771367460863,0.9344773790951638,0.945647419680311,-73.29245323587375,364.6460876464844,361.0,107.74830627441406,True,True,ok,250.05198669433594,19.92223358154297,1.0344171524047852,6.988349914550781,16.422607421875
Pos18,VapC,44,700,56.97743533072431,15.893721834276997,53.45091205957107,52.46936466799306,14.16135081300963,1.0187070569233851,121.10522338902575,0.9497964721845319,0.96030630901417,73.74381619689329,366.4356994628906,367.0,111.81672668457031,True,True,ok,250.05198669433594,19.92223358154297,1.0344171524047852,6.988349914550781,16.422607421875
Pos18,VapC,45,796,62.88666181896884,16.924470758935165,58.83026432033091,58.11642037294286,14.469786592481178,1.0122829992419904,132.75144281887432,0.9066059225512528,0.9631048211218752,58.95444548525601,379.957275390625,378.0,122.69113159179688,True,True,ok,250.05198669433594,19.92223358154297,1.0344171524047852,6.988349914550781,16.422607421875
Pos18,VapC,46,790,51.028757729543074,19.848589447873227,49.47726750741192,47.54283171191942,18.094480353883228,1.0406882746743822,115.74218926635677,0.9610705596107056,0.9212509712771034,-12.32712451388609,377.2544250488281,375.5,121.06489562988281,True,True,ok,250.05198669433594,19.92223358154297,1.0344171524047852,6.988349914550781,16.422607421875
Pos18,VapC,47,710,55.069872172752866,16.60028925638358,52.43090691567332,50.29382387340975,15.088465776756435,1.0424919578126062,117.81252943150565,0.9530201342281879,0.953484992509312,-37.817129578432876,368.4295654296875,367.0,112.91991424560547,True,True,ok,250.05198669433594,19.92223358154297,1.0344171524047852,6.988349914550781,16.422607421875
Pos18,VapC,48,489,40.935712925660816,15.347276820267464,39.81205847478876,37.86290940577386,14.030810266292551,1.0514791150391012,91.74328873545954,0.955078125,0.9270605340272272,80.48979207459429,340.54193115234375,340.0,84.32194519042969,True,True,ok,250.05198669433594,19.92223358154297,1.0344171524047852,6.988349914550781,16.422607421875
Pos18,VapC,49,595,47.32492284799289,16.161293380235303,45.0,42.051033083407695,15.35230282584355,1.0701282869969702,101.62814228848421,0.9834710743801653,0.9398830625678116,46.37149721355177,365.65545654296875,364.0,109.35118103027344,True,True,ok,250.05198669433594,19.92223358154297,1.0344171524047852,6.988349914550781,16.422607421875
Pos18,VapC,50,659,51.794173976673385,16.404380826662674,49.040799340956916,47.095458019836414,15.020995869850761,1.0413063467882855,111.33877457429708,0.9550724637681159,0.948518239757702,48.54391222461697,396.9013671875,396.0,140.20852661132812,True,True,ok,250.05198669433594,19.92223358154297,1.0344171524047852,6.988349914550781,16.422607421875
Pos18,VapC,51,648,50.24228237760561,16.548915988597066,48.373546489791295,46.14871055358153,15.10216388481286,1.0482101430250492,109.53794045137451,0.9642857142857143,0.9441966605145422,-33.4019364193111,352.5092468261719,354.0,96.98898315429688,True,True,ok,250.05198669433594,19.92223358154297,1.0344171524047852,6.988349914550781,16.422607421875
Pos18,VapC,52,606,48.09847641144031,16.231711496544147,45.5411901469428,43.38387155005093,15.09552633086947,1.049726281214968,104.00068506149373,0.9588607594936709,0.9413368899973101,-2.8609574242922227,363.0742492675781,360.0,104.51250457763672,True,True,ok,250.05198669433594,19.92223358154297,1.0344171524047852,6.988349914550781,16.422607421875
Pos18,VapC,53,40,11.655051495024193,4.715906556361605,11.045361017187261,11.120496969027105,3.888798373235433,0.9932434717576819,26.68041759223172,0.8695652173913043,0.9144834086191704,0.08069806756019182,342.95001220703125,335.0,77.77302551269531,True,True,ok,250.05198669433594,19.92223358154297,1.0344171524047852,6.988349914550781,16.422607421875
Pos18,VapC,54,831,65.436360880648,16.52589421449113,61.0,59.48468759475689,14.755459171696593,1.025473991148214,135.81409898026675,0.9368658399098083,0.9675840794481945,81.02663760542976,376.74609375,381.0,125.63325500488281,True,True,ok,250.05198669433594,19.92223358154297,1.0344171524047852,6.988349914550781,16.422607421875
Pos18,VapC,55,445,38.30008339725285,15.32726124764891,39.35733730830886,37.013597350980184,13.002893260970106,1.0633210529391195,88.87120212409607,0.9611231101511879,0.9164327528722548,59.1411579857545,359.06292724609375,355.0,97.170654296875,True,True,ok,250.05198669433594,19.92223358154297,1.0344171524047852,6.988349914550781,16.422607421875
Pos18,VapC,56,221,22.221521653201222,12.855072510052693,23.259406699226016,21.497453524953148,11.630666113930914,1.081961017951623,56.272390041925576,0.9650655021834061,0.8156848650177783,-54.546665019391575,416.06787109375,417.0,159.35397338867188,True,True,ok,250.05198669433594,19.92223358154297,1.0344171524047852,6.988349914550781,16.422607421875
Pos19,VapC,1,423,43.55311495005259,13.424510929536668,43.01162633521314,45.19012665762179,9.818231303343236,0.9517925599343009,101.58867404238555,0.8181818181818182,0.9513108672036875,-74.85725251432869,246.20330810546875,247.0,3.4076995849609375,False,False,mcherry_below_background,250.19419860839844,19.894973754882812,0.877671480178833,6.992547035217285,16.110336303710938
Pos19,VapC,2,826,63.46538387381888,17.726650882779342,58.89821729050889,57.80016910442086,15.141878827609414,1.0189973178816192,132.88619583998747,0.912707182320442,0.9602003644641701,43.26159980499469,289.07989501953125,289.0,45.797462463378906,True,True,ok,250.19419860839844,19.894973754882812,0.877671480178833,6.992547035217285,16.110336303710938
Pos19,VapC,3,691,63.00245922822888,14.691999872825718,60.21627686929839,59.69839863093707,12.10127019109173,1.0086749100518242,133.21151841112962,0.9009126466753585,0.9724294551665257,-53.67299204029558,242.14761352539062,242.0,-1.6553192138671875,False,False,mcherry_below_background,250.19419860839844,19.894973754882812,0.877671480178833,6.992547035217285,16.110336303710938
Pos19,VapC,4,705,54.92677260940428,16.67467033696859,52.354560450833695,51.26105497309709,14.651866178707465,1.0213320907716492,119.24857273718737,0.9437751004016064,0.9528059486440572,30.922263383540344,294.21844482421875,295.0,50.97523498535156,True,True,ok,250.19419860839844,19.894973754882812,0.877671480178833,6.992547035217285,16.110336303710938
Pos19,VapC,5,923,69.3638435242589,17.26492907404726,64.40496875241847,61.98302908590934,15.750035492220457,1.0390742385815364,141.94618298351605,0.9505664263645726,0.9685281945418898,-40.27181869387004,292.1072692871094,291.0,47.810394287109375,True,True,ok,250.19419860839844,19.894973754882812,0.877671480178833,6.992547035217285,16.110336303710938
Pos19,VapC,6,946,79.14040730302577,15.966759148380383,72.24956747275377,70.18025896393989,14.086330253615213,1.029485620876337,156.44136906144655,0.9069990412272292,0.9794365776757299,87.52756647492743,291.9418640136719,293.0,48.61626434326172,True,True,ok,250.19419860839844,19.894973754882812,0.877671480178833,6.992547035217285,16.110336303710938
Pos19,VapC,7,798,60.598699169826915,17.13459970161452,57.697486947006624,56.34535963223739,15.022143531680056,1.023997137006392,129.83988796141216,0.9344262295081968,0.9591920946784649,-64.27654161705702,292.8521423339844,291.0,46.920631408691406,True,True,ok,250.19419860839844,19.894973754882812,0.877671480178833,6.992547035217285,16.110336303710938
Pos19,VapC,8,671,49.836583632422325,17.368198047856694,48.05205510693585,46.76838799682291,15.441389937126893,1.0274473242524447,111.16455330708524,0.9517730496453901,0.9373076714654331,11.714600863429155,308.8986511230469,310.0,65.11857604980469,True,True,ok,250.19419860839844,19.894973754882812,0.877671480178833,6.992547035217285,16.110336303710938
Pos19,VapC,9,1137,84.47258904767978,18.867471057835132,75.8023746329889,78.66906006717399,15.072692415487001,0.9635601921296978,174.54499506568652,0.84159881569208,0.9747369063847863,-50.069703346306426,253.14071655273438,253.0,9.05291748046875,False,False,mcherry_below_background,250.19419860839844,19.894973754882812,0.877671480178833,6.992547035217285,16.110336303710938
Pos19,VapC,10,584,46.21972774451536,16.72170174244246,43.73785545725808,42.89431603341611,14.69526773514772,1.019665529185378,102.56464175581198,0.9299363057324841,0.932260739694294,-3.7085302289060604,254.501708984375,254.0,9.834030151367188,False,False,mcherry_below_background,250.19419860839844,19.894973754882812,0.877671480178833,6.992547035217285,16.110336303710938
Pos19,VapC,11,742,55.569787265811705,17.17599549634805,53.16013544000805,51.341016244506356,15.450163139323564,1.0354320839080848,120.3198252256283,0.9512820512820512,0.9510332019219742,75.83410318561079,294.2371826171875,293.0,47.459800720214844,True,True,ok,250.19419860839844,19.894973754882812,0.877671480178833,6.992547035217285,16.110336303710938
Pos19,VapC,12,2862,76.40474329921608,49.85643263784182,81.83520025025906,83.86473197066321,37.77848812760871,0.9757999379153313,210.85710845153375,0.9414473684210526,0.7577623783500097,37.6591478518491,243.36827087402344,244.0,-0.6863479614257812,False,False,mcherry_below_background,250.19419860839844,19.894973754882812,0.877671480178833,6.992547035217285,16.110336303710938
Pos19,VapC,13,913,74.3207995316036,15.98576759958403,68.70953354520753,68.45014036173386,13.948120425657745,1.0037895201105926,152.82335253278433,0.9441571871768356,0.9765939143571575,-68.84405840200928,306.7174072265625,308.0,61.431671142578125,True,True,ok,250.19419860839844,19.894973754882812,0.877671480178833,6.992547035217285,16.110336303710938
Pos19,VapC,14,723,57.46831562003342,16.28495732392968,54.037024344425184,51.888465294284416,14.845184617392032,1.041407257623737,120.72408428896777,0.9601593625498008,0.9590098320876026,47.99509437979488,302.7980651855469,300.0,53.989044189453125,True,True,ok,250.19419860839844,19.894973754882812,0.877671480178833,6.992547035217285,16.110336303710938
Pos19,VapC,15,679,54.2848236275395,16.159165243462716,51.62363799656123,49.82205608837299,14.539004675417917,1.0361603283692797,116.24173310471073,0.9430555555555555,0.9546676688852419,55.48969413010782,305.6597900390625,306.0,59.28523254394531,True,True,ok,250.19419860839844,19.894973754882812,0.877671480178833,6.992547035217285,16.110336303710938
Pos19,VapC,16,870,69.22583284143322,16.497302638576276,64.4980619863884,62.82551816291308,14.57333967535083,1.026622045824409,142.28785383747532,0.925531914893617,0.9711888044333259,7.0832700427176345,329.1689758300781,328.0,81.43157196044922,True,True,ok,250.19419860839844,19.894973754882812,0.877671480178833,6.992547035217285,16.110336303710938
Pos19,VapC,17,816,66.50936518798254,16.07973057042238,61.68468205316454,61.59836930673879,13.922396917598933,1.001401218041925,139.0904446549697,0.9199549041713642,0.9703344795178328,69.75530012035124,309.25,309.0,62.07939910888672,True,True,ok,250.19419860839844,19.894973754882812,0.877671480178833,6.992547035217285,16.110336303710938
Pos19,VapC,18,959,76.89363162807983,16.356028065989715,71.11961754677819,71.25372964113043,14.0538029392384,0.9981178235156574,158.55117747269406,0.9107312440645774,0.9771154211138275,30.679487010129233,327.357666015625,327.0,80.47695922851562,True,True,ok,250.19419860839844,19.894973754882812,0.877671480178833,6.992547035217285,16.110336303710938
Pos19,VapC,19,240,28.88073668839092,10.658929146872728,28.0178514522438,26.555240817806,9.816513407893606,1.0550780406953448,64.31694122592904,0.9561752988047809,0.9294027602392863,51.873872791435815,248.6374969482422,249.0,2.0766677856445312,False,False,mcherry_below_background,250.19419860839844,19.894973754882812,0.877671480178833,6.992547035217285,16.110336303710938
Pos19,VapC,20,849,69.95113295567727,16.051247661361767,64.53681120105021,63.71791933373558,13.982864951301291,1.0128518300013143,143.39857457201492,0.9060832443970117,0.973317213495443,80.58892419132714,318.3121337890625,318.0,71.17347717285156,True,True,ok,250.19419860839844,19.894973754882812,0.877671480178833,6.992547035217285,16.110336303710938
Pos19,VapC,21,131,19.15808217585016,8.747072115633697,19.697715603592208,18.422214885402653,7.824095393241267,1.0692370991286304,45.77635959271528,0.9357142857142857,0.8896857106443649,60.06661998930271,248.0763397216797,247.0,-0.071044921875,False,False,mcherry_below_background,250.19419860839844,19.894973754882812,0.877671480178833,6.992547035217285,16.110336303710938
Pos19,VapC,22,334,31.806601966643722,13.825874336087733,32.01562118716424,31.423554466016306,11.538150855509832,1.0188414942615178,76.01897718469343,0.9303621169916435,0.9005822347065385,-75.36060450072858,253.73353576660156,255.0,7.893821716308594,False,False,mcherry_below_background,250.19419860839844,19.894973754882812,0.877671480178833,6.992547035217285,16.110336303710938
Pos19,VapC,23,436,42.81275103960471,13.644549342355798,42.190046219457976,41.244441275525595,11.226952226656632,1.022926845768511,95.30548873520597,0.9256900212314225,0.9478546514394955,87.96425224136667,255.0389862060547,255.0,7.9864501953125,False,False,mcherry_below_background,250.19419860839844,19.894973754882812,0.877671480178833,6.992547035217285,16.110336303710938
Pos19,VapC,24,694,54.52795598592363,16.423586129919155,52.009614495783374,49.72033829231538,14.918714011212785,1.0460430536495728,116.4717709008384,0.9519890260631001,0.9535623458696642,39.498037338667615,295.12823486328125,294.0,45.222190856933594,True,True,ok,250.19419860839844,19.894973754882812,0.877671480178833,6.992547035217285,16.110336303710938
Pos19,VapC,25,791,61.32318192693329,16.7630740283728,57.8013840664737,55.655731747384536,15.090438895084818,1.0385522254711888,128.53859767684358,0.9405469678953626,0.9619128701138044,40.45234028859216,309.1782531738281,306.0,58.06678771972656,True,True,ok,250.19419860839844,19.894973754882812,0.877671480178833,6.992547035217285,16.110336303710938
Pos19,VapC,26,822,64.9343430368269,16.721030203155806,59.53990258641679,61.605121585918994,14.028606836146933,0.9664765047720602,139.22519767608287,0.9072847682119205,0.9662765055049944,-62.786242420817295,309.6508483886719,311.0,63.43365478515625,True,True,ok,250.19419860839844,19.894973754882812,0.877671480178833,6.992547035217285,16.110336303710938
Pos19,VapC,27,689,47.69976832176223,18.493320274886347,46.84015371452148,44.97225809590462,16.64218457122583,1.0415343969305146,108.94311183800606,0.9582753824756607,0.9217845505990201,-15.841672743805223,334.8127746582031,334.0,83.97477722167969,True,True,ok,250.19419860839844,19.894973754882812,0.877671480178833,6.992547035217285,16.110336303710938
Pos19,VapC,28,290,26.136837753861297,14.268919850597175,26.627053911388696,25.4102360455721,12.79544837941224,1.0478869170532021,65.42766196046864,0.9570957095709571,0.8378298935666493,-45.566734221804126,255.45516967773438,256.0,6.468620300292969,False,False,mcherry_below_background,250.19419860839844,19.894973754882812,0.877671480178833,6.992547035217285,16.110336303710938
Pos19,VapC,29,509,41.032660016634956,16.021703425526358,39.6232255123179,38.65534047545223,14.303461599148916,1.0250388439206821,93.63940763339657,0.9460966542750929,0.920618952987698,8.869292665554532,257.0589294433594,258.0,7.34075927734375,False,False,mcherry_below_background,250.19419860839844,19.894973754882812,0.877671480178833,6.992547035217285,16.110336303710938
Pos19,VapC,30,895,68.59872861423737,17.251374207640637,63.89053137985315,63.39647979951791,14.865552731839728,1.007793044375612,143.76336538925574,0.9004024144869215,0.9678618666770477,18.33114619903124,332.401123046875,334.0,83.53553771972656,True,True,ok,250.19419860839844,19.894973754882812,0.877671480178833,6.992547035217285,16.110336303710938
Pos19,VapC,31,945,76.48842644534287,17.260297303165924,70.3420215802759,70.97786212260434,13.898014798109276,0.9910417061980521,157.82159583821246,0.8422459893048129,0.9742063654018672,-75.67241082043601,336.2232666015625,336.0,85.34574890136719,True,True,ok,250.19419860839844,19.894973754882812,0.877671480178833,6.992547035217285,16.110336303710938
Pos19,VapC,32,649,52.7527616925436,15.933556456119907,49.49747468305833,49.433017360040445,13.976967451210257,1.0013039326033533,114.82203808184617,0.9378612716763006,0.9532945779058962,-83.24268391195287,348.1402282714844,349.0,98.02789306640625,True,True,ok,250.19419860839844,19.894973754882812,0.877671480178833,6.992547035217285,16.110336303710938
Pos19,VapC,33,558,47.106789760728674,15.334310566554107,44.64302857109943,42.96943065349596,13.959153477667035,1.0389485709293964,101.87452836742902,0.9554794520547946,0.9455343631796731,83.59770333967995,347.23834228515625,346.0,94.9840316772461,True,True,ok,250.19419860839844,19.894973754882812,0.877671480178833,6.992547035217285,16.110336303710938
Pos19,VapC,34,873,72.36704936061894,15.676304825786573,67.35725647619564,66.49111522504109,13.738782761318436,1.0130264208717672,148.6663239196694,0.9387096774193548,0.9762555249991648,73.15406624206733,347.2497253417969,349.0,97.05436706542969,True,True,ok,250.19419860839844,19.894973754882812,0.877671480178833,6.992547035217285,16.110336303710938
Pos19,VapC,35,438,35.30057167754972,17.767536816198298,34.20526275297414,37.659738569926844,12.524305282257627,0.9082713808398216,89.61713204139484,0.8605108055009824,0.8640992211376249,-86.6177770350855,249.4109649658203,249.0,-1.6661758422851562,False,False,mcherry_below_background,250.19419860839844,19.894973754882812,0.877671480178833,6.992547035217285,16.110336303710938
Pos19,VapC,36,1038,86.26732956932564,16.952595898980878,78.31347265956222,78.15567640196349,13.804436270429825,1.002018999321139,172.07039583719816,0.8635607321131448,0.9805013489115295,-89.11607665584795,325.17437744140625,325.0,73.87709045410156,True,True,ok,250.19419860839844,19.894973754882812,0.877671480178833,6.992547035217285,16.110336303710938
Pos19,VapC,37,963,79.0784003706568,16.082180479186874,72.80109889280519,72.32481306931817,13.887166066686335,1.0065853723400644,160.50311289954692,0.9110690633869442,0.9791019411848003,-16.404808599813943,333.6209716796875,335.0,82.947265625,True,True,ok,250.19419860839844,19.894973754882812,0.877671480178833,6.992547035217285,16.110336303710938
Pos19,VapC,38,202,27.814121223586756,9.344688064190628,27.730849247724095,26.76771434226822,8.068303685762318,1.0359812157713821,62.74614489913415,0.9181818181818182,0.9418729725701416,-25.4394382180787,256.3415832519531,257.0,4.8032073974609375,False,False,mcherry_below_background,250.19419860839844,19.894973754882812,0.877671480178833,6.992547035217285,16.110336303710938
Pos19,VapC,39,257,32.768047106048066,11.205273389497265,31.38470965295043,32.04444153129241,8.504480667863534,0.9794119714117119,73.79753571561425,0.8263665594855305,0.939715486233006,-27.14924254179581,262.7470703125,263.0,10.752044677734375,False,False,mcherry_below_background,250.19419860839844,19.894973754882812,0.877671480178833,6.992547035217285,16.110336303710938
Pos19,VapC,40,1232,99.71654924760814,16.739715872092912,90.07774419910837,90.77981392224694,14.037098321446173,0.9922662352696614,197.58427616597447,0.8657765284609978,0.9858086311333263,20.16286888449325,343.6095886230469,344.0,91.39247131347656,True,True,ok,250.19419860839844,19.894973754882812,0.877671480178833,6.992547035217285,16.110336303710938
Pos19,VapC,41,571,40.77742530617545,18.533462610610247,39.92492955535426,39.53633855501853,15.79691818389317,1.009828704795083,97.10632285812852,0.9299674267100977,0.8907452005848553,-13.677865266721486,251.79684448242188,251.0,-1.3647613525390625,False,False,mcherry_below_background,250.19419860839844,19.894973754882812,0.877671480178833,6.992547035217285,16.110336303710938
Pos19,VapC,42,559,44.90915644327133,15.975388368112698,43.18564576337837,40.7833907157242,14.87008932562881,1.0589027789376022,98.54236616381026,0.9738675958188153,0.9345900051517447,89.39455659530503,329.5402526855469,330.0,76.11651611328125,True,True,ok,250.19419860839844,19.894973754882812,0.877671480178833,6.992547035217285,16.110336303710938
Pos19,VapC,43,781,66.38424043716402,15.404863936779872,62.20128616033595,59.6418114827992,13.77788260899721,1.042914100257919,135.01235253405218,0.9387019230769231,0.9727024182254819,52.00175385906251,361.5710754394531,361.0,106.16548156738281,True,True,ok,250.19419860839844,19.894973754882812,0.877671480178833,6.992547035217285,16.110336303710938
Pos19,VapC,44,638,48.17735142392282,16.98819497019713,46.57252408878007,44.43342255588531,15.522237446361869,1.0481417232760846,106.58691734781371,0.9593984962406015,0.9357674063559548,11.521526401167351,341.47491455078125,343.0,89.60053253173828,True,True,ok,250.19419860839844,19.894973754882812,0.877671480178833,6.992547035217285,16.110336303710938
Pos19,VapC,45,846,70.9538729882426,15.57266759191418,65.30696746902278,63.48538409584987,13.987240315403723,1.028692956640582,142.9384989797596,0.9358407079646017,0.9756179139933161,82.35387130313602,353.5342712402344,354.0,99.70133972167969,True,True,ok,250.19419860839844,19.894973754882812,0.877671480178833,6.992547035217285,16.110336303710938
Pos19,VapC,46,766,64.94897327052466,15.264502286008552,60.8276253029822,59.74890632828881,13.472219541706846,1.0180542045199354,134.877599512939,0.941031941031941,0.9719898103092758,-29.342961617776208,317.7832946777344,319.0,64.86959838867188,True,True,ok,250.19419860839844,19.894973754882812,0.877671480178833,6.992547035217285,16.110336303710938
Pos19,VapC,47,723,61.52267699898989,15.4420418852355,56.71860364994893,55.857277544715295,13.660667021234262,1.0154201232694187,127.30947220400799,0.9257362355953905,0.9679877190707037,3.6578604266582255,338.1687316894531,340.0,84.62501525878906,True,True,ok,250.19419860839844,19.894973754882812,0.877671480178833,6.992547035217285,16.110336303710938
Pos19,VapC,48,664,45.734928727994536,18.537719355699302,44.91102314577124,42.07146876718844,17.311308626556347,1.0674935879775456,103.90540028647922,0.967930029154519,0.914170625920268,83.05146684947869,351.59185791015625,349.5,95.08348083496094,True,True,ok,250.19419860839844,19.894973754882812,0.877671480178833,6.992547035217285,16.110336303710938
Pos19,VapC,49,537,42.58454712447351,16.14911268537708,41.617304093369626,39.45296232670048,14.803097993858778,1.0548587897848267,95.80503257355994,0.9555160142348754,0.9253046074807181,-37.276618054229786,358.05029296875,356.0,100.5992431640625,True,True,ok,250.19419860839844,19.894973754882812,0.877671480178833,6.992547035217285,16.110336303710938
Pos19,VapC,50,821,64.63252298353126,16.528136581102768,60.8276253029822,59.71490366673281,14.504747259842574,1.018633901554283,135.98832024747858,0.9372146118721462,0.9667496293832551,-61.47858184171184,361.9866027832031,361.0,106.15634155273438,True,True,ok,250.19419860839844,19.894973754882812,0.877671480178833,6.992547035217285,16.110336303710938
Pos19,VapC,51,881,68.21855308128762,17.145436499150343,63.00793600809346,61.23606396826475,15.19622458884133,1.028935106618658,139.82002628945133,0.9139004149377593,0.9679012001962639,39.989130527837936,348.6878662109375,352.0,96.05830383300781,True,True,ok,250.19419860839844,19.894973754882812,0.877671480178833,6.992547035217285,16.110336303710938
Pos19,VapC,52,954,80.74154025944034,15.543930361095086,74.14849964766651,71.94454676091323,13.830811645970774,1.0306340506123068,159.67824649005084,0.9164265129682997,0.98129409698531,83.22968083090026,344.0031433105469,343.0,88.63086700439453,True,True,ok,250.19419860839844,19.894973754882812,0.877671480178833,6.992547035217285,16.110336303710938
Pos19,VapC,53,793,66.01213502386224,15.813201562983672,61.39218191268331,60.01843763207437,13.903828516433267,1.0228887044516268,135.90938375528123,0.9210220673635308,0.9708840489786161,-7.814993956130311,340.6330261230469,340.0,84.27976989746094,True,True,ok,250.19419860839844,19.894973754882812,0.877671480178833,6.992547035217285,16.110336303710938
Pos19,VapC,54,758,51.91392726993197,18.6910879140349,50.60632371551998,47.95817818078357,17.11641934476519,1.0552178092494242,115.4563349413133,0.963151207115629,0.9329368856064222,-55.755406037243006,328.8337707519531,326.0,71.79405975341797,True,True,ok,250.19419860839844,19.894973754882812,0.877671480178833,6.992547035217285,16.110336303710938
Pos19,VapC,55,1115,87.34342843691704,19.63045719058385,79.30952023559341,79.99875880772267,14.501871007973962,0.9913843841779365,176.55274702145522,0.7764623955431755,0.9744164028199549,-80.02464793626893,363.6546936035156,364.0,109.14521789550781,True,True,ok,250.19419860839844,19.894973754882812,0.877671480178833,6.992547035217285,16.110336303710938
Pos19,VapC,56,619,49.32170568230164,16.117383379114216,47.43416490252569,45.94783324549759,14.44655843560392,1.0323482426056236,108.38775147073628,0.9567233384853169,0.9451001795122793,-71.49429111823383,329.9385986328125,330.0,74.13832092285156,True,True,ok,250.19419860839844,19.894973754882812,0.877671480178833,6.992547035217285,16.110336303710938
Pos19,VapC,57,302,35.54883769989282,10.867296288667905,34.9857113690718,33.351251247382,9.654953545100518,1.0490074603068482,77.72452653260149,0.94375,0.9521277353553593,53.9675926381052,255.23509216308594,253.5,-2.7532196044921875,False,False,mcherry_below_background,250.19419860839844,19.894973754882812,0.877671480178833,6.992547035217285,16.110336303710938
Pos19,VapC,58,798,65.44159750036549,15.931540961247316,61.032778078668514,60.7644989359228,13.805811215271538,1.0044150638521452,137.28961053204716,0.9246813441483198,0.9699142767310002,73.03815424856812,357.21929931640625,358.0,102.09616088867188,True,True,ok,250.19419860839844,19.894973754882812,0.877671480178833,6.992547035217285,16.110336303710938
Pos19,VapC,59,796,63.094355821220724,16.3790489356368,59.033888572581766,58.11642037294285,14.469786592481183,1.0157867293572345,132.7514428188743,0.9453681710213777,0.9657172789963525,-61.63094840751222,332.0477294921875,333.0,76.10052490234375,True,True,ok,250.19419860839844,19.894973754882812,0.877671480178833,6.992547035217285,16.110336303710938
Pos19,VapC,60,872,74.14023059540534,15.482308700846788,67.91170738539859,67.32477397087173,13.536193698352518,1.0087179411070997,150.10236722535114,0.9159663865546218,0.9779530970054576,-78.6475745853684,340.314208984375,339.0,82.02194213867188,True,True,ok,250.19419860839844,19.894973754882812,0.877671480178833,6.992547035217285,16.110336303710938
Pos20,VapC,1,420,37.96995230916777,14.688314284314874,39.0,38.1443867744258,11.793270980958935,1.022430907872082,89.75188506250801,0.9375,0.9221466526503358,-67.6283818243447,284.30474853515625,283.0,40.36640167236328,True,True,ok,250.16403198242188,19.88646697998047,0.8209068179130554,6.6672892570495605,15.328323364257812
Pos20,VapC,2,812,64.35593088558252,16.37733623665182,60.166435825965294,59.20468076423744,14.474562762312162,1.016244578119722,134.93341604185483,0.9376443418013857,0.9670778777344163,-76.65697434778608,290.0689697265625,289.0,44.880699157714844,True,True,ok,250.16403198242188,19.88646697998047,0.8209068179130554,6.6672892570495605,15.328323364257812
Pos20,VapC,3,206,20.274986507601987,13.345303832777882,22.135943621178654,22.520019491843847,10.124166087646381,0.9829451359576179,56.59771261306772,0.9279279279279279,0.7528298484827746,-8.4241546846668,237.45631408691406,238.0,-6.357994079589844,False,False,mcherry_below_background,250.16403198242188,19.88646697998047,0.8209068179130554,6.6672892570495605,15.328323364257812
Pos20,VapC,4,1085,85.28611341756213,16.893400014615224,78.74642849044012,78.33105737985906,14.421243191548706,1.0053027639926622,173.12530004282195,0.8908045977011494,0.9801860304184847,71.59782162989998,278.9198303222656,280.0,35.396942138671875,True,True,ok,250.16403198242188,19.88646697998047,0.8209068179130554,6.6672892570495605,15.328323364257812
Pos20,VapC,5,696,51.92595371097668,17.228652244756717,49.72926703662542,47.8871590611826,15.628792278771899,1.0384676813483396,113.61603257229208,0.9534246575342465,0.9433523233546198,10.799647134409549,294.3333435058594,294.0,50.517608642578125,True,True,ok,250.16403198242188,19.88646697998047,0.8209068179130554,6.6672892570495605,15.328323364257812
Pos20,VapC,6,919,71.00935716106326,16.92971109966177,65.30696746902278,63.74455229235559,15.1941353498042,1.0245105678913766,144.83461787769664,0.930161943319838,0.9711633156298647,-83.1352826505417,299.1991271972656,299.0,54.822113037109375,True,True,ok,250.16403198242188,19.88646697998047,0.8209068179130554,6.6672892570495605,15.328323364257812
Pos20,VapC,7,776,58.606735665959256,17.36020038873754,55.362442142665635,54.55353219424428,15.124403870240567,1.0148278198658363,126.37297273668024,0.9260143198090692,0.9551212547468665,-66.59122087382576,299.86468505859375,300.0,55.67322540283203,True,True,ok,250.16403198242188,19.88646697998047,0.8209068179130554,6.6672892570495605,15.328323364257812
Pos20,VapC,8,962,69.99649937743725,18.026602544514763,65.5133574166368,64.24679487766215,15.808245974194094,1.0197140190633076,146.5401672256047,0.9303675048355899,0.9662687648090786,-12.509654205499372,283.9844055175781,284.0,40.07743835449219,True,True,ok,250.16403198242188,19.88646697998047,0.8209068179130554,6.6672892570495605,15.328323364257812
Pos20,VapC,9,667,53.52132837419471,16.161506265017785,50.80354318352215,48.150909477589124,14.832851686465396,1.055090002135217,113.23489347223412,0.9514978601997147,0.953319376972627,-39.94816505574736,305.8815612792969,307.0,61.91850280761719,True,True,ok,250.16403198242188,19.88646697998047,0.8209068179130554,6.6672892570495605,15.328323364257812
Pos20,VapC,10,625,49.71325095174405,16.27083067974461,47.75981574503821,46.683404993296264,14.332345222580772,1.0230576743897863,109.7285100014035,0.9384384384384384,0.9449226823354625,70.80750026527231,308.2207946777344,306.0,61.42634582519531,True,True,ok,250.16403198242188,19.88646697998047,0.8209068179130554,6.6672892570495605,15.328323364257812
Pos20,VapC,11,743,55.45682917542413,17.173295396341857,53.23532661682466,50.89388979550203,15.628983061634527,1.046006246147245,119.62971183724534,0.9562419562419563,0.9508442167084703,-88.72369013876664,326.0498046875,325.0,80.64433288574219,True,True,ok,250.16403198242188,19.88646697998047,0.8209068179130554,6.6672892570495605,15.328323364257812
Pos20,VapC,12,642,47.784154155878824,17.365602794823484,45.880278987817846,44.95437404671006,15.415586622395864,1.0205965484058508,107.50706853232433,0.9455081001472754,0.9316263442881563,-22.1898363184031,293.85357666015625,292.0,47.76641845703125,True,True,ok,250.16403198242188,19.88646697998047,0.8209068179130554,6.6672892570495605,15.328323364257812
Pos20,VapC,13,1101,86.44911433888049,16.92319562899147,78.79086241436883,79.02143434594379,14.50424794750345,0.9970821596256334,174.60081159460236,0.9024590163934426,0.980652027108052,-65.48730772705875,296.3551330566406,296.0,51.6416015625,True,True,ok,250.16403198242188,19.88646697998047,0.8209068179130554,6.6672892570495605,15.328323364257812
Pos20,VapC,14,908,68.93348555100287,17.40082607847905,64.28841264178172,63.57009883853227,15.047861446411991,1.0112995546078034,144.31872575652554,0.9116465863453815,0.9676153617211106,-75.07733086729787,303.22357177734375,304.0,59.144683837890625,True,True,ok,250.16403198242188,19.88646697998047,0.8209068179130554,6.6672892570495605,15.328323364257812
Pos20,VapC,15,741,54.27373221683102,17.872600286194842,51.19570294468082,49.377020495557346,16.13902430344839,1.0368325676776529,117.1782325720385,0.9379746835443038,0.9442236767265079,7.683618915670184,333.52630615234375,332.0,86.30728149414062,True,True,ok,250.16403198242188,19.88646697998047,0.8209068179130554,6.6672892570495605,15.328323364257812
Pos20,VapC,16,1022,78.77180976977131,17.028198876835663,73.49829930005184,72.29142955183872,14.786248994682353,1.0166945066060382,161.46273233015626,0.9265639165911151,0.9763554680730337,33.238035488530315,314.877685546875,315.0,70.06836700439453,True,True,ok,250.16403198242188,19.88646697998047,0.8209068179130554,6.6672892570495605,15.328323364257812
Pos20,VapC,17,649,47.54439004342369,17.638992679880705,45.880278987817846,45.30344936033061,15.457439808738139,1.012732576340916,108.25299844962309,0.9474452554744526,0.9286326646494104,78.91663579873327,312.93682861328125,310.0,65.06187438964844,True,True,ok,250.16403198242188,19.88646697998047,0.8209068179130554,6.6672892570495605,15.328323364257812
Pos20,VapC,18,544,40.03173256598794,17.389701735022392,39.21734310225516,37.63028361475865,15.897792045772052,1.0421750604843716,93.40936983726893,0.9679715302491103,0.9007210661325944,77.50087989579515,310.7794189453125,311.5,66.51698303222656,True,True,ok,250.16403198242188,19.88646697998047,0.8209068179130554,6.6672892570495605,15.328323364257812
Pos20,VapC,19,610,46.4852776042551,17.043253010416787,44.294469180700204,45.616013002541806,14.339902460635088,0.9710289493786324,107.60235330733882,0.9428129829984544,0.9303638172770642,68.76553413346313,318.18359375,320.0,74.49515533447266,True,True,ok,250.16403198242188,19.88646697998047,0.8209068179130554,6.6672892570495605,15.328323364257812
Pos20,VapC,20,1166,91.83288155274292,16.84203231217562,84.59905436823747,83.94340069673325,14.422053857192571,1.0078106636860347,184.3509121265139,0.9038759689922481,0.9830386116388311,59.35414212259691,290.2238464355469,290.0,43.53429412841797,True,True,ok,250.16403198242188,19.88646697998047,0.8209068179130554,6.6672892570495605,15.328323364257812
Pos20,VapC,21,629,47.87468070444179,17.04453206951017,45.18849411078001,47.652246096608835,14.094431020906734,0.9482972537992463,111.39459110321289,0.9430284857571214,0.9344768374954205,71.06672943926715,326.7122497558594,328.0,82.3944091796875,True,True,ok,250.16403198242188,19.88646697998047,0.8209068179130554,6.6672892570495605,15.328323364257812
Pos20,VapC,22,702,53.603315698915566,16.996255768242097,50.44799302251776,48.53912401135016,15.528692936647671,1.0393264000957503,114.80568979902901,0.9551020408163265,0.94840056327521,44.54028953415343,320.4088439941406,320.0,73.0342025756836,True,True,ok,250.16403198242188,19.88646697998047,0.8209068179130554,6.6672892570495605,15.328323364257812
Pos20,VapC,23,813,65.52104547204635,16.167188466862402,61.465437442517235,60.390165488028316,14.176647803362417,1.0178054149346896,136.96428796090504,0.928082191780822,0.9690796731469069,70.10251167419239,306.41326904296875,307.0,60.12013244628906,True,True,ok,250.16403198242188,19.88646697998047,0.8209068179130554,6.6672892570495605,15.328323364257812
Pos20,VapC,24,588,43.52966206802223,18.32268891190308,43.08131845707603,42.08462809888438,15.140833964857052,1.0236830026357788,101.4539210212724,0.930379746835443,0.9070958073672126,74.16422831025498,295.91326904296875,294.5,47.40074157714844,True,True,ok,250.16403198242188,19.88646697998047,0.8209068179130554,6.6672892570495605,15.328323364257812
Pos20,VapC,25,889,77.36166892201292,15.146972728989619,71.11961754677819,70.92668119781419,13.049296443261838,1.002720222428368,156.75034334977153,0.9127310061601642,0.9806449905937704,28.00802915100512,308.45556640625,308.0,61.33125305175781,True,True,ok,250.16403198242188,19.88646697998047,0.8209068179130554,6.6672892570495605,15.328323364257812
Pos20,VapC,26,696,54.5530196493386,16.5884556062164,51.478150704935004,51.71541838423151,14.307755081055912,0.9954120514401784,119.7644648583585,0.9418132611637348,0.9526466555001333,70.22407535891097,321.1925354003906,322.5,76.49063873291016,True,True,ok,250.16403198242188,19.88646697998047,0.8209068179130554,6.6672892570495605,15.328323364257812
Pos20,VapC,27,349,36.66075201280751,12.189607506879549,37.16180835212409,35.6824040685945,10.435703164914754,1.0414603309991568,83.27813020529943,0.9306666666666666,0.9431041451271169,-23.014932171621965,248.6934051513672,248.0,1.11346435546875,False,False,mcherry_below_background,250.16403198242188,19.88646697998047,0.8209068179130554,6.6672892570495605,15.328323364257812
Pos20,VapC,28,709,53.8557125088407,17.19933323554815,50.99019513592785,49.626560567090074,15.298833424237097,1.0274779181401112,116.7181569797832,0.9440745672436751,0.9476336380347976,-86.10796889458166,318.9266662597656,320.0,73.876708984375,True,True,ok,250.16403198242188,19.88646697998047,0.8209068179130554,6.6672892570495605,15.328323364257812
Pos20,VapC,29,816,59.24736635273945,17.779918261190613,55.90169943749474,53.79447981462451,16.218137885685504,1.0391716702184257,126.1034666944539,0.9566236811254396,0.9539088960782347,-7.3123234057710365,333.5551452636719,331.0,84.14872741699219,True,True,ok,250.16403198242188,19.88646697998047,0.8209068179130554,6.6672892570495605,15.328323364257812
Pos20,VapC,30,770,55.4922274608319,17.904960051738545,52.839379254491625,51.75778900443766,15.929039080916418,1.0208971494118737,121.70005200239422,0.9529702970297029,0.9465159317194802,-30.39214768021277,324.54156494140625,324.0,77.55261993408203,True,True,ok,250.16403198242188,19.88646697998047,0.8209068179130554,6.6672892570495605,15.328323364257812
Pos20,VapC,31,669,52.05306392228468,16.51450499901441,49.4064773081425,47.269842583948595,15.201963431612649,1.0452008004976823,111.89413494156688,0.9557142857142857,0.9483376322041911,40.57153085059389,328.8819274902344,326.0,79.18159484863281,True,True,ok,250.16403198242188,19.88646697998047,0.8209068179130554,6.6672892570495605,15.328323364257812
Pos20,VapC,32,849,62.72872235186376,17.45186819848636,59.50630218724736,58.08025136176007,15.506109621702654,1.0245531104299972,133.8621635534139,0.9507278835386338,0.9605197640014838,26.072659463458326,327.992919921875,326.0,77.71891784667969,True,True,ok,250.16403198242188,19.88646697998047,0.8209068179130554,6.6672892570495605,15.328323364257812
Pos20,VapC,33,1124,84.79635959612557,17.43505209481728,77.89736837660179,77.37067840926254,15.165383800793906,1.0068073587845936,172.05404755438104,0.9296939619520265,0.9786338313352798,-61.41121812709914,316.0008850097656,315.0,67.47673034667969,True,True,ok,250.16403198242188,19.88646697998047,0.8209068179130554,6.6672892570495605,15.328323364257812
Pos20,VapC,34,1089,81.83697277031449,17.388414351451225,76.2954782408499,73.95159572303169,15.415450251517866,1.031694820036023,165.5013562049751,0.9213197969543148,0.977166227728286,-8.082233025959319,344.4150695800781,344.0,95.49571228027344,True,True,ok,250.16403198242188,19.88646697998047,0.8209068179130554,6.6672892570495605,15.328323364257812
Pos20,VapC,35,106,16.91644767098806,8.251371594430992,17.46424919657298,16.815763747757522,6.913603275434932,1.0385641388962743,41.52404620458589,0.9137931034482759,0.8729709937934759,9.555428122288076,321.4905700683594,319.5,71.33283233642578,True,True,ok,250.16403198242188,19.88646697998047,0.8209068179130554,6.6672892570495605,15.328323364257812
Pos20,VapC,36,756,58.70513886669042,16.62686267504911,55.44366510251645,53.033095777620744,15.18878887362859,1.0454540563689463,123.40560135030228,0.9581749049429658,0.9590529897619696,-43.45598413175521,345.3055419921875,346.0,97.3437728881836,True,True,ok,250.16403198242188,19.88646697998047,0.8209068179130554,6.6672892570495605,15.328323364257812
Pos20,VapC,37,726,56.5908050205854,16.526207728402486,53.600373133029585,51.166158670704725,15.151984765707276,1.0475746963533257,119.62971183724534,0.9577836411609498,0.9564091861442895,85.2939597623078,345.08538818359375,342.0,93.7118911743164,True,True,ok,250.16403198242188,19.88646697998047,0.8209068179130554,6.6672892570495605,15.328323364257812
Pos20,VapC,38,1125,86.91377423327161,17.98924346461317,79.22752047110903,77.81781473853064,15.084333688890421,1.0181154628578948,172.8557940005956,0.8687258687258688,0.9783455867071371,-88.10087295268521,347.2231140136719,350.0,101.099609375,True,True,ok,250.16403198242188,19.88646697998047,0.8209068179130554,6.6672892570495605,15.328323364257812
Pos20,VapC,39,919,76.71995947210708,15.737591209610843,70.71067811865476,68.41923054823441,14.051166074685678,1.0334912794554876,152.8791690617001,0.9171656686626747,0.9787346650017645,82.88132375568891,317.84222412109375,316.0,66.27226257324219,True,True,ok,250.16403198242188,19.88646697998047,0.8209068179130554,6.6672892570495605,15.328323364257812
Pos20,VapC,40,702,47.437131727005344,19.950856630306188,46.486557196677836,47.86685623531207,15.782401074608824,0.9711637833107584,113.75078559340524,0.8852459016393442,0.9072579215223191,70.20868841606006,261.6111145019531,262.0,12.088943481445312,False,False,mcherry_below_background,250.16403198242188,19.88646697998047,0.8209068179130554,6.6672892570495605,15.328323364257812
Pos20,VapC,41,81,10.763402992673537,9.926038116109005,11.704699910719626,12.707552078922093,7.2656640113999185,0.921082190970054,33.70953281671008,0.9310344827586207,0.3867071025463439,-52.65585355443415,267.6049499511719,268.0,19.50408935546875,False,False,mcherry_below_background,250.16403198242188,19.88646697998047,0.8209068179130554,6.6672892570495605,15.328323364257812
Pos20,VapC,42,1074,78.1465947016805,17.96133102790363,72.56721022610694,70.99912597024138,15.89014267460557,1.0220859656289685,160.13832208230616,0.9124893797790994,0.9732280729838115,7.90391486365009,336.3733825683594,335.0,85.65768432617188,True,True,ok,250.16403198242188,19.88646697998047,0.8209068179130554,6.6672892570495605,15.328323364257812
Pos20,VapC,43,297,29.948220120376284,13.472880678607645,30.463092423455635,29.686407122929147,10.856630437952356,1.0261629943061246,71.76666379656405,0.9428571428571428,0.8930927908496767,-71.3608637282483,261.404052734375,262.0,12.717376708984375,False,False,mcherry_below_background,250.16403198242188,19.88646697998047,0.8209068179130554,6.6672892570495605,15.328323364257812
Pos20,VapC,44,511,58.458019651796675,11.899831520678433,58.05170109479997,56.21344917989934,9.429820210687216,1.0327012830865028,123.19191183699176,0.9324817518248175,0.9790620569147761,8.56518828706912,328.28765869140625,329.0,78.22517395019531,True,True,ok,250.16403198242188,19.88646697998047,0.8209068179130554,6.6672892570495605,15.328323364257812
Pos20,VapC,45,110,19.618601080759085,7.326736664193357,19.697715603592208,19.277940694226537,6.1234104705849095,1.0217748833251359,45.54632179658763,0.8870967741935484,0.9276468195946931,65.12353200596435,263.7636413574219,262.0,11.714080810546875,False,False,mcherry_below_background,250.16403198242188,19.88646697998047,0.8209068179130554,6.6672892570495605,15.328323364257812
Pos20,VapC,46,805,59.35409119186098,17.441776441503038,56.142675390472796,52.837868547953384,16.31658667130646,1.0625461801041447,124.30263257153136,0.9817073170731707,0.9558485584621024,89.89835677823135,325.76397705078125,326.0,76.01870727539062,True,True,ok,250.16403198242188,19.88646697998047,0.8209068179130554,6.6672892570495605,15.328323364257812
Pos20,VapC,47,605,47.62945231545775,16.322400625878878,46.06517122512408,44.23534203446491,14.72937211135682,1.0413657746612088,105.28562706324513,0.9497645211930926,0.9394465235113055,-59.52199690519233,313.4710693359375,313.0,62.43244934082031,True,True,ok,250.16403198242188,19.88646697998047,0.8209068179130554,6.6672892570495605,15.328323364257812
Pos20,VapC,48,621,48.19432681458612,16.55879362129101,46.09772228646444,44.615762668349525,15.001282779050397,1.0332160548084997,106.35687955168606,0.9452054794520548,0.9391219941869534,7.5759793908680475,351.76007080078125,350.0,99.95294189453125,True,True,ok,250.16403198242188,19.88646697998047,0.8209068179130554,6.6672892570495605,15.328323364257812
Pos20,VapC,49,901,73.82067639794104,16.210145735526723,68.15423684555495,67.01456873441246,14.079654162089414,1.017006273899324,150.10236722535114,0.8992015968063872,0.9755926632242116,-78.20875705504046,308.15203857421875,310.0,59.07911682128906,True,True,ok,250.16403198242188,19.88646697998047,0.8209068179130554,6.6672892570495605,15.328323364257812
Pos20,VapC,50,566,44.185830785984784,16.542301635074914,42.720018726587654,41.454622064787394,14.785129999577926,1.0305248630616541,99.78783991946301,0.9496644295302014,0.9272752778799755,74.51991128766646,333.24029541015625,331.0,81.23490905761719,True,True,ok,250.16403198242188,19.88646697998047,0.8209068179130554,6.6672892570495605,15.328323364257812
Pos20,VapC,51,690,57.83042200566606,15.430800505358022,53.46026561849464,51.78269618064484,14.155315558623732,1.0323963323963967,119.72499661225983,0.9543568464730291,0.9637440484030235,-88.87389711188725,323.5101318359375,324.5,73.21749877929688,True,True,ok,250.16403198242188,19.88646697998047,0.8209068179130554,6.6672892570495605,15.328323364257812
Pos20,VapC,52,825,67.11158930915981,15.996451042759574,62.96824596572466,60.81592159814717,14.285666981785955,1.0353908041022446,137.94025567433147,0.9364358683314415,0.9711778465990089,-80.96181233638482,316.35150146484375,317.0,66.48593139648438,True,True,ok,250.16403198242188,19.88646697998047,0.8209068179130554,6.6672892570495605,15.328323364257812
Pos20,VapC,53,882,73.20262120598618,16.07893483878787,67.72001181334805,67.03180038736747,13.764492816296915,1.0102669393034873,149.777044654209,0.8954314720812183,0.9755788040843402,-13.405036260331892,347.6065673828125,346.0,95.05005645751953,True,True,ok,250.16403198242188,19.88646697998047,0.8209068179130554,6.6672892570495605,15.328323364257812
Pos20,VapC,54,763,58.378073293212914,17.335390673157526,55.47071299343465,53.66811303198345,15.132701442643476,1.033587913932747,124.61160685985635,0.9214975845410628,0.9548929131751632,54.77771215081179,360.4023742675781,359.0,107.95401000976562,True,True,ok,250.16403198242188,19.88646697998047,0.8209068179130554,6.6672892570495605,15.328323364257812
Pos20,VapC,55,178,23.122188406057646,10.01964639125917,22.80350850198276,21.63755586855619,9.036289092296007,1.0538855978239638,53.59087298059109,0.9468085106382979,0.901233069028751,49.472097320724764,247.12921142578125,247.0,-5.2573699951171875,False,False,mcherry_below_background,250.16403198242188,19.88646697998047,0.8209068179130554,6.6672892570495605,15.328323364257812
Pos20,VapC,56,225,25.328726419738942,11.708815848381194,26.0,24.81037635847065,9.919964028902674,1.0479486334403467,60.9453107762116,0.9453781512605042,0.8867370504602201,21.159303725396736,250.54666137695312,249.0,-3.3350677490234375,False,False,mcherry_below_background,250.16403198242188,19.88646697998047,0.8209068179130554,6.6672892570495605,15.328323364257812
Pos20,VapC,57,719,54.25830901751761,17.072008541626,51.86520991955976,51.01650931678102,15.045722135225413,1.0166358030791334,119.20910449108871,0.9472990777338604,0.9492100137124703,17.140133981618398,334.4102783203125,334.0,81.29934692382812,True,True,ok,250.16403198242188,19.88646697998047,0.8209068179130554,6.6672892570495605,15.328323364257812
Pos20,VapC,58,739,55.78672435758905,17.175546673840437,52.88667128870941,51.73324810550924,15.249475657658763,1.0222955879524087,120.8751855928981,0.9354430379746835,0.9514256032275729,12.11971505621549,324.8619689941406,324.0,71.56582641601562,True,True,ok,250.16403198242188,19.88646697998047,0.8209068179130554,6.6672892570495605,15.328323364257812
Pos20,VapC,59,902,72.97561773599908,16.26079411413691,67.7421582177598,66.91672019880141,14.118718680551003,1.012335302993125,149.95126592142083,0.9289392378990731,0.9748584546480645,59.62731156867003,354.9778137207031,355.0,102.78750610351562,True,True,ok,250.16403198242188,19.88646697998047,0.8209068179130554,6.6672892570495605,15.328323364257812
Pos20,VapC,60,253,22.98727516450945,14.220546207384452,23.259406699226016,22.279327626001354,12.97823628316528,1.043990513972282,59.374514449416694,0.9583333333333334,0.7856849172020155,-74.18406437566026,312.5138244628906,311.0,57.432403564453125,True,True,ok,250.16403198242188,19.88646697998047,0.8209068179130554,6.6672892570495605,15.328323364257812
Pos20,VapC,61,741,57.04916344680682,16.77663070763499,54.147945482723536,51.618333377367115,15.332759686223694,1.0490060786516127,120.74043257178494,0.9673629242819843,0.9557828970450388,89.96651415059465,348.7273864746094,348.0,95.24203491210938,True,True,ok,250.16403198242188,19.88646697998047,0.8209068179130554,6.6672892570495605,15.328323364257812
Pos20,VapC,62,739,58.29483346778298,16.39791668918792,55.362442142665635,54.330812694555085,14.423598067261182,1.0189879259474788,125.12749898102747,0.9462227912932138,0.9596219896440673,-71.10511058200288,336.66033935546875,337.0,83.36134338378906,True,True,ok,250.16403198242188,19.88646697998047,0.8209068179130554,6.6672892570495605,15.328323364257812
Pos20,VapC,63,505,39.954667007906046,16.20687835520793,38.897300677553446,37.47082171283013,14.717723749330109,1.0380690601251181,91.74328873545954,0.9492481203007519,0.9140366224758606,76.67004151559523,365.6435546875,360.0,106.46730041503906,True,True,ok,250.16403198242188,19.88646697998047,0.8209068179130554,6.6672892570495605,15.328323364257812
Pos20,VapC,64,804,64.51549023649281,16.4362404393657,60.53924347066124,60.17528503698128,14.066626540716062,1.006048304274027,136.4089275936352,0.9157175398633257,0.9670031940331745,-69.41017182543386,334.05224609375,331.5,77.11541748046875,True,True,ok,250.16403198242188,19.88646697998047,0.8209068179130554,6.6672892570495605,15.328323364257812
Pos20,VapC,65,1035,77.33732800587109,17.607668985925244,71.84010022264724,71.1561880998995,15.246540420191556,1.0096114215925616,159.7177147361495,0.9208185053380783,0.9737375033140427,14.711765574126211,356.22802734375,355.0,100.76467895507812,True,True,ok,250.16403198242188,19.88646697998047,0.8209068179130554,6.6672892570495605,15.328323364257812
Pos20,VapC,66,948,76.57062823345689,16.168478863343932,71.11961754677819,70.5992840298916,14.02588815887487,1.0073702378719063,157.21041894202682,0.9321533923303835,0.9774520037139719,29.132392296770433,332.51055908203125,331.0,77.42676544189453,True,True,ok,250.16403198242188,19.88646697998047,0.8209068179130554,6.6672892570495605,15.328323364257812
Pos20,VapC,67,1836,63.755688297836656,38.801937085683655,66.24198064671678,72.88596039655809,27.40064064737135,0.9088441763860594,177.05229085980918,0.9111662531017369,0.7934744739365206,-35.9857901997205,260.8856201171875,260.0,5.676383972167969,False,False,mcherry_below_background,250.16403198242188,19.88646697998047,0.8209068179130554,6.6672892570495605,15.328323364257812
Pos20,VapC,68,467,37.86114470317186,15.819199352419524,36.89173349139343,35.32895032591378,14.494855339534283,1.0442351994911478,87.20512102228668,0.9609053497942387,0.9085291489133056,-51.8643344037769,348.8929443359375,349.0,95.13485717773438,True,True,ok,250.16403198242188,19.88646697998047,0.8209068179130554,6.6672892570495605,15.328323364257812
Pos20,VapC,69,1532,120.3486030536247,17.90191769747932,108.37435120913067,105.79009259416847,14.933921449319579,1.0244281723514121,228.6286402041672,0.8371584699453551,0.9888747553564707,-3.1179402508526697,331.87860107421875,332.0,77.36186981201172,True,True,ok,250.16403198242188,19.88646697998047,0.8209068179130554,6.6672892570495605,15.328323364257812
Pos20,VapC,70,1681,60.720182243282274,36.10512468183518,61.741396161732524,60.89808338749179,30.987221063228546,1.0138479362129473,157.17095069592818,0.9660919540229885,0.804010652132434,-22.01941259464796,251.9559783935547,252.0,-3.51092529296875,False,False,mcherry_below_background,250.16403198242188,19.88646697998047,0.8209068179130554,6.6672892570495605,15.328323364257812
Pos20,VapC,71,681,54.67404717680159,16.08607407081115,51.86520991955976,50.9303752590196,14.223666548177146,1.0183551496682641,118.09838375654911,0.943213296398892,0.9557384198265687,-71.83216044737954,364.47137451171875,363.0,106.87092590332031,True,True,ok,250.16403198242188,19.88646697998047,0.8209068179130554,6.6672892570495605,15.328323364257812
Pos20,VapC,72,977,75.45207555462648,16.86383033496916,70.32780389006896,68.83625309181858,14.883722897776973,1.0216680997476846,154.66365490180553,0.9376199616122841,0.9747030436802254,-56.294866354875026,366.5496520996094,366.0,109.80836486816406,True,True,ok,250.16403198242188,19.88646697998047,0.8209068179130554,6.6672892570495605,15.328323364257812
Pos20,VapC,73,876,72.10445352020479,15.881733183331768,67.95586803212802,66.5039912704383,13.78537065870518,1.02183142295604,148.74526041186672,0.9221052631578948,0.9754411792670379,-55.51281893889428,341.76483154296875,343.0,86.67242431640625,True,True,ok,250.16403198242188,19.88646697998047,0.8209068179130554,6.6672892570495605,15.328323364257812
Pos20,VapC,74,678,55.925968079024834,15.693874677659082,52.69724850502159,51.280975308831316,14.047021874934597,1.0276179067902083,118.59792759490308,0.946927374301676,0.9598193178619705,-52.971712511895895,351.5693359375,350.0,93.14547729492188,True,True,ok,250.16403198242188,19.88646697998047,0.8209068179130554,6.6672892570495605,15.328323364257812
Pos20,VapC,75,561,44.30734416107306,16.319051674587318,43.174066289845804,41.77355578876848,14.511350314821525,1.033526245842205,100.11316249060515,0.9444444444444444,0.9297011295512879,-10.523106516759944,346.8484802246094,348.0,92.31649780273438,True,True,ok,250.16403198242188,19.88646697998047,0.8209068179130554,6.6672892570495605,15.328323364257812
Pos20,VapC,76,761,56.40588525021384,17.42913854342126,53.48831648126533,52.019134600602214,15.638110752623703,1.0282431050024832,121.8906215524232,0.9560301507537688,0.9510636507238829,-71.45639930795495,342.7989501953125,344.0,87.40333557128906,True,True,ok,250.16403198242188,19.88646697998047,0.8209068179130554,6.6672892570495605,15.328323364257812
Pos20,VapC,77,729,61.808281823947055,15.283531156027294,57.87054518492115,56.92026721530966,13.493889321190109,1.0166948964947216,129.2450593480437,0.9382239382239382,0.968945802601484,73.5556787348795,339.1549987792969,338.0,80.99391174316406,True,True,ok,250.16403198242188,19.88646697998047,0.8209068179130554,6.6672892570495605,15.328323364257812
Pos20,VapC,78,886,76.00564648798819,15.964344782381533,70.68238818828917,70.56670995688066,13.075425810326635,1.0016392748291538,156.0602299613886,0.8686274509803922,0.9776924576920328,66.5236824679464,370.2652282714844,373.0,115.79461669921875,True,True,ok,250.16403198242188,19.88646697998047,0.8209068179130554,6.6672892570495605,15.328323364257812
Pos20,VapC,79,467,39.395337817277344,15.198156452622772,38.3275357934736,36.75753242780255,13.819942310452733,1.0427124255077453,89.2918094702527,0.9511201629327902,0.9225884366946291,-11.620245169403155,378.3040771484375,380.0,122.77635192871094,True,True,ok,250.16403198242188,19.88646697998047,0.8209068179130554,6.6672892570495605,15.328323364257812
Pos21,VapC,1,830,59.70725549093906,18.171548652346253,55.78530272392541,54.274895579940576,16.34943621126261,1.027828835557319,127.2141874289935,0.94211123723042,0.9525621722882802,-8.480980225523536,289.740966796875,288.0,45.236717224121094,True,True,ok,250.45864868164062,19.971641540527344,0.9305764436721802,6.821832656860352,15.869186401367188
Pos21,VapC,2,684,53.64001732817464,16.86067962151366,50.92150822589606,50.54335165625143,14.415229482275272,1.0074818261403893,117.54302338927931,0.9011857707509882,0.9493136989615875,68.93817955794232,286.8669738769531,286.5,42.64375305175781,True,True,ok,250.45864868164062,19.971641540527344,0.9305764436721802,6.821832656860352,15.869186401367188
Pos21,VapC,3,1007,87.70611984050463,15.016046371378257,81.04936767180853,78.30056449941412,13.349095226148982,1.0351057899769671,171.84035804107052,0.9221611721611722,0.9852347934263572,82.38324819391201,280.95135498046875,280.0,36.033477783203125,True,True,ok,250.45864868164062,19.971641540527344,0.9305764436721802,6.821832656860352,15.869186401367188
Pos21,VapC,4,772,57.85244126713602,17.23350110100196,54.70831746635972,53.70977638195919,15.310109403753897,1.018591421369908,124.89746118489983,0.949569495694957,0.9546010803888989,73.52697078607295,308.9689025878906,308.0,64.10847473144531,True,True,ok,250.45864868164062,19.971641540527344,0.9305764436721802,6.821832656860352,15.869186401367188
Pos21,VapC,5,629,47.43423123466841,17.032779136799295,45.65084884205331,43.76054668015479,15.561184321810517,1.043196493309709,105.28562706324513,0.9573820395738204,0.933306010617466,-31.001679588906477,290.75994873046875,290.0,46.11589050292969,True,True,ok,250.45864868164062,19.971641540527344,0.9305764436721802,6.821832656860352,15.869186401367188
Pos21,VapC,6,821,62.57841075445479,17.000697912406363,58.54912467321779,56.59395552034834,15.406963537068556,1.0345473140177748,130.77638742873995,0.9491329479768786,0.962390372053681,2.708009412518767,306.1729736328125,306.0,61.37452697753906,True,True,ok,250.45864868164062,19.971641540527344,0.9305764436721802,6.821832656860352,15.869186401367188
Pos21,VapC,7,735,74.24793248890545,13.07795692845904,67.23094525588644,66.78864835635886,11.424221208916975,1.006622336436091,146.61910371780203,0.9107806691449815,0.9843653036494341,-32.84642208824851,289.8435363769531,290.0,45.54179382324219,True,True,ok,250.45864868164062,19.971641540527344,0.9305764436721802,6.821832656860352,15.869186401367188
Pos21,VapC,8,985,73.2835426636423,21.061761130470874,68.87670143089025,69.50449441842633,14.852895466874836,0.9909675914803914,155.9649451863741,0.8140495867768595,0.9578103587629779,-27.24493070229184,290.9847717285156,290.0,45.43951416015625,True,True,ok,250.45864868164062,19.971641540527344,0.9305764436721802,6.821832656860352,15.869186401367188
Pos21,VapC,9,826,72.33187476354438,15.085525124092936,67.53517601961218,67.59125094166565,12.735476350731727,0.9991703819462986,149.72122812529318,0.892972972972973,0.9780096052540784,-26.970472883114578,303.8861999511719,304.0,58.51136779785156,True,True,ok,250.45864868164062,19.971641540527344,0.9305764436721802,6.821832656860352,15.869186401367188
Pos21,VapC,10,715,56.535455001980466,16.311217666913517,53.85164807134504,52.442359097638416,14.493635459953177,1.0268731040699899,121.4305459601679,0.9432717678100264,0.9574759572118557,76.58673745339925,293.4657287597656,293.0,47.82598876953125,True,True,ok,250.45864868164062,19.971641540527344,0.9305764436721802,6.821832656860352,15.869186401367188
Pos21,VapC,11,571,48.558449004919666,15.213723549518507,46.95742752749558,45.90701001016668,13.26014852769066,1.0228814187004616,106.95170816505453,0.9485049833887044,0.9496517495595413,-27.31186508086048,334.0770568847656,337.0,91.45880126953125,True,True,ok,250.45864868164062,19.971641540527344,0.9305764436721802,6.821832656860352,15.869186401367188
Pos21,VapC,12,685,51.29728706603114,17.225906693982928,49.64876634922564,48.105191672950845,15.281385542936048,1.0320874862482408,113.65550081839075,0.9474412171507607,0.9419313798110002,-28.602382187193122,296.3503723144531,296.0,51.24851989746094,True,True,ok,250.45864868164062,19.971641540527344,0.9305764436721802,6.821832656860352,15.869186401367188
Pos21,VapC,13,847,61.909869818249014,17.818242579040074,57.982756057296896,56.21914753835711,16.049283438882483,1.0313702465469885,130.7600391459228,0.9432071269487751,0.957687709230382,-36.50970558724659,291.5584411621094,293.0,48.718902587890625,True,True,ok,250.45864868164062,19.971641540527344,0.9305764436721802,6.821832656860352,15.869186401367188
Pos21,VapC,14,692,52.853949620568315,16.87327061762938,50.44799302251776,47.7147599909348,15.596958717607952,1.0572827576226358,113.23489347223412,0.9678321678321679,0.9476727807773705,-42.52245860824095,321.1849670410156,320.5,74.69424438476562,True,True,ok,250.45864868164062,19.971641540527344,0.9305764436721802,6.821832656860352,15.869186401367188
Pos21,VapC,15,1009,81.55379160120631,16.62173368613662,73.53910524340094,75.1306556995471,13.988900848428955,0.9788162309868439,166.23093783945671,0.8705780845556514,0.9790098095817231,-67.7744755904013,301.3270568847656,301.0,55.002532958984375,True,True,ok,250.45864868164062,19.971641540527344,0.9305764436721802,6.821832656860352,15.869186401367188
Pos21,VapC,16,718,58.22718433450898,15.91278715747791,55.54277630799526,54.295868799522566,13.998339043669747,1.0229650530701824,124.57213861375769,0.9447368421052632,0.9619322755794495,69.48491790544779,310.50836181640625,311.0,65.86141204833984,True,True,ok,250.45864868164062,19.971641540527344,0.9305764436721802,6.821832656860352,15.869186401367188
Pos21,VapC,17,1257,95.94873386507405,17.341992494284174,87.64131445842195,87.53584958906998,14.904431795832366,1.0012048191666278,192.08648902219232,0.9082369942196532,0.9835304925783358,-16.149519112318572,318.44549560546875,318.0,72.12083435058594,True,True,ok,250.45864868164062,19.971641540527344,0.9305764436721802,6.821832656860352,15.869186401367188
Pos21,VapC,18,654,57.61227594801073,14.58242218877556,55.362442142665635,54.200842647352815,12.705383283286709,1.0214313918119418,122.9060575119483,0.9450867052023122,0.9674366929517654,-69.38428005927183,319.70489501953125,321.0,74.97026824951172,True,True,ok,250.45864868164062,19.971641540527344,0.9305764436721802,6.821832656860352,15.869186401367188
Pos21,VapC,19,1161,94.22172086891914,16.55261050188054,85.14693182963201,82.9100793179114,14.551175129970247,1.0269792590976015,182.43167326529533,0.8729323308270677,0.9844478210900011,-89.46966851552268,324.2049865722656,326.0,80.50823974609375,True,True,ok,250.45864868164062,19.971641540527344,0.9305764436721802,6.821832656860352,15.869186401367188
Pos21,VapC,20,574,44.32163795886013,17.001606077923938,43.174066289845804,42.52628278367713,14.568588189270109,1.0152325447644652,101.68395881740004,0.9184,0.9235009778569929,8.555857878137408,296.4181213378906,294.0,47.24725341796875,True,True,ok,250.45864868164062,19.971641540527344,0.9305764436721802,6.821832656860352,15.869186401367188
Pos21,VapC,21,1009,81.55343263032964,16.224659405169263,75.31268153505093,73.6418795937247,14.297112081323409,1.022688203377533,163.60523730703807,0.914777878513146,0.9800106273125189,-79.31230687301053,300.1942443847656,301.0,53.7969970703125,True,True,ok,250.45864868164062,19.971641540527344,0.9305764436721802,6.821832656860352,15.869186401367188
Pos21,VapC,22,809,63.674296803220635,16.40101027020995,60.00833275470999,59.26627027295294,14.401234705172783,1.0125208230303586,134.9728842879535,0.9461988304093567,0.9662578764846153,66.0297493448897,305.8887634277344,305.0,58.55946350097656,True,True,ok,250.45864868164062,19.971641540527344,0.9305764436721802,6.821832656860352,15.869186401367188
Pos21,VapC,23,672,50.61543137399211,17.094031293436196,48.41487374764082,45.99776539709686,15.769622546909721,1.0525483864200176,109.99801604362983,0.968299711815562,0.9412452896824425,-43.01090281890668,331.6979064941406,333.0,86.51214599609375,True,True,ok,250.45864868164062,19.971641540527344,0.9305764436721802,6.821832656860352,15.869186401367188
Pos21,VapC,24,175,18.38067456450733,12.362598403586816,19.72308292331602,18.491266218567805,10.823499184645218,1.0666161359740363,49.338559592461706,0.9615384615384616,0.7400182744325814,31.40568683765675,287.2971496582031,287.0,39.2540283203125,True,True,ok,250.45864868164062,19.971641540527344,0.9305764436721802,6.821832656860352,15.869186401367188
Pos21,VapC,25,924,67.80938324074562,17.67943757928181,63.694583757176716,62.85905715608742,15.522111543217784,1.013292063847133,143.4380428181136,0.9447852760736196,0.9654137633625786,20.431644713321838,324.69696044921875,322.0,74.86390686035156,True,True,ok,250.45864868164062,19.971641540527344,0.9305764436721802,6.821832656860352,15.869186401367188
Pos21,VapC,26,1004,77.94732330350709,17.319200748927173,72.3671196055225,70.75426519491563,14.859687943262642,1.0227951545558949,158.47224098049674,0.8908606921029282,0.9750031381497289,10.462602577083857,306.7330627441406,307.0,59.567115783691406,True,True,ok,250.45864868164062,19.971641540527344,0.9305764436721802,6.821832656860352,15.869186401367188
Pos21,VapC,27,1054,83.38746148442307,16.62581717866731,76.4198926981712,73.44589147304161,15.00891027393406,1.0404924110182692,164.02584465319472,0.918918918918919,0.9799221885096633,-86.74168828526325,318.8757019042969,319.0,72.29305267333984,True,True,ok,250.45864868164062,19.971641540527344,0.9305764436721802,6.821832656860352,15.869186401367188
Pos21,VapC,28,711,57.786712625827356,15.969214471139685,54.817880294662984,53.78661280226135,14.001033555576134,1.0191733116973352,123.5567026542326,0.9330708661417323,0.9610577769310743,75.60715267288667,307.5710144042969,306.0,57.97007751464844,True,True,ok,250.45864868164062,19.971641540527344,0.9305764436721802,6.821832656860352,15.869186401367188
Pos21,VapC,29,724,58.38485799830812,16.233597374125406,55.54277630799526,54.15337322836497,14.164515977888943,1.0256568150200205,124.4768538387432,0.9390402075226978,0.9605681511083308,23.424964746576475,316.0027770996094,316.0,67.79551696777344,True,True,ok,250.45864868164062,19.971641540527344,0.9305764436721802,6.821832656860352,15.869186401367188
Pos21,VapC,30,713,59.30817743718766,15.81091731619295,55.78530272392541,55.165328582158295,13.649562241933879,1.0112384745582323,125.91289714442493,0.9141025641025641,0.9638102607686225,-16.796970916991228,303.80926513671875,304.0,55.85200500488281,True,True,ok,250.45864868164062,19.971641540527344,0.9305764436721802,6.821832656860352,15.869186401367188
Pos21,VapC,31,1099,91.75109417397034,16.112702143629726,82.97590011563598,81.82212667295937,13.941341736885361,1.014100995532519,179.55958665393183,0.8834405144694534,0.9844592466051166,-79.1789546408127,329.4695129394531,330.0,82.29713439941406,True,True,ok,250.45864868164062,19.971641540527344,0.9305764436721802,6.821832656860352,15.869186401367188
Pos21,VapC,32,570,47.001997171961044,15.616858395848519,45.27692569068709,43.69954080305226,14.007121111826443,1.0360961433151867,103.38950816530809,0.9515859766277128,0.9431880239174822,31.403247476811483,353.54913330078125,356.0,107.91925048828125,True,True,ok,250.45864868164062,19.971641540527344,0.9305764436721802,6.821832656860352,15.869186401367188
Pos21,VapC,33,888,70.06692663678164,16.459235414280784,65.29931086925804,64.28563035183495,14.51685188253383,1.0157683841921625,145.14359216602168,0.9386892177589852,0.9720177679642663,61.349502368983444,323.1092224121094,323.0,75.5077133178711,True,True,ok,250.45864868164062,19.971641540527344,0.9305764436721802,6.821832656860352,15.869186401367188
Pos21,VapC,34,763,63.83075401005692,15.59067171752254,59.50630218724736,59.058647041712256,13.590514642043809,1.0075798408524146,133.63212575728625,0.9203860072376358,0.9697122565908314,65.84324913154627,331.2345886230469,334.0,86.70487976074219,True,True,ok,250.45864868164062,19.971641540527344,0.9305764436721802,6.821832656860352,15.869186401367188
Pos21,VapC,35,635,48.64799665320291,16.77181077976937,47.01063709417264,45.027322156604555,15.20431950006017,1.0440469217927313,107.41178375730983,0.9635811836115327,0.9386914139616817,58.028418769012355,335.1070861816406,337.0,88.63005065917969,True,True,ok,250.45864868164062,19.971641540527344,0.9305764436721802,6.821832656860352,15.869186401367188
Pos21,VapC,36,898,73.97260665250774,15.910848077745646,68.62215385719105,67.76232192876593,13.860633277303647,1.0126889383945403,151.3478409810039,0.9153924566768603,0.9765939924097606,74.51459361339133,314.1759338378906,314.0,65.37055969238281,True,True,ok,250.45864868164062,19.971641540527344,0.9305764436721802,6.821832656860352,15.869186401367188
Pos21,VapC,37,765,62.52318055744098,15.854977729431356,59.20304046246274,57.89530926174618,13.933096047649968,1.0225878610442216,131.69653861325054,0.9386503067484663,0.9673129523274826,-14.294769347114057,332.0614318847656,331.0,82.40554809570312,True,True,ok,250.45864868164062,19.971641540527344,0.9305764436721802,6.821832656860352,15.869186401367188
Pos21,VapC,38,900,72.36647479521447,16.27668763236209,67.11929677819934,66.67312824128962,14.142464736276798,1.006691879452469,149.49119032916553,0.9297520661157025,0.9743771695408212,-64.70148600782379,322.36334228515625,321.0,72.781005859375,True,True,ok,250.45864868164062,19.971641540527344,0.9305764436721802,6.821832656860352,15.869186401367188
Pos21,VapC,39,900,71.51295149412091,16.441406647550842,66.48308055437865,64.56043075787619,14.65425716332671,1.02978062218502,145.85005383722176,0.9146341463414634,0.9732123440218527,-5.003183635622903,328.2955627441406,327.0,78.39910125732422,True,True,ok,250.45864868164062,19.971641540527344,0.9305764436721802,6.821832656860352,15.869186401367188
Pos21,VapC,40,926,81.6899573335783,15.062937472025254,75.05997601918082,71.32908507222514,13.533093411406096,1.0523053245836242,158.10745016325592,0.929718875502008,0.9828528669158689,-89.48124263624469,303.676025390625,304.0,56.48175048828125,True,True,ok,250.45864868164062,19.971641540527344,0.9305764436721802,6.821832656860352,15.869186401367188
Pos21,VapC,41,736,60.30370733583557,16.089547307066468,55.326304774492215,53.539124552581825,14.601550777925363,1.0333808263927657,123.74727220426158,0.9375796178343949,0.9637495394034703,-1.802669225933483,342.2173767089844,342.0,94.25462341308594,True,True,ok,250.45864868164062,19.971641540527344,0.9305764436721802,6.821832656860352,15.869186401367188
Pos21,VapC,42,720,59.2230252535372,15.762858033971565,55.569775957799216,54.81799919053189,13.889622859207833,1.013714049734912,125.4922897982683,0.9411764705882353,0.9639285950605536,-29.648222951170748,313.3611145019531,314.5,66.58311462402344,True,True,ok,250.45864868164062,19.971641540527344,0.9305764436721802,6.821832656860352,15.869186401367188
Pos21,VapC,43,766,62.164088809105735,16.001389675544026,58.872744118140105,57.961891885786756,13.934486887917739,1.0157146739472924,131.8312916343637,0.941031941031941,0.9663034279543723,69.64990080343141,325.2297668457031,325.0,76.20402526855469,True,True,ok,250.45864868164062,19.971641540527344,0.9305764436721802,6.821832656860352,15.869186401367188
Pos21,VapC,44,719,58.81289809145068,15.984931545353112,56.32051136131489,54.476534299067154,13.966796769957833,1.033849015653687,124.89746118489983,0.9301423027166882,0.9623557491592107,-75.20985992858871,310.3560485839844,308.0,58.64878845214844,True,True,ok,250.45864868164062,19.971641540527344,0.9305764436721802,6.821832656860352,15.869186401367188
Pos21,VapC,45,794,66.43582492177585,15.911804387686004,62.03224967708329,61.726452412146,13.496497184087874,1.004954071601191,138.86040685884205,0.9053591790193842,0.9708947886534691,69.64059403091696,310.82366943359375,309.0,60.95161437988281,True,True,ok,250.45864868164062,19.971641540527344,0.9305764436721802,6.821832656860352,15.869186401367188
Pos21,VapC,46,921,73.41179268275995,17.010800145857562,67.7421582177598,67.16448215521513,14.372639595036992,1.0086009159009024,150.73666408481827,0.8804971319311663,0.9727831108641527,57.54253185625605,347.44732666015625,345.0,96.19261169433594,True,True,ok,250.45864868164062,19.971641540527344,0.9305764436721802,6.821832656860352,15.869186401367188
Pos21,VapC,47,1188,99.62369993649766,17.040891990312325,89.45389874119518,88.3582269118707,13.915582996849189,1.0124003374401944,192.60238114336346,0.8244274809160306,0.9852618997720941,86.22696895442591,324.66497802734375,324.0,74.32661437988281,True,True,ok,250.45864868164062,19.971641540527344,0.9305764436721802,6.821832656860352,15.869186401367188
Pos21,VapC,48,1124,85.77667575602243,17.555694226828983,78.5175139698144,76.48365919453316,15.357738214419891,1.0265920171275829,170.4995995104033,0.9183006535947712,0.9788315643792411,-2.2093803596598516,311.0729675292969,310.0,60.088890075683594,True,True,ok,250.45864868164062,19.971641540527344,0.9305764436721802,6.821832656860352,15.869186401367188
Pos21,VapC,49,561,46.151990870325356,15.879045155016177,44.77722635447622,44.62648398034462,13.439597448290845,1.0033778680435141,104.59551367486219,0.9365609348914858,0.9389477344144647,65.5782725532972,332.6363525390625,335.0,86.47854614257812,True,True,ok,250.45864868164062,19.971641540527344,0.9305764436721802,6.821832656860352,15.869186401367188
Pos21,VapC,50,649,51.06864439720628,16.60580822320242,49.24428900898052,47.88342184867324,14.495449439291127,1.0284204241837198,112.3147422877235,0.9271428571428572,0.9456568087510198,-27.098308143440764,325.81048583984375,326.0,75.56721496582031,True,True,ok,250.45864868164062,19.971641540527344,0.9305764436721802,6.821832656860352,15.869186401367188
Pos21,VapC,51,567,44.017255538192295,16.66393073036972,42.05948168962618,43.25801517088214,14.09266222023823,0.9722933778509858,102.60411000191067,0.945,0.9255697056155906,63.65077850119511,351.984130859375,350.0,100.41378784179688,True,True,ok,250.45864868164062,19.971641540527344,0.9305764436721802,6.821832656860352,15.869186401367188
Pos21,VapC,52,977,74.82845094977363,17.024521814382144,68.8839603971781,66.69352118937589,15.413560808822513,1.0328433582263932,150.9830501637631,0.9376199616122841,0.9737748045223216,-82.9975832844202,319.45751953125,319.0,69.64520263671875,True,True,ok,250.45864868164062,19.971641540527344,0.9305764436721802,6.821832656860352,15.869186401367188
Pos21,VapC,53,535,42.01485407799251,16.523937670790534,40.496913462633174,41.11304778492635,14.042150865727503,0.9850136548981641,98.25651183876678,0.9502664298401421,0.9194153326546546,61.202158945838775,354.82989501953125,355.0,105.16384887695312,True,True,ok,250.45864868164062,19.971641540527344,0.9305764436721802,6.821832656860352,15.869186401367188
Pos21,VapC,54,783,59.869045382172665,16.918609455865674,57.0087712549569,55.80158144561141,14.883812769035252,1.0216336128488062,128.59441420575942,0.9456521739130435,0.959239726831248,68.93887769000385,341.6168518066406,340.0,90.4775390625,True,True,ok,250.45864868164062,19.971641540527344,0.9305764436721802,6.821832656860352,15.869186401367188
Pos21,VapC,55,129,21.251755989489563,7.934419908042562,21.18962010041709,20.740371641878305,6.681699018114322,1.0216605790048467,49.10852179633405,0.8896551724137931,0.9276891067158058,-19.069904533396077,248.6666717529297,251.0,-0.2579498291015625,False,False,mcherry_below_background,250.45864868164062,19.971641540527344,0.9305764436721802,6.821832656860352,15.869186401367188
Pos21,VapC,56,926,72.05912758123266,16.750401958211874,67.1863081289633,66.36556836345949,14.646717726825916,1.012366951504264,149.45172208306684,0.926,0.9726074925491663,76.73100687607071,337.55615234375,338.0,87.51087188720703,True,True,ok,250.45864868164062,19.971641540527344,0.9305764436721802,6.821832656860352,15.869186401367188
Pos21,VapC,57,708,55.637535877390164,16.475179303699395,52.773099207835045,51.61365109985641,14.604084589483987,1.0224639815876513,119.89921787947165,0.9427430093209055,0.9551519029728813,-26.366592600963553,336.37005615234375,334.0,83.00590515136719,True,True,ok,250.45864868164062,19.971641540527344,0.9305764436721802,6.821832656860352,15.869186401367188
Pos21,VapC,58,853,69.61720576823443,16.106319277594924,64.35060217278468,63.20556554473757,14.178172034857148,1.0181160728201482,142.5968281258003,0.9251626898047722,0.972869292528937,-55.734171021979094,328.98828125,328.0,76.88182067871094,True,True,ok,250.45864868164062,19.971641540527344,0.9305764436721802,6.821832656860352,15.869186401367188
Pos21,VapC,59,815,64.6789785703051,16.324003996087423,60.8276253029822,59.65462203099781,14.408850948392605,1.0196632420430871,135.75828245135094,0.9509918319719953,0.9676268970300487,-27.34305748351234,349.15582275390625,350.0,98.01531982421875,True,True,ok,250.45864868164062,19.971641540527344,0.9305764436721802,6.821832656860352,15.869186401367188
Pos21,VapC,60,655,51.571790813064105,16.29154711739687,49.040799340956916,46.461193059685726,15.159231855572589,1.0555217400026153,110.22805383975748,0.9703703703703703,0.9487923716963215,44.47238702464241,318.35418701171875,317.0,64.82206726074219,True,True,ok,250.45864868164062,19.971641540527344,0.9305764436721802,6.821832656860352,15.869186401367188
Pos21,VapC,61,835,67.67571879354897,16.1525211016862,62.625873247404705,60.35532408676155,14.591806279008393,1.0376196995873836,137.3685470242445,0.9329608938547486,0.9710994341119319,-42.417807312532446,333.38922119140625,334.0,82.429443359375,True,True,ok,250.45864868164062,19.971641540527344,0.9305764436721802,6.821832656860352,15.869186401367188
Pos21,VapC,62,1027,77.76743290396774,17.635566326274905,71.34423592694787,70.11808713802652,15.36971463585252,1.0174869115654523,157.7821275921138,0.8992994746059545,0.973947603798236,-1.1916387417779415,354.4595947265625,355.0,102.99250793457031,True,True,ok,250.45864868164062,19.971641540527344,0.9305764436721802,6.821832656860352,15.869186401367188
Pos21,VapC,63,863,72.4138225555158,15.776654793239745,66.70832032063167,66.7533538064251,13.515435913614095,0.9993253749328608,148.9358299618957,0.9065126050420168,0.9759782446191971,27.274680490859,331.44842529296875,330.0,77.60820007324219,True,True,ok,250.45864868164062,19.971641540527344,0.9305764436721802,6.821832656860352,15.869186401367188
Pos21,VapC,64,653,50.97954090288653,16.58194304230755,49.03060268852505,47.29700243754097,14.80026255426187,1.036653490953754,111.4898758782274,0.939568345323741,0.9456223478990121,-80.44600826801624,321.0673828125,320.0,67.64753723144531,True,True,ok,250.45864868164062,19.971641540527344,0.9305764436721802,6.821832656860352,15.869186401367188
Pos21,VapC,65,972,79.92010625853813,16.168412349153503,73.10950690573696,70.37833827851283,14.447544471520684,1.038806949610204,157.2498871881255,0.9169811320754717,0.9793221123423059,47.97978819314854,359.6512451171875,361.0,108.3375244140625,True,True,ok,250.45864868164062,19.971641540527344,0.9305764436721802,6.821832656860352,15.869186401367188
Pos21,VapC,66,814,65.0796577501699,16.165696085395016,61.07372593840988,58.37220733083521,14.744221166605524,1.0462809054360975,133.5763092283704,0.9621749408983451,0.968657903442401,-44.33180876640495,342.45330810546875,341.0,88.81932067871094,True,True,ok,250.45864868164062,19.971641540527344,0.9305764436721802,6.821832656860352,15.869186401367188
Pos21,VapC,67,786,68.7417607552945,15.048522595045826,63.52952069707436,62.936959391844645,13.071278246461482,1.0094151562286389,140.7959940028778,0.9150174621653085,0.9757441939664862,60.370859926065386,338.61578369140625,338.0,85.49079895019531,True,True,ok,250.45864868164062,19.971641540527344,0.9305764436721802,6.821832656860352,15.869186401367188
Pos21,VapC,68,1686,78.90588357535,31.256304439732393,82.28000972289685,89.7849700183354,19.70640511991628,0.9164118416043807,202.0666273502315,0.8451127819548873,0.9181981719392612,-26.142140288253568,259.940673828125,260.0,6.777091979980469,False,False,mcherry_below_background,250.45864868164062,19.971641540527344,0.9305764436721802,6.821832656860352,15.869186401367188
Pos21,VapC,69,655,54.3263826456152,15.504812839580467,52.392747589718944,50.91236851580568,13.650695182341632,1.0290770026433493,117.40827036816616,0.9290780141843972,0.9584081466802322,9.692122959541093,360.8916015625,360.0,106.76033020019531,True,True,ok,250.45864868164062,19.971641540527344,0.9305764436721802,6.821832656860352,15.869186401367188
Pos21,VapC,70,175,18.41994674369742,12.099467804123625,18.973665961010276,17.397405932435532,11.766917867603867,1.0906031643278487,48.227838857922116,0.9668508287292817,0.7540058636051723,-69.80990429213995,263.83428955078125,263.0,9.585372924804688,False,False,mcherry_below_background,250.45864868164062,19.971641540527344,0.9305764436721802,6.821832656860352,15.869186401367188
Pos21,VapC,71,631,49.20775968734774,16.60523277784632,47.01063709417264,45.9602588565403,14.744335049781002,1.0228540539971929,108.75254228797709,0.940387481371088,0.9413429124621038,-32.08753213765292,341.22979736328125,339.0,85.21315002441406,True,True,ok,250.45864868164062,19.971641540527344,0.9305764436721802,6.821832656860352,15.869186401367188
Pos21,VapC,72,827,57.65870790898828,18.481667388594975,54.45181356024793,51.77988082844786,17.19715882750454,1.0516017551421655,123.19191183699178,0.9627473806752037,0.9472364762174952,2.3777246126497267,344.99273681640625,344.0,91.11614990234375,True,True,ok,250.45864868164062,19.971641540527344,0.9305764436721802,6.821832656860352,15.869186401367188
Pos21,VapC,73,88,14.754357079415307,7.619506615090305,14.7648230602334,13.3711011692111,7.479136080837792,1.104233890192346,35.28032914350498,0.9777777777777777,0.8563329236850105,32.27897623427684,253.14772033691406,252.5,-1.5023880004882812,False,False,mcherry_below_background,250.45864868164062,19.971641540527344,0.9305764436721802,6.821832656860352,15.869186401367188
Pos21,VapC,74,723,57.55518873250789,16.243364980224857,54.12947441089743,52.52025372665216,14.642141420097152,1.0306400020955848,121.75586853131004,0.943864229765013,0.9593489992634211,80.8283761304888,319.70953369140625,318.0,65.17514038085938,True,True,ok,250.45864868164062,19.971641540527344,0.9305764436721802,6.821832656860352,15.869186401367188
Pos21,VapC,75,872,64.47519784811378,18.098578213487027,60.530983801686226,59.75920222539532,15.448989624000008,1.0129148574202842,137.154857510934,0.9064449064449065,0.9597937864980368,-84.19479102734111,335.662841796875,335.5,81.74628448486328,True,True,ok,250.45864868164062,19.971641540527344,0.9305764436721802,6.821832656860352,15.869186401367188
Pos21,VapC,76,826,65.1502871356348,16.384320035071557,61.220911460055866,58.07649576637993,15.060783586350029,1.0541426553407207,133.3462714322428,0.9571263035921205,0.9678611957289082,-48.36346828400867,332.29296875,333.0,80.18853759765625,True,True,ok,250.45864868164062,19.971641540527344,0.9305764436721802,6.821832656860352,15.869186401367188
Pos21,VapC,77,788,62.25606553738698,16.471804357642743,58.9406481131655,58.19729966883996,14.293518080888962,1.0127729026699763,132.71197457277563,0.9369797859690844,0.9643633236762319,74.61064295205092,331.2373046875,330.0,75.40534210205078,True,True,ok,250.45864868164062,19.971641540527344,0.9305764436721802,6.821832656860352,15.869186401367188
Pos21,VapC,78,781,60.46682295967752,16.864738628607753,56.88585061331157,55.13338151077701,15.046927771961176,1.0317859898035096,127.44422522512114,0.9231678486997635,0.960317547870187,82.49797028325143,329.1280517578125,328.0,74.10763549804688,True,True,ok,250.45864868164062,19.971641540527344,0.9305764436721802,6.821832656860352,15.869186401367188
Pos21,VapC,79,859,66.21381844474057,17.2136238000265,62.0966987850401,61.32427857376462,14.77102607534499,1.012595667315456,139.51105200112636,0.9023109243697479,0.9656166228471328,14.903741431157147,369.7403869628906,370.0,115.57637023925781,True,True,ok,250.45864868164062,19.971641540527344,0.9305764436721802,6.821832656860352,15.869186401367188
Pos21,VapC,80,685,54.46261769796898,16.214796513709707,51.85556864985669,50.00934196342922,14.613903407355256,1.0369176360644292,116.70180869696605,0.9474412171507607,0.9546521713946129,-43.25723478588114,337.01751708984375,336.0,82.77952575683594,True,True,ok,250.45864868164062,19.971641540527344,0.9305764436721802,6.821832656860352,15.869186401367188
Pos21,VapC,81,854,65.85654480353304,16.78708281028803,62.51399843235114,59.71514857309781,15.12315686177033,1.0468700141611007,136.6947819186787,0.9374313940724479,0.9669664204513659,-3.698628467148652,409.30328369140625,412.0,157.54315185546875,True,True,ok,250.45864868164062,19.971641540527344,0.9305764436721802,6.821832656860352,15.869186401367188
Pos21,VapC,82,801,66.79848109881947,15.595335585112483,61.91122676865643,61.28786080282491,13.729510528751673,1.0101711163950886,138.24922996265644,0.9434628975265018,0.9723643857362371,55.63288823268224,360.6204833984375,359.0,105.40927124023438,True,True,ok,250.45864868164062,19.971641540527344,0.9305764436721802,6.821832656860352,15.869186401367188
Pos21,VapC,83,644,50.90419319531239,16.366405067143607,48.46648326421054,47.19032615219332,14.61871375503859,1.027042769484184,111.06926853207075,0.9428989751098097,0.9469048631492871,68.43971790231811,383.7950439453125,385.5,131.69757080078125,True,True,ok,250.45864868164062,19.971641540527344,0.9305764436721802,6.821832656860352,15.869186401367188
Pos21,VapC,84,1002,82.02850098006772,16.007537673124933,75.16648189186454,73.51496176603303,14.220171152963596,1.022465088550105,163.2635664530788,0.9277777777777778,0.9807741944526714,-54.37416118602908,323.9949951171875,322.0,67.65629577636719,True,True,ok,250.45864868164062,19.971641540527344,0.9305764436721802,6.821832656860352,15.869186401367188
Pos21,VapC,85,108,15.53364013333471,8.891642447556372,15.524174696260024,14.081814714331312,8.867908632282303,1.1024271382054756,38.28716877598161,0.9818181818181818,0.8199661398195766,-78.83255487947133,254.52777099609375,253.5,-1.6061553955078125,False,False,mcherry_below_background,250.45864868164062,19.971641540527344,0.9305764436721802,6.821832656860352,15.869186401367188
Pos21,VapC,86,480,36.94162984080988,16.93212795034359,35.84689665786984,35.61741131670447,14.79551354879126,1.006443066261184,88.12527220679729,0.9696969696969697,0.8887727308306667,45.98655408381762,336.48333740234375,339.5,84.42957305908203,True,True,ok,250.45864868164062,19.971641540527344,0.9305764436721802,6.821832656860352,15.869186401367188
Pos21,VapC,87,449,36.04213193220724,16.26640275424922,34.92849839314596,35.20692683086801,13.937181859139637,0.9920916574440137,86.32443808387475,0.9472573839662447,0.8923640339808682,35.89941632662394,339.2628173828125,339.0,83.64939880371094,True,True,ok,250.45864868164062,19.971641540527344,0.9305764436721802,6.821832656860352,15.869186401367188
Pos21,VapC,88,752,58.80792313716438,16.60236609496161,55.47071299343465,54.16761452677749,14.744084171042056,1.0240567814928048,125.16696722712615,0.9447236180904522,0.9593217244129862,-58.4865438411906,344.52392578125,341.0,86.03932189941406,True,True,ok,250.45864868164062,19.971641540527344,0.9305764436721802,6.821832656860352,15.869186401367188
Pos21,VapC,89,788,66.29772784873373,15.606328208200763,61.68468205316454,60.751675462480115,13.626771127198475,1.0153577096200523,137.05957273591952,0.9120370370370371,0.9718991482570352,76.07275804395364,342.4454345703125,340.0,85.72798919677734,True,True,ok,250.45864868164062,19.971641540527344,0.9305764436721802,6.821832656860352,15.869186401367188
Pos21,VapC,90,676,54.87475614012769,15.963627294434932,52.49761899362675,51.34547643955388,13.98291342758329,1.0224390274268704,118.65374412381891,0.9375866851595007,0.9567503565816878,-18.41771618379161,346.7721862792969,345.0,90.35197448730469,True,True,ok,250.45864868164062,19.971641540527344,0.9305764436721802,6.821832656860352,15.869186401367188
Pos21,VapC,91,452,40.51877284865564,15.149389744791025,40.496913462633174,40.81850608614852,11.806231382532118,0.9921214014340306,95.11491918517697,0.8968253968253969,0.9274747885659091,57.93058076652135,266.5132751464844,266.0,10.232444763183594,False,False,mcherry_below_background,250.45864868164062,19.971641540527344,0.9305764436721802,6.821832656860352,15.869186401367188
Pos21,VapC,92,651,50.543266450318356,16.547828467188047,48.703182647543684,46.92163052775171,14.887945912226243,1.0379686745697867,110.83923073594309,0.9489795918367347,0.9448860878100815,73.20811633128622,377.36865234375,377.0,121.70674133300781,True,True,ok,250.45864868164062,19.971641540527344,0.9305764436721802,6.821832656860352,15.869186401367188
Pos21,VapC,93,1095,95.56964405804861,15.936735799834635,86.83317338436964,85.19609880819496,13.298148209659198,1.0192153701762834,185.5732659188851,0.8508158508158508,0.9859983270074799,82.63907150626343,347.89678955078125,345.0,89.23307800292969,True,True,ok,250.45864868164062,19.971641540527344,0.9305764436721802,6.821832656860352,15.869186401367188
Pos21,VapC,94,680,52.78391936460725,16.711705750933834,50.35871324805669,47.87613382937129,15.245095758603085,1.0518542167070803,113.15595698003678,0.9483960948396095,0.9485571351508861,3.3279968676156235,357.3544006347656,359.0,102.27992248535156,True,True,ok,250.45864868164062,19.971641540527344,0.9305764436721802,6.821832656860352,15.869186401367188
Pos21,VapC,95,861,68.71399318893107,16.45046696280886,63.812224534175265,62.462273826244896,14.507416184479036,1.0216122568910253,141.48610739126073,0.927801724137931,0.970919817390547,-54.9037275490151,350.8664245605469,351.0,95.61872863769531,True,True,ok,250.45864868164062,19.971641540527344,0.9305764436721802,6.821832656860352,15.869186401367188
Pos21,VapC,96,654,50.715124063128606,16.66124821592024,48.38388161361178,47.2193278688847,14.852877085468933,1.0246626497514053,111.3945911032129,0.9464544138929089,0.9444948491355831,-14.891803028520021,333.587158203125,332.0,75.66084289550781,True,True,ok,250.45864868164062,19.971641540527344,0.9305764436721802,6.821832656860352,15.869186401367188
Pos21,VapC,97,709,59.42912614998621,15.430976374124555,55.60575509783138,53.72459927090196,13.977317354244224,1.0350147949441901,123.40560135030226,0.9529569892473119,0.9657018675159664,49.28848052463251,334.5119934082031,336.0,80.05604553222656,True,True,ok,250.45864868164062,19.971641540527344,0.9305764436721802,6.821832656860352,15.869186401367188
Pos21,VapC,98,956,77.08050886757393,16.372677767266687,71.11258679024411,70.70433321289693,14.126821013312213,1.0057740955723025,157.535741513169,0.9113441372735939,0.977180614824522,-27.345215635856547,344.4591979980469,343.0,87.12821197509766,True,True,ok,250.45864868164062,19.971641540527344,0.9305764436721802,6.821832656860352,15.869186401367188
Pos21,VapC,99,468,39.606495498435386,15.290925466242282,38.27531841800928,37.25786073419617,13.631382539405763,1.0273085374136701,90.07720763365015,0.949290060851927,0.9224690039267617,-73.01392202297733,323.6153869628906,320.0,64.99789428710938,True,True,ok,250.45864868164062,19.971641540527344,0.9305764436721802,6.821832656860352,15.869186401367188
Pos21,VapC,100,186,23.951485685168148,10.08696408811513,23.769728648009426,22.83235395582217,8.888990749998518,1.041054667162263,55.812314449670275,0.93,0.9069949587974854,-70.53543859233655,256.5,255.5,-0.7175750732421875,False,False,mcherry_below_background,250.45864868164062,19.971641540527344,0.9305764436721802,6.821832656860352,15.869186401367188
Pos21,VapC,101,536,43.88916981998683,15.703989911260924,42.44997055358225,41.21543188768919,14.029713280874411,1.0299533114018344,98.44708138879577,0.9520426287744227,0.933794359119704,-74.58584780561112,334.7164306640625,335.0,79.51045989990234,True,True,ok,250.45864868164062,19.971641540527344,0.9305764436721802,6.821832656860352,15.869186401367188
Pos21,VapC,102,39,7.351063379359721,6.687148025724324,7.615773105863909,,,,21.547421265690396,1.0,0.41530014054349723,-45.0,257.20513916015625,254.0,-2.6429595947265625,False,False,mcherry_below_background,250.45864868164062,19.971641540527344,0.9305764436721802,6.821832656860352,15.869186401367188
Pos21,VapC,103,763,63.25755227644294,15.857646396254875,59.09314681077663,58.86811052675166,13.639350326649675,1.003822719669637,133.30680318614412,0.9126794258373205,0.968069011033333,-63.554813131791335,335.97509765625,338.0,81.04847717285156,True,True,ok,250.45864868164062,19.971641540527344,0.9305764436721802,6.821832656860352,15.869186401367188
Pos21,VapC,104,742,61.858415401635554,15.54782815794931,58.309518948453004,56.715431480622094,13.80385534921823,1.0281067678798417,129.18924281912788,0.954954954954955,0.9678974583785939,57.14286251488445,354.2709045410156,354.0,97.79953002929688,True,True,ok,250.45864868164062,19.971641540527344,0.9305764436721802,6.821832656860352,15.869186401367188
Pos21,VapC,105,594,47.21851059806955,16.22688516930641,45.17742799230607,44.29954646184057,14.415383886439782,1.019816941720198,105.05558926711748,0.9473684210526315,0.9390959087555598,-28.618387076181854,332.5471496582031,331.0,73.59782409667969,True,True,ok,250.45864868164062,19.971641540527344,0.9305764436721802,6.821832656860352,15.869186401367188
Pos21,VapC,106,578,49.36482548723868,15.7103046743643,48.27007354458868,46.692251174627685,13.17695705230497,1.0337919532742166,108.42721971683494,0.9307568438003221,0.9480071706263388,41.52988699196971,360.5778503417969,364.5,108.18630981445312,True,True,ok,250.45864868164062,19.971641540527344,0.9305764436721802,6.821832656860352,15.869186401367188
Pos21,VapC,107,134,16.648621809603213,10.325232530804625,17.08800749063506,16.598036289215933,9.157496141329576,1.029519829507631,43.65020289865058,0.9241379310344827,0.7844552525322629,-70.40728393032616,254.51492309570312,254.5,-3.4394073486328125,False,False,mcherry_below_background,250.45864868164062,19.971641540527344,0.9305764436721802,6.821832656860352,15.869186401367188
Pos21,VapC,108,50,12.810590717858629,5.240225706924693,12.165525060596439,12.339789661747385,4.386571589670532,0.9858778305037762,29.68725722470835,0.8620689655172413,0.9125100964893841,-86.10780899919824,308.6600036621094,304.5,46.7786865234375,True,True,ok,250.45864868164062,19.971641540527344,0.9305764436721802,6.821832656860352,15.869186401367188
Pos22,VapC,1,665,52.695337575429456,16.287157868746537,50.15974481593781,50.046577100147125,14.145657694657118,1.0022612478684452,116.24173310471075,0.9472934472934473,0.9510355307499939,59.58459729970137,292.9007568359375,294.0,50.98399353027344,True,True,ok,250.62567138671875,19.91671371459961,0.9634840488433838,6.604277610778809,15.4912109375
Pos22,VapC,2,882,66.67068107921935,17.40522626841542,62.16912416947821,60.628486719725224,15.385492467967635,1.0254111150237855,138.8209386127434,0.9235602094240838,0.9653218532356143,6.273569658193986,307.3389892578125,306.0,61.20127868652344,True,True,ok,250.62567138671875,19.91671371459961,0.9634840488433838,6.604277610778809,15.4912109375
Pos22,VapC,3,532,42.556069150443115,16.05219757478275,41.23105625617661,38.858813983050005,14.919945698911642,1.061047727142711,94.75012836793617,0.9585585585585585,0.9261313642946462,7.9463825106657,280.7593994140625,282.0,38.701904296875,True,True,ok,250.62567138671875,19.91671371459961,0.9634840488433838,6.604277610778809,15.4912109375
Pos22,VapC,4,624,50.716813864796826,15.937001534143088,48.76474136094644,48.643699430828526,13.649968528034657,1.0024883372673996,112.8701026549933,0.9383458646616541,0.9493452064661823,69.86436874343693,298.2740478515625,300.0,56.872474670410156,True,True,ok,250.62567138671875,19.91671371459961,0.9634840488433838,6.604277610778809,15.4912109375
Pos22,VapC,5,469,41.19466299066775,14.664066223805873,39.20459156782532,37.259931161656,13.662328245886922,1.0521917337348856,90.11667587974883,0.9610655737704918,0.934497364287886,-41.75941645375909,282.968017578125,282.0,36.860626220703125,True,True,ok,250.62567138671875,19.91671371459961,0.9634840488433838,6.604277610778809,15.4912109375
Pos22,VapC,6,538,40.11194282366793,17.316731185102668,38.41874542459709,38.6763608773406,15.190698739876847,0.9933392013390164,94.69431183902034,0.9539007092198581,0.9020124069507885,-49.84473312552068,295.5148620605469,295.5,50.135536193847656,True,True,ok,250.62567138671875,19.91671371459961,0.9634840488433838,6.604277610778809,15.4912109375
Pos22,VapC,7,512,37.46010313763068,17.55772807079309,36.89173349139343,35.74683617737194,15.826698867516866,1.032027934118159,89.56131551247903,0.9624060150375939,0.8833548904404253,-42.18737850041434,297.447265625,297.0,51.45854187011719,True,True,ok,250.62567138671875,19.91671371459961,0.9634840488433838,6.604277610778809,15.4912109375
Pos22,VapC,8,1190,94.1537298462868,16.963833897930886,86.35392289873113,85.4281882185798,14.45469648910363,1.010836407741467,187.3577517589905,0.875,0.9836351826587728,-59.19778463379669,307.5823669433594,308.0,62.5064697265625,True,True,ok,250.62567138671875,19.91671371459961,0.9634840488433838,6.604277610778809,15.4912109375
Pos22,VapC,9,673,48.208399082031065,18.005147383987357,46.17358552246078,45.803577343327376,15.873749062562105,1.0080781502361695,109.7285100014035,0.9519094766619519,0.9276359395992183,-70.54325430671291,298.2867736816406,299.0,53.30131530761719,True,True,ok,250.62567138671875,19.91671371459961,0.9634840488433838,6.604277610778809,15.4912109375
Pos22,VapC,10,879,72.86024791308917,15.81177805006174,67.4166151627327,66.79058654355458,13.769751971157874,1.009373006760015,149.30062077913655,0.9184952978056427,0.9761682345618203,-34.0696419780627,296.4425354003906,298.0,50.872406005859375,True,True,ok,250.62567138671875,19.91671371459961,0.9634840488433838,6.604277610778809,15.4912109375
Pos22,VapC,11,197,18.413437612146936,13.6905451820104,18.681541692269406,18.52941843501916,12.41760060016488,1.0082098236263446,51.23467849039875,0.9656862745098039,0.6687266166665929,86.94537950499736,244.13705444335938,244.0,-1.49859619140625,False,False,mcherry_below_background,250.62567138671875,19.91671371459961,0.9634840488433838,6.604277610778809,15.4912109375
Pos22,VapC,12,816,68.48883438339689,15.682129790103433,64.07027391856539,63.44364521493067,13.476098568452095,1.0098769341123428,142.27150555465818,0.9283276450511946,0.9734326505355138,-34.95050199612901,308.8455810546875,311.0,63.93768310546875,True,True,ok,250.62567138671875,19.91671371459961,0.9634840488433838,6.604277610778809,15.4912109375
Pos22,VapC,13,688,50.89473986791203,17.384490751169917,48.84669896727925,47.25844690861663,15.673833559841963,1.0336077920997662,112.410027062738,0.9555555555555556,0.9398536635514707,68.19820713180357,312.5566711425781,310.0,64.23965454101562,True,True,ok,250.62567138671875,19.91671371459961,0.9634840488433838,6.604277610778809,15.4912109375
Pos22,VapC,14,832,58.526289124885324,18.672254679224842,55.54277630799526,54.32876763283804,16.37309518912423,1.0223455956770762,127.34894045010667,0.9223946784922394,0.9477410931827729,78.50386088007578,303.0,302.0,55.217552185058594,True,True,ok,250.62567138671875,19.91671371459961,0.9634840488433838,6.604277610778809,15.4912109375
Pos22,VapC,15,1102,82.73100697023436,17.558523893330445,75.23961722390672,72.51637807995107,15.949375876447842,1.0375534357349345,163.24044648979725,0.9451114922813036,0.977218372436681,0.36467117964531176,312.7032775878906,313.0,66.02557373046875,True,True,ok,250.62567138671875,19.91671371459961,0.9634840488433838,6.604277610778809,15.4912109375
Pos22,VapC,16,562,44.672905819853526,16.19913441255402,43.32435804486894,42.20112515566014,14.366793195536095,1.0266161834563823,100.8032758789881,0.9429530201342282,0.9319384351928593,20.106624349033943,290.6441345214844,290.0,43.42705535888672,True,True,ok,250.62567138671875,19.91671371459961,0.9634840488433838,6.604277610778809,15.4912109375
Pos22,VapC,17,644,48.57350066592873,17.272426751703005,46.84015371452148,45.33717120841621,15.314894680514005,1.0331512193205883,108.1577136746086,0.9401459854014599,0.9346406689958732,75.98636230915021,294.711181640625,293.0,45.784034729003906,True,True,ok,250.62567138671875,19.91671371459961,0.9634840488433838,6.604277610778809,15.4912109375
Pos22,VapC,18,819,64.189270975648,16.71613975176212,59.77457653551382,59.85274377003593,14.43019294634939,0.9986940074990975,136.17888979750757,0.9181614349775785,0.9654955559771898,16.712023729635543,299.8778991699219,300.0,53.71247863769531,True,True,ok,250.62567138671875,19.91671371459961,0.9634840488433838,6.604277610778809,15.4912109375
Pos22,VapC,19,167,21.83317323726309,9.994770058964367,21.840329667841555,21.95707070657908,8.275012756607795,0.9946832143368493,53.36083518446344,0.9277777777777778,0.889065976000629,21.446520386901774,261.0957946777344,261.0,14.761749267578125,False,False,mcherry_below_background,250.62567138671875,19.91671371459961,0.9634840488433838,6.604277610778809,15.4912109375
Pos22,VapC,20,1101,86.21099784111837,16.78322258543057,79.07591289387686,77.85086577795805,14.74145775256928,1.0157358187821934,172.53047142945348,0.9182652210175146,0.9808675793355487,-11.790577858631545,313.7356872558594,313.0,65.52217102050781,True,True,ok,250.62567138671875,19.91671371459961,0.9634840488433838,6.604277610778809,15.4912109375
Pos22,VapC,21,583,44.801200752483936,16.750617714948216,43.32435804486894,43.150465445690735,14.566055264443229,1.0040299124790917,102.9294325730528,0.9526143790849673,0.9274739839948638,67.2708291937202,322.08575439453125,322.0,75.06085205078125,True,True,ok,250.62567138671875,19.91671371459961,0.9634840488433838,6.604277610778809,15.4912109375
Pos22,VapC,22,523,40.99246269681711,16.527709677231535,40.311288741492746,40.62212905715341,13.894680115488368,0.9923480053144599,97.10632285812852,0.9240282685512368,0.915116734334887,79.82348374806226,327.9732360839844,326.0,78.98214721679688,True,True,ok,250.62567138671875,19.91671371459961,0.9634840488433838,6.604277610778809,15.4912109375
Pos22,VapC,23,698,52.02505679123806,17.391245717110312,49.39635614091387,48.873628217938496,15.311101253450579,1.0106955006623288,115.22629714518564,0.94579945799458,0.9424716978615234,-32.54890964650403,315.32379150390625,315.5,68.53194427490234,True,True,ok,250.62567138671875,19.91671371459961,0.9634840488433838,6.604277610778809,15.4912109375
Pos22,VapC,24,746,56.6202823896315,17.06764571756312,53.33854141237835,51.6825040005181,15.421842731306272,1.0320425150422983,120.9704703679126,0.9383647798742139,0.9534849922548162,-85.57253226997635,316.0978698730469,316.0,67.46772003173828,True,True,ok,250.62567138671875,19.91671371459961,0.9634840488433838,6.604277610778809,15.4912109375
Pos22,VapC,25,452,33.59215502272968,17.27202301885001,33.24154027718932,32.42524753769157,15.537522675673195,1.0251746031714604,82.58801681691648,0.9515789473684211,0.8576892822358664,-9.450743781985711,249.21902465820312,249.0,0.4407196044921875,False,False,mcherry_below_background,250.62567138671875,19.91671371459961,0.9634840488433838,6.604277610778809,15.4912109375
Pos22,VapC,26,495,30.219287406976942,21.049657370364713,30.59411708155671,30.95276892094648,18.31872052206253,0.9884129319639944,82.81805461304413,0.9611650485436893,0.7174949970014546,-9.460579962652966,250.23233032226562,250.0,1.2921905517578125,False,False,mcherry_below_background,250.62567138671875,19.91671371459961,0.9634840488433838,6.604277610778809,15.4912109375
Pos22,VapC,27,813,58.69187357912826,17.893480429264077,55.57877292636101,53.49377208865049,16.25848072122622,1.038976515513904,125.54810632718412,0.9564705882352941,0.952393489691356,7.4099591753647855,317.4723205566406,315.0,66.45420837402344,True,True,ok,250.62567138671875,19.91671371459961,0.9634840488433838,6.604277610778809,15.4912109375
Pos22,VapC,28,646,47.851102898988394,17.444539529660197,46.486557196677836,45.44767206029462,15.322810019091571,1.022858929606008,108.38775147073626,0.9444444444444444,0.9311803791085584,71.94301160531737,342.6037292480469,340.5,91.7337875366211,True,True,ok,250.62567138671875,19.91671371459961,0.9634840488433838,6.604277610778809,15.4912109375
Pos22,VapC,29,716,53.63433278405514,17.240883116192542,50.695167422546305,49.59448053059067,15.473075167547613,1.0221937376937886,116.85291000089636,0.9483443708609272,0.9469257505555242,-78.04990352743815,342.490234375,342.0,92.28282165527344,True,True,ok,250.62567138671875,19.91671371459961,0.9634840488433838,6.604277610778809,15.4912109375
Pos22,VapC,30,961,71.50257828915981,17.817965317974256,67.35725647619564,66.56960770195981,15.178743997855795,1.0118319575768304,150.46715804259196,0.9074598677998111,0.9684537604665947,-17.754150532287618,331.2060241699219,329.0,78.67364501953125,True,True,ok,250.62567138671875,19.91671371459961,0.9634840488433838,6.604277610778809,15.4912109375
Pos22,VapC,31,600,46.55844335253407,16.619747869794637,44.94441010848846,43.67872687760074,14.815036953273697,1.028977109026884,104.27019110372004,0.9508716323296355,0.934117651748974,-66.95925478971988,333.625,332.0,82.19680786132812,True,True,ok,250.62567138671875,19.91671371459961,0.9634840488433838,6.604277610778809,15.4912109375
Pos22,VapC,32,544,39.273428212504726,17.892829903519146,39.45883931389772,39.041321880239394,15.204721177259273,1.010694244291704,95.44024175631912,0.9460869565217391,0.8901864865093458,-13.587420501172064,344.14154052734375,344.5,93.91925048828125,True,True,ok,250.62567138671875,19.91671371459961,0.9634840488433838,6.604277610778809,15.4912109375
Pos22,VapC,33,559,38.70837125968188,18.60918770196276,37.64306044943742,38.21718703678303,16.07860954846714,0.9849772672490775,94.78959661403485,0.9522998296422487,0.8768557487907729,-27.964651563946134,351.4830017089844,352.0,101.24093627929688,True,True,ok,250.62567138671875,19.91671371459961,0.9634840488433838,6.604277610778809,15.4912109375
Pos22,VapC,34,745,59.78211565092356,16.301428603626736,56.302753041036986,54.88094321327245,14.383866879723906,1.0259071682175587,126.18240318665126,0.9277708592777086,0.9621045893090462,54.78241455903727,307.13287353515625,307.0,56.28407287597656,True,True,ok,250.62567138671875,19.91671371459961,0.9634840488433838,6.604277610778809,15.4912109375
Pos22,VapC,35,756,55.84760633104188,17.564256686314707,52.88667128870941,52.29910723253164,15.43258850090026,1.0112346861594663,122.21594412356534,0.9402985074626866,0.9492563784657517,-14.521463936196016,332.7645568847656,334.5,84.6476058959961,True,True,ok,250.62567138671875,19.91671371459961,0.9634840488433838,6.604277610778809,15.4912109375
Pos22,VapC,36,860,69.4737800469639,16.284144976116256,64.28063471995279,61.56027357302742,14.726016454612589,1.0441902056152863,139.931659347283,0.9297297297297298,0.9721420035484797,-2.7882099574102663,326.1930236816406,325.5,74.33148956298828,True,True,ok,250.62567138671875,19.91671371459961,0.9634840488433838,6.604277610778809,15.4912109375
Pos22,VapC,37,837,66.33826240213683,17.19380702231416,61.84658438426491,62.209176354012634,14.144803269316716,0.994171407001367,140.56595620675012,0.8655635987590486,0.965828000151974,61.83742394380732,344.33453369140625,343.0,91.53221130371094,True,True,ok,250.62567138671875,19.91671371459961,0.9634840488433838,6.604277610778809,15.4912109375
Pos22,VapC,38,1025,76.90483250410698,17.719614613088275,71.386273190299,69.76127388105017,15.424884377415202,1.0232937161098807,157.13148244982952,0.9022887323943662,0.9730937255703964,8.414050020883785,340.4575500488281,339.0,85.53663635253906,True,True,ok,250.62567138671875,19.91671371459961,0.9634840488433838,6.604277610778809,15.4912109375
Pos22,VapC,39,794,64.20281609780629,16.131661760209976,59.413803110051795,57.29622444211261,14.66311022512888,1.0369584329256916,131.33174779600972,0.9374262101534829,0.967919379728125,-86.98609702124642,331.3060302734375,333.0,79.27232360839844,True,True,ok,250.62567138671875,19.91671371459961,0.9634840488433838,6.604277610778809,15.4912109375
Pos22,VapC,40,924,69.33600133231666,17.324488214747262,65.19202405202648,64.11567458002911,15.18304300366341,1.0167876183015727,145.56419951217828,0.9409368635437881,0.9682812481644417,69.87490116801501,345.2965393066406,346.0,92.04100799560547,True,True,ok,250.62567138671875,19.91671371459961,0.9634840488433838,6.604277610778809,15.4912109375
Pos22,VapC,41,375,33.08293572023661,15.297150254490873,36.05551275463989,35.924499259482175,11.186030478425725,1.0036469122147371,84.61888873596668,0.8844339622641509,0.8866777316008326,-4.088009336976882,255.4373321533203,256.0,1.381988525390625,False,False,mcherry_below_background,250.62567138671875,19.91671371459961,0.9634840488433838,6.604277610778809,15.4912109375
Pos22,VapC,42,612,42.100302064140465,20.2207623844355,45.880278987817846,46.505742910068896,14.073653144543215,0.9865508239818779,109.07786485911922,0.9244712990936556,0.8771044405918365,-23.241268394427287,253.8856201171875,254.0,-0.7513351440429688,False,False,mcherry_below_background,250.62567138671875,19.91671371459961,0.9634840488433838,6.604277610778809,15.4912109375
Pos22,VapC,43,841,76.60790701676108,15.172843706386045,68.26419266350405,68.45546952479636,12.798893854719207,0.9972058206214914,151.52206224821572,0.8503538928210314,0.9801902103129686,56.400672002273296,385.733642578125,387.0,132.2681884765625,True,True,ok,250.62567138671875,19.91671371459961,0.9634840488433838,6.604277610778809,15.4912109375
Pos22,VapC,44,542,43.562523135921026,15.945278131192465,42.190046219457976,40.964326896500154,14.30270070013393,1.0299216273235663,98.25651183876678,0.95929203539823,0.9306022586687106,57.63464977005449,397.8117980957031,407.0,152.27191162109375,True,True,ok,250.62567138671875,19.91671371459961,0.9634840488433838,6.604277610778809,15.4912109375
Pos22,VapC,45,656,45.67300429409007,18.590767203439174,44.9221548904324,44.008404374257466,16.183376589004244,1.0207630912587558,106.49163257279922,0.9344729344729344,0.9134100654158308,-16.87647900118478,366.07623291015625,363.0,106.85148620605469,True,True,ok,250.62567138671875,19.91671371459961,0.9634840488433838,6.604277610778809,15.4912109375
Pos22,VapC,46,691,47.37433980655747,18.68947619075989,46.32493928760188,44.24783767387887,17.02183389987519,1.0469424433580672,107.92767587848095,0.9570637119113573,0.918893229900039,10.153765648351092,353.19390869140625,352.0,95.60932922363281,True,True,ok,250.62567138671875,19.91671371459961,0.9634840488433838,6.604277610778809,15.4912109375
Pos22,VapC,47,113,12.642210499936574,11.480016193387547,13.601470508735444,13.709098044740538,9.722391299319254,0.9921491891258022,38.51720657210926,0.9416666666666667,0.4188177233955245,64.06753811619468,251.88494873046875,253.0,-2.7083587646484375,False,False,mcherry_below_background,250.62567138671875,19.91671371459961,0.9634840488433838,6.604277610778809,15.4912109375
Pos23,VapC,1,865,72.37286415814087,17.230596387065265,72.94518489934754,72.4820226650561,12.388387806613789,1.0063900291032404,159.1065378399639,0.8199052132701422,0.9712453277530521,-54.92053209629984,299.8335266113281,300.0,56.75251770019531,True,True,ok,250.4277801513672,19.89429473876953,0.7209450006484985,6.787143707275391,15.369049072265625
Pos23,VapC,2,750,55.0576270398445,17.49335157097771,52.3450093132096,49.78523093406611,16.1953158897619,1.0514164207158863,118.05891551045043,0.9615384615384616,0.948181890092908,88.25246991661928,290.101318359375,291.0,47.56895446777344,True,True,ok,250.4277801513672,19.89429473876953,0.7209450006484985,6.787143707275391,15.369049072265625
Pos23,VapC,3,994,77.68469634553097,16.8310808489804,71.84010022264724,69.24474771729969,15.057556101712578,1.0374808572621768,155.67909086133062,0.9237918215613383,0.976247366754881,-43.01695442847252,289.124755859375,288.0,43.59809112548828,True,True,ok,250.4277801513672,19.89429473876953,0.7209450006484985,6.787143707275391,15.369049072265625
Pos23,VapC,4,1230,92.3449322156066,17.474931767473286,84.11896337925236,84.25310674325526,15.186291204735108,0.9984078526099736,185.8427719611114,0.9325246398786959,0.9819317475794374,-17.434009083349153,293.93902587890625,294.0,50.105979919433594,True,True,ok,250.4277801513672,19.89429473876953,0.7209450006484985,6.787143707275391,15.369049072265625
Pos23,VapC,5,853,64.46239498384897,17.23653622193623,60.21627686929839,57.91118813142427,15.635364930221543,1.0398038584986882,133.67159400338494,0.9446290143964563,0.9635886649908806,-49.77918421969712,283.81475830078125,284.0,40.20384216308594,True,True,ok,250.4277801513672,19.89429473876953,0.7209450006484985,6.787143707275391,15.369049072265625
Pos23,VapC,6,959,74.68827101089056,17.065309523616268,70.21395872616783,69.13555281276676,14.526301281069552,1.0155984275749066,154.8542244518345,0.9047169811320754,0.973546930718467,-27.021834521889406,299.1272277832031,298.0,52.97154235839844,True,True,ok,250.4277801513672,19.89429473876953,0.7209450006484985,6.787143707275391,15.369049072265625
Pos23,VapC,7,997,65.69096307970929,20.96764411031823,63.00793600809346,63.65783798200464,16.589662588488547,0.9897906998648792,146.25431290056122,0.8776408450704225,0.9476920470690995,-40.15891403220943,244.4322967529297,244.0,-0.7653045654296875,False,False,mcherry_below_background,250.4277801513672,19.89429473876953,0.7209450006484985,6.787143707275391,15.369049072265625
Pos23,VapC,8,807,50.53494764036867,20.477122686088183,49.24428900898052,47.83606272576088,18.38678177661785,1.029438590949528,116.66234045086738,0.9607142857142857,0.9142248937380346,-64.0009551287703,293.3048400878906,289.0,44.588134765625,True,True,ok,250.4277801513672,19.89429473876953,0.7209450006484985,6.787143707275391,15.369049072265625
Pos23,VapC,9,860,68.778410799489,16.26466928516179,64.28063471995279,61.42454826382621,14.762292811283702,1.0464974759579724,139.7016215511553,0.9492273730684326,0.971636531126495,-87.7137391572096,318.141845703125,317.5,72.13160705566406,True,True,ok,250.4277801513672,19.89429473876953,0.7209450006484985,6.787143707275391,15.369049072265625
Pos23,VapC,10,594,48.11484659574906,15.87555199277107,46.486557196677836,45.06411680880844,14.132327418473269,1.0315648122852228,106.26159477667157,0.9473684210526315,0.9439979857530064,73.35120096896301,302.3922424316406,303.0,56.81681823730469,True,True,ok,250.4277801513672,19.89429473876953,0.7209450006484985,6.787143707275391,15.369049072265625
Pos23,VapC,11,878,68.74696456110249,16.55769518089381,63.28506932918696,60.26678164503571,15.414659404958119,1.0500821116005268,138.13082522436042,0.984304932735426,0.9705623917155002,0.5156671580484512,322.4715270996094,322.5,76.7235107421875,True,True,ok,250.4277801513672,19.89429473876953,0.7209450006484985,6.787143707275391,15.369049072265625
Pos23,VapC,12,723,55.00375038116521,17.099701805701,51.86520991955976,51.55671349614228,14.954235347037285,1.005983632440818,120.18507220451514,0.9538258575197889,0.9504483623694944,-77.98837261875319,303.1286315917969,304.0,57.86669921875,True,True,ok,250.4277801513672,19.89429473876953,0.7209450006484985,6.787143707275391,15.369049072265625
Pos23,VapC,13,693,52.542570572367815,17.103551362839394,49.72926703662542,48.908776884148175,15.180377019944507,1.0167759286726954,115.14736065298831,0.9585062240663901,0.9455358510454295,-83.26456464292188,311.96826171875,314.0,67.90695190429688,True,True,ok,250.4277801513672,19.89429473876953,0.7209450006484985,6.787143707275391,15.369049072265625
Pos23,VapC,14,527,40.81380718597223,16.565775341378863,39.20459156782532,37.25281206064581,15.537248244149426,1.0523928100783937,92.24283257381352,0.9723247232472325,0.9139234702739756,45.76784492565377,290.1973571777344,290.0,43.971527099609375,True,True,ok,250.4277801513672,19.89429473876953,0.7209450006484985,6.787143707275391,15.369049072265625
Pos23,VapC,15,654,51.524508816496315,16.545237610824277,49.040799340956916,47.857272159226916,14.624728612070513,1.024730351905396,112.41002706273798,0.9423631123919308,0.9470405708285561,69.35818339576883,314.37921142578125,314.0,67.50920104980469,True,True,ok,250.4277801513672,19.89429473876953,0.7209450006484985,6.787143707275391,15.369049072265625
Pos23,VapC,16,843,60.69529320330251,18.48833505460382,57.584720195551874,56.930365920691315,15.741656830456801,1.0114939411380586,131.8312916343637,0.9084051724137931,0.952477470680429,69.4011809429007,327.26214599609375,329.0,81.9661865234375,True,True,ok,250.4277801513672,19.89429473876953,0.7209450006484985,6.787143707275391,15.369049072265625
Pos23,VapC,17,481,36.162075707414495,16.99316866549907,36.22154055254967,34.09506552280976,15.649015382021048,1.0623689967194017,86.05493204164841,0.9600798403193613,0.8827106859757676,-84.80019780875459,335.23077392578125,333.0,85.76535034179688,True,True,ok,250.4277801513672,19.89429473876953,0.7209450006484985,6.787143707275391,15.369049072265625
Pos23,VapC,18,289,23.804681403439933,15.698555639849213,23.769728648009426,23.756268715291515,13.914116003538222,1.0005665844615257,63.396790041418434,0.9601328903654485,0.7517278456092519,74.4031804578956,325.5709228515625,324.0,75.70333862304688,True,True,ok,250.4277801513672,19.89429473876953,0.7209450006484985,6.787143707275391,15.369049072265625
Pos23,VapC,19,707,53.46008803414504,17.056667156141764,51.19570294468082,49.3958725973043,15.334545456271234,1.03643685702345,116.29754963362657,0.9502688172043011,0.9477364607963041,78.42042632451233,336.0127258300781,336.0,88.48699951171875,True,True,ok,250.4277801513672,19.89429473876953,0.7209450006484985,6.787143707275391,15.369049072265625
Pos23,VapC,20,70,11.476938133992046,7.915000821686289,12.083045973594572,13.410948428982707,5.748384388220281,0.9009837027992462,33.38421024556794,0.8974358974358975,0.724148629415678,-22.882102436338894,247.87142944335938,249.0,1.8629989624023438,False,False,mcherry_below_background,250.4277801513672,19.89429473876953,0.7209450006484985,6.787143707275391,15.369049072265625
Pos23,VapC,21,170,18.661468738729187,11.644864606798366,19.235384061671343,19.219390932894342,9.95088158916118,1.0008321350469869,49.798635184717014,0.9289617486338798,0.7814197142197307,55.78502772829876,248.23529052734375,247.5,0.23635101318359375,False,False,mcherry_below_background,250.4277801513672,19.89429473876953,0.7209450006484985,6.787143707275391,15.369049072265625
Pos23,VapC,22,579,46.849355182050296,15.898612774665317,44.654227123532216,43.31661231097247,14.393015687822688,1.0308799497743946,103.06418559416596,0.9476268412438625,0.9406579940864742,52.330689949119716,314.3229675292969,313.0,64.38287353515625,True,True,ok,250.4277801513672,19.89429473876953,0.7209450006484985,6.787143707275391,15.369049072265625
Pos23,VapC,23,161,16.649084806512572,12.343791164223772,16.76305461424021,15.426060565083182,12.670161133930174,1.086671126663622,45.31628400045997,0.9757575757575757,0.6710527682103602,2.6503905466647435,247.72671508789062,246.0,-1.320159912109375,False,False,mcherry_below_background,250.4277801513672,19.89429473876953,0.7209450006484985,6.787143707275391,15.369049072265625
Pos23,VapC,24,1358,105.01927148059315,17.74332454976652,95.75489543621255,96.34785443365502,14.567430380033922,0.9938456439852454,209.32578037083752,0.8710711994868505,0.9856241029354097,65.42936062466559,334.85052490234375,336.0,88.27848815917969,True,True,ok,250.4277801513672,19.89429473876953,0.7209450006484985,6.787143707275391,15.369049072265625
Pos23,VapC,25,241,20.04180415890606,15.407841642081268,20.615528128088304,20.158854488663657,14.059275687472985,1.0226537494817207,56.36767481694007,0.9601593625498008,0.6395071350962932,-69.97141279155623,245.42738342285156,245.0,-2.350799560546875,False,False,mcherry_below_background,250.4277801513672,19.89429473876953,0.7209450006484985,6.787143707275391,15.369049072265625
Pos23,VapC,26,115,13.012391711016486,11.25175753348515,13.601470508735444,13.38692416987526,10.28682008020215,1.0160265596590874,38.51720657210926,0.9583333333333334,0.502296289523188,-64.4687724109207,245.2347869873047,243.0,-4.3718109130859375,False,False,mcherry_below_background,250.4277801513672,19.89429473876953,0.7209450006484985,6.787143707275391,15.369049072265625
Pos23,VapC,27,116,12.345926375952084,11.938964063870097,13.0,,,,37.731808408711814,0.9747899159663865,0.25463698738643736,20.123441515811,250.01724243164062,250.0,2.4740447998046875,False,False,mcherry_below_background,250.4277801513672,19.89429473876953,0.7209450006484985,6.787143707275391,15.369049072265625
Pos23,VapC,28,139,15.681865768064284,11.326039872580944,16.278820596099706,15.626903230576902,10.372382857398636,1.0417176299042543,43.09484253138079,0.9391891891891891,0.6916445799203891,-88.4282735910204,252.553955078125,254.0,6.51129150390625,False,False,mcherry_below_background,250.4277801513672,19.89429473876953,0.7209450006484985,6.787143707275391,15.369049072265625
Pos23,VapC,29,193,17.59724765631414,14.021684894907409,18.384776310850235,16.24953490957951,14.75087433363389,1.131403231732617,49.338559592461706,0.9747474747474747,0.604228294999803,68.30053671669928,245.139892578125,248.0,0.4815826416015625,False,False,mcherry_below_background,250.4277801513672,19.89429473876953,0.7209450006484985,6.787143707275391,15.369049072265625
Pos23,VapC,30,127,13.908697967908365,11.788131729046778,14.7648230602334,15.999208320610165,9.032142677459849,0.9228471037040857,42.30944436798334,0.9136690647482014,0.5307368202543487,60.55378852201217,246.1338653564453,244.0,-3.469940185546875,False,False,mcherry_below_background,250.4277801513672,19.89429473876953,0.7209450006484985,6.787143707275391,15.369049072265625
Pos23,VapC,31,97,12.436113134738422,9.928478074639772,13.0,12.152298967484775,9.614402452592623,1.0697564333121965,35.28032914350498,0.9509803921568627,0.6021822977710046,-50.142167593917414,248.02061462402344,246.0,-1.5734405517578125,False,False,mcherry_below_background,250.4277801513672,19.89429473876953,0.7209450006484985,6.787143707275391,15.369049072265625
Pos23,VapC,32,179,16.09962076848687,14.156424191007371,17.0,15.31674775463212,14.724118215375585,1.1098961915631749,47.44244069452466,0.9623655913978495,0.4762651465313732,-54.806910980291725,247.05027770996094,248.0,0.2905731201171875,False,False,mcherry_below_background,250.4277801513672,19.89429473876953,0.7209450006484985,6.787143707275391,15.369049072265625
Pos23,VapC,33,158,15.104779971187414,13.328654271225048,15.652475842498529,,,,44.20556326592038,0.9753086419753086,0.47047559992781884,-46.81873883492084,248.08860778808594,248.0,0.34442901611328125,False,False,mcherry_below_background,250.4277801513672,19.89429473876953,0.7209450006484985,6.787143707275391,15.369049072265625
Pos23,VapC,34,90,12.076644753408445,9.569374227446147,13.0,12.72364669115763,8.210424392151346,1.021719662259596,34.82025355124968,0.9375,0.6100189464440838,-84.5791718242082,247.46665954589844,252.0,4.228279113769531,False,False,mcherry_below_background,250.4277801513672,19.89429473876953,0.7209450006484985,6.787143707275391,15.369049072265625
Pos23,VapC,35,744,57.009227556734466,17.100544055196767,54.57105459856901,53.305151018761094,14.844524939278132,1.0237482411289367,123.55670265423258,0.9185185185185185,0.9539514701724954,-12.530608053187738,318.8897705078125,318.0,69.07434844970703,True,True,ok,250.4277801513672,19.89429473876953,0.7209450006484985,6.787143707275391,15.369049072265625
Pos23,VapC,36,62,10.87623885843325,7.527738409906381,11.180339887498949,12.338561192249689,5.563186965951054,0.9061299541571944,31.02801575537559,0.9253731343283582,0.7217757522585352,-66.92257703784513,246.77420043945312,250.5,2.7097320556640625,False,False,mcherry_below_background,250.4277801513672,19.89429473876953,0.7209450006484985,6.787143707275391,15.369049072265625
Pos23,VapC,37,123,14.170724338020154,11.151301309995647,14.7648230602334,15.134274893202383,9.372989583687529,0.9755884021153255,40.9686858373161,0.9461538461538461,0.6170482909983255,-51.16898717402691,244.32521057128906,244.0,-3.8087005615234375,False,False,mcherry_below_background,250.4277801513672,19.89429473876953,0.7209450006484985,6.787143707275391,15.369049072265625
Pos23,VapC,38,172,16.206540819892815,13.5395883311175,17.08800749063506,16.388777852881745,12.56101497546221,1.0426651483124696,47.117118123382525,0.9608938547486033,0.5495820524263476,-34.56269823744267,243.67442321777344,244.5,-3.3896102905273438,False,False,mcherry_below_background,250.4277801513672,19.89429473876953,0.7209450006484985,6.787143707275391,15.369049072265625
Pos23,VapC,39,117,13.920514799691801,10.79207844871887,14.422205101855956,14.431836318503215,9.429155518646434,0.999332640945012,39.62792730664886,0.936,0.6316369472962643,-38.26213983139258,249.7948760986328,249.0,0.9842987060546875,False,False,mcherry_below_background,250.4277801513672,19.89429473876953,0.7209450006484985,6.787143707275391,15.369049072265625
Pos23,VapC,40,191,17.584750591146193,13.900667709328312,18.384776310850235,16.766193822910303,13.845719746827237,1.0965384573884747,49.338559592461706,0.9695431472081218,0.6124677377321622,15.16138709106857,248.0628204345703,247.0,-0.9925079345703125,False,False,mcherry_below_background,250.4277801513672,19.89429473876953,0.7209450006484985,6.787143707275391,15.369049072265625
Pos23,VapC,41,52,8.885953306146277,7.471734476646552,9.486832980505138,8.247817171344236,7.948599254269748,1.1502234813673695,25.569696857692126,0.9811320754716981,0.5412715968941204,-35.85435950596945,248.65383911132812,249.5,1.45367431640625,False,False,mcherry_below_background,250.4277801513672,19.89429473876953,0.7209450006484985,6.787143707275391,15.369049072265625
Pos23,VapC,42,681,54.73984908630241,16.333231588561915,51.62363799656123,49.883044402667316,14.564516993888155,1.0348934916610832,116.39283440864105,0.930327868852459,0.954447411657107,5.940499428963889,328.21881103515625,329.0,79.19151306152344,True,True,ok,250.4277801513672,19.89429473876953,0.7209450006484985,6.787143707275391,15.369049072265625
Pos23,VapC,43,499,39.559098385999384,16.18632685254486,38.91015291668744,37.490557036559835,14.516215622271819,1.0378654251187371,91.55271918543056,0.9596153846153846,0.9124589565814653,-28.409938886647524,329.90380859375,328.0,79.41374206542969,True,True,ok,250.4277801513672,19.89429473876953,0.7209450006484985,6.787143707275391,15.369049072265625
Pos23,VapC,44,698,55.13449160825034,16.300832779616343,52.839379254491625,50.887982613080524,14.617481371446415,1.0383469051278427,118.46317457378993,0.9561643835616438,0.9552945315282407,58.538108326814815,313.1833801269531,313.0,63.33763122558594,True,True,ok,250.4277801513672,19.89429473876953,0.7209450006484985,6.787143707275391,15.369049072265625
Pos23,VapC,45,406,30.599678371565613,16.971735170497734,30.59411708155671,29.198378630672277,15.721494385982687,1.0478019162823733,76.34429975583556,0.9598108747044918,0.8320919564538797,84.18385123263987,332.9876708984375,329.0,80.13328552246094,True,True,ok,250.4277801513672,19.89429473876953,0.7209450006484985,6.787143707275391,15.369049072265625
Pos23,VapC,46,1016,73.30063343629018,19.041374975359904,67.91170738539859,66.52646816018382,16.109239471559235,1.0208223773713547,151.4431257560184,0.8834782608695653,0.9656702620513237,-10.118492926673346,329.8730163574219,329.0,79.11299133300781,True,True,ok,250.4277801513672,19.89429473876953,0.7209450006484985,6.787143707275391,15.369049072265625
Pos23,VapC,47,583,47.31976012869119,15.819259559716999,45.5411901469428,42.91453776790305,14.659840502109118,1.0612065867572806,102.56464175581198,0.9573070607553367,0.9424647385218741,6.485080563903323,332.26416015625,332.0,81.84028625488281,True,True,ok,250.4277801513672,19.89429473876953,0.7209450006484985,6.787143707275391,15.369049072265625
Pos23,VapC,48,842,64.69264290177519,16.79045415733983,61.0,58.73648666511866,15.176770484658308,1.0385367505514345,134.79866302074166,0.9450056116722784,0.9657318367223946,83.5472500370482,338.9346923828125,341.0,90.89049530029297,True,True,ok,250.4277801513672,19.89429473876953,0.7209450006484985,6.787143707275391,15.369049072265625
Pos23,VapC,49,997,81.01347906954494,16.762625448930518,74.72616676907762,74.01791043072214,14.04134126778372,1.0095687156559003,164.06531289929336,0.8784140969162996,0.9783596505160912,75.75967124336547,332.916748046875,334.0,83.27946472167969,True,True,ok,250.4277801513672,19.89429473876953,0.7209450006484985,6.787143707275391,15.369049072265625
Pos23,VapC,50,767,59.958856764342634,16.625968312254955,56.61271941887264,56.2180380687818,14.439178972906229,1.007020546494489,128.91973677690157,0.9296969696969697,0.9607863807184326,-72.64614334774157,380.4811096191406,382.0,130.44483947753906,True,True,ok,250.4277801513672,19.89429473876953,0.7209450006484985,6.787143707275391,15.369049072265625
Pos23,VapC,51,668,54.436087915308086,15.96998830270161,51.478150704935004,49.6087791123173,14.357028287691096,1.0376822737037195,115.6074362452436,0.9421720733427362,0.9559985639153906,-4.753861093448322,341.03143310546875,342.0,89.22041320800781,True,True,ok,250.4277801513672,19.89429473876953,0.7209450006484985,6.787143707275391,15.369049072265625
Pos23,VapC,52,589,44.97125854556185,17.033511705131712,43.68065933568311,43.38940483235499,14.633926754065769,1.0067125719851067,103.48479294032259,0.9364069952305246,0.925493128132873,71.54495775546307,321.78778076171875,322.0,69.06988525390625,True,True,ok,250.4277801513672,19.89429473876953,0.7209450006484985,6.787143707275391,15.369049072265625
Pos23,VapC,53,614,48.050626859918324,16.65133946265087,45.48626166217664,44.443923382020145,14.885001983097249,1.023452886262921,105.88045567661361,0.959375,0.9380361549860692,41.09995160773177,317.6221618652344,321.0,67.977783203125,True,True,ok,250.4277801513672,19.89429473876953,0.7209450006484985,6.787143707275391,15.369049072265625
Pos23,VapC,54,1186,88.40373109672773,17.60112707110073,81.49846624323675,78.84686860655422,15.7138875827788,1.0336297139448112,175.6325958369446,0.9243959469992206,0.979979306566011,-4.054352793858608,338.03118896484375,339.0,85.82982635498047,True,True,ok,250.4277801513672,19.89429473876953,0.7209450006484985,6.787143707275391,15.369049072265625
Pos23,VapC,55,649,46.78622459439083,17.785901241108203,44.553338819890925,42.09422058745177,16.868436792025754,1.0584193791480299,103.44532469422393,0.9730134932533733,0.9249238133804932,-2.1266399949047736,361.0986022949219,357.0,103.058837890625,True,True,ok,250.4277801513672,19.89429473876953,0.7209450006484985,6.787143707275391,15.369049072265625
Pos23,VapC,56,752,60.20703321571054,16.105286105591315,57.271284253105414,55.34550344333423,14.39033066273881,1.0347956146381956,127.11890265397902,0.94,0.9635582995608519,79.7957219251847,340.2872314453125,339.0,85.56390380859375,True,True,ok,250.4277801513672,19.89429473876953,0.7209450006484985,6.787143707275391,15.369049072265625
Pos23,VapC,57,1142,84.89646508483767,17.463058235087757,78.16009211867653,74.63832867260611,16.0402112348462,1.047184382457414,167.5880446529411,0.9556485355648535,0.9786154560775466,-0.035610897898853223,360.32574462890625,360.0,105.08997344970703,True,True,ok,250.4277801513672,19.89429473876953,0.7209450006484985,6.787143707275391,15.369049072265625
Pos23,VapC,58,1375,115.1350891743677,16.310209178763515,104.29285689825551,102.50613677368024,13.813295533840162,1.0174303722763458,220.7814302506571,0.8620689655172413,0.9899151580052087,55.85024802062923,337.930908203125,339.0,84.53570556640625,True,True,ok,250.4277801513672,19.89429473876953,0.7209450006484985,6.787143707275391,15.369049072265625
Pos23,VapC,59,938,76.05662734493491,16.227805298580673,70.49113419430843,68.98061849938492,14.227791550432231,1.021897682679331,154.2035793095502,0.9250493096646942,0.9769726056179208,56.92934435945931,325.3645935058594,325.0,69.81539916992188,True,True,ok,250.4277801513672,19.89429473876953,0.7209450006484985,6.787143707275391,15.369049072265625
Pos23,VapC,60,1413,62.38834156235467,29.714336560978833,60.67124524847005,60.4971268487713,25.69931685499285,1.0028781267602014,150.3324050214788,0.9534412955465587,0.8792935222951207,1.5453736063414294,280.99432373046875,281.0,24.84381103515625,True,True,ok,250.4277801513672,19.89429473876953,0.7209450006484985,6.787143707275391,15.369049072265625
Pos23,VapC,61,90,11.359574214912062,10.122268548575722,12.083045973594572,11.63434393374967,9.347364589096903,1.0385670255581216,33.93957061283774,0.9473684210526315,0.45384986895567025,45.691997715269544,250.74444580078125,247.0,-8.401046752929688,False,False,mcherry_below_background,250.4277801513672,19.89429473876953,0.7209450006484985,6.787143707275391,15.369049072265625
Pos23,VapC,62,168,16.962882858625306,12.691564043423488,17.46424919657298,16.893635731304325,11.676535074798817,1.0337768301829364,47.117118123382525,0.9545454545454546,0.6634775702450806,-52.20874743667196,249.3095245361328,249.5,-5.921539306640625,False,False,mcherry_below_background,250.4277801513672,19.89429473876953,0.7209450006484985,6.787143707275391,15.369049072265625
Pos23,VapC,63,128,14.038608988821341,11.632661984536671,14.866068747318506,14.560190548189965,10.378749989042593,1.0210078431402512,40.9686858373161,0.9343065693430657,0.5598125571996718,11.952178134669047,249.0078125,251.0,-4.4994659423828125,False,False,mcherry_below_background,250.4277801513672,19.89429473876953,0.7209450006484985,6.787143707275391,15.369049072265625
Pos23,VapC,64,146,15.426930207528462,12.04163629686876,16.1245154965971,13.942914463627405,13.121121409546754,1.156466643947418,42.86480473525314,0.9733333333333334,0.6250815394495423,-33.021385215629394,251.8972625732422,252.0,-3.4545822143554688,False,False,mcherry_below_background,250.4277801513672,19.89429473876953,0.7209450006484985,6.787143707275391,15.369049072265625
Pos23,VapC,65,127,18.600467049483044,8.692638530375781,18.973665961010276,17.509779448030173,8.0466568709725,1.0836039378636941,44.20556326592038,0.9477611940298507,0.8840806170066909,-73.01616505805237,271.6614074707031,273.0,16.995147705078125,False,False,mcherry_below_background,250.4277801513672,19.89429473876953,0.7209450006484985,6.787143707275391,15.369049072265625
Pos23,VapC,66,122,13.196999621604554,11.808965693639776,13.92838827718412,14.431987812268153,9.915368685833979,0.9651053242536735,40.183287673918656,0.9312977099236641,0.4464230896741092,15.562524898334132,246.65573120117188,247.0,-8.536376953125,False,False,mcherry_below_background,250.4277801513672,19.89429473876953,0.7209450006484985,6.787143707275391,15.369049072265625
Pos23,VapC,67,94,13.372006625495041,9.19590788020252,14.317821063276353,15.01252364770053,6.952391366991331,0.9537251297165761,37.96184620483946,0.9038461538461539,0.7259964723192873,-24.19598340753374,250.35105895996094,248.0,-7.644584655761719,False,False,mcherry_below_background,250.4277801513672,19.89429473876953,0.7209450006484985,6.787143707275391,15.369049072265625
Pos23,VapC,68,54,10.751444447255121,6.660933381924603,11.704699910719626,12.353323821630195,4.765872622423396,0.947493976497657,30.147332816963658,0.9152542372881356,0.7849662994328228,21.618156571178172,249.6851806640625,252.5,-3.1920700073242188,False,False,mcherry_below_background,250.4277801513672,19.89429473876953,0.7209450006484985,6.787143707275391,15.369049072265625
Pos23,VapC,69,186,18.051046102567785,13.181723651708245,18.681541692269406,18.358940187854277,11.743310836833562,1.0175719023600585,50.12395775585915,0.9489795918367347,0.6831831428343611,24.166156314143056,252.3010711669922,254.0,-1.7800750732421875,False,False,mcherry_below_background,250.4277801513672,19.89429473876953,0.7209450006484985,6.787143707275391,15.369049072265625
Pos23,VapC,70,120,14.140883893996234,10.828709907097586,14.560219778561036,14.049291643153762,10.099350222767077,1.0363668253449811,39.62792730664886,0.9523809523809523,0.6431107264789472,1.6821228856377923,250.56666564941406,252.0,-3.7446746826171875,False,False,mcherry_below_background,250.4277801513672,19.89429473876953,0.7209450006484985,6.787143707275391,15.369049072265625
Pos23,VapC,71,116,14.620826056779785,10.159936567397297,14.560219778561036,13.662035860326666,10.08981389848448,1.0657430508466617,38.842529143251404,0.9666666666666667,0.7191113702771855,4.9362825807210395,251.0775909423828,252.0,-3.69927978515625,False,False,mcherry_below_background,250.4277801513672,19.89429473876953,0.7209450006484985,6.787143707275391,15.369049072265625
Pos23,VapC,72,173,17.150124439623834,12.867451852420523,18.35755975068582,16.37597815238587,12.6669057900414,1.1210053884940758,47.212402898397016,0.9719101123595506,0.6611164641357803,68.07859507284816,247.6127166748047,247.0,-8.657699584960938,False,False,mcherry_below_background,250.4277801513672,19.89429473876953,0.7209450006484985,6.787143707275391,15.369049072265625
Pos23,VapC,73,97,11.642686040102278,10.632369813593723,12.36931687685298,12.152298967484775,9.614402452592623,1.0178581772838924,35.28032914350498,0.9509803921568627,0.40745990408206095,23.528822973474124,246.5360870361328,247.0,-8.652236938476562,False,False,mcherry_below_background,250.4277801513672,19.89429473876953,0.7209450006484985,6.787143707275391,15.369049072265625
Pos23,VapC,74,55,9.226776361297127,7.835824889417632,9.848857801796104,9.962321184621251,6.404329571733658,0.9886107483665253,27.23577795950151,0.9322033898305084,0.527993548128239,20.131676039353053,248.7818145751953,251.0,-4.730316162109375,False,False,mcherry_below_background,250.4277801513672,19.89429473876953,0.7209450006484985,6.787143707275391,15.369049072265625
Pos23,VapC,75,386,36.060637428170445,13.82799129489226,35.805027579936315,34.95302379264328,11.915038497635754,1.0243756818393595,83.5081680014271,0.9346246973365617,0.9235554210869457,-56.97868993622679,339.9637451171875,341.0,83.75253295898438,True,True,ok,250.4277801513672,19.89429473876953,0.7209450006484985,6.787143707275391,15.369049072265625
Pos23,VapC,76,215,20.484514783805313,13.40396415010851,21.470910553583888,20.298659414815827,12.153404321360313,1.0577501752609557,54.47155591900303,0.9513274336283186,0.7561951249496456,65.37165700672581,250.66046142578125,253.0,-2.9001922607421875,False,False,mcherry_below_background,250.4277801513672,19.89429473876953,0.7209450006484985,6.787143707275391,15.369049072265625
Pos23,VapC,77,91,11.423864652581635,10.137913354136154,12.083045973594572,,,,33.70953281671008,0.9578947368421052,0.4609369213536566,-12.34853098833137,254.35165405273438,254.0,-1.8836822509765625,False,False,mcherry_below_background,250.4277801513672,19.89429473876953,0.7209450006484985,6.787143707275391,15.369049072265625
Pos23,VapC,78,139,15.087979814592853,11.737263357108768,15.652475842498529,14.663962339087943,11.371411377768107,1.0674110776168337,42.309444367983346,0.952054794520548,0.6283615159445763,32.3516187827292,249.0359649658203,250.0,-5.8410797119140625,False,False,mcherry_below_background,250.4277801513672,19.89429473876953,0.7209450006484985,6.787143707275391,15.369049072265625
Pos23,VapC,79,104,12.977808951649406,10.201570317586704,13.601470508735444,12.71941554290459,9.795312323708371,1.069347130208581,36.62108767417222,0.9629629629629629,0.6181272944744612,-17.28231080817338,248.58653259277344,248.0,-7.9256591796875,False,False,mcherry_below_background,250.4277801513672,19.89429473876953,0.7209450006484985,6.787143707275391,15.369049072265625
Pos23,VapC,80,246,24.079725719104545,13.304767281958483,24.186773244895647,22.796727747472822,12.189822641049133,1.0609756589989947,59.50926747052986,0.968503937007874,0.8334931090992291,36.27745953423217,250.40650939941406,250.0,-6.0179595947265625,False,False,mcherry_below_background,250.4277801513672,19.89429473876953,0.7209450006484985,6.787143707275391,15.369049072265625
Pos23,VapC,81,91,11.741754744810896,9.934092859785292,12.529964086141668,,,,33.70953281671008,0.978494623655914,0.5331060855112953,62.972142452005826,255.25274658203125,255.0,-1.00750732421875,False,False,mcherry_below_background,250.4277801513672,19.89429473876953,0.7209450006484985,6.787143707275391,15.369049072265625
Pos23,VapC,82,108,12.660907447672342,10.890484707733458,13.601470508735444,12.740631607596477,10.244621660338293,1.0675664227372919,37.176448041442015,0.9557522123893806,0.5100138235735656,13.94643064441247,248.1018524169922,248.0,-7.9620361328125,False,False,mcherry_below_background,250.4277801513672,19.89429473876953,0.7209450006484985,6.787143707275391,15.369049072265625
Pos23,VapC,83,43,7.92060380479105,7.228376918762488,8.94427190999916,10.871954042561885,4.324230268638167,0.8226922110766682,26.68041759223172,0.8958333333333334,0.40884401827190336,29.282975924414746,247.86045837402344,246.0,-10.04620361328125,False,False,mcherry_below_background,250.4277801513672,19.89429473876953,0.7209450006484985,6.787143707275391,15.369049072265625
Pos23,VapC,84,136,14.480232210971053,12.004801650156866,15.231546211727817,14.820877345013793,10.894999930769798,1.027708809482334,42.07940657185569,0.9444444444444444,0.5591780483309333,79.42892181365168,251.625,252.0,-4.0528106689453125,False,False,mcherry_below_background,250.4277801513672,19.89429473876953,0.7209450006484985,6.787143707275391,15.369049072265625
Pos23,VapC,85,136,14.340438847328112,12.071180777436172,15.524174696260024,14.356023401886302,11.424422849892759,1.081370116338779,41.75408400071355,0.9577464788732394,0.539854864977969,-9.668595286561464,253.83824157714844,253.0,-3.1379852294921875,False,False,mcherry_below_background,250.4277801513672,19.89429473876953,0.7209450006484985,6.787143707275391,15.369049072265625
Pos23,VapC,86,527,41.36731393182098,16.413575149298868,40.26164427839479,38.757706003395796,14.812108099005394,1.0388035936612767,94.42480579679403,0.947841726618705,0.9179152817274385,-11.195718421195746,365.8178405761719,364.0,107.33392333984375,True,True,ok,250.4277801513672,19.89429473876953,0.7209450006484985,6.787143707275391,15.369049072265625
Pos23,VapC,87,840,72.83938100359822,15.12506423820844,67.36467917239716,65.1020042638338,13.503947721588908,1.034755840993675,145.62001604109412,0.9261300992282249,0.9782032850831509,85.92278615002647,354.17498779296875,354.0,97.26480102539062,True,True,ok,250.4277801513672,19.89429473876953,0.7209450006484985,6.787143707275391,15.369049072265625
Pos23,VapC,88,187,21.772123006709812,11.101295007014807,21.93171219946131,20.61319659603776,10.14291883248122,1.0639646353383634,52.80547481719364,0.9540816326530612,0.860242136952339,62.779237971220944,251.04278564453125,250.0,-6.12139892578125,False,False,mcherry_below_background,250.4277801513672,19.89429473876953,0.7209450006484985,6.787143707275391,15.369049072265625
Pos23,VapC,89,108,14.146092940568812,9.747525572735764,14.866068747318506,13.492283385087918,9.41425262745057,1.1018200791534618,37.731808408711814,0.9642857142857143,0.7247030341504274,73.78450707006535,250.99073791503906,252.5,-3.75408935546875,False,False,mcherry_below_background,250.4277801513672,19.89429473876953,0.7209450006484985,6.787143707275391,15.369049072265625
Pos23,VapC,90,106,15.059321232718494,8.949009360711152,15.231546211727817,13.749838616087843,8.963031729716112,1.1077618172118995,37.731808408711814,0.9724770642201835,0.8042800061996381,66.75860375726845,251.9528350830078,251.0,-5.16241455078125,False,False,mcherry_below_background,250.4277801513672,19.89429473876953,0.7209450006484985,6.787143707275391,15.369049072265625
Pos23,VapC,91,144,15.741186748538388,11.738590846276287,17.08800749063506,16.77838352936573,9.814496036941645,1.0184537420263056,44.76092363319018,0.9473684210526315,0.6662542749757434,-15.176260805338528,250.8541717529297,250.5,-5.9042205810546875,False,False,mcherry_below_background,250.4277801513672,19.89429473876953,0.7209450006484985,6.787143707275391,15.369049072265625
Pos23,VapC,92,713,55.71577812265661,16.645493550607835,52.55473337388365,52.07578255514034,14.565909876271816,1.0091971890818188,120.7799008178836,0.9356955380577427,0.9543291339741918,21.10131624219975,335.38848876953125,336.0,79.1583251953125,True,True,ok,250.4277801513672,19.89429473876953,0.7209450006484985,6.787143707275391,15.369049072265625
Pos23,VapC,93,152,16.70198647521137,11.607083858760312,17.46424919657298,16.827300930437655,10.416780362345733,1.037852075550821,45.54632179658762,0.9325153374233128,0.7190558430663688,82.48127049080264,253.625,253.0,-3.4402923583984375,False,False,mcherry_below_background,250.4277801513672,19.89429473876953,0.7209450006484985,6.787143707275391,15.369049072265625
Pos23,VapC,94,311,24.567580455202776,16.168792305907818,25.553864678361276,24.422152912573512,14.609975684312001,1.0463395577711379,65.52294673548312,0.9569230769230769,0.7528996659070483,58.31479905919771,248.40835571289062,248.0,-8.44549560546875,False,False,mcherry_below_background,250.4277801513672,19.89429473876953,0.7209450006484985,6.787143707275391,15.369049072265625
Pos23,VapC,95,206,23.690575383742452,11.550693868102034,23.323807579381203,23.086905263354947,9.819001738060498,1.0102613283731139,57.383110776465166,0.9196428571428571,0.873086727246179,54.20320727683044,249.126220703125,250.0,-6.5551910400390625,False,False,mcherry_below_background,250.4277801513672,19.89429473876953,0.7209450006484985,6.787143707275391,15.369049072265625
Pos23,VapC,96,174,17.367102868570825,12.801680018822099,18.027756377319946,17.24547181880716,11.831591051069902,1.0453617370827546,47.99780106179446,0.9560439560439561,0.6757592857657145,75.44490743330255,246.70115661621094,246.0,-10.476486206054688,False,False,mcherry_below_background,250.4277801513672,19.89429473876953,0.7209450006484985,6.787143707275391,15.369049072265625
Pos24,VapC,1,1110,90.02854929115746,16.350459337537348,81.74350127074322,81.05391618848478,14.23077550150894,1.008507733058263,178.35358114437776,0.900974025974026,0.9833698678320869,-15.368962608126813,304.98828125,306.0,63.19878387451172,True,True,ok,250.35873413085938,19.905153274536133,0.9631153345108032,6.889288425445557,16.073867797851562
Pos24,VapC,2,429,36.24135847716024,15.21441083985074,35.510561809129406,34.51243208174586,13.576418653995304,1.0289208748030099,84.52360396095219,0.9470198675496688,0.907612954458371,-36.15354861823626,282.5174865722656,283.0,38.45231628417969,True,True,ok,250.35873413085938,19.905153274536133,0.9631153345108032,6.889288425445557,16.073867797851562
Pos24,VapC,3,1068,86.59842055349625,16.620137386592145,79.32212806020776,77.9548206199525,14.260042130087818,1.0175397419862102,172.18880057549418,0.8732624693376942,0.9814101928717959,54.75785476925426,296.0205993652344,296.0,52.53010559082031,True,True,ok,250.35873413085938,19.905153274536133,0.9631153345108032,6.889288425445557,16.073867797851562
Pos24,VapC,4,708,51.150903522467914,18.024883072167416,48.373546489791295,47.375789226787,16.121668678043193,1.0210604884749899,113.15595698003678,0.9516129032258065,0.9358545937498789,-3.460086986872942,295.9872741699219,297.0,53.11389923095703,True,True,ok,250.35873413085938,19.905153274536133,0.9631153345108032,6.889288425445557,16.073867797851562
Pos24,VapC,5,1356,99.64499076661423,18.002691152393158,90.52071586106685,90.0773515799524,15.636208148410512,1.0049220394842637,198.0048835121311,0.9237057220708447,0.983544083979913,-74.12967051075489,298.0383605957031,297.5,53.48876190185547,True,True,ok,250.35873413085938,19.905153274536133,0.9631153345108032,6.889288425445557,16.073867797851562
Pos24,VapC,6,740,56.03193528274408,17.186287167401844,53.71219600798314,52.90914047933294,14.884899377053808,1.015178011235391,122.8107727369338,0.9390862944162437,0.9517988016245146,-62.95419483402606,302.4459533691406,302.0,57.13789367675781,True,True,ok,250.35873413085938,19.905153274536133,0.9631153345108032,6.889288425445557,16.073867797851562
Pos24,VapC,7,699,55.556581944636164,16.317607608489357,53.16013544000805,51.66956462334723,14.388088045253086,1.0288481396645501,119.76446485835851,0.9307589880159787,0.9558941094715891,-74.98814612686517,293.254638671875,292.0,46.117919921875,True,True,ok,250.35873413085938,19.905153274536133,0.9631153345108032,6.889288425445557,16.073867797851562
Pos24,VapC,8,1211,88.75047076541095,17.812987337945426,82.29216244576394,81.66728990078994,15.456215331915395,1.0076514421591938,180.9792816767964,0.9315384615384615,0.9796509771722346,-63.833148369933795,314.8653869628906,316.0,70.70332336425781,True,True,ok,250.35873413085938,19.905153274536133,0.9631153345108032,6.889288425445557,16.073867797851562
Pos24,VapC,9,887,64.03031628985126,18.148744083129042,60.74537019394976,58.463994657202214,16.126317678113757,1.0390218894573346,135.3376751051943,0.9317226890756303,0.9589900124655375,-53.4202033092455,312.7001037597656,313.0,66.57052612304688,True,True,ok,250.35873413085938,19.905153274536133,0.9631153345108032,6.889288425445557,16.073867797851562
Pos24,VapC,10,1123,84.29320357641289,17.593812676822616,78.23042886243178,76.05686694831066,15.437719713987129,1.0285781153146671,169.73732131028734,0.9189852700490998,0.9779750978037981,36.0379072714539,331.8486328125,333.0,85.69244384765625,True,True,ok,250.35873413085938,19.905153274536133,0.9631153345108032,6.889288425445557,16.073867797851562
Pos24,VapC,11,755,64.4576282559965,16.18682954969619,67.05221845696084,65.5997027066335,11.978599080440528,1.0221421087352043,144.87408612379534,0.9162621359223301,0.9679550371418021,-18.07288412047356,334.6251525878906,335.0,86.99845886230469,True,True,ok,250.35873413085938,19.905153274536133,0.9631153345108032,6.889288425445557,16.073867797851562
Pos24,VapC,12,873,61.23200547578135,18.519150553946275,57.48912940721924,54.802937608329465,17.070960264305512,1.049015470996969,129.09395804411338,0.9540983606557377,0.9531676849166011,-44.237454939353505,301.5853271484375,300.0,53.64158630371094,True,True,ok,250.35873413085938,19.905153274536133,0.9631153345108032,6.889288425445557,16.073867797851562
Pos24,VapC,13,687,49.56829257340164,17.861952349238646,47.92702786528704,47.067602886780925,15.723207977548684,1.0182593742998431,112.08470449159586,0.9541666666666667,0.9328170313826043,-64.1641785906595,319.4425048828125,319.0,72.70280456542969,True,True,ok,250.35873413085938,19.905153274536133,0.9631153345108032,6.889288425445557,16.073867797851562
Pos24,VapC,14,2397,86.77411398954273,37.87850811563253,94.2443632266673,96.59989307825433,26.356984510766587,0.97561560601647,223.28872604477976,0.9001126549004882,0.8996952698844654,-22.961484656901117,251.79598999023438,252.0,2.8341064453125,False,False,mcherry_below_background,250.35873413085938,19.905153274536133,0.9631153345108032,6.889288425445557,16.073867797851562
Pos24,VapC,15,985,77.24141875758886,16.62777577890925,71.21797525905943,68.69617237998305,15.04566914723397,1.0367095107588729,154.56837012679102,0.933649289099526,0.9765545250280407,-49.08593822764664,322.0670166015625,322.0,73.8355712890625,True,True,ok,250.35873413085938,19.905153274536133,0.9631153345108032,6.889288425445557,16.073867797851562
Pos24,VapC,16,786,62.851335656139106,16.196099448430655,59.22837157984339,56.68178390962278,14.683148507044628,1.044927796808249,130.12574228645565,0.9492753623188406,0.9662279058482431,80.62658130554286,349.517822265625,350.0,100.93321228027344,True,True,ok,250.35873413085938,19.905153274536133,0.9631153345108032,6.889288425445557,16.073867797851562
Pos24,VapC,17,614,49.53278270804503,15.946534258190697,47.20169488482379,46.06287558745153,14.279584307652229,1.0247231481501884,108.42721971683493,0.9475308641975309,0.946760415227339,-52.10785566617835,324.7703552246094,323.0,73.0430679321289,True,True,ok,250.35873413085938,19.905153274536133,0.9631153345108032,6.889288425445557,16.073867797851562
Pos24,VapC,18,674,51.12239748548339,16.975462210123347,49.24428900898052,47.94542253560329,15.074812653882192,1.0270905209441572,113.10014045112095,0.9519774011299436,0.9432599262353206,59.13908459514481,341.54302978515625,342.5,92.43677520751953,True,True,ok,250.35873413085938,19.905153274536133,0.9631153345108032,6.889288425445557,16.073867797851562
Pos24,VapC,19,1209,94.66272168184098,18.678648504329036,85.98837130682264,86.03341508923046,14.58316006297293,0.9994764385168123,188.7148585724749,0.8263841421736159,0.9803395586653815,-8.483349975121074,358.8461608886719,357.0,107.26341247558594,True,True,ok,250.35873413085938,19.905153274536133,0.9631153345108032,6.889288425445557,16.073867797851562
Pos24,VapC,20,934,75.97957957148635,16.10038603285224,70.26378868236469,69.89883088353942,13.960536249994396,1.0052212289420597,155.73490739024643,0.9156862745098039,0.9772904601235578,-66.37217506158704,323.45611572265625,325.0,74.7463607788086,True,True,ok,250.35873413085938,19.905153274536133,0.9631153345108032,6.889288425445557,16.073867797851562
Pos24,VapC,21,744,62.095207065256325,15.614901859745384,58.137767414994535,57.34502333044135,13.67380636490487,1.0138241130356704,130.29996355366745,0.9335006273525721,0.9678658460112314,-61.861786650393356,322.06451416015625,323.0,72.51765441894531,True,True,ok,250.35873413085938,19.905153274536133,0.9631153345108032,6.889288425445557,16.073867797851562
Pos24,VapC,22,830,66.14966338290363,16.370086236732853,62.51399843235114,60.15553736048319,14.553128860454079,1.039206051102741,136.92481971480635,0.9378531073446328,0.968895444216591,-84.97692897725122,337.3795166015625,341.0,90.49900817871094,True,True,ok,250.35873413085938,19.905153274536133,0.9631153345108032,6.889288425445557,16.073867797851562
Pos24,VapC,23,664,54.84185354084033,16.18154601119996,52.0,50.99515840750729,13.825197911674357,1.0197046469483029,117.77306118540697,0.907103825136612,0.9554792403620023,66.77728754899617,317.21234130859375,318.0,67.44970703125,True,True,ok,250.35873413085938,19.905153274536133,0.9631153345108032,6.889288425445557,16.073867797851562
Pos24,VapC,24,742,60.34043634120159,16.037716827490154,57.0087712549569,55.48422788479968,14.147293987565343,1.0274770584051847,127.118902653979,0.93099121706399,0.9640317181999052,-12.985726142791002,327.75335693359375,327.0,75.5535659790039,True,True,ok,250.35873413085938,19.905153274536133,0.9631153345108032,6.889288425445557,16.073867797851562
Pos24,VapC,25,732,60.22086201704092,16.42879851762156,56.302753041036986,55.25740196226399,14.009306895042554,1.018917847051276,126.5077257577934,0.8992628992628993,0.9620681892935905,-54.822149100456954,317.93988037109375,317.0,65.51496887207031,True,True,ok,250.35873413085938,19.905153274536133,0.9631153345108032,6.889288425445557,16.073867797851562
Pos24,VapC,26,864,63.7747249092607,17.576827057462037,59.81638571495272,58.23873580118044,15.749506190219458,1.0270893571446704,134.45699216678238,0.9370932754880694,0.9612701010737603,42.898033659511256,346.5544128417969,347.0,95.77101135253906,True,True,ok,250.35873413085938,19.905153274536133,0.9631153345108032,6.889288425445557,16.073867797851562
Pos24,VapC,27,238,30.061960283858696,10.243847277120075,28.861739379323623,28.12691765794564,9.092413236447824,1.0261252132321865,66.63366747002271,0.9296875,0.9401511185223109,-13.338064721129987,292.91595458984375,291.5,39.76228332519531,True,True,ok,250.35873413085938,19.905153274536133,0.9631153345108032,6.889288425445557,16.073867797851562
Pos24,VapC,28,746,58.21729290931827,16.530519001469028,55.362442142665635,53.75399684296372,14.746159305394022,1.0299223386941962,124.34210081763003,0.9479034307496823,0.9588405194336024,-74.29441636828912,332.0522766113281,331.0,79.09512329101562,True,True,ok,250.35873413085938,19.905153274536133,0.9631153345108032,6.889288425445557,16.073867797851562
Pos24,VapC,29,605,44.48598029317039,17.41674711886397,43.41658669218482,41.74419111313064,15.77183155873698,1.0400629532986239,101.49338926737107,0.9618441971383148,0.9201734611964533,31.239241633748584,325.28594970703125,323.0,72.10148620605469,True,True,ok,250.35873413085938,19.905153274536133,0.9631153345108032,6.889288425445557,16.073867797851562
Pos24,VapC,30,852,67.6012649338834,16.599435598092015,62.64982043070834,60.674198149617254,14.818930283969676,1.0325611601198152,138.2655782454736,0.919093851132686,0.9693841328916686,83.81811264639407,327.1138610839844,325.5,74.1763916015625,True,True,ok,250.35873413085938,19.905153274536133,0.9631153345108032,6.889288425445557,16.073867797851562
Pos24,VapC,31,722,56.20849100635849,16.67949971286277,52.009614495783374,51.36149699729994,14.996949482917586,1.012618742372667,119.84340135055584,0.9601063829787234,0.9549572473046812,42.09818044133739,337.9639892578125,338.0,86.3233413696289,True,True,ok,250.35873413085938,19.905153274536133,0.9631153345108032,6.889288425445557,16.073867797851562
Pos24,VapC,32,248,21.772514762422208,14.785423415009324,22.80350850198276,22.292459800282217,12.670256971456958,1.0229247335771385,59.049191878274556,0.9575289575289575,0.734058148429482,-50.03514428117602,360.8387145996094,362.0,111.08251953125,True,True,ok,250.35873413085938,19.905153274536133,0.9631153345108032,6.889288425445557,16.073867797851562
Pos24,VapC,33,801,62.93873292697723,16.783574907607886,58.309518948453004,59.58276761776824,14.166296374458742,0.978630588671488,135.3376751051943,0.9217491369390104,0.9637892030208712,28.81712331270949,347.439453125,348.0,96.10580444335938,True,True,ok,250.35873413085938,19.905153274536133,0.9631153345108032,6.889288425445557,16.073867797851562
Pos24,VapC,34,726,54.66110454059219,17.420937861027426,52.80151512977634,51.333112132684654,15.09557157705279,1.028605376453627,119.89921787947166,0.9307692307692308,0.9478529075206613,24.750165351474408,328.21624755859375,329.0,76.13739776611328,True,True,ok,250.35873413085938,19.905153274536133,0.9631153345108032,6.889288425445557,16.073867797851562
Pos24,VapC,35,592,47.894113978316135,15.951569164065893,45.70557952810576,43.45287524083925,14.689663564267182,1.051842467840869,103.67536249035157,0.9563812600969306,0.9429059626731878,83.76628137006784,315.0591125488281,313.0,60.01617431640625,True,True,ok,250.35873413085938,19.905153274536133,0.9631153345108032,6.889288425445557,16.073867797851562
Pos24,VapC,36,808,62.139625418811825,16.85417566918442,59.16924876994806,57.09780097253409,14.996415327560463,1.0362789417828964,131.31539951319257,0.9528301886792453,0.9625143602459596,33.50298710649492,375.4801940917969,374.5,122.45174407958984,True,True,ok,250.35873413085938,19.905153274536133,0.9631153345108032,6.889288425445557,16.073867797851562
Pos24,VapC,37,910,73.44838646964446,16.183159475035875,68.11754546370561,64.18965452871083,14.921074603329586,1.0611919625340545,145.41309820824796,0.948905109489051,0.9754245395185038,46.98739600298887,331.70550537109375,329.0,76.56027221679688,True,True,ok,250.35873413085938,19.905153274536133,0.9631153345108032,6.889288425445557,16.073867797851562
Pos24,VapC,38,679,55.55168613609726,15.796810305539475,52.478567053607705,50.985508567213856,14.16164935660954,1.029283977513445,118.13785200264779,0.9443671766342142,0.9587168666837906,-55.11920083319249,326.3829040527344,325.0,72.74098205566406,True,True,ok,250.35873413085938,19.905153274536133,0.9631153345108032,6.889288425445557,16.073867797851562
Pos24,VapC,39,859,70.73753234332057,15.8030700506338,65.5133574166368,64.23842321086181,14.02961078248913,1.0198469100275085,144.49294702373737,0.9377729257641921,0.9747258647711926,-33.5132508850864,340.4842834472656,341.0,86.53981018066406,True,True,ok,250.35873413085938,19.905153274536133,0.9631153345108032,6.889288425445557,16.073867797851562
Pos24,VapC,40,632,50.30030627988025,16.300217358153002,48.373546489791295,46.644050522536226,14.519331326566281,1.0370785973319245,109.86326302251666,0.9432835820895522,0.9460372104431232,-59.602462365539594,365.30853271484375,364.0,108.70268249511719,True,True,ok,250.35873413085938,19.905153274536133,0.9631153345108032,6.889288425445557,16.073867797851562
Pos24,VapC,41,392,37.9732819978663,13.696621127873799,39.0,37.28074567368106,11.242363188476892,1.046116414659932,87.39569057231566,0.9560975609756097,0.932685370944757,19.89829548089509,363.7040710449219,366.0,110.1707763671875,True,True,ok,250.35873413085938,19.905153274536133,0.9631153345108032,6.889288425445557,16.073867797851562
Pos24,VapC,42,778,61.29173447322203,16.861199342922532,57.28001396647874,56.73315197663925,14.509688290368603,1.0096391963214855,130.03045751144114,0.9110070257611241,0.9614163497892455,-73.96967462280496,342.4421691894531,341.0,85.15118408203125,True,True,ok,250.35873413085938,19.905153274536133,0.9631153345108032,6.889288425445557,16.073867797851562
Pos24,VapC,43,817,61.142744362592545,17.178253681070284,58.9406481131655,57.008996665367306,15.200888562838706,1.0338832738828336,131.3712160421084,0.9477958236658933,0.9597214505728876,13.606293965960127,342.7894592285156,341.0,85.55511474609375,True,True,ok,250.35873413085938,19.905153274536133,0.9631153345108032,6.889288425445557,16.073867797851562
Pos24,VapC,44,812,63.175921173488376,16.62279498987,60.30754513325841,57.32041731159873,15.009417263127702,1.0521128066012044,131.77547510544787,0.9519343493552169,0.9647633442036997,41.79790490460993,358.8559265136719,359.0,103.42713165283203,True,True,ok,250.35873413085938,19.905153274536133,0.9631153345108032,6.889288425445557,16.073867797851562
Pos24,VapC,45,741,64.06502973234483,15.09381450580283,59.464274989274024,58.93112118665518,13.209414013110438,1.0090470670145602,132.9420123689033,0.9320754716981132,0.9718497580884283,71.1578204283633,355.2766418457031,355.0,99.59101867675781,True,True,ok,250.35873413085938,19.905153274536133,0.9631153345108032,6.889288425445557,16.073867797851562
Pos24,VapC,46,26,6.995036264987494,4.748553210435595,7.211102550927978,6.986947742474465,4.285248949372457,1.0320819357343767,18.865904204355907,0.9285714285714286,0.7342805653977202,49.64665429969856,251.42308044433594,253.5,-2.1910552978515625,False,False,mcherry_below_background,250.35873413085938,19.905153274536133,0.9631153345108032,6.889288425445557,16.073867797851562
Pos24,VapC,47,1271,101.95106221071146,16.735714702383532,92.70382947861431,93.39910127444769,14.062654410267609,0.9925559048604722,202.85202551362897,0.8741403026134801,0.9864346584326238,64.22646699004947,377.8804016113281,379.0,122.90695190429688,True,True,ok,250.35873413085938,19.905153274536133,0.9631153345108032,6.889288425445557,16.073867797851562
Pos24,VapC,48,935,79.37247656875525,16.57468908390609,72.91776189653656,72.9322227507763,13.34407326769348,0.9998017220140245,161.09794151291544,0.8431018935978359,0.9779537470240398,-65.09925355105044,344.9807434082031,345.0,88.64111328125,True,True,ok,250.35873413085938,19.905153274536133,0.9631153345108032,6.889288425445557,16.073867797851562
Pos24,VapC,49,1170,90.9694941000129,16.86181391292961,83.67795408588812,82.54500708514186,14.738853584009188,1.013725203264901,181.9157811441242,0.9227129337539433,0.9826712870379999,-76.96972370790738,381.6076965332031,386.0,129.34596252441406,True,True,ok,250.35873413085938,19.905153274536133,0.9631153345108032,6.889288425445557,16.073867797851562
Pos24,VapC,50,84,12.110555193634285,8.875108984001345,12.649110640673518,12.586451380365759,7.679330998267208,1.0049783102809664,33.939570612837734,0.9130434782608695,0.6804001458940957,-65.90257959841185,256.5952453613281,257.0,-0.0324554443359375,False,False,mcherry_below_background,250.35873413085938,19.905153274536133,0.9631153345108032,6.889288425445557,16.073867797851562
Pos24,VapC,51,623,51.12421853397778,16.048924927518385,48.25971404805462,46.140811217750155,14.47691199608151,1.0459225309304776,108.8083588168929,0.9368421052631579,0.9494493708357222,87.9486581654403,403.4430236816406,407.0,150.00140380859375,True,True,ok,250.35873413085938,19.905153274536133,0.9631153345108032,6.889288425445557,16.073867797851562
Pos24,VapC,52,962,86.11869453012324,15.931962448414358,78.10249675906654,77.32992789323193,12.902170439765642,1.00999055458711,169.3888787758637,0.8528368794326241,0.9827385120085622,-89.87607328545542,344.7234802246094,345.0,87.81193542480469,True,True,ok,250.35873413085938,19.905153274536133,0.9631153345108032,6.889288425445557,16.073867797851562
Pos24,VapC,53,1075,79.98991479231196,17.73651323300881,74.30343195303969,73.17548057515492,15.384866388045463,1.01541433508901,163.91421159536307,0.9164535379369139,0.9751071068761742,-29.79935420010122,320.7060546875,322.0,63.95855712890625,True,True,ok,250.35873413085938,19.905153274536133,0.9631153345108032,6.889288425445557,16.073867797851562
Pos24,VapC,54,133,21.08816571038895,8.358331958240958,21.095023109728988,20.72356695604132,6.9126458159695545,1.0179243348635685,49.338559592461706,0.9047619047619048,0.9180987249045173,-63.325588321765615,254.70677185058594,254.0,-2.780517578125,False,False,mcherry_below_background,250.35873413085938,19.905153274536133,0.9631153345108032,6.889288425445557,16.073867797851562
Pos24,VapC,55,184,21.975483500368178,11.27553418862475,23.08679276123039,21.988604663087713,9.192724357350775,1.049943510057562,54.47155591900302,0.9484536082474226,0.8583311857516556,-72.60897282112627,353.47283935546875,353.0,96.49237060546875,True,True,ok,250.35873413085938,19.905153274536133,0.9631153345108032,6.889288425445557,16.073867797851562
Pos24,VapC,56,209,50.939004009138074,5.3584624854423755,48.041648597857254,45.752585283389216,4.670357883224044,1.0500313435905249,96.83681681590218,0.8708333333333333,0.9944517508352676,89.11497001193725,361.02392578125,361.0,103.28030395507812,True,True,ok,250.35873413085938,19.905153274536133,0.9631153345108032,6.889288425445557,16.073867797851562
