,EXP_biorep1a,EXP_biorep1b,EXP_biorep1c,EXP_biorep2,EXP_biorep3,CASP_biorep1a,CASP_biorep1b,CASP_biorep1c,CASP_biorep2,CASP_biorep3,Disrupted_biorep1a,Disrupted_biorep1b,Disrupted_biorep1c,Disrupted_biorep2,Disrupted_biorep3
CDN75_RS00290,138,133,93,163,97,125,44,100,104,54,115,134,147,174,86
CDN75_RS00615,58,58,37,38,48,2,4,4,0,0,7,24,18,18,11
CDN75_RS00685,129,134,78,134,124,31,4,22,15,15,153,121,143,101,96
CDN75_RS01980,1984,1623,924,1437,1082,80,37,55,129,59,111,144,172,431,158
CDN75_RS02765,24,18,8,17,22,0,0,2,2,0,52,50,42,15,20
CDN75_RS05190,4,2,8,5,4,6,6,5,8,3,7,8,15,14,4
CDN75_RS05665,59265,80111,40478,93058,67899,2932,812,1702,2896,1105,546,529,603,744,540
CDN75_RS07125,3,4,3,4,1,1,0,5,6,0,11,16,10,12,6
CDN75_RS07385,14,39,13,3,17,0,0,0,0,0,3,4,2,4,7
CDN75_RS07395,3,1,3,0,3,0,0,0,1,0,4,2,5,2,2
CDN75_RS09705,1,1,2,6,0,0,0,0,0,1,7,3,5,3,2
CDN75_RS10005,7,16,2,16,7,1,0,1,2,0,4,7,13,1,8
CDN75_RS10700,24,36,21,32,27,24,5,10,19,5,98,89,75,81,54
CDN75_RS12755,445,573,343,508,514,62,16,36,47,23,261,274,250,188,178
CDN75_RS12855,0,0,3,1,3,0,0,0,1,0,3,4,1,2,6
CDN75_RS13515,76,66,59,54,46,47,20,41,26,33,108,147,167,117,94
CDN75_RS13680,0,7,0,0,0,0,0,0,1,0,2,2,5,4,2
CDN75_RS17410,286,272,125,445,176,106,29,97,70,52,274,287,361,498,337
CDN75_RS17475,23,31,10,17,21,1,3,4,6,0,32,23,39,29,18
CDN75_RS17695,60,44,36,51,48,13,3,16,14,6,55,48,54,42,40
CDN75_RS18610,6,5,6,9,7,0,0,0,0,0,1,1,0,0,2
CDN75_RS19670,10,3,0,0,0,2,7,8,15,3,27,37,35,55,20
CDN75_RS20180,51,45,36,56,33,74,28,55,56,47,37,53,74,89,49
CDN75_RS20440,2,5,3,3,5,2,0,0,0,0,5,5,4,8,5
CDN75_RS21730,4,14,4,5,7,0,0,1,0,0,2,2,2,4,2
CDN75_RS23015,126,119,88,98,135,39,12,26,21,22,119,96,130,86,105
CDN75_RS23280,2,0,0,3,1,3,0,0,0,0,0,1,2,0,1
CDN75_RS23435,4,10,4,8,5,3,0,0,0,0,2,4,5,0,0
CDN75_RS23975,1,0,0,1,1,0,0,0,0,0,0,8,5,3,4
CDN75_RS23980,0,2,0,0,0,2,0,0,1,3,5,0,4,5,1
CDN75_RS24090,0,0,0,1,0,1,0,0,0,0,3,3,2,0,1
CDN75_RS24150,1,0,3,3,0,1,0,0,0,0,3,2,6,4,0
CDN75_RS24155,8,7,3,12,7,3,0,1,2,1,33,40,50,28,37
CDN75_RS24160,6,4,3,5,5,0,0,0,2,2,7,7,7,13,5
CDN75_RS24260,0,0,0,1,0,0,0,0,1,0,0,2,2,3,2
CDN75_RS24270,0,4,0,0,0,0,0,0,0,0,0,0,4,1,0
CDN75_RS24275,2,0,2,4,1,0,0,0,1,0,0,2,3,2,0
CDN75_RS24315,0,2,0,0,1,0,0,0,1,1,1,4,3,0,0
CDN75_RS24320,0,3,0,2,0,1,0,0,0,0,1,5,2,3,2
CDN75_RS24420,0,0,0,0,0,0,0,0,0,0,1,0,0,0,0
CDN75_RS24555,2,3,0,0,0,6,0,0,0,2,2,3,3,0,2
ERCC-00002,1281093,1359800,1869557,1327319,1546864,3404643,1217846,2918401,3074529,2837707,3054420,2857072,3115156,3352858,2786646
ERCC-00003,43950,45086,63999,39621,49219,80968,28660,75982,89897,89287,86737,96810,92650,103587,68702
ERCC-00004,181209,175360,263087,161833,196346,317199,113824,293485,357777,374073,314713,342110,348906,408805,267913
ERCC-00009,55588,57721,77258,55129,65624,126718,46178,116775,127248,119433,122771,114400,130925,135051,106193
ERCC-00012,7,0,12,7,3,18,8,16,22,14,20,19,17,26,25
ERCC-00013,31,36,31,22,39,73,33,54,72,68,77,55,73,93,72
ERCC-00014,404,332,673,458,493,978,330,889,957,953,975,1008,984,1137,778
ERCC-00016,11,5,13,14,13,38,14,14,25,26,11,33,30,17,20
ERCC-00017,20,7,22,18,20,59,9,43,52,30,44,32,42,31,51
ERCC-00019,1712,1596,2169,1702,1779,3825,1448,3272,4138,3827,3478,3415,3933,4325,3010
ERCC-00022,11298,10298,14271,10305,11919,23972,8429,21292,23307,22057,22211,21986,23430,25265,19218
ERCC-00024,1,13,12,18,3,10,4,8,14,10,1,9,15,13,1
ERCC-00025,10078,11699,16769,11525,14695,27939,9745,24740,25641,25090,26524,24924,26559,26502,24872
ERCC-00028,334,228,386,306,284,783,255,620,640,652,643,592,726,725,593
ERCC-00031,127,147,180,156,159,326,112,317,340,330,350,361,350,367,330
ERCC-00033,129,172,232,173,219,349,132,324,256,365,303,358,343,417,289
ERCC-00034,1014,961,1424,984,1171,2738,924,2192,2343,2136,2300,2145,2311,2619,2145
ERCC-00035,10505,10042,14004,10762,11955,26939,9870,22823,23867,22476,24022,21915,23597,25941,22228
ERCC-00039,187,159,209,134,153,421,132,335,386,393,318,367,315,409,327
ERCC-00040,47,51,70,64,44,150,38,135,134,119,135,117,126,130,99
ERCC-00041,18,17,32,18,20,28,19,46,44,61,56,57,64,57,52
ERCC-00042,38072,39018,55026,36470,45102,82418,27761,75771,83630,81858,81350,83924,86008,95502,67633
ERCC-00043,15027,16226,22218,13105,17150,28738,10864,25985,31494,33170,29234,31362,32897,38416,23906
ERCC-00044,10957,10530,15140,11085,13015,27954,9930,24130,25192,23249,24860,23001,24920,26894,23031
ERCC-00046,105552,117725,164187,98035,113458,249277,103442,206461,230813,238819,207530,203936,234451,279175,186589
ERCC-00048,3,2,0,4,1,9,1,2,4,3,2,3,10,6,4
ERCC-00051,322,399,583,278,413,752,312,647,651,778,564,646,704,910,576
ERCC-00053,1149,1289,1610,934,1316,2054,705,1856,2268,2433,2111,2527,2358,2418,1739
ERCC-00054,2,4,4,1,1,9,1,5,12,8,6,1,12,9,16
ERCC-00057,4,4,1,1,3,3,3,0,2,2,8,8,13,4,5
ERCC-00058,206,193,295,169,233,456,188,430,548,463,458,448,518,539,443
ERCC-00059,534,423,628,478,542,1142,407,828,1128,1057,872,926,1044,1322,821
ERCC-00060,8292,8543,11710,7339,8637,17346,6876,14510,15609,16876,15483,16059,17046,20009,13951
ERCC-00061,2,6,1,14,3,18,3,9,9,2,5,5,17,5,15
ERCC-00062,2131,2279,3315,1853,2511,4878,1670,4328,4660,4555,4409,4726,4811,4996,3852
ERCC-00067,72,62,88,66,80,175,64,150,151,148,95,135,156,188,122
ERCC-00069,167,190,239,187,184,424,176,403,400,393,349,400,402,428,354
ERCC-00071,2524,2576,3481,2403,3019,5805,2180,5309,6021,5573,5382,5283,5710,6336,4628
ERCC-00073,59,57,79,61,58,126,56,99,123,65,101,113,105,118,82
ERCC-00074,414954,387566,563492,356458,419641,714603,253285,640314,827542,873545,658773,738086,810339,988419,573317
ERCC-00075,3,1,8,2,0,6,1,4,5,1,6,11,7,9,2
ERCC-00076,9125,9064,12316,9027,9792,23189,8888,20712,22776,20709,20637,19218,22442,24525,18400
ERCC-00077,38,24,53,28,52,80,25,38,45,47,28,50,39,74,41
ERCC-00078,2736,2770,3931,2893,3375,7723,2686,6349,6804,5845,6778,6337,6203,6937,6325
ERCC-00079,2680,2490,3478,2601,2830,7019,2673,5905,6484,5820,6068,5573,6224,6733,5433
ERCC-00081,0,8,6,8,3,19,6,7,10,26,7,11,14,16,13
ERCC-00083,4,0,3,12,8,12,7,13,8,12,19,9,9,8,0
ERCC-00084,2952,2859,3976,3064,3268,7572,2666,6246,6798,6161,6855,6082,6985,7282,5854
ERCC-00085,445,446,591,381,538,1133,335,944,1034,844,1011,906,1082,1176,863
ERCC-00086,6,7,9,1,9,7,3,11,8,12,2,14,9,20,3
ERCC-00092,20746,21455,29905,20760,24292,55022,19299,44949,47833,45143,47522,46737,48353,54089,42051
ERCC-00095,4878,4729,6735,4716,5418,9504,3548,8998,11163,11146,9947,10247,10942,12731,7760
ERCC-00096,1399440,1368920,1959446,1408494,1690914,3395608,1174731,3005314,3186311,2988211,3210964,3052668,3192753,3308720,2895445
ERCC-00097,24,10,31,12,12,30,2,16,45,35,17,35,39,44,19
ERCC-00098,0,7,9,3,8,15,9,12,18,16,9,14,19,14,12
ERCC-00099,1161,1168,1661,1122,1280,3031,967,2396,2624,2403,2419,2441,2612,3091,2078
ERCC-00104,19,24,25,14,31,53,24,65,44,56,38,54,64,59,34
ERCC-00108,55611,59488,82189,56289,68897,128248,45622,118918,131134,123870,129136,123209,138326,141562,111254
ERCC-00109,27,23,27,17,24,65,21,41,52,36,34,41,39,62,51
ERCC-00111,34996,32652,46226,33287,38198,83292,28368,66356,70525,68942,72372,74140,72897,87280,65367
ERCC-00112,11691,12324,17053,12302,14216,28873,10343,25543,27339,26307,26813,25202,27861,29590,24180
ERCC-00113,285683,256337,370675,273940,314438,679201,241075,595508,632629,592669,612446,572828,616339,658604,563373
ERCC-00116,83256,95384,127054,90175,113995,208604,72938,186320,201542,192434,207010,193910,212519,210938,181865
ERCC-00117,6,7,15,14,5,24,7,11,31,2,34,30,23,28,25
ERCC-00120,28,9,29,17,20,33,8,40,48,30,41,32,39,53,17
ERCC-00123,27,37,44,23,44,48,22,52,33,60,48,66,60,73,45
ERCC-00126,584,578,783,624,644,1477,487,1264,1367,1291,1235,1226,1271,1437,1155
ERCC-00130,1358362,1257750,1803579,1289680,1517781,3549653,1265747,2793416,2870992,2846029,2989423,2876416,2895692,3361956,2706938
ERCC-00131,7988,7842,10765,7563,8665,18563,6729,16066,17303,16724,17168,16117,17055,19289,14719
ERCC-00134,3,4,4,7,6,8,4,8,11,1,10,15,13,17,9
ERCC-00136,87653,86672,121504,81609,96125,176500,68536,153459,186671,194734,159036,161989,184876,224500,141170
ERCC-00137,42,37,56,19,37,87,27,66,66,85,65,60,62,77,41
ERCC-00138,8,34,22,19,10,24,19,24,27,30,41,38,36,37,25
ERCC-00142,0,1,1,1,0,8,1,4,3,1,1,3,1,3,1
ERCC-00143,220,241,284,177,225,461,184,503,488,509,457,395,487,496,430
ERCC-00144,909,918,1177,847,929,2119,877,1882,2169,2011,1818,1783,2174,2354,1633
ERCC-00145,41429,42303,59489,41552,50797,99977,36787,89262,93781,90732,93836,90027,94606,102812,81661
ERCC-00147,11,9,10,7,7,26,10,7,20,14,14,25,26,40,12
ERCC-00148,390,396,538,337,386,1023,371,812,904,771,741,742,828,1044,818
ERCC-00150,114,93,132,99,96,300,94,182,248,218,221,222,249,303,212
ERCC-00154,53,64,79,34,65,204,77,105,65,126,90,129,134,232,95
ERCC-00156,32,12,27,15,18,36,13,25,36,31,18,34,23,34,14
ERCC-00157,1132,1119,1570,1073,1237,2733,1012,2331,2509,2267,2391,2315,2597,2689,2267
ERCC-00158,26,26,40,27,34,57,24,60,60,54,58,84,69,80,63
ERCC-00160,842,883,1195,852,948,1957,758,1777,1956,1848,1901,1927,1952,2187,1521
ERCC-00162,1661,1672,2522,1460,1818,3170,1095,3053,3673,3652,3267,3695,3566,4301,2430
ERCC-00163,632,609,848,635,694,1632,592,1395,1535,1547,1430,1415,1437,1757,1204
ERCC-00164,24,26,45,39,38,47,22,60,70,51,64,73,68,56,49
ERCC-00165,3564,3409,4503,3463,3938,8205,2811,7483,8115,7427,7646,7004,7962,8339,6793
ERCC-00168,31,19,55,49,40,49,13,61,76,85,74,90,62,87,48
ERCC-00170,650,823,1069,655,834,1744,716,1369,1559,1528,1265,1433,1585,1982,1336
ERCC-00171,139183,136859,195847,143027,153169,355253,144396,319024,348447,330641,311717,284696,316462,357884,289759
HQ24_RS02850,1443,2065,1080,935,2049,47,15,35,23,4,69,65,78,95,54
HQ24_RS14730,0,0,0,0,2,0,0,0,0,0,6,4,3,3,0
HQ24_RS14780,15,10,3,6,1,7,2,5,6,0,17,10,10,12,14
HQ24_RS14810,2333,2689,1359,2706,1784,44,9,31,54,27,66,55,56,88,46
HQ24_RS14995,7,6,0,8,12,0,0,6,1,1,17,20,35,35,22
HQ24_RS15045,292,395,254,100,240,0,0,0,3,0,6,13,10,2,3
HQ24_RS15160,252,219,134,368,169,189,36,84,112,37,1158,1131,1259,1974,1040
HQ24_RS15200,69,74,66,60,38,23,6,24,17,8,158,195,216,260,246
HQ24_RS15245,0,1,0,0,0,0,0,0,0,0,1,7,2,1,0
HQ24_RS15255,0,16,7,8,3,1,0,0,0,0,0,3,2,13,1
HQ24_RS24660,4,11,4,2,1,0,0,0,1,0,2,8,6,5,0
HQ24_RS26150,0,0,0,0,0,0,0,0,0,0,0,0,0,0,0
HQ24_RS26650,2,0,1,0,1,0,0,0,0,0,0,4,0,0,0
HQ24_RS27005,26,7,10,12,11,19,8,7,8,2,26,25,22,36,19
HQ24_RS27035,7,6,0,0,2,1,0,1,2,0,4,3,7,1,0
HQ24_RS27050,29,44,30,37,32,28,6,11,22,21,85,103,95,79,42
HQ24_RS27090,0,0,0,0,0,12,2,4,1,0,2,0,4,4,1
HXF02_RS00010,170,244,106,137,166,67,18,26,75,25,161,147,132,130,106
HXF02_RS00020,65,113,63,26,62,6,0,0,2,1,15,7,9,4,4
HXF02_RS00030,9814,10639,5222,10322,6833,4174,1686,2735,6043,2518,5530,5901,7869,22078,10034
HXF02_RS00045,372,344,205,430,260,72,23,60,75,40,88,77,69,72,50
HXF02_RS00050,28,26,19,25,10,45,6,27,15,7,26,39,34,43,36
HXF02_RS00055,464,548,437,499,459,434,135,299,320,286,850,788,837,828,693
HXF02_RS00060,6,4,0,3,4,0,1,0,0,0,1,1,1,2,0
HXF02_RS00070,0,0,0,2,3,3,2,0,1,0,1,1,2,2,0
HXF02_RS00085,0,0,0,0,0,1,0,0,0,0,0,0,0,0,0
HXF02_RS00095,1392,1814,905,960,1125,277,79,176,218,88,768,726,769,589,486
HXF02_RS00105,3585,4194,2262,4290,3230,1379,412,901,971,497,3602,3354,3666,2843,2607
HXF02_RS00140,1358,1312,669,2217,973,580,163,321,415,165,645,596,783,820,612
HXF02_RS00160,175,220,81,174,145,152,41,77,79,32,352,390,390,477,421
HXF02_RS00165,690,715,385,812,603,109,45,75,73,49,296,237,330,358,212
HXF02_RS00170,82,86,33,55,59,4,5,12,6,2,40,33,40,34,21
HXF02_RS00180,91,153,58,258,73,62,18,28,39,11,115,104,132,152,95
HXF02_RS00185,331,393,204,712,259,170,36,96,107,45,296,330,307,445,284
HXF02_RS00190,659,775,384,876,589,156,41,81,120,55,249,200,293,236,163
HXF02_RS00210,505,602,283,1130,454,119,32,72,79,19,959,912,1119,708,653
HXF02_RS00225,1429,1720,868,1508,1267,849,224,498,695,289,1116,1035,1060,921,740
HXF02_RS00235,2,12,0,16,5,4,0,5,2,1,74,48,73,21,15
HXF02_RS00240,10,17,7,5,10,2,4,2,1,3,61,57,72,18,29
HXF02_RS00245,1,2,0,0,0,0,0,0,0,0,7,4,5,0,0
HXF02_RS00250,8,8,3,8,7,4,1,2,3,0,30,41,28,17,12
HXF02_RS00255,5,14,4,8,5,2,1,4,4,1,74,74,93,13,17
HXF02_RS00260,20,19,8,21,16,14,8,6,10,2,6,11,19,4,9
HXF02_RS00265,9,20,6,6,6,12,4,19,8,11,26,21,13,24,11
HXF02_RS00270,7,1,4,9,4,12,6,13,14,0,10,13,5,7,4
HXF02_RS00280,47,52,27,18,29,6,4,5,5,5,13,22,16,9,39
HXF02_RS00285,12,27,3,17,14,5,2,9,3,3,5,5,4,7,11
HXF02_RS00290,152,179,112,134,126,125,34,63,82,43,94,97,66,80,79
HXF02_RS00305,4565,5093,2286,4280,3317,1355,573,1042,2307,1092,1607,1563,2297,3352,1603
HXF02_RS00320,24,24,11,24,15,0,1,0,3,0,14,6,13,17,19
HXF02_RS00325,29,20,21,16,12,3,0,3,1,0,21,19,9,15,12
HXF02_RS00430,311,558,265,87,277,1,1,4,6,4,34,20,37,20,29
HXF02_RS00445,8,4,12,7,2,1,0,2,1,0,0,0,5,6,0
HXF02_RS00520,231,250,101,168,136,104,19,47,54,25,392,482,431,447,325
KanR,95803,103942,52875,135598,83294,83558,26173,57572,62200,26771,98331,94587,104835,133908,107435
Spc,11631,12099,6473,10894,9006,6404,1854,4052,5886,2452,5681,5397,5851,7494,5678
YFP,34898,31675,16604,31015,23945,6035,1651,3449,5527,2755,2975,3753,4178,11504,4630
aaeA,31,23,19,52,15,4,7,13,17,6,120,98,125,70,75
aaeB,65,95,46,105,77,23,5,15,18,7,252,212,283,148,172
aaeR,208,242,124,278,177,149,45,89,77,30,397,333,390,331,309
aaeX,3,1,2,13,0,18,6,9,10,5,38,30,37,53,24
aas,1012,1128,605,1248,851,358,130,228,316,142,460,464,499,505,380
aat,409,476,249,373,348,211,76,109,109,48,220,208,248,294,192
abgR,262,308,141,184,224,53,17,19,17,16,88,75,85,82,68
abpA,525,516,306,761,491,89,17,38,62,17,182,220,250,205,138
abpB,469,593,303,818,407,65,16,44,45,14,141,152,167,140,93
abrB,35,17,4,20,12,8,4,5,3,4,14,12,8,15,4
accA,2758,3066,1477,2366,2176,558,207,346,529,226,1118,1107,1288,1523,1169
accB,4193,4320,2186,2360,3162,79,34,62,73,29,250,265,300,239,234
accC,9579,11730,5737,6087,8912,222,64,138,189,57,476,487,568,477,477
accD,5179,5592,2714,4172,4398,843,255,628,748,300,1916,1729,1952,2152,1828
aceA,2114,2654,1225,39302,2587,904,226,591,1028,400,1989,1802,2003,1448,1042
aceB,1362,1616,746,23665,1343,1065,304,663,1173,480,2876,2654,3155,2213,1659
aceE,5099,7455,3767,3071,5856,1667,456,1130,1107,559,930,835,913,1158,654
aceF,4807,7075,3483,2780,4781,1577,482,1061,1166,500,644,650,711,710,502
aceK,468,538,301,6636,596,273,64,129,225,92,213,197,238,157,136
ackA,2847,3502,1880,3008,2744,2997,762,1720,1912,893,731,743,790,942,576
acnA,2286,2995,1542,10576,1874,3171,927,2096,2075,1004,3364,3208,3356,4941,3202
acnB,29624,37750,18325,31143,31752,5504,1618,3384,4053,1754,7209,6897,7714,6290,6033
acpH,119,122,49,176,84,72,27,45,48,22,330,280,352,568,395
acpP,8038,8847,4390,7270,6122,1196,359,625,1037,498,2039,2199,2463,3535,1809
acpS,185,238,122,296,157,77,38,53,92,27,48,50,61,39,48
acpT,414,377,148,467,251,70,20,52,61,24,113,107,126,177,136
acrA,2548,3203,1475,4001,2323,344,91,189,254,121,2015,1906,2193,2130,1857
acrB,6533,8496,3983,9710,6684,594,190,354,528,258,4520,4368,4769,4843,4331
acrD,328,364,219,381,279,90,19,48,51,26,403,404,448,255,269
acrE,2,4,4,6,3,1,0,0,2,0,10,18,12,5,7
acrF,113,154,67,148,122,49,10,16,32,6,165,199,205,105,91
acrR,73,87,54,54,54,3,1,1,4,1,30,29,35,54,22
acrS,0,13,2,0,5,2,2,0,0,0,0,5,7,3,0
acrZ,129,101,66,164,93,108,29,66,103,48,30,30,28,126,48
acs,14083,18106,9087,37444,12649,1688,446,1080,1304,551,752,649,762,2421,1217
actP,8464,11822,5612,25129,8180,507,145,303,396,190,165,159,180,475,237
actS,400,357,186,354,232,75,27,30,48,18,156,166,205,210,154
ada,186,221,165,231,200,455,94,252,316,153,521,634,631,1140,789
add,218,182,109,230,153,1047,294,664,862,306,640,660,716,871,632
adeD,97,151,83,140,72,101,23,63,111,38,148,131,163,158,190
adeP,3837,4484,2308,1802,3352,55,16,46,61,26,168,153,195,138,138
adeQ,16,21,18,68,32,76,28,42,63,36,75,94,112,106,94
adhE,10530,12984,6032,25519,9693,22507,5913,13410,13105,5816,2463,2288,2599,6549,3374
adhP,2991,3533,1816,8092,2311,2049,665,1489,1450,601,2575,2501,2603,2984,2297
adiA,46,63,27,54,47,61,18,34,25,2,24,18,38,15,29
adiC,10,6,17,19,13,44,14,18,29,9,47,67,60,29,24
adiY,1,0,0,6,1,27,8,16,34,6,13,37,28,26,24
adk,2863,2671,1312,2281,2081,164,41,78,133,43,326,367,387,453,328
adrA,43,38,25,67,27,270,75,115,203,86,91,96,92,147,100
aegA,111,107,38,93,68,29,14,22,26,21,125,84,120,92,91
aer,777,991,553,840,775,92,23,58,49,26,1381,1294,1442,891,885
aes,28,38,34,29,35,36,19,31,57,6,39,51,33,54,35
agaB,6,14,4,9,3,0,0,0,0,0,16,11,3,12,18
agaC,14,19,8,4,12,2,0,0,0,1,14,9,11,24,10
agaD,11,20,2,17,26,17,10,7,31,8,29,15,16,25,21
agaI,12,18,16,11,17,1,1,4,3,0,16,13,14,13,14
agaR,654,727,392,755,549,147,31,99,158,51,422,399,423,558,367
agaS,22,31,21,19,33,8,9,7,12,1,98,100,106,230,138
agaV,69,105,54,80,95,21,8,10,15,1,32,30,50,94,37
agn43,176,228,147,175,117,63,11,41,44,16,229,229,255,115,137
agp,1150,1133,593,3384,1019,2083,677,1311,1602,718,357,342,376,637,387
ahpC,6096,5953,3011,10011,4307,553,178,358,459,178,662,801,821,998,541
ahpF,959,1156,595,1393,860,440,109,304,324,146,962,844,986,1016,925
ahr,299,374,172,1474,207,1635,483,1030,1344,572,1719,1588,1638,2507,1873
aidB,188,245,129,1100,144,426,116,352,370,173,755,608,698,1044,720
ais,31,17,12,11,8,20,3,5,10,6,30,23,37,31,17
alaA,3386,3650,1885,2558,2694,57,23,55,41,19,669,609,713,525,490
alaC,1249,1392,805,3696,1120,1341,432,895,1297,519,1246,1108,1195,1653,1396
alaE,57,57,14,216,20,1450,440,891,1740,743,52,47,66,60,40
alaS,10396,13148,6483,7428,10310,747,190,386,514,208,2241,2234,2466,2282,2347
alaT,412,374,291,143,365,24,2,6,13,6,36,36,44,74,36
alaV,205,183,117,59,191,13,1,4,7,4,26,17,35,25,23
alaW,301,219,83,108,140,27,3,15,13,11,17,13,14,29,16
aldA,32182,37771,19024,49735,29606,5421,1539,3171,4129,1745,260,286,281,1250,583
aldB,1991,2361,1138,6271,1384,2516,738,1578,2213,961,527,500,610,1223,596
alkA,170,170,84,372,120,85,31,50,77,37,152,148,152,168,115
alkB,45,66,39,70,68,77,27,57,45,22,146,124,128,200,207
allA,48,32,18,14,12,32,3,18,27,16,28,27,25,24,21
allB,49,77,21,93,46,41,11,24,23,11,135,114,152,77,99
allC,90,50,43,144,51,78,16,35,40,10,63,84,59,56,79
allD,18,11,9,13,11,6,1,1,4,0,21,16,9,3,8
allE,74,100,38,151,53,81,19,37,52,25,58,81,78,92,52
allR,883,981,517,1167,610,2887,696,1654,2255,908,1206,1275,1510,3598,1613
allS,15,9,5,11,4,7,1,7,3,0,23,4,12,11,3
alpA,7,8,2,5,9,1,0,0,2,0,6,7,8,2,7
alr,571,651,367,470,509,18,5,13,15,7,311,328,376,165,166
alsA,33,76,32,47,57,7,7,19,17,0,31,52,38,22,13
alsB,173,152,70,117,120,43,20,27,46,10,77,56,71,54,48
alsC,28,51,23,32,27,11,6,1,7,5,38,28,27,11,12
alsE,28,42,28,26,13,10,4,5,5,1,16,30,32,8,13
alsK,68,81,37,53,39,20,1,24,30,2,54,52,54,33,17
alsR,350,312,239,350,275,101,36,54,105,46,52,54,56,63,41
alx,343,388,212,378,243,51,9,27,34,9,384,385,447,508,434
amiA,614,747,395,445,551,84,30,47,48,24,873,889,935,949,736
amiB,677,826,411,844,567,366,91,233,275,114,1190,1093,1149,1577,1463
amiC,1361,1494,715,1370,1289,42,20,26,31,19,1335,1329,1443,730,792
amiD,171,280,176,715,188,425,113,258,317,187,801,851,788,1156,735
amn,1095,1343,600,3050,919,554,106,321,341,125,105,131,128,210,107
ampC,127,196,84,192,106,14,2,6,6,1,68,71,87,100,77
ampD,138,139,39,224,103,92,40,47,92,28,41,49,59,57,65
ampE,236,314,151,537,224,280,85,120,126,52,172,133,167,186,117
ampG,1310,1516,730,793,1074,57,13,15,26,12,88,76,79,100,70
ampH,913,1030,464,913,741,70,19,43,59,23,200,159,171,212,105
amtB,96,152,54,126,89,118,36,85,82,44,245,235,204,201,160
amyA,3299,3993,2072,6832,3230,1239,365,769,879,395,1865,1851,1963,1880,1323
anmK,342,398,212,370,346,117,32,84,134,55,233,246,265,256,231
ansA,927,880,504,690,773,40,10,21,18,2,121,150,156,184,124
ansB,132,159,80,145,71,78,18,39,41,18,451,421,439,307,299
ansP,118,156,99,64,125,17,12,24,25,6,165,145,168,69,92
apaG,480,474,241,515,359,296,76,171,212,90,326,359,439,588,346
apaH,535,747,341,864,414,470,104,295,262,100,533,496,619,619,532
apbC,1363,1551,868,1577,1213,357,99,180,277,111,665,619,739,810,669
apbE,226,284,162,125,252,5,2,3,3,3,251,259,257,171,229
aphA,585,620,272,517,425,26,6,14,14,10,66,52,72,78,84
appA,89,89,49,131,75,98,31,59,37,31,128,113,109,127,103
appB,52,71,15,57,48,111,11,58,43,23,59,49,55,53,33
appC,82,74,50,81,44,137,34,69,107,32,84,65,91,46,47
appY,9,6,13,25,2,5,3,4,17,4,8,14,23,21,26
apt,1400,1316,660,672,1016,20,9,21,28,7,281,262,322,123,133
aqpZ,209,234,127,425,157,1232,429,945,1036,405,342,312,322,465,289
araA,66,76,20,92,63,140,38,67,53,60,53,45,53,45,39
araB,36,35,21,46,25,140,33,102,72,37,41,46,44,57,28
araC,169,185,105,156,202,266,69,157,188,101,262,262,251,474,290
araD,72,67,44,116,50,28,21,35,38,10,97,58,71,129,92
araE,257,297,176,217,220,201,51,123,175,68,343,384,412,466,350
araF,254,251,116,501,176,106,33,65,87,45,180,181,173,142,126
araG,79,132,49,164,72,185,41,103,99,38,162,167,166,123,90
araH,96,132,66,163,51,207,59,108,127,63,154,156,137,148,129
araJ,64,91,48,95,50,148,29,76,109,38,73,63,130,145,83
arcA,3932,4036,1927,10505,2875,4859,1255,2984,4507,2028,5838,5881,6433,11185,6490
arcB,1175,1463,750,1520,1043,1187,346,741,782,414,247,277,280,365,229
arcC,66,77,42,106,50,123,49,61,104,49,67,74,89,133,71
arfA,46,40,20,51,29,17,6,15,29,12,160,175,133,198,143
arfB,119,103,60,217,98,32,20,33,33,9,188,191,217,171,155
argA,152,172,93,188,118,825,203,513,777,254,240,296,321,251,199
argB,83,92,59,274,90,799,256,476,739,279,281,253,285,313,305
argC,26,58,34,91,46,832,244,506,798,329,39,39,56,30,33
argD,272,333,149,224,241,912,240,492,731,316,484,520,534,569,464
argE,241,305,118,804,254,539,149,334,445,230,232,295,304,396,304
argF,84,145,60,186,98,1006,297,545,904,348,281,236,262,171,213
argG,771,829,343,1467,424,1118,294,603,1026,432,967,972,1060,1114,882
argH,284,370,146,921,264,1868,541,1153,1549,649,1334,1216,1332,1720,1457
argL,0,0,0,0,0,0,0,0,0,0,1,1,1,0,1
argO,59,62,23,87,36,14,6,10,8,7,613,501,526,654,615
argP,586,710,378,854,466,139,48,105,133,75,226,197,217,207,161
argR,535,385,237,392,388,256,87,171,278,114,508,517,590,969,493
argS,2264,2375,1287,949,2045,307,82,208,188,89,595,539,627,501,478
argT,2786,3401,1664,7490,2366,497,110,282,435,148,755,672,784,883,618
argU,10,18,5,1,6,0,0,0,1,0,1,3,6,5,1
argV,3316,3103,1627,896,2671,48,23,61,62,29,258,274,301,357,259
argW,4,3,0,21,4,8,5,3,6,3,4,0,8,18,6
argX,200,209,114,203,164,619,191,330,554,186,106,123,120,485,152
ariR,8,13,7,13,7,51,22,34,36,35,1235,1550,1544,3083,1113
arnA,501,555,273,1012,362,137,27,97,99,38,187,145,130,178,115
arnB,228,219,127,861,157,142,36,109,135,48,626,620,723,722,569
arnC,121,187,78,516,147,92,12,49,42,23,106,90,112,102,80
arnD,172,159,105,322,140,20,1,11,15,8,119,111,87,81,42
arnE,53,53,32,105,34,25,7,13,20,9,36,36,58,49,44
arnF,39,42,27,75,13,16,7,12,8,7,29,28,34,25,33
arnT,133,162,75,226,109,57,18,22,37,32,109,63,79,83,56
aroA,733,883,483,1243,682,92,19,57,80,36,85,124,99,113,109
aroB,3485,4652,2196,3039,3589,507,158,314,475,165,1002,902,994,985,949
aroC,1513,1976,1012,1631,1511,94,19,52,67,22,427,428,429,353,351
aroD,286,273,154,408,181,39,12,37,56,7,126,149,123,151,116
aroE,1129,1317,566,913,778,429,98,304,356,143,660,556,712,790,642
aroF,490,628,298,1000,472,498,136,265,358,123,586,546,602,472,346
aroG,1581,1666,892,2111,1123,290,85,208,379,111,1160,1017,1127,1595,1158
aroH,1015,839,486,1317,701,67,19,21,30,14,251,214,263,197,180
aroK,2588,3135,1426,1861,2143,296,43,179,218,98,644,634,629,575,477
aroL,508,522,269,522,374,95,18,55,35,17,111,80,102,157,94
aroM,393,423,236,508,298,144,43,83,130,67,212,223,243,234,191
aroP,468,644,260,796,455,382,116,276,316,131,581,539,686,971,662
arsB,76,59,22,75,54,29,8,14,32,23,68,66,70,84,68
arsC,438,504,227,529,336,92,30,52,55,31,122,142,166,89,108
arsR,17,19,8,32,9,6,1,0,6,0,15,15,13,16,15
artJ,955,972,610,2559,708,4084,1224,2551,3359,1481,912,832,917,1630,1177
artM,795,987,476,1577,618,896,279,651,857,358,434,409,400,456,530
artP,413,555,304,1087,366,2142,544,1209,1703,678,621,704,767,1046,803
artQ,685,875,402,1935,602,839,226,577,769,296,508,453,523,635,661
ascB,125,165,92,229,119,228,72,132,196,91,183,140,140,227,159
ascF,131,186,102,117,115,365,108,235,292,119,154,153,177,326,177
ascG,507,496,186,491,378,55,23,40,56,28,218,234,209,191,196
asd,3821,4016,2084,6739,3271,380,93,244,298,139,743,705,834,696,495
aslA,55,46,20,71,30,64,17,19,56,26,178,180,234,160,105
aslB,111,130,53,86,99,8,1,4,3,0,76,51,61,20,33
asmA,1118,1299,603,959,1004,168,48,118,146,63,414,352,402,366,379
asnA,1890,1846,907,1852,1237,514,378,768,657,236,406,379,411,674,477
asnB,1036,1103,598,1686,768,284,127,293,290,154,395,345,347,351,262
asnC,38,35,19,120,42,14,5,21,15,3,126,102,114,355,191
asnS,5261,6197,3037,3706,4612,2767,834,1833,2288,1043,1668,1483,1749,2019,1664
asnT,16,20,13,18,23,25,12,38,26,10,24,23,21,25,8
asnW,169,187,112,162,140,36,5,25,23,10,21,24,12,30,11
aspA,11457,12702,6305,8605,9652,5885,1559,3719,4611,2016,174,213,244,384,179
aspC,6252,7012,3689,7830,5895,130,27,130,116,51,444,439,464,361,287
aspS,4531,6038,2895,4342,4958,776,223,502,608,285,1290,1290,1369,1081,1132
aspT,155,147,42,50,65,40,4,15,23,9,39,45,40,93,31
asr,83,110,70,138,71,25,8,19,10,8,6,2,9,10,5
astA,2832,3753,1983,17647,2501,1065,293,606,716,336,459,455,541,646,489
astB,2733,4041,2052,15185,2941,930,259,536,575,255,211,206,250,216,138
astC,4038,5046,2522,24015,3091,1431,425,898,937,412,1475,1282,1582,1828,1327
astD,3157,4631,2336,18227,3208,1236,306,720,787,357,357,354,382,426,294
astE,1608,2150,993,8488,1768,466,127,312,366,180,74,84,78,67,47
atoA,0,0,4,1,1,7,2,2,1,0,3,7,0,0,6
atoB,23,38,24,60,24,52,14,28,28,17,37,47,38,59,40
atoC,217,230,108,247,139,65,17,41,31,8,31,20,35,33,27
atoD,2,8,4,4,4,11,2,5,4,0,1,0,1,9,4
atoE,6,9,5,10,3,12,2,10,4,2,11,8,10,11,11
atoS,126,99,64,121,92,106,28,41,82,21,29,20,36,45,16
atpA,27855,38628,19076,17916,33896,608,185,352,468,160,1136,1151,1290,667,597
atpB,8241,9713,4951,4557,8032,452,101,249,232,138,697,638,695,440,361
atpC,7628,8978,4578,4556,7841,292,84,198,192,140,413,332,409,361,290
atpD,23894,33451,16004,15822,29043,812,263,527,621,252,918,944,1119,692,735
atpE,6260,8664,4509,4019,7144,161,53,109,100,54,254,247,211,176,143
atpF,9858,13289,6557,6490,11916,252,68,135,171,79,522,489,529,318,333
atpG,12989,17739,9270,8358,16427,293,79,189,227,88,401,433,421,248,252
atpH,10449,13676,6625,6714,11766,193,54,123,141,90,495,498,438,267,309
atpI,1388,1477,771,683,1259,135,42,86,93,36,218,162,203,156,178
avtA,1836,2051,1008,1501,1332,241,58,133,156,70,551,534,565,516,500
azoR,162,143,87,163,136,20,13,13,26,8,26,37,55,78,42
azuC,59,70,53,26,50,4,1,1,4,0,34,67,71,51,21
bacA,386,465,223,386,313,78,21,42,58,23,236,214,296,256,167
baeR,143,167,91,159,97,179,56,114,146,52,168,155,192,317,213
baeS,90,106,72,109,58,45,15,26,35,9,88,67,68,36,28
bamA,12413,15863,7762,10762,10146,960,265,521,783,355,2655,2686,2894,1884,1496
bamB,5299,6309,3077,4422,4079,2502,708,1386,2605,1140,3489,3445,3771,4522,3027
bamC,5869,7371,3598,5946,5406,870,329,606,865,323,1845,1843,1962,1313,1294
bamD,3613,3855,1921,3225,2704,229,59,145,268,90,572,536,525,472,360
bamE,997,911,542,853,580,648,218,403,505,193,990,1060,1104,1864,1361
barA,956,1046,525,854,827,124,20,56,92,28,78,106,108,80,74
basR,153,167,110,411,154,159,54,114,103,53,376,356,383,513,329
bax,2208,2223,1091,1431,1419,597,173,372,513,260,241,197,260,386,236
bcp,1604,1516,729,2023,1137,212,57,114,157,100,333,313,366,348,260
bcr,1323,1511,771,1197,1040,118,30,81,89,30,569,507,614,444,493
bcsA,182,241,109,384,142,20,10,20,11,5,424,369,433,157,154
bcsB,161,286,130,385,202,21,3,14,12,3,260,227,251,93,82
bcsC,518,515,272,994,392,379,100,201,270,185,755,747,743,702,494
bcsE,1284,1550,698,3712,991,495,137,282,326,117,280,325,322,276,150
bcsF,46,76,32,205,56,15,0,23,16,0,12,6,2,2,5
bcsG,885,1105,507,2641,757,226,50,103,177,53,83,53,86,79,45
bcsQ,240,263,170,496,152,55,11,17,65,10,148,166,157,147,75
bcsR,240,256,130,582,139,62,39,55,99,49,144,131,120,214,98
bcsZ,83,90,49,133,100,15,2,7,7,8,52,83,91,23,26
bdcA,30,26,12,31,14,4,4,10,4,6,38,42,42,26,17
bdcR,74,83,18,92,63,21,3,13,11,9,110,162,183,66,58
bdm,36,40,9,123,12,0,2,1,4,0,40,60,63,30,15
bepA,1243,1301,632,1483,803,369,89,220,246,112,569,615,732,442,340
betA,406,415,221,463,346,117,17,61,74,25,753,759,794,863,765
betB,555,672,368,814,480,549,121,336,349,157,2528,2481,2674,3032,2731
betI,223,254,120,318,188,304,73,207,251,82,1289,1149,1353,1665,1165
betT,429,596,295,404,331,661,181,363,532,216,1110,916,1081,1479,1139
bfd,214,264,160,237,126,283,136,168,235,69,207,196,218,294,160
bfr,740,706,447,946,410,472,154,303,472,172,708,733,809,1198,630
bglA,1022,1061,564,2120,1017,282,70,163,155,80,413,419,493,589,423
bglB,10,13,5,28,9,0,2,2,1,0,5,13,10,12,8
bglF,21,12,3,13,12,3,1,6,1,1,22,19,18,15,8
bglG,6,24,3,1,9,3,0,0,3,1,8,21,8,6,3
bglH,13,17,11,9,10,5,1,11,4,0,57,59,53,26,33
bglJ,10,8,7,19,6,10,6,3,17,10,49,47,61,74,25
bglX,1352,1710,951,1784,1539,137,41,82,139,58,665,577,696,572,614
bhsA,5,3,1,9,2,128,53,80,82,42,1389,1601,1782,3338,1450
bioA,592,706,363,428,493,213,75,155,198,80,349,351,387,385,309
bioB,874,1110,527,751,755,234,53,154,194,85,665,588,694,407,437
bioC,370,474,222,284,346,28,9,13,15,3,154,139,191,66,73
bioD,362,406,232,257,287,339,96,152,241,109,131,171,167,172,95
bioF,877,999,547,732,687,90,20,51,67,33,403,420,523,190,229
bioH,153,190,72,165,125,34,9,12,16,8,99,114,118,78,54
bioP,450,518,266,469,341,45,16,14,46,21,104,106,112,57,71
birA,336,327,184,289,267,99,26,54,73,33,140,144,133,161,135
bisC,730,1027,474,1242,718,295,94,185,186,94,630,536,682,346,286
blc,273,231,139,1252,144,814,199,456,684,299,901,915,970,2447,1251
blr,99,102,80,72,69,0,0,0,2,3,53,63,49,55,47
bluF,1200,1190,652,1336,853,54,12,23,59,14,175,149,181,205,124
bluR,736,726,320,823,570,137,56,78,86,46,1293,1182,1363,2538,1570
bolA,345,372,153,1158,193,1869,558,731,1246,499,513,624,654,3287,848
bor,93,73,44,41,46,5,0,1,4,0,44,43,19,31,27
brnQ,1336,1610,774,752,1123,6505,1736,4253,4945,1961,2134,2121,2365,3665,2682
bsmA,235,235,181,285,163,1269,428,846,1702,646,350,329,401,1050,360
bssR,26,38,33,90,21,22734,7579,14588,25562,10672,2323,2308,2652,9012,3137
bssS,334,312,153,873,225,7130,2421,4544,8588,3306,863,825,987,5406,1926
btsR,556,656,349,233,540,39,5,19,27,7,57,67,73,52,33
btsS,836,1026,515,272,747,114,22,77,103,37,95,66,90,96,90
btsT,79,124,53,265,97,75,31,56,63,21,68,70,87,103,80
btuB,1473,2023,942,1067,1650,83,13,30,57,16,148,147,123,101,98
btuC,241,352,163,303,231,52,20,29,35,18,345,391,367,459,455
btuD,838,986,504,1969,666,209,63,135,159,53,937,862,947,946,888
btuE,462,554,255,1202,349,222,64,101,104,42,583,666,641,870,591
btuF,219,295,140,211,254,22,12,15,25,14,23,19,16,22,10
cadA,8,14,5,11,11,15,7,8,17,7,55,34,40,42,14
cadB,10,7,5,5,5,9,5,18,16,2,27,27,26,20,24
cadC,37,49,32,59,40,123,39,70,105,54,45,37,49,66,32
caiA,53,72,20,66,49,15,3,12,17,7,51,50,58,98,48
caiB,49,60,22,66,69,26,6,19,17,7,71,57,55,44,35
caiC,45,32,30,61,35,18,3,5,9,9,23,32,37,26,27
caiD,17,15,3,6,6,3,0,2,3,1,27,33,31,16,8
caiE,14,19,2,11,9,4,3,1,3,5,47,35,34,12,15
caiF,37,48,35,24,31,17,12,23,22,14,46,67,48,74,59
caiT,10,0,6,19,11,7,0,1,0,2,24,23,29,9,17
can,965,1029,462,1443,725,132,15,86,166,63,257,308,309,380,238
carA,2231,3019,1590,375,3017,102,24,61,97,40,15,24,7,12,13
carB,6183,8244,4209,987,7135,275,110,183,321,127,141,114,137,64,87
cas1e,111,181,81,173,94,55,19,21,39,16,205,188,165,67,87
cas2e,14,32,11,36,26,10,3,9,4,12,25,21,36,10,16
cas3,101,101,61,127,73,65,24,30,64,19,166,140,185,239,149
cas5e,53,55,47,97,33,10,2,17,4,9,49,53,70,52,40
cas6e,54,110,41,116,53,30,6,24,36,6,117,100,104,74,63
cas7e,74,111,53,143,57,23,3,7,14,9,180,172,217,135,128
casA,31,61,24,88,32,19,2,12,10,8,111,114,122,169,100
casB,16,62,15,48,18,9,5,2,5,0,73,93,89,60,45
cat,3030,3138,1655,2016,2272,150,54,95,181,70,338,341,323,389,228
cbdX,4,7,0,9,1,7,4,6,8,0,1,1,0,10,5
cbeA,0,0,0,2,0,0,0,0,0,0,0,0,7,8,2
cbl,205,319,175,60,174,22,13,14,16,1,348,347,394,236,223
cbpA,301,367,148,974,196,767,234,421,630,228,876,846,1013,2236,1533
cbpM,90,115,65,390,83,211,81,117,137,68,232,184,225,630,493
cbrA,799,998,526,722,757,9,4,1,2,0,49,50,82,14,17
cbrB,1116,1367,655,1097,925,8,0,0,2,0,24,22,23,13,9
cbrC,1687,1921,992,1668,1372,13,11,14,24,7,43,58,43,44,24
cbtA,2,2,1,3,0,0,0,0,0,0,1,0,1,0,0
cca,2001,2407,1218,2598,1169,652,211,399,503,235,1761,1652,1953,1678,1374
ccdA,101,120,90,261,88,103,20,43,58,23,276,306,340,397,271
ccdB,148,217,96,404,158,130,53,80,111,32,474,541,593,684,487
ccmA,123,132,44,66,86,64,31,61,50,28,82,84,94,100,57
ccmB,47,79,28,27,57,10,6,16,3,4,22,19,23,11,8
ccmC,76,118,58,42,96,15,10,14,7,3,45,50,41,31,24
ccmD,31,40,10,18,21,3,1,0,1,0,10,8,7,10,14
ccmE,70,65,58,41,47,8,6,5,5,7,19,17,36,4,10
ccmF,300,458,191,155,281,49,11,40,40,17,117,95,104,44,49
ccmH,170,242,143,100,138,33,14,17,29,19,130,171,161,72,72
ccp,82,59,45,81,50,147,32,79,100,35,97,90,128,125,80
cdaR,379,356,179,240,240,32,6,20,23,5,515,513,527,88,77
cdd,665,690,347,1203,502,1152,329,674,976,400,676,685,754,1061,816
cdgI,12,7,3,31,9,17,7,16,25,8,56,81,116,109,52
cdh,67,131,62,22,75,0,2,0,7,0,62,61,53,21,27
cdsA,2297,3101,1482,1691,2125,424,118,270,277,114,634,576,665,745,636
cecR,46,44,30,158,54,69,23,76,59,22,343,308,430,510,412
cedA,45,38,21,41,22,8,3,11,3,0,48,55,54,128,57
celF,59,135,59,111,60,63,28,45,61,17,169,146,189,147,124
cfa,1127,1217,630,4392,772,9512,2638,5564,5518,2572,3195,3168,3480,6112,3824
cgtA,2909,3253,1684,914,2488,5713,1837,3804,4293,1818,2908,2713,3026,3189,2609
chaA,362,415,200,346,298,42,16,36,42,13,331,324,396,311,264
chaB,80,65,42,234,28,117,25,75,122,58,284,364,342,458,275
chaC,313,284,147,721,197,407,103,240,362,166,1099,1024,1130,1475,1258
chbA,42,74,29,51,37,52,25,18,44,13,60,34,62,44,45
chbB,124,142,59,120,76,149,41,107,109,65,176,188,239,527,234
chbC,159,175,107,179,128,350,87,217,232,82,323,360,411,581,385
chbG,179,252,96,196,135,188,51,93,127,50,260,293,295,231,193
chbR,96,88,56,126,66,78,20,66,57,11,130,100,126,109,107
cheA,3814,4788,2447,3769,3909,143,45,72,77,35,11246,10719,11423,1678,2291
cheB,1220,1575,966,1193,1294,22,1,8,12,1,1878,1717,1914,121,129
cheR,1030,1459,717,1051,1193,15,6,31,12,12,1845,1626,1857,116,165
cheW,1362,1718,888,1436,1154,36,7,16,30,7,1743,1802,1855,214,192
cheY,473,643,255,446,322,4,4,2,3,0,300,318,300,30,35
cheZ,1844,1927,1002,2044,1367,31,4,28,12,3,1139,998,1211,90,116
chiA,380,287,169,365,209,287,76,175,254,93,514,507,591,419,314
chiP,101,126,62,64,80,10,5,21,32,14,46,22,20,12,21
chiQ,21,19,4,21,15,16,6,11,24,7,14,8,8,17,11
cho,310,377,216,262,263,68,7,39,41,21,482,445,483,505,386
chpB,65,68,38,88,60,95,27,54,83,22,186,201,222,392,298
chpS,15,10,7,11,1,4,1,1,11,2,23,20,16,33,22
cirA,7251,8583,4385,3108,7186,94,26,54,62,22,1364,1266,1428,569,731
citC,0,0,0,2,3,0,0,1,0,0,0,1,0,3,0
citD,0,1,0,0,0,0,0,0,0,0,1,0,1,0,0
citE,0,1,4,9,1,2,0,0,0,2,0,2,3,2,4
citF,7,11,10,2,10,0,0,1,0,0,3,3,11,0,4
citG,0,0,0,0,3,0,0,1,0,0,1,0,1,3,0
citT,34,7,7,23,22,33,4,25,18,2,17,39,34,13,20
citX,0,0,0,4,0,2,0,0,0,0,7,2,3,0,1
clcA,480,558,326,877,371,517,142,282,400,162,1112,1027,1216,1483,1186
clcB,103,91,64,56,70,26,4,16,13,3,40,64,75,37,45
clpA,4631,5058,2581,13647,3721,11146,3461,7377,9400,4140,6006,5783,6401,10374,7340
clpB,1736,1717,856,1746,1070,3121,915,1893,1934,850,3996,4171,4442,11470,7529
clpP,1222,1582,754,2623,984,841,172,483,721,286,2139,2021,2400,4224,2728
clpS,127,93,55,209,73,122,28,49,92,33,81,75,106,134,73
clpX,4232,4758,2444,8213,3277,16366,5161,10574,13692,5765,7595,7341,8431,16773,11308
cls,694,674,405,1143,521,687,197,461,525,210,1018,1055,1114,1683,1294
clsB,124,165,93,821,106,164,50,101,142,60,653,551,657,928,804
clsC,535,563,300,828,448,331,108,203,234,71,206,238,237,440,235
cmk,2003,2063,1020,1114,1846,1003,297,665,746,306,1055,1074,1200,1214,1033
cmoA,432,495,249,410,435,38,21,22,39,28,414,351,435,390,337
cmoB,533,631,279,554,551,49,6,43,38,22,319,347,321,347,305
cmoM,522,640,387,577,453,105,31,88,105,38,197,176,157,107,139
cmtA,39,15,18,32,23,4,3,4,5,1,57,62,68,35,56
cmtB,5,10,2,2,0,0,0,1,0,0,0,0,5,0,0
cnoX,470,522,290,874,431,268,76,200,225,124,469,453,487,967,701
coaA,698,764,414,306,592,84,27,45,59,27,69,78,68,84,70
coaBC,600,702,355,608,557,101,32,73,55,23,125,110,98,102,116
coaD,185,269,119,176,184,120,44,99,121,39,513,551,698,903,487
coaE,257,258,153,307,206,336,70,181,193,90,214,219,234,241,177
cobB,492,567,273,545,423,102,24,55,66,15,182,201,235,236,175
cobC,208,227,117,219,166,27,1,6,17,6,53,59,56,48,49
cobO,376,327,179,418,284,75,23,47,55,31,74,52,77,66,95
cobS,164,231,102,255,124,76,15,35,36,18,350,269,291,182,189
cobT,404,523,225,543,371,51,12,46,38,25,415,391,427,250,278
cobU,66,102,70,98,76,39,11,25,34,12,137,130,116,122,97
codA,1147,1314,732,603,1394,85,24,48,84,28,46,44,43,28,38
codB,707,1043,434,213,985,16,5,11,14,3,17,9,18,15,6
cof,135,183,56,167,109,396,131,247,326,137,154,181,150,247,182
comR,255,251,124,291,143,109,31,62,78,41,127,148,175,149,116
copA,348,446,176,786,347,857,223,518,531,267,790,736,830,633,551
copD,232,345,117,241,228,83,28,38,74,9,656,500,694,510,488
corA,512,452,257,316,323,325,107,170,146,85,516,621,611,1020,668
corC,2235,2349,1139,2557,1853,1253,382,777,1007,437,1048,937,1034,1890,1635
cpdA,1801,1996,1040,1709,1607,317,104,256,313,133,673,642,670,568,521
cpdB,672,815,394,1065,606,37,14,42,40,12,144,151,184,118,94
cpoB,2972,3041,1657,2111,2597,488,113,297,399,165,551,649,656,607,472
cpsB,42,38,15,47,24,5,1,9,5,1,58,38,56,30,25
cpsG,17,11,2,20,12,8,5,3,9,4,45,36,38,14,25
cpxA,1186,1580,702,1795,1017,322,73,183,256,70,925,875,972,654,751
cpxP,677,674,428,394,504,1785,599,1312,1345,533,1598,1475,1685,1718,1005
cpxR,605,664,358,1064,523,317,71,165,175,73,788,797,798,853,589
cra,1602,1756,895,1305,1297,381,129,228,281,105,282,251,289,291,220
crcB,18,22,9,36,21,122,26,64,70,36,46,40,84,239,82
creA,188,241,84,197,173,31,16,21,21,5,133,149,182,126,103
creB,317,324,178,314,208,50,18,34,17,20,220,186,249,186,195
creC,246,316,180,304,195,34,8,29,39,19,142,136,127,96,91
creD,2167,2679,1385,1424,1381,54,14,19,30,22,60,71,88,75,44
crfC,875,981,610,1450,693,67,8,44,55,23,373,381,413,275,252
crl,615,697,337,953,447,193,60,112,183,97,153,143,156,313,158
crp,3663,3732,1836,4948,2831,670,191,423,708,345,1358,1387,1612,2335,1457
crr,4926,5278,2601,11787,3736,12751,4034,8238,11385,5008,5277,5406,5974,12547,6374
csdA,447,597,355,609,421,93,28,40,109,50,564,498,599,476,524
csdE,192,168,71,244,136,217,60,122,174,58,217,233,276,283,226
csgA,34,41,29,57,25,41,8,16,34,6,61,58,51,77,34
csgB,12,14,6,2,14,4,2,4,4,1,8,13,19,16,14
csgC,85,144,75,110,93,9,0,1,4,1,12,6,15,8,0
csgD,647,654,304,123,433,21,2,12,25,11,96,103,112,146,89
csgE,430,487,203,101,331,9,3,15,8,6,32,43,71,34,31
csgF,250,293,153,69,274,8,1,7,5,0,42,32,26,40,27
csgG,877,900,430,222,738,39,12,36,38,30,122,123,139,132,139
csiE,190,180,98,521,151,6900,1819,4131,4954,2042,306,300,337,785,363
csiR,196,363,158,1616,197,316,81,217,287,92,107,110,128,185,114
cspA,21761,20529,11663,9165,13980,1034,269,563,1102,463,4167,4137,4792,8121,4364
cspB,2451,2833,1654,1028,1844,57,27,52,164,60,371,380,470,640,337
cspD,3670,3488,1831,3573,2267,3737,1156,2269,3025,1405,328,445,463,2305,654
cspE,28532,27974,14118,21412,22167,14875,4519,9255,21436,9192,1387,1436,1668,3823,1539
cspF,195,222,126,30,171,0,0,3,1,0,31,23,28,34,13
cspG,890,1122,666,399,776,6,2,2,10,4,136,144,179,154,84
cspH,18,11,10,5,8,0,0,0,0,0,1,3,7,2,3
cspI,181,313,154,87,170,26,0,11,23,0,53,48,56,62,25
csqR,216,249,124,225,187,107,34,65,70,34,120,109,130,128,96
csrA,1680,1632,868,3931,1098,5380,1939,3677,8246,3493,1526,1695,1799,8345,2384
csrD,833,952,473,1219,555,144,50,113,105,33,887,924,1009,710,649
cstA,12996,18453,8855,12538,13079,2955,860,1836,2470,996,1529,1478,1778,3557,2192
cueO,348,453,198,711,326,81,22,39,74,19,884,825,951,626,587
cueR,95,127,58,241,66,48,16,15,32,13,93,96,94,88,92
curA,324,339,190,1184,263,639,189,373,501,214,790,857,918,1582,924
cusA,114,108,66,95,85,51,27,44,42,16,249,261,274,117,121
cusB,6,9,4,22,4,30,6,11,9,4,56,50,38,22,23
cusC,1,0,1,2,2,2,0,3,1,0,13,16,24,7,2
cusF,1,2,2,2,0,7,3,4,1,0,5,6,11,2,1
cusR,137,163,100,153,130,38,10,24,33,15,128,134,149,132,109
cusS,150,228,112,209,179,26,6,8,14,5,35,46,51,43,41
cutA,69,84,53,100,84,52,4,18,17,13,16,20,11,23,25
cutC,579,524,318,443,346,2637,516,1065,1806,657,375,414,416,783,298
cvpA,2415,2872,1483,743,2531,37,13,34,42,15,207,200,239,229,146
cvrA,439,549,277,596,364,75,11,26,54,16,344,403,391,254,211
cyaA,2931,3273,1692,3394,2458,4158,1042,2469,3262,1313,2031,2029,2266,4359,2794
cyaY,152,112,82,167,77,16,4,15,24,5,50,47,40,53,27
cybB,283,290,157,265,212,44,30,64,52,12,291,302,305,414,286
cybC,243,265,153,456,194,310,76,235,271,126,137,141,155,333,155
cycA,5466,6863,3163,11276,4374,3285,1051,2109,2699,1156,922,926,1145,1281,879
cydA,3199,4218,2011,3446,2992,4950,1471,3392,3187,1379,1129,974,1189,1160,986
cydB,2269,3215,1587,2643,2432,4432,1300,2975,2788,1251,1009,1058,1173,1251,957
cydC,627,825,425,550,626,120,33,48,58,48,72,75,69,57,74
cydD,665,852,401,518,584,112,27,56,84,35,99,129,130,97,116
cydH,121,106,58,97,59,39,4,10,14,18,33,26,37,79,35
cydX,131,202,78,132,105,310,96,183,213,110,65,67,75,117,74
cynR,77,99,49,107,43,60,11,29,29,19,106,126,96,87,78
cynS,16,13,11,9,14,10,0,7,6,0,20,20,18,10,11
cynT,18,39,8,16,12,10,3,1,3,0,26,31,29,26,30
cynX,47,59,31,60,35,11,11,6,2,7,55,43,53,42,45
cyoA,7873,10739,5484,3483,8396,563,158,327,387,146,494,427,528,673,593
cyoB,12376,19428,9529,5932,15318,935,271,581,587,242,402,410,445,655,625
cyoC,2816,4183,2078,1227,3145,212,60,196,161,70,60,68,73,70,91
cyoD,1970,2798,1399,794,2082,146,51,103,131,80,59,55,53,67,60
cyoE,8277,11154,5696,3514,7535,681,269,465,543,262,209,199,233,335,210
cysA,454,2208,1689,75,732,71,17,59,41,26,2663,2309,2594,1375,1757
cysB,3171,4269,2185,1160,2776,258,86,150,235,88,927,901,986,864,778
cysC,119,539,368,44,141,17,5,7,7,1,640,626,629,361,415
cysD,2169,4398,2457,74,2544,38,5,16,25,5,2845,2679,3052,1529,1707
cysE,1609,1997,1012,1602,1512,436,129,257,394,156,439,327,455,292,276
cysG,587,655,363,616,495,234,58,157,214,117,220,253,273,397,255
cysH,50,201,187,59,58,34,15,24,32,10,250,194,212,136,67
cysI,803,3526,2265,83,1413,24,10,12,32,7,794,704,761,330,317
cysJ,5051,10390,5820,103,6340,20,8,11,16,1,1912,1804,2010,920,991
cysK,17460,24932,13968,3855,16970,467,117,309,279,169,9686,9294,10495,6012,5867
cysM,340,414,288,385,273,22,6,29,21,8,536,492,481,245,286
cysN,1652,4927,2956,234,2583,98,23,56,67,20,6160,5752,6688,3203,3865
cysP,5113,6825,3804,32,4911,48,11,21,33,16,3809,3752,4029,3043,3160
cysQ,259,314,149,1009,203,3145,998,2062,2602,1285,898,883,1069,2411,1423
cysS,806,998,482,666,819,74,13,48,62,19,344,366,407,412,336
cysT,2816,4809,2520,158,2788,78,29,35,75,11,1780,1646,2006,1136,1407
cysW,1402,3847,2158,38,1746,50,17,35,32,14,1805,1664,1946,1096,1268
cysZ,287,332,161,264,225,246,83,191,212,158,50,61,42,78,45
cytR,985,944,461,500,699,63,18,39,44,14,113,119,119,87,69
cyuA,139,153,84,1575,94,31,6,17,18,8,115,130,142,76,69
cyuP,42,55,38,903,48,29,20,68,31,7,32,42,41,22,32
dacA,1744,2059,979,1412,1517,142,37,72,110,40,318,286,275,372,312
dacB,537,574,326,433,420,35,10,19,22,9,120,139,155,174,134
dacC,834,979,583,2915,662,941,243,533,778,285,3570,3589,3781,6097,4010
dacD,83,90,49,111,64,71,21,37,32,26,122,99,129,106,72
dadA,7462,9599,4534,13015,7083,5154,1374,3085,4197,1865,1519,1519,1606,1872,1480
dadX,3732,5694,2692,6863,3991,1948,488,1085,1469,602,621,605,715,844,684
dam,785,979,476,792,763,53,10,29,43,16,193,253,266,210,211
damX,3518,4228,2069,4075,3334,870,227,484,657,334,1991,1972,2113,2733,2388
dapA,5120,5553,2771,5105,4192,753,225,424,664,309,918,985,1141,925,774
dapB,449,545,257,800,342,165,49,107,170,79,330,317,345,337,218
dapD,2137,2029,958,2804,1452,690,230,531,777,251,432,572,570,809,543
dapE,804,871,492,1172,694,176,72,114,183,77,501,497,482,533,445
dapF,1348,1544,811,1733,1204,175,48,94,148,70,376,284,319,369,313
dauA,446,527,254,224,415,79,34,44,57,25,477,493,551,546,557
dbpA,586,687,409,952,436,207,49,102,131,57,558,513,604,570,644
dcd,1062,1330,786,1016,956,113,26,91,145,54,507,540,608,664,511
dcm,674,789,383,563,567,106,30,56,83,16,760,657,792,540,528
dcp,1230,1359,735,1942,1105,391,101,220,293,127,521,548,585,586,458
dcrB,678,597,368,1030,550,675,224,429,563,190,489,440,485,374,245
dctA,14618,15767,7836,4466,11515,3755,1107,2152,2413,1127,299,334,323,336,270
dctR,25,8,5,61,14,2,0,6,0,0,11,5,6,13,7
dcuA,1608,1910,937,1088,1349,787,248,556,612,227,959,905,1108,1393,959
dcuB,41,40,16,36,24,17,15,8,12,4,27,24,38,21,12
dcuC,35,46,41,37,40,22,7,17,34,11,77,77,86,96,61
dcuR,226,194,119,128,175,34,6,10,16,14,14,22,18,26,5
dcuS,200,210,104,124,192,19,5,14,16,13,46,38,37,18,25
dcyD,793,1178,645,1575,970,745,195,452,445,186,1344,1340,1513,1545,1310
ddlA,961,1071,523,1427,913,127,23,70,140,38,256,190,276,265,214
ddlB,1129,1382,736,1194,946,271,94,154,193,73,340,339,364,391,314
ddpA,1367,1939,1010,3135,1237,163,38,78,101,65,67,58,72,69,41
ddpB,519,778,395,874,390,18,5,13,17,6,17,35,40,26,6
ddpC,506,724,334,680,493,22,9,16,34,11,49,44,40,28,29
ddpD,666,883,403,834,467,27,2,11,12,9,29,34,26,22,21
ddpF,556,664,313,621,367,29,1,11,15,4,20,22,31,10,21
ddpX,432,571,308,750,379,72,13,45,74,14,23,42,38,121,63
deaD,9460,10912,5185,3058,7821,3326,1010,2099,3385,1297,9685,9403,10230,9044,9086
decR,73,88,44,104,59,106,31,81,81,38,63,85,67,130,64
dedA,1243,1429,693,1389,976,211,52,152,197,62,594,586,667,371,317
dedD,999,1224,597,924,836,482,137,266,426,177,538,505,591,621,512
def,909,941,480,1217,655,3075,805,1959,2959,1257,711,725,789,1818,941
degP,1566,1911,887,1571,819,634,203,377,467,218,6076,5439,5964,1734,1383
degQ,548,605,276,2832,501,385,116,201,291,134,409,406,467,690,489
degS,474,546,290,558,379,114,28,59,59,24,68,98,88,70,51
deoA,719,988,491,2077,710,2657,730,1733,1636,715,1061,973,1161,1834,1357
deoB,2408,3210,1383,6688,2161,6378,1820,4146,4322,2118,3638,3516,4155,5132,3528
deoC,252,321,157,530,229,1753,520,1058,1269,522,330,309,283,778,467
deoD,2650,3278,1548,5870,2161,3498,1053,2253,2590,1100,1010,1010,1128,1914,1023
deoR,450,456,218,505,393,86,21,49,62,42,168,186,176,152,116
der,3214,4122,1808,2925,2785,1654,490,974,1072,520,3916,3565,4034,3130,2939
dgcE,2169,2582,1172,2584,1600,1244,322,643,828,357,363,361,410,470,295
dgcI,25,39,16,15,13,7,6,7,17,3,53,49,47,56,29
dgcJ,175,223,81,103,203,104,22,64,97,54,219,207,263,212,141
dgcM,927,884,503,1900,516,157,46,109,134,65,163,163,185,377,238
dgcN,220,227,103,153,186,71,13,34,33,8,66,62,73,69,35
dgcP,946,952,548,405,696,116,30,64,91,59,151,127,139,114,89
dgcQ,658,672,342,1277,442,565,134,315,412,141,1779,1747,1909,2430,1859
dgcT,34,30,29,27,27,3,1,5,4,2,61,76,86,64,35
dgcZ,170,158,135,127,121,301,96,174,297,132,493,454,466,590,520
dgkA,225,261,103,245,161,120,39,68,111,31,156,186,208,233,162
dgoA,14,24,15,12,17,24,5,20,10,2,64,55,38,32,32
dgoD,68,80,37,45,37,19,8,16,28,12,88,98,90,72,43
dgoK,59,80,26,28,39,30,6,31,29,14,132,131,116,121,101
dgoR,93,96,46,65,62,66,16,43,51,25,233,222,291,245,160
dgoT,29,51,24,38,30,24,3,24,18,4,69,85,82,72,49
dgt,239,264,149,493,185,76,16,42,34,18,181,175,208,258,165
dhaK,367,390,205,820,349,77,25,100,61,35,56,60,50,66,67
dhaL,232,361,147,616,228,63,18,20,41,10,51,72,55,52,31
dhaM,292,334,203,626,285,109,46,44,89,21,69,74,83,70,68
dhaR,249,187,111,478,155,88,19,38,60,8,1829,1796,1938,1881,1640
diaA,809,814,348,698,570,41,9,42,30,6,147,126,181,157,80
dicA,101,110,50,83,111,25,7,7,24,13,23,47,19,47,29
dicB,0,0,0,0,0,0,0,0,0,0,1,1,0,2,0
dicC,0,2,2,1,0,5,0,4,7,0,12,6,12,43,21
digH,297,231,144,169,258,47,6,26,25,7,103,111,104,54,42
dinB,217,257,148,371,191,310,78,187,253,102,787,790,907,1941,1336
dinD,164,137,88,116,121,9,6,8,6,11,60,48,53,75,58
dinF,722,916,392,812,630,305,83,176,228,90,632,625,727,1234,1018
dinG,716,829,421,577,579,222,70,135,189,93,352,336,289,281,349
dinI,337,317,188,156,285,52,17,38,62,32,111,129,171,432,179
dinJ,111,114,101,82,110,204,60,117,148,68,123,131,145,406,205
dinQ,529,456,203,483,273,249,78,124,192,75,671,737,949,4332,1818
djlA,295,306,139,301,229,88,14,56,59,13,126,86,127,124,105
djlB,5,8,7,6,11,4,1,2,1,0,21,26,22,8,15
djlC,50,56,36,55,50,8,11,13,23,8,87,102,105,50,73
dkgA,199,227,92,1342,160,1847,586,1057,1223,492,157,235,242,1092,494
dkgB,72,58,14,62,55,15,11,12,18,12,9,28,12,12,11
dksA,1936,1983,968,3413,1366,6356,2000,3581,5139,2216,2319,2493,2559,8883,4283
dld,3278,3805,1986,4704,2816,218,72,118,167,82,702,672,734,556,411
dmlA,87,66,33,131,84,45,20,48,46,11,62,64,61,44,22
dmlR,309,357,167,217,221,209,71,145,223,54,435,428,455,771,517
dmpG,19,41,23,90,42,71,16,37,44,13,49,45,63,60,38
dmsA,62,80,35,38,48,33,8,33,32,14,138,121,150,96,68
dmsB,32,37,15,54,30,40,13,27,9,7,78,69,82,29,35
dmsC,72,93,46,68,51,104,36,85,89,34,112,124,146,110,66
dmsD,193,239,149,198,171,39,10,8,23,14,53,58,72,69,58
dnaA,2350,2543,1423,2092,1985,261,64,141,236,92,982,928,1116,718,728
dnaB,1233,1418,674,941,1117,52,15,34,70,22,508,479,522,301,306
dnaC,296,272,166,403,220,101,28,57,59,23,188,164,176,159,165
dnaE,3480,4106,2150,2856,3479,351,97,176,275,123,1125,1138,1220,1022,947
dnaG,4037,4276,2179,1767,3712,434,109,250,308,134,1055,1043,1109,851,603
dnaJ,816,1012,601,710,819,738,198,435,515,204,1617,1539,1635,4023,3595
dnaK,2827,3211,1620,2481,2173,6398,2080,4399,4684,2127,7382,7335,8032,21188,14237
dnaN,1469,1864,910,1597,1373,178,59,101,152,67,785,749,844,556,525
dnaQ,319,376,167,370,185,455,124,231,460,162,446,462,546,799,421
dnaT,234,234,129,317,227,92,23,57,73,23,128,125,125,135,138
dnaX,2037,2142,1005,1375,1533,195,59,107,183,88,269,238,224,165,199
dolP,910,852,474,810,688,35,11,22,28,11,306,305,367,244,152
dosC,829,1001,514,1906,651,2164,562,1207,1461,658,691,764,875,2285,1137
dosP,1057,1461,811,3055,959,1797,437,1034,1285,524,200,205,217,289,175
dpaA,1944,1890,1050,1203,1507,89,32,61,74,24,543,514,538,356,336
dpaL,20,19,9,27,10,7,4,0,12,6,19,23,13,9,7
dpiA,39,47,13,45,31,21,6,10,14,8,78,66,58,50,36
dpiB,113,151,83,124,83,17,16,22,26,20,134,175,164,87,83
dppA,14619,16420,8395,28626,10971,162,48,86,125,79,669,673,749,591,468
dppB,2113,2927,1389,2767,1817,9,1,1,4,6,123,95,130,32,49
dppC,1838,2351,1274,2022,1452,9,5,13,3,0,104,111,105,40,35
dppD,2295,3064,1604,2778,2028,2,2,4,5,5,84,80,84,24,19
dppF,2233,2826,1442,2731,1775,9,2,10,10,5,85,87,91,22,21
dprA,243,235,116,237,101,172,54,96,139,34,166,185,153,192,113
dps,1229,1055,516,8482,581,2431,719,1296,1913,895,2042,2218,2354,4256,1880
drpB,17,14,8,61,12,156,37,79,101,44,797,759,915,1290,848
dsbA,1131,1257,596,1415,841,231,84,146,260,123,412,416,447,684,446
dsbB,352,434,197,278,277,160,44,94,118,39,135,147,124,260,160
dsbC,576,663,354,554,445,115,32,46,88,33,295,270,278,220,184
dsbD,508,528,269,593,441,208,52,139,113,43,114,75,94,78,126
dsbE,54,127,51,49,76,29,3,7,13,7,55,32,26,12,17
dsbG,172,186,123,434,129,63,17,31,37,23,174,175,161,218,135
dsdA,105,116,61,3167,87,35,10,7,26,10,146,121,110,155,74
dsdC,43,47,46,56,39,38,12,30,31,19,49,51,66,80,31
dsdX,21,34,11,924,30,15,0,13,3,4,44,43,38,179,57
dsrB,18,61,5,45,20,188,63,39,34,20,38,71,69,222,54
dtd,365,333,204,637,247,132,47,89,112,66,135,154,126,128,86
dtpA,7999,9510,4735,3044,7634,1619,513,1123,1226,505,555,461,594,663,509
dtpB,183,204,73,470,77,2590,759,1617,2136,905,443,444,492,1059,601
dtpC,37,30,15,18,22,8,1,9,11,3,19,54,58,36,22
dtpD,84,76,39,74,66,422,122,226,344,134,218,166,199,222,184
dusA,724,714,309,431,530,107,27,40,58,27,223,211,270,367,310
dusB,3829,3929,1953,896,3144,141,38,80,74,30,1473,1327,1599,820,934
dusC,182,160,101,64,180,58,20,21,24,14,81,100,113,71,57
dut,607,638,324,479,439,22,9,30,43,8,53,87,65,73,54
dxs,2185,2693,1406,1678,2199,76,15,58,53,38,372,393,402,389,410
eamA,438,496,249,835,385,144,38,92,136,55,219,222,244,260,145
eamB,59,37,30,56,34,146,52,90,140,56,91,122,104,203,123
ebgA,200,292,103,243,228,75,23,46,42,20,89,85,72,215,103
ebgC,36,47,24,26,28,11,4,5,1,5,3,8,11,33,7
ebgR,341,323,168,317,257,36,8,20,29,24,68,58,77,96,71
ecnA,209,186,115,131,133,25,2,8,9,3,37,63,51,60,39
ecnB,28,32,33,115,20,39,8,20,21,5,45,60,40,174,70
eco,162,177,77,492,125,58,14,13,33,13,99,86,90,111,51
ecpA,48,55,16,55,40,8,1,6,2,1,54,66,84,107,68
ecpB,10,23,5,26,15,1,0,4,0,1,41,13,22,24,27
ecpC,65,51,30,102,42,14,10,16,16,3,109,97,118,94,82
ecpD,45,38,35,64,44,18,3,16,26,6,34,36,31,43,31
ecpE,26,21,21,43,27,14,4,9,14,3,28,21,33,35,24
ecpR,4,8,0,2,8,2,0,0,0,0,11,22,32,22,13
edd,347,431,191,286,285,94,26,43,45,25,112,125,156,116,94
efeB,864,1038,470,601,887,12,4,12,14,1,63,56,86,42,46
efeO,1150,1467,726,908,1137,8,2,12,8,6,90,117,100,57,80
efp,2757,2822,1340,1642,2171,328,113,214,379,127,447,413,514,656,403
elaA,91,123,72,282,80,51,15,16,20,16,68,54,72,109,73
elaB,1810,1916,864,6790,1062,3650,1289,2213,3212,1223,3002,3157,3644,10107,3926
elaD,28,32,17,32,20,8,4,3,12,11,3,7,5,5,6
elbB,291,364,182,498,320,110,39,92,85,30,78,95,100,77,75
elfA,7,7,0,10,2,2,2,1,11,1,4,10,15,17,10
elfC,43,53,17,49,29,15,6,10,24,0,82,92,103,36,50
elfD,10,2,14,7,1,2,0,0,0,0,10,10,12,4,6
elfG,41,52,39,79,29,23,8,23,21,8,55,54,67,45,48
elyC,42,90,41,55,55,17,13,16,12,11,65,58,58,44,56
emrA,589,539,354,378,377,50,9,29,40,9,123,119,129,132,121
emrB,594,742,347,442,540,166,55,110,134,49,195,241,214,262,198
emrD,219,205,104,139,154,79,26,53,74,23,624,612,650,240,239
emrE,62,50,22,38,17,43,9,35,73,26,42,32,50,79,45
emrK,5,6,3,16,8,42,18,35,30,11,103,103,116,270,111
emrR,769,710,403,600,472,55,19,47,65,20,73,63,77,111,75
emrY,12,17,4,5,6,18,8,14,18,8,71,93,83,148,80
emtA,381,386,194,322,286,153,39,99,134,56,337,250,341,448,360
endA,34,40,31,15,35,13,6,11,14,5,45,43,53,52,38
eno,11561,12053,6533,17824,9703,11070,3440,7489,9504,4398,4360,4371,4589,7762,4156
entA,1119,1485,840,524,1240,43,12,41,38,13,77,95,95,59,52
entB,1088,1633,831,615,1283,88,22,41,58,23,81,66,77,45,49
entC,1537,1920,883,616,1465,144,38,80,69,30,432,351,446,223,263
entD,330,393,220,81,224,6,4,7,4,9,65,62,83,26,30
entE,1734,2527,1150,877,2072,174,50,101,93,20,143,131,134,55,73
entF,2471,3700,1806,3861,2445,1165,316,784,918,427,321,302,322,198,181
entH,351,521,231,177,355,11,0,6,13,1,22,21,18,16,13
entS,747,1040,532,489,753,40,9,35,23,18,467,428,467,368,503
envC,913,1098,564,853,806,94,27,47,68,29,120,119,133,158,155
envY,13,6,3,8,5,6,1,0,1,1,3,7,15,8,0
envZ,779,974,496,1450,765,641,189,423,463,188,403,418,424,670,476
epd,1336,1636,715,1885,1118,612,204,361,468,177,686,606,721,993,650
epmA,157,135,81,105,119,46,10,20,23,21,195,176,201,195,99
epmB,683,666,352,545,443,61,10,39,49,18,210,203,203,214,166
epmC,439,533,260,317,400,7,2,10,7,1,82,57,69,36,44
eptA,35,23,26,58,20,62,10,29,35,18,114,84,104,143,84
eptB,785,973,454,231,584,115,29,39,102,16,164,148,183,59,33
eptC,1361,1549,701,490,1045,49,17,30,40,26,170,173,185,131,121
era,3016,3016,1568,2047,2436,1641,444,955,1247,565,1056,980,1079,1360,1116
erpA,529,627,346,446,362,1807,604,1147,1865,833,493,512,564,965,488
espL4,15,14,3,13,6,3,0,3,0,1,3,5,1,2,0
essD,16,7,12,4,5,3,0,5,6,0,16,25,14,26,17
etk,159,162,112,151,105,167,66,144,159,72,279,281,309,246,173
etp,6,15,7,4,5,6,0,8,7,1,25,24,26,28,12
ettA,5688,6541,3275,6710,4789,1122,288,708,678,364,3341,3014,3311,3301,2993
eutA,19,25,25,82,21,32,8,20,37,7,81,76,104,73,69
eutB,99,182,80,205,119,77,17,38,36,11,140,128,137,91,80
eutC,127,179,82,214,138,60,24,34,41,27,92,104,111,88,94
eutE,18,23,14,21,25,4,2,3,7,0,21,35,26,4,3
eutG,13,36,9,29,21,6,1,9,2,4,54,39,41,31,35
eutH,26,53,14,63,16,70,24,30,39,33,117,115,162,136,104
eutJ,5,9,5,20,10,5,0,4,7,4,26,18,12,23,21
eutK,111,117,55,143,87,76,14,36,53,14,71,59,83,105,68
eutL,91,113,60,136,62,31,6,27,20,17,76,54,76,76,75
eutM,61,97,21,72,34,8,0,3,2,6,11,8,12,7,7
eutN,1,2,4,1,3,0,1,1,0,0,8,2,3,0,1
eutP,14,14,11,21,8,2,1,6,1,0,6,5,16,11,4
eutQ,19,19,20,24,17,6,1,3,3,1,14,18,16,13,13
eutR,70,85,44,87,76,26,6,12,23,5,48,36,85,40,31
eutS,35,25,8,6,5,3,0,4,2,0,6,5,3,2,8
eutT,28,32,23,20,15,12,1,12,8,2,25,13,20,7,10
evgA,96,73,49,153,51,4,0,0,3,0,80,142,113,313,176
evgS,287,310,134,437,195,19,7,22,26,8,185,188,153,150,130
exbB,3085,3105,1491,1875,2099,942,234,476,729,316,649,704,787,981,720
exbD,1447,1583,678,972,949,417,149,201,309,147,399,433,420,673,516
exoX,298,342,184,381,249,110,40,80,110,28,259,201,264,194,168
exuR,830,952,441,884,710,436,149,295,425,172,976,941,1121,1037,618
exuT,512,545,291,712,467,875,318,612,648,313,770,686,856,1493,957
fabA,7403,6904,3425,2784,5303,1402,421,980,1119,468,766,831,803,1170,849
fabB,27553,30066,14767,15914,21782,4010,1188,2372,2835,1107,3986,4070,4445,4319,3535
fabD,3106,4078,2059,2817,3120,839,225,525,656,258,1285,1237,1370,1317,1092
fabF,8237,9114,4562,7449,7218,1334,385,697,1082,412,7613,7319,8109,8010,6924
fabG,8689,9365,4630,7694,7023,1084,298,638,896,406,2098,2045,2232,2635,1675
fabH,2896,3727,1774,2336,2632,994,263,620,712,317,1079,1052,1082,1166,893
fabI,4280,4156,1892,3453,3174,1142,318,761,883,395,1680,1574,1701,2557,1598
fabR,995,1136,567,1241,823,241,69,140,208,94,165,155,209,192,162
fabY,915,1034,477,1705,663,252,64,155,186,106,305,325,329,274,193
fabZ,1105,1254,614,867,915,121,28,64,92,48,302,314,300,273,222
fadA,2483,3344,1494,4608,3213,1508,515,1009,1291,561,314,280,322,1052,610
fadB,4835,6885,3267,9243,6360,2824,780,1782,2493,944,662,531,670,2014,1374
fadD,2759,3318,1568,4424,2013,6234,1887,4132,5727,2210,1020,1018,1182,2571,1112
fadE,3099,4454,2009,4556,4069,19595,5891,12824,13988,5967,4455,4370,4450,15225,9999
fadH,1202,1574,804,1805,1216,716,199,435,601,233,256,216,220,895,417
fadI,1657,2167,1059,2151,1643,934,243,538,706,295,1055,1026,1130,2655,1955
fadJ,2994,3834,1858,3654,2939,1087,305,699,936,342,870,781,904,2144,1657
fadK,20,29,15,28,12,42,12,11,24,8,18,27,27,24,14
fadL,10318,11933,6075,14859,8707,1268,403,910,1050,446,1528,1458,1576,3901,1968
fadM,73,42,43,128,43,43,5,19,27,5,463,564,473,1065,505
fadR,1132,1156,692,619,880,237,81,144,285,139,181,170,175,251,194
fau,884,877,493,649,592,221,74,135,249,95,242,292,299,265,228
fbaA,9144,10827,5202,18036,8560,4739,1260,2844,3651,1647,2230,2082,2406,3534,1971
fbaB,3421,3794,1885,11702,2325,4326,1349,2979,3828,1541,4968,4902,5264,8648,5149
fbp,1546,1669,852,1941,1282,524,145,289,416,188,439,411,476,439,281
fbpC,9,31,9,20,16,4,1,4,2,2,115,83,98,60,80
fcl,25,31,32,36,23,1,0,0,10,8,29,40,27,14,25
fdhD,308,302,154,282,205,489,162,300,396,194,263,297,333,470,332
fdhE,2725,3234,1645,1620,2521,233,54,135,153,72,232,223,238,344,274
fdhF,282,268,144,204,188,263,84,156,198,68,392,393,446,536,441
fdnG,23547,29161,15214,19141,23754,6875,1990,4248,3861,1792,4493,4184,4498,8853,6009
fdnH,31,42,24,20,25,20,6,9,9,8,106,109,113,57,86
fdnI,45,55,30,31,25,26,18,13,16,12,70,79,60,70,43
fdoH,5186,6562,3149,4097,5144,1288,333,749,706,307,549,534,667,1262,726
fdoI,3125,3920,1933,2446,3005,637,173,332,345,148,223,209,260,509,305
fdrA,14,23,11,58,20,26,12,27,11,4,101,97,117,66,81
fdx,784,961,427,485,647,48,13,28,37,29,243,200,219,115,125
feaB,412,534,278,835,356,256,92,180,228,120,358,329,428,419,318
feaR,1017,1099,521,980,765,169,46,97,210,93,74,49,62,150,57
fecA,364,400,234,268,266,63,21,38,44,30,156,161,156,89,78
fecB,86,122,45,69,76,23,3,3,15,5,42,34,55,29,17
fecC,53,58,23,39,45,5,2,4,2,1,19,35,33,10,11
fecD,44,47,22,41,65,5,0,8,2,0,27,26,22,12,10
fecE,74,88,25,63,73,7,1,3,4,6,16,20,19,11,1
fecI,438,447,275,374,294,253,56,120,246,65,244,214,262,235,129
fecR,624,645,342,465,450,230,38,140,180,103,246,270,305,118,149
feoA,87,72,35,40,51,81,29,59,51,28,81,99,89,70,51
feoB,992,1426,695,661,1042,972,334,618,687,281,867,844,912,619,702
feoC,204,182,98,100,177,76,26,51,86,37,114,82,105,80,40
fepA,4966,5258,2850,1559,4237,115,37,86,90,58,1549,1490,1531,663,840
fepB,581,503,308,471,358,123,45,91,72,42,338,348,431,341,274
fepC,498,553,322,403,376,3,1,0,2,0,42,50,34,20,38
fepD,330,407,220,329,292,32,6,18,31,17,181,201,208,116,108
fepG,474,535,284,336,324,15,6,9,6,2,94,91,135,42,59
fes,560,544,332,649,372,392,131,268,269,141,188,229,201,206,187
fetA,77,67,35,74,30,9,0,1,4,8,26,26,26,20,17
fetB,53,76,37,117,62,34,6,10,19,5,45,30,41,54,30
ffh,2405,2813,1509,2434,2266,1021,312,609,839,320,954,909,1097,1156,862
ffs,219,160,51,96,55,273,43,126,180,75,213,300,207,426,325
fghA,112,101,45,361,68,30,8,7,23,11,257,245,326,330,236
fhuA,2276,2586,1417,2808,1943,1703,476,1040,1412,583,1080,1016,1267,1340,839
fhuB,742,1057,518,694,657,64,10,27,45,18,328,267,285,79,101
fhuC,455,644,351,587,401,106,38,65,95,38,160,142,187,131,115
fhuD,334,427,214,244,307,31,6,19,19,5,75,72,97,30,30
fhuE,833,882,429,984,542,165,54,75,104,46,582,504,571,374,388
fhuF,5572,5530,2857,5037,3710,1143,357,692,920,414,2338,2468,2697,2904,2048
fic,270,252,137,824,124,930,281,580,674,294,943,875,906,1984,1267
fieF,484,589,274,765,364,419,117,204,309,86,466,541,533,621,435
fimA,1200,1086,512,1237,911,157,57,87,111,31,199,180,213,320,160
fimB,106,101,55,163,56,3,2,3,2,1,42,45,38,35,34
fimC,74,101,37,54,63,2,0,0,3,1,70,75,85,43,30
fimD,120,145,60,85,108,37,4,23,35,17,283,269,266,142,125
fimE,21,11,8,21,6,6,1,6,14,3,21,18,34,21,23
fimF,18,28,16,22,37,3,3,2,9,0,49,45,69,28,27
fimG,23,22,21,25,21,6,0,8,8,2,46,53,42,26,28
fimH,51,85,40,68,43,81,38,51,47,25,161,150,164,168,178
fimI,133,168,90,91,102,8,3,10,3,2,14,34,37,29,23
fimZ,6,6,7,3,7,1,0,1,3,3,11,6,9,12,5
fis,1380,1532,763,305,1341,56,24,42,58,25,452,577,612,372,373
fiu,3980,4934,2594,3222,4728,77,29,55,46,30,227,252,239,211,232
fixA,7,8,10,13,4,4,1,2,1,0,12,10,4,10,12
fixB,4,11,8,10,6,7,0,0,0,1,10,25,14,5,18
fixC,13,16,17,29,14,1,0,4,6,0,28,32,37,22,12
fixX,3,11,0,3,4,0,0,0,0,0,7,2,7,3,2
fklB,1635,1672,842,1739,1229,66,15,53,57,51,160,173,216,219,126
fkpA,3931,3699,1925,3817,2483,943,314,568,964,411,904,914,1112,1019,480
fkpB,612,805,440,684,759,78,22,46,74,25,237,222,212,141,135
fldA,784,810,403,913,651,320,80,165,208,102,244,256,300,426,223
fldB,363,409,199,396,297,206,48,150,188,101,93,87,115,167,94
flgA,3166,3327,1707,3194,2656,23,4,7,10,4,31,18,27,28,14
flgB,4027,4113,2077,4936,3356,0,0,0,0,0,1,3,6,0,0
flgC,5310,6380,3228,7677,5497,1,0,0,0,0,16,9,11,5,7
flgD,9872,12611,6417,14562,11367,0,0,3,0,3,24,24,22,9,7
flgE,18348,27037,13163,31981,24364,5,2,0,6,2,33,32,38,25,11
flgF,9054,13853,6919,15484,12535,6,1,2,2,0,25,27,23,11,8
flgG,9284,13237,6580,14801,12267,10,0,6,8,0,30,30,19,16,12
flgH,4745,7039,3519,5968,5895,2,1,3,0,0,12,32,14,10,12
flgI,4546,6630,3556,5665,5868,6,1,3,6,0,26,17,19,11,16
flgJ,3734,4770,2356,3643,4043,4,3,7,2,0,28,26,38,17,15
flgK,6166,7205,3758,5362,5804,149,39,92,103,32,5701,5825,6046,2585,2539
flgL,3709,4063,2120,3402,3328,156,40,103,123,42,3497,3251,3264,1430,1361
flgM,1110,1231,652,1071,1002,59,14,27,59,46,785,739,794,386,331
flgN,1232,1271,661,1241,1046,74,13,41,52,30,1134,1123,1365,467,452
flhA,7345,9274,4892,7004,7338,278,66,172,159,58,2024,1775,2128,329,238
flhB,3116,3056,1676,2298,2439,9,3,8,5,5,1011,998,1002,60,75
flhC,2310,2240,1158,655,1552,132,35,67,101,52,64,71,74,124,72
flhD,1297,1412,641,359,969,49,20,45,41,21,33,48,52,95,53
flhe,1101,1358,669,891,1159,0,2,0,0,0,221,190,201,15,20
fliA,7725,7888,4210,7230,6631,65,30,58,71,12,2061,2081,2178,832,753
fliC,37275,37368,19150,48595,28472,663,226,414,613,290,13990,13440,14823,4318,3605
fliD,6730,7522,3932,6368,7103,54,12,15,47,18,900,894,956,142,136
fliE,1296,1123,589,396,876,2,0,4,4,1,7,6,18,5,4
fliF,12431,14047,7102,8704,10714,5,4,3,1,0,25,25,27,9,26
fliG,9145,10868,5450,6878,8522,5,1,3,5,0,18,15,19,12,14
fliH,5711,7125,3562,4366,5630,2,3,5,3,0,18,17,20,7,16
fliI,7612,9933,4954,6088,7891,1,0,2,2,0,17,33,28,15,19
fliJ,1562,1788,1049,1398,1649,2,0,0,1,2,4,2,0,1,4
fliK,4733,5706,2939,4320,4786,8,1,0,3,1,10,16,9,7,3
fliL,4783,5222,2810,3922,4600,2,0,1,0,0,70,45,86,13,4
fliM,11625,14100,7009,9708,11376,6,6,1,7,0,166,157,169,16,21
fliN,3455,4401,2212,3156,3671,4,0,6,0,0,112,104,127,14,13
fliO,3286,3847,1802,2644,3133,1,1,2,2,2,99,75,104,6,3
fliP,2719,3096,1644,1803,2543,1,0,0,2,0,49,55,71,3,4
fliQ,947,1091,545,702,890,3,0,0,0,0,14,20,20,2,0
fliR,1410,1434,768,894,1197,4,2,1,4,1,24,17,22,10,4
fliS,1118,1241,608,1116,1242,8,3,1,2,0,134,127,122,14,14
fliT,1180,1487,625,1187,1270,3,0,0,8,1,145,151,145,22,17
fliZ,4455,4905,2659,5140,4280,33,8,14,22,3,920,883,922,354,318
flk,421,387,257,356,333,35,4,11,16,11,86,98,102,82,74
flxA,28,22,24,25,14,7,1,7,3,7,176,235,176,150,90
fmt,2050,2229,1075,2721,1636,3545,911,2130,3180,1362,1783,1626,1778,2911,1971
focA,458,612,325,737,357,3860,1030,2153,2134,884,611,618,658,955,798
focB,32,33,7,18,17,19,8,8,1,2,40,30,34,26,22
folA,381,312,195,238,322,152,33,74,151,46,181,190,192,278,132
folB,44,54,23,28,56,4,0,2,4,0,24,29,26,18,4
folC,1034,1200,594,886,1048,247,62,141,149,70,360,342,369,216,299
folD,1352,1402,710,1000,1084,129,32,63,104,35,74,68,71,82,56
folE,1892,2179,1082,2928,1537,146,46,120,127,53,290,261,260,309,270
folK,209,233,124,182,250,1,0,2,2,0,39,34,50,24,37
folM,421,355,186,634,310,99,22,55,48,14,216,198,214,239,234
folP,238,284,150,225,268,58,8,39,48,11,207,277,203,304,273
folX,326,405,170,611,270,339,115,232,295,160,408,395,451,674,403
fpr,318,310,188,868,215,193,49,99,140,93,196,236,234,287,182
frc,24,12,7,11,31,14,2,3,10,9,73,88,78,77,50
frdA,2243,3133,1565,3174,2315,876,237,630,528,228,1170,1095,1172,1057,1107
frdB,654,1090,487,992,764,257,80,180,162,63,423,373,378,451,359
frdC,380,446,213,465,282,129,33,60,69,55,163,160,185,268,180
frdD,583,716,370,700,572,213,64,143,161,69,311,337,349,508,409
fre,1464,1932,891,1569,1332,365,81,194,239,94,620,576,743,790,587
frlA,3,9,5,19,7,9,1,3,3,0,2,6,8,14,6
frlB,55,57,38,94,30,30,13,16,29,11,37,43,30,68,43
frlC,42,48,27,45,17,5,0,9,1,6,20,15,29,4,17
frlD,67,70,27,89,47,20,6,22,20,18,63,58,58,33,40
frlR,202,206,104,189,102,92,26,61,74,29,108,118,98,98,88
frmA,448,577,278,1767,412,442,124,326,306,131,1450,1317,1559,2133,1757
frmR,114,120,57,409,93,90,50,63,57,15,436,342,390,508,346
frr,3791,3864,1903,3785,3193,1541,456,1013,1626,807,2304,2533,2742,5352,2903
frsA,309,267,195,315,295,223,50,122,181,64,214,224,238,287,201
fruA,1883,2482,1230,3022,1518,4423,1382,2846,3112,1372,3131,2997,3299,4465,3323
fruB,505,675,301,605,501,724,212,455,531,283,153,164,175,900,393
fruK,757,912,448,1035,605,1048,309,732,820,287,1003,976,1005,1321,987
frvA,0,1,1,2,0,6,0,0,1,0,10,6,10,2,6
frvB,8,20,8,20,8,22,2,22,16,6,53,48,34,15,11
frvR,25,19,25,13,16,5,2,6,11,3,23,24,51,14,8
frvX,15,16,9,28,15,12,3,11,6,6,27,31,18,16,8
frwB,10,2,7,4,10,2,3,0,0,1,0,4,3,5,4
frwC,32,20,24,10,24,5,0,5,2,0,9,10,12,3,10
frwD,5,17,8,17,5,5,2,11,3,1,10,14,19,11,18
fryB,5,1,0,2,0,1,0,0,0,0,6,6,14,3,2
fryC,6,18,0,19,4,5,1,0,5,2,27,20,35,11,7
fsa,27,63,15,66,34,52,18,47,48,30,57,40,66,58,52
fsr,185,262,113,240,153,101,50,66,61,43,74,63,95,77,71
ftnA,494,549,310,288,378,72,11,56,42,20,75,64,82,77,54
ftnB,412,417,175,512,269,92,27,58,80,44,518,514,567,451,290
ftsA,1480,1788,912,2226,1132,929,262,511,583,284,1358,1339,1388,1462,1124
ftsB,320,315,153,365,279,89,18,54,94,22,167,235,264,402,220
ftsE,497,656,301,678,453,338,101,192,225,123,674,609,605,691,596
ftsH,14757,17382,8364,15473,12067,14912,4451,9322,11456,4890,22110,21163,24323,34766,29853
ftsI,963,1000,535,947,654,373,75,227,257,118,395,432,433,531,429
ftsK,4181,5182,2493,5007,3676,1596,435,908,1205,617,2451,2312,2573,4544,3067
ftsL,183,236,137,257,161,134,27,53,75,32,151,148,161,162,136
ftsN,828,813,347,603,549,91,14,39,44,37,174,167,231,167,162
ftsP,1774,2155,971,1886,1594,186,45,84,158,54,652,627,629,510,518
ftsQ,985,1104,571,1373,801,595,163,353,369,148,1020,962,1056,1442,1040
ftsW,1059,1386,675,944,844,156,36,67,106,30,147,139,153,94,88
ftsX,813,1131,492,1047,766,613,181,406,521,271,873,824,824,920,759
ftsY,1311,1661,873,1332,1209,415,119,231,268,136,769,822,961,851,758
ftsZ,5965,7177,3565,10288,5259,2603,794,1629,2000,821,3125,3067,3327,3203,2633
fucA,42,38,24,48,29,10,4,8,5,0,18,15,12,12,4
fucI,303,426,175,245,336,40,17,31,28,17,118,125,112,45,30
fucK,176,150,114,132,136,41,11,23,11,6,50,72,65,40,30
fucO,357,416,185,383,302,129,32,72,92,31,103,88,115,115,71
fucP,66,47,48,38,40,16,3,4,13,6,13,2,17,10,5
fucR,390,426,244,483,327,20,6,20,29,16,89,77,56,69,57
fucU,114,140,73,223,112,65,13,53,40,29,137,163,208,263,161
fumB,6983,7992,4115,3792,5738,2008,648,1118,1382,641,412,414,453,663,397
fumC,2099,2328,1158,3243,1880,2080,654,1379,1727,846,617,729,767,782,493
fumD,33,18,8,46,16,30,2,6,13,8,55,51,74,124,50
fumE,271,285,115,294,208,35,16,28,40,6,104,102,153,102,79
fur,1331,1267,651,1367,1030,713,204,448,847,371,563,653,761,1196,612
fusA,80136,117934,58049,43884,98635,19028,5349,12603,13182,5902,34890,34188,36407,30298,32392
fxsA,71,45,37,19,41,220,64,125,225,63,243,213,331,1492,761
gabD,878,1135,636,6506,859,3264,835,1861,2584,1012,1273,1223,1476,1827,1175
gabP,291,369,155,2873,216,580,171,359,454,173,76,65,102,241,132
gabT,1092,1474,770,14321,1009,2683,777,1511,2075,827,654,679,810,1278,740
gadA,243,322,133,837,269,358,103,203,253,136,267,265,311,433,314
gadB,347,438,211,1180,371,369,103,213,256,121,354,350,360,519,350
gadC,365,395,218,1009,371,392,119,251,292,130,349,288,349,413,288
gadE,51,35,9,126,50,7,1,9,25,14,5,12,2,22,4
gadF,0,1,1,4,4,7,1,1,0,0,0,6,1,0,1
gadW,259,209,100,1459,157,72,13,30,26,26,32,29,49,47,37
gadX,12,41,20,42,5,116,44,78,97,33,64,103,131,228,107
galE,448,635,274,937,515,153,33,74,121,41,84,75,80,136,103
galF,4110,3920,2059,4074,2994,1910,546,1234,1716,638,2615,2633,3133,3934,3099
galK,621,1018,564,1183,728,185,42,107,123,49,959,952,1037,437,334
galM,1257,1531,785,2358,1118,219,62,125,219,88,3490,3418,3862,2935,2611
galP,1067,1384,615,2815,846,951,281,623,737,302,3732,3451,4004,5155,3487
galR,359,394,212,535,269,216,47,103,204,83,410,395,415,613,403
galS,385,404,207,178,333,16,8,27,17,16,37,29,21,16,10
galT,423,529,303,752,412,107,32,66,74,42,65,58,51,71,58
galU,1539,1545,763,3453,1083,3940,1244,2353,3095,1434,1306,1358,1488,1729,1070
gapA,19298,19648,9639,34295,12532,5651,1696,3727,3845,1620,4622,4568,5084,9184,5122
garD,199,198,137,392,180,469,140,329,470,218,145,130,131,250,165
garK,93,106,41,257,44,265,69,168,165,91,189,167,165,216,180
garL,31,22,12,101,21,40,20,25,27,15,21,34,28,30,29
garP,14,9,8,59,5,76,9,41,32,23,23,27,28,45,18
garR,57,91,56,242,53,147,40,94,103,43,127,110,138,119,94
gatA,19784,28285,14089,27937,23004,2527,591,1312,2395,933,75,77,74,87,68
gatB,8161,10738,5312,10475,8849,298,92,177,340,194,15,29,29,30,10
gatD,18041,25193,12318,28892,19266,396,106,207,396,140,209,231,249,248,176
gatY,34324,46175,21956,42263,36249,30740,8004,19248,32050,12883,884,926,928,2173,1079
gatZ,62924,91243,46264,88722,76597,27196,7103,16499,24665,9925,860,904,945,1855,1046
gcd,1219,1476,606,4321,831,8185,2394,5272,5382,2267,1248,1255,1350,2286,1258
gcl,45,61,28,116,42,81,32,55,79,26,225,225,294,223,185
gcvA,306,401,218,178,219,170,70,96,153,63,353,331,421,298,218
gcvH,4172,5745,3060,10725,4862,39,21,32,34,13,83,62,71,118,68
gcvP,24675,33526,17008,51104,29010,189,49,136,172,60,176,153,231,295,162
gcvR,480,473,266,978,363,538,111,274,541,177,241,332,303,439,229
gcvT,12092,15191,7433,29974,12154,76,38,51,67,54,216,207,224,290,259
gdhA,2435,2745,1495,4225,2356,53,30,50,42,32,865,806,930,549,466
gfcA,53,30,34,16,15,6,0,1,0,0,143,163,165,66,99
gfcB,10,9,2,9,10,3,0,3,5,4,57,50,54,15,17
gfcC,14,10,11,15,9,0,0,0,1,3,45,36,54,13,3
gfcD,26,48,31,29,32,5,4,5,1,3,85,83,108,29,20
gfcE,17,26,16,27,23,1,4,4,6,5,55,43,56,20,24
ggt,1869,2108,1032,7211,1601,363,136,290,317,136,533,542,600,609,528
ghoS,190,208,88,420,79,101,23,25,64,25,315,335,345,793,324
ghoT,1,0,0,1,0,8,0,10,4,2,15,25,19,36,15
ghrA,311,416,196,578,375,47,22,49,41,17,480,427,527,541,322
ghrB,696,596,320,1399,613,58,14,36,37,10,140,112,119,143,138
ghxP,2837,3746,1783,1251,2647,27,3,11,15,4,95,96,77,83,91
ghxQ,116,128,85,269,114,60,16,31,44,1,94,97,137,108,78
glaH,130,148,57,2595,59,4912,1403,3262,4196,1921,1079,1045,1160,3500,1576
glcA,941,1095,528,21431,972,205,46,130,140,46,271,329,304,330,203
glcB,1534,1833,986,82933,1991,510,130,358,360,137,1320,1237,1298,1038,1044
glcC,1592,1687,958,409,1392,262,98,163,286,137,304,294,323,431,248
glcD,531,415,267,22649,410,87,17,59,78,27,32,36,45,38,29
glcE,217,305,139,13875,243,65,9,28,51,7,28,13,17,16,15
glcF,445,413,248,17884,433,184,55,111,129,68,346,342,328,236,194
glcG,181,293,119,9214,196,121,25,36,67,20,150,163,168,98,96
gldA,79,104,51,161,68,55,12,30,22,22,67,69,82,65,54
glf,1231,1353,702,647,904,127,27,88,92,49,127,125,102,148,93
glgA,2171,3326,1740,9070,2228,1225,356,817,827,364,2339,2164,2451,2773,2421
glgB,1896,2606,1360,7152,2011,679,159,393,516,162,996,955,1042,1578,1017
glgC,1898,2937,1291,7807,1904,1130,296,678,677,305,1337,1338,1556,1943,1524
glgP,2967,4252,2090,9987,2752,1329,364,779,1011,463,1271,1422,1417,1464,1132
glgS,37,39,38,95,31,355,87,77,89,47,67,91,102,324,88
glgX,1215,1826,983,4981,1430,883,185,467,532,296,634,597,711,961,779
glk,1186,1285,588,1762,796,778,213,470,577,257,716,678,709,896,634
glmM,2579,3332,1607,2656,2594,550,198,418,426,217,1047,1040,1170,951,1147
glmS,4611,5788,2739,6315,3973,3455,1036,2375,2347,969,3025,2741,3158,3648,2972
glmU,2288,2817,1492,3289,2080,1203,369,693,872,359,1160,1066,1251,1603,1214
glnA,2764,2925,1597,3078,2585,211,47,110,185,97,123,99,127,160,73
glnB,474,446,248,421,270,37,13,21,60,17,58,96,83,97,56
glnD,624,851,486,1090,693,455,124,277,303,136,286,252,255,251,241
glnE,1233,1766,929,2439,1485,409,103,264,319,129,419,377,486,366,344
glnG,263,422,183,448,291,474,138,286,323,144,924,927,1028,1286,936
glnH,4271,4628,2362,6286,3830,424,138,302,364,147,561,558,645,613,447
glnK,0,3,5,4,10,5,8,7,6,0,11,17,13,9,11
glnL,192,305,158,309,230,246,80,167,216,69,678,631,745,913,724
glnP,1085,1585,779,1063,1179,132,27,79,75,52,159,154,194,200,215
glnQ,1786,2179,1193,1591,1710,111,38,70,82,47,271,302,300,353,320
glnS,2867,3520,1820,2468,2787,392,113,232,313,142,388,386,456,797,599
glnU,1989,1997,941,472,1566,95,26,57,59,30,200,198,228,191,168
glnV,569,581,286,267,506,24,11,24,11,1,141,140,135,450,169
gloA,452,393,228,971,257,104,36,57,100,42,280,267,299,563,254
gloB,226,152,140,410,120,36,7,16,26,16,78,77,109,149,48
gloC,2378,2627,1397,1476,1431,160,42,110,138,65,737,713,828,599,605
glpA,18,12,5,21,18,5,3,7,3,0,34,23,31,14,10
glpB,19,23,13,37,17,3,4,6,8,4,24,19,24,25,21
glpC,25,35,20,21,22,3,1,9,3,0,23,22,29,24,9
glpD,316,278,118,1286,199,1727,443,1056,961,420,1123,1105,1282,2675,1598
glpE,286,335,156,255,251,26,7,27,38,17,119,110,115,116,77
glpF,222,314,142,402,154,241,67,134,179,58,157,116,178,315,208
glpG,622,714,382,506,583,45,18,39,29,17,234,243,247,182,186
glpK,630,834,457,1280,583,387,114,233,271,118,238,254,260,381,277
glpQ,451,500,230,505,291,656,187,413,533,241,346,347,374,678,427
glpT,172,274,96,166,171,61,6,43,53,11,66,59,71,66,78
glpX,373,478,185,394,341,218,60,92,141,67,239,224,289,205,249
glrR,476,581,287,685,436,50,13,42,41,19,332,294,402,293,291
glsA,114,126,62,894,94,51,19,27,27,8,33,41,65,31,26
glsB,382,449,234,245,342,15,1,10,11,2,118,123,120,65,89
gltA,8324,9602,4607,5472,8080,7887,2179,4842,5864,2600,3610,3671,4101,6695,3272
gltB,4727,6470,3280,12151,5315,402,97,178,350,106,363,304,364,149,172
gltD,1592,1755,962,3695,1686,117,30,68,98,32,87,93,96,44,52
gltF,63,44,19,23,26,2,0,3,0,2,22,19,27,44,23
gltI,2356,2651,1278,3663,1928,233,79,171,237,112,138,124,175,177,146
gltJ,633,813,428,708,553,4,6,3,13,5,70,59,71,70,47
gltK,588,724,395,590,513,20,4,8,15,4,57,49,78,44,50
gltL,890,1146,539,870,627,18,4,17,16,3,59,60,71,88,28
gltP,172,211,113,281,128,36,8,30,34,14,436,428,421,458,418
gltS,250,334,144,272,160,279,86,214,202,110,903,907,920,840,800
gltV,2696,2431,1420,789,2016,145,43,74,115,49,313,380,370,779,456
gltW,2101,1960,1057,533,1468,123,24,62,86,40,237,217,262,573,330
gltX,3651,3890,1968,3260,3224,565,155,334,416,147,1673,1676,1819,1902,1482
gluQRS,229,227,150,195,199,63,8,38,29,23,219,209,250,262,217
glxK,115,163,58,313,98,65,24,33,26,11,68,69,86,75,62
glxR,10,3,2,12,7,9,1,3,7,4,46,25,22,10,15
glyA,14718,16104,8008,11668,13720,243,68,143,167,54,674,664,768,422,398
glyQ,3168,3543,1918,3042,2950,518,136,263,380,149,1247,1185,1309,973,1013
glyS,6169,8109,4051,6257,6167,1417,402,873,1047,469,1957,1875,2013,1674,1622
glyT,443,516,245,163,436,35,8,29,14,10,78,84,76,91,77
glyU,38,15,6,11,25,3,0,2,2,2,12,11,16,11,4
glyW,200,214,101,86,157,30,9,17,31,9,26,26,31,27,13
glyY,914,764,446,413,661,199,79,140,225,114,155,184,217,330,176
gmd,24,27,22,48,44,5,1,3,2,3,45,47,47,27,40
gmhB,325,244,168,332,209,66,16,31,45,20,41,52,45,51,43
gmk,845,959,463,1080,693,433,110,287,408,141,594,631,637,1066,626
gmm,11,10,4,13,3,2,0,2,2,0,10,5,13,6,4
gndA,9955,11384,5774,13216,9485,3636,1109,2670,3126,1432,3218,3110,3650,4073,2965
gnsA,3,6,13,17,10,4,4,4,6,3,59,50,48,82,38
gnsB,156,151,82,120,81,0,0,0,3,2,20,54,47,46,22
gntK,34,24,2,36,31,22,7,23,26,13,71,73,58,61,48
gntP,174,154,95,71,161,204,72,161,191,85,93,98,132,241,191
gntR,464,515,265,757,466,173,43,107,165,77,257,293,260,427,286
gntT,322,406,207,298,252,197,39,131,136,67,294,300,384,355,262
gntU,59,95,30,79,61,85,34,55,65,23,152,133,156,105,105
gntX,395,321,233,302,290,30,10,18,43,16,120,120,141,144,116
gorA,869,1027,572,1557,862,560,177,399,496,210,504,394,484,627,457
gph,899,1100,614,1308,977,121,27,66,86,21,211,222,202,159,163
gpmA,3134,3292,1750,5367,2214,5997,2140,3690,5176,2246,1630,1627,1758,2379,1258
gpmB,915,849,459,311,655,77,37,71,93,41,331,335,383,432,344
gpmM,914,1164,610,1338,878,896,252,608,707,331,756,626,794,1112,814
gppA,2820,3623,1787,2646,2560,348,85,199,300,117,479,453,565,427,394
gpr,671,751,435,1064,571,657,217,466,726,322,175,139,156,289,202
gpsA,2702,3834,1888,3618,2736,2216,631,1567,1587,742,514,581,641,875,535
gpt,390,396,179,93,288,57,6,26,30,11,68,94,101,98,62
grcA,53,59,33,41,32,125,39,73,110,43,45,53,38,76,29
greA,1023,1048,453,497,669,84,24,54,77,57,339,361,365,215,163
greB,82,129,45,141,86,43,7,12,30,15,78,125,121,121,86
groL,5709,7203,3831,4963,4469,1166,376,772,874,410,4231,4174,4566,9882,7416
groS,691,946,531,593,586,141,43,70,64,35,490,501,582,1201,719
grpE,1191,1163,676,1139,766,778,271,401,727,316,1527,1531,1673,5146,2939
grxA,0,7,3,8,2,4,0,3,0,3,2,5,3,6,4
grxB,275,217,141,966,189,676,204,474,595,242,338,345,393,858,353
grxC,1047,1075,576,1420,811,232,55,167,230,107,689,644,710,750,477
grxD,1003,924,447,842,747,441,141,261,440,212,440,510,571,948,492
gshA,2992,3541,1816,4811,2549,1252,322,774,1032,487,2870,2792,3023,2981,2347
gshB,1076,1114,594,1297,874,269,88,204,209,78,519,484,473,569,565
gsiA,961,1857,1156,1296,1187,214,46,113,140,88,1459,1457,1506,1477,1277
gsiB,406,615,390,1523,411,129,28,56,84,44,375,351,458,438,371
gsiC,120,164,82,491,141,34,9,13,18,12,178,155,133,83,117
gsiD,176,147,93,335,110,19,4,12,9,7,86,81,83,52,60
gsk,656,647,314,290,516,22,8,16,26,5,116,175,171,126,115
gspA,10,29,12,17,8,20,2,7,7,1,58,55,89,45,52
gspB,17,18,16,30,15,14,1,11,4,1,21,26,35,30,10
gspC,22,24,29,26,20,18,5,8,17,4,119,75,82,63,81
gspD,67,71,45,73,68,20,5,16,21,5,111,134,114,76,71
gspE,123,131,40,104,92,21,4,16,15,2,29,53,35,17,25
gspF,10,17,23,11,14,5,2,1,2,1,16,9,9,6,2
gspG,3,1,6,6,3,0,1,0,0,0,1,4,3,3,1
gspH,12,18,5,4,3,2,2,0,0,1,6,9,6,2,1
gspI,5,8,4,3,0,0,0,0,0,0,2,1,4,0,0
gspJ,4,8,1,6,2,2,0,0,0,2,6,6,5,4,3
gspK,14,11,3,6,13,0,0,1,0,0,0,3,5,1,2
gspL,21,27,13,19,5,1,1,1,0,0,8,0,12,6,4
gspM,18,12,5,31,7,4,1,4,9,4,12,13,17,18,23
gspO,39,36,12,38,28,17,8,11,13,11,30,15,12,31,15
gspS2,0,3,2,9,0,0,0,0,0,0,19,14,7,4,3
gss,888,1059,499,1374,762,372,97,272,258,119,288,299,319,322,296
gstA,501,557,270,1132,367,853,288,562,671,283,821,863,931,1671,867
gstB,746,825,278,1412,522,246,86,161,154,62,242,268,271,362,168
guaA,5842,7641,3677,3079,6812,529,146,349,365,209,831,740,823,1073,891
guaB,3201,4358,2167,1017,3905,313,124,225,231,109,1259,1177,1298,1294,1345
guaC,1503,1607,861,1840,1303,146,52,104,105,57,216,186,233,142,80
guaD,71,100,59,204,67,41,9,20,34,14,58,56,51,34,25
gudD,64,102,44,222,83,55,17,59,19,8,153,165,154,173,143
gudP,30,51,22,70,30,17,4,18,16,4,39,31,37,29,32
gudX,93,85,32,99,55,45,7,30,24,9,60,56,50,34,24
gutM,27,38,16,66,27,7,1,11,7,2,16,18,14,27,9
gutQ,267,409,198,350,291,55,26,30,59,25,140,116,123,90,89
gyrA,8443,9922,4815,6925,8383,874,224,518,821,304,1507,1473,1653,853,814
gyrB,3692,4109,2219,3697,3250,991,275,589,838,342,343,373,348,264,208
hcaB,60,154,66,169,77,18,5,21,18,0,92,98,103,57,70
hcaC,33,46,19,54,36,10,3,12,8,8,35,27,46,22,17
hcaD,150,178,74,191,113,59,34,38,68,25,127,95,125,90,92
hcaE,283,339,122,321,228,66,12,45,44,18,193,163,186,167,125
hcaF,71,86,29,99,56,7,3,4,6,2,75,40,52,17,27
hcaR,1030,1031,525,820,687,120,31,71,83,47,112,109,122,176,61
hcaT,464,610,316,287,428,20,5,15,44,11,235,196,221,147,173
hchA,552,496,285,1677,324,2252,640,1625,1588,740,2016,2198,2434,4332,2281
hcp,17,17,10,14,14,6,1,7,4,3,68,76,92,36,29
hcr,18,12,7,16,15,23,15,16,19,6,51,55,71,42,26
hcxA,97,108,62,107,64,84,35,70,60,24,185,161,203,207,154
hcxB,490,560,318,924,463,107,35,85,70,42,217,221,238,306,241
hda,674,790,378,411,571,44,14,29,38,5,58,61,77,97,66
hdeA,324,322,207,664,281,96,17,58,82,40,60,88,74,102,43
hdeB,155,134,82,290,142,65,10,15,38,13,24,27,35,53,29
hdeD,82,66,31,213,64,122,29,114,120,46,67,88,84,109,67
hdfR,125,109,64,312,70,105,17,56,93,45,254,227,316,293,228
hdhA,532,551,257,1220,339,910,256,601,724,331,2351,2381,2685,3447,2003
helD,533,613,314,870,540,450,133,266,292,161,466,486,552,602,548
hemA,1238,1482,692,881,905,231,59,125,268,130,858,852,999,1124,917
hemB,587,574,263,650,435,197,88,129,194,106,241,191,220,218,223
hemC,991,1234,602,1268,907,486,137,314,336,148,363,314,354,466,334
hemD,529,620,394,777,487,195,56,92,109,30,359,289,321,521,430
hemE,732,993,561,1406,897,291,70,136,141,84,515,624,592,658,680
hemF,475,554,301,470,476,38,17,15,32,7,402,455,448,344,357
hemG,235,281,141,467,244,57,18,45,46,14,86,93,101,94,86
hemH,254,202,168,556,148,154,43,105,122,59,775,787,950,1629,1124
hemL,1418,1939,933,3279,1581,1119,359,711,872,364,671,690,725,1163,941
hemN,1015,1076,554,1299,913,604,178,384,590,269,205,229,220,361,236
hemP,97,90,68,82,65,6,1,5,2,0,41,38,28,22,16
hemW,941,1121,551,782,808,48,18,23,26,16,184,163,238,124,196
hemX,898,1188,582,1854,897,202,49,117,138,87,1209,1099,1195,2103,1628
hemY,1622,1871,908,2789,1300,333,99,194,266,116,1101,1066,1136,1717,1636
hexR,536,710,346,189,527,197,33,96,202,75,129,111,135,149,131
hflC,3700,4351,2103,4466,2859,620,173,411,619,222,3711,3450,3917,4018,3765
hflD,781,892,515,362,691,38,11,25,20,11,181,187,189,193,199
hflK,5461,6359,3148,6897,4063,1277,336,804,1142,473,6241,5972,6473,7776,7177
hflX,3385,3851,1908,5292,2615,1359,358,706,1067,425,5001,4810,5285,7719,6049
hfq,1347,1238,659,2592,848,1008,262,529,498,207,1756,2150,1889,3897,2059
hha,373,332,204,542,233,134,36,53,87,39,424,499,512,717,357
hicA,29,46,22,24,19,9,8,13,18,5,75,105,129,259,140
hicB,88,68,36,79,72,45,17,14,60,24,230,279,311,434,270
higA,46,16,20,53,38,28,12,11,25,24,74,87,93,69,62
higB,16,24,8,10,11,4,0,1,2,3,19,21,32,9,16
hinT,337,376,228,953,276,209,61,136,218,120,626,674,657,1331,732
hipA,120,167,98,336,133,64,23,32,44,17,716,688,793,954,730
hipB,29,24,12,37,17,2,3,5,16,0,86,107,101,133,80
hisA,874,1347,600,1447,1139,300,58,177,202,87,144,95,117,91,124
hisB,1208,1761,874,2055,1704,505,127,251,356,163,264,210,278,205,257
hisC,1117,1740,886,1880,1636,547,162,356,346,203,333,300,389,316,379
hisD,1443,2207,953,2265,1836,731,224,481,549,256,676,631,740,531,739
hisF,914,1371,746,1610,1305,264,73,146,211,73,69,101,97,79,93
hisG,880,1386,630,1234,1142,444,115,267,323,142,612,571,670,525,599
hisH,583,961,454,1029,938,214,71,147,143,69,119,88,112,103,121
hisIE,839,1124,532,1220,983,207,44,135,205,91,129,108,96,112,98
hisJ,2212,2690,1259,4699,1786,340,80,190,282,130,423,376,447,387,368
hisL,44,35,27,11,23,7,0,3,18,0,5,5,5,24,13
hisM,395,737,316,730,385,45,14,34,38,18,40,42,55,23,27
hisP,782,810,398,1194,546,30,7,20,39,19,53,49,71,63,58
hisQ,943,1316,680,1788,862,135,29,73,79,27,150,131,116,111,115
hisR,376,341,220,123,353,304,104,167,262,106,30,46,65,115,71
hisS,4763,5871,2815,3995,4193,447,118,238,405,145,1109,1156,1225,1389,1218
hiuH,10,20,13,21,15,4,1,2,1,1,7,21,9,21,16
hldE,1454,1854,931,2078,1553,672,212,437,431,179,1300,1244,1429,1658,1379
hlyD,101,136,56,687,108,182,49,104,100,37,624,608,687,1032,704
hlyE,19,19,25,29,18,11,4,8,2,1,33,26,31,48,51
hmpA,297,337,164,310,282,190,54,120,142,42,1507,1712,1835,907,804
hmsP,553,689,311,745,487,322,72,197,185,95,389,390,381,396,287
hns,11212,9678,4954,11093,6764,5080,1721,2814,4673,1916,4625,5289,5928,13832,4875
hofC,25,22,16,36,35,10,1,7,4,4,26,22,35,21,29
hofM,30,43,17,46,42,14,3,7,3,1,19,42,31,26,7
hofN,11,10,3,6,9,0,0,1,0,0,8,7,8,6,9
hofO,5,19,0,12,13,2,0,6,0,2,12,3,3,4,6
hofP,7,6,2,3,8,0,0,0,0,0,6,6,8,3,2
hofQ,51,26,16,19,34,8,4,6,8,0,19,23,21,16,13
hokA,0,0,1,4,1,0,0,1,0,0,0,1,1,0,2
hokD,256,195,119,201,150,972,274,602,903,392,1273,1346,1472,3062,1448
hokE,1,2,0,1,1,1,0,1,5,8,10,8,6,10,0
holA,619,752,391,680,594,109,26,49,81,30,195,143,136,163,137
holB,416,540,262,390,381,37,5,19,30,11,331,346,385,239,322
holC,233,342,210,426,268,84,15,28,48,15,278,275,283,338,299
holD,175,195,85,136,167,19,0,1,6,1,212,163,171,89,88
holE,87,105,50,43,72,51,6,25,24,20,24,36,51,58,19
hpf,619,695,374,939,555,168,58,116,181,73,91,114,107,178,106
hprR,102,108,67,103,65,42,16,32,31,22,96,79,111,105,62
hprS,228,229,129,180,159,75,14,42,60,44,145,197,215,150,129
hpt,437,523,218,367,327,93,25,41,71,38,217,225,215,289,202
hrpA,1282,1822,963,1772,1280,809,200,457,577,218,1044,1089,1166,1228,797
hrpB,559,749,342,517,521,242,51,90,127,104,255,277,249,198,186
hscA,3151,4235,2033,2307,3075,243,69,155,253,95,1256,1197,1263,776,1003
hscB,698,982,484,264,673,116,22,81,96,32,513,533,558,321,331
hscC,88,127,56,69,90,30,4,19,28,11,60,56,62,38,19
hsdM,992,1236,582,712,855,28,14,16,29,2,192,161,186,131,146
hsdR,1770,2185,1170,2501,1661,73,32,56,57,27,227,200,210,384,232
hsdS,390,519,293,242,396,4,3,5,12,1,14,23,6,13,8
hslJ,79,47,47,171,52,78,15,42,51,16,80,101,106,148,87
hslO,604,775,431,852,504,704,212,401,449,198,1136,1092,1151,1654,1318
hslR,320,344,170,353,247,316,107,228,212,111,535,529,504,699,628
hslU,1010,1138,601,1361,910,2128,715,1493,1673,750,1506,1535,1546,4941,3666
hslV,377,420,203,420,283,709,220,459,636,259,525,587,694,2130,1509
hspQ,710,688,345,952,430,5134,1613,3012,4065,1634,1193,1219,1413,6449,2775
htpG,982,1193,550,749,738,728,241,450,511,231,1293,1282,1393,3891,2565
htpX,2767,2990,1507,2333,2043,1481,481,963,1331,504,9010,8243,9767,13743,10664
htrE,9,22,10,19,7,26,7,18,18,9,161,154,155,172,135
hupA,3780,3725,2106,5243,2636,418,147,284,379,151,355,415,457,567,325
hupB,9282,9810,5214,9173,6321,177,62,104,120,60,449,478,627,876,586
hxpA,550,633,334,923,528,722,222,502,614,242,662,613,660,756,512
hxpB,435,466,213,453,312,79,22,48,80,33,82,94,114,108,70
hyaA,25,18,11,62,12,563,161,313,333,99,140,100,149,307,233
hyaB,23,29,41,85,26,644,185,413,498,190,91,94,85,172,137
hyaC,16,20,12,23,17,238,61,161,159,82,24,24,25,46,33
hyaD,18,27,17,27,22,241,69,131,139,73,40,38,26,54,41
hyaE,5,16,6,19,16,76,27,43,96,19,10,13,11,19,18
hyaF,15,25,9,21,10,101,19,58,70,44,25,23,24,17,8
hybA,152,199,116,123,132,66,12,39,40,15,61,80,94,45,33
hybB,131,160,71,80,128,38,14,27,31,12,59,56,73,19,46
hybC,471,593,288,430,397,131,45,85,101,47,382,408,413,313,278
hybD,222,217,103,201,176,56,16,27,58,8,144,160,179,110,139
hybE,113,150,44,98,110,24,10,23,36,11,122,109,119,86,54
hybG,41,62,57,32,42,11,0,5,16,2,29,24,13,24,17
hybO,184,251,99,129,166,81,34,59,92,29,156,156,203,155,137
hycA,1,3,5,1,0,0,0,1,4,0,122,115,115,8,6
hycB,6,14,5,12,0,1,0,2,3,0,218,181,202,15,17
hycC,9,21,4,23,15,5,8,3,8,2,542,559,598,42,44
hycD,10,14,10,22,11,12,0,3,6,0,207,207,218,15,18
hycE,22,55,19,47,28,4,2,1,13,1,306,277,326,39,43
hycF,4,12,4,9,7,2,0,0,5,2,41,60,64,6,1
hycG,19,10,11,23,18,27,8,16,13,4,89,85,72,16,30
hycH,28,40,8,29,25,44,15,35,34,8,57,36,75,50,26
hycI,129,111,60,133,81,254,88,139,278,128,160,146,149,124,88
hydN,63,82,56,62,55,4,3,12,2,0,36,37,56,26,25
hyfA,12,13,5,6,9,5,2,3,8,6,7,6,9,8,2
hyfB,34,54,15,37,24,51,6,25,16,5,38,31,42,16,18
hyfC,6,1,0,0,1,26,4,4,4,0,0,6,6,6,1
hyfD,4,20,13,15,10,38,2,26,5,5,34,14,17,13,13
hyfE,5,2,0,2,6,8,4,7,11,1,2,10,9,7,8
hyfF,24,28,18,47,41,47,24,26,30,4,24,58,50,26,30
hyfG,59,53,46,80,51,47,7,29,18,11,64,48,66,43,25
hyfH,15,4,10,19,15,13,1,2,4,0,8,6,14,8,10
hyfI,32,29,16,16,15,9,0,8,10,0,7,11,8,10,1
hyfJ,9,5,2,11,16,2,1,2,2,0,5,3,2,7,2
hyfR,39,42,23,75,27,16,0,10,10,0,53,41,35,31,26
hyi,23,9,3,14,10,6,0,7,5,3,27,45,26,36,34
hypA,41,70,38,40,57,8,4,6,14,5,41,31,41,38,14
hypB,82,113,67,79,84,30,4,25,16,15,60,68,57,33,19
hypC,9,27,10,11,23,1,1,3,3,0,7,7,9,6,9
hypD,205,265,87,304,148,84,23,48,60,10,319,310,266,223,219
hypE,206,260,123,388,198,312,84,150,218,88,513,517,582,640,529
hypF,162,212,107,239,192,168,58,94,105,48,245,184,196,145,145
hypT,160,149,102,124,159,30,3,17,18,17,51,45,67,63,48
hyuA,29,21,4,12,14,6,2,4,3,2,8,2,10,10,13
iaaA,834,1468,740,589,799,229,66,131,170,82,1730,1774,1839,1602,1539
iadA,319,433,213,293,289,80,25,40,47,19,136,126,129,104,77
iap,183,257,112,155,124,43,20,20,36,15,154,129,143,56,74
ibaG,337,386,233,274,319,18,3,14,10,1,77,87,105,88,52
ibpA,104,70,41,58,49,153,61,92,82,42,445,405,531,896,453
ibpB,26,43,10,27,9,70,22,51,47,26,199,207,205,298,161
ibsA,0,0,0,1,1,5,0,0,1,0,0,0,1,4,0
ibsB,3,1,0,1,0,1,0,2,2,0,3,4,3,1,2
ibsC,47,29,17,64,36,0,1,0,0,0,1,0,1,0,1
ibsD,0,0,0,0,0,0,0,0,0,0,0,0,0,2,0
ibsE,0,2,0,1,0,0,0,0,0,0,0,0,0,2,1
icd,21978,22769,10907,19868,19661,1445,439,858,1129,527,1913,1850,1953,2592,1814
iclR,618,660,341,1235,503,83,25,89,125,34,119,111,147,159,135
idi,89,91,55,264,60,207,70,80,112,41,304,269,325,512,338
idlP,1,2,1,0,1,0,0,0,0,0,16,22,23,30,7
idnD,47,62,20,57,27,26,11,14,18,9,33,46,19,24,23
idnK,13,19,6,16,14,10,4,13,8,0,15,30,40,26,20
idnO,56,56,34,55,44,19,6,11,13,8,28,23,39,22,16
idnR,74,85,64,190,57,27,9,12,10,5,40,31,29,22,33
idnT,133,93,39,138,83,28,15,13,36,5,80,53,85,78,72
igaA,976,1015,549,986,764,120,41,86,128,39,297,267,316,161,118
ihfA,4621,4564,2413,8302,3245,9147,3086,5926,8714,4027,8538,9239,9835,30867,12978
ihfB,646,797,336,977,576,457,119,228,293,98,1027,1022,1252,4192,1842
ileS,7080,9618,4775,8413,7728,1922,510,1175,1496,592,2716,2578,2826,1957,2014
ileT,219,320,172,77,202,21,5,12,12,5,30,29,31,54,23
ileV,112,186,104,40,109,12,1,10,9,1,10,22,18,27,13
ileX,0,0,0,0,0,0,0,0,0,0,1,0,2,2,0
ileY,1,0,0,0,0,0,0,0,0,0,5,7,5,5,4
ilvA,304,441,228,772,337,165,40,100,148,40,588,520,612,229,309
ilvB,1008,1189,567,1187,903,919,223,513,723,319,404,375,446,596,386
ilvC,929,1073,463,189,805,79,24,56,67,26,154,172,170,184,137
ilvD,540,695,353,1123,563,187,42,114,159,63,1527,1492,1681,673,1030
ilvE,432,529,236,1139,334,106,29,54,80,30,1949,1708,1935,1046,1524
ilvI,526,642,416,442,504,50,17,41,37,12,98,79,100,84,55
ilvL,199,173,95,238,69,153,14,74,121,48,92,173,126,385,122
ilvM,9,14,13,4,8,0,2,0,0,1,372,413,419,241,325
ilvN,234,309,187,306,299,133,42,99,161,33,92,95,86,93,67
ilvX,0,6,1,1,4,3,0,1,6,0,93,91,99,104,85
ilvY,198,265,113,326,155,119,44,90,113,45,542,404,520,617,439
inaA,269,306,165,231,133,120,36,60,75,21,160,153,191,176,131
infA,2295,1909,941,804,1358,76,15,40,44,21,584,628,647,702,331
infB,14665,18139,9074,9428,14690,2876,776,1761,2297,989,14321,13858,14684,11427,13027
infC,14816,15959,7954,9534,11867,6873,2056,3718,3971,1799,5636,6268,6426,13834,8086
insG,139,130,108,205,108,31,6,16,20,7,88,79,81,63,37
insH11,729,707,423,544,654,152,35,90,106,57,175,180,191,180,165
insH5,117,153,45,104,82,45,16,18,24,6,28,16,20,27,17
insH6,8031,8669,4515,6663,7615,1771,478,1095,1264,537,1660,1710,1808,1968,1839
insI1,182,169,71,253,123,72,15,40,46,14,148,136,145,142,115
insI2,110,87,48,165,80,37,14,27,22,16,107,99,99,114,88
insL3,1737,2316,1228,1104,1719,168,37,106,112,44,1022,951,1026,1564,1519
insQ,672,553,284,587,537,192,66,108,165,55,309,322,360,339,220
intA,279,303,162,578,207,243,85,197,243,99,251,260,316,295,208
intD,346,344,180,316,242,60,20,46,62,12,138,126,137,146,148
intF,121,136,59,213,115,69,17,23,45,14,581,559,624,585,523
intR,67,58,51,50,27,57,10,22,39,29,130,124,142,214,127
intZ,608,607,338,304,366,97,35,70,99,43,209,176,175,220,244
iprA,1,4,0,5,0,2,0,1,2,0,4,4,8,2,1
iraD,19,6,4,5,4,8,1,5,14,8,209,172,166,137,116
iraM,5,14,3,15,2,0,0,0,0,0,0,5,1,6,1
iraP,141,144,98,98,112,16,0,4,10,2,29,32,32,55,40
iscA,1366,1887,942,647,1123,1681,535,949,1438,647,1621,1566,1679,1789,1391
iscR,1345,1910,954,794,1189,1460,347,810,971,451,2397,2404,2633,2332,1935
iscS,4519,6305,2821,1875,3679,3116,852,1741,2411,1025,6459,6310,6799,5208,5022
iscU,1538,1979,990,661,1273,1236,357,779,850,380,1943,1830,1940,1543,1503
iscX,514,622,279,317,454,59,12,8,23,8,181,147,194,109,122
ispA,1391,1751,845,943,1366,98,37,69,87,31,287,335,323,346,303
ispB,2014,2208,1090,2270,1626,391,86,221,273,105,878,748,830,778,724
ispC,858,999,526,853,681,207,68,153,155,76,442,398,459,510,377
ispD,861,797,433,882,687,51,7,29,35,15,345,366,374,239,302
ispE,1398,1775,808,1627,1201,98,25,47,82,51,826,785,898,1049,980
ispF,393,445,221,549,336,20,5,8,9,6,163,161,164,88,112
ispG,2769,3417,1804,2725,2505,2213,582,1357,1649,638,2120,2179,2263,4087,2823
ispH,1160,1522,758,1096,1194,161,46,70,120,36,322,379,413,256,216
ispU,2499,2990,1584,1573,2242,96,37,65,99,39,370,324,426,332,343
ivbL,363,258,150,260,170,381,48,151,226,104,44,53,45,213,80
ivy,252,269,91,876,171,51,14,29,50,10,370,353,473,315,161
katE,2576,2903,1620,11125,1991,1006,272,646,653,295,548,571,607,609,425
katG,2037,3278,1633,7315,2334,914,334,713,657,287,1016,836,987,769,612
kbaY,17,36,19,24,11,4,0,1,0,3,55,50,49,112,76
kbaZ,84,122,81,95,91,20,2,21,18,6,21,18,36,133,71
kbl,1905,2523,1278,5303,1885,1450,408,921,1000,464,1310,1391,1411,1481,1208
kbp,332,387,193,1844,243,3078,801,1364,2074,907,1201,1264,1444,3282,1566
kch,99,116,57,220,82,91,19,48,82,26,134,147,163,272,138
kdgA,944,1028,486,964,714,185,58,122,169,65,392,394,466,500,354
kdgK,174,241,88,182,134,56,15,39,43,23,115,138,140,83,79
kdgR,339,339,166,218,253,147,55,98,109,43,104,117,151,211,84
kdgT,60,82,52,86,48,24,13,13,10,6,27,30,46,33,37
kdpA,3,16,8,9,0,68,17,27,27,14,41,27,34,11,20
kdpB,21,31,8,25,16,89,26,58,52,17,35,52,58,20,21
kdpC,35,31,23,32,23,52,10,16,25,4,52,71,84,61,38
kdpD,321,377,170,342,231,516,135,273,256,127,737,730,714,549,549
kdpE,71,74,34,124,53,244,52,136,155,49,210,214,196,221,157
kdpF,0,0,0,0,0,0,0,0,0,0,0,2,0,0,0
kdsA,1351,1571,787,1293,1189,514,142,282,403,157,785,863,897,829,678
kdsB,1294,1320,650,1373,993,289,75,180,234,83,371,322,347,294,227
kdsC,726,704,401,810,610,620,148,365,498,167,514,553,558,630,481
kdsD,721,946,447,827,602,280,53,177,191,88,320,371,368,334,315
kduD,197,271,108,280,153,84,25,39,77,47,92,63,106,69,45
kduI,205,242,138,192,160,30,7,13,10,11,49,56,85,25,22
kefB,330,420,180,658,282,315,90,151,177,67,238,287,268,247,235
kefC,439,609,318,1020,336,349,92,291,241,123,663,639,730,704,690
kefF,90,84,44,152,60,81,30,38,53,31,128,117,121,138,137
kefG,173,197,110,242,95,110,37,65,89,32,74,113,128,136,101
kgtP,18366,21083,10400,20365,15324,20755,6058,13039,15964,6826,7280,7233,8077,14198,9246
kilR,0,0,2,1,0,0,1,1,0,1,0,0,2,3,2
kptA,35,31,13,40,28,36,4,9,11,7,44,38,41,65,37
kup,537,659,349,1002,433,401,126,238,296,132,135,112,172,197,116
lacA,19,5,9,28,7,0,1,2,6,1,27,37,32,39,26
lacI,10411,11663,6271,9714,9391,3308,890,2024,2801,1290,2557,2417,2559,3309,2667
lacY,32,14,9,17,14,20,2,8,12,3,45,60,47,38,21
lacZ,2769,2734,3604,2608,3222,7297,2289,5630,5833,5270,6121,5840,5788,6650,5658
lafU,10,21,10,13,11,13,1,7,3,8,20,36,25,19,17
lamB,13651,16433,8460,32242,9689,22,4,12,15,9,96,95,117,55,60
lapA,271,437,148,381,225,127,37,78,96,36,258,262,266,532,337
lapB,719,893,422,899,609,110,31,73,115,38,474,468,513,661,578
ldcA,133,124,83,172,97,15,6,20,33,8,188,198,192,115,87
ldcC,394,563,238,2031,339,749,179,508,614,230,753,697,787,1075,769
ldhA,305,289,160,943,226,337,104,192,248,125,300,298,360,533,365
ldrB,69,60,31,48,24,8,1,7,13,10,20,35,48,46,20
ldrC,15,11,8,8,10,4,2,1,5,4,19,18,11,16,10
ldrD,92,65,51,115,71,46,18,32,53,23,31,29,47,156,63
ldtA,351,331,175,863,202,1186,323,640,750,341,1237,1304,1350,2966,1729
ldtB,1354,1191,669,958,917,885,281,497,635,212,646,670,820,828,559
ldtC,673,641,330,552,424,27,5,31,21,6,734,687,759,695,625
ldtD,602,674,324,2646,512,1501,468,974,1137,532,1907,1977,1966,3192,2352
ldtE,238,261,185,876,188,6255,1819,3901,4340,1940,2270,2390,2399,6755,2928
lepA,6178,7728,3751,3791,5878,572,162,388,456,241,2366,2293,2504,1303,1250
lepB,2455,3264,1590,1433,2379,539,175,421,516,191,849,817,872,571,416
leuA,545,652,353,382,593,91,15,78,59,26,221,216,224,167,171
leuB,474,640,369,468,613,99,41,47,66,28,216,231,336,180,163
leuC,670,1000,436,641,912,136,41,102,110,36,290,257,271,240,230
leuD,400,387,225,273,337,192,47,119,182,57,156,138,148,239,121
leuE,190,248,109,135,158,55,18,31,55,16,137,123,152,165,116
leuL,34,60,23,17,20,9,3,3,7,0,2,1,5,13,3
leuO,28,32,10,60,17,57,11,10,34,13,86,71,88,112,47
leuP,490,540,280,164,372,394,137,285,451,187,86,114,89,213,130
leuQ,221,295,104,100,206,35,8,31,15,23,12,28,22,102,29
leuS,4986,5842,2859,5137,4607,2522,696,1440,1827,786,2688,2431,2852,3238,2650
leuU,297,396,202,151,321,32,8,13,11,10,62,68,82,55,47
leuW,716,724,337,132,497,13,11,11,24,22,57,60,63,100,58
leuX,3,5,2,3,4,1,0,0,2,0,8,11,9,6,12
leuZ,750,411,190,203,378,25,12,22,28,14,64,85,58,125,60
lexA,2427,2542,1401,3081,1926,2113,593,1305,1940,843,2929,2913,3208,7578,4190
lgoD,15,14,4,14,9,17,1,2,16,7,232,177,234,19,16
lgoR,80,110,62,110,73,28,1,9,24,12,7,12,3,17,13
lgoT,98,89,64,110,91,184,74,162,147,71,172,176,152,264,211
lgt,1236,1235,768,1093,1064,76,26,57,93,20,266,258,297,198,250
lhgO,235,275,152,2703,198,3319,805,2098,2524,1039,607,559,632,1256,673
lhr,613,873,549,1004,710,446,121,257,204,103,250,201,214,84,106
ligA,1321,1724,861,1297,1353,413,114,225,329,155,2322,2159,2523,2874,2584
ligB,57,85,31,74,52,34,10,9,20,2,61,64,56,46,27
lipA,1512,1802,889,971,1399,424,97,265,337,162,393,394,419,549,445
lipB,204,218,136,163,159,50,16,31,34,14,187,173,201,389,376
livF,608,824,415,186,681,10,1,11,24,11,56,60,56,49,50
livG,634,876,465,227,704,16,9,6,11,3,57,43,62,37,35
livH,822,1100,559,200,900,13,12,13,16,10,175,140,173,133,105
livJ,2632,2591,1293,1508,2069,37,9,35,33,10,395,333,420,513,416
livK,1011,1224,579,236,1004,12,7,10,12,2,198,234,241,154,163
livM,1277,1827,889,405,1391,41,7,18,29,6,150,130,163,114,96
lldD,345,433,219,467,303,287,73,170,189,67,120,122,112,127,97
lldP,687,950,479,743,683,937,279,694,617,257,563,499,605,770,602
lldR,209,250,151,211,230,188,43,92,130,42,36,28,34,67,26
lnt,1592,1973,987,1498,1368,289,99,172,229,69,640,645,772,857,818
loiP,344,402,226,504,282,418,98,252,341,176,278,291,296,365,214
lolA,616,671,347,877,574,171,52,76,127,57,170,156,144,245,111
lolB,583,680,375,949,508,104,28,36,74,16,535,455,464,705,610
lolC,660,813,448,524,567,42,10,31,30,14,236,215,246,231,220
lolD,486,576,268,402,419,23,9,25,16,8,182,160,186,154,132
lolE,876,1155,472,684,622,211,67,144,188,78,239,219,234,288,239
lon,3370,4003,2114,5393,2890,1709,551,946,1349,668,6845,6153,7163,13163,11782
lpcA,903,922,566,1136,784,251,66,189,277,127,231,256,237,285,236
lpdA,14102,16318,8129,12451,11978,1393,397,831,1019,532,1293,1184,1255,1503,1381
lplA,281,331,99,328,231,38,5,18,29,29,92,86,96,75,74
lplT,718,924,399,966,625,493,160,315,425,148,715,591,760,724,603
lpoA,1502,1670,814,1602,1555,404,101,253,306,134,341,292,373,252,212
lpoB,617,734,334,2011,473,617,189,373,432,212,1937,1613,1903,3121,2471
lpp,40145,36261,20463,53855,25769,6462,2220,4229,9396,4214,6667,7392,8491,18451,7150
lptA,954,1087,526,1314,891,873,213,483,610,335,821,789,855,1067,848
lptB,1239,1331,719,1739,1083,981,206,583,578,212,944,931,982,928,867
lptC,507,615,307,675,446,716,166,410,479,224,499,555,566,710,606
lptD,5695,6916,3353,6292,4668,2629,722,1502,2096,883,2214,2275,2305,4215,2740
lptE,1038,1074,548,917,779,578,179,388,571,226,583,611,736,1221,715
lptF,965,1072,567,1038,807,1250,344,817,873,335,1066,1077,1236,1604,1214
lptG,1265,1458,768,1453,983,1450,434,963,1137,458,1191,1106,1316,1643,1413
lpxA,2794,3288,1550,2484,2535,304,71,178,272,114,944,834,1025,700,631
lpxB,1590,1918,967,1318,1415,52,13,15,49,20,209,220,233,143,166
lpxC,7670,8525,4209,7402,6491,23604,7631,16206,21640,9492,5473,5654,6107,7624,5066
lpxD,5206,5661,2873,4075,4061,1930,548,1126,1488,609,1298,1351,1356,1466,1130
lpxH,695,713,374,543,587,29,9,15,22,8,58,51,68,48,45
lpxK,926,1131,520,718,880,156,46,105,95,34,566,521,680,462,418
lpxL,385,483,213,301,346,364,141,228,258,99,301,252,350,395,323
lpxM,707,631,317,437,538,152,61,155,154,69,1007,937,1148,1217,930
lpxP,2262,2326,1353,1273,1667,178,43,136,207,70,379,315,387,336,224
lpxT,346,351,199,282,299,2,5,5,5,3,121,95,102,79,63
lrhA,415,407,221,406,316,260,85,236,246,110,674,711,782,578,521
lrp,2028,2016,1011,2340,1593,506,185,318,569,250,713,669,801,980,763
lspA,922,1350,631,1139,1011,318,79,236,273,122,408,392,454,317,271
lsrA,801,856,445,670,410,52,18,46,55,21,53,54,54,93,39
lsrB,948,1146,545,1098,600,55,9,37,58,13,28,31,32,40,28
lsrC,585,770,364,504,312,81,32,46,64,21,58,29,84,81,52
lsrD,344,534,252,236,191,48,16,38,29,25,46,21,45,45,29
lsrF,1091,1154,580,940,680,30,12,19,30,5,36,46,36,52,35
lsrG,415,512,242,418,252,13,4,7,10,6,7,16,17,14,13
lsrK,1303,1407,747,1532,779,149,45,66,75,53,347,288,334,199,143
lsrR,746,792,432,562,385,46,16,36,32,11,195,203,225,120,63
ltaE,644,810,332,1485,587,366,86,182,252,124,362,304,338,406,254
luxS,1155,1148,629,3500,832,677,265,467,762,296,1469,1340,1706,2319,1175
lysA,128,116,64,56,55,67,44,86,34,18,1523,1294,1496,1611,1140
lysC,276,274,118,373,196,24,5,13,16,8,129,103,142,71,63
lysO,221,269,126,81,201,8,4,9,8,2,96,99,111,60,70
lysP,1110,1256,618,1486,896,1565,463,998,1172,488,2683,2691,2953,3535,2992
lysR,82,91,29,173,76,22,5,15,20,9,142,117,139,217,119
lysS,7414,9210,4554,6101,7292,1277,316,747,884,369,1136,1047,1205,1177,987
lysV,1592,1481,679,461,1050,58,23,41,42,34,276,235,288,247,194
lyxK,56,62,38,39,47,11,7,3,6,5,22,10,22,22,8
mCherry,65,59,31,104,45,263,56,128,123,29,436,462,423,1100,690
maa,399,393,201,476,279,65,17,31,36,18,373,357,390,364,278
macA,194,282,117,295,153,98,20,58,65,48,155,159,169,186,182
macB,354,517,289,608,347,171,61,93,184,61,412,367,370,592,345
maeA,5702,6784,3458,8615,5828,547,136,318,416,166,574,527,615,650,721
maeB,11477,14670,7160,16860,12291,1051,333,738,931,356,1045,1136,1275,1685,1083
mak,211,169,128,587,142,293,91,161,120,60,483,512,597,1187,586
malE,11563,12574,6305,17728,7050,17,1,11,7,6,13,17,30,38,11
malF,1687,2634,1227,1072,996,21,3,8,11,6,25,27,29,25,14
malG,1107,1351,693,648,568,30,18,42,20,6,66,85,63,69,49
malI,188,266,94,194,164,94,33,76,78,26,393,417,460,605,397
malK,2899,3807,1941,3493,1743,1,4,1,1,0,2,4,9,8,3
malM,2052,2268,1298,3074,1062,47,11,37,38,16,47,40,68,65,73
malP,1800,2240,1187,5200,1483,406,83,239,266,130,1445,1316,1376,1594,1186
malQ,1774,2252,1334,4177,1282,335,106,208,268,102,885,797,906,728,494
malS,137,126,51,143,86,44,17,32,34,11,91,78,76,100,78
malT,6896,8784,4208,8139,6455,466,121,236,353,145,581,554,614,810,545
malX,375,521,231,125,445,29,16,42,22,21,95,95,87,167,84
malY,592,677,359,428,523,106,29,39,76,29,107,120,132,149,101
malZ,166,200,141,194,169,132,39,81,98,55,111,105,126,98,63
manA,924,924,514,870,658,146,39,80,113,69,103,110,102,137,106
manX,5953,7873,3885,11430,6047,3855,1051,2341,2365,1035,1051,1060,1115,1975,1199
manY,5289,7030,3395,9785,5427,3428,873,2190,2165,891,931,934,993,1608,1132
manZ,5377,6707,3549,9945,5560,3774,1041,2259,2571,1069,999,1009,1133,2696,1364
maoP,482,435,230,234,300,113,26,75,135,47,165,199,248,348,125
map,1629,1522,861,1176,1221,561,143,398,540,190,373,355,402,600,344
marA,73,82,36,43,45,19,4,18,19,4,112,118,128,104,88
marB,28,26,14,15,20,2,0,0,1,0,43,31,32,33,13
marC,224,212,104,388,133,414,132,260,366,142,596,629,701,1275,670
marR,54,44,17,33,36,5,6,10,8,1,45,41,50,55,30
matP,143,129,86,78,90,112,29,50,37,32,146,150,171,326,179
mazE,105,137,49,134,122,61,12,22,34,11,338,331,360,315,217
mazF,82,96,75,112,77,29,9,16,24,10,314,320,274,300,212
mazG,228,223,132,309,173,169,44,93,108,51,836,755,830,761,574
mcbA,1,1,4,14,1,3161,947,1235,1090,471,19,22,11,27,6
mcbR,190,150,99,822,77,130,25,69,82,34,897,819,921,1790,1167
mcrB,124,104,58,132,96,10,2,14,11,6,41,48,43,56,51
mcrC,49,66,37,86,41,5,0,2,3,0,15,5,6,13,13
mdaB,202,186,123,246,180,51,10,33,38,13,55,72,82,113,61
mddA,214,196,133,278,135,52,15,34,76,15,130,143,143,192,116
mdfA,257,379,149,244,266,661,194,308,454,181,698,679,763,944,685
mdh,13209,13465,6897,15219,10691,2101,639,1313,1698,760,2882,2749,3011,2841,2188
mdlA,344,384,160,516,276,287,69,165,250,91,357,326,394,483,398
mdlB,366,349,158,421,250,121,49,65,113,64,213,184,215,191,133
mdoC,205,175,80,63,144,12,4,16,19,13,35,40,30,45,28
mdoG,2192,2577,1263,2279,1710,1131,331,705,693,309,333,375,351,837,504
mdoH,3015,4285,2095,2751,2754,1973,560,1107,1488,612,487,494,525,696,598
mdtA,100,130,58,139,83,194,57,112,106,17,212,239,216,169,157
mdtB,295,338,239,581,325,383,110,232,223,125,333,295,312,132,93
mdtC,256,336,206,375,213,251,68,114,160,84,243,223,231,63,70
mdtD,256,230,137,467,218,107,18,73,71,26,214,198,196,182,135
mdtE,23,42,15,128,40,0,10,4,3,5,17,16,27,29,24
mdtF,133,179,38,215,95,21,15,27,22,14,129,147,158,67,57
mdtG,61,80,52,106,46,98,35,69,56,41,143,111,130,222,145
mdtH,204,246,130,257,179,15,7,12,9,10,166,174,174,40,56
mdtI,158,109,69,20,65,9,2,4,6,5,173,168,196,128,97
mdtJ,192,183,100,46,92,3,0,1,0,6,149,128,152,74,106
mdtK,980,1140,562,861,870,641,185,488,527,214,3695,3628,4140,4006,3589
mdtL,84,134,46,53,78,2,0,6,4,4,13,19,19,21,13
mdtM,44,64,29,79,33,100,41,82,79,22,705,710,715,1124,918
mdtN,3,1,0,6,4,0,0,0,3,3,21,9,14,6,13
mdtO,6,3,7,8,9,5,0,2,2,6,18,20,27,19,11
mdtP,12,12,4,14,9,2,0,1,2,0,22,8,7,12,12
meaB,18,17,13,17,13,3,5,2,5,4,32,40,36,17,20
melA,63,87,42,155,61,118,48,88,95,48,134,126,118,124,103
melB,75,58,65,126,50,86,25,49,36,24,119,97,99,78,55
melR,84,94,52,65,70,215,61,137,214,62,50,48,72,139,58
menA,235,324,184,145,180,121,35,59,65,15,188,196,215,284,269
menB,1007,1215,681,1854,1091,255,84,179,181,95,529,587,660,534,380
menC,1045,1481,740,1733,1171,248,75,144,142,66,671,563,613,421,443
menD,835,1076,570,1246,801,187,58,86,82,32,389,402,393,313,332
menE,918,1277,661,1180,1040,80,34,63,66,16,402,335,452,283,311
menF,961,1097,607,2502,846,283,55,144,197,76,902,885,948,1463,1110
menH,281,434,190,445,317,31,8,37,30,7,117,94,114,67,76
menI,291,402,203,295,255,62,17,27,32,11,21,14,14,31,29
mepA,704,1020,500,646,800,15,7,9,9,0,121,130,123,70,85
mepH,400,324,189,322,260,38,3,16,17,16,18,24,38,48,23
mepK,2170,2169,1120,1292,1237,211,47,71,141,68,621,572,620,559,488
mepM,2591,2730,1482,1074,2075,1074,347,631,806,316,714,665,784,687,682
mepS,5528,5504,2868,2901,3609,37,9,31,33,11,391,368,350,276,237
metA,99,86,29,90,52,32,17,50,39,20,64,61,39,37,20
metB,277,335,150,477,291,41,13,33,39,9,105,107,161,95,55
metC,489,548,275,603,440,54,27,48,70,37,118,116,127,150,105
metE,2108,2820,1377,1167,2475,80,33,58,101,39,234,197,224,251,203
metF,186,147,61,139,123,8,1,10,6,8,79,62,70,34,19
metG,3919,4574,2151,2833,3630,574,145,331,342,155,400,335,426,390,304
metH,1527,1830,936,2184,1497,305,98,191,277,122,246,186,198,157,178
metI,250,403,233,263,286,42,15,49,57,29,119,120,128,79,84
metJ,233,282,144,209,186,217,57,132,206,81,165,182,216,382,160
metK,2072,2142,1019,1165,1852,1234,365,813,773,392,1538,1447,1520,1001,781
metL,1010,1324,718,1401,1165,152,41,90,126,44,383,451,448,338,377
metN,256,337,158,170,315,68,28,29,62,27,171,161,176,108,91
metQ,1356,1531,716,1590,1229,135,31,83,138,44,330,279,334,277,241
metR,87,93,43,88,66,20,3,6,7,8,87,66,91,63,54
metT,316,265,139,75,262,25,9,27,18,10,53,50,54,90,41
metY,1145,1055,539,252,840,43,24,40,31,8,195,224,215,404,222
metZ,489,427,259,206,298,16,4,7,8,2,66,62,49,96,84
mfd,1411,1832,961,1425,1424,557,133,339,376,163,326,307,336,647,480
mglA,2612,3452,1870,1141,2529,109,28,53,65,36,66,77,87,70,46
mglB,16088,17268,8918,24003,12404,334,112,287,275,128,197,189,189,241,137
mglC,1976,2638,1341,772,1742,59,13,50,92,30,154,136,158,104,82
mgrB,808,826,415,1055,620,42,6,32,39,23,79,69,71,123,82
mgsA,664,534,303,446,404,214,79,134,226,92,204,219,213,400,182
mgtA,3953,4521,2286,2906,4917,245,65,148,117,65,335,297,355,301,249
mgtL,203,139,103,178,105,19,6,11,13,9,3,11,4,39,5
mgtS,44,38,13,35,17,17,7,3,10,8,10,14,8,17,1
mgtT,51,56,32,86,50,3,0,0,1,2,4,3,14,11,3
mhpA,18,28,11,29,17,19,1,15,17,1,61,52,64,49,49
mhpB,8,19,9,8,16,8,2,4,3,3,31,25,23,20,17
mhpC,11,25,14,42,21,9,1,12,10,3,26,20,22,20,10
mhpD,10,29,4,32,11,4,1,6,8,3,21,8,19,9,4
mhpF,33,13,6,36,15,34,3,18,15,15,13,15,34,23,22
mhpR,390,457,229,617,301,406,102,270,312,130,790,712,768,982,800
mhpT,41,47,30,80,28,109,30,48,62,35,81,91,151,98,115
miaA,2687,2900,1464,4876,1846,1886,599,1300,1609,649,5116,5268,5840,10682,6459
miaB,1225,1648,698,866,1217,767,254,552,667,265,987,1000,1072,1024,876
minC,922,999,503,1206,776,128,28,68,108,49,204,195,245,187,189
minD,1948,1944,973,2690,1528,209,75,144,192,86,300,289,321,363,306
minE,482,539,261,693,408,57,5,24,41,19,37,62,56,84,51
mioC,882,755,408,482,545,40,11,19,32,12,185,176,208,266,189
mipA,1809,1691,847,1498,1351,95,41,81,103,59,474,503,494,487,409
mlaA,518,635,292,950,401,499,124,301,365,138,764,804,895,1440,898
mlaB,564,717,343,1227,523,269,81,190,265,85,527,466,536,554,361
mlaC,1280,1316,697,2144,1109,625,205,433,553,234,1010,972,1109,1002,724
mlaD,617,707,339,786,564,229,59,121,162,44,386,459,434,298,256
mlaE,1045,1284,645,1429,997,364,113,168,296,102,836,792,861,637,680
mlaF,1150,1297,667,1511,1055,308,96,199,301,117,697,724,665,773,609
mlc,667,695,405,586,549,100,39,61,67,18,277,252,267,433,279
mliC,40,49,44,46,42,6,2,3,2,3,28,34,53,36,39
mlrA,302,278,126,646,160,447,122,296,347,151,848,872,945,1576,1051
mltA,537,752,299,417,545,69,26,60,30,23,633,559,570,363,381
mltB,491,554,309,872,453,83,28,74,70,29,549,521,520,670,549
mltC,537,605,325,633,445,25,10,10,15,7,105,112,145,54,46
mltD,3582,3646,1849,1499,2964,201,97,170,260,124,543,419,473,515,485
mltF,110,129,76,75,101,10,9,14,7,4,32,46,61,55,53
mmuM,245,259,119,294,186,134,39,75,141,48,208,157,192,186,150
mmuP,53,96,61,120,51,61,8,20,33,9,124,175,176,147,101
mngA,28,24,12,11,9,8,4,8,8,7,42,30,19,17,15
mngB,119,138,56,118,123,102,15,61,74,22,132,98,111,83,81
mngR,61,25,35,47,33,28,7,15,36,21,50,53,52,82,44
mnmA,1946,2245,1068,836,1879,86,21,57,69,24,562,609,598,425,514
mnmC,719,985,493,619,683,144,36,81,94,33,200,238,193,135,141
mnmE,750,737,400,763,587,233,69,144,160,62,474,442,432,355,369
mnmG,2030,2657,1327,1121,2015,84,26,57,97,18,842,828,823,613,708
mnmH,121,139,66,64,108,17,7,23,8,12,79,71,81,68,58
mntH,1225,1371,709,2697,748,15531,4037,8922,11070,4312,7318,7272,7750,13814,10000
mntP,22,12,3,8,12,6,1,6,12,4,34,19,19,11,4
mntR,83,108,70,101,63,81,24,40,36,24,86,88,93,140,108
mntS,913,1013,594,720,692,1473,493,866,1267,551,857,830,913,3450,1068
moaA,625,680,444,752,526,766,206,460,530,244,970,824,945,1057,731
moaB,240,354,148,539,236,394,100,214,242,123,513,453,507,790,489
moaC,200,216,112,511,178,287,82,181,237,112,343,297,333,412,348
moaD,22,58,18,80,36,69,17,43,54,26,52,47,44,76,55
moaE,83,113,52,203,64,157,50,80,73,47,100,124,106,191,112
mobA,72,67,36,133,88,72,35,35,70,31,95,79,114,82,58
mobB,56,77,22,111,47,90,29,53,55,20,74,57,101,68,54
mocA,92,102,60,243,70,438,116,261,346,128,136,121,163,407,168
modA,550,690,313,540,538,80,24,51,81,38,1193,1184,1221,580,544
modB,426,523,276,446,421,44,14,31,45,14,810,803,831,332,358
modC,658,847,440,564,563,76,27,64,39,20,1361,1225,1421,420,457
modE,193,169,113,222,120,25,11,25,14,8,149,114,128,130,106
modF,390,445,224,714,344,70,19,41,71,17,271,254,272,229,156
moeA,408,580,296,519,519,256,74,159,276,111,256,253,307,309,228
moeB,314,387,206,387,337,119,35,87,88,42,121,139,152,121,132
mog,287,317,121,240,221,86,33,68,81,49,124,137,157,213,140
mokC,121,109,50,70,103,64,30,44,94,16,23,36,20,46,35
motA,2019,2361,1286,1609,1814,287,78,141,179,55,12196,11653,13103,5040,4953
motB,1984,2428,1280,1621,1937,181,52,87,102,35,11040,10127,11507,2385,3479
mpaA,533,494,292,998,377,875,273,483,660,317,662,637,723,1035,599
mpl,1408,1565,862,1216,1217,194,49,128,167,80,380,356,462,395,306
mppA,1511,1854,848,1883,1416,455,148,306,406,165,1161,1122,1226,1310,1081
mqo,560,594,331,278,567,244,77,164,206,92,603,536,596,521,388
mqsA,153,208,78,219,87,580,182,345,661,249,1981,2048,2309,4395,2355
mqsR,128,122,59,137,71,390,118,246,295,100,927,826,989,2193,1366
mraY,1214,1410,749,1310,1004,114,40,74,70,47,130,123,121,76,58
mraZ,609,600,306,499,465,405,115,218,255,98,296,323,373,476,371
mrcA,1550,1800,957,475,1403,101,36,50,72,16,363,320,380,231,271
mrcB,1408,1702,883,1314,1252,442,158,270,257,166,938,814,991,783,702
mrdA,1221,1457,730,676,1126,72,18,34,53,31,235,230,272,146,171
mrdB,582,721,410,506,621,170,54,80,110,33,262,189,266,267,244
mreB,6170,7425,3591,4206,5352,378,117,236,274,97,1561,1622,1705,1077,976
mreC,3334,4266,2047,1884,2909,84,18,33,40,16,544,487,551,195,172
mreD,661,863,512,441,623,69,13,31,45,22,105,135,92,96,67
mrr,166,152,131,268,138,39,6,22,28,9,161,176,234,183,132
msbA,1427,1867,918,853,1276,313,96,189,239,103,745,779,860,472,418
mscK,1286,1481,774,829,1078,100,34,72,86,34,214,225,224,158,140
mscL,313,271,214,945,175,1444,517,586,881,423,555,589,634,1861,788
mscM,922,1122,606,1037,835,133,32,95,97,36,239,244,294,125,93
mscS,631,582,322,1921,460,755,184,426,566,280,10787,10509,12010,16009,10187
msrA,304,269,164,1022,192,553,156,344,448,151,484,462,572,969,616
msrB,1031,953,545,937,711,175,42,89,107,53,147,124,145,263,99
msrC,1057,1284,667,1957,822,181,43,125,148,51,811,771,819,659,445
msrP,240,222,130,598,192,564,191,351,461,222,588,454,572,695,458
msrQ,118,137,62,303,69,251,63,136,166,56,256,274,269,234,214
msyB,167,152,108,729,109,408,145,270,238,83,456,553,467,664,362
mtfA,2539,2841,1550,2096,2112,286,82,203,298,133,111,98,111,163,74
mtgA,265,314,124,432,232,8,4,20,23,3,45,36,46,31,48
mtlA,3711,4732,2245,6754,3393,3560,1035,2153,2837,1208,2349,2289,2468,9556,4991
mtlD,1244,1464,794,2521,1058,1017,276,610,775,340,1365,1271,1423,3228,1870
mtlR,420,485,216,618,332,163,55,115,108,57,396,326,380,654,433
mtnN,884,1048,471,1113,808,729,190,563,665,346,215,258,261,421,233
mtr,2655,2935,1415,6526,1928,825,259,516,266,153,325,313,422,371,260
mug,220,172,87,429,138,121,43,65,111,52,575,534,543,1444,649
mukB,5054,6876,3449,5284,5056,464,134,336,412,186,782,688,757,550,389
mukE,718,904,417,760,663,52,22,36,38,18,113,84,120,40,69
mukF,959,1197,603,946,940,73,42,60,65,31,218,226,204,161,131
murA,3037,3412,1668,2540,2694,131,27,67,125,45,814,822,941,666,752
murB,392,455,230,368,371,99,28,51,91,47,162,118,157,140,107
murC,1805,2290,1090,1869,1594,147,39,109,115,44,287,272,282,153,148
murD,1322,1745,903,1456,1270,139,34,73,132,34,154,155,147,74,90
murE,1427,1924,936,1909,1396,166,42,141,129,47,129,129,114,80,66
murF,1343,1774,872,1794,1417,172,36,84,138,45,87,77,97,48,60
murG,1221,1499,763,1185,1053,137,37,76,82,38,218,192,214,116,144
murI,389,452,274,389,373,104,27,61,79,46,79,79,56,53,52
murJ,381,474,237,236,326,37,8,28,26,8,99,100,96,90,79
murP,150,227,112,162,202,73,21,48,42,20,52,57,50,82,80
murQ,106,200,90,95,94,65,22,52,37,12,74,84,86,85,57
murR,41,45,38,49,35,11,6,6,4,5,136,148,170,183,150
mutH,127,96,75,125,117,63,27,29,43,18,116,117,110,125,82
mutL,1098,1081,607,1101,884,212,43,96,145,64,605,627,671,568,631
mutM,79,151,52,46,72,8,9,6,9,0,107,97,114,113,104
mutS,1174,1424,761,694,1258,55,22,28,46,17,169,177,210,173,154
mutT,87,123,67,71,76,1,2,2,2,1,9,1,10,13,8
mutY,738,808,480,802,590,76,32,55,81,42,253,216,294,200,139
mzrA,352,364,194,355,232,171,65,136,104,53,172,162,162,280,212
nac,56,35,26,95,25,24,10,21,19,7,123,120,126,194,143
nadA,511,724,388,2001,507,478,145,332,426,199,3060,2947,3212,1330,964
nadB,545,651,298,1853,448,50,19,46,46,30,365,370,394,122,82
nadC,437,422,246,479,336,93,28,33,70,27,62,60,92,66,65
nadD,409,495,280,434,335,83,20,28,50,12,105,92,88,127,123
nadE,682,701,326,1532,436,538,170,286,408,144,434,470,463,772,506
nadK,591,604,353,997,500,141,36,85,98,51,419,493,543,653,528
nadR,507,633,358,740,485,416,139,310,422,185,295,347,352,357,288
nadS,62,100,37,78,87,115,15,49,56,40,33,37,40,64,20
nagA,684,767,386,1295,541,508,161,318,369,131,412,452,442,702,454
nagB,466,516,323,1434,416,601,166,331,427,178,343,325,336,730,315
nagC,836,1144,527,1265,747,279,71,161,202,101,227,185,204,335,217
nagD,604,805,407,820,514,178,48,82,141,43,294,317,338,394,314
nagE,3069,4247,2092,5096,2960,1772,590,1284,1419,562,624,622,722,1299,830
nagK,1085,1210,568,903,754,268,78,205,228,108,343,309,300,529,398
nagZ,512,661,285,780,383,192,40,149,105,55,449,391,413,475,369
nanA,621,777,380,490,625,1030,328,663,771,378,500,496,535,2200,834
nanC,36,47,7,24,22,26,10,29,14,7,85,77,99,110,84
nanE,200,286,151,275,241,240,71,126,185,89,234,180,228,565,270
nanK,255,404,215,431,290,239,66,143,203,83,471,465,522,787,483
nanM,81,111,50,243,47,710,206,385,439,207,1028,1054,1144,2198,1216
nanQ,140,185,70,224,117,89,17,62,62,18,271,233,296,367,256
nanR,493,438,223,499,344,67,21,40,78,37,124,98,134,138,82
nanS,41,40,34,126,31,127,25,78,70,38,144,128,142,191,169
nanT,678,946,507,632,753,1315,383,929,1070,427,716,641,734,2438,1169
nanX,257,228,113,312,174,137,31,78,130,52,84,115,89,268,162
nanY,295,386,209,346,226,92,27,45,52,42,66,85,105,282,128
napA,309,427,212,173,339,17,7,12,20,14,76,83,93,49,53
napB,9,17,16,6,22,11,4,2,4,0,21,7,10,11,0
napC,86,83,58,39,60,27,6,8,17,5,49,52,36,41,32
napD,0,1,11,2,7,0,0,0,0,0,1,3,2,4,2
napF,25,48,11,18,17,2,0,0,3,5,6,7,15,2,3
napG,76,75,63,52,80,6,0,3,8,0,17,21,33,11,12
napH,94,100,40,36,68,10,2,2,2,5,21,31,20,14,24
narG,81,78,76,117,104,72,21,72,53,23,178,213,170,111,104
narH,356,531,219,2052,338,359,103,227,235,115,166,174,186,160,119
narI,161,187,77,769,176,142,49,98,116,37,60,88,96,83,64
narJ,22,28,6,26,26,23,8,21,15,16,63,70,74,33,35
narK,6,16,16,19,9,101,30,64,57,23,37,34,52,34,31
narL,243,233,99,259,197,63,8,42,66,15,242,210,290,282,214
narP,315,242,159,197,199,112,32,65,154,44,218,216,275,354,181
narQ,287,297,158,241,241,47,13,40,70,21,182,160,196,145,148
narU,218,198,90,1068,109,523,133,298,396,138,359,294,339,1003,589
narW,118,149,67,697,158,107,32,46,64,34,13,19,11,19,12
narX,307,311,179,180,246,199,47,135,169,72,384,406,460,584,509
narZ,846,1051,548,5387,790,739,195,493,544,277,159,131,159,316,209
ndh,165,185,104,178,173,242,74,185,179,84,255,200,221,352,243
ndk,5067,5190,2624,758,4195,136,27,62,85,37,129,162,131,155,102
nei,125,161,84,235,133,14,4,6,3,1,122,119,165,86,97
nemA,453,700,306,1808,477,100,52,74,71,27,331,333,365,284,277
nemR,65,94,29,147,65,69,13,38,30,24,120,99,122,113,58
nepI,78,83,51,96,70,18,12,4,16,9,118,101,119,89,75
nfeF,319,367,206,462,323,81,31,61,85,41,612,681,791,721,657
nfeR,72,47,45,87,32,64,25,52,45,26,311,304,368,450,341
nfi,447,627,295,820,409,70,23,52,72,26,317,296,373,320,323
nfo,332,384,157,537,315,48,16,39,45,5,217,239,269,287,220
nfrA,216,175,76,183,187,265,61,196,211,131,168,168,222,150,147
nfsA,226,223,109,382,201,48,16,48,49,21,277,266,267,257,222
nfsB,799,772,409,609,620,120,46,105,132,60,182,189,211,243,178
nfuA,1245,1340,691,917,922,1246,319,810,1103,490,736,718,800,1338,753
nhaA,773,984,458,1909,548,3153,1071,1933,2299,1008,2466,2374,2736,5784,3599
nhaB,795,930,425,596,656,32,13,30,28,7,332,386,455,344,335
nhaR,217,329,155,537,175,58,15,19,58,31,482,502,534,485,419
nhoA,148,137,81,360,83,137,41,115,149,67,177,180,189,183,135
nifJ,1100,1282,723,3127,941,9384,2463,5620,6211,2591,435,436,461,1041,510
nikA,10,28,34,32,28,20,5,5,1,1,21,11,10,7,10
nikB,7,39,7,12,6,5,0,4,5,1,17,3,7,0,2
nikC,9,25,5,11,4,4,1,3,4,1,10,7,8,2,5
nikD,13,20,7,21,11,9,3,0,1,1,5,15,3,9,4
nikE,16,22,10,15,9,2,2,1,6,2,4,5,14,9,7
nikR,77,54,49,51,43,9,3,3,12,1,23,30,21,32,19
nimR,74,64,42,90,58,35,8,23,30,18,262,227,234,240,208
nimT,59,61,30,62,44,20,6,15,12,0,57,62,73,76,57
ninE,0,0,0,0,0,0,0,2,0,0,7,2,4,0,0
nirB,42,88,28,44,31,20,11,24,18,15,52,47,76,49,41
nirC,25,14,3,27,11,10,4,7,3,7,44,20,37,30,29
nirD,0,5,3,9,4,4,2,3,11,0,9,1,4,7,8
nlpA,218,288,139,328,185,111,22,74,60,43,546,495,537,503,341
nlpC,588,504,324,874,323,470,173,303,515,206,614,563,621,771,502
nlpD,10697,11265,5524,11639,8240,6771,1843,3399,4577,1943,2874,3124,2886,2540,2221
nlpE,331,359,190,646,247,168,41,85,156,80,828,759,869,878,624
nlpI,8091,8104,4154,5860,5787,1361,386,760,1216,506,2601,2637,2682,2813,2288
nnr,496,694,296,1202,362,1387,372,760,748,370,3253,3013,3309,5013,3786
nohA,13,14,6,20,12,13,5,4,2,2,34,35,49,30,25
nohD,5,5,7,22,11,6,3,1,6,0,32,20,30,24,27
norR,215,279,200,310,226,118,30,77,91,31,480,456,512,349,331
norV,81,90,43,125,69,48,24,28,23,9,298,266,303,308,214
norW,41,39,29,91,40,17,6,11,18,1,136,131,157,81,85
npr,242,212,93,282,172,52,14,25,35,24,22,16,23,55,21
nrdA,2833,3311,1680,7190,2498,82,16,61,55,13,786,662,774,454,302
nrdB,880,961,436,2128,789,52,19,35,77,26,266,256,285,220,128
nrdD,221,206,122,633,157,1733,540,1073,1415,518,7604,6885,7491,8633,7407
nrdE,666,740,426,2483,519,264,60,146,155,69,4458,4173,4576,4013,3286
nrdF,222,273,137,942,209,85,9,46,52,18,142,149,158,187,119
nrdG,24,39,14,66,14,67,10,48,44,18,240,242,288,258,240
nrdH,28,44,15,103,22,39,15,47,35,5,575,621,641,655,349
nrdI,160,157,85,556,118,66,30,54,83,20,2731,2735,3015,2609,1886
nrdR,348,441,281,384,343,190,56,111,136,51,120,127,141,162,110
nrfA,102,69,35,104,39,19,1,5,6,12,45,34,51,33,38
nrfB,101,127,85,153,108,212,55,143,182,64,283,252,297,245,175
nrfC,2,7,4,28,7,1,0,2,1,4,16,10,11,3,11
nrfD,22,49,16,38,19,11,11,5,6,2,53,62,74,23,15
nrfE,31,57,12,57,19,18,5,4,2,2,35,35,38,29,21
nrfF,10,14,14,4,7,2,0,7,4,0,6,6,5,4,5
nrfG,14,7,9,16,4,8,0,0,3,0,2,9,12,2,7
nsrR,588,753,341,312,476,80,18,41,54,7,128,134,111,237,119
nth,349,493,221,134,344,7,2,0,4,2,26,37,28,17,17
nudB,1244,1042,625,786,928,134,44,91,119,52,233,213,255,230,185
nudC,428,496,273,754,350,262,64,164,178,77,605,491,616,928,697
nudE,827,801,530,905,624,55,23,45,76,28,450,379,385,430,300
nudF,250,231,123,323,185,89,10,38,40,22,211,187,210,149,130
nudG,54,64,29,68,50,4,1,4,5,5,26,27,23,16,20
nudI,34,34,18,48,30,3,0,1,4,1,11,13,12,12,7
nudJ,142,130,45,128,102,18,5,15,7,0,148,133,150,107,87
nudK,122,138,53,196,103,5,2,3,3,2,59,48,68,33,40
nudL,194,271,158,234,177,46,21,34,42,13,234,212,203,265,205
nuoA,3684,4667,2228,2263,3091,203,66,106,126,36,1326,1494,1675,2986,1531
nuoB,6332,7602,3669,3993,5488,246,62,158,185,82,2105,2130,2443,3187,2327
nuoC,11089,15018,7684,7336,11855,340,80,217,224,73,2800,2722,2728,3766,2834
nuoE,2819,4248,2241,2281,3483,98,16,25,46,31,461,378,486,529,361
nuoF,9395,13541,6529,6623,10687,263,72,142,193,83,1227,1159,1289,1461,1099
nuoG,15458,23153,11626,11765,20492,622,158,399,467,176,1535,1531,1657,2161,1353
nuoH,4334,7060,3718,3513,6289,152,56,99,106,48,316,329,360,448,290
nuoI,2677,4342,2252,2101,3875,102,21,46,59,32,179,147,196,193,165
nuoJ,3164,5287,2681,2833,4672,124,45,90,98,45,255,251,250,319,275
nuoK,1016,1538,822,788,1409,32,18,27,31,21,64,73,74,83,65
nuoL,9767,15170,7771,7657,13426,374,111,251,282,124,488,455,506,817,437
nuoM,6443,10428,5179,5135,8724,130,42,86,71,37,248,248,321,293,179
nuoN,7539,10429,5318,5457,8903,220,76,149,178,73,364,283,329,339,244
nupC,2359,2678,1345,1612,2274,114,20,97,83,34,492,543,538,698,430
nupG,975,1252,530,649,870,2424,666,1566,1935,747,149,110,121,360,200
nupX,25,28,13,13,19,19,2,6,15,0,113,66,95,38,34
nusA,7868,8827,4278,4998,7354,1471,382,822,1096,537,6866,6250,7197,6451,7094
nusB,1347,1258,733,1113,1136,106,34,49,72,32,253,266,286,368,309
nusG,2690,2962,1520,1717,2317,1261,360,709,1040,369,1216,1171,1183,1522,1031
odhB,13254,18829,9174,7076,17646,761,218,504,610,274,488,365,455,516,363
ogrK,13,5,6,25,9,27,5,18,20,2,45,55,46,51,43
ompA,43503,42845,22310,94541,35586,12618,4041,7771,7877,3645,35511,35957,38508,55265,35157
ompC,30300,31147,16286,62907,22686,2357,669,1494,2133,872,4487,4530,4869,4539,3538
ompF,87066,95252,48968,59210,77987,320,101,208,397,152,1077,1047,1142,1492,1034
ompG,3,10,11,3,6,7,4,3,3,1,84,72,97,64,38
ompL,1,0,1,0,0,0,0,1,1,0,20,19,12,21,7
ompN,12,21,2,24,12,11,9,14,13,5,41,64,52,43,21
ompP,3231,3916,1910,3457,2126,297,125,167,159,96,96,119,149,480,213
ompR,664,731,416,1486,499,817,240,479,567,215,982,1232,1342,2468,1398
ompT,1733,1868,946,951,984,129,36,64,65,25,1247,1459,1486,1808,1176
ompW,128,110,57,134,81,75,11,24,60,20,63,68,58,55,21
ompX,2997,3036,1351,6823,2563,10085,3014,6688,9984,4340,10132,10252,11483,15855,8229
opgB,1250,1432,789,849,1169,371,88,206,314,109,320,330,321,262,218
opgD,2026,2133,1097,1857,1689,132,62,102,165,50,772,812,788,655,513
opgE,363,441,277,150,321,71,11,35,49,8,428,410,481,336,325
oppA,48137,52438,27101,90352,44947,3712,1027,2215,3230,1323,2574,2477,2821,4353,2793
oppB,8669,11689,5914,12231,9454,414,74,245,369,141,197,189,196,194,163
oppC,10163,15541,7265,13916,11832,680,179,372,495,216,285,222,285,254,189
oppD,11755,16477,8077,15134,13321,730,192,418,570,223,269,221,300,177,200
oppF,12712,17173,8256,16030,13925,821,216,543,674,250,250,277,311,244,224
orn,198,164,90,269,146,72,14,63,50,17,78,76,77,117,78
ortT,71,92,46,82,62,1,1,2,7,7,22,12,30,24,23
osmB,74,129,48,244,55,698,247,423,554,224,318,415,395,800,312
osmC,1158,1187,551,5226,691,3072,1051,1843,3102,1272,2412,2336,2817,5055,2581
osmE,747,796,398,3914,428,1093,336,664,1254,543,2752,2992,3618,11880,4187
osmF,568,485,260,2208,380,1519,445,993,1279,590,2285,2336,2507,4690,3150
osmY,723,764,430,10242,536,7523,2163,4361,5615,2491,16143,16560,17717,19698,12374
otsA,767,826,459,2910,429,3202,817,1912,2375,1095,1735,1756,1880,4799,3083
otsB,275,353,147,1310,168,1577,394,759,963,395,1531,1517,1615,3812,2114
oxc,21,34,26,25,25,10,1,12,12,15,98,97,120,84,71
oxyR,977,1098,561,1349,803,316,100,187,300,83,810,689,901,657,601
paaA,29,53,14,50,34,5,5,2,0,1,10,7,3,13,8
paaB,8,17,2,21,8,2,0,0,0,0,8,3,6,5,4
paaC,92,126,103,181,95,20,10,8,23,5,61,62,56,32,42
paaD,19,28,15,35,21,5,0,0,1,6,2,8,7,0,7
paaF,1089,1408,774,1083,1076,239,57,119,161,87,208,204,240,196,163
paaG,34,41,27,60,26,11,1,4,2,0,15,8,12,3,4
paaI,18,16,10,28,13,2,0,1,0,4,6,16,11,6,13
paaJ,679,809,376,580,619,148,39,90,104,59,68,86,103,74,56
paaK,26,80,17,63,46,3,5,5,3,4,21,16,21,13,17
paaX,574,821,400,771,587,218,68,176,206,93,815,706,882,1341,908
paaY,501,528,379,706,431,229,80,142,222,98,267,235,254,479,326
paaZ,20,37,17,52,10,4,4,12,9,5,28,21,18,15,13
pabA,127,146,75,330,111,195,43,108,128,44,393,374,454,650,415
pabB,370,376,195,195,311,11,5,7,19,7,452,508,475,414,426
pabC,273,293,163,255,213,73,22,37,47,27,453,412,474,389,428
paeA,681,876,482,697,584,201,54,133,145,60,306,261,334,497,285
pagP,44,45,15,31,18,61,21,45,61,10,24,7,24,33,29
pal,6996,7185,3593,6068,5758,1129,324,691,1012,469,2008,1888,2059,1875,1494
panB,830,845,531,748,730,246,48,178,230,69,251,217,256,266,220
panC,1287,1659,751,1689,1315,340,113,242,297,90,337,305,380,417,354
panD,862,739,341,579,428,725,240,430,542,295,394,373,371,747,434
panE,110,119,53,167,81,283,78,132,195,84,347,360,360,697,426
panF,399,468,281,283,400,83,36,57,56,30,125,107,114,172,109
panM,92,124,70,221,87,19,10,7,35,9,78,101,91,120,57
paoA,34,45,11,151,30,99,27,43,64,21,143,141,152,212,162
paoB,36,97,22,210,49,165,43,78,74,18,118,102,148,211,185
paoC,162,192,122,639,136,331,93,240,230,112,164,156,145,320,209
paoD,50,75,64,194,49,107,30,69,78,17,52,36,52,90,61
parC,1991,2432,1262,1468,1949,373,100,228,282,136,1171,1015,1098,644,724
parE,2815,3688,1628,2410,2404,311,80,202,252,100,1104,1147,1219,826,966
pat,2400,3430,1673,2578,2774,2063,550,1220,1558,727,590,494,601,953,570
patD,9931,12172,5967,25588,8096,260,66,128,200,87,103,92,119,67,44
pbp4b,157,246,116,131,148,42,12,17,26,27,70,66,83,53,68
pbpC,285,287,169,350,230,34,13,23,47,14,140,174,213,57,63
pbpG,490,621,264,557,400,239,85,164,224,115,287,241,304,518,341
pckA,14116,14992,7544,12380,12516,760,185,518,574,287,463,435,483,488,331
pcm,737,882,437,1102,611,132,45,81,127,69,503,457,504,585,465
pcnB,2325,2914,1477,1564,2173,102,34,66,86,29,1103,1046,1223,876,963
pdeA,562,605,231,318,417,33,11,31,37,13,170,143,180,76,70
pdeB,195,226,109,401,176,272,58,162,202,72,174,132,181,193,128
pdeC,146,172,78,446,69,691,222,463,525,230,125,99,105,175,101
pdeD,138,147,70,237,96,509,139,285,268,110,224,278,209,432,276
pdeF,59,41,30,61,33,14,6,12,17,7,85,85,94,53,33
pdeG,41,43,16,84,19,161,46,70,111,60,494,535,562,1139,734
pdeH,768,926,459,665,647,169,57,141,149,48,3419,3256,3647,618,561
pdeI,45,50,23,44,18,7,2,6,6,5,40,41,44,23,9
pdeL,96,111,53,89,94,25,4,18,36,2,298,325,362,167,140
pdeN,591,580,370,363,505,59,8,19,47,13,59,82,50,58,33
pdeR,759,851,454,2240,618,479,92,276,241,117,2841,2958,3067,4050,2843
pdhR,351,391,148,86,325,93,32,79,38,19,96,61,73,128,67
pdxA,1781,2308,1157,1555,1482,70,21,40,52,19,247,215,260,195,168
pdxB,1010,1308,643,1295,981,295,98,235,240,87,360,383,410,420,296
pdxH,559,653,351,676,529,74,20,35,88,20,114,93,123,70,43
pdxI,477,594,274,1386,366,496,139,263,363,142,646,583,627,915,578
pdxJ,673,781,362,850,616,356,92,196,278,119,193,194,180,148,103
pdxK,262,256,90,409,212,81,38,61,57,31,98,92,91,140,58
pdxY,666,907,526,600,811,11,2,10,15,3,66,88,70,62,68
pepA,2323,3083,1635,4182,2331,934,277,597,736,323,3809,3616,4088,5103,4065
pepB,2059,2605,1256,1793,2081,174,57,95,166,65,983,897,1063,685,736
pepD,3738,4130,2258,7985,3390,806,209,495,603,288,679,776,683,806,568
pepE,298,321,172,181,248,21,10,8,28,6,23,23,25,22,12
pepN,4070,5381,2715,9355,4020,2319,664,1368,1682,642,1726,1690,1775,2881,1809
pepP,1796,2366,1146,2572,2023,780,217,496,656,288,510,527,607,666,485
pepQ,1871,2107,1099,3600,1732,576,148,336,394,174,479,486,519,374,269
pepT,433,530,214,1306,352,810,223,538,624,282,2058,2115,2374,3142,1855
perR,32,16,10,36,17,5,3,3,7,0,19,26,21,12,12
pfkA,2052,2254,1152,4831,1773,2247,631,1384,1628,788,2469,2655,2946,4146,2729
pfkB,100,85,42,327,54,653,212,402,466,172,2122,1916,2055,3454,2275
pflA,487,431,263,646,318,2027,547,1369,1977,765,381,361,470,1111,597
pflB,11706,13739,6913,21025,10356,26626,7848,18652,16659,7940,5068,5138,5393,7974,5415
pflC,36,48,22,22,28,5,1,4,10,0,20,16,32,19,14
pflD,56,93,56,66,66,21,6,9,11,4,56,44,53,26,36
pgaA,29,28,16,45,10,13,8,19,13,5,59,88,85,80,63
pgaB,24,32,12,12,10,12,1,2,3,1,50,45,53,32,29
pgaC,14,13,13,30,13,7,2,6,7,0,84,74,99,47,47
pgaD,19,4,2,6,4,7,5,4,9,3,27,51,37,32,15
pgi,2496,2820,1339,4810,2005,3179,991,2206,2365,1055,2121,2030,2135,3180,1872
pgk,6074,7348,3554,11883,5607,5531,1568,3404,3976,1680,3636,3568,3842,5734,3145
pgl,795,952,498,3602,701,970,316,684,629,302,2242,2087,2286,3130,2016
pgm,3198,3719,1854,5173,2899,1395,396,927,1072,505,2650,2544,2786,2694,2586
pgmB,9,3,1,3,3,0,1,0,0,0,35,30,21,10,15
pgpA,575,693,284,503,431,145,43,81,198,46,188,125,209,253,167
pgpB,215,225,109,349,153,123,41,81,66,51,310,292,298,483,327
pgrR,126,100,58,231,70,21,14,24,11,6,193,205,235,345,191
pgsA,532,557,276,555,404,140,47,64,151,44,157,166,152,179,106
pheA,801,867,473,848,691,166,42,100,178,88,105,111,110,112,78
pheL,53,26,11,67,17,14,5,9,14,11,21,23,21,21,12
pheM,99,166,62,81,110,7,0,0,6,0,27,26,22,26,21
pheP,475,544,270,236,491,65,18,53,48,10,232,244,268,150,145
pheS,1805,2548,1236,1285,1991,96,10,53,60,14,1208,1094,1265,1020,1124
pheT,6787,9307,4622,6811,7383,3350,1035,2161,2505,967,8133,7577,8264,10055,9243
pheU,49,50,22,134,43,101,40,56,80,33,111,123,156,317,207
pheV,8,4,6,10,9,4,0,0,9,0,3,12,8,14,11
phnC,1,0,3,5,2,9,1,4,2,0,19,6,17,15,12
phnD,1,1,1,8,0,4,1,0,2,0,10,15,5,1,5
phnF,0,0,2,3,2,3,0,0,0,1,1,2,2,0,1
phnG,1,0,0,0,4,1,0,0,1,0,0,0,0,0,1
phnH,0,1,0,2,0,1,0,1,0,0,9,2,1,3,1
phnI,0,5,1,4,7,2,0,0,4,0,5,2,0,0,0
phnJ,0,0,3,6,4,4,0,0,0,0,3,2,4,1,2
phnK,2,2,2,4,6,5,2,4,2,0,8,6,8,9,5
phnL,0,16,0,27,1,12,5,7,7,2,11,13,21,10,14
phnM,10,5,1,12,8,3,1,6,7,1,23,9,13,9,13
phnN,5,8,5,5,9,15,2,4,12,4,11,19,15,13,10
phnO,109,91,29,236,56,87,27,53,89,28,127,125,148,139,109
phnP,129,137,68,336,71,116,23,64,65,42,115,97,120,112,112
phoA,754,834,392,813,675,38,12,42,24,10,215,224,244,175,124
phoB,138,165,103,269,130,120,35,84,96,20,223,220,213,285,175
phoE,3,4,1,19,3,3,0,7,5,4,14,32,21,25,18
phoH,207,256,140,2558,229,3069,965,1926,2165,945,518,511,560,1304,579
phoP,605,695,331,1564,559,109,26,82,94,31,437,410,439,771,373
phoQ,1140,1441,629,2683,1157,109,35,71,59,23,581,439,630,535,478
phoR,124,170,83,253,141,77,12,52,56,20,181,150,174,146,137
phoU,321,439,180,349,265,62,18,42,44,24,156,109,153,149,107
php,1,13,5,22,14,9,1,6,5,3,11,15,16,13,16
phrB,519,668,406,2287,357,428,127,270,342,148,477,392,447,856,643
pifC,385,451,227,542,354,61,16,47,68,13,358,355,381,307,274
pinQ,58,56,37,55,59,13,7,3,16,2,89,93,111,116,76
pinR,68,84,55,54,57,15,8,6,12,4,119,105,117,139,71
pitA,3959,4609,2230,2182,3570,1724,520,1032,1201,537,1904,1815,2092,2872,2268
pitB,42,28,13,32,24,18,3,4,16,2,97,95,100,80,71
plaP,2746,3323,1638,614,3144,134,26,90,94,41,314,362,379,111,157
pldA,483,458,254,399,407,41,7,22,33,15,110,108,110,104,91
pldB,633,702,410,830,463,162,36,122,140,72,220,182,243,203,162
pliG,10,3,6,14,8,60,25,77,78,22,41,32,32,61,30
plsB,3392,3801,1885,1944,2419,1092,243,682,750,274,611,566,588,303,259
plsC,475,525,277,396,470,41,15,19,38,10,241,175,208,142,149
plsX,3405,3533,1797,1859,2919,358,82,170,323,148,583,585,613,594,472
plsY,384,319,246,264,272,111,31,59,94,20,251,249,278,522,278
pmbA,1006,1096,570,1814,846,1237,370,739,902,413,668,617,676,1137,656
pmrB,186,245,84,391,119,179,56,110,129,38,291,257,294,389,313
pmrD,177,188,87,145,143,7,1,1,2,1,47,40,36,41,16
pmrR,41,49,18,208,25,3,0,1,2,3,86,114,93,77,69
pncA,570,648,335,441,559,30,4,16,15,11,70,77,49,54,56
pncB,2637,3058,1531,3079,2608,936,237,654,730,304,900,887,957,853,697
pncC,289,315,190,293,295,30,16,22,41,7,170,152,180,142,141
pnp,25504,31548,15452,32771,25972,2326,661,1404,1924,779,6474,6299,6718,6911,5619
pntA,3061,4244,2280,4069,3260,529,157,300,329,166,1798,1721,1941,1938,1587
pntB,3421,4888,2275,4174,3615,971,286,645,623,329,1584,1531,1658,1775,1585
pnuC,452,550,293,1369,364,868,245,515,633,310,1999,1979,2067,1921,1150
polA,2238,2588,1330,3159,2019,902,239,587,713,316,531,489,573,614,477
polB,467,548,312,896,376,569,169,334,377,169,1850,1618,1876,2816,2327
potA,681,830,365,348,727,48,17,36,43,22,235,215,236,205,187
potB,395,460,300,196,425,21,12,18,22,20,44,50,75,40,39
potC,343,451,178,164,358,20,3,9,27,14,199,153,209,176,181
potD,1395,1657,869,1254,1380,88,36,58,72,28,545,489,552,383,424
potE,82,54,31,87,39,100,41,59,63,29,167,134,152,164,146
potF,1000,1289,695,2790,1069,536,157,328,447,197,933,864,1027,2067,1324
potG,558,748,425,1245,663,93,32,61,65,20,319,281,271,561,405
potH,221,352,206,474,293,36,14,27,32,13,86,46,69,102,72
potI,372,407,251,578,303,75,37,47,75,36,160,139,149,122,117
poxB,701,853,377,4221,506,2102,551,1051,1162,548,669,743,811,1408,774
ppa,2559,2381,1216,1698,1732,362,92,195,246,112,294,314,360,444,194
ppc,3596,4454,2319,6268,3324,1070,292,655,845,311,233,261,297,275,201
ppdA,64,61,26,15,42,4,2,0,3,0,17,27,16,20,26
ppdB,70,92,46,62,99,8,7,9,21,1,71,52,60,36,26
ppdC,77,98,52,59,61,13,8,25,17,3,62,50,55,17,40
ppdD,3,8,6,6,15,1,0,2,0,2,8,6,3,4,2
pphA,81,54,38,83,54,250,74,147,233,80,872,746,890,2049,1299
pphB,20,11,14,14,7,4,1,1,6,0,12,14,10,13,17
pphC,19,19,17,13,26,4,2,8,1,1,40,31,35,12,14
ppiA,634,611,308,647,452,118,43,100,168,46,160,210,272,232,145
ppiB,1528,1402,750,1491,1194,480,175,369,574,269,349,354,359,468,232
ppiC,204,208,129,133,152,27,13,33,31,18,74,74,89,110,62
ppiD,4348,4957,2486,3542,3900,634,158,409,573,230,954,985,1096,939,1034
ppk1,1255,1837,889,1927,1551,972,225,557,566,245,227,216,256,334,212
ppnN,2243,2420,1357,4917,1650,341,102,201,290,95,310,342,349,531,307
ppnP,408,312,202,847,252,137,28,48,132,59,237,235,252,483,211
pppA,36,45,24,57,38,4,7,2,1,2,49,29,66,36,17
ppsA,15600,20048,9954,24135,17772,1389,426,859,989,413,685,630,726,386,312
ppsR,485,565,292,1124,468,147,32,102,108,52,395,338,401,576,335
pptA,19,25,11,37,14,3,1,1,1,5,37,49,62,96,39
ppx,1107,1498,758,1531,1056,802,211,580,584,276,121,155,148,153,119
pqiA,397,524,230,413,350,495,111,316,330,161,599,632,684,807,651
pqiB,543,675,346,576,435,593,165,326,513,201,601,621,657,461,498
pqiC,212,169,83,192,119,327,95,215,254,102,171,166,163,201,130
pqqL,161,189,114,117,114,40,10,31,37,6,133,159,185,142,86
pqqU,611,726,356,880,414,102,37,66,83,57,1278,1300,1301,1900,1610
prc,9241,10903,5100,8743,7780,456,137,306,448,238,1716,1574,1624,1385,1437
preA,68,71,38,68,67,25,12,13,22,16,57,49,53,53,43
preT,34,92,44,58,43,49,7,17,19,14,44,43,62,60,50
prfA,881,1003,475,617,642,100,20,58,74,47,377,337,413,324,392
prfB,4280,5111,2551,2905,4303,362,84,210,293,139,757,710,856,718,619
prfC,2517,3096,1518,1360,2389,87,34,54,64,30,1385,1289,1376,1059,1066
priA,518,678,347,461,543,60,14,23,18,16,277,281,279,203,207
priB,7160,7169,3503,1654,7282,277,75,186,186,78,894,896,985,427,586
priC,144,95,62,132,58,82,33,61,52,33,148,146,147,106,102
prkB,529,536,286,897,455,131,44,80,102,56,235,190,221,259,175
prlC,1276,1631,810,4099,1021,2633,731,1675,1964,815,2393,2295,2531,4555,3262
prlF,77,59,38,58,39,129,38,63,47,24,190,214,188,369,184
prmA,618,746,294,597,513,185,63,133,130,66,245,235,247,298,228
prmB,960,1283,575,918,944,64,20,40,27,23,263,239,261,228,175
prmC,379,428,261,257,349,26,3,13,19,7,126,150,126,78,120
proA,932,1432,636,1605,1044,1132,335,666,703,386,1264,1260,1340,1223,1116
proB,1094,1546,693,1367,1156,559,171,337,434,210,1376,1232,1400,1028,1243
proC,414,408,208,634,315,558,202,374,353,163,405,462,475,664,401
proK,34,62,26,39,32,53,23,23,42,31,10,18,20,81,23
proL,56,101,55,58,70,8,1,7,7,4,5,6,6,7,8
proM,52,61,33,15,55,7,4,0,16,0,1,4,7,14,1
proP,1667,1810,978,6203,1179,581,158,338,418,155,6571,6004,6946,6004,6053
proQ,5213,5472,2755,4583,4156,551,192,420,533,203,2247,2261,2177,1967,1703
proS,5201,6171,2911,4084,4793,1440,425,944,1139,504,1685,1507,1758,1954,1663
proV,267,263,145,416,239,13,6,7,4,4,489,506,556,528,461
proW,232,273,87,396,180,10,6,10,10,2,310,333,378,275,327
proX,195,206,75,503,144,13,5,2,3,3,104,84,126,86,87
proY,761,953,486,408,617,510,154,294,363,169,330,353,396,378,349
prpB,329,388,233,667,311,1773,439,985,1377,532,48,56,47,5321,4373
prpC,248,339,124,778,245,506,134,298,405,175,35,30,37,1122,1110
prpD,408,543,284,1181,489,594,143,317,501,167,26,42,36,481,497
prpE,402,558,314,1300,505,416,124,217,308,125,58,70,79,299,283
prpR,142,192,65,724,113,193,54,99,118,51,139,142,164,172,176
prs,9806,11186,5119,3805,8639,268,81,147,193,89,974,990,1073,1310,1202
psiB,39,40,20,23,40,41,9,25,22,23,30,24,47,14,22
psiE,8,24,7,45,16,26,6,22,11,10,136,132,147,240,186
psiF,110,137,83,454,102,416,148,243,481,180,240,212,220,616,218
pspA,250,295,113,320,217,2823,2193,5764,2408,1035,110110,105516,115174,331788,215449
pspB,41,77,26,63,51,540,201,712,511,148,23758,24219,25481,58344,39407
pspC,70,65,59,98,65,1238,375,839,808,330,27910,27065,29104,76020,50089
pspD,18,43,9,44,34,544,148,271,315,137,8768,9489,9755,32609,18195
pspE,287,336,207,297,229,825,273,497,754,353,14608,16624,17218,64723,32271
pspF,77,100,39,154,55,12,9,16,7,8,142,132,144,187,134
pspG,8,20,14,13,11,1064,552,1036,799,358,2332,2691,2921,17054,6304
pssA,2649,2941,1463,2695,2324,1474,356,934,1178,511,1547,1449,1494,2074,1455
pstA,254,387,165,247,259,74,20,46,50,34,265,243,340,250,227
pstB,206,292,126,276,237,47,18,42,21,20,116,114,127,131,105
pstC,228,215,151,227,195,80,22,41,48,28,285,245,290,253,299
pstS,407,473,202,456,440,86,33,74,63,47,395,329,360,333,334
psuG,59,74,42,47,70,13,2,2,1,0,56,66,69,45,29
psuK,33,21,29,11,33,5,1,2,2,2,44,35,42,16,11
psuT,175,208,102,141,156,68,16,46,48,37,225,203,208,228,174
pta,3857,5728,2936,4079,4318,1192,292,753,874,345,495,515,523,629,525
pth,238,262,155,148,206,40,9,45,24,7,116,134,120,95,81
ptrA,1927,2120,1147,1051,1537,136,55,92,94,37,765,749,834,336,305
ptrB,483,565,277,1075,362,609,178,429,526,218,736,721,799,700,508
ptsG,3701,4052,1932,4137,2830,4769,1337,3034,3571,1499,1568,1494,1780,3070,2051
ptsH,3310,3480,1805,4591,2862,646,217,431,590,301,1301,1330,1443,2049,1306
ptsI,12710,13294,6672,19705,9711,9081,2690,5678,7777,3323,8316,7726,8797,15161,9562
ptsN,1024,1104,583,1439,884,281,57,127,181,73,199,178,229,196,194
ptsP,3726,4430,2194,4531,3542,451,128,248,364,122,499,438,476,331,331
punC,31,32,25,50,39,38,12,24,20,7,466,443,486,302,341
punR,79,73,53,95,55,51,14,36,53,22,142,122,168,152,93
purA,5656,6778,3285,5480,5605,577,165,329,436,141,639,577,702,431,475
purB,2742,3309,1662,1356,2764,46,12,25,33,16,116,122,141,92,88
purC,2988,3591,1712,1793,2454,18,3,10,10,4,10,26,22,27,10
purD,1278,1690,831,446,1508,72,22,38,29,12,76,65,75,77,83
purE,694,916,451,320,771,0,0,0,7,3,20,20,28,11,5
purF,4031,4915,2595,1470,4689,125,33,73,80,26,278,280,350,323,245
purH,1454,1824,996,621,1828,35,6,21,29,7,55,55,57,55,48
purK,1363,1669,921,617,1469,6,4,8,0,2,20,31,40,35,32
purL,11637,14919,7422,4846,13769,69,14,24,49,12,226,150,191,132,125
purM,5567,6662,3423,2145,5811,3,2,11,3,2,73,66,57,69,62
purN,2560,2848,1388,1045,2556,43,10,40,43,19,90,71,60,58,52
purR,3366,3595,1669,1552,2549,34,4,9,18,4,294,315,408,348,352
purT,1504,1911,826,552,1722,8,2,2,2,3,34,36,38,28,22
purU,854,844,460,997,674,112,44,81,149,33,386,388,460,437,324
putA,51954,78970,39061,68645,63453,39,14,21,20,17,87,82,82,40,37
putP,15903,20523,9820,10449,13313,160,65,96,134,40,315,308,324,178,143
puuA,556,565,367,2316,348,167,39,127,111,47,936,808,977,1389,1006
puuB,88,146,75,1785,85,31,8,18,22,3,182,172,194,210,171
puuC,188,263,81,2058,194,47,15,22,21,7,536,564,545,484,475
puuD,292,304,148,1078,143,222,59,123,143,53,725,752,808,2119,1203
puuE,90,175,56,2031,120,21,6,15,16,6,125,143,123,120,102
puuP,247,367,145,1442,271,128,40,96,105,49,207,193,232,246,187
puuR,254,279,127,944,184,238,65,135,153,66,959,930,1024,2227,1493
pxpA,318,447,181,667,351,49,18,39,41,25,197,220,263,219,223
pxpB,391,474,232,950,420,256,48,99,127,56,458,332,439,549,484
pxpC,749,862,414,1550,568,233,68,131,182,95,691,654,701,739,704
pyk,4137,4741,2454,3534,3787,1865,567,1164,1441,748,1569,1497,1821,2215,1515
pykF,3687,4172,2061,8263,3068,6377,1889,4324,4447,1951,2468,2354,2575,4824,2758
pyrB,418,741,369,106,642,0,3,0,1,0,22,8,12,6,4
pyrC,1727,1942,937,884,1660,26,6,16,18,11,29,46,41,27,20
pyrD,587,714,313,201,590,8,2,8,11,9,48,46,47,18,33
pyrE,228,215,119,86,199,2,0,3,3,1,5,8,17,9,6
pyrF,382,465,275,228,442,18,13,16,15,6,120,162,150,123,127
pyrG,6393,7293,3824,7170,6183,6833,2165,4190,5514,2302,3490,3332,3568,6038,3725
pyrH,1483,2160,996,827,1709,147,40,88,88,34,333,316,329,238,213
pyrI,229,284,159,68,287,11,6,6,7,1,19,24,9,20,13
pyrL,31,37,30,58,18,48,11,20,19,18,13,10,13,32,25
qmcA,161,189,98,282,125,562,169,353,381,141,435,390,480,1159,648
qorA,292,332,155,1382,233,1378,362,716,974,417,596,533,596,1029,578
qorB,61,47,13,67,38,35,10,28,50,18,79,101,102,92,86
qseB,13,48,9,27,25,11,3,15,6,4,57,33,34,25,32
qseC,72,60,35,91,55,33,11,20,44,6,111,102,89,114,74
qseE,412,358,212,436,271,144,36,95,70,35,402,420,441,354,267
qseG,283,310,215,384,245,56,11,33,35,26,203,235,221,210,191
queA,514,515,267,181,451,26,5,12,17,5,250,223,260,116,142
queC,225,244,78,282,171,111,47,64,127,41,39,62,89,98,59
queD,199,194,114,75,161,1,2,1,0,0,45,29,20,38,25
queE,640,751,372,1108,591,588,187,309,548,221,564,538,701,1583,844
queF,466,415,257,465,363,73,22,56,88,32,134,128,135,168,128
queG,211,188,123,282,151,94,35,56,72,33,136,116,147,192,155
quuD,9,9,7,4,14,20,5,3,13,1,11,17,25,22,10
racC,4,6,1,5,2,1,0,5,2,3,11,5,8,13,16
racR,480,533,285,426,417,35,5,38,46,22,98,62,111,81,82
radA,889,1153,582,736,903,141,46,99,100,32,608,521,567,442,505
radC,114,192,69,161,87,23,8,11,25,4,95,86,86,163,76
radD,268,340,178,295,267,85,13,39,56,22,93,57,104,55,83
raiA,1570,1190,621,4707,902,5994,1781,3637,6650,2825,1654,1950,2178,2406,1149
ralR,0,2,3,1,2,0,0,0,1,0,4,9,5,13,1
rapA,988,1313,626,1031,1082,697,230,432,449,178,1358,1315,1479,1047,1062
rapZ,1320,1444,803,1872,1049,292,63,183,191,89,198,169,229,267,157
rarA,1031,1231,614,1230,943,101,20,52,85,39,162,174,229,187,103
rarD,208,253,108,156,184,41,19,27,26,12,261,188,237,214,181
ratA,353,395,169,338,278,73,12,38,61,11,102,108,118,95,77
ravA,288,338,168,793,265,224,58,123,134,78,335,346,375,396,275
rayT,29,40,17,27,22,14,4,5,16,2,14,34,23,43,17
rbbA,285,538,253,723,453,78,19,42,66,19,532,519,550,218,181
rbfA,470,779,322,393,612,132,36,83,150,46,853,984,898,667,647
rbn,233,358,147,249,188,44,14,31,64,30,106,127,151,137,96
rbsA,1271,1669,876,919,1174,435,120,287,397,194,83,57,92,144,58
rbsB,5529,6493,3226,6156,4009,332,104,246,261,110,739,740,801,815,665
rbsC,1638,2082,1026,1378,1314,304,87,188,233,91,371,362,357,389,407
rbsD,902,881,421,644,510,215,70,129,182,95,31,29,37,231,56
rbsK,1212,1425,732,851,971,26,13,22,23,10,180,176,166,178,167
rbsR,361,383,219,246,295,15,1,8,3,0,55,36,49,39,45
rcbA,0,3,0,8,4,0,2,3,0,0,7,7,7,6,6
rcdA,50,48,40,39,44,23,17,44,41,15,44,26,40,80,34
rcdB,35,56,25,47,29,16,2,31,21,5,101,129,146,126,85
rclA,112,140,39,431,71,109,32,57,64,20,123,82,138,132,71
rclB,2,9,1,1,3,0,1,2,4,0,9,8,10,16,9
rclC,16,10,11,26,13,5,3,12,6,2,60,26,49,36,33
rclR,19,13,10,53,18,6,3,3,5,3,50,61,66,60,32
rcnA,37,39,42,27,30,3,3,8,2,0,28,32,41,15,9
rcnB,49,72,17,69,31,47,13,17,17,11,117,134,145,164,82
rcnR,33,23,15,31,17,6,2,1,2,6,28,17,34,36,30
rcsA,358,363,204,277,284,5,1,1,3,0,48,39,28,38,35
rcsB,2559,2471,1350,3518,1990,1106,281,529,897,382,1543,1656,1789,2313,1498
rcsC,1329,1466,786,1348,1079,269,78,126,226,76,894,815,919,638,519
rcsD,2184,2269,1145,2263,1775,372,117,204,267,116,700,721,747,665,491
rcsF,388,432,186,401,341,47,16,42,57,21,237,218,250,202,187
rdcB,602,705,358,879,600,134,32,67,82,22,1306,1343,1473,439,387
rdgB,594,736,339,479,562,34,16,14,24,10,171,203,174,153,119
rdgC,464,507,291,339,397,93,22,82,44,25,106,124,94,122,124
recA,7750,8309,4235,7582,6164,4089,1255,2278,3582,1205,13987,14661,15700,34434,23911
recB,1701,2422,1135,1279,1847,103,36,43,58,39,380,350,353,85,88
recC,1096,1487,704,1349,1114,372,89,186,239,155,382,327,407,230,210
recD,739,909,512,665,810,262,55,167,165,77,364,356,341,202,159
recE,33,34,41,46,38,54,19,42,44,24,79,90,107,71,53
recF,755,750,457,545,605,22,2,7,19,21,197,173,194,88,88
recG,974,1140,577,787,913,45,13,29,38,27,88,78,87,42,38
recJ,1499,2074,1011,1564,1220,260,59,188,243,104,948,965,1006,764,882
recN,2498,2519,1391,3211,2032,2930,755,1793,2509,1006,7666,7476,8129,15841,10652
recO,739,771,512,506,644,316,77,175,293,101,194,140,198,150,166
recQ,924,1104,582,509,833,17,6,12,9,6,122,131,141,88,82
recR,1344,1480,738,1239,1119,232,68,124,148,60,263,241,244,378,231
recT,35,27,15,29,40,29,10,13,33,7,86,45,76,83,38
recX,152,119,64,99,114,52,13,22,50,28,323,344,315,682,513
relA,1703,2211,1106,1611,1543,179,45,102,137,72,707,671,789,470,422
relB,89,84,52,81,45,236,53,128,166,78,218,297,310,507,244
relE,171,252,74,192,120,1097,377,712,888,375,1113,1115,1113,2339,1272
rem,12,23,9,14,4,13,7,8,7,10,70,71,106,101,76
rep,487,514,309,370,457,69,25,23,45,36,206,210,251,132,110
repA,711,787,394,431,504,288,82,130,373,123,181,177,200,457,214
repE,440,417,269,474,277,71,15,57,38,26,279,238,284,283,222
rfaC,718,925,438,823,614,152,37,96,110,42,110,68,109,100,53
rfaD,1073,1367,660,1287,929,909,273,614,772,320,413,406,405,813,512
rfaF,814,1002,545,1120,834,377,90,192,291,99,142,117,160,204,125
rfaG,609,794,389,548,579,399,108,209,327,196,187,156,202,202,191
rfaH,124,126,52,165,101,57,11,49,54,22,128,153,167,241,143
rfaJ,308,333,217,299,289,92,27,69,106,45,27,59,54,80,48
rfaP,256,387,158,209,233,162,37,76,124,50,69,57,79,51,49
rfaQ,776,841,426,643,782,475,121,316,379,153,228,217,232,273,238
rfaS,116,159,74,93,63,49,21,46,61,42,14,28,19,21,15
rfaY,165,172,68,114,111,62,11,15,38,26,16,26,25,46,17
rfbA,2474,3129,1404,1997,2349,365,84,165,218,91,478,476,497,475,403
rfbB,2240,2517,1366,1425,1963,394,113,245,284,96,404,423,416,326,289
rfbC,1009,1068,509,590,785,112,30,64,95,62,153,181,181,133,132
rfbD,2601,2777,1585,1792,2383,389,84,242,258,144,393,426,440,381,393
rffA,592,678,374,791,637,192,50,107,119,49,314,279,312,280,187
rffC,384,554,266,503,400,37,4,25,14,12,119,111,119,88,89
rffG,886,1153,639,861,876,48,15,16,40,8,177,168,171,96,93
rffT,376,455,246,377,435,197,48,134,138,63,273,285,275,250,184
rhaA,1,15,1,8,7,8,1,6,3,1,8,9,4,2,0
rhaB,1,3,3,8,7,1,1,6,2,1,7,14,10,3,8
rhaD,3,2,4,13,8,3,2,1,3,0,0,2,5,1,1
rhaM,2,3,2,1,0,0,0,0,0,0,2,0,6,2,0
rhaR,26,47,19,32,20,7,1,7,5,1,15,6,23,20,13
rhaS,17,33,19,22,20,3,3,1,7,3,11,11,18,12,10
rhaT,56,48,14,67,20,54,18,24,16,12,50,56,46,83,64
rhlB,3725,4196,2121,3265,3095,576,145,332,469,149,849,813,801,936,783
rhlE,335,330,144,264,273,62,13,18,49,14,714,589,690,358,421
rhmD,107,130,64,174,103,88,25,58,51,13,11,11,26,8,12
rho,11096,11467,5905,7542,8080,2400,646,1419,1561,637,4232,4338,4825,7006,6199
rhoL,824,819,475,580,617,88,15,54,71,29,267,375,321,585,302
rhsA,94,123,73,110,93,81,21,50,66,32,139,154,194,142,103
rhsB,137,127,70,114,105,79,23,45,52,28,179,173,194,145,129
rhsC,109,133,55,101,85,80,18,49,52,39,173,156,186,167,156
rhsD,194,206,72,232,126,174,56,117,120,63,452,427,499,366,326
rhtA,91,137,66,99,89,32,6,30,21,8,94,88,86,69,52
rhtB,50,51,35,59,35,16,0,7,9,2,18,19,23,21,11
rhtC,521,638,259,586,400,98,27,67,89,33,59,92,72,104,96
ribA,369,405,199,294,238,202,72,130,214,65,44,38,67,78,56
ribB,2536,2472,1189,1297,1982,3398,1020,2269,2841,1271,818,756,882,1588,1201
ribD,1018,1167,606,969,940,315,72,183,249,114,284,216,270,219,233
ribE,1636,1833,831,1432,1298,288,93,193,293,106,592,523,634,707,538
ribF,1225,1481,721,1338,1166,375,115,252,295,141,447,506,467,459,380
ridA,2126,2048,959,1271,1440,56,28,29,44,21,166,147,189,168,84
rihA,650,694,328,482,542,29,6,15,25,8,20,7,25,21,12
rihB,10,4,11,14,5,9,2,9,4,4,49,58,91,40,26
rihC,412,565,279,526,374,20,2,12,16,3,41,52,55,17,26
rimI,248,257,143,197,192,69,12,42,40,13,231,250,259,244,192
rimJ,198,204,105,317,179,138,41,83,93,42,125,136,137,166,112
rimK,398,443,202,461,300,62,11,29,45,15,212,219,218,163,183
rimL,169,115,56,192,104,16,12,20,15,1,111,93,97,140,112
rimM,13480,13207,6694,4150,10720,1034,327,651,774,340,3290,3176,3326,2453,2414
rimO,697,593,322,244,570,12,2,13,9,13,134,138,148,117,115
rimP,1720,1880,1029,951,1460,271,72,150,239,65,981,1011,1164,1128,1079
rlhA,959,1238,663,515,1023,48,11,16,24,14,271,276,275,201,186
rlmA,833,822,446,403,592,53,12,27,43,34,366,283,373,323,230
rlmB,541,591,287,848,433,250,62,162,251,93,314,304,351,349,329
rlmC,197,207,90,117,157,18,9,6,12,3,239,240,260,208,172
rlmD,706,806,379,665,525,126,45,85,113,54,391,406,388,501,295
rlmE,3148,3638,1882,3825,2430,3236,820,1906,2246,952,4435,4229,4690,6654,5479
rlmF,151,193,127,91,160,18,6,19,16,11,146,165,177,79,89
rlmG,440,440,237,197,300,15,6,6,10,5,93,89,144,101,71
rlmH,798,809,380,491,628,21,11,18,17,7,226,193,253,120,153
rlmI,640,622,323,229,517,275,98,198,169,85,237,202,260,318,257
rlmJ,496,552,233,534,368,233,54,142,161,51,171,169,180,257,220
rlmKL,1344,1764,895,838,1496,196,50,113,88,39,783,741,897,565,637
rlmM,791,995,479,648,788,310,71,175,199,59,756,775,735,675,531
rlmN,2410,2788,1309,873,2333,805,194,450,677,284,821,831,861,1179,925
rlpA,1411,1729,922,1604,1391,492,144,394,379,182,718,605,732,794,822
rluA,250,318,140,277,242,248,81,154,195,87,310,309,272,317,237
rluB,980,1008,553,410,776,165,34,89,134,58,732,751,812,743,674
rluC,736,770,373,308,549,44,18,20,42,22,214,250,269,129,108
rluD,1192,1411,677,1442,1079,331,85,174,213,118,768,758,859,899,634
rluE,177,195,98,127,116,19,9,13,11,5,112,124,143,133,121
rluF,354,496,234,455,325,58,23,55,53,26,71,100,110,68,56
rmf,741,816,300,981,371,8375,1845,2874,3203,1687,209,297,312,1078,291
rmuC,914,982,486,625,636,213,57,99,128,78,338,306,348,431,421
rna,358,358,156,422,257,435,126,271,330,98,197,198,242,361,213
rnb,3623,4970,2375,1450,3728,115,35,111,90,58,480,444,474,341,485
rnc,1196,1395,734,932,1008,1069,223,531,876,394,580,620,641,1008,592
rnd,1051,1187,543,775,812,61,28,42,48,28,240,249,221,172,181
rne,9058,10938,5416,9105,8468,1852,535,1252,1437,619,1751,1646,1662,3577,2917
rng,1603,1661,921,1524,1221,145,50,96,140,68,447,470,427,432,308
rnhA,159,181,100,181,107,34,12,18,27,7,32,36,27,43,12
rnhB,692,778,411,492,608,9,2,3,4,3,90,103,118,55,66
rnk,678,604,369,614,445,73,23,43,99,40,99,87,106,134,92
rnlA,748,767,428,630,555,186,63,112,216,86,519,528,614,761,527
rnlB,286,347,168,314,250,139,26,45,70,41,265,301,293,461,223
rnm,262,288,167,272,195,125,37,43,59,18,197,206,178,402,215
rnpA,1746,1838,1018,545,1486,28,11,23,16,9,340,343,376,194,242
rnpB,109396,103520,58011,122926,77779,126440,59977,95620,127588,57818,79883,80421,104655,257799,144683
rnr,1769,2303,1106,3543,1613,1110,300,773,882,362,2473,2298,2659,3280,2774
rnt,361,300,189,343,290,16,1,15,13,8,157,139,154,122,128
robA,1873,2156,1093,2938,1466,1987,631,1318,1602,638,1772,1683,1838,3371,2083
rodZ,2735,3175,1637,2743,2501,2770,791,1588,1829,897,2002,1998,2226,3426,2908
rof,146,129,59,389,78,463,163,321,543,288,453,415,508,796,381
roxA,1807,1815,989,2224,1413,2000,615,1344,1556,672,1159,1004,1172,1518,1070
rpe,752,1060,521,1190,815,79,33,64,64,31,219,299,266,170,206
rph,406,475,234,206,310,123,31,56,96,66,143,144,136,180,188
rpiA,1313,1479,752,1751,1022,191,41,112,145,85,454,365,493,341,222
rpiB,40,36,12,25,17,9,1,16,3,0,14,33,37,18,33
rplA,20286,25349,12533,6390,22649,1733,498,1145,1276,578,12842,12048,13698,8494,11040
rplB,31196,43255,21077,10934,40201,1094,329,642,669,340,9696,9164,9875,4638,6726
rplC,32049,44222,20404,10646,36189,1113,308,612,747,328,10014,9813,10962,5390,6801
rplD,24192,33688,16088,8464,29988,740,214,448,518,279,7525,7150,8169,3933,5428
rplE,28222,38232,18436,10791,31105,2342,612,1443,1906,794,6680,6743,7515,5753,4898
rplF,24554,34082,16381,9399,28949,2251,612,1398,1649,790,6660,6407,7084,4512,5131
rplI,12595,14077,6496,2915,13198,639,202,391,505,237,1698,1795,2164,1595,1358
rplJ,22949,27276,12542,7678,22025,3680,1158,2406,2973,1418,11492,10946,12721,9865,9554
rplK,7602,9398,4446,2262,8258,599,171,390,399,155,3343,3720,3815,2212,2364
rplL,14328,16544,7890,4808,13280,2529,869,1737,2228,1130,6858,7446,8202,8135,6290
rplM,12726,13195,6464,3527,11713,649,220,390,505,201,1826,1771,1932,1863,1619
rplN,13936,18712,8745,5589,14588,1202,368,652,790,345,3264,3065,3467,3003,2355
rplO,28232,42234,20364,12291,36278,4170,1255,2628,2976,1355,12698,11592,12693,9188,11482
rplP,14545,21597,10654,5449,20322,1073,343,701,894,348,5588,5005,5719,3213,4406
rplQ,12596,16375,8072,5299,13598,1181,283,633,771,350,3942,4213,4653,3075,3332
rplR,11570,16703,8210,4516,14613,1072,299,671,780,351,3106,3279,3618,2257,2499
rplS,4614,4530,2302,1298,3517,500,146,229,207,119,787,949,831,898,645
rplT,20442,19460,10191,9515,16246,3482,933,2306,2894,1389,6360,6536,7199,9491,5526
rplU,3501,3706,1861,1157,2725,440,141,242,265,84,518,657,607,766,439
rplV,12635,17683,8363,4329,15510,481,134,275,336,144,4004,3726,3987,1941,2632
rplW,13668,19256,9236,4889,16973,551,133,276,342,150,4365,3820,4573,2064,2930
rplX,13655,16632,8198,5244,14097,1012,293,582,839,266,2904,3047,3310,2774,2191
rplY,4092,4081,1989,934,3253,186,77,126,106,53,567,598,618,506,302
rpmA,4859,4290,1810,1438,2933,673,178,270,299,150,592,788,630,1697,743
rpmB,7396,6606,3318,2317,5363,468,170,282,490,207,1344,1322,1581,1862,1287
rpmC,4592,6349,3364,1625,6520,264,88,227,236,108,1691,1661,1810,1288,1593
rpmD,4153,6380,3394,1795,6015,567,130,360,377,184,1692,1648,1789,1153,1438
rpmE,3368,3059,1511,784,2364,1592,395,847,1281,556,726,821,957,2302,965
rpmF,5084,4758,2760,2384,4283,396,103,224,380,220,1013,1128,1189,983,775
rpmG,2499,2167,1110,746,1774,97,47,97,161,45,450,375,473,661,399
rpmH,1849,1970,974,516,1354,151,29,72,114,64,310,401,412,543,312
rpmI,8705,9641,4906,4363,7250,1717,495,1001,1351,638,2559,3034,3031,3999,2259
rpmJ,6139,8968,4534,3120,7763,1032,299,712,840,395,1778,1785,1917,1327,1271
rpnA,22,10,10,18,15,3,1,4,0,1,15,17,16,10,13
rpnB,85,109,47,70,58,21,5,13,18,13,100,90,96,135,85
rpnC,31,27,35,35,18,8,3,6,9,1,36,39,30,23,18
rpnE,36,41,11,20,24,11,1,4,3,4,24,26,19,18,14
rpoA,49555,70341,34540,25344,62309,4216,1274,2640,3159,1410,18481,17120,19862,9797,12841
rpoB,30511,45986,22943,22222,41912,5822,1668,3570,4079,1835,10093,9782,10716,8623,8011
rpoC,31027,49748,24123,23990,43616,7578,2117,4744,5969,2528,9268,8652,9960,7654,6983
rpoD,6281,6787,3290,4734,5053,6422,1986,4015,4490,1850,9327,9259,10498,12358,9026
rpoE,2322,2581,1357,1637,1034,4245,1058,2357,3145,1368,2296,2096,2334,2440,1342
rpoH,2560,2592,1348,2258,1886,2378,801,1575,2277,829,8843,8497,10025,9788,8634
rpoN,2693,3298,1634,3702,2276,1189,319,728,983,438,965,889,984,1069,982
rpoS,16210,17783,8898,18937,13577,16524,5016,9958,11626,4941,7018,6855,7246,8654,7394
rpoZ,933,905,479,979,699,256,76,169,231,111,377,344,439,683,421
rppH,968,1023,554,866,737,155,36,96,147,49,138,137,173,149,113
rprA,5,4,1,4,0,6,2,1,10,0,12,10,5,22,27
rpsA,59385,73091,35260,31007,59497,13701,4123,9123,10877,4803,19319,19087,21117,20098,19820
rpsB,20351,21502,10756,7624,17599,2382,760,1629,1887,934,7125,7315,7917,8641,6585
rpsC,23524,33315,16526,7778,31383,1024,306,710,858,347,7739,7251,8515,4173,5508
rpsD,29123,43633,20742,15531,38437,2460,693,1650,1816,872,9832,9548,10350,4892,6423
rpsE,21325,31167,14605,8158,25805,2398,634,1508,1595,713,6840,6426,7300,5113,5821
rpsF,11699,12923,6303,2588,12557,519,118,316,282,141,1460,1406,1483,710,678
rpsH,11754,16828,8626,4759,14297,1147,325,688,703,328,3121,3202,3295,2287,2516
rpsI,17615,18010,8784,5198,15724,958,287,626,740,352,3367,3160,3352,3564,3016
rpsJ,13382,16257,7900,4296,14512,404,128,234,338,142,3909,3733,4276,2101,2236
rpsK,20329,28573,13538,10478,25531,1652,462,1062,1267,548,6337,5893,6671,3190,4009
rpsL,12130,14979,7328,5345,11959,2424,609,1444,1512,803,4049,4436,4702,4742,3748
rpsM,15637,22404,10934,8425,19918,1406,397,810,992,480,4641,4566,4744,2613,3066
rpsN,16187,19754,10116,6484,17297,1404,386,829,1011,499,4106,4389,4321,3270,3041
rpsO,4565,4103,2086,1718,3304,464,134,282,478,225,1094,1366,1449,1590,939
rpsP,4461,4725,2335,1471,3741,344,124,227,274,141,900,951,858,652,576
rpsQ,8427,11628,5615,2910,10481,536,184,329,523,237,3680,3990,4186,6447,4681
rpsR,4962,5445,2857,1174,5615,232,79,132,109,54,574,706,700,360,435
rpsS,7957,11405,5469,2543,10335,320,73,191,208,105,2515,2367,2346,1176,1663
rpsT,2676,2313,1229,602,1849,135,33,44,112,62,258,324,286,444,243
rpsU,6278,5607,2731,1585,4030,364,126,193,380,190,390,452,554,999,514
rraA,696,688,367,631,396,904,293,448,723,254,513,604,684,1786,738
rraB,837,843,408,982,625,1314,386,779,1328,594,193,176,202,628,251
rrf,251,329,134,149,104,91,32,171,608,172,1830,3169,152,1677,459
rrlA,6323,7440,2236,32117,6201,5185,1052,9201,23588,9269,23099,28609,6182,32209,12790
rrlB,9716,11196,3443,50118,9543,8019,1709,14129,36106,13918,35026,43526,9606,48975,19411
rrlC,3067,3492,1104,16142,2873,2639,513,4601,11753,4535,11482,14604,3161,16251,6582
rrlE,3069,3464,1072,15439,3021,2638,539,4444,11940,4525,11374,14303,3042,16026,6462
rrrD,14,6,10,22,9,0,0,3,4,0,34,36,16,30,26
rrrQ,7,5,4,6,10,7,1,2,3,0,16,19,10,14,14
rrsD,6512,7657,2217,54463,6333,5311,1100,10868,26746,10284,21747,27841,5387,30790,11958
rrsH,4957,5888,1705,40382,4601,4121,899,9227,20610,8392,16538,21714,4092,24076,9371
rsd,588,618,272,1096,424,347,103,195,444,195,366,449,497,707,378
rseA,5097,5340,2892,3177,1989,9197,2634,5899,7662,3044,5607,5584,6156,5427,3195
rseB,3772,4194,2009,2203,1776,1003,200,601,687,259,1462,1460,1558,821,638
rseC,1577,1725,1011,867,794,253,60,147,144,56,666,632,717,234,163
rseD,52,83,40,39,32,62,17,32,79,27,20,41,38,97,35
rseP,3765,4790,2337,2542,2803,497,145,286,412,155,1324,1239,1274,942,811
rsfS,450,485,259,295,385,22,5,17,13,6,139,177,171,94,119
rsgA,1262,1401,805,1140,1042,229,58,125,145,45,521,459,600,585,528
rsmA,1431,1566,832,1347,1099,626,142,328,465,173,727,823,802,1260,859
rsmB,1295,1823,866,1644,1243,350,118,262,305,138,526,555,580,704,605
rsmC,562,535,310,319,475,68,24,63,55,39,183,209,198,251,193
rsmD,142,110,73,151,114,46,19,33,51,30,47,79,80,83,49
rsmE,351,392,225,383,315,94,32,41,57,37,209,239,269,248,172
rsmF,370,402,248,199,297,27,11,14,34,14,74,75,78,66,63
rsmG,285,337,167,151,276,44,5,29,45,16,71,80,95,71,71
rsmH,758,797,474,823,602,566,165,289,450,210,624,548,665,772,591
rsmI,255,276,207,294,234,78,17,36,59,16,78,56,55,72,67
rsmJ,201,332,144,546,189,409,128,235,353,120,207,201,232,441,290
rsmS,13,13,6,16,5,11,3,1,6,3,10,25,14,6,10
rspA,122,156,81,87,111,56,6,43,14,13,200,152,206,255,147
rspB,60,93,46,54,83,26,18,27,29,14,126,139,127,182,83
rspR,740,773,420,459,516,117,35,72,82,47,245,304,283,224,180
rssA,908,1156,614,1710,637,457,134,275,320,145,656,734,729,1000,665
rssB,807,968,482,1873,552,2446,640,1444,1758,826,1300,1366,1601,1969,1231
rstA,1434,1375,793,2216,1235,145,36,95,118,36,188,251,223,212,148
rstB,1607,1614,819,2427,1431,137,32,69,103,28,130,80,78,63,45
rsuA,1098,1094,600,856,823,89,41,74,97,44,553,512,575,604,440
rsxA,464,488,226,241,394,24,4,20,14,5,210,240,226,239,227
rsxB,726,773,392,332,579,23,8,17,20,5,341,330,334,265,325
rsxC,1461,1691,857,595,1334,28,7,25,17,10,362,369,390,204,231
rsxD,572,718,331,200,525,15,5,10,16,3,116,108,139,74,101
rsxE,347,459,230,148,359,13,4,10,11,1,39,36,46,29,24
rsxG,353,406,242,154,334,1,4,7,4,4,54,30,53,18,33
rtcA,82,105,37,145,72,143,44,83,108,36,219,230,228,208,216
rtcB,70,110,25,189,81,286,96,180,194,121,193,212,236,283,211
rtcR,39,32,18,26,22,19,6,21,16,15,32,34,26,15,13
rusA,6,6,3,4,2,1,1,0,0,0,26,7,19,6,10
rutA,4,4,2,0,2,19,7,13,9,12,16,14,20,18,21
rutB,0,3,0,2,0,4,0,7,3,0,4,5,1,10,5
rutC,5,0,1,2,0,3,1,4,0,0,0,0,3,3,2
rutD,1,1,1,5,2,11,3,5,9,4,13,9,7,9,1
rutE,5,0,0,4,4,8,3,0,6,0,2,0,4,9,4
rutF,3,0,0,1,5,7,3,7,4,0,3,6,8,6,5
rutG,27,73,29,57,41,79,24,47,73,13,75,52,71,66,79
rutR,52,36,41,46,23,122,21,74,79,56,93,99,82,162,93
ruvA,601,614,310,572,541,127,47,59,94,45,377,404,443,374,391
ruvB,1013,1200,581,1246,930,215,75,125,152,54,901,972,955,904,873
ruvC,1160,1353,721,817,1060,109,31,49,79,34,353,274,337,315,294
ruvX,581,570,257,502,437,28,5,9,27,11,168,136,160,131,166
rzoD,22,16,2,23,10,29,4,9,9,1,40,41,59,94,59
rzpQ,14,2,3,4,3,1,0,0,0,0,16,15,10,2,1
sad,151,153,101,184,126,24,3,18,16,12,125,125,139,82,107
safA,0,0,0,0,1,0,0,0,0,0,1,5,0,2,2
sanA,119,92,69,86,81,33,10,13,32,4,51,57,56,75,36
sapA,548,723,337,780,493,794,220,462,561,247,264,282,315,638,373
sapB,173,249,130,301,198,621,154,409,398,165,124,114,123,255,109
sapC,162,187,71,111,101,405,107,266,256,88,74,42,47,99,67
sapD,384,422,178,345,227,428,115,214,289,127,78,56,64,86,66
sapF,235,234,146,275,198,250,66,142,143,60,45,50,53,67,31
satP,170,196,63,116,71,200,69,177,211,136,265,277,318,409,263
sbcB,523,644,331,525,412,151,33,89,117,57,88,99,88,78,69
sbcC,441,589,322,429,509,54,22,41,47,24,83,49,61,46,33
sbcD,161,172,71,129,130,16,5,10,16,8,22,27,26,28,21
sbmA,293,398,199,313,230,72,33,61,70,29,177,193,194,200,186
sbmC,279,403,162,530,218,756,218,328,415,144,661,675,674,2096,940
sbp,1018,1758,1094,64,1003,9,7,5,23,3,1278,1318,1352,964,898
scpA,36,31,31,32,33,9,1,4,4,3,48,36,38,21,8
scpB,9,14,12,32,19,1,1,5,3,6,8,13,9,7,5
scpC,39,32,32,40,25,9,2,1,4,3,19,25,21,10,13
sdaA,4699,5660,2822,5143,4566,5411,1825,3798,4667,1817,6476,6521,7057,8919,6512
sdaB,1833,2337,1114,851,1660,81,22,39,56,30,109,131,165,155,123
sdaC,2714,3573,1628,1624,2865,314,77,220,226,94,131,113,172,193,99
sdhA,17429,23689,11733,4891,20539,1083,339,642,1031,408,1398,1303,1537,2957,1832
sdhB,5564,7570,3879,1659,6890,250,59,171,244,94,425,492,475,799,506
sdhC,4992,5681,2887,1109,4608,870,253,512,645,297,479,508,571,1260,682
sdhD,2588,3331,1760,661,2808,298,69,141,216,98,251,269,257,595,290
sdhE,295,296,129,271,187,31,12,19,22,11,77,81,95,79,73
sdiA,634,593,415,845,452,343,120,231,377,130,762,777,811,1328,763
secA,5301,5960,3037,5486,4308,542,169,391,437,175,492,484,555,532,463
secB,2210,2462,1310,2927,1776,1402,457,995,1472,612,1090,1202,1397,2038,1131
secD,4094,5391,2929,2753,4238,323,89,239,298,161,1378,1367,1379,737,904
secE,3383,3802,1916,2124,2838,1746,526,1082,1407,620,1636,1442,1542,2182,1395
secF,2340,3138,1593,1477,2155,726,228,539,645,307,1344,1309,1353,1158,1024
secG,4780,4718,2391,2136,3782,308,110,193,330,114,836,806,893,815,588
secM,584,665,309,464,444,107,20,42,93,26,84,105,117,127,91
secY,49851,75819,36384,23376,65265,10055,2918,6237,7493,3544,19066,18021,20891,14151,15328
selA,565,667,307,1085,488,167,49,94,109,58,317,302,321,341,318
selB,684,977,444,1502,721,163,40,87,126,58,234,185,220,245,206
selC,13,6,0,8,4,3,0,0,1,0,4,11,12,18,8
selD,1584,1988,985,1950,1639,345,101,210,301,123,316,310,334,277,247
selO,1361,1401,687,1609,1044,228,47,143,180,91,1097,1022,1170,1354,1040
seqA,756,830,427,774,588,253,73,153,248,112,373,398,395,385,244
serA,4030,4134,2198,6635,3165,302,108,223,313,96,590,597,699,693,549
serB,721,814,446,518,645,109,19,70,74,29,299,280,370,208,236
serC,1772,2057,1058,3350,1607,660,192,475,635,296,656,627,730,997,728
serS,6715,7495,3795,8457,5559,2460,684,1393,1759,721,2070,1976,2164,1965,1800
serT,23,7,8,8,1,36,7,14,21,14,14,20,13,22,7
serU,10,9,0,6,15,2,0,1,2,0,3,3,6,12,4
serV,376,274,70,88,116,120,18,50,50,12,94,144,68,456,127
serX,42,14,16,8,15,42,11,12,15,7,42,58,31,73,29
setA,129,238,120,203,174,88,25,47,65,18,133,143,136,146,83
setB,112,121,47,66,88,5,2,2,9,0,23,36,32,29,28
setC,15,13,2,4,4,8,1,9,17,0,16,20,11,20,20
sfmD,45,47,22,35,29,24,8,11,26,16,163,133,160,110,115
sfmF,5,3,4,1,3,1,1,0,0,0,9,6,8,11,9
sfsA,239,299,115,572,181,1392,294,598,717,311,252,268,308,1229,509
sfsB,109,103,47,89,72,8,3,1,4,1,42,52,42,55,46
sgbU,43,62,29,59,23,7,1,5,2,3,6,9,11,3,4
sgcA,45,26,14,24,21,44,10,26,30,9,14,16,23,22,27
sgcB,8,20,19,11,12,41,14,39,20,4,13,10,9,6,2
sgcC,80,95,65,118,80,253,102,171,127,75,55,57,69,41,48
sgcE,45,31,20,40,29,98,19,38,41,13,41,50,55,85,48
sgcQ,50,69,24,66,41,223,49,158,126,65,44,48,41,28,31
sgcR,35,39,11,37,20,29,6,8,20,2,30,35,31,55,38
sgcX,61,74,62,64,61,157,49,107,114,58,99,127,132,94,75
sgrR,189,196,97,285,175,77,9,70,46,24,121,114,135,161,106
sgrT,21,19,8,16,17,9,1,5,5,4,8,10,16,84,23
shiA,819,854,502,1883,673,126,45,80,129,39,219,232,244,250,147
shoB,42,29,27,20,23,14,1,8,15,9,53,56,68,189,98
sieB,0,1,3,1,4,1,0,8,3,0,8,19,38,28,12
sirB1,728,978,411,683,620,270,68,175,210,86,363,369,365,282,268
sirB2,82,143,70,95,126,13,3,20,13,3,52,45,43,22,46
sixA,1821,1746,856,1002,1126,2427,689,1481,2561,1058,1980,1953,2200,3706,1979
skp,4314,4979,2515,5125,3819,1591,439,1035,1244,559,1079,1088,1216,1470,969
slmA,548,623,316,405,438,32,8,30,35,7,68,75,92,54,54
slp,101,127,41,498,103,114,30,64,81,53,13,17,30,34,12
sltY,653,682,411,1543,443,212,72,172,182,74,801,818,862,858,818
slyA,474,380,243,357,352,486,161,307,501,252,429,461,515,1518,728
slyB,5017,4669,2464,8133,3947,3364,1111,2168,2917,1374,3108,2938,3558,6324,3067
slyD,5340,5436,2681,6577,4324,2129,609,1455,1959,753,1143,1117,1257,2410,1227
slyX,73,88,45,75,69,63,18,36,68,31,70,100,129,176,96
smg,1084,1153,596,1604,766,1263,407,827,855,443,807,821,899,1551,857
smpB,797,737,384,633,503,48,6,15,17,5,181,177,201,162,103
smrA,94,63,71,63,76,95,37,51,63,22,156,211,218,169,100
smrB,272,298,213,313,224,163,54,111,135,67,127,149,148,200,163
sodA,7172,7290,3384,14465,5385,3448,1075,2100,2589,1113,1953,1930,2217,2638,1537
sodB,987,917,551,291,689,138,43,93,94,66,242,300,290,439,208
sodC,272,325,158,897,242,1444,435,692,860,425,585,635,722,1767,850
sohB,578,545,307,850,431,228,80,131,148,90,273,249,278,299,213
solA,406,454,207,731,329,186,47,70,147,55,265,226,240,276,199
sopA,1123,1346,690,1311,1131,1218,304,681,825,343,1929,1812,2114,1780,1338
soxR,16,31,9,102,31,158,46,70,119,32,231,224,248,438,232
soxS,39,48,23,72,26,131,39,61,125,47,472,620,568,1129,392
speA,8848,10955,5460,8702,9731,6094,1828,4121,4829,1967,4371,4029,4678,6816,5567
speB,1265,1809,830,1724,1519,530,143,368,549,218,738,666,764,1165,828
speC,922,1028,514,675,842,39,15,35,44,20,263,259,265,302,245
speD,899,1013,520,362,878,69,22,50,61,5,43,29,56,79,35
speE,963,1187,585,427,1004,119,19,55,99,36,223,224,235,204,123
speF,18,13,11,26,11,10,3,3,8,9,39,40,60,21,18
speFL,0,0,0,0,0,0,0,0,0,0,0,0,0,0,0
speG,591,558,305,740,436,107,24,77,84,47,190,195,269,239,192
spoT,3551,3895,2097,3194,3037,293,80,176,236,128,810,772,846,920,792
sppA,1292,1679,851,1269,1280,278,76,192,244,122,198,179,226,211,174
spy,124,115,73,341,77,135,28,85,79,42,233,260,257,211,148
sra,1180,1075,547,2891,681,659,195,358,369,180,834,1060,1249,2673,1139
srkA,1172,1230,641,1207,815,171,43,102,146,88,338,322,299,269,270
srlA,37,54,25,163,45,82,35,59,53,21,28,38,32,50,17
srlB,20,52,13,125,26,37,16,41,39,10,15,11,9,12,1
srlD,186,226,127,535,168,176,58,126,145,50,49,53,61,59,27
srlE,155,172,82,364,115,195,58,117,139,55,39,34,45,61,29
srlR,228,223,141,198,180,56,20,28,40,21,104,87,102,94,58
srmB,1329,1434,661,812,1077,135,38,68,77,60,866,859,1011,611,642
ssb1,796,795,377,883,529,848,250,417,500,199,240,303,305,948,568
sseA,1310,1290,711,1675,1077,1001,267,547,782,306,1022,843,938,1869,1119
sseB,710,932,483,512,713,20,7,26,25,9,277,279,239,203,223
sslE,269,322,170,1080,239,103,35,68,86,24,400,338,436,241,241
ssnA,12,20,18,36,23,24,1,5,14,7,16,9,22,6,9
sspA,2402,2767,1445,2354,2099,857,258,588,685,351,1608,1615,1765,1691,1238
sspB,1646,1676,876,1614,1417,648,221,383,461,212,1036,889,1108,941,757
ssrA,272924,317886,170467,306072,222315,891635,419214,704397,1196704,540298,24445,24084,33565,76318,25867
ssrS,82069,36275,15068,51822,25188,304467,21684,81808,76527,29690,10711,22585,9999,137639,36974
sstT,4794,5846,2773,3947,3708,3853,1236,2568,2794,1060,1038,960,996,1394,981
ssuA,1,27,6,5,5,13,1,3,3,2,12,8,14,7,7
ssuB,39,30,12,29,30,44,13,25,42,20,34,30,43,37,19
ssuC,3,20,5,1,15,13,1,3,5,2,14,7,8,22,10
ssuD,16,30,10,12,9,13,1,2,4,1,10,23,33,19,4
ssuE,10,6,1,0,5,1,0,0,0,1,7,1,11,2,2
stfQ,12,14,11,5,12,0,0,1,0,3,45,37,49,40,28
stfR,54,62,39,67,46,53,9,24,40,9,141,112,166,108,75
sthA,5925,6457,3344,5944,4985,816,175,423,639,318,215,194,216,356,179
stpA,42,26,6,13,23,14,4,7,13,4,31,27,38,28,20
sucA,21364,29654,14934,11606,29365,1404,334,896,1334,524,485,478,552,892,427
sucC,13353,17917,8835,7147,16952,596,190,359,466,191,303,275,363,407,305
sucD,11253,15294,7110,6036,13206,566,169,413,495,237,281,266,295,382,229
sufA,96,108,76,383,85,564,162,311,427,159,415,413,478,799,406
sufB,576,733,335,1748,432,1971,504,1151,1365,511,1330,1296,1298,1746,1137
sufC,382,444,269,1079,289,933,275,564,670,273,535,478,529,623,424
sufD,778,843,512,1995,630,1677,462,1011,1147,546,727,677,741,826,765
sufE,168,239,102,347,152,151,33,61,124,42,52,76,68,80,44
sufS,617,829,437,1899,586,960,257,562,637,275,383,419,402,557,401
sugE,240,264,75,325,133,79,25,39,74,30,172,149,169,254,180
suhB,1272,1381,714,151,1528,12,10,17,8,0,198,244,196,109,123
sulA,1183,1286,729,1231,873,1070,295,630,899,372,1218,1139,1220,1847,1281
surA,4194,4897,2357,3459,3078,680,195,404,571,302,1227,1205,1270,1546,1097
surE,1201,1356,724,1635,957,139,38,79,99,56,714,733,912,946,809
sutR,61,97,47,87,75,15,4,2,10,2,59,79,75,69,71
sxy,130,129,65,197,104,33,11,27,30,16,126,128,139,135,88
syd,165,183,121,234,122,65,11,36,66,30,52,65,58,116,50
symE,27,34,9,33,14,19,3,8,13,2,25,17,33,24,13
tabA,108,68,55,145,56,38,18,29,31,10,78,107,148,147,85
tadA,398,435,203,577,372,47,9,23,29,13,281,273,281,269,200
tag,202,227,127,396,172,151,27,90,57,32,305,225,260,289,255
tal,6713,6738,3683,9934,5360,4922,1349,3139,3750,1621,2558,2434,2753,5061,3126
tam,590,721,309,1174,390,289,103,171,228,86,1090,1024,1198,2695,1377
tamA,420,468,256,862,390,75,21,25,61,28,334,284,316,331,288
tamB,1021,1125,600,1626,761,159,28,90,143,45,520,501,630,304,329
tap,2615,3609,1990,3130,3298,151,34,86,110,20,4161,3814,4232,483,523
tapT,146,198,120,128,147,11,2,3,9,5,29,37,53,24,47
tar,3389,4203,2308,3307,3666,203,80,125,217,83,5900,5599,6250,1985,1579
tas,1409,1511,797,4718,1131,664,201,411,500,210,1756,1829,1991,2129,1665
tatA,762,835,499,770,720,121,34,91,137,51,216,187,197,219,148
tatB,1223,1455,725,950,1007,183,58,105,162,78,282,271,261,273,174
tatC,1186,1562,754,975,1132,137,32,79,95,27,143,155,159,145,144
tatD,323,443,192,287,337,10,8,9,20,22,97,72,96,46,54
tatE,174,175,123,199,160,237,91,107,161,68,158,167,182,204,135
tauA,17,14,11,8,14,6,0,3,2,3,64,46,69,15,30
tauB,10,19,13,9,11,4,2,0,4,0,32,41,51,36,33
tauC,5,9,3,9,1,10,4,2,3,4,55,47,43,31,18
tauD,22,19,3,33,12,26,1,17,24,15,43,45,64,64,41
tcdA,331,365,192,266,351,132,54,102,98,38,233,203,212,121,145
tcyJ,4971,7201,4057,6776,5126,1683,562,947,1180,508,3946,3763,4207,5153,3567
tcyL,543,774,471,1012,657,441,184,315,336,134,734,792,864,704,720
tcyP,4621,7459,3793,217,4789,580,159,314,451,159,3743,3745,4122,4480,4100
tdcA,15,2,9,14,10,5,4,6,5,4,7,10,20,11,3
tdcB,15,19,14,21,22,8,8,9,21,2,45,23,32,32,16
tdcC,72,102,63,122,59,49,12,23,13,2,70,57,80,69,57
tdcD,48,66,28,44,42,8,6,5,12,4,42,52,64,42,35
tdcE,127,117,75,91,94,43,10,28,27,16,125,147,122,75,65
tdcF,30,44,9,34,21,27,5,8,12,4,23,18,34,24,27
tdcG,79,53,34,102,48,34,19,26,33,19,43,46,47,28,32
tdcR,0,0,0,0,0,0,0,0,0,0,0,0,0,0,0
tdh,2513,3132,1590,7595,2294,1940,521,1226,1332,651,1537,1414,1666,1756,1415
tdk,178,179,55,122,106,45,16,39,82,19,71,62,70,68,23
tehA,218,265,134,301,171,72,31,57,65,12,372,325,362,343,232
tehB,364,299,147,495,256,16,6,17,11,3,145,174,158,114,115
tesA,164,174,75,248,124,38,17,21,23,12,102,100,120,75,79
tesB,300,326,127,471,169,553,127,278,356,152,517,516,559,1077,716
tetR,17553,17508,9799,12454,12116,18617,5035,10911,19229,8155,6398,7341,7981,15814,6615
tfaQ,15,8,5,4,4,6,2,1,5,2,14,14,30,12,9
tfaR,6,19,17,11,14,15,4,3,6,1,20,16,25,15,15
tgt,2395,2704,1324,1355,2116,41,6,31,45,12,399,435,540,292,299
thiB,202,200,87,172,147,8,3,4,6,3,60,59,62,36,36
thiC,1136,1084,704,1213,1067,478,125,264,319,118,2077,1800,2052,465,457
thiD,70,74,52,65,60,18,2,18,20,5,89,81,116,71,55
thiE,163,206,110,219,158,83,11,64,55,21,384,316,375,42,49
thiF,102,178,119,155,161,84,11,46,62,15,370,322,414,54,55
thiG,150,184,82,190,165,72,17,46,82,25,278,339,340,48,39
thiH,189,333,166,289,238,122,29,66,81,43,323,352,358,42,52
thiI,987,1256,642,404,881,73,17,56,58,21,353,319,341,271,295
thiK,280,374,147,440,218,88,18,64,52,40,253,226,221,283,266
thiL,360,444,275,327,364,36,1,26,20,10,94,69,70,80,56
thiM,74,78,38,53,59,3,1,6,3,5,58,61,54,48,36
thiP,104,154,100,107,165,2,3,5,5,1,43,58,69,23,13
thiQ,83,97,47,60,63,1,1,2,0,1,24,17,25,11,6
thiS,40,29,32,54,50,19,8,8,29,1,93,64,54,6,11
thpR,62,56,41,70,45,8,10,9,10,10,18,12,25,19,25
thrA,1246,1729,849,1869,1422,706,203,393,474,154,4232,4009,4322,1871,1980
thrB,773,1122,510,1112,813,446,121,293,337,166,833,704,725,321,395
thrC,1167,1428,697,1422,1090,384,143,250,320,112,775,684,872,480,357
thrL,105,105,64,60,62,40,14,30,42,19,85,99,72,110,46
thrS,13288,15105,7331,15423,11679,6153,1875,4128,4530,2075,7519,7426,7923,13476,8943
thrT,312,338,213,99,278,19,1,17,13,8,59,62,59,32,50
thrU,10,9,5,4,5,2,1,1,9,4,10,10,7,10,7
thrV,22,44,21,0,28,1,0,0,2,0,3,1,0,3,2
thrW,23,24,17,16,14,5,2,3,0,3,24,18,21,8,13
thyA,1378,1504,766,1240,1153,52,21,43,50,23,215,222,198,188,203
tig,13488,14619,7278,7303,13042,294,96,157,260,125,2116,2090,2158,1710,1736
tilS,465,489,228,519,410,70,24,34,53,26,332,340,403,253,291
timP,258,149,150,211,183,25,8,18,40,14,115,132,169,250,128
tisB,1662,1541,845,1725,1195,2808,775,1697,2417,1222,996,1034,1215,3706,2138
tkt,10929,15960,7453,13580,13453,10620,3000,7021,7816,3348,2976,2787,3102,5642,4129
tldD,1502,1687,900,2697,1182,1466,330,779,1286,487,1903,1916,2212,3366,2303
tmaR,817,775,408,1426,653,406,117,258,363,191,627,585,642,851,515
tmcA,1115,1361,711,1574,919,305,80,163,233,97,387,371,469,410,392
tmk,282,384,202,289,268,56,10,20,41,10,276,237,271,209,229
tnaA,2021,2487,1200,1431,2133,38,10,35,42,9,24,25,27,37,36
tnaB,464,682,356,333,532,41,8,21,14,8,38,13,32,31,17
tnaC,22,21,3,13,8,4,0,0,0,0,0,0,0,0,0
tolA,1388,1412,785,727,1073,392,130,259,323,156,1232,1296,1299,948,886
tolB,4459,5378,2552,4037,3849,1832,492,1227,1476,604,3750,3488,3927,3625,2922
tolC,5029,5161,2632,10118,4284,646,149,400,537,189,1941,1963,2073,2796,2198
tolQ,881,1006,537,447,722,116,32,82,71,27,503,601,660,676,519
tolR,401,470,267,254,408,74,18,37,56,21,312,319,358,234,211
tomB,498,507,226,821,285,358,123,264,320,102,1109,1113,1220,1704,972
tonB,1059,959,444,711,713,647,218,381,517,204,642,578,687,570,521
topA,4977,5852,3050,3683,4743,1161,345,646,758,387,3427,3266,3697,3456,3247
topAI,64,36,14,30,51,2,0,3,6,3,0,4,4,1,1
topB,2184,2881,1420,2264,2170,155,30,92,143,75,259,216,270,122,167
torA,35,36,34,39,33,25,11,31,22,2,126,95,137,62,70
torC,1,1,1,4,1,8,2,12,11,2,17,15,26,17,10
torD,29,21,20,14,12,17,11,6,11,3,22,46,34,30,25
torI,81,97,63,67,63,24,5,23,33,8,22,28,37,62,31
torR,66,68,35,61,44,9,2,4,11,4,59,61,65,59,38
torS,99,103,45,52,108,43,8,25,26,24,166,153,156,82,100
torT,38,55,21,38,25,44,8,9,15,7,73,46,65,58,41
torY,15,17,12,11,7,23,7,12,13,13,191,165,183,39,29
torZ,147,152,71,119,75,49,14,19,37,16,560,552,556,141,96
tpiA,2426,2698,1138,4810,1888,1007,298,654,869,387,1307,1188,1462,2309,1335
tpr,53,28,24,29,21,15,0,17,8,8,181,223,164,81,61
tpx,2070,2058,1045,3725,1557,472,148,304,384,194,1077,1151,1317,1891,977
tqsA,100,94,31,110,60,115,31,44,75,37,220,258,278,349,250
traA,17763,18979,9112,10144,11306,164,40,110,166,87,268,251,247,256,206
traB,4046,5766,2956,1316,3461,24,10,18,26,2,266,220,265,140,168
traC,5758,8261,4216,1531,4383,26,8,21,9,9,324,283,291,156,187
traD,3246,4903,2459,564,3049,26,6,29,4,18,435,381,428,206,266
traE,1421,1837,1086,461,1184,4,1,5,7,3,56,71,67,29,36
traF,883,1163,633,210,689,9,6,17,6,3,106,105,141,56,109
traG,3643,4648,2508,879,3112,65,11,57,57,32,333,278,311,215,256
traH,2299,2786,1361,587,1898,36,12,17,25,4,183,195,144,126,129
traI,8994,12899,6553,2784,7686,718,204,456,429,201,2136,2013,2354,1279,1435
traJ,622,721,322,596,415,47,18,39,45,16,59,56,77,215,72
traK,1641,2236,1169,503,1523,15,4,8,2,11,98,93,92,63,63
traL,7464,8417,4124,4124,5284,69,20,52,74,24,132,139,143,116,127
traM,30,18,21,16,20,4,0,2,11,3,4,8,5,22,6
traN,3285,4408,2431,788,2643,31,14,14,19,7,280,253,218,157,197
traP,1061,1385,713,290,847,5,0,2,2,1,36,41,45,16,50
traQ,299,346,150,55,219,5,0,4,3,1,26,19,31,27,19
traR,617,841,414,189,420,2,3,3,2,0,24,32,22,13,21
traS,374,434,240,66,213,22,4,3,9,5,35,47,49,78,47
traT,3763,4452,2200,947,2367,71,19,29,55,19,550,501,614,616,504
traU,2135,3174,1684,551,1633,26,11,17,13,5,206,151,193,117,112
traV,1147,1577,787,329,863,1,2,2,4,0,52,38,53,34,22
traW,1258,1983,1000,277,952,16,7,9,14,3,123,108,129,62,77
traX,1226,1875,930,377,1133,107,17,80,65,24,429,362,458,266,284
traY,1502,1674,880,533,910,50,11,10,23,6,15,16,10,31,17
trbA,208,364,158,50,159,3,2,0,0,3,16,17,13,22,14
trbB,833,819,426,176,565,10,2,6,4,2,80,78,58,54,68
trbC,1563,2054,1019,342,1228,20,3,5,17,2,132,114,92,78,109
trbF,280,387,182,66,227,1,1,1,5,2,21,18,15,11,15
trbG,727,792,511,185,462,3,2,0,3,0,15,15,28,25,14
trbI,828,1035,594,187,603,9,3,8,2,2,66,49,39,28,38
trbJ,180,237,123,40,141,7,0,0,0,0,15,11,17,6,7
treA,669,742,383,2199,479,870,271,596,583,288,443,470,457,709,405
treB,581,835,355,437,612,71,11,27,51,15,40,42,36,48,34
treC,394,531,255,243,367,14,5,6,5,9,20,17,19,15,9
treF,140,249,105,601,139,1205,291,658,794,309,382,355,388,554,347
treR,94,100,49,94,65,22,5,13,22,5,83,74,94,75,57
trg,1325,1545,855,844,1220,147,35,88,89,21,796,734,874,723,600
trhO,743,819,423,294,691,58,11,28,68,17,94,89,124,88,80
trkA,861,1037,661,1336,847,876,247,544,843,330,638,626,619,972,753
trkG,142,114,64,99,82,58,15,29,42,15,177,162,205,195,143
trkH,719,871,455,939,560,412,138,277,335,142,425,394,398,596,480
trmA,827,799,400,619,598,1578,445,930,1202,562,922,924,1015,2315,1300
trmB,572,632,302,678,469,508,163,331,350,210,758,765,800,1196,855
trmD,21138,22014,10506,6381,16103,1983,636,1229,1524,660,5238,5197,5883,3829,3861
trmH,409,472,237,274,332,24,3,17,26,2,29,21,21,16,25
trmJ,1115,1200,534,431,928,428,120,235,456,151,293,267,351,303,207
trmL,80,72,87,40,69,3,0,1,2,1,27,21,37,19,15
trmN,337,358,249,190,268,6,4,10,7,0,65,80,93,49,48
trpA,2407,3021,1349,7403,2139,204,54,151,199,60,148,143,151,139,138
trpB,2846,3534,1762,8213,2560,265,76,151,153,99,223,256,254,248,188
trpCF,1589,2736,1283,6163,1906,278,68,157,176,62,265,280,314,291,321
trpD,1583,2359,1198,5131,1729,44,9,47,43,19,60,54,58,68,66
trpE,1333,1813,987,3924,1321,45,8,21,8,4,12,8,18,6,13
trpL,12,26,7,25,14,2,0,1,4,0,0,0,0,1,0
trpR,127,185,88,233,123,23,4,25,23,12,26,39,35,43,27
trpS,1613,1753,1030,2194,1502,266,82,183,289,116,497,514,501,548,394
trpT,502,405,188,115,339,258,34,69,90,37,47,47,47,167,62
truA,951,1189,523,1105,886,270,58,161,190,52,457,487,433,349,313
truB,1378,1844,886,989,1403,271,60,156,190,54,1535,1524,1681,1011,1132
truC,425,538,210,315,400,44,15,37,63,12,95,78,88,86,70
truD,780,1012,502,978,696,35,9,12,32,13,383,340,316,267,286
trxA,1685,1570,786,1996,1187,800,223,482,856,383,730,763,904,1683,822
trxB,1246,1239,592,1000,949,172,58,127,155,59,337,232,320,373,264
trxC,200,138,77,142,127,351,94,205,290,100,134,115,144,335,124
tsaA,512,553,285,460,455,32,11,29,27,9,132,137,149,117,124
tsaB,617,755,385,348,588,33,8,25,22,10,76,78,89,40,27
tsaC,742,1036,528,650,658,228,69,171,219,103,536,563,531,657,588
tsaD,771,867,436,472,688,402,115,253,296,157,637,788,883,790,670
tsaE,223,256,109,319,203,212,53,108,152,55,445,361,473,611,579
tsf,10031,12776,6139,4677,10477,739,245,621,727,387,3305,3089,3426,2958,2855
tsgA,124,180,44,129,149,27,7,31,16,2,102,91,106,120,99
tsr,2305,2752,1411,1388,2188,138,54,95,148,41,8676,7894,8773,1986,2635
tsuA,3030,5106,2816,39,3190,118,39,55,87,30,6266,5744,6639,3620,4281
tsuB,595,1189,632,13,811,34,11,22,22,15,1663,1390,1671,1021,1185
tsx,2774,3346,1616,1296,2276,409,107,268,477,193,142,128,137,320,175
ttcA,668,645,349,332,457,171,43,122,149,80,465,453,549,670,385
ttdA,8,6,4,9,5,9,0,1,2,2,24,17,28,4,7
ttdB,0,5,1,5,2,0,0,2,3,0,7,14,9,12,6
ttdR,11,21,4,9,8,0,1,1,1,0,13,5,16,9,4
ttdT,11,7,2,17,3,4,0,2,0,5,18,12,29,12,12
tuf,96972,116360,57830,58810,94546,14006,4196,9158,11071,5180,17278,17269,19136,18881,16067
tus,218,218,108,375,211,81,8,45,27,24,87,108,106,262,142
tusA,41,43,29,18,28,14,2,9,19,6,51,44,40,51,40
tusB,167,278,159,197,176,99,31,35,47,41,129,126,112,208,125
tusC,232,379,200,393,220,56,16,41,28,16,69,89,68,37,23
tusD,391,533,255,622,362,88,15,43,59,24,151,110,124,77,60
tusE,126,133,78,100,81,38,8,17,34,10,28,33,27,42,24
tynA,55,70,29,254,35,16,8,14,15,8,40,31,41,37,34
typA,7673,8654,4079,4124,7108,2469,715,1572,1824,880,3090,2989,3381,3694,3440
tyrA,468,655,304,729,485,348,97,267,272,130,483,519,552,459,373
tyrB,812,980,487,2044,839,60,23,50,73,8,263,242,309,207,171
tyrP,146,213,90,72,164,167,66,88,127,42,217,174,196,229,138
tyrR,1146,1298,665,1762,1044,1101,299,717,872,419,2142,1856,2199,3189,2501
tyrS,4126,4937,2453,3444,3632,765,241,506,665,353,1162,1117,1139,1121,1112
tyrU,93,77,50,44,82,5,1,10,6,4,82,70,46,77,36
tyrV,465,467,239,182,412,50,10,22,29,19,99,110,116,140,98
uacT,8,5,3,21,7,8,1,4,9,1,6,2,9,7,8
ubiA,243,319,145,196,211,540,163,307,442,158,544,564,664,674,557
ubiB,1235,1405,783,1210,944,127,21,80,91,55,334,270,322,327,298
ubiC,183,223,130,178,170,248,82,178,232,129,264,277,291,330,249
ubiD,2238,2627,1352,2041,1974,415,135,242,373,113,974,904,966,979,835
ubiE,1397,1737,763,1572,1235,302,77,164,221,100,563,543,700,654,554
ubiF,413,503,237,857,363,1573,479,1165,1434,554,1286,1199,1325,2699,1926
ubiG,918,1080,546,733,717,100,32,53,73,41,314,254,347,259,236
ubiH,1093,1492,783,1551,1305,374,137,262,310,118,314,256,297,271,266
ubiI,874,1163,559,1227,956,253,69,144,167,66,143,163,132,124,131
ubiJ,1143,1217,611,1270,905,212,39,103,151,49,444,390,466,542,372
ubiK,436,380,236,430,261,132,47,89,130,45,169,156,176,225,134
ubiT,474,501,255,569,347,437,119,249,383,202,344,346,377,417,282
ubiU,4,14,6,10,8,3,1,6,1,0,29,42,34,18,30
ubiV,34,22,6,24,15,9,2,6,9,1,45,29,35,32,20
ubiX,424,576,297,229,491,31,2,18,16,13,69,76,60,88,38
ucpA,2224,2403,1149,1674,1648,437,113,302,439,205,712,770,808,902,630
udk,398,434,216,239,356,26,7,14,20,4,85,80,89,46,45
udp,1776,2097,904,3965,1283,905,285,544,788,324,930,868,998,809,630
ugd,354,368,205,222,374,444,142,335,562,268,154,161,170,243,152
ugpA,266,333,195,1183,196,89,18,39,42,18,87,97,75,81,46
ugpB,929,1196,588,7268,785,1377,350,739,898,375,1603,1567,1614,2183,1236
ugpC,579,895,436,1825,413,192,67,110,143,68,165,150,176,234,148
ugpE,210,230,162,679,149,48,11,16,29,13,24,41,40,32,23
ugpQ,551,529,256,1081,338,234,68,116,145,53,208,149,217,218,153
uhpA,361,398,178,300,392,61,8,37,61,32,172,190,161,132,128
uhpB,326,418,206,190,287,19,7,14,14,13,220,242,248,87,144
uhpC,167,130,110,69,98,21,4,12,2,6,112,88,102,43,37
uhpT,43,51,23,40,48,78,38,47,61,31,81,117,107,95,66
uidA,174,196,99,109,175,85,12,37,53,16,136,120,122,118,82
uidB,46,82,49,43,64,37,6,18,16,16,67,53,44,13,14
uidC,58,56,35,35,31,111,34,50,82,17,205,199,219,261,138
uidR,331,345,184,291,242,167,53,73,94,38,359,312,339,460,288
ulaA,37,38,32,48,31,11,3,6,25,6,23,18,18,8,23
ulaB,14,17,12,25,19,4,2,3,1,0,7,3,8,4,8
ulaC,27,53,27,33,36,6,3,1,11,1,13,20,29,10,14
ulaD,88,116,66,124,101,38,4,16,12,10,51,38,37,30,37
ulaE,38,99,52,77,54,30,4,13,28,4,39,54,48,20,24
ulaF,82,87,55,96,62,29,10,12,27,10,47,43,55,48,39
ulaG,49,65,17,66,20,27,10,15,24,7,12,27,29,36,17
ulaR,100,131,69,108,64,43,17,44,33,17,94,102,98,83,78
umuC,134,185,107,207,160,152,48,82,120,52,1079,997,1061,1325,1328
umuD,67,101,53,79,43,59,17,43,57,10,312,347,393,767,372
ung,173,194,128,249,173,91,15,56,75,40,85,114,116,132,78
uof,147,153,122,164,113,28,9,20,45,9,47,58,47,78,28
upp,1062,1021,496,228,1099,24,2,16,37,12,240,218,251,164,132
uraA,845,1062,570,128,1177,14,2,8,7,2,34,44,41,32,23
usg,933,1313,681,1148,1227,139,43,87,137,55,443,380,425,336,338
ushA,613,767,356,1683,493,330,79,220,233,108,744,745,854,926,772
uspA,1376,1299,713,3485,985,824,248,485,536,214,471,506,513,745,402
uspB,104,109,56,427,58,1152,303,629,928,417,352,359,449,1477,464
uspC,11,27,9,20,19,16,3,3,1,0,25,22,26,22,22
uspD,115,93,53,273,62,797,226,497,659,244,409,459,482,658,383
uspF,664,597,317,1059,559,729,243,430,681,317,850,989,1140,2313,971
uspG,332,300,155,716,272,1456,483,912,1299,525,864,818,1046,1999,941
uup,1217,1639,822,674,1316,188,71,111,180,60,366,389,438,313,261
uvrA,2683,3185,1670,3696,2627,1969,529,1145,1518,671,2690,2544,2774,4018,2976
uvrB,1420,1708,791,2478,1130,2426,648,1400,1571,729,4110,4038,4345,6943,6304
uvrC,2232,2708,1354,3346,1976,202,53,128,176,40,622,488,559,567,387
uvrD,1902,2305,1063,1847,1743,409,98,255,327,141,870,785,865,688,712
uvrY,1371,1462,768,1631,1005,124,41,91,130,51,518,479,520,498,361
uxaA,294,389,218,400,254,79,17,52,75,32,700,575,699,378,342
uxaB,203,199,97,230,148,79,22,44,65,40,497,476,548,358,239
uxaC,285,365,189,406,319,55,27,38,45,24,647,557,628,340,381
uxuA,510,562,311,441,533,443,135,257,435,140,2667,2800,2980,2249,2263
uxuB,727,1141,542,672,732,406,105,295,360,122,3285,2977,3340,2514,2988
uxuR,429,499,200,436,338,654,208,426,613,238,1004,1027,1153,1951,1296
valS,5152,6859,3349,6439,5132,1342,394,882,1145,409,2725,2661,2904,3624,3115
valV,0,0,0,2,0,0,0,0,4,0,0,2,0,0,0
valW,29,32,16,14,29,0,1,3,0,0,22,14,16,2,10
valY,4831,4199,2206,975,3273,136,55,94,113,50,280,410,356,555,408
vapB,89,88,68,131,56,82,21,35,32,13,326,365,330,787,382
ves,208,160,98,91,134,9,5,5,9,4,703,665,786,194,134
viaA,269,342,200,655,218,75,17,52,47,21,144,142,156,137,104
vsr,120,184,78,78,111,19,7,4,18,3,93,68,84,32,61
waaA,797,984,507,435,668,174,55,101,116,43,445,459,535,717,530
waaB,368,350,164,296,280,219,41,127,171,80,71,78,129,121,68
waaH,47,56,23,29,37,6,8,17,17,7,69,97,84,44,49
waaL,347,450,192,270,257,28,9,13,17,5,3,5,7,8,2
waaO,299,275,144,213,248,100,20,81,98,45,34,32,47,53,34
waaU,206,199,86,92,155,29,6,17,36,11,22,29,34,46,24
waaZ,153,141,82,90,125,42,10,29,42,14,17,47,15,51,17
wbbI,1431,1695,808,600,1136,147,39,91,151,63,228,225,234,295,223
wbbJ,836,953,403,365,680,96,24,62,44,15,152,135,207,215,141
wbbK,1841,1877,957,752,1398,124,35,79,124,60,199,233,197,185,161
wcaA,4,12,6,16,10,1,1,1,5,0,7,10,10,9,7
wcaB,6,2,0,5,3,3,0,1,0,0,9,6,2,3,9
wcaC,12,4,3,16,10,9,2,9,3,4,33,31,20,14,9
wcaD,8,5,8,12,9,2,3,4,4,5,64,49,38,34,24
wcaE,5,23,3,5,4,7,0,3,0,0,35,27,26,30,18
wcaF,1,1,0,4,5,2,0,0,4,0,7,16,10,12,11
wcaI,16,23,9,10,22,2,2,2,1,1,25,23,15,14,19
wcaJ,16,18,6,20,13,7,1,4,7,1,43,23,32,18,21
wcaK,40,45,25,45,40,9,0,1,3,2,43,23,29,22,11
wcaL,110,117,51,76,91,2,1,13,4,0,50,36,47,34,44
wcaM,88,106,47,116,57,14,1,2,7,0,39,32,31,23,19
wecA,990,1309,717,832,939,260,91,160,221,83,459,462,443,586,460
wecB,1015,1107,541,1066,834,48,7,32,35,9,201,209,280,167,147
wecC,1117,1458,700,1218,1203,26,6,31,25,5,176,218,207,92,139
wecG,283,295,208,304,263,42,19,42,56,15,145,157,133,176,107
wecH,41,53,20,72,46,114,22,52,85,30,67,75,64,95,73
wrbA,388,433,224,2735,275,8070,2397,5320,6516,2596,2108,2128,2373,4685,2378
wza,3,5,7,15,16,3,0,1,2,0,9,6,6,3,5
wzb,3,3,5,3,5,0,0,5,0,0,2,9,5,2,0
wzc,18,44,10,45,22,11,2,4,6,1,23,22,63,37,40
wzx,1504,1783,919,750,1307,241,52,125,189,66,226,231,247,235,215
wzxC,18,11,9,30,21,4,6,2,2,0,26,28,29,13,24
wzxE,539,696,287,579,478,209,36,109,123,43,358,375,426,281,258
wzy,1338,1623,782,735,1133,152,33,90,111,32,190,161,157,164,174
wzyE,321,425,241,327,293,118,31,77,65,31,100,106,109,80,73
wzz(fepE),12,15,10,14,6,0,0,2,0,0,14,11,13,1,3
wzzB,4819,5091,2578,2862,3629,988,305,684,1032,416,1456,1499,1788,1751,1180
wzzE,1140,1275,630,1110,896,263,63,166,177,69,428,418,401,428,299
xanP,2128,2516,1280,584,1920,3,0,5,1,2,28,27,13,23,24
xanQ,31,41,25,75,23,36,9,11,15,1,70,38,63,43,31
xapA,16,7,13,14,12,5,1,2,8,0,40,47,40,42,48
xapB,104,106,68,78,67,33,11,21,28,23,76,59,93,80,47
xapR,147,127,54,185,91,113,26,71,99,37,386,344,423,409,441
xdhA,158,260,107,397,210,122,28,73,79,19,96,98,96,81,59
xdhB,75,62,45,101,57,19,10,13,17,4,24,19,12,21,21
xdhC,33,62,18,122,32,25,9,15,25,19,8,13,18,23,11
xdhD,148,145,87,220,155,69,13,41,41,21,201,158,229,138,113
xerC,515,568,252,598,382,3,3,11,10,1,149,160,143,97,135
xerD,555,604,281,572,361,116,40,95,133,38,289,303,309,244,227
xisR,0,1,1,2,2,0,0,0,1,0,4,7,2,4,7
xni,204,294,117,147,235,3,3,5,4,8,70,77,79,62,45
xseA,1791,1854,949,1280,1484,327,62,171,227,109,394,361,429,367,283
xseB,280,299,157,175,203,36,8,14,18,12,78,69,73,84,55
xthA,593,602,298,651,463,142,22,75,71,53,248,274,318,229,174
xylA,129,207,74,307,95,655,229,486,689,352,307,304,375,689,340
xylB,136,178,102,381,102,548,149,321,362,222,482,464,506,632,374
xylE,60,73,40,72,47,68,25,36,45,13,246,245,304,208,230
xylF,176,140,75,199,99,28,6,7,21,11,30,29,30,37,22
xylG,60,78,40,72,53,20,6,13,11,4,30,31,25,18,29
xylH,39,102,27,83,61,92,18,65,85,34,68,73,78,110,43
xylR,125,120,80,214,78,34,1,23,15,10,58,37,51,63,25
xynR,178,136,98,158,130,64,17,26,67,24,233,205,268,156,169
yaaA,152,182,106,247,139,41,7,35,31,12,87,87,97,99,54
yaaI,1,0,0,9,0,0,0,0,0,0,1,4,2,10,3
yaaJ,101,81,58,159,58,82,27,42,42,34,162,153,208,269,162
yaaU,16,22,8,23,14,4,1,1,5,3,22,23,24,15,25
yaaX,39,43,39,55,34,0,4,3,4,1,13,18,21,8,20
yaaY,10,18,13,43,25,54,10,31,38,10,44,40,45,70,29
yabI,367,417,241,355,265,510,153,334,515,209,927,815,957,453,333
yabP,119,141,71,96,92,222,70,94,122,50,67,56,57,111,80
yabQ,58,42,20,75,30,125,39,33,53,13,12,22,25,56,29
yabR,0,0,0,0,0,0,0,0,0,0,0,0,0,0,0
yacC,499,469,254,326,336,38,3,26,39,10,122,106,135,132,92
yacG,115,155,80,141,105,64,12,31,32,14,104,87,130,109,98
yacH,11,35,7,27,11,51,12,27,24,8,18,32,32,27,40
yacL,88,175,85,119,114,912,294,346,405,244,148,120,136,412,160
yacM,0,0,0,0,0,0,0,0,1,0,0,0,1,0,0
yadC,23,39,14,37,11,42,8,20,34,10,212,227,273,384,243
yadE,157,188,127,224,112,77,22,41,28,28,282,266,320,354,344
yadG,473,599,314,699,416,514,110,243,279,105,578,561,582,637,500
yadH,471,452,266,601,363,520,173,315,354,162,444,457,434,617,447
yadI,149,191,94,188,135,49,21,37,54,24,81,57,79,49,57
yadK,5,14,14,11,12,4,0,3,7,0,69,78,84,63,31
yadL,11,6,5,13,7,20,5,6,7,3,110,103,109,95,91
yadM,13,9,1,4,5,4,4,1,8,1,126,98,156,111,81
yadN,2,5,2,1,4,0,1,3,0,1,8,16,13,2,1
yadS,201,252,91,127,223,28,8,13,19,9,64,34,54,48,32
yadV,2,8,0,0,0,0,0,2,0,0,3,10,11,5,6
yadW,32,18,21,34,15,10,4,6,4,5,35,40,41,28,39
yadX,13,17,4,14,3,17,3,8,19,7,20,23,20,58,22
yaeF,36,81,54,43,58,14,0,5,8,2,16,19,31,24,5
yaeH,424,319,252,1686,320,551,181,367,511,304,486,529,562,827,356
yaeI,118,134,67,184,82,27,3,3,11,3,41,26,27,14,19
yaeP,77,88,43,226,34,314,110,136,262,117,252,241,297,479,252
yaeQ,152,197,82,194,144,34,2,18,29,6,70,88,86,79,71
yaeR,141,182,85,404,97,148,47,97,121,53,109,102,135,155,108
yafC,89,136,50,180,82,237,86,142,260,106,210,234,245,298,248
yafD,401,358,192,752,239,1298,327,819,1167,548,1022,963,1090,1845,1100
yafJ,460,526,246,590,414,105,16,40,59,31,161,154,153,162,167
yafL,17,13,4,26,6,47,7,22,19,8,35,52,54,100,40
yafN,59,61,21,114,39,55,13,19,38,17,373,404,450,1115,524
yafO,58,45,29,118,44,40,16,33,26,12,480,410,477,923,659
yafP,23,23,12,59,16,15,6,8,7,5,257,247,244,421,390
yafQ,149,169,87,100,78,28,11,25,42,15,82,76,91,131,68
yafS,105,109,39,197,56,23,8,21,18,12,79,69,94,96,52
yafT,44,22,17,26,26,3,1,0,2,6,17,12,23,20,9
yafV,209,228,111,571,118,409,111,235,331,135,565,549,577,1141,695
yafW,0,2,0,0,0,0,0,0,0,0,2,0,0,0,3
yafX,0,0,0,0,0,0,0,1,0,0,7,3,0,0,0
yafY,18,11,5,27,16,41,6,13,18,1,19,22,18,12,7
yafZ,6,1,2,10,6,6,0,0,1,0,25,28,37,24,26
yagA,1,4,3,8,5,7,2,12,20,11,58,76,63,57,21
yagB,43,32,20,36,32,5,8,7,15,4,38,36,42,50,32
yagE,216,247,154,295,169,288,62,174,195,82,107,119,107,303,142
yagF,579,847,420,730,645,899,199,532,508,215,264,257,300,568,327
yagG,45,70,55,99,37,76,16,38,46,19,40,21,20,41,44
yagH,105,175,63,239,73,113,33,37,57,14,40,20,18,33,30
yagJ,61,58,41,57,30,51,16,28,58,27,23,30,21,67,29
yagK,21,23,16,54,27,44,11,41,40,21,132,122,165,168,101
yagL,2,6,3,14,17,1,3,2,2,0,14,14,15,22,15
yagM,14,8,9,17,5,1,0,1,1,2,4,12,12,11,6
yagN,194,134,81,228,114,15,10,7,17,16,85,92,97,115,83
yagU,84,109,65,204,77,165,42,64,103,52,126,159,164,208,153
yahB,120,132,53,96,68,14,11,17,15,1,56,49,47,68,53
yahC,4,4,3,7,2,6,3,6,4,3,26,27,15,43,27
yahD,19,16,9,42,11,18,3,8,3,3,16,18,18,36,22
yahE,2,13,5,30,3,5,1,2,5,3,45,20,20,27,32
yahG,13,20,14,41,22,15,10,11,11,3,61,44,51,24,41
yahI,8,8,0,21,9,5,6,2,2,0,20,13,21,14,10
yahJ,96,144,117,176,108,79,21,41,83,18,92,84,99,95,73
yahK,870,973,517,2418,631,1495,441,884,930,420,661,646,682,897,463
yahL,19,12,11,8,11,9,0,5,6,3,27,20,30,21,13
yahM,12,0,5,3,4,2,0,2,5,8,14,33,33,24,8
yahN,23,20,8,27,13,119,28,61,80,27,22,18,30,39,13
yahO,894,830,348,1927,440,1556,491,866,1536,657,746,892,1010,1979,647
yahV,0,0,0,2,0,0,0,0,0,2,0,0,1,0,0
yaiA,302,338,167,451,215,354,108,196,292,126,184,156,172,467,227
yaiI,152,200,90,178,118,26,6,22,20,20,46,43,48,81,39
yaiL,189,183,85,148,141,30,9,24,32,17,59,90,64,97,47
yaiO,29,16,12,47,11,213,80,126,196,76,95,107,111,230,116
yaiP,22,20,15,30,8,33,12,14,15,8,74,80,80,75,62
yaiW,431,496,256,537,370,62,16,42,55,20,130,130,152,154,77
yaiY,16,17,10,28,7,22,9,13,26,5,10,7,6,12,4
yaiZ,134,205,76,140,108,23,4,17,28,6,11,20,20,17,14
yajC,1839,2098,1051,1703,1695,261,72,132,301,93,402,352,379,262,213
yajD,259,303,150,277,193,162,54,106,164,95,95,116,92,103,68
yajG,1220,1299,689,908,970,43,14,29,40,30,235,214,220,233,194
yajI,22,19,8,37,15,21,11,16,21,14,54,53,61,83,56
yajL,109,119,65,279,98,115,32,96,112,32,259,182,224,407,225
yajO,815,913,453,1871,646,2118,646,1359,1944,815,1333,1329,1485,2549,1304
yajQ,556,519,317,630,469,259,106,243,345,170,652,518,644,804,452
yajR,331,401,196,164,313,35,8,16,23,7,114,87,86,89,70
ybaA,121,135,66,113,86,1350,501,777,765,325,397,432,428,1041,474
ybaB,382,449,225,346,327,125,20,57,78,40,73,65,73,152,78
ybaE,55,85,49,84,62,156,45,136,118,66,23,42,19,46,37
ybaK,87,73,37,90,57,16,3,14,10,2,118,90,83,120,92
ybaL,1195,1605,760,2443,1100,509,148,319,413,148,2112,1969,2170,2989,2495
ybaN,376,443,211,290,255,58,22,49,52,30,71,87,82,80,101
ybaP,129,121,99,227,137,20,4,9,6,8,126,118,109,134,105
ybaQ,63,76,24,74,55,108,41,46,86,52,54,52,62,76,54
ybaT,134,153,115,953,194,68,16,39,35,14,61,59,77,47,46
ybaV,37,29,25,41,29,4,4,6,2,2,26,37,36,14,31
ybaY,859,839,364,4726,500,3350,950,2140,2992,1183,5783,5873,6410,14599,7720
ybbA,181,274,119,429,224,110,35,79,72,26,555,499,539,381,371
ybbC,11,17,16,8,11,7,1,1,3,0,15,17,20,20,15
ybbJ,111,180,81,242,102,444,132,229,278,96,313,344,354,666,560
ybbO,232,281,153,485,257,62,20,49,41,21,165,168,157,177,130
ybbP,564,775,421,1055,565,169,38,94,143,40,761,643,679,352,375
ybbW,9,3,6,12,8,15,11,10,12,6,34,57,49,29,19
ybbY,70,72,60,116,22,71,13,17,52,16,70,58,58,121,50
ybcF,6,7,4,13,4,5,2,2,1,0,35,11,27,26,12
ybcH,43,24,38,36,23,80,14,28,60,15,31,47,42,48,39
ybcI,44,67,30,40,39,13,2,8,12,6,26,23,24,37,15
ybcJ,214,275,139,146,191,51,17,24,40,9,9,23,16,21,20
ybcK,15,15,5,12,10,5,1,4,3,0,11,18,19,38,17
ybcL,35,12,4,3,3,40,7,21,27,11,34,34,34,26,27
ybcM,65,62,34,101,42,232,48,153,217,101,265,280,297,629,421
ybcN,2,1,0,0,0,0,0,1,0,0,12,11,10,2,7
ybcO,0,4,0,1,0,0,0,0,0,0,9,17,12,4,4
ybcV,0,0,0,2,0,0,0,0,1,0,0,5,3,4,2
ybcW,7,9,0,5,2,5,0,0,0,1,7,4,10,9,4
ybdD,426,533,358,442,394,84,31,39,52,40,49,51,42,107,52
ybdF,92,113,48,120,66,46,15,30,44,10,72,66,82,114,73
ybdG,214,263,131,214,202,265,78,117,187,107,193,214,228,217,160
ybdJ,71,79,51,242,50,129,21,86,77,22,63,74,66,145,84
ybdK,302,417,195,1785,221,1689,415,925,1315,546,746,680,745,1621,948
ybdL,91,92,47,77,72,18,4,6,18,4,61,84,74,55,38
ybdM,16,24,10,39,13,9,2,4,7,12,6,17,16,31,11
ybdN,10,16,3,35,13,21,4,22,10,10,34,25,18,17,15
ybdO,10,14,10,34,15,7,3,1,1,0,9,14,7,19,14
ybdR,102,146,51,434,98,189,49,106,108,63,535,492,553,281,319
ybdZ,78,96,50,125,71,78,16,34,35,16,14,10,23,7,4
ybeD,165,154,91,89,97,272,53,171,319,135,174,224,227,1656,504
ybeF,14,10,6,11,4,0,0,1,1,0,11,8,19,13,4
ybeL,411,378,205,1701,229,789,283,493,633,252,1028,1028,1172,2167,1230
ybeQ,12,15,12,4,7,14,9,6,7,11,36,28,41,45,25
ybeR,1,2,3,0,4,4,0,0,1,1,13,5,9,3,3
ybeT,0,3,0,5,2,4,0,0,3,0,2,5,13,3,8
ybeU,3,6,0,1,4,6,0,0,1,0,23,9,16,17,13
ybeY,349,386,188,668,302,498,111,249,283,116,473,557,520,1463,1064
ybeZ,858,939,559,1711,791,1219,344,742,938,445,1667,1645,1807,3632,2485
ybfA,5,6,0,6,5,142,46,79,129,33,11,26,12,90,24
ybfB,4,3,3,2,1,5,2,3,10,0,14,11,19,23,12
ybfC,2,6,3,6,6,7,1,9,7,6,26,19,25,61,33
ybfE,138,122,75,73,117,9,0,0,6,0,29,31,33,35,20
ybfF,309,271,146,308,237,58,13,49,56,23,84,121,125,133,126
ybfP,95,59,35,71,44,4,1,5,2,0,11,23,14,30,18
ybgA,142,196,88,617,87,196,50,91,147,54,145,202,191,485,284
ybgC,659,619,315,242,415,42,18,33,40,8,142,161,168,236,173
ybgD,3,4,6,2,1,9,2,2,7,0,11,15,6,25,7
ybgE,323,398,203,305,280,291,102,194,186,79,108,90,97,92,89
ybgI,349,390,181,793,263,140,40,78,84,40,236,285,249,305,240
ybgO,9,1,5,15,5,14,12,8,22,9,16,17,21,20,12
ybgP,1,1,8,1,0,7,0,0,4,0,10,1,4,4,2
ybgQ,13,16,6,15,6,4,5,0,4,0,43,23,41,6,12
ybgS,179,147,50,836,106,1494,460,826,1101,516,2260,2619,2691,4613,1769
ybgU,60,121,59,31,48,115,21,57,80,35,38,86,54,105,39
ybhA,115,197,93,117,144,33,6,21,16,5,84,87,95,86,68
ybhB,41,49,35,75,36,351,123,233,351,177,110,110,126,351,108
ybhC,227,213,75,186,162,61,22,36,37,25,172,156,183,177,167
ybhD,22,24,22,14,10,17,2,0,6,2,34,39,40,47,18
ybhF,172,299,125,1072,223,192,58,146,115,49,609,597,620,622,718
ybhH,3,2,3,9,5,0,0,1,5,0,44,42,51,25,15
ybhI,9,15,0,3,16,5,4,1,4,1,73,108,93,45,34
ybhJ,80,97,50,48,50,24,3,6,25,6,165,183,198,100,82
ybhL,300,303,188,789,250,3249,992,2174,2949,1229,1014,1027,1103,3090,1306
ybhM,23,25,21,51,23,29,10,6,24,2,66,58,57,93,47
ybhN,91,92,48,394,58,69,12,36,39,20,163,180,193,290,174
ybhP,84,171,55,455,73,166,35,97,123,56,689,726,711,1231,884
ybhQ,653,579,303,486,305,614,245,421,773,263,380,376,387,522,240
ybhR,29,56,33,194,55,68,13,39,52,26,33,35,37,50,27
ybhS,56,108,25,282,60,64,25,55,51,21,90,82,99,94,82
ybiA,32,29,24,39,29,20,6,5,16,6,25,33,34,27,32
ybiB,300,311,108,725,248,361,124,273,316,149,254,262,333,467,286
ybiE,40,22,17,40,30,3,0,2,4,0,11,2,12,13,3
ybiI,119,165,98,121,125,133,69,107,112,57,38,45,58,156,76
ybiJ,31,33,16,20,23,147,55,110,131,52,36,39,34,72,46
ybiO,116,130,73,399,74,253,73,171,162,90,163,195,206,297,216
ybiR,335,449,250,343,291,137,59,112,96,43,338,340,312,287,307
ybiT,1755,1859,938,1084,1604,252,68,107,167,68,419,415,509,288,310
ybiU,322,361,196,772,281,108,27,73,54,35,175,185,206,171,161
ybiV,103,130,85,186,114,59,17,57,47,33,202,236,275,313,180
ybiW,48,40,11,44,37,20,8,30,29,6,46,42,37,37,27
ybiX,409,548,301,305,414,11,6,10,13,10,48,24,34,26,29
ybiY,0,2,0,4,2,2,2,0,3,0,0,1,4,4,0
ybjC,46,55,5,36,44,11,7,12,7,6,45,47,68,68,33
ybjD,233,245,144,409,169,600,171,331,502,182,178,156,189,245,162
ybjG,498,629,302,694,580,25,14,22,23,10,166,176,196,155,98
ybjH,71,84,40,113,71,41,11,39,34,31,80,67,71,47,51
ybjI,163,190,139,306,144,84,22,59,63,43,203,201,187,92,159
ybjJ,209,299,126,268,208,123,48,86,94,51,454,413,469,343,431
ybjL,681,774,429,501,572,439,118,294,425,151,862,759,967,608,613
ybjM,33,30,17,38,21,34,9,30,42,15,37,47,64,60,37
ybjN,385,368,219,317,285,78,20,45,64,18,94,81,112,90,63
ybjO,91,100,52,102,78,18,4,3,7,5,125,122,149,136,86
ybjP,150,127,87,883,88,435,130,272,315,95,687,686,689,1994,1000
ybjQ,141,145,79,416,103,304,108,175,242,122,492,459,559,826,445
ybjS,387,498,243,281,384,58,9,13,16,9,86,70,123,46,40
ybjT,571,578,287,704,526,138,37,74,77,33,174,153,168,162,156
ybjX,1306,1343,763,2119,1294,470,117,302,293,115,1845,1796,1978,1437,995
ycaC,755,807,429,2784,417,246,89,123,209,119,206,266,273,279,141
ycaD,454,519,279,240,367,241,48,144,138,51,173,136,173,118,82
ycaI,66,98,49,120,58,65,17,43,50,19,713,697,661,318,366
ycaK,15,25,1,3,10,6,0,2,2,0,17,14,16,4,10
ycaL,38,40,27,44,29,14,8,14,17,11,35,52,62,61,61
ycaM,358,435,233,180,312,88,26,49,70,45,100,94,90,177,83
ycaN,19,17,13,44,19,11,6,5,17,11,62,66,56,74,45
ycaO,1439,1737,734,551,1312,35,19,33,32,13,161,152,177,100,108
ycaP,45,47,36,140,32,71,10,32,43,24,64,102,116,204,109
ycaQ,283,375,169,212,269,26,6,19,27,18,242,261,246,113,92
ycaR,171,219,128,239,172,63,19,27,51,13,68,87,54,48,30
ycbF,36,29,33,28,21,7,0,6,3,2,39,43,53,24,31
ycbJ,119,136,93,137,124,288,63,143,211,68,253,268,232,468,328
ycbU,27,21,10,22,13,5,3,0,7,2,41,16,24,17,15
ycbV,13,30,10,15,16,3,3,6,6,2,36,30,27,26,18
ycbX,393,562,302,556,384,68,12,37,63,25,139,115,110,123,98
ycbZ,1781,2215,1078,1639,1668,1746,555,1142,1410,601,692,752,864,1511,1107
yccA,3329,3432,1700,3407,2253,2197,606,1416,2348,804,1327,1360,1632,2323,1322
yccE,13,15,4,7,3,2,0,4,5,0,12,12,13,18,7
yccF,79,104,31,42,61,14,3,10,13,9,37,51,73,57,29
yccJ,298,255,178,1766,178,4989,1578,3054,3701,1806,1484,1477,1557,3412,1822
yccM,24,16,19,19,5,13,1,7,10,4,54,51,85,55,42
yccS,389,512,231,252,352,99,29,52,53,27,142,153,178,203,142
yccT,57,84,47,182,54,101,34,57,61,53,228,262,270,506,295
yccU,222,244,126,639,161,1665,596,882,983,386,382,396,467,1465,570
yccX,23,41,15,64,17,172,67,86,97,40,104,112,113,288,125
ycdU,5,13,11,2,6,5,6,13,16,2,109,117,108,102,93
ycdX,484,587,294,722,469,118,28,84,103,29,410,372,389,336,303
ycdY,449,621,315,574,447,84,19,25,67,23,283,307,270,272,276
ycdZ,465,517,248,299,368,288,98,181,260,93,215,206,217,250,196
yceB,274,234,110,230,166,137,53,117,193,72,302,277,360,416,247
yceD,8822,9339,4431,4489,7711,570,150,377,605,251,1748,1844,1993,1656,1442
yceF,331,237,145,389,172,373,144,265,375,164,433,411,479,674,386
yceG,253,289,148,247,203,39,12,30,44,13,364,356,395,246,340
yceH,293,444,189,585,278,203,61,121,134,50,242,271,300,316,270
yceI,197,174,105,260,169,7,7,5,3,1,72,78,55,40,46
yceJ,41,17,17,55,32,3,0,3,0,1,65,48,69,41,34
yceK,37,57,25,22,20,6,7,4,4,0,8,3,6,6,5
yceM,477,593,305,833,521,267,78,153,183,65,460,364,431,593,454
ycfH,673,641,314,1027,451,1972,544,1073,1245,502,1019,1021,1064,3498,1531
ycfJ,103,45,28,115,46,271,73,101,200,72,230,244,262,120,102
ycfL,385,509,217,1295,306,288,71,169,230,112,791,722,862,1362,1069
ycfP,396,527,204,952,260,510,142,263,272,117,612,639,728,1170,506
ycfT,9,0,3,2,5,2,1,1,1,5,14,10,14,7,0
ycfZ,26,15,2,5,13,0,1,1,1,1,9,12,11,2,3
ycgB,721,745,391,3994,433,7017,1965,4482,5429,2469,1210,1211,1268,3827,1740
ycgJ,33,57,26,54,27,7,1,5,7,4,51,53,48,35,34
ycgM,274,352,171,485,298,287,70,215,271,97,311,338,399,497,345
ycgN,159,152,84,206,110,367,106,164,229,129,119,118,113,155,74
ycgR,253,236,129,343,256,13,9,10,8,11,1117,1055,1208,567,607
ycgV,132,143,44,139,98,54,15,39,39,19,183,203,239,185,121
ycgX,29,12,6,16,9,0,0,0,0,1,24,17,26,25,32
ycgY,27,16,18,54,13,123,29,89,101,53,140,132,134,220,169
ycgZ,12,8,3,36,9,35,7,32,21,7,1104,1370,1313,2843,1051
ychE,71,117,72,70,51,22,2,6,7,11,85,109,81,134,97
ychF,1355,1551,785,1055,1248,424,113,312,364,201,618,616,672,614,591
ychH,241,213,154,293,132,8926,2859,4930,8525,3522,578,713,726,4414,1386
ychJ,285,360,161,224,192,28,8,12,14,16,41,31,55,45,50
ychN,113,108,80,137,69,43,13,19,26,16,33,29,28,73,38
ychO,109,118,46,191,82,31,4,19,15,2,307,282,285,188,238
yciA,64,91,53,38,52,13,0,2,9,6,13,32,47,47,33
yciB,355,452,194,238,329,667,229,427,469,236,312,295,382,676,353
yciC,514,554,266,321,424,490,182,401,412,159,271,246,238,333,180
yciE,74,62,30,214,30,366,105,270,317,118,381,458,433,531,461
yciF,54,33,26,192,17,482,150,293,365,143,894,787,862,907,676
yciG,21,23,10,59,7,894,145,414,538,232,370,391,457,1114,520
yciH,127,151,119,55,130,13,1,6,2,1,34,30,54,21,13
yciI,160,136,91,236,98,14,5,10,13,2,22,35,54,89,52
yciK,368,444,259,482,343,97,21,56,68,37,114,102,113,154,109
yciN,204,189,123,194,157,170,58,140,180,57,89,112,127,202,74
yciO,257,285,128,436,193,322,107,213,255,122,615,562,696,1509,711
yciQ,125,158,94,223,111,122,35,75,70,35,270,231,247,395,300
yciT,863,771,440,715,577,37,19,22,30,18,443,386,436,405,369
yciU,163,162,66,189,114,167,39,99,179,73,175,226,203,375,259
yciW,748,1217,678,84,814,22,4,8,11,7,260,258,294,248,266
yciX,154,161,68,143,80,27,6,32,20,9,22,22,22,35,27
yciY,116,88,66,67,91,35,8,23,22,9,19,24,19,47,36
yciZ,192,181,85,191,91,7,9,15,7,5,66,79,94,86,51
ycjD,59,80,28,53,50,28,4,4,16,13,22,14,20,23,14
ycjF,134,189,100,214,175,97,30,60,59,30,345,358,347,811,698
ycjG,466,598,318,654,451,351,89,237,273,174,873,854,891,1011,780
ycjM,25,36,7,28,29,1,0,6,5,2,1030,1050,981,671,849
ycjN,22,13,10,13,23,0,1,4,2,0,495,388,448,82,138
ycjO,14,15,21,17,14,2,1,7,1,0,245,238,249,43,65
ycjP,4,24,8,18,8,0,0,0,0,0,160,171,167,34,51
ycjQ,38,59,12,45,44,3,1,0,2,0,278,273,335,46,53
ycjR,33,44,21,20,24,3,3,2,0,0,175,173,168,20,30
ycjS,44,52,52,38,33,9,5,1,1,2,244,257,251,26,52
ycjT,55,58,35,59,47,6,2,3,9,5,297,334,364,41,62
ycjW,179,112,62,101,103,2,0,5,3,0,47,59,64,47,18
ycjX,147,206,109,248,172,113,38,62,116,46,500,448,481,1199,1061
ycjY,44,72,27,137,41,12,8,14,17,2,65,78,88,110,54
ydaE,0,0,0,1,1,1,0,8,1,7,0,1,3,3,1
ydaF,12,4,0,2,9,35,9,16,41,14,24,22,17,28,27
ydaN,3,1,0,0,0,0,0,0,0,0,3,1,2,0,3
ydaS,20,1,6,11,12,24,6,20,22,3,47,62,64,199,105
ydaT,8,18,4,14,6,50,11,21,23,19,90,72,59,264,91
ydaU,39,28,21,56,23,109,31,43,56,32,89,138,156,284,220
ydaV,22,20,16,31,6,66,19,43,27,20,90,109,100,246,182
ydaY,33,24,16,13,21,8,4,21,6,1,176,146,130,73,80
ydbD,92,90,58,96,75,65,12,22,26,37,421,463,485,350,320
ydbH,542,573,330,553,430,120,43,102,118,67,152,146,157,186,126
ydbJ,563,609,285,778,417,143,45,75,101,33,495,493,546,736,447
ydbL,86,77,73,81,69,84,9,15,29,13,43,44,45,98,43
ydcA,44,56,46,43,43,42,3,9,23,13,73,69,74,121,52
ydcD,3,4,3,6,6,1,0,8,0,3,7,3,3,7,7
ydcF,332,259,148,367,247,212,35,91,150,74,214,219,244,264,212
ydcH,87,93,62,76,81,120,42,82,140,70,18,20,20,36,20
ydcI,3805,3895,1856,2938,2682,123,35,80,99,71,504,476,600,547,465
ydcJ,1727,1905,978,5677,1207,1151,320,674,751,408,192,187,241,319,179
ydcK,101,59,32,364,47,289,70,147,176,65,210,208,174,558,262
ydcL,830,987,480,1682,587,2210,671,1020,1468,758,574,614,664,1028,475
ydcO,164,182,87,107,129,27,10,32,38,13,79,85,91,125,74
ydcR,507,542,284,408,401,119,42,67,78,37,692,678,744,693,668
ydcS,3805,4395,2280,11725,2446,738,225,452,709,327,360,395,451,671,400
ydcT,1909,2619,1281,4877,1394,228,67,152,232,91,130,122,123,152,115
ydcU,1060,1389,673,2109,715,187,50,136,170,55,80,45,59,40,35
ydcV,1763,2086,980,3944,1239,95,21,32,73,24,17,23,16,25,11
ydcY,201,198,114,146,109,93,35,59,102,25,261,242,305,595,283
ydcZ,155,164,69,169,104,19,5,22,31,15,85,108,109,107,104
yddA,20,35,10,24,20,2,0,1,2,1,45,62,75,29,27
yddB,94,90,39,46,45,11,2,2,7,1,60,70,71,23,31
yddE,492,411,236,522,315,53,11,47,36,10,400,358,355,325,295
yddG,66,76,30,39,63,9,1,5,12,0,70,62,54,51,39
yddH,43,70,43,197,36,118,34,81,109,35,131,142,164,400,217
yddM,200,212,91,378,140,1148,344,663,997,418,343,373,450,452,372
ydeA,59,81,32,46,53,64,13,16,33,21,104,107,97,100,107
ydeE,535,681,315,658,414,134,28,99,110,39,133,137,151,199,121
ydeI,33,58,18,236,22,1131,319,663,1161,366,485,548,596,1032,511
ydeJ,76,43,15,112,27,433,125,255,348,199,725,766,781,1147,701
ydeM,49,58,23,36,29,8,1,4,1,2,27,12,30,16,12
ydeN,431,453,244,1044,264,18,3,7,16,4,41,35,42,37,22
ydeO,1,2,1,5,11,5,4,5,13,1,28,14,27,32,21
ydeP,87,108,50,63,53,97,26,40,74,20,522,522,589,427,482
ydeQ,1,8,5,5,6,4,1,1,8,0,91,96,97,53,50
ydeR,1,7,3,15,0,4,1,3,0,0,89,76,96,50,51
ydeS,9,5,3,5,5,3,3,1,8,2,124,119,117,52,68
ydfA,3,3,0,5,7,11,5,7,11,0,9,16,21,39,24
ydfB,2,6,0,1,8,4,1,2,5,0,9,13,13,33,18
ydfC,8,6,4,11,2,10,20,13,18,7,33,52,38,114,55
ydfD,5,1,0,1,5,1,0,0,3,1,2,5,12,2,7
ydfG,1496,1503,867,2576,1211,385,96,215,328,160,852,788,840,924,494
ydfI,37,27,21,45,30,41,4,13,18,6,380,376,337,214,221
ydfK,533,667,405,228,541,35,3,17,21,9,182,206,250,349,154
ydfO,0,1,0,0,0,0,0,0,0,0,1,6,0,1,0
ydfR,12,2,1,11,5,3,0,2,1,0,12,17,19,16,13
ydfT,35,34,24,41,20,11,0,16,2,3,69,50,52,59,36
ydfU,16,25,22,9,23,4,0,4,1,0,131,105,116,35,33
ydfV,7,1,3,7,4,3,2,1,2,2,4,2,9,10,4
ydfW,8,4,6,7,5,15,4,7,6,3,42,25,43,96,58
ydfZ,21,36,16,4,20,5,3,3,0,1,16,10,14,17,4
ydgA,2930,3229,1564,8731,2417,2724,749,1708,2351,1149,5035,5034,5432,9117,5906
ydgC,194,245,128,143,133,18,8,16,30,9,63,51,71,78,63
ydgD,455,448,238,1146,296,1011,279,524,876,338,2214,2083,2434,5056,3119
ydgH,1376,1347,660,1265,1121,92,24,48,76,29,202,262,226,221,141
ydgI,456,615,257,240,466,178,39,92,129,33,433,402,462,502,396
ydgJ,1297,1636,816,1922,1272,1042,313,629,898,419,223,199,227,308,175
ydgK,279,318,202,175,240,34,17,27,23,12,305,290,298,375,276
ydgT,82,85,34,30,54,3,0,7,5,4,42,102,67,81,39
ydgU,2,8,4,9,2,0,0,0,0,0,0,0,2,7,0
ydhF,618,715,317,1202,514,677,156,401,531,242,536,508,533,934,637
ydhI,61,58,19,28,40,13,3,12,13,7,71,73,75,48,20
ydhJ,191,195,94,154,155,46,10,24,26,5,140,160,175,67,73
ydhK,279,340,173,219,231,50,14,36,36,12,142,119,160,91,95
ydhL,29,25,24,99,28,69,28,44,67,28,114,112,118,285,127
ydhP,259,293,144,223,289,105,41,52,67,18,282,298,306,274,238
ydhQ,1052,1104,600,2586,678,970,280,496,450,258,1888,2007,2093,3699,2230
ydhR,330,251,154,342,164,86,28,74,116,46,183,218,265,311,148
ydhS,255,306,174,1206,180,392,133,242,350,156,415,444,448,793,379
ydhT,40,60,23,84,26,3,3,3,5,4,41,64,65,22,37
ydhU,27,53,22,54,39,14,1,8,16,0,60,51,63,27,24
ydhV,56,45,40,68,31,22,8,8,6,2,60,93,79,56,56
ydhW,42,23,15,50,28,16,2,8,12,0,48,40,60,45,48
ydhX,19,25,17,35,18,5,0,9,2,0,49,62,63,36,37
ydhY,8,10,6,16,6,2,0,0,0,0,58,44,62,31,42
ydiB,40,27,7,21,19,5,1,1,0,2,61,62,82,40,49
ydiF,17,17,11,28,10,7,4,11,3,0,50,44,58,18,22
ydiH,163,199,84,139,112,78,17,37,58,31,48,45,67,66,44
ydiJ,4637,6168,3084,5109,4969,150,37,69,84,26,125,171,176,144,134
ydiK,698,838,390,1283,571,739,217,494,543,226,1037,1034,1155,1467,1028
ydiL,5,3,6,9,4,6,0,2,4,2,3,10,4,6,4
ydiM,10,8,17,9,16,3,0,5,7,0,22,18,12,16,3
ydiN,13,8,7,12,16,6,2,7,10,3,77,62,95,88,64
ydiO,20,18,18,30,26,11,3,6,6,4,70,52,57,22,32
ydiP,38,33,15,45,21,26,9,19,28,10,23,17,24,39,20
ydiQ,9,5,11,15,8,10,3,2,12,1,25,34,21,10,24
ydiR,18,34,31,59,19,22,4,21,17,14,74,64,70,78,76
ydiS,48,36,19,50,21,13,3,7,4,8,38,36,33,18,22
ydiT,4,4,0,0,3,4,0,0,2,1,6,4,6,3,0
ydiV,231,208,115,292,145,63,13,33,55,24,165,179,209,249,173
ydiY,697,575,275,217,362,11,1,8,6,6,49,43,53,48,33
ydjA,850,1006,505,1069,753,197,67,134,130,56,280,215,280,298,213
ydjE,69,76,38,44,72,30,8,10,35,4,162,149,168,117,119
ydjF,100,83,37,75,88,25,12,21,35,19,130,129,129,123,65
ydjG,96,91,57,90,50,30,10,14,37,13,152,104,136,75,51
ydjH,50,36,42,48,46,9,0,3,14,2,59,67,82,22,40
ydjI,36,79,48,71,61,21,4,6,25,2,77,64,82,57,49
ydjJ,72,66,23,78,42,19,1,8,6,4,47,33,43,21,13
ydjK,41,54,44,23,54,5,2,3,3,9,16,13,32,19,13
ydjL,72,86,36,82,92,6,5,2,8,2,24,17,30,30,31
ydjM,150,160,72,124,109,101,24,65,87,37,331,402,380,848,500
ydjO,4,3,0,0,1,0,0,2,0,0,18,17,18,12,6
ydjX,15,15,9,14,17,1,0,0,3,2,10,15,13,9,6
ydjY,7,11,16,22,12,11,2,4,6,4,23,28,35,29,26
ydjZ,44,40,13,65,30,31,12,24,19,21,48,59,57,150,67
yeaC,997,1071,478,942,727,145,46,117,115,86,139,116,137,225,148
yeaD,628,759,381,1261,559,51,9,22,25,20,320,302,299,494,369
yeaE,414,447,224,447,328,79,41,57,114,33,132,107,131,141,95
yeaG,3468,4444,2251,21538,2631,24222,7018,15248,16379,7223,5458,5414,5929,13459,6574
yeaH,1091,1107,642,6403,735,4895,1315,2936,3329,1348,510,554,499,1456,650
yeaK,189,211,89,137,121,34,3,22,11,12,110,106,98,68,58
yeaL,51,93,43,66,60,5,1,3,3,1,68,58,65,33,35
yeaO,52,66,26,148,45,49,14,17,39,29,116,123,123,156,77
yeaQ,92,118,42,341,37,234,49,119,180,75,362,427,475,1584,757
yeaR,18,12,3,3,6,3,1,0,15,2,46,53,48,35,25
yeaW,53,72,17,21,48,5,1,0,3,5,19,39,23,26,22
yeaX,59,53,23,20,39,20,5,3,25,1,39,50,46,36,25
yeaY,839,923,396,392,537,1133,351,642,1083,439,707,737,764,407,236
yebB,13,15,3,4,7,5,3,1,2,1,21,31,15,15,21
yebC,1737,1979,920,1356,1596,213,69,114,133,77,411,427,422,471,371
yebE,176,224,105,235,122,210,64,124,156,99,1091,1092,1205,894,657
yebF,2305,2168,1155,3359,1457,417,140,342,376,186,4185,3957,4485,7754,5457
yebG,686,903,473,528,593,433,128,226,384,137,1689,1690,1956,4752,3010
yebO,1823,1715,1045,2403,1410,148,46,65,160,62,258,285,300,575,285
yebQ,106,193,79,73,108,24,12,13,17,8,70,46,49,32,25
yebS,347,360,207,499,268,233,62,80,180,61,277,336,303,498,312
yebT,1409,1552,766,2182,1051,305,82,189,189,99,526,459,531,333,343
yebV,800,627,368,1152,407,1404,337,627,967,364,580,588,633,1671,696
yebW,84,110,40,167,77,181,79,124,236,91,175,170,197,385,212
yebY,195,160,131,154,139,53,13,31,55,29,274,299,326,233,226
yecA,1140,1040,551,1469,864,382,123,231,302,179,362,311,380,387,277
yecC,842,1177,574,1638,956,856,218,561,707,305,974,935,995,879,878
yecD,285,241,92,436,178,37,21,23,27,11,113,143,151,101,80
yecE,263,301,140,400,183,28,7,20,15,5,48,43,38,32,29
yecF,35,35,24,15,40,4,0,5,2,0,48,21,25,49,19
yecH,0,12,0,8,2,254,69,109,189,82,68,78,106,413,109
yecJ,190,176,121,103,154,16,3,9,9,0,111,93,119,77,54
yecM,148,254,100,199,164,114,39,74,89,40,169,136,180,103,116
yecN,267,281,115,341,176,38,28,46,53,23,321,334,373,631,311
yecR,1316,1248,652,981,981,0,0,4,1,0,44,31,33,17,14
yecT,23,38,9,2,35,3,1,1,2,1,3,12,12,5,0
yecU,0,0,0,0,0,0,0,0,0,0,1,0,0,0,0
yecV,17,24,13,13,16,3,2,2,3,0,23,26,19,6,4
yedA,167,154,101,161,146,11,4,12,14,2,62,54,51,82,45
yedD,421,364,173,493,233,133,38,77,76,40,228,258,311,427,218
yedE,237,271,137,71,185,41,11,35,42,20,188,137,205,56,51
yedF,41,29,20,13,26,9,4,7,6,7,27,21,32,11,21
yedI,480,403,201,771,304,1359,448,776,934,367,740,639,734,1481,1126
yedJ,250,226,95,228,144,167,69,106,179,74,1772,1722,1760,2103,1835
yedK,23,34,21,85,16,66,10,21,58,17,155,157,153,265,150
yedL,29,23,12,42,15,20,9,31,24,7,48,61,61,86,80
yedP,169,177,97,647,133,1485,357,935,1267,512,1011,982,1031,2669,1686
yeeA,531,744,374,963,514,496,98,231,337,145,885,862,1075,1561,1233
yeeJ,391,390,186,580,291,158,40,114,121,43,395,305,337,331,258
yeeN,519,542,281,431,350,31,11,8,22,19,66,95,69,115,75
yeeO,207,267,126,309,158,840,299,544,517,239,716,690,777,767,519
yeeR,48,39,41,38,39,23,5,10,6,4,34,46,50,28,28
yeeS,1,5,3,9,6,3,1,0,0,0,13,14,15,9,5
yeeT,0,0,0,0,0,0,0,0,0,0,5,1,3,2,6
yeeW,22,5,2,2,2,0,0,0,12,0,1,9,4,8,10
yeeY,223,252,121,346,163,2007,597,1155,1424,658,552,587,603,1221,843
yeeZ,1018,1034,574,1289,807,1594,468,994,1218,480,1980,1828,2009,3770,2645
yefM,105,127,46,93,81,175,45,97,103,31,275,307,263,466,285
yegD,157,179,112,94,190,13,2,11,2,4,183,188,228,90,100
yegH,329,380,206,666,251,804,273,573,607,216,578,558,623,827,534
yegI,58,66,33,39,60,33,7,15,16,7,82,93,83,70,99
yegJ,4,9,7,12,3,5,1,3,4,1,16,34,28,44,21
yegL,27,40,11,14,19,9,1,3,2,0,21,30,46,27,18
yegP,293,184,114,642,116,605,234,356,677,291,1034,1136,1243,2700,1213
yegQ,833,871,457,471,873,423,107,234,282,134,1847,1755,1847,2598,2266
yegR,5,11,5,23,5,5,6,5,7,5,12,28,35,28,18
yegS,292,293,159,978,165,543,163,280,312,132,911,969,964,3121,1585
yegT,126,142,75,93,101,51,14,23,37,10,33,39,34,38,13
yegU,160,159,116,145,163,25,11,14,23,7,41,36,32,25,16
yegV,175,233,89,134,159,28,13,10,35,5,46,43,37,23,26
yegW,135,204,120,187,164,35,10,17,15,17,110,134,140,157,106
yegX,45,38,28,38,25,25,3,25,18,7,19,35,44,19,10
yehA,5,1,4,5,0,17,3,18,23,12,29,27,24,22,12
yehB,15,20,8,31,8,21,5,10,11,5,50,53,49,50,30
yehC,1,2,0,0,2,0,0,0,0,0,4,1,5,0,0
yehD,0,1,0,0,0,2,0,0,0,0,1,1,4,3,0
yehE,99,78,72,273,53,123,34,44,83,34,122,146,175,346,141
yehI,82,84,44,91,62,9,4,18,12,4,62,38,50,30,26
yehK,5,1,0,7,4,0,0,0,0,0,7,4,4,4,5
yehL,9,7,1,6,11,0,0,0,1,2,14,12,14,10,11
yehM,37,53,20,42,35,15,2,8,7,9,71,51,63,57,37
yehP,15,10,8,12,22,10,1,6,5,0,7,12,30,22,19
yehR,10,7,1,22,13,22,3,28,24,8,26,14,16,30,18
yehS,686,670,335,354,490,163,45,104,174,74,207,240,250,308,251
yehW,233,305,153,615,161,55,14,40,75,17,247,178,221,172,177
yehX,233,286,147,587,151,76,16,27,47,28,209,263,223,260,272
yehY,395,518,267,1444,320,171,39,80,103,31,784,600,685,774,880
yeiB,764,806,431,964,660,26,2,16,33,18,96,82,95,47,38
yeiG,649,647,363,1117,571,104,21,63,79,27,135,100,160,193,179
yeiH,199,176,88,156,172,143,65,105,91,55,120,128,145,187,123
yeiI,325,386,141,530,281,31,7,9,16,4,118,135,167,131,104
yeiL,7,13,14,29,7,6,2,5,2,0,9,13,21,13,14
yeiP,743,696,360,316,572,23,7,15,20,4,120,141,154,110,76
yeiQ,657,704,370,531,565,139,44,85,101,35,220,247,269,299,221
yeiR,306,411,182,499,240,14,11,16,25,4,267,202,309,162,154
yeiS,15,41,9,9,5,8,1,2,5,0,6,5,5,11,3
yeiW,132,90,47,32,73,2,0,6,0,0,10,26,19,23,13
yejA,475,500,240,587,369,80,26,57,94,38,221,219,252,338,239
yejB,236,201,154,252,164,20,0,15,13,3,28,33,27,15,20
yejE,161,231,157,255,148,12,4,11,23,2,23,44,41,28,15
yejF,462,564,361,759,469,52,10,32,20,3,32,40,35,31,20
yejG,954,1055,535,1483,669,1639,452,901,1497,582,1633,1644,1721,5500,2554
yejK,884,998,504,556,867,108,24,85,92,27,304,292,330,279,258
yejL,311,355,125,210,216,55,24,41,50,22,119,151,123,249,86
yejM,2407,2699,1326,1380,1882,437,123,279,330,150,397,383,440,739,476
yfaA,73,111,54,62,69,12,4,20,19,2,76,62,74,29,28
yfaE,154,201,89,357,152,17,4,6,16,3,44,38,60,47,31
yfaL,388,402,247,433,313,124,36,58,85,46,518,457,457,269,279
yfaP,40,27,7,30,11,36,20,16,33,20,58,48,48,38,24
yfaQ,54,75,32,58,47,20,1,8,20,7,153,129,126,27,45
yfaT,5,8,5,10,3,1,0,1,1,0,17,20,5,9,5
yfaU,71,57,31,77,47,21,7,8,10,1,26,29,33,19,25
yfaV,46,84,58,89,64,18,7,15,24,17,55,44,61,25,44
yfaX,12,6,4,22,18,33,4,17,20,18,7,3,15,6,2
yfaY,471,527,297,871,378,277,88,170,194,94,621,624,673,835,608
yfaZ,92,100,62,139,89,28,3,9,23,10,54,39,66,43,44
yfbK,7,18,5,20,21,10,7,1,25,7,54,37,36,41,26
yfbL,10,5,1,13,7,0,4,3,1,0,18,13,15,10,26
yfbM,8,7,7,8,6,1,3,4,1,3,14,11,9,14,7
yfbN,7,0,6,3,5,0,0,2,1,0,26,21,20,32,15
yfbO,8,6,2,12,8,7,0,0,0,0,6,15,12,22,4
yfbP,30,46,23,38,33,20,5,14,30,14,54,50,94,55,44
yfbR,241,222,107,258,137,18,16,13,26,27,76,68,57,69,37
yfbS,429,536,239,500,365,130,44,88,76,37,385,316,395,236,172
yfbU,409,552,279,720,398,315,106,249,313,175,529,497,474,514,421
yfbV,411,409,213,388,267,2231,654,1248,2027,749,816,811,844,1754,997
yfcA,576,796,390,434,555,13,5,13,19,8,81,87,92,64,67
yfcC,22,36,19,22,41,7,0,5,2,2,95,119,124,50,63
yfcD,724,698,340,1330,599,119,53,70,104,32,312,338,311,371,317
yfcE,589,584,325,1252,487,152,41,93,112,79,378,371,379,402,304
yfcF,379,496,198,1368,276,171,45,110,133,54,419,416,427,536,420
yfcG,90,119,63,476,61,401,131,232,298,137,398,467,434,893,462
yfcH,1160,1260,606,1814,879,1367,403,839,986,468,1718,1548,1885,2209,1633
yfcJ,147,159,108,76,138,11,1,2,5,1,186,188,177,57,95
yfcL,300,395,179,197,286,7,4,1,4,6,61,48,39,43,29
yfcO,358,361,180,378,256,533,136,322,394,152,364,301,394,496,295
yfcP,24,19,6,20,9,8,5,3,2,0,28,21,11,6,13
yfcQ,1,8,6,5,3,2,0,1,4,0,9,11,19,4,8
yfcR,4,13,2,6,2,0,1,0,0,0,18,10,17,10,7
yfcS,3,21,0,9,4,2,1,1,2,0,29,24,34,15,7
yfcV,4,2,6,2,0,3,0,3,1,7,36,43,44,30,12
yfcZ,252,155,90,206,121,575,175,339,623,242,197,203,222,393,137
yfdC,89,81,56,519,79,265,90,164,217,87,257,258,262,334,213
yfdE,24,25,7,42,24,170,42,91,187,51,183,170,240,436,224
yfdF,15,15,15,28,12,4,2,3,0,1,8,5,9,18,6
yfdG,419,437,239,268,344,2,1,1,1,0,52,47,40,51,36
yfdH,989,946,525,614,721,15,3,8,2,3,92,84,93,74,60
yfdI,747,786,401,495,543,3,0,0,6,0,2,1,5,1,3
yfdK,11,17,6,3,2,4,2,9,9,0,27,19,35,25,17
yfdN,3,0,1,4,3,0,0,0,2,0,22,9,8,0,2
yfdP,6,1,2,6,7,3,2,1,1,1,2,2,0,2,4
yfdQ,34,23,21,40,17,1,0,10,9,2,14,23,10,3,14
yfdR,0,0,5,0,0,0,0,0,0,0,7,5,7,2,0
yfdS,1,0,0,4,1,1,0,0,0,0,1,10,6,3,0
yfdT,0,0,1,0,4,0,0,0,0,0,3,2,0,3,2
yfdV,20,28,9,16,15,35,15,19,24,5,143,135,144,126,113
yfdX,6,19,7,5,6,6,5,17,2,3,92,90,114,159,117
yfdY,42,51,22,97,30,206,70,93,134,55,271,304,333,1296,461
yfeC,179,215,113,158,162,78,19,55,71,21,16,13,23,26,18
yfeD,308,336,132,234,209,114,60,87,116,58,23,28,34,40,27
yfeH,302,292,144,265,226,317,100,170,236,83,165,128,166,277,188
yfeK,75,75,29,50,29,11,1,2,5,3,44,52,35,32,25
yfeN,24,36,13,14,19,47,9,9,47,8,75,55,57,99,62
yfeO,94,153,81,300,79,154,37,66,96,41,417,429,437,517,414
yfeR,46,72,18,70,56,34,22,28,33,15,230,179,231,171,107
yfeS,218,171,92,89,73,11,8,11,15,8,142,122,156,57,34
yfeX,808,977,473,744,654,170,67,100,179,83,942,869,981,660,650
yfeY,621,677,376,394,374,52,8,32,52,25,1024,901,1134,892,698
yfeZ,251,252,139,280,187,66,20,46,51,15,560,518,635,614,593
yffB,60,101,27,192,68,10,6,12,10,12,65,76,75,68,52
yffL,49,27,9,18,19,16,12,18,17,8,8,8,10,30,11
yffM,11,6,4,7,7,9,0,4,5,1,8,9,9,17,7
yffN,1,0,8,18,5,2,1,4,5,1,7,18,10,4,7
yffO,8,7,6,32,2,13,2,7,9,0,13,39,24,27,13
yffP,29,13,17,43,19,55,5,15,19,11,68,69,70,59,52
yffQ,0,0,0,0,3,2,0,3,1,1,2,0,2,4,7
yffR,27,10,5,13,10,53,8,13,7,8,31,26,9,86,33
yffS,293,234,126,403,196,87,26,68,70,30,82,55,103,107,66
yfgG,419,337,219,465,237,82,36,74,70,25,103,115,126,322,122
yfgH,15,13,4,9,8,10,3,8,8,6,49,36,58,31,25
yfgI,19,8,11,32,10,102,40,92,104,55,72,72,79,134,68
yfgJ,175,193,98,161,140,33,15,20,14,7,249,271,227,164,151
yfgM,1887,2232,1150,1489,1698,166,43,104,144,37,669,656,729,564,552
yfgO,432,577,331,460,455,369,121,268,299,89,239,258,282,241,245
yfhH,271,340,121,168,187,100,29,77,81,18,585,597,733,625,493
yfhL,54,53,30,16,56,35,13,16,14,2,101,85,89,70,68
yfhM,1902,2521,1174,2886,1754,2008,568,1246,1545,607,1338,1401,1390,1718,1230
yfhR,50,23,11,8,29,3,0,8,0,4,19,18,16,10,12
yfhb,417,537,272,1143,414,224,84,156,191,68,533,475,500,582,424
yfiB,145,96,82,132,102,8,4,15,3,1,33,43,47,33,24
yfiE,157,160,91,167,133,108,26,80,68,43,201,186,199,233,204
yfiF,1335,1469,711,1194,1206,207,69,156,163,44,860,844,908,674,595
yfiH,989,1106,597,1039,742,220,60,121,109,56,512,442,494,416,450
yfiL,15,24,4,93,11,76,14,38,50,36,76,81,101,237,96
yfiM,54,37,38,70,40,21,2,9,3,5,13,21,15,23,19
yfiR,145,120,69,118,93,52,9,15,51,11,84,75,99,128,74
yfjD,850,956,470,614,642,41,16,39,32,25,246,231,280,180,194
yfjF,172,191,87,141,127,27,7,10,27,7,49,42,51,33,24
yfjH,92,72,35,33,56,8,4,7,9,10,24,22,15,12,16
yfjI,11,25,13,14,13,6,3,8,7,3,31,26,19,20,14
yfjJ,8,13,2,0,3,8,2,6,3,5,4,16,14,19,20
yfjM,8,7,2,10,4,0,3,2,1,0,5,8,4,7,10
yfjP,37,45,17,116,23,91,19,52,58,23,157,218,199,279,211
yfjQ,22,27,6,13,12,9,0,2,1,0,49,39,54,28,45
yfjR,9,3,1,8,3,0,0,0,0,0,19,9,18,12,14
yfjS,3,7,2,9,6,1,0,0,0,0,12,8,10,5,7
yfjT,47,24,10,22,14,10,7,1,7,2,41,54,45,26,15
yfjW,191,225,136,204,161,29,2,14,21,5,14,16,18,37,7
yfjX,0,0,0,0,0,0,0,0,0,0,1,3,2,0,0
yfjY,6,0,3,0,0,0,0,2,0,0,0,1,0,1,4
yfjZ,3,4,1,4,1,3,0,0,0,0,1,3,2,2,3
ygaC,44,64,29,72,15,51,26,40,51,24,154,154,192,334,162
ygaH,294,263,127,205,180,4,2,1,6,0,13,8,20,7,10
ygaM,618,563,289,2675,351,3070,975,1515,1963,980,736,855,885,3753,1154
ygaP,86,63,49,154,58,48,9,29,35,23,70,73,93,105,51
ygaV,15,37,11,26,14,7,5,5,21,7,28,18,17,14,14
ygaZ,725,799,465,647,502,32,5,9,11,1,110,94,89,30,45
ygbA,61,29,26,37,43,16,16,23,22,15,108,143,153,228,145
ygbE,106,194,152,195,101,14,7,16,11,5,129,158,167,102,92
ygbI,202,239,127,213,179,149,49,107,155,76,166,167,172,227,139
ygbJ,25,28,14,45,24,121,33,62,50,19,118,88,140,198,70
ygbK,46,51,47,88,45,74,24,58,48,29,239,235,269,118,78
ygbL,24,26,9,30,13,32,5,10,10,3,69,88,79,37,8
ygbM,36,32,26,54,44,17,1,15,18,3,72,63,70,40,30
ygbN,22,31,16,51,27,61,14,37,49,28,85,96,109,119,67
ygcE,59,69,33,62,53,18,7,16,33,1,16,46,39,36,21
ygcG,8,16,5,4,1,4,0,2,2,1,13,6,13,18,6
ygcN,151,190,49,56,129,11,4,8,4,8,46,52,56,31,31
ygcO,10,12,1,7,5,0,1,0,1,2,4,8,0,3,6
ygcP,22,20,14,18,21,1,4,2,0,0,12,7,17,10,10
ygcQ,17,37,27,49,24,4,4,1,4,0,41,50,54,32,12
ygcR,24,26,8,56,22,1,4,0,2,0,50,43,31,17,18
ygcS,23,23,25,33,16,11,2,3,2,2,66,61,52,38,28
ygcU,46,55,37,71,37,22,0,7,8,13,64,36,43,23,37
ygcW,7,17,5,19,9,0,0,0,3,0,5,7,2,4,3
ygdB,32,67,41,44,51,13,3,6,5,5,40,29,37,22,28
ygdD,164,189,121,152,161,86,24,58,55,20,238,187,222,170,121
ygdI,193,192,125,789,135,249,83,111,198,81,744,841,913,1053,505
ygdQ,311,371,179,196,248,127,49,79,86,43,150,190,216,230,183
ygdR,273,244,165,634,161,285,75,163,236,110,231,248,324,996,286
ygdT,3,0,0,5,3,0,0,0,0,0,0,3,1,1,0
ygeA,136,229,116,209,139,13,6,20,18,6,67,92,75,81,51
ygeG,0,0,0,0,0,0,0,0,0,0,2,3,0,7,0
ygeH,7,0,0,0,1,1,0,2,0,0,1,7,3,3,0
ygeI,3,5,1,3,0,0,0,0,0,0,5,2,3,14,2
ygeQ,70,64,37,62,46,14,4,5,22,8,122,99,99,60,47
ygeV,613,822,386,765,632,1424,383,884,1122,461,155,168,197,230,139
ygeW,9,14,4,12,17,16,2,9,7,9,5,10,9,4,5
ygeY,33,69,18,73,30,14,6,6,6,4,25,22,17,14,8
ygfB,770,784,450,809,756,295,86,158,238,86,186,153,209,232,131
ygfF,909,1114,636,1716,1012,26,3,14,12,0,140,118,129,122,103
ygfI,48,36,29,59,43,24,3,16,18,4,70,70,65,61,56
ygfK,57,66,26,115,54,56,13,24,22,18,46,37,38,32,22
ygfM,17,24,18,35,18,2,4,5,6,2,20,16,31,9,4
ygfS,19,31,13,27,14,18,3,17,13,11,52,40,76,52,30
ygfT,105,125,65,130,117,21,4,26,29,14,115,122,137,66,71
ygfX,365,464,272,459,350,35,12,24,46,8,162,130,158,109,108
ygfZ,1105,1079,590,1454,879,472,120,264,325,128,634,608,818,898,577
yggC,236,320,195,395,248,46,20,26,35,18,231,224,258,350,247
yggE,850,1001,523,2909,561,1666,523,1048,1199,528,1714,1760,1975,2506,1857
yggI,69,79,34,75,69,5,4,1,1,0,41,39,48,47,33
yggL,365,302,174,538,268,178,64,117,151,53,323,390,365,746,402
yggM,18,8,9,11,25,1,2,6,4,1,54,52,43,10,9
yggN,547,554,275,594,311,227,61,117,182,64,705,670,784,539,417
yggP,27,65,19,43,29,26,12,19,14,8,142,161,157,104,112
yggR,36,25,28,33,23,15,6,6,12,3,47,52,56,25,22
yggS,299,360,167,229,281,60,14,40,52,28,119,117,104,97,88
yggT,462,640,288,369,445,71,18,48,59,23,278,213,253,211,166
yggU,170,237,115,138,207,11,4,8,16,9,58,52,62,45,38
yggX,238,220,132,305,186,38,12,16,30,20,83,68,91,56,33
yghA,80,94,46,796,57,1090,408,814,866,361,539,532,575,937,483
yghB,637,465,264,419,367,640,177,368,517,234,250,171,260,435,246
yghD,45,24,19,26,23,15,7,8,10,2,52,70,83,54,27
yghO,15,22,4,13,6,1,0,6,0,3,6,13,16,7,2
yghR,15,10,10,10,7,4,2,1,0,3,36,22,37,15,8
yghS,20,2,20,11,4,0,0,4,4,0,25,13,10,18,14
yghT,6,1,9,4,0,2,0,6,11,1,4,21,10,4,6
yghU,1361,1638,691,2579,1197,448,145,239,360,154,826,809,1002,911,722
yghW,22,15,8,14,14,5,3,6,2,5,65,73,74,46,52
ygiB,2307,2447,1390,2249,2026,639,176,424,608,228,1283,1291,1336,1373,1102
ygiC,3775,4548,2318,3666,3070,678,168,406,572,210,783,742,793,794,632
ygiD,73,47,42,80,50,106,35,53,116,48,93,93,73,107,76
ygiF,679,825,414,1229,649,291,72,157,207,94,379,390,446,367,334
ygiL,10,8,12,14,10,0,0,1,1,0,3,5,15,13,5
ygiM,1283,1228,670,501,527,57,17,53,38,24,739,590,763,132,117
ygiN,521,470,287,677,374,500,156,250,508,238,192,268,305,852,277
ygiQ,2379,2719,1336,938,2493,57,13,39,29,20,318,268,325,143,131
ygiS,372,470,226,375,370,78,20,81,59,23,1229,984,1110,607,809
ygiV,88,59,47,168,35,57,10,37,21,12,229,294,279,212,202
ygiW,383,284,123,655,142,753,207,368,431,171,749,852,876,931,454
ygiZ,0,2,0,0,1,5,2,0,0,2,8,6,11,3,0
ygjG,2016,2286,1163,6422,1476,9048,2630,5909,7308,3222,967,846,960,2540,1312
ygjH,24,23,7,33,19,32,14,23,27,15,27,27,18,108,45
ygjI,82,93,59,81,91,35,8,35,12,12,25,22,27,75,34
ygjJ,26,37,11,18,23,2,0,3,0,1,11,5,9,4,10
ygjK,56,84,26,68,60,7,1,6,12,4,63,59,80,29,47
ygjP,71,73,23,66,40,14,4,16,11,0,38,31,42,57,17
ygjQ,22,23,8,21,13,6,0,0,0,2,7,7,15,6,9
ygjR,634,770,331,1187,574,1004,304,643,954,400,204,194,179,308,192
ygjV,18,32,18,21,10,9,2,1,9,4,22,21,27,21,17
yhaB,0,10,2,8,7,0,0,0,0,0,2,1,8,4,1
yhaC,3,5,3,13,2,0,0,1,0,0,6,4,2,2,0
yhaH,69,100,60,346,32,148,33,74,101,33,276,310,267,1243,399
yhaI,17,26,9,39,10,60,25,38,39,29,43,85,69,149,85
yhaJ,641,618,333,699,495,159,47,118,157,65,298,339,343,389,337
yhaK,31,26,2,30,14,10,4,16,22,4,19,21,19,23,16
yhaL,80,84,54,51,70,10,2,3,2,1,13,11,31,34,30
yhaV,177,147,80,230,110,297,85,185,228,118,581,642,614,1048,588
yhbE,1494,1761,889,440,1370,1026,297,603,819,356,827,830,928,905,762
yhbO,45,43,20,357,26,467,128,215,343,158,218,177,221,394,231
yhbP,115,120,81,59,67,6,0,11,9,4,84,86,76,92,81
yhbQ,18,36,16,27,21,4,0,7,3,0,19,16,22,27,38
yhbS,562,659,292,732,415,543,151,339,516,211,477,464,570,532,374
yhbW,279,364,158,856,231,428,141,261,290,114,422,360,410,610,357
yhbX,15,11,14,17,15,1,4,5,9,1,39,48,47,36,25
yhbY,919,955,403,491,689,59,14,41,89,47,51,85,63,135,81
yhcA,5,2,5,3,1,2,0,5,0,3,19,26,23,22,11
yhcC,11,22,7,23,10,9,9,18,12,5,37,47,37,26,13
yhcD,73,76,48,163,57,20,4,22,19,9,110,137,138,154,72
yhcF,24,42,40,36,37,36,4,19,18,21,38,47,59,70,53
yhcG,117,73,57,150,100,42,9,31,60,16,77,97,98,154,68
yhcN,21,10,11,26,5,105,32,63,113,43,131,148,159,353,131
yhcO,42,52,12,169,22,178,62,95,160,66,55,60,68,225,89
yhdE,820,1001,540,702,735,125,42,56,95,48,314,262,294,353,245
yhdH,491,486,271,1074,349,494,173,314,325,195,404,424,407,646,361
yhdJ,60,81,24,18,54,6,4,2,3,3,16,20,24,6,5
yhdN,106,170,99,85,103,124,21,61,67,25,209,229,255,334,220
yhdP,1396,1719,811,1452,1214,235,58,131,202,100,638,563,691,366,295
yhdT,37,86,37,16,45,1,0,0,1,0,0,2,13,2,1
yhdU,45,78,28,15,37,2,0,3,0,0,13,9,10,8,3
yhdV,14,15,7,13,13,31,12,19,33,5,1,4,1,4,2
yhdX,163,242,127,273,119,48,7,20,34,19,24,27,23,25,20
yhdY,79,126,62,119,64,23,11,26,15,8,30,16,23,24,13
yhdZ,158,164,65,162,54,25,24,21,40,11,43,29,57,66,36
yheO,816,910,506,1134,662,168,57,59,92,40,234,260,279,173,161
yheS,1058,1190,690,1045,902,178,45,109,115,54,294,286,319,278,175
yheT,344,480,278,315,375,72,16,46,45,30,90,66,81,78,57
yheU,56,86,53,92,41,38,11,15,26,18,35,69,43,91,32
yheV,77,73,76,252,95,23,6,9,28,9,34,18,13,25,15
yhfA,310,292,148,288,160,59,15,39,66,16,51,71,41,114,57
yhfG,110,103,59,176,75,108,34,64,74,35,112,138,134,232,132
yhfK,1298,1425,772,1405,1088,24,3,8,20,10,123,116,108,83,62
yhfL,11,13,8,1,9,7,8,6,11,6,5,11,14,24,7
yhfS,31,53,25,64,36,66,21,27,38,26,86,88,82,95,95
yhfT,22,36,23,80,25,22,5,12,14,4,65,67,78,51,49
yhfU,3,5,0,6,0,5,1,3,2,0,7,6,15,6,1
yhfW,5,13,8,27,11,3,1,7,1,2,14,12,18,12,8
yhfX,8,8,6,17,5,4,4,3,5,4,14,5,10,9,16
yhfY,46,23,20,16,23,15,4,17,16,3,7,8,9,15,8
yhfZ,141,123,40,53,91,57,9,26,49,25,45,14,38,50,25
yhgE,151,211,157,251,131,53,17,20,36,11,151,161,149,148,109
yhgF,1402,1731,793,1444,1323,46,24,43,43,16,138,124,156,85,62
yhgN,100,134,74,69,107,21,1,4,9,2,79,75,76,97,69
yhhA,39,19,11,153,30,1871,532,999,1286,534,316,323,333,1442,508
yhhH,3,2,2,0,0,0,0,0,0,0,3,0,2,2,2
yhhI,24,13,11,20,11,6,2,7,6,5,37,22,53,52,41
yhhJ,159,210,118,297,180,57,15,27,35,10,185,128,181,84,68
yhhL,57,83,45,68,51,27,17,22,30,24,32,26,28,33,38
yhhM,33,48,25,29,20,17,0,5,7,9,36,43,42,57,25
yhhN,341,390,164,647,237,179,58,101,159,58,255,260,302,702,360
yhhQ,114,83,53,43,96,60,22,35,57,23,178,208,252,117,81
yhhS,182,240,128,244,116,75,20,65,78,16,310,274,351,254,218
yhhT,154,141,107,490,98,349,119,220,279,115,225,216,251,526,306
yhhW,211,179,115,429,130,358,97,227,265,101,461,493,533,562,431
yhhX,397,534,261,816,412,473,161,313,363,160,603,634,685,763,486
yhhY,58,53,38,163,45,26,16,16,15,4,18,26,34,35,18
yhhZ,3,1,3,1,0,1,0,0,0,0,0,6,7,7,3
yhiD,71,61,38,161,98,5,4,2,6,7,20,18,21,14,10
yhiI,444,615,309,784,438,135,31,75,82,21,872,791,890,607,640
yhiJ,24,10,21,37,10,24,8,8,21,13,26,30,36,60,31
yhiM,16,21,11,23,14,45,12,31,36,19,49,38,48,64,44
yhiN,325,329,174,260,295,65,24,55,42,20,525,399,513,586,449
yhiY,155,154,52,254,125,11,2,14,16,12,82,122,116,106,46
yhjB,27,37,14,39,34,13,10,21,8,5,110,108,106,56,43
yhjD,157,180,116,804,100,1072,305,641,900,333,568,605,656,1376,782
yhjE,240,197,126,191,172,229,50,138,159,48,347,299,367,237,281
yhjG,937,1109,558,2999,852,3927,1172,2312,2469,1156,8957,8505,9342,3770,3019
yhjJ,2134,2165,1175,728,1613,158,49,103,117,48,566,500,585,165,134
yhjV,109,142,51,54,97,16,4,7,10,1,48,56,62,42,39
yhjX,57,55,42,109,32,85,27,62,71,26,185,197,183,184,171
yhjY,236,242,111,859,116,263,85,205,258,95,894,946,988,1808,969
yiaA,3,14,2,7,6,6,2,10,15,6,12,8,21,37,19
yiaB,0,2,1,1,1,5,0,1,0,0,8,12,6,10,3
yiaC,97,102,69,247,77,51,8,37,30,9,112,88,144,113,107
yiaD,81,104,39,51,75,25,7,14,11,10,29,22,28,24,18
yiaF,1845,1839,901,3276,1277,1817,522,1256,1653,686,1596,1463,1769,2697,1794
yiaG,571,580,268,1610,294,1922,596,1308,2217,927,896,789,897,1582,683
yiaJ,209,218,142,268,134,64,30,40,36,21,66,69,67,82,51
yiaK,26,48,17,61,28,16,7,23,14,8,16,14,19,17,5
yiaL,19,6,4,22,7,2,0,4,5,1,5,3,6,1,2
yiaM,2,1,8,3,1,3,0,0,4,1,1,2,5,5,2
yiaN,4,24,5,8,3,12,0,2,7,0,10,8,16,8,2
yiaO,32,30,33,24,29,10,2,3,6,1,24,7,16,11,10
yiaT,11,21,11,21,10,62,14,30,46,21,58,89,88,140,55
yiaU,83,59,51,116,59,82,21,61,54,21,54,52,54,72,66
yiaV,18,16,2,20,16,32,5,38,32,19,130,116,107,102,145
yiaW,2,4,0,0,1,6,0,4,6,4,3,6,9,6,3
yiaY,3,7,5,10,1,1,0,5,5,0,23,16,18,14,6
yibA,30,16,11,33,21,44,14,41,30,10,24,22,35,57,28
yibB,228,224,101,238,176,41,13,30,30,17,38,58,37,69,34
yibF,696,805,394,2561,509,145,39,83,140,61,711,727,853,1477,878
yibG,7,1,5,6,2,3,0,3,0,0,12,12,20,15,11
yibH,91,108,61,394,56,282,72,191,194,93,197,161,164,273,132
yibI,29,21,6,79,15,110,24,47,53,37,32,42,35,49,39
yibL,221,256,131,283,200,407,126,274,364,194,162,143,157,223,115
yibN,1161,1441,727,1313,966,158,39,116,134,49,510,602,605,586,433
yibQ,535,565,321,522,461,44,11,32,33,16,134,116,136,127,141
yibT,11,17,13,22,8,1592,345,591,698,320,33,49,52,268,52
yicC,1095,1096,528,1250,697,429,132,256,332,155,683,669,773,978,676
yicG,38,41,11,63,27,8,2,2,3,0,9,10,11,15,15
yicH,447,567,269,772,357,2002,620,1386,1516,627,1063,988,1148,1443,1109
yicI,92,103,34,142,83,30,23,20,18,19,61,54,54,68,56
yicJ,13,11,5,20,14,0,3,2,3,10,36,33,33,29,11
yicL,138,197,97,142,118,61,15,47,46,20,65,61,49,80,34
yicN,76,129,40,108,55,63,23,44,37,28,81,94,85,108,54
yicS,15,8,5,53,15,10,1,7,7,3,81,77,82,153,66
yidA,327,386,153,502,307,228,61,107,162,62,115,65,118,135,92
yidB,61,73,19,100,31,103,39,62,101,42,185,203,195,333,239
yidC,6893,8945,4446,2679,7017,313,73,188,211,103,817,740,899,418,491
yidD,767,891,478,254,719,7,0,2,7,2,127,135,157,61,106
yidE,343,417,199,553,344,397,143,295,292,156,272,249,255,224,202
yidF,65,80,41,67,35,13,1,6,34,11,9,25,16,15,11
yidG,29,83,20,57,25,35,6,24,41,16,29,38,47,36,37
yidH,53,54,36,88,34,62,11,24,31,8,43,63,56,77,45
yidI,64,56,29,58,36,11,4,3,0,4,26,28,20,20,16
yidJ,24,31,20,61,18,18,3,5,6,1,32,25,41,35,19
yidK,12,33,16,39,25,10,0,9,5,0,36,38,51,34,29
yidL,12,13,2,24,8,6,0,4,6,8,15,17,23,27,8
yidP,13,10,2,24,2,7,0,1,2,2,15,10,19,0,6
yidQ,358,462,221,440,272,82,24,64,58,20,282,363,393,471,325
yidR,94,167,93,166,85,80,23,61,63,30,58,64,57,46,58
yidX,19,22,10,29,14,13,7,6,21,7,147,115,113,253,123
yidZ,129,170,73,116,123,14,1,3,20,1,10,13,17,18,5
yieE,544,605,315,1197,395,177,44,106,163,78,639,625,778,1225,740
yieF,414,367,197,729,226,73,19,56,78,23,307,379,368,293,238
yieH,151,161,82,176,113,20,4,9,17,11,40,52,39,43,22
yieK,16,19,7,6,12,10,5,8,3,4,31,38,38,38,24
yieL,20,2,6,15,21,7,0,1,2,1,72,66,66,36,35
yieP,233,260,125,632,157,70,20,26,49,15,127,131,127,202,165
yifB,23,31,24,38,15,9,2,7,6,1,43,38,32,20,32
yifK,515,688,243,411,469,320,92,132,188,85,195,241,243,327,216
yifL,276,325,168,302,244,39,7,19,49,17,80,65,60,89,54
yigB,129,124,73,152,106,4,6,4,7,2,58,34,61,46,29
yigE,14,8,5,20,8,2,1,3,0,0,13,7,14,14,6
yigF,9,9,1,10,3,6,1,0,2,1,7,12,2,14,11
yigG,1,1,0,0,0,0,0,1,0,0,0,6,3,0,6
yigI,168,141,67,244,115,345,84,182,198,107,251,273,241,345,199
yigL,368,387,201,599,244,55,14,35,56,36,137,126,137,111,118
yigZ,452,563,230,809,408,114,46,68,69,36,97,82,135,82,77
yihA,430,504,259,448,367,323,122,225,320,156,101,104,165,234,138
yihD,52,63,22,72,51,32,8,23,50,11,24,28,26,28,15
yihF,42,33,19,30,16,13,9,15,9,5,68,80,62,58,36
yihG,97,78,81,35,53,2,2,4,5,0,25,13,28,25,19
yihI,461,527,224,732,400,709,187,476,565,263,283,265,256,541,305
yihL,70,64,38,68,63,26,12,16,30,5,3,10,22,20,19
yihM,132,91,87,87,127,43,10,35,51,16,43,38,37,23,28
yihN,59,35,30,57,31,18,2,4,1,2,31,38,55,49,18
yihO,14,20,13,26,8,115,42,83,134,72,71,65,78,237,89
yihP,12,18,9,24,11,16,2,4,11,0,13,8,11,13,8
yihQ,18,50,15,34,12,30,2,10,6,5,35,54,48,58,45
yihR,1,0,10,12,5,5,3,1,3,2,5,7,8,11,5
yihS,23,29,25,53,24,18,5,10,22,2,24,8,21,31,14
yihT,16,28,2,38,19,1,1,4,5,1,9,13,9,4,5
yihU,18,8,7,4,6,1,1,5,2,1,5,8,7,2,1
yihV,44,29,10,32,25,47,13,37,38,6,59,59,30,38,36
yihX,542,589,294,1054,386,160,30,85,69,56,678,665,718,910,701
yihY,396,389,246,806,306,365,79,196,226,110,302,308,308,484,276
yiiE,0,0,1,0,0,1,0,3,4,2,2,0,3,6,3
yiiF,18,12,5,20,6,11,2,1,2,1,22,21,29,25,23
yiiG,8,30,9,25,13,3,2,3,4,2,15,22,31,14,9
yiiM,224,305,107,558,175,234,77,126,153,76,367,267,293,614,344
yiiQ,94,91,37,127,98,22,6,10,7,13,25,14,11,23,20
yiiR,110,104,40,100,71,416,153,332,407,140,69,68,71,110,63
yiiS,25,46,28,85,21,225,79,151,168,97,142,153,174,188,88
yiiX,133,144,81,109,99,36,13,30,29,8,133,141,172,165,97
yijD,1059,1217,647,883,682,378,101,295,442,192,237,288,362,280,182
yijE,152,195,121,173,111,24,8,21,51,15,89,87,111,31,28
yijF,4,8,4,2,3,1,0,3,2,0,7,4,9,2,2
yijO,112,101,55,102,68,15,3,11,7,5,36,43,54,36,38
yjaA,25,23,11,9,30,12,0,0,4,2,10,19,25,14,12
yjaB,50,30,11,51,29,81,30,35,61,28,102,112,104,228,119
yjaG,442,426,273,510,387,104,35,41,103,38,235,232,275,193,240
yjaH,497,467,341,414,416,17,4,3,8,4,94,64,72,76,69
yjaZ,20,14,17,11,14,4,0,0,2,4,28,29,17,12,6
yjbB,281,349,198,782,250,296,85,173,237,71,601,534,653,1046,686
yjbD,138,154,83,192,100,90,28,49,84,47,21,40,40,69,33
yjbE,19,39,4,15,24,2,1,0,0,1,7,3,2,4,4
yjbF,9,2,2,7,3,0,0,0,0,0,11,8,14,3,0
yjbG,9,2,9,5,3,0,0,0,2,1,7,4,8,5,6
yjbH,123,124,66,136,61,48,18,37,42,12,154,167,204,107,117
yjbJ,243,253,151,768,143,4796,1603,2531,3712,1840,585,654,745,2000,634
yjbL,0,0,0,0,0,0,0,2,0,0,3,3,0,0,0
yjbM,2,1,0,0,0,3,0,0,4,0,11,11,7,22,3
yjbQ,400,371,230,447,221,334,105,207,325,130,302,329,391,621,391
yjbR,186,149,85,243,125,228,55,152,166,83,255,254,261,409,277
yjbS,0,0,0,0,0,0,0,0,0,0,0,4,0,0,0
yjbT,14,0,3,0,3,19,6,7,10,5,63,42,71,111,79
yjcB,26,28,24,39,13,67,23,30,69,30,295,341,290,387,256
yjcE,513,524,282,774,399,190,50,107,151,42,642,507,578,648,490
yjcH,1323,2033,975,4045,1418,61,13,46,71,43,29,26,34,100,55
yjcO,194,216,115,193,159,87,22,22,52,26,56,34,67,59,45
yjcS,10,17,6,4,5,8,5,3,3,0,54,58,67,13,18
yjdC,430,402,218,1156,258,1012,316,624,731,310,1275,1255,1292,2924,1605
yjdF,37,77,32,83,30,37,9,5,31,5,38,28,28,41,32
yjdI,38,49,29,220,25,146,46,67,47,37,112,123,123,321,175
yjdJ,43,56,18,246,18,135,33,54,61,19,136,210,144,480,182
yjdM,131,107,65,103,112,358,100,176,179,140,266,324,351,732,347
yjdN,105,129,45,322,48,2070,659,1337,1773,781,616,643,629,1789,826
yjdP,48,65,19,63,37,25,9,19,24,15,76,72,96,72,47
yjeH,193,213,129,185,155,69,20,35,67,13,130,98,116,89,85
yjeI,580,556,306,947,423,49,23,43,62,25,300,287,298,348,280
yjeJ,62,60,13,46,38,3,0,2,5,2,69,46,54,32,34
yjeM,80,56,50,78,69,267,53,161,201,65,305,344,385,183,233
yjeN,11,32,22,27,11,13,3,15,11,10,54,75,73,39,21
yjeO,22,23,8,17,8,10,0,11,22,12,69,44,59,29,29
yjeT,40,55,13,37,26,4,0,0,4,0,33,33,10,23,22
yjeV,3,0,0,2,1,0,0,1,1,0,11,13,8,4,0
yjfC,12,38,10,30,14,7,1,4,4,1,146,137,153,61,67
yjfF,133,198,67,199,140,289,62,182,189,72,58,50,50,64,42
yjfI,0,0,0,3,1,1,0,0,0,0,2,8,13,8,6
yjfJ,26,43,8,17,17,8,2,7,11,7,50,49,56,42,22
yjfK,2,8,8,4,8,3,0,0,2,0,27,19,29,10,16
yjfL,1,0,3,4,2,16,3,6,6,4,26,42,34,24,24
yjfM,7,6,4,5,19,11,7,17,4,4,72,102,135,55,35
yjfN,92,74,45,87,63,657,229,336,654,230,108,122,181,470,215
yjfP,44,71,46,129,43,38,16,28,28,14,79,92,78,84,57
yjfY,1,5,0,6,0,237,51,69,122,53,13,17,13,34,10
yjfZ,5,10,1,6,8,0,1,1,4,1,12,22,18,28,31
yjgA,608,566,251,642,377,525,166,301,555,227,203,242,233,632,249
yjgH,57,112,48,353,58,126,43,81,75,45,160,149,132,249,140
yjgL,63,47,30,37,37,11,4,6,15,9,19,16,21,16,11
yjgM,113,122,64,130,59,122,32,66,89,53,101,137,150,202,100
yjgN,6,5,0,3,4,10,4,5,7,4,5,14,15,19,11
yjgR,510,681,275,1260,404,1201,397,710,714,367,1074,1020,1163,1577,977
yjhF,45,44,15,36,30,22,3,12,18,10,63,52,60,48,25
yjhG,210,271,139,283,193,287,63,165,204,80,147,183,165,156,121
yjhH,73,96,35,83,68,153,38,82,105,51,67,77,101,102,86
yjhI,12,21,28,26,17,94,18,49,59,27,32,17,32,21,22
yjhP,156,148,96,115,159,5,3,3,10,6,32,33,45,22,18
yjhQ,50,91,46,42,70,5,2,2,6,0,16,18,17,9,13
yjhU,556,506,276,571,375,207,76,146,205,65,511,423,456,716,455
yjiA,292,266,123,424,196,26,9,23,25,11,103,79,110,113,81
yjiC,0,0,3,0,0,0,1,0,4,6,11,3,11,16,7
yjiG,8,19,4,5,13,22,5,22,16,4,35,44,44,21,23
yjiH,15,11,7,7,7,84,12,44,30,18,42,54,57,40,24
yjiJ,69,76,37,180,63,46,19,43,55,17,96,121,116,147,102
yjiK,14,13,7,6,9,4,5,2,9,3,16,29,10,7,8
yjiL,16,20,22,29,12,46,4,9,25,12,54,49,47,49,49
yjiM,51,66,47,132,45,223,42,105,185,67,217,203,243,379,373
yjiN,179,160,108,460,115,317,84,215,306,121,757,649,692,1609,1112
yjiR,170,238,144,451,166,83,38,53,56,24,724,603,700,676,706
yjiS,0,1,0,0,1,0,0,2,0,0,0,1,2,1,2
yjiX,27,17,6,29,8,0,0,2,2,2,8,13,7,8,13
yjjA,185,191,75,175,143,16,9,25,20,6,101,103,97,83,71
yjjB,21,35,5,39,17,28,11,16,15,1,6,16,8,16,0
yjjG,332,393,225,627,320,201,62,148,140,77,661,678,739,871,618
yjjI,12,18,8,35,9,8,2,5,9,4,6,12,14,5,17
yjjJ,236,276,167,560,201,158,44,77,87,32,1241,1185,1263,1221,1045
yjjP,41,36,22,78,24,32,3,14,28,7,40,48,44,73,53
yjjQ,0,3,1,1,2,1,0,1,0,0,22,22,23,10,10
yjjU,216,280,135,550,249,225,59,117,150,96,450,405,379,413,346
yjjV,195,211,153,365,153,121,29,85,106,37,304,301,281,248,244
yjjW,15,20,12,18,12,17,6,7,6,7,20,22,18,15,11
yjjX,105,130,69,147,120,47,10,34,51,34,182,136,192,202,159
yjjY,3,9,2,7,9,1,0,0,1,1,10,5,10,7,5
yjjZ,43,27,27,92,26,93,35,76,143,58,160,152,166,345,245
yjtD,176,143,67,184,109,14,5,7,21,9,111,140,155,141,104
ykfA,266,338,148,387,179,127,41,85,87,34,443,355,393,398,317
ykfB,144,166,77,263,99,569,179,360,490,196,293,298,354,691,259
ykfF,5,2,0,5,3,2,0,0,0,0,6,7,7,12,5
ykfG,0,0,0,2,0,1,0,0,2,0,3,5,1,1,1
ykfH,0,0,0,0,4,0,0,0,0,0,1,0,1,1,2
ykfI,1,0,0,0,0,0,0,1,0,0,3,0,1,4,0
ykfM,5,2,0,4,0,3,0,1,0,0,1,3,2,4,2
ykgE,89,63,37,48,48,17,3,13,11,4,55,48,69,44,51
ykgF,228,316,167,319,260,58,20,55,42,20,179,180,189,146,135
ykgG,81,141,91,109,90,46,4,32,39,10,76,97,72,119,46
ykgH,13,6,6,7,6,17,4,5,22,4,13,20,33,34,25
ykgJ,16,11,12,14,7,8,1,6,0,0,11,15,17,11,13
ykgL,9,14,2,12,1,4,0,4,1,4,17,5,2,5,0
ykgM,8,0,3,1,2,0,0,7,11,3,0,4,3,4,1
ykgO,0,0,0,1,4,3,0,2,0,0,2,1,0,1,1
ykgV,15,13,5,10,8,0,0,0,0,0,1,1,6,0,1
ykiD,20,14,7,10,7,12,1,10,7,5,46,32,36,62,42
ykiE,0,7,2,2,0,0,0,5,0,0,5,6,1,15,6
ylaC,293,304,165,226,228,67,16,57,35,6,211,215,216,173,135
ylbE,17,28,17,16,11,17,10,8,8,8,34,30,27,17,16
ylbF,20,30,1,16,13,15,2,5,9,1,31,21,36,20,20
ylcG,4,0,0,0,0,3,0,0,0,0,8,3,8,4,5
ylcH,4,0,4,3,1,1,0,1,0,2,6,11,10,9,9
ylcI,0,2,0,4,0,0,0,3,3,0,2,3,9,1,1
ylcJ,1,2,0,0,0,0,0,0,0,2,0,1,1,0,1
yldA,2,12,3,2,9,0,0,0,0,0,4,4,2,4,4
yliI,158,184,134,539,117,168,65,129,153,54,656,684,758,677,553
yliM,213,269,117,559,205,282,91,208,320,136,844,916,1039,1029,560
yljB,29,33,15,33,25,27,14,19,37,4,44,24,42,38,27
ymcE,12,22,25,16,11,0,0,0,0,0,1,2,1,0,1
ymcF,34,61,40,29,28,0,0,0,0,0,7,8,8,13,12
ymdA,1125,1067,561,1100,989,0,2,9,11,5,36,25,22,29,34
ymdB,822,786,367,942,720,234,44,102,160,63,152,154,145,346,174
ymdF,82,114,42,454,51,10827,3357,6032,9360,3686,201,220,269,481,165
ymdG,6,3,0,12,4,0,0,0,0,0,2,0,1,2,0
ymfA,27,34,10,20,25,1,0,3,0,0,16,6,10,4,7
ymgA,10,12,3,16,3,27,8,14,31,15,1006,1316,1434,2521,976
ymgC,6,15,5,45,10,53,15,40,53,24,1111,1117,1383,2528,1156
ymgD,70,59,40,32,42,149,45,84,181,68,68,63,73,139,86
ymgE,23,45,15,121,17,1528,467,751,819,382,124,128,148,669,213
ymgF,0,3,2,18,5,4,0,5,5,0,25,29,31,59,21
ymgG,25,14,23,17,14,0,0,0,3,0,22,24,27,9,8
ymgI,0,0,0,0,0,0,0,0,1,0,0,1,2,0,0
ymgJ,0,0,0,2,0,0,0,0,1,0,2,5,1,1,2
ymgK,0,0,0,0,0,0,0,0,0,0,1,0,2,0,2
ymgL,1,0,0,1,1,1,1,0,0,0,2,4,4,1,0
ymiA,30,39,36,34,31,12,5,9,11,1,3,7,5,16,3
ymiB,0,3,0,5,0,2,0,1,0,0,1,4,4,2,3
ymiC,54,100,47,39,49,17,4,15,26,8,15,17,10,1,5
ymiD,1,5,4,4,2,4,0,0,0,0,9,10,13,17,12
ymjA,224,171,124,201,132,6,5,4,10,1,42,32,36,34,30
ymjE,41,34,7,131,16,15,5,9,2,1,35,43,62,88,48
ynaI,114,130,50,142,120,51,6,33,29,23,86,94,99,121,68
ynaK,17,15,16,11,7,8,5,3,3,0,55,49,57,34,48
ynaL,42,48,18,186,16,38,7,14,18,7,59,71,113,143,74
ynaM,479,569,389,165,407,16,8,22,12,3,66,89,101,105,66
ynbA,13,5,3,6,4,0,1,1,0,0,30,26,62,14,7
ynbB,2,8,0,5,3,13,5,13,8,4,129,111,106,69,63
ynbC,57,74,41,70,42,19,11,19,22,8,290,289,356,178,195
ynbD,120,129,63,142,66,22,14,23,19,18,254,227,251,174,176
ynbE,57,47,32,59,49,24,12,22,30,8,25,32,33,65,20
yncE,5425,5965,3028,10014,4769,312,90,191,294,150,2215,2175,2342,1938,1647
yncG,88,83,60,279,32,99,45,67,110,27,163,210,206,692,265
yncH,2,3,0,9,1,3,0,0,1,0,5,4,12,8,4
yncJ,15,12,16,20,7,6,4,10,9,0,59,52,71,38,46
yncL,52,79,56,49,35,41,3,35,15,15,29,59,68,111,35
yncO,0,0,0,0,0,0,0,0,0,0,0,0,0,2,0
yncP,48,35,27,45,42,30,4,20,30,9,52,59,42,79,66
yneE,50,41,30,61,37,1,1,4,2,3,43,35,45,23,20
yneG,111,138,72,59,86,3,1,4,1,0,45,42,51,25,44
yneJ,116,155,52,120,112,45,16,41,16,5,204,197,208,249,145
yneK,11,3,10,15,2,3,2,3,4,2,8,14,14,1,8
yneP,1,1,0,0,0,0,0,0,0,0,8,2,1,0,2
ynfA,26,44,24,60,31,7,5,9,4,1,25,39,42,39,17
ynfB,419,373,219,464,294,100,18,39,37,22,148,179,167,229,147
ynfC,225,195,102,472,155,88,34,51,65,16,663,616,665,1149,631
ynfD,12,21,20,75,15,230,70,101,94,44,95,117,103,528,179
ynfE,32,22,28,77,25,40,7,20,25,11,74,78,69,120,87
ynfF,62,113,47,144,79,43,11,22,29,14,72,97,64,51,77
ynfH,80,129,69,107,72,27,9,24,29,16,81,93,111,81,106
ynfL,41,82,58,166,48,24,6,15,31,5,371,356,389,524,353
ynfM,175,186,124,202,133,423,137,308,394,140,255,271,278,399,257
ynfN,26,18,11,11,24,1,0,0,0,0,3,2,5,7,7
ynfO,1,0,0,1,0,0,0,0,0,0,0,2,1,0,0
ynfQ,20,40,35,19,26,9,1,3,1,1,8,10,8,8,14
ynfR,3,5,2,0,11,0,0,0,0,0,1,1,2,0,2
ynfS,61,75,62,25,69,3,6,1,7,4,16,25,25,58,25
ynfT,309,316,218,125,271,22,1,9,14,2,94,80,98,121,79
ynfU,18,14,4,7,17,0,0,0,0,0,2,1,8,8,4
ynhH,22,27,8,20,12,17,3,6,8,8,14,9,18,11,8
yniA,1074,937,485,3075,637,1182,336,697,919,427,2153,2217,2267,4211,3005
yniB,179,201,86,246,151,798,325,569,774,406,264,322,323,1057,341
yniD,11,12,8,20,7,0,0,0,2,2,2,2,12,7,1
ynjA,88,64,42,103,54,27,4,16,15,4,120,110,110,113,123
ynjB,203,172,113,315,158,52,11,17,21,16,174,136,182,151,151
ynjC,104,119,80,144,118,19,5,10,12,2,60,55,70,53,49
ynjD,71,59,18,82,55,13,3,1,12,0,13,36,19,26,19
ynjE,91,60,38,69,54,19,12,21,38,17,70,64,50,107,36
ynjF,89,177,53,141,95,50,17,20,46,11,102,140,169,123,100
ynjH,43,43,36,61,31,13,20,20,25,11,79,74,115,64,35
ynjI,77,52,64,41,62,6,1,0,6,0,38,37,37,21,24
yoaA,1282,1398,738,982,1088,66,8,46,47,20,309,265,335,246,264
yoaB,625,587,279,425,385,19,2,29,13,9,115,109,138,143,89
yoaC,120,102,63,268,81,129,34,59,112,59,330,452,421,958,442
yoaE,871,1139,531,504,675,41,8,43,28,10,535,557,595,239,320
yoaF,47,73,26,84,32,23,11,4,19,14,81,58,71,97,78
yoaG,2,7,2,5,3,6,6,2,3,0,30,30,31,17,10
yoaH,88,103,55,118,68,27,6,14,22,7,47,57,83,74,42
yoaI,8,11,3,7,4,0,0,0,0,1,8,16,9,10,12
yoaJ,6,3,1,0,2,0,0,0,0,0,0,1,0,3,0
yoaK,36,28,17,22,27,3,2,2,2,0,1,1,2,1,5
yoaL,50,60,51,22,35,2,1,0,0,4,30,25,28,23,26
yobA,208,205,136,182,159,55,18,42,40,21,458,418,447,501,453
yobB,205,155,95,184,154,77,22,52,38,24,266,255,280,249,178
yobD,162,226,121,114,190,29,13,22,25,19,21,19,16,38,33
yobF,4472,5109,2572,5395,3642,267,91,181,364,123,332,408,368,495,259
yobH,40,74,27,59,38,20,8,7,9,4,29,31,31,55,43
yobI,0,0,0,1,0,6,0,2,7,3,3,4,6,8,2
yodB,18,7,4,9,11,1,3,2,5,2,21,10,12,17,22
yodC,189,191,123,359,127,901,251,371,386,188,340,373,394,1695,596
yodD,113,152,61,539,103,5278,1696,3068,5073,2269,779,725,889,3674,1246
yodE,43,68,35,27,34,4,1,2,3,0,20,23,17,27,21
yoeB,107,94,41,98,75,175,48,101,86,52,313,251,268,528,334
yoeI,27,65,18,4,61,0,0,0,5,2,3,2,9,5,0
yohC,225,264,139,465,129,15560,5049,9055,12399,5077,1418,1464,1666,6559,2815
yohD,328,296,158,544,212,212,60,124,151,62,378,310,413,673,420
yohF,112,80,57,379,66,1151,316,606,862,396,401,397,439,1111,627
yohJ,20,19,6,59,17,111,23,72,80,27,67,60,69,137,96
yohK,82,86,38,151,37,206,47,116,205,68,226,180,233,495,292
yohO,52,101,52,72,55,20,0,8,10,13,26,31,38,49,24
yohP,30,31,10,63,7,554,139,278,349,138,54,53,52,308,79
yojI,1337,1350,761,448,1153,66,9,52,50,25,347,354,333,215,168
yojO,0,0,0,2,4,0,0,0,0,0,0,0,0,3,2
ypaB,2,0,4,2,0,0,0,0,1,0,0,4,0,4,0
ypdA,263,294,181,335,198,163,39,77,102,40,295,249,313,352,283
ypdB,136,176,91,299,113,204,57,148,163,74,314,363,384,437,311
ypdC,190,169,121,345,131,93,27,34,72,25,176,133,166,218,148
ypdE,16,22,2,16,20,10,1,5,8,0,35,51,40,15,15
ypdF,12,23,6,13,9,9,0,8,4,1,37,28,38,19,11
ypdI,0,1,0,2,0,0,1,1,0,5,3,4,6,5,3
ypdK,47,51,23,9,36,14,6,14,11,0,13,3,10,3,2
ypeA,361,345,193,440,291,125,28,83,98,44,796,838,871,1265,863
ypeB,89,113,54,83,62,13,7,5,3,7,99,86,94,159,105
ypeC,92,100,30,164,54,54,5,17,32,7,40,31,45,47,38
ypfG,78,89,63,134,69,48,18,19,23,26,111,116,129,64,41
ypfH,316,353,173,560,207,348,66,183,278,99,333,363,355,613,351
ypfJ,1012,1156,629,1192,761,1003,286,561,689,263,454,567,586,904,523
ypfM,96,116,54,152,82,34,7,31,46,37,10,6,6,16,8
ypfN,202,238,120,381,174,464,165,232,499,236,249,241,292,833,409
yphA,223,202,124,824,153,303,78,229,346,154,522,536,590,1075,512
yphB,109,91,54,125,67,122,43,71,57,35,165,133,159,120,141
yphC,97,116,62,112,90,89,19,76,63,15,211,192,230,121,139
yphD,48,50,30,43,18,47,27,26,39,37,176,173,181,112,126
yphE,31,47,20,56,29,96,24,42,72,39,332,299,366,212,265
yphF,15,13,17,24,17,81,13,33,29,23,159,167,171,128,148
yphG,44,62,51,79,40,71,20,56,43,19,81,86,85,69,37
yphH,169,189,98,171,143,38,18,31,31,22,111,102,133,138,93
ypjA,288,359,145,676,219,1164,289,684,679,304,2834,2900,3096,5066,3859
ypjD,436,478,231,355,359,66,7,37,28,13,102,129,135,136,113
ypjF,27,4,3,9,9,0,0,1,0,0,12,9,16,12,5
ypjJ,2,0,0,4,3,0,0,0,0,0,3,2,12,2,0
ypjK,0,7,0,8,2,8,7,2,4,0,4,11,5,3,0
yqaA,514,660,298,697,508,127,35,67,73,29,341,349,405,322,271
yqaB,437,553,275,516,408,64,21,39,56,25,314,315,335,306,188
yqaE,52,11,23,185,17,114,16,41,56,19,191,193,168,512,247
yqcA,300,320,197,375,257,98,41,97,82,38,82,68,107,76,68
yqcC,154,126,56,120,118,30,6,21,30,14,10,26,12,6,6
yqcE,18,36,16,37,17,3,1,1,1,0,6,13,8,7,11
yqcG,0,0,0,0,0,0,0,0,0,0,1,0,0,0,0
yqeB,155,167,115,218,114,144,26,73,80,44,113,89,109,80,68
yqeC,40,89,35,96,36,32,2,17,39,18,20,28,30,35,26
yqeF,5016,5612,3189,3739,4391,229,50,176,213,84,237,278,316,338,205
yqeG,165,175,92,166,151,359,99,193,265,114,70,84,100,127,98
yqeH,5,4,1,4,3,2,0,6,2,0,13,8,18,14,23
yqeI,26,28,6,14,20,4,0,0,6,3,2,9,4,9,5
yqeJ,14,0,11,2,2,0,0,1,0,0,0,0,0,1,0
yqeK,6,0,0,0,1,0,0,0,0,0,0,4,8,8,3
yqeL,2,0,0,1,0,0,0,0,0,0,3,2,1,1,0
yqfA,6122,6461,3311,6033,4068,1196,311,746,1182,383,725,728,818,1527,923
yqfB,95,74,46,57,56,24,5,17,26,7,29,29,41,33,14
yqfG,0,0,1,7,0,0,0,0,0,0,2,4,0,5,1
yqfH,2,0,0,0,6,0,0,0,0,0,0,1,1,2,0
yqfI,2,5,0,0,0,0,0,0,0,0,0,1,0,0,0
yqgA,55,68,31,110,45,65,15,50,45,12,44,49,60,87,74
yqgB,261,329,184,172,317,1,1,2,0,3,16,36,42,30,21
yqgD,2,10,0,2,2,0,1,0,1,0,5,8,6,5,10
yqgE,1080,1230,617,1023,933,105,17,68,87,23,282,291,292,328,313
yqgG,884,1238,736,612,956,3,2,3,8,0,99,99,108,67,99
yqgH,19,15,7,9,10,2,1,3,2,0,7,1,3,6,0
yqhA,539,433,212,359,387,109,46,39,83,24,159,139,199,176,84
yqhC,50,43,22,81,32,87,15,59,58,21,521,580,634,859,552
yqhD,81,108,46,132,82,136,58,107,101,26,160,144,125,166,142
yqhG,29,38,17,47,25,40,11,29,20,4,25,29,15,28,29
yqhH,15,7,7,11,5,3,3,5,7,5,4,3,3,5,1
yqiA,814,1062,562,814,868,85,28,56,89,32,274,250,235,183,188
yqiB,322,323,156,549,238,79,20,46,49,18,182,243,221,156,161
yqiD,46,30,5,15,27,5,2,0,8,0,16,13,17,4,13
yqiH,10,10,10,7,1,0,1,0,0,0,12,11,13,4,1
yqiI,9,1,20,15,8,3,0,0,1,7,16,19,10,21,11
yqiJ,22,24,16,29,16,10,4,10,2,6,9,11,19,13,5
yqiK,47,87,25,86,51,23,15,18,21,9,70,43,79,48,44
yqiM,44,23,15,17,28,16,2,6,5,0,11,19,23,19,13
yqjA,303,260,168,269,198,448,118,269,334,140,401,393,386,762,436
yqjC,1406,1395,677,5553,981,570,138,357,483,172,6203,6542,6737,8989,6091
yqjD,1234,1393,714,6002,856,540,150,317,379,207,6518,6110,6513,8530,6790
yqjE,1525,1710,858,7584,1027,667,211,437,478,254,8056,7389,8409,10089,8708
yqjF,46,76,28,135,48,42,9,21,30,12,610,649,637,746,909
yqjG,180,163,108,713,129,1062,288,666,903,387,745,740,733,1902,950
yqjK,1126,1079,554,4957,797,398,111,255,363,161,5140,5060,5478,6845,5499
yraH,9,7,8,5,3,4,3,1,0,1,4,13,12,25,11
yraI,1,1,0,3,4,2,1,1,0,0,8,6,2,3,0
yraJ,60,70,43,37,56,18,4,9,18,6,54,52,57,66,24
yraK,27,26,19,52,19,10,4,6,18,2,15,18,37,47,32
yraN,277,214,129,234,176,21,3,7,21,5,17,20,25,16,14
yraQ,339,423,219,231,366,169,52,110,135,61,620,605,690,822,660
yraR,77,88,39,135,38,282,55,119,153,55,220,231,185,592,304
yrbG,319,317,166,300,215,221,44,105,173,78,227,233,266,400,230
yrbL,2231,2142,1170,3013,1467,6972,2083,4068,5628,2261,7361,7594,8818,20824,9768
yrbN,131,185,75,46,102,40,4,18,43,11,114,123,111,101,61
yrdA,709,575,292,1084,497,353,89,201,328,111,370,323,396,486,340
yrdB,307,355,173,220,219,99,27,72,88,24,141,151,164,190,138
yrdD,897,949,481,966,696,516,102,268,389,172,612,639,685,817,606
yrfG,482,445,221,488,333,368,121,239,338,120,505,483,548,763,586
yrhB,15,7,16,10,5,30,1,26,25,9,14,29,26,69,29
yrhD,1,0,0,0,1,0,0,0,0,2,2,3,1,1,5
yriB,0,0,0,0,0,0,0,0,0,0,0,0,0,0,0
ysaA,70,71,16,63,41,7,1,15,0,1,26,27,29,18,18
ysaB,32,32,23,114,12,19,4,16,30,5,100,100,120,223,116
ysaE,20,14,10,5,15,1,1,0,0,0,10,10,8,4,10
ysdD,0,6,2,11,3,8,1,3,10,0,27,26,7,26,6
ysdE,0,0,0,3,0,2,3,4,0,4,1,1,0,0,2
ysgA,638,579,328,2347,457,548,185,340,427,160,1503,1492,1613,1997,1418
ysgD,33,21,28,19,17,2,1,4,2,0,0,7,7,14,7
yshB,248,370,209,156,244,76,12,67,66,47,103,131,140,187,100
ytcA,0,0,0,0,0,1,0,0,0,0,0,2,2,1,0
ytfB,336,318,189,641,280,470,120,227,354,177,458,510,553,1114,713
ytfE,21,13,16,45,21,50,9,29,31,10,264,247,263,137,90
ytfF,127,280,89,391,144,89,39,61,66,37,160,118,149,297,153
ytfH,28,22,23,18,11,111,45,72,62,37,238,199,201,514,318
ytfI,7,11,6,15,10,31,3,14,23,13,34,35,35,90,47
ytfJ,832,716,386,1090,544,141,56,96,173,73,259,300,296,655,300
ytfK,2109,2106,1152,3323,1277,3764,1079,2291,4314,1803,2105,2381,2819,4975,2140
ytfP,299,227,145,332,225,166,54,92,180,67,161,141,144,170,122
ytfQ,650,730,418,1107,460,1048,277,594,689,340,195,226,209,216,203
ytfR,350,417,278,484,336,806,224,497,433,186,96,84,99,100,80
ytfT,171,254,144,223,145,481,119,327,232,108,49,38,43,43,45
ytgA,55,52,36,40,43,38,12,16,33,16,23,24,20,42,26
ythA,4,5,0,3,1,0,2,0,1,0,5,5,13,11,14
ytiA,0,3,2,11,2,5,1,2,5,3,9,10,21,6,4
ytiD,5,7,9,0,1,0,0,0,0,0,38,45,52,48,22
ytjA,237,239,162,3747,167,2009,572,1232,1364,604,2904,2918,2986,4199,2282
ytjB,117,137,61,160,136,32,7,15,35,7,67,50,47,43,47
yvcK,207,260,166,241,190,80,31,60,80,46,162,156,183,175,131
zapA,608,595,339,551,437,1188,351,644,1493,651,325,349,385,1151,428
zapB,500,391,241,427,319,197,57,79,167,61,132,144,151,244,149
zapC,321,454,185,276,280,48,14,33,60,20,458,433,538,564,318
zapD,399,409,182,424,328,277,85,145,170,65,391,353,404,335,280
zapE,421,462,292,457,381,31,6,19,26,12,101,79,108,66,62
zapG,934,969,477,1426,658,1691,646,1223,1810,838,345,340,396,556,298
zinT,26,16,13,24,24,14,5,11,18,6,13,31,35,35,18
zipA,2573,2806,1402,3735,1834,1462,422,910,1068,447,5450,5495,5924,7922,6740
zitB,80,109,51,229,39,495,135,346,371,138,220,219,297,524,299
zntA,398,581,307,599,488,229,58,139,163,49,317,281,314,318,252
zntB,338,350,238,985,241,550,176,352,422,198,1351,1253,1433,1685,1343
zntR,144,132,129,107,119,122,30,61,75,36,459,441,446,717,444
znuA,997,1045,559,559,813,419,126,257,267,120,470,532,553,612,455
znuB,354,380,200,269,272,104,27,52,66,30,222,180,219,180,115
znuC,316,335,177,190,286,126,30,107,94,40,132,140,157,145,114
zraP,4,1,0,3,0,16,5,13,15,10,7,1,3,8,10
zraR,141,191,52,158,163,82,29,43,58,26,219,174,165,107,125
zraS,62,144,74,87,72,37,6,12,22,7,68,80,62,32,30
zupT,461,541,258,775,349,862,283,580,671,361,761,728,736,1246,900
zur,168,194,51,175,123,41,8,25,29,11,39,34,49,55,31
zwf,1508,1607,741,1725,1212,937,270,606,670,265,795,765,844,1075,699
