gene,gene_clean,score,rank,mode1,mode2,mode3,mode4,mode5,mode6,mode7,mode8,mode9,mode10
yzgL,yzgL,0.002912209833388389,1,0.0002529709911899868,0.0005847671832871728,0.00025976279766362024,2.985346619689567e-05,0.0002324470511190291,0.000712006760764287,2.1478037685342202e-05,0.0003059438436115036,0.00033359782890650445,0.00017938187296404697
rplM,rplM,0.0028289116659742097,2,0.00018297592559568548,0.0006069722860533253,0.0002479857242157359,3.418731321434007e-05,0.00016845223511838413,0.0007232347257302864,1.1608396372648243e-05,0.0003237156999259243,0.0003620788113606487,0.00016770054838723125
yagQ,yagQ,0.0028214236645171375,3,0.00012335212200599325,0.0005718141487796064,0.00027025814273741276,4.146722838217414e-05,0.00020207474961251258,0.0007256975971756082,1.4174119209833113e-05,0.0003169087569543585,0.0003623686489166783,0.00019330815074296049
caiA,caiA,0.0027484445908798447,4,0.00023706898063653568,0.0006591481634054791,0.00026356153894197687,3.056675115092397e-05,0.00016039196994730587,0.000609043831322806,2.9691702014986955e-05,0.0002655856399859555,0.0003110726549246893,0.00018231335854918568
tmRNA,tmRNA,0.002524115653909146,5,0.0009720328249670797,0.00018632302579233768,4.2174054693919485e-05,0.0001860631362251039,0.00010737951156915878,2.2199052306634158e-05,0.0001172526869007875,0.000342944903884682,0.0004050224615852942,0.00014272399598414827
ybeQ,ybeQ,0.002405517098480793,6,0.00023375560849588065,0.0002354360031421608,0.00010919359794122358,8.963982761160978e-05,0.00013503358391956245,0.0006440494751079488,0.00010916143530450684,0.0005065640465134871,0.0002684246089997341,7.425891144467916e-05
ydaG,ydaG,0.0023526352791650193,7,0.00017869907734526498,9.173784326385208e-05,0.0008635948156306583,3.330484693352108e-05,0.0005868756287595329,9.495230270096295e-05,0.0002017937943414602,4.997573041627549e-05,9.057895624775654e-05,0.00016112228352573501
alsB,alsB,0.002282822278163153,8,0.0004486567956458601,0.0005931226773918825,0.00022655605564545574,2.841466017829352e-05,9.378334705321765e-05,0.00041134140908828697,1.9876924693654964e-05,0.00021036833147740737,0.00013477946464531638,0.00011592261234377798
ybbC,ybbC,0.0022514336941353756,9,0.00017601399379416592,0.0005453150793479573,3.267819755342875e-05,2.2964225238575813e-05,0.00017044735877424502,0.0006075070599908185,1.796695650285904e-05,0.0002778334000371496,0.00026720583018116,0.00013350159271501564
ydaT,ydaT,0.0022457185113596376,10,0.0002466694873454096,0.00015183335019770559,0.0008050451708884013,1.899128225444894e-05,0.0005317425475751405,6.81667910963111e-05,0.00018923163828683166,9.935836119473402e-06,5.629280872896036e-05,0.00016780959886695545
stfR,stfR,0.002217249785427715,11,0.00013237407018367847,0.0001326607478577967,0.000812948631399115,5.067336194474877e-05,0.000543976309605019,8.543750967760252e-05,0.00021680218645468862,1.6808888195383072e-05,3.35118836504254e-05,0.00019205619645925774
yihT,yihT,0.0021978126572488443,12,0.0001488772519540724,0.0005904120410702533,0.00019693203710620136,1.803800138781901e-05,0.00017740499331318635,0.0005191997393560065,2.6453642551490452e-05,0.000244541232405399,0.0001104276078054827,0.00016552611029893317
ygeK,ygeK,0.002187418731894397,13,6.816224934112694e-05,7.96426150785141e-06,4.6947122606227e-06,7.80668638485185e-05,0.00013385601621974404,0.0006257277379011472,9.678139447470208e-05,0.0007629831055093772,0.00038640269502132504,2.2779695809982375e-05
pyrC,pyrC,0.0021847841447852267,14,5.8654024166943475e-05,2.174210132517024e-05,8.571632263899869e-05,8.538448042553033e-05,0.00017244031222996388,0.0005914718563604138,8.461499782918575e-05,0.0007156690165472161,0.00034984073095614573,1.9250302305658798e-05
yjcP,yjcP,0.0021757296165743766,15,0.00011990761234999162,0.00017013413514291217,4.623102966185958e-05,6.597235217538778e-05,5.77611900285631e-05,0.0005477515579216169,0.00012145470728325039,0.0006591168636676811,0.0003454146818634354,4.1985486479678656e-05
yfaZ,yfaZ,0.002174025401102793,16,1.4496723848104277e-05,2.4110643845434535e-05,1.0565530970444892e-05,9.002923242874432e-05,0.00015747858316581494,0.0006342471625944998,0.00010653979328441551,0.0007508070618528586,0.00037476719716341426,1.0983471949061859e-05
ygbT,ygbT,0.002144092186654294,17,0.0004319577549076551,0.00016390688008205483,0.00015782583241887827,2.630388313679666e-05,0.00010585935520609066,0.00018020583085873006,7.378069235277708e-05,0.00018124802175464,0.00016690338366629322,0.000656100552270378
recE,recE,0.0020896173817373477,18,0.0003714690390642868,6.310592625306745e-05,0.0007178220238389018,2.4679567657369212e-05,0.000478188312270164,7.897441743316486e-05,0.00012279424207448035,2.335219458329412e-05,6.22048411240199e-05,0.00014702681743859915
ompL,ompL,0.002067604407696187,19,9.807820931388905e-05,2.0236955115082002e-05,0.00013524653212385024,1.5425494794245256e-06,7.694095014942843e-05,0.00022981250857590128,0.00010509575298695593,0.00035414302500226557,0.00033606491286415006,0.0007104430120852399
ftsX,ftsX,0.002066590909972636,20,1.3626453258676212e-05,0.00011611382243515251,0.00012391221119687585,0.0012010802300062658,0.00016353786911992886,9.116649750777748e-05,6.951469234641997e-05,7.196071645579455e-05,0.00010477916373290462,0.00011089925391284002
yccT,yccT,0.0020561257571688747,21,0.00014646870366876987,3.8187295075529324e-05,0.0001143366627920129,1.1112196025554834e-06,0.00015731065983494178,4.9712549646694046e-05,0.0009831756968594282,0.00025198067474563253,0.0001783666132976122,0.00013547568164569795
rsd,rsd,0.0020498689704010636,22,9.63441887004277e-05,5.630594015865562e-05,3.146396952251815e-05,7.382551527713626e-05,0.000136113515750752,0.0005194698213636457,0.0001340305918614691,0.0006679262005325738,0.0002869642721822623,4.742495505162317e-05
pyrD,pyrD,0.00203967381228758,23,6.492962292839714e-05,3.89260990469856e-05,1.374474064275722e-05,8.530096817975097e-05,0.0001303716113941742,0.0005630344404822764,9.351559425652667e-05,0.0006600219337049083,0.0003501881564990749,3.96406451527288e-05
tap,tap,0.0020393566069830823,24,0.00017574395594426403,0.00014649513075480766,0.00013765377839276946,1.9785361395564717e-05,4.111116387153117e-05,0.0001694248869523089,9.564160644454806e-05,0.00027178737785671825,0.0002488435374139686,0.0007328698079566016
mrdB,mrdB,0.002024588276080778,25,9.403014489725853e-05,6.793928544516416e-05,0.00012632397417096128,0.0011350385088877797,0.00015049840640524913,0.00011203361484787803,5.2611758222810006e-05,8.85723782102404e-05,9.994370158865015e-05,9.759650340478657e-05
cyoA,cyoA,0.002019893589248363,26,0.00017382625317995335,7.820102784960483e-05,0.000100560324911431,2.42022356434845e-05,0.00013529280118332928,8.443540060250302e-05,0.0009382851453909748,0.0001563733720727187,0.00018329809574142605,0.00014541893267293725
pinR,pinR,0.0020075813498786604,27,0.000230506154208274,0.00014688370914566813,0.0007025742888398482,4.265748487663018e-05,0.0005047801526796318,5.634274277735157e-05,0.00015252636289002128,9.187364832471522e-06,2.55322420150796e-05,0.00013659084761368434
yphB,yphB,0.002004350318331278,28,0.00016694424068509325,5.0875026563737135e-05,0.00010587261324201556,1.5643979547855242e-05,0.00015056659313537557,4.880871538261693e-05,0.0009568647773803261,0.00020255642103581039,0.0001521120014767097,0.00015410594988173788
yagU,yagU,0.002000783064136109,29,4.131978068848979e-05,5.6299360320425126e-05,7.386009251380647e-05,0.0012813030136724864,0.00015219282610916138,8.23070939446107e-05,6.157260512345093e-05,4.516890268068237e-05,0.00012298958330402815,8.376980577896787e-05
yagW,yagW,0.001988005625917922,30,6.843424959446755e-05,9.856634449759487e-05,2.87241952422813e-05,7.912383656205149e-05,0.00015307259569176252,0.000559966211675781,6.478129830869893e-05,0.0005785116400810159,0.0003271838570321441,2.9641397232123798e-05
flhC,flhC,0.0019877333420466247,31,0.00024007157826691543,8.788043869303018e-05,0.00010997333539549667,2.157334987703242e-05,9.826233652917826e-05,7.7737496477258e-05,0.0008553766533393166,0.00016534672410118713,0.00013239474557467546,0.00019911668379253501
ybbM,ybbM,0.0019311274819997124,32,3.7321678301388124e-05,9.74256733182422e-05,0.00011150838355119821,1.838268090637532e-05,9.326500076089541e-05,0.00019286305616298422,7.272528642730744e-05,0.00027941759966990836,0.0002643585032391965,0.0007638596196622167
ycgF,ycgF,0.0019217857884514834,33,0.0002929908718567058,3.0614720367232996e-05,5.9048863755505517e-05,1.2936481799831035e-05,4.6473483578781836e-05,8.210796641944438e-05,0.000818188322612771,0.0001942131101191818,0.0001767673596249439,0.0002084446083170853
yncA,yncA,0.0019216462150188711,34,9.743338752997658e-06,2.3820727692131354e-05,9.439479156157112e-05,0.0012611761160219975,0.00016060384811475323,7.904492563777587e-05,5.543196651393491e-05,4.458141312085019e-05,0.00010693787808702022,8.59112095158389e-05
ydeU,ydeU,0.001917128019882578,35,0.00014216930454025853,0.00016100401394053372,8.502987078651932e-05,1.3402475837715926e-05,7.349231527273409e-05,0.00019460498964188702,6.628238762663214e-05,0.00026500649601045843,0.0002421929147453266,0.0006739432514805122
hspQ,hspQ,0.0019161276078781733,36,8.50704016050634e-06,1.7200371021838508e-05,0.00012715946767204484,0.0012027703680780597,0.00016101117376566475,8.818418391578357e-05,4.077495853829626e-05,5.438268850754177e-05,0.00011428970344756957,0.00010184765277086816
ybhO,ybhO,0.001910282937243905,37,6.139098138167885e-05,7.889369821290267e-05,8.718329473140502e-05,3.189594342523412e-06,0.00010564301202163022,0.00018872054585333632,8.302368915921183e-05,0.00029075349610587235,0.0002800422658525838,0.0007314423595827605
yjdL,yjdL,0.001909370606054567,38,0.0002364772429815597,7.74436969833631e-05,0.00013207343636008136,2.5175207527611817e-05,5.547293358762052e-05,6.126480637685017e-05,0.0009003362801711975,0.00016932696055432255,0.00016408927996095665,8.771076155100387e-05
ydaQ,ydaQ,0.0018968434711741588,39,0.0001730747959682763,9.143243373123879e-05,0.0006802912201319703,4.354717471413905e-05,0.0004948774118778397,4.928510742650375e-05,0.00018202152266254745,9.589629214789723e-06,1.1054368012379088e-05,0.00016166980743447442
frr,frr,0.0018864976776300907,40,0.00011349502296351779,3.261654094826158e-05,1.8535257054265477e-06,7.320387321929923e-05,0.00010004952911448814,0.000508008132860777,9.522494735426948e-05,0.0006549421534637012,0.00028493467902795385,2.2169272972396017e-05
recT,recT,0.0018835845916961704,41,0.00025451979249782597,8.673880454122487e-05,0.0006687883280144634,1.8611292643486943e-05,0.00040547828674955685,8.255216444248193e-05,0.00012138858854766557,5.0177520612104985e-05,3.7811327491536095e-05,0.00015751848615582414
yphF,yphF,0.0018664216526479978,42,0.0003178575908278302,0.00020901189269741452,9.211506949511518e-05,1.501267096917406e-05,0.00013639928515510034,0.0001958726146382937,7.224691085916236e-05,0.000182083279565561,0.00012929211068897248,0.0005165302277513737
yiaT,yiaT,0.0018655713850873803,43,6.085660343841934e-05,0.00014290166808949363,0.00010325997405841845,0.001015559134082279,9.620709030004253e-05,0.0001208246182782706,3.92340686010489e-05,9.277275368298901e-05,0.00010083576042638423,9.311971413003453e-05
yafQ,yafQ,0.0018648296490150385,44,0.00016006012507349245,1.3544225543950101e-05,0.00012247920295590232,2.991561691665015e-05,0.00010211169516988376,8.863815432462498e-05,0.0008241867493598959,0.00012854016081180898,0.00020818479215552118,0.00018716892670330863
yehC,yehC,0.0018524297434939936,45,0.0003608485357612738,0.00014953207772410286,4.2253140933338266e-05,4.766767037863553e-06,0.00013475286214034712,2.618344939994331e-05,0.0007065904470181481,0.00014390736174331743,0.00010284611642534251,0.0001807489853103167
uvrC,uvrC,0.0018327279291460127,46,0.00021966278199020482,6.579248511578676e-05,6.350203629614863e-06,0.0010661798839099726,0.0001793341804180412,2.6108191065205688e-05,3.870828402391794e-05,5.977801001816546e-05,0.00010119621019362222,6.961769878148108e-05
sfcA,sfcA,0.0018105772676304745,47,0.0002915363091102406,0.00010840728155496098,4.539879251039591e-05,3.426209802320289e-05,1.4384751221709127e-05,8.423349190801847e-05,0.0007789405972196533,0.00016747990169804365,0.00011697252544297505,0.00016896151894127455
tsx,tsx,0.0017740890533134224,48,0.0003552064476904627,0.0004209586438942003,0.000247621480388338,2.0555467513260444e-05,0.00013962719222432372,0.00029302867868214106,6.442134928320721e-06,8.24231012605371e-05,0.00014752769219664058,6.069821453519763e-05
dhaR,dhaR,0.00177277060368057,49,2.8862888575528657e-05,9.871503298056644e-05,3.289187034434556e-05,0.0012526225992633506,8.893512053066942e-05,8.156227543542103e-05,3.089094119399438e-05,2.9759130290690198e-05,8.906665018443781e-05,3.946409488156564e-05
dcyD,dcyD,0.0017561970330906246,50,0.00011804144255964958,0.00013724170575785452,0.00010070577351396034,1.8301991579885856e-06,6.256326675751448e-05,0.00018970900107300034,9.710389641587237e-05,0.00026593911335678444,0.00022121737545611664,0.0005618452590418832
pinQ,pinQ,0.0017476264374387074,51,0.00016188941641230776,0.00012567914322343386,0.0006258365596570446,1.502647634721784e-05,0.0004104795820921397,8.568950452168593e-05,0.00011087005201051897,3.586356284504241e-05,0.00010854165129244432,6.775048903687215e-05
racR,racR,0.0017446790811693885,52,0.00027807974803178417,6.0265686034776716e-05,0.0006406775170695276,5.545470115755118e-05,0.0004758679949574245,5.009357848325514e-05,0.00010082843506592325,2.5660312178298394e-05,7.177086980090373e-06,5.057402121075708e-05
yeaR,yeaR,0.0017264681446397042,53,0.00015124422229404887,0.00010622800533653892,6.582086888611395e-05,2.3714569480137692e-05,9.844010564118654e-05,0.0004108407136535295,1.834627082982606e-05,0.0005699667387030225,0.0002476151605901603,3.4251489225140076e-05
cobC,cobC,0.0017200104416050456,54,0.0002546921559465193,0.0002708189907911556,0.00016235068417313857,3.2563026938827044e-05,0.00014781767890888255,0.0003707941043626278,1.4596432319541828e-05,0.00015018661831265383,0.00020319691658718592,0.00011299383326451293
sseB,sseB,0.0017092524248467807,55,0.00035620491187384764,0.000236986563435118,4.657667131959154e-05,1.9585032099411643e-05,8.702637222047733e-05,6.140543466107296e-05,0.0005891333625316905,0.00015589582003248595,0.00012664187317939005,2.9796383493695005e-05
fhuA,fhuA,0.0017082291122562715,56,5.582813176688662e-05,4.2874109680685465e-07,8.597040111321093e-05,2.6903745514660476e-05,0.00011549773952044309,5.3066576024817265e-05,0.0009080973750525671,0.00016169133563370447,0.0001444265043924468,0.00015631856214072778
ybeF,ybeF,0.0017063559806528707,57,0.0002727016913476216,1.3669120892041773e-05,0.00014764171781769453,4.1751283262919076e-06,4.303539582595185e-05,9.871048780189581e-05,8.483407709471102e-05,0.00022531808180940662,0.00022465616618225424,0.0005916141135550012
yifB,yifB,0.0016961534448665056,58,0.00025651291913084676,0.0004784131094169497,0.00019209851184259294,4.944465621704471e-05,0.00011460715858015021,0.00027894299653303764,3.7564921696705e-05,8.067309691995877e-05,0.00014579868983942426,6.20973846897958e-05
yfdK,yfdK,0.001679510445532571,59,0.0002128455388724331,0.00016283753457089898,7.130108477119266e-05,2.579797327778456e-05,0.0001281310519870852,1.629148216948492e-05,0.0006958737911391991,0.0001669143154272945,9.319321043845524e-05,0.00010632446287874299
yddV,yddV,0.0016721423263747232,60,0.00013439062579065388,5.357839993265384e-05,3.495839814539937e-05,5.837790812954493e-05,0.0002048539671066358,0.0003889572895430805,6.335798884901726e-05,0.0004270204298987915,0.0002296570025840036,7.699031639494237e-05
aroF,aroF,0.0016671776865818575,61,0.00012160360492473917,0.00011951419717087255,0.00011503155579148939,1.784386847071039e-05,0.00011298811124769103,0.00019055645122942417,1.679726635387208e-05,0.00018777445467662538,0.00017749824301318626,0.0006075699337032471
sieB,sieB,0.001666779853907848,62,7.544756130986444e-05,9.303173407572348e-05,0.0006536240363042718,3.9035790828368165e-05,0.0004236573344363817,7.830688308165017e-05,0.00014017910390923632,2.6552500719803916e-05,1.5791760111368594e-05,0.00012115314913117954
LELOBEKKtfaE,LELOBEKKtfaE,0.0016548440715722077,63,8.544004012369145e-05,0.00014284913612943722,0.0005696211517690103,4.232540085145455e-05,0.00035962066068857227,0.00011757707122425898,0.00015670339182004788,3.3640496211306185e-05,5.0532083016332534e-05,9.653463973809653e-05
tdcB,tdcB,0.0016494678805072385,64,0.00022513299704022437,0.00046685839533295643,3.281790076323651e-05,4.191446077338189e-06,0.00011505541805305486,0.0003953691692978091,1.682913846283294e-05,0.0001849762524658523,0.00012823949443339398,7.999766858053975e-05
idnR,idnR,0.0016468500005879984,65,8.984144251753745e-05,0.00014624033676747977,5.523184783125071e-05,6.439158425441327e-06,0.00012751180342376398,1.8591554205374693e-06,0.0007195112377955904,0.00018495872481114458,0.00010498020983324926,0.00021027608376200364
yfeA,yfeA,0.0016446946374946954,66,0.00028161003325873914,0.00016489097330445824,6.631873431884306e-05,7.1826257798640076e-06,3.275663847879948e-05,0.00011979256486525595,8.787475137660402e-05,0.00022328335731215942,0.00022009352629777745,0.0004408914325021945
rpiR,rpiR,0.0016212373935728518,67,0.00017065551069769103,5.850164545713911e-05,0.0001083560604250196,6.675405808026734e-06,0.00011362838573652507,0.00014982152564216962,8.999577696029976e-05,0.00024079952465146334,0.00020113149389059336,0.00048167206430392416
cysD,cysD,0.0015959095336395344,68,0.00010618971664702435,0.00010844829495363141,5.894875121705702e-05,6.778475807596774e-06,5.479088491586055e-06,0.0001623644987724778,5.538201017362276e-05,0.00023652091704952165,0.0002815318059612649,0.0005742659745657517
nrfB,nrfB,0.001585544587768884,69,0.00016226912614774764,0.00018660505752650646,0.00031845391384709696,0.0001614111052434766,0.0004418057099730624,3.6636895134443456e-05,6.013870403143571e-05,8.281124275107711e-05,2.2670287857216767e-05,0.00011274254525682096
hdhA,hdhA,0.001585070342860024,70,0.00012390892247045245,7.976967075665611e-05,6.762267846327768e-05,4.3319008267152164e-05,0.0001836847551302052,0.0003364315466126707,0.0001214454191139704,0.0005076759070736624,3.598111497054962e-05,8.523132000142725e-05
yicN,yicN,0.0015814772614139926,71,0.0002787548098813801,0.0004076400024962971,8.203458660778132e-05,2.5593723193924336e-05,6.58278570601137e-05,0.00034568102768929717,2.198484546864134e-05,0.00014355905472011708,0.00017866836656327625,3.173298773316417e-05
macA,macA,0.0015686001023814237,72,0.00010424028441478318,5.177174414294788e-05,0.000559175147981538,5.092580259037354e-05,0.00045234338591069014,5.227694945396517e-05,0.00015037175820382232,3.256269476237127e-07,6.92507744949522e-08,0.00014710015196118498
ydfK,ydfK,0.0015669220836637514,73,0.00016061126373665105,8.990383179793122e-05,0.0003490110269336085,6.2276569815698e-05,0.00018732400847543818,0.00023005980039545417,3.074035394655939e-05,0.00022789480101873387,0.0001394328768018681,8.96675507418089e-05
racC,racC,0.0015595814541027326,74,0.00029565540223429733,7.75966574921963e-05,0.0004710490174342507,8.140196278059334e-06,0.0003611313957654569,8.690061140067051e-05,6.595848333992469e-05,8.582945592369701e-05,2.976854512412516e-06,0.00010434337972176758
hslV,hslV,0.0015454976514638894,75,0.00016012523068847316,0.00010603121109527622,8.218102066113821e-05,0.0008403632224344454,0.00013278562777878085,5.716461396139102e-05,4.823347681326843e-07,7.974116603848565e-05,3.129949612645215e-05,5.532372791131399e-05
hypB,hypB,0.0015403200057019285,76,0.00019484105981218799,0.00024042783433859892,0.0002952350674617281,8.194086886415635e-05,0.000386476409267156,5.44041219510394e-05,8.715420377952135e-06,0.00012499846331267872,0.00014136075814563299,1.1920002170797915e-05
serA,serA,0.0015289456266241747,77,8.48464376840239e-05,0.00021565771376556267,4.3169975200476354e-05,4.474145308596271e-05,8.931754800250229e-05,5.8536942914079915e-05,0.00017291826762492825,4.3479656663421754e-05,0.00054663031431063,0.00022964731737258688
intR,intR,0.0015254072243186271,78,0.0003272969982761831,0.00010835005312892936,0.0004165558358453269,5.869900055916214e-05,0.0003508538419760433,1.2330883024706864e-05,9.459842132853522e-05,5.1521516906597715e-05,3.335997733396728e-05,7.184069593917526e-05
sgrR,sgrR,0.0015118717494721167,79,0.0003554221286000119,0.00027268981718049835,0.00017257310781710358,1.3465396563836732e-05,0.00012661458143759064,0.00023107371318807334,5.482925338713337e-05,7.439371554942838e-05,8.971355977090473e-05,0.00012109647597753551
gadX,gadX,0.0015108373474343017,80,0.00017865620286974907,0.00036067867606524336,0.00017258931863172141,3.8597659005063074e-06,9.844771148291589e-05,0.0002850642673839635,1.975818286966711e-05,0.00016960624141546354,0.00014739582888964058,7.47811519254313e-05
parC,parC,0.0015070460052238794,81,0.00015035086204938966,0.0003368467955191598,5.130141677495879e-06,1.2901437856856613e-05,2.2458493002922378e-05,0.0003871731540040015,5.5181934340852496e-05,0.0002147815337643542,0.00018524662406224065,0.00013697502894660638
aes,aes,0.001501819350060885,82,0.0003399891071759508,0.0002514596775400825,0.00015596901668180651,2.277914699000847e-05,0.00026520456290802814,6.957629339981409e-05,7.556892583861033e-05,0.0001150876624931197,6.308949617195166e-05,0.00014309546086151303
LELOBEKK_galT,galT,0.0014802220473032223,83,5.067184601323094e-05,2.125130947871e-05,5.539647838950219e-05,0.0008863355665336354,0.0001235284382742357,5.3045914412033375e-05,3.4389230551544346e-05,8.384773566251163e-05,9.062906677163351e-05,8.112646121618555e-05
arnB,arnB,0.0014776009914236022,84,7.143657056766976e-05,0.00037243662055589223,6.214329551496502e-05,1.4194340001035794e-05,4.735635971006292e-05,0.0004059337425068683,7.74936382040141e-06,0.00023369801669718298,0.00012831620243378359,0.00013433647961574028
ybjC,ybjC,0.0014694748410834738,85,2.796042748841059e-05,7.266210422464453e-05,0.0005462460856162241,5.379033134420645e-05,0.00042573442830602014,7.771024368432359e-06,0.00014850531430971037,6.512295375971976e-06,3.2715533907747855e-05,0.0001475772961421056
ycbZ,ycbZ,0.001469130516001158,86,1.8406200675441457e-05,1.7232617307807428e-05,1.1511646534979283e-05,7.747517666069624e-05,0.00012940764844167408,0.0004237576654165007,7.616365471092639e-05,0.0004744164748459301,0.00021435854312610076,2.640088828110141e-05
cirA,cirA,0.0014513895254852744,87,0.0001989840743346983,0.00013533437256823782,0.00011094229987039506,7.41290033023162e-06,0.00011465095938460356,3.804118511168956e-05,0.0005333941002878738,0.00018575299385025914,0.00011031809401768248,1.6558545729603078e-05
ybgO,ybgO,0.0014391102294226967,88,0.00011496175834195759,0.00012931378326116544,1.5138994519145311e-05,1.0826420372724868e-05,7.210789959605406e-06,8.178667091324528e-05,0.0002340288723283871,3.9554837974345805e-05,0.0005789815523828065,0.00022730654936931348
yfcI,yfcI,0.0014202706365816398,89,0.0004935646135052984,0.0003401828381879586,9.893235302828764e-05,3.731955665883385e-06,5.515075112507564e-05,5.866202640824754e-05,0.00018337895954457394,7.711383450013199e-05,1.692427719638206e-05,9.262902741980079e-05
gntP,gntP,0.0014182634698107028,90,0.0005251003648012782,0.0002649381884545719,0.00020484856037308844,5.107312028987112e-05,8.759158413091128e-05,9.007656599413906e-05,4.074817022456261e-06,9.084846857235822e-05,3.0689308988574985e-05,6.90224911834535e-05
sfsA,sfsA,0.0014024264972305135,91,7.075248062466981e-05,0.00019582299677817712,0.00010470915215152787,4.771010610915211e-05,0.00010082361921548785,0.00033988659113685644,7.845593254531e-05,0.0003722000985025561,7.951814755589851e-05,1.2547372610877615e-05
yobF,yobF,0.0013886604371411177,92,1.1789364662201164e-05,7.991067689292546e-05,1.2048564089064183e-05,6.359902980558754e-05,0.00013088583459216138,0.000350424637846812,7.610653446746537e-05,0.00042576150696414306,0.00023225976392263244,5.874523898125128e-06
yadL,yadL,0.0013845879194810465,93,0.00025275100567421555,0.00034884239110413625,0.00020124957813491955,3.759294139210329e-05,9.563803110421028e-05,0.00013912058477415947,3.381656521375395e-05,7.338550181837188e-05,0.00015466555048754624,4.752576977763019e-05
yicR,yicR,0.0013827527867824208,94,0.00015315864158444592,0.0002502047947004943,0.00016059647467540816,3.116019183976731e-05,0.00011333431936937912,0.00031361899361994255,1.4912142844916203e-07,0.00014491893320702303,0.0001248489141040004,9.076240225351099e-05
clpA,clpA,0.001378632667794407,95,0.00019027423736670197,8.194161734525094e-05,0.00010175050273957883,0.0006728357970983184,0.00013998397460221574,5.423132964811375e-05,1.9882814436099365e-05,7.799434748295963e-05,3.532473670017875e-05,4.413310374989662e-06
frc,frc,0.001374176492570406,96,0.0005626821141169181,0.0003149394739604386,0.00013216331946491427,1.8091278222727724e-06,0.00011366628869583718,8.36214932122533e-05,1.7721995304313355e-05,4.31700377858786e-05,4.9700318858746164e-05,5.470232334883402e-05
yhhW,yhhW,0.0013690996772508471,97,4.14960379676091e-05,0.00018269759399029765,5.322961967441925e-05,1.1728424370829552e-05,1.8331451733322835e-05,1.3663845397282929e-05,0.00018025330210814087,4.435828089944213e-05,0.0005994438655550335,0.0002238972555544692
fadD,fadD,0.0013642192432471124,98,9.652597132518344e-05,0.00010253252555273932,8.10118277675665e-05,0.000807017902971499,0.00010899996106041177,4.728022405139459e-06,4.9670173990659076e-05,6.237367373488228e-05,5.043361125432367e-06,4.6315823313598964e-05
adiA,adiA,0.0013535148129568872,99,0.00038409340841636893,0.00036397242762626974,0.00021325265607620222,6.260509532259575e-05,0.00014711082468941744,7.351562135864153e-05,2.096751930034115e-06,3.3288584807826436e-05,6.024902160761603e-05,1.3330421121915124e-05
ycdU,ycdU,0.001338188704019006,100,0.00010849453303044591,0.00017293172422340634,0.00031896909576960243,9.103079368896569e-05,0.00028625583873893336,9.219704217177216e-05,8.788279051440466e-05,4.742299405358449e-05,6.548733627639741e-05,6.751655555149327e-05
yahH,yahH,0.0013306538712850398,101,0.00027597340884643885,0.0003868738439776692,0.00015903022225201752,3.4801180766760285e-05,5.7299342001930724e-05,0.00019587244117419842,3.8822987356999995e-05,4.911048153074187e-05,9.681492968314333e-05,3.6055033695139757e-05
hemL,hemL,0.0013268950177055612,102,0.00022401416425671912,0.00034998930073548424,0.00012902368017900045,2.4888824073797478e-05,2.4029350884942927e-05,0.00023019994728405537,2.9914601349266463e-05,0.00010299797222933693,0.00017433453944063547,3.7502637272322926e-05
cadC,cadC,0.0013209723632828657,103,0.0004100939461594482,0.0004642978794118257,0.00014593805686502297,5.9352669700974604e-05,0.00012466864390709388,6.449404475863333e-05,6.031946676272602e-06,2.605407879120619e-05,5.48066275891155e-06,1.4560434253477057e-05
yjiN,yjiN,0.0013199446087289732,104,0.00023151133221810142,0.00028898519654400016,0.0001709476814869963,2.800898919641949e-05,0.00010669711417169061,0.00022794046055742132,1.971595553023158e-05,0.00010330192396227443,8.805062270976897e-05,5.478533235206895e-05
afuC,afuC,0.0013164013310262737,105,7.472923749583883e-05,0.0002791883770134968,9.993735219739264e-05,1.7171075818575192e-05,6.426276158376551e-05,0.00034121735342426847,8.764374596115284e-06,0.00013493949802464576,0.00019872365937699342,9.746764149518178e-05
fliL,fliL,0.0013074206725162557,106,0.0001389971434715031,0.00019363617310469268,0.000312223961955702,5.210535787273966e-05,0.00029023952293918254,8.95357005307989e-05,8.30583689532852e-05,9.47690006436467e-05,2.5191818455983152e-05,2.7663624588721393e-05
hscC,hscC,0.0013017876782939533,107,0.0004201394146873278,0.00023707338930699278,0.0001414171275065069,1.6017581066231253e-05,3.1631616702352734e-05,0.0001822569322283804,4.7269728885737044e-06,0.00011681154619057179,5.903262071125379e-05,9.268047700576209e-05
viaA,viaA,0.001297188542333353,108,0.00020815372956395353,0.0002999971300334493,0.00016486144873894374,1.8482371690455632e-05,0.00011994440344795614,0.0002558054103715464,6.692131843831801e-06,4.571378066784648e-05,0.00012048695488058511,5.7051181094784804e-05
arcA,arcA,0.0012946989636371318,109,0.00012159122564805681,5.9489636633931213e-05,0.0001238956610708363,0.0007061548701888309,0.0001432088883043481,5.0201337175095376e-05,1.819950148070686e-05,4.395387967644137e-05,1.900523836111223e-05,8.998725097772987e-06
hslR,hslR,0.001278144914809558,110,9.05911372727629e-05,6.964257563492746e-05,8.387366801898523e-06,1.4916350994449257e-05,3.5832892049319075e-05,2.4098541334716177e-05,0.00018408668960889402,4.7511394968584395e-05,0.0005575613110934877,0.0002455166550505182
cspI,cspI,0.0012768158597364827,111,0.00039105404684085314,0.00014411550179329919,0.00033431148268995805,4.7326378412487306e-05,0.0001610893881988838,4.3987248327657324e-05,1.1691508436652464e-05,1.48013522345303e-05,7.00394650778723e-05,5.839948772428891e-05
guaB,guaB,0.0012640109251312783,112,0.00025420291624505794,0.00011248229862587494,5.2639083255973996e-05,3.264093588627187e-05,9.486833396451887e-05,0.00016582900858723762,2.4385781930552785e-05,0.0002480569959319019,0.00013405118917074322,0.00014485438153314536
yddJ,yddJ,0.001255118272246787,113,0.000419834974377414,6.345778077023095e-05,0.00026436817420490486,6.116482105465129e-06,0.0002709219976272007,3.073985092336391e-05,1.0929344171465028e-06,5.731710802333815e-05,0.00010131486373149659,3.99541060662257e-05
yjiK,yjiK,0.001249670556774266,114,0.00025386672548329795,0.0003758298507296261,0.00013636160437436703,5.872345170088915e-05,4.043266662433965e-05,0.00016690957980040977,1.2857444188009232e-05,3.875307847642102e-05,3.312260960402542e-05,0.0001328135457928806
yncD,yncD,0.0012460751994431908,115,0.00011987854723939507,0.00010404097843663155,4.327614577172795e-05,8.75243346836801e-06,3.839203981252066e-05,1.6863255529193455e-05,0.0005638660745204585,0.00010725064722458548,0.00011153880087911533,0.00013221627656119476
yeeI,yeeI,0.0012460423932215009,116,0.00019863023179816474,4.015058343374809e-05,0.000495702046425747,1.8473274457985236e-05,0.00019703168344790327,6.914466407448345e-05,8.282381148026435e-05,8.060495501055706e-06,7.116496448454278e-05,6.48606381176061e-05
wcaD,wcaD,0.0012399723810657315,117,0.0005244425171752392,0.00029157759064093943,8.49785846283408e-05,9.708974575279123e-06,2.2619486482619167e-05,7.655068708182629e-05,1.571136466119284e-05,0.00012269745826074688,5.120465674833982e-05,4.048106081120815e-05
gspA,gspA,0.001239784697527955,118,0.00010437730738619974,0.00018608396500960632,0.00010885924205933884,8.267990610309026e-07,6.9965259272429e-07,0.00022877485334725316,7.342655932404655e-05,0.00027679964332201837,0.0001165288125415026,0.0001434078628842341
yjhV,yjhV,0.0012394076813806742,119,0.00012462557521395376,0.00017339336590510676,0.00025147413578606817,4.179562680005842e-05,0.0003649285817537808,6.543111491558638e-05,1.324088033053778e-07,0.00010230089961509304,9.149905155228815e-05,2.382692103543351e-05
ybeT,ybeT,0.0012330244155942891,120,0.0004350702830308884,0.0002820213817510355,0.00015198403572153557,4.471953726208129e-06,2.561354421550594e-05,0.00012906840135597892,1.2246674489213886e-07,5.495033513735425e-05,0.00012026747629465943,2.9454537616230755e-05
rplW,rplW,0.0012284849651398304,121,0.0002136706754594278,4.515573288188158e-05,3.7612656288849605e-05,4.2452893415952275e-05,6.47232292864752e-05,3.647074467629723e-05,0.00013761503533326098,9.012309673869545e-05,0.0004347574499391291,0.00012590345111986127
yfeK,yfeK,0.001224781828486382,122,3.649850484620073e-05,0.00013320303957595252,0.00022372547745255395,0.00010629030930733466,0.0004073162801753589,4.5814820127747885e-05,3.100907918915494e-05,8.797712762994351e-05,4.701598748234259e-05,0.00010593120269979259
yrhC,yrhC,0.0012162077612991968,123,9.255647689512517e-05,0.00017791839820410727,0.0002896686883287135,7.062374172645631e-05,0.0003725544673379919,2.7720483834223024e-05,5.2564507523833364e-05,0.0001032205040437602,2.7887203695303445e-05,1.493289709682472e-06
ybfE,ybfE,0.0012149810990742958,124,0.00022343096707074555,0.0001422107809521355,0.00014748926624018658,0.0001080549554760837,0.00023314569067847503,5.930968985299862e-05,1.0320793927938492e-05,0.00011429783141771464,3.6363207176300526e-05,0.00014035791628171717
valS,valS,0.0012142876658060172,125,0.0002267685980543862,0.0002915779140250895,7.563164920056242e-05,4.996115208113395e-05,1.0532911173425822e-05,0.00011897768684991793,3.052454454099005e-05,0.0002325983304120943,6.792195204251956e-05,0.00010979292742589733
ygaT,ygaT,0.0012131227770405839,126,0.000174106750172566,1.66034094019503e-05,4.410902298725423e-06,2.9173935130143225e-05,8.245457114425547e-05,0.0002833058832836503,9.658988477134036e-05,0.00039149957345849,0.0001089119012734178,2.6065966106044786e-05
mdtQ,mdtQ,0.0012116227218705096,127,0.00036271000399752115,0.00011758451664882916,2.773635454054692e-05,4.741813809278071e-05,7.113428309890928e-05,0.0001517817948482771,0.0001167775114429982,0.00018496650978581494,0.00012267347149829967,8.840137916532742e-06
pgaB,pgaB,0.0012114881898069919,128,0.0001323403790761933,3.7900804959847306e-05,4.358364275093148e-07,2.7784507616774736e-06,3.823412100091079e-05,5.5282473730002604e-05,0.00016941883544848783,3.976865002515224e-06,0.0005213043450952919,0.0002498160783045562
sdhC,sdhC,0.0012041105075726057,129,9.812948158251136e-05,5.42822368146237e-05,4.709292836816021e-06,1.9097152791768563e-05,8.178713818892944e-05,2.6802391081179805e-05,0.00014919266511486588,5.0704228573469086e-05,0.0005259701918416306,0.00019343572874681115
ydjF,ydjF,0.0012029829340124796,130,0.00035219936721414584,0.00016468154971241688,4.96922222554826e-05,7.306593332738624e-06,8.978261272361874e-05,3.924659768264296e-05,0.00014039538370753057,4.4456506984656015e-05,0.00014984386291142144,0.00016537823748782594
dgoD,dgoD,0.0011781296760979532,131,4.315166139577637e-05,0.00013221013550560932,4.7053865408156315e-05,4.508444938398243e-06,6.573073299487097e-05,3.406330422355616e-05,0.00016002811825100937,5.59910331971712e-06,0.0004938226392736883,0.00019196167078717118
ydeQ,ydeQ,0.0011750298674575211,132,0.0004134883481856274,0.00013159981113394773,9.139542796786078e-05,2.1891911572576264e-05,0.00014324003179156823,5.2932204421675795e-05,3.636389469663509e-05,3.9218630981385545e-05,6.659155706767378e-05,0.00017830804963857064
ydbA,ydbA,0.0011692175197418986,133,0.0001654337806886314,5.669480557187673e-05,0.0002896308031569665,3.33873786674781e-05,0.00013519858808787072,6.8579475400304145e-06,8.779541314439026e-05,5.687575492593028e-05,0.00023163598303492159,0.0001057070649238024
yhdP,yhdP,0.0011679114111774597,134,0.00029182745321753656,0.0004883591543829609,0.00011273151915655737,5.641213128384613e-05,7.921471143519774e-05,6.105093684600799e-05,3.185823909666695e-05,4.2801412345358995e-05,1.200740015255594e-06,2.4551133980713e-06
sgcR,sgcR,0.001152453233948321,135,0.00027010811271943505,0.00014375020038708786,8.794398178119754e-05,4.851995829072488e-05,7.506283713101565e-05,0.00015102712040261502,9.779656622918565e-05,2.3721362559648016e-05,0.00019118551905434317,6.333757539306808e-05
ydeK,ydeK,0.0011471212257862097,136,0.0004924015275283279,0.0002004062403818987,5.5583212278356554e-05,4.139058141305163e-05,1.3190999824100421e-05,9.806283229703143e-06,8.315969451140362e-05,2.130957765043874e-05,4.484283518363256e-05,0.00018503027378529647
yieK,yieK,0.0011460987965258755,137,0.0002458092477788153,0.00019294471887678247,0.000128025447578621,4.077253970206407e-05,0.00028407244454341197,9.584254510409262e-05,2.1591309860924944e-05,5.582514966857917e-05,4.2423160875525436e-05,3.879223253705866e-05
ycaJ,ycaJ,0.0011441935784064577,138,0.00020155900899054385,0.00010995763699888404,0.00026042238644393816,4.943784179223388e-05,0.0002198513206077976,7.721168277582376e-05,9.159418902040603e-05,9.943168962139919e-05,8.111764886515178e-06,2.6616057268916166e-05
tdcD,tdcD,0.0011405659740556854,139,0.00015960558502979983,0.0003475806950824533,0.00011024627572126577,5.2067340689469394e-05,7.791594362580274e-05,0.00018792105762922707,1.9905136634783813e-05,5.0344913951399145e-05,0.00010932533866676388,2.565368702472039e-05
ylaB,ylaB,0.001132803351165088,140,0.0002869168419224585,0.00019121292673259064,0.00012693011220891824,6.66782124158905e-05,2.7818276516090387e-05,0.0001585087118981255,2.2080166140285576e-05,0.00011796359400180718,1.4011120758557608e-05,0.00012068338857036371
hycC,hycC,0.0011285226018159374,141,0.00028942768567805614,0.0002476720204999845,0.00010661954868805615,2.2862125849314062e-05,6.617945533854292e-05,2.4820072800926287e-05,0.00019655206419032974,0.00010780743069547345,1.1090202417299194e-05,5.549199565795517e-05
gmk,gmk,0.00112689663774616,142,6.441215504523816e-05,6.770877672807099e-05,3.614323917688523e-05,3.3850806789106405e-05,6.8800336187967e-05,0.00013383644749941838,8.72640842551287e-05,0.00025680411852183543,0.0002636030161044658,0.00011447365743804376
fumA,fumA,0.0011256937372404801,143,0.00043158542425702313,0.00012334497741086836,0.00013964463278801455,2.853376764007098e-05,0.00016511728243090402,1.527249125639454e-05,2.2652987677043324e-05,5.803964045510294e-05,4.363562404161283e-05,9.78669092834456e-05
yeeY,yeeY,0.0011251348390170903,144,0.00016615145839233355,2.254769632904886e-05,3.913042073528053e-05,2.5298060642369345e-05,5.3400530017383854e-05,4.179653330524698e-06,0.00015366377900006398,7.087415721452624e-06,0.00045095594370334107,0.0002027198811452917
yaaA,yaaA,0.001122266338828982,145,0.0002667313545456244,0.0003538552318434758,7.686531254132335e-05,4.102707015613115e-05,1.151055602811055e-05,9.137909544327135e-05,5.205601816632622e-06,9.3768102912603e-05,9.039851883068626e-05,9.152549471112355e-05
chaA,chaA,0.0011176672179715043,146,0.0004159171257228401,0.00015020044511117374,6.0555068831885747e-05,3.6319250756811016e-05,0.0001310941018684518,2.6949306375978507e-05,6.127866407887512e-05,5.0193188762490866e-05,0.00010275630004816969,8.240376641482775e-05
ykgI,ykgI,0.0011133598614847568,147,0.0002690179784365335,0.0002635802669501828,0.00014615141603125346,4.66118833624067e-05,5.163376073811526e-05,0.00015740155852682496,6.523017094375578e-06,7.268328110610616e-05,4.5005505955831905e-05,5.475119328312642e-05
uxaB,uxaB,0.0011128314820811355,148,0.00035470257722735026,0.00019416581759723524,2.5024870703950376e-05,4.2108192420408306e-05,0.00012395837312007102,2.7460002352209405e-05,0.00010831532009957324,5.946512282669384e-06,0.00011005968376065131,0.00012109013251701698
yccW,yccW,0.0011126354949156454,149,0.000496921736599114,7.991339315792429e-05,8.056123517761193e-05,5.7353803848968285e-06,2.9430968991963343e-05,0.00013052409308751017,3.157796340583776e-05,9.483978452173567e-05,8.647312770187383e-05,7.665781188717772e-05
ydjJ,ydjJ,0.0011086895786808237,150,0.0004848111323820674,0.00025078872403614636,6.756723813094446e-05,1.303678168991392e-05,9.46597314295699e-05,1.4631528665491739e-05,2.5699975655211792e-05,3.27720892853778e-05,2.8061489182810058e-05,9.666088822329027e-05
cysC,cysC,0.0011086741569981432,151,0.00015108761397112465,1.4706053745699187e-05,0.00020317279543027777,9.516213298501793e-05,0.0002905062082295678,2.5161271437879505e-07,7.09342773651011e-05,8.954917037198466e-05,3.4787633170172615e-05,0.00015851665901481864
rplC,rplC,0.0011083950427820805,152,0.0002183901387455497,9.265337068525473e-05,4.183214186546196e-05,6.40751167440477e-05,8.705999721755978e-05,1.9644872324457965e-05,6.436542176899046e-05,0.00021891347768116624,0.00014483936661186862,0.0001566211391377234
yncK,yncK,0.0011028422204415775,153,0.0003454380265884783,8.891473410877355e-05,0.00016762314329179197,6.681733766330371e-05,0.00022834228564206285,5.012570785979153e-05,6.125421116002858e-05,1.693273207345091e-05,2.0457405089163833e-05,5.693663696473218e-05
yncB,yncB,0.0011000245915692133,154,6.141122630870311e-05,4.061994353991538e-06,4.950770319876786e-06,4.110361541427059e-05,5.4502515470491664e-05,0.00014165764037973693,0.00010816792746214603,0.00029818637681502323,0.00023041432818354706,0.00015556819686142644
glpT,glpT,0.001099414033326895,155,0.0004241551180940776,0.0002647287462166059,1.800571265536768e-05,1.013550470056903e-05,8.437902213368199e-06,0.00010643788780760475,2.5248383880734285e-05,2.7069979842089757e-05,0.00010053108298276635,0.00011466371493371151
amyA,amyA,0.001097188870456531,156,1.921578037335371e-05,5.2891427335071306e-05,6.915833933637488e-05,1.8678031016373087e-05,0.00011313742040311706,0.00011173343253329364,9.58116140198219e-05,0.00026689049333123577,0.0001807373149534309,0.00016893501715445886
dacC,dacC,0.0010953230494156032,157,0.00017191004079780123,0.00011335061931306603,9.414518590678508e-05,7.887632674111605e-05,4.183229328905422e-05,2.9025585385384945e-05,5.915780101801806e-05,0.00024960000293486166,0.00016369575953957565,9.372943448994029e-05
psd,psd,0.0010932887648009136,158,0.00026937384835649096,0.0003083118353126726,6.055692733783669e-05,8.752137730331802e-06,7.778520692506867e-05,8.467595203985053e-05,7.617554879226521e-05,6.217221769795591e-05,8.681951058287158e-05,5.866558002556945e-05
gatD,gatD,0.0010918921586516024,159,0.00051351170887394,0.00019837659927144307,0.00010292631688862214,1.1175135742145814e-05,1.0520195129895934e-05,1.758216705711775e-05,3.488285846819735e-05,4.965890649099321e-05,2.4018518945218953e-05,0.00012923975178402816
araF,araF,0.0010899080046862758,160,0.0004614991938937192,0.00020575618222986602,8.649703658008303e-05,2.005669999026248e-05,9.114153481946973e-05,1.3463747140160844e-05,8.565240067757941e-05,6.885502172566831e-07,6.065478505135184e-05,6.449787408652669e-05
glnE,glnE,0.0010840449722289134,161,0.00012811054801790085,0.00019633290783506056,6.9726068966003e-05,2.108844265445572e-05,4.9840520890456924e-05,0.00024911685421882736,3.084437430262466e-05,0.00012014789171146797,0.000137025263527515,8.181210010460132e-05
yadK,yadK,0.0010810582091414114,162,0.0003334472171761689,0.0004805612385991579,0.00011232210461823936,3.246222141005099e-05,5.614590086663335e-05,1.1362401483978976e-05,3.3513909736965504e-05,2.3045855232541503e-07,9.019904808058712e-06,1.1992851889832513e-05
yjhC,yjhC,0.0010810452126881961,163,6.730160336496996e-05,4.037253600764296e-05,0.00019483630981911079,0.0001303483778929909,0.0003344543127396848,5.098516341060357e-05,1.8720299413724517e-05,8.481784138331747e-05,5.8743765168820554e-05,0.00010046500348733054
insG,insG,0.0010804975141863189,164,0.0001870476394580022,0.0002484097692419516,1.566566082753353e-05,2.8462893762768235e-05,0.0002083824427419044,7.848650241005454e-05,0.00012136095667141586,0.00011282214864234068,5.639629916442743e-05,2.3463201265920453e-05
yaeI,yaeI,0.001080479589755069,165,0.00037516558699830267,0.00026591552069956363,0.0001080500110295519,3.0318879195450882e-05,6.457723009257004e-05,0.0001621264437666386,5.692781504702705e-06,8.398102635669637e-06,3.2356521364301774e-05,2.787851246831717e-05
ypjC,ypjC,0.001079680583372525,166,0.0002619029456562188,0.00017379308259930562,7.192101195899276e-05,2.2846555318635657e-05,8.363539660701834e-05,7.653319338852452e-05,0.00010285750771360257,5.373344995830083e-05,3.750759722561279e-05,0.00019494984294631305
yobA,yobA,0.001079036768521142,167,0.00024715900034947885,0.00013681981710327837,9.400293226165302e-05,8.206380391375996e-05,0.0001838434031575844,8.544036521376556e-05,6.223024052731549e-05,5.3974786371157835e-05,4.391477383223707e-05,8.958764579091136e-05
yaaJ,yaaJ,0.0010749046627600526,168,0.00026275586125069,0.0003524901117484758,3.204655646489423e-05,6.30463254120364e-06,5.789855692261783e-05,8.85860370904067e-05,6.080975757584549e-05,0.00010262630065187958,4.005824658507836e-05,7.132860192896092e-05
yicI,yicI,0.0010701412756062532,169,0.0003557642618695415,0.00014757337778100347,0.00016862937848255175,1.9903392182030363e-05,0.0001432179592851107,1.0575711061371436e-05,4.705501827525863e-05,7.254665177188492e-05,4.932781441855235e-05,5.5547710478948143e-05
yjgX,yjgX,0.0010696841209686414,170,0.00017484786769499433,0.0002519164969982238,0.00010325141030402321,1.3080226354681001e-05,7.934153422245158e-05,0.00012853355299039033,4.08430001081697e-05,9.84461124506811e-05,5.8255404841652684e-05,0.00012116851500337355
yfaA,yfaA,0.001069591112614279,171,0.00047218054095146325,0.0003109384999786265,2.00480125054984e-05,9.363000111177604e-06,4.569310403858727e-05,7.524872155772374e-05,8.838137426198319e-05,1.357274701432726e-05,2.481079297426873e-05,9.354319220622762e-06
ykgK,ykgK,0.0010662172423473058,172,0.00021321744419433816,0.0001765807913398464,0.00012598094454205322,6.329980237365221e-05,3.221850841846773e-05,0.00017341004230830612,3.677866823208011e-05,7.605788481917669e-05,7.535599088794693e-05,9.331716523143829e-05
yihF,yihF,0.0010635152743124201,173,0.00012085541758061538,0.00010197321184630545,0.00030329498415327955,1.4636584213565769e-05,0.00019287209919190346,6.328660005256954e-05,8.231095046476294e-05,3.582857163664286e-05,9.025746324708875e-05,5.819939192568643e-05
crr,crr,0.0010632151586088868,174,0.0003532283889709856,9.559784356224725e-05,3.484819706367162e-05,3.2902839473400026e-05,1.7987468083437007e-05,5.245321537968416e-05,6.828667305639059e-05,8.722166080346282e-05,0.00019021854732351927,0.00013047032489208843
rcsC,rcsC,0.0010581977052644775,175,0.0004748524648766966,0.0002479955921150416,2.1591139819366182e-05,2.1773325589441133e-05,3.287789761920979e-05,6.752276704849084e-05,0.00011089519445431871,4.392126696445596e-05,2.6255905582384314e-05,1.0512151195072313e-05
rpsD,rpsD,0.0010557669456653616,176,0.00014528627546456205,7.729339591853372e-05,2.262154064701627e-05,4.7352349748514746e-05,4.916937289712179e-05,0.0001041035842404012,7.097809298719562e-05,0.00014852993276235732,0.00026205038071585234,0.00012838202028380645
relE,relE,0.0010535328841163403,177,9.17341421100259e-06,1.2390047899404815e-05,4.348389828249323e-05,2.723398481551669e-05,2.2939748373688603e-05,6.188060602274274e-06,0.00017120188428748048,3.9054234947962496e-05,0.0005015205904514637,0.00022034702024505322
rspA,rspA,0.0010533554402561358,178,0.0004120032531676149,0.00014551355388957478,8.856670288787615e-06,4.040228327387164e-05,4.321772363551632e-05,7.612701919183792e-05,0.00012206797217576965,6.509848207814228e-05,5.217008892109136e-05,8.789839363392941e-05
mcrB,mcrB,0.001053180409089885,179,0.0002745329460462323,0.00022698804509755114,0.000120077776713357,3.554726075895997e-05,9.242296657517232e-05,8.169655356958301e-05,5.468141940884566e-05,0.00011296090095689037,7.94690948476337e-06,4.632563047852986e-05
yjiM,yjiM,0.0010522797603987476,180,0.0003432142963086467,0.0003408661110151709,3.375579091867389e-05,5.6225198357848345e-06,0.00019066129374030176,5.525603660047809e-05,2.4209151481929388e-05,8.617080540762924e-06,4.751956971151113e-05,2.5579102454882356e-06
yfaS,yfaS,0.001051174869959348,181,0.0004956696558088781,0.00030799701242514556,4.840742627563962e-05,1.2140009684049126e-05,2.3415466431203413e-05,3.928602713004146e-05,8.599644691353464e-05,9.919222066101478e-07,2.157917900774846e-05,1.5691724076497558e-05
ydfW,ydfW,0.001050384649875038,182,0.00030389813244162997,0.00014972035903401286,0.0001628534772089627,2.073031789637428e-05,0.00015928215076917371,1.909707576270391e-05,4.791906460063249e-05,3.206304021180389e-06,0.00012361941531459621,6.005835282577165e-05
yadH,yadH,0.001049833706055644,183,0.000106182593224501,7.644261407873287e-06,3.230554379281785e-05,1.954985607603904e-05,3.2818937414388514e-05,0.0001351834695745486,3.660528695332557e-05,0.0002784153644629792,0.0002573547516187168,0.0001437736415304542
edd,edd,0.001049667595502583,184,0.0004760142077744552,0.00023703549163352273,2.1681719492055433e-05,1.955667741453664e-06,6.945589949238841e-06,1.7077885514666628e-05,0.000102452607271978,3.619380919668807e-05,5.066129150502666e-05,9.964932542349781e-05
yieL,yieL,0.0010492039353428096,185,0.00023123893016121656,0.00035132193112887407,2.475020893189965e-05,5.1480650567109456e-05,7.72254099601913e-05,0.00013434012129795897,1.8083404841690183e-05,6.424931978726054e-05,1.1300945983502366e-05,8.521301268310635e-05
yeeJ,yeeJ,0.001048445263065387,186,0.00018721439248357166,3.568795149098745e-05,0.0004014555705079283,3.8457689402250715e-05,0.00015139844157023403,6.750920229145161e-05,2.748984006582224e-05,1.1097544050353744e-05,8.489349447685672e-05,4.324113672593051e-05
ompW,ompW,0.0010462778599602365,187,7.945785694348561e-05,0.00014602798816718712,0.00018833605122901625,7.463817599260611e-05,0.0002881555646209007,6.290910708618724e-06,3.8889350117224016e-06,0.00011845395958069698,0.00010874533876954569,3.22830789364569e-05
yqjC,yqjC,0.0010461492950772891,188,0.0002711918496677843,1.723598369817272e-05,4.6871959804127404e-05,2.4341337369819672e-05,0.00012951595350258087,3.153297173013194e-05,8.375111897301872e-05,0.00016559055218731746,0.00018969526606615457,8.642230207818147e-05
secM,secM,0.0010453370560492585,189,4.6541465509117073e-05,6.745746368202057e-05,0.00019290178034563963,0.00012128516093571665,0.00026591315016806624,3.375224194279684e-05,5.787053265571788e-05,4.267499143643975e-05,6.795069169893546e-05,0.0001489895776748086
cadB,cadB,0.0010438997055413537,190,0.00027727751124692824,0.00026648392953799077,3.619780069967438e-05,1.2655041423494993e-05,0.00010798212090194724,0.00011020602316836926,1.6318368263117557e-06,3.0562924035804534e-05,9.171887406442772e-05,0.00010918364363640473
ylbA,ylbA,0.0010425098708522142,191,0.00036431673757416684,0.00014492062356186462,0.00013684209923464606,2.4322165558165263e-05,7.664005732539359e-05,0.00017535438970154278,1.6262788034841284e-05,6.216599800154078e-05,1.6376906685093985e-05,2.5308105174958788e-05
yedV,yedV,0.0010420636366431494,192,0.0005484258763518016,0.00021020663849604813,2.6673407283863665e-05,2.8539365880911308e-05,1.87295498650911e-05,3.442676316277689e-05,7.397458970301317e-05,2.5524112396438637e-05,1.4905004743659203e-07,7.541428345576829e-05
pyrG,pyrG,0.0010416946679076512,193,5.382803277842601e-05,3.2555682189949566e-05,3.7185271398346285e-05,1.0124026785090266e-05,0.00015029289017881158,0.00011878663211188543,5.51845675210692e-05,0.00011132610630202722,0.00013097156934641216,0.00034143988929563347
nlpA,nlpA,0.0010392398988640756,194,8.503334541967313e-05,0.0003069708001541194,0.00013064640320382688,1.7014772754504483e-05,3.646493674797696e-05,0.0002479578135302777,6.4112413182879775e-06,0.0001607873748326997,3.8709637364240004e-05,9.243573538469436e-06
bcsB,bcsB,0.0010363532329637141,195,0.0003422840131076339,0.0003541626600062509,5.273327469563379e-05,2.0135953818338347e-05,1.9895161679780466e-06,8.677284237431656e-05,4.3094202138253075e-06,5.6201166886343035e-05,8.581971862544321e-05,3.194466706795114e-05
rpsA,rpsA,0.001034571948193778,196,0.0003381959617658301,3.1195856107455796e-05,1.8164399939225025e-05,3.1458566522412135e-05,0.00010327532365279441,1.1498715408435062e-05,5.927081505472999e-05,0.0001314320565815815,0.00020031048335531726,0.00010976976980599667
yfcU,yfcU,0.001034341817222356,197,0.00048689828914796505,0.00032622965182822116,9.348408265914586e-06,7.870423141315951e-06,6.66289181704556e-06,0.00011979846943576602,3.9666727609868585e-06,8.826961023722774e-06,3.3415863941124205e-05,3.132418586029385e-05
ynaI,ynaI,0.0010342203493403242,198,0.0003898820366087748,0.00010079597825040355,0.00021459654488958905,2.3020314762920163e-06,0.00016106875981570923,4.79631818429598e-06,2.3413529521268485e-05,9.398575516898727e-06,1.096749608849711e-05,0.00011699907898859519
fliC,fliC,0.0010333471004371376,199,6.530847817766396e-05,1.495936995609164e-05,7.478664969661954e-05,0.0006205121832228238,0.00015008420956041273,6.946460245902379e-05,3.318387413915729e-06,1.748330616639797e-05,1.7035497626534335e-05,3.944161576540086e-07
ydjE,ydjE,0.001032650655689368,200,0.0005297773132261949,0.00016197993586062996,9.85001824375947e-05,9.714044293534912e-06,6.331155612009784e-05,4.364027598364053e-05,6.585613986696141e-05,2.843542036555485e-05,1.0309519073456632e-05,2.112626846170221e-05
trmA,trmA,0.0010321340766290185,201,0.0001657056817458527,0.0003056391490521779,9.06856147435791e-05,3.5627743836681095e-05,7.685437111071274e-05,5.0057448882790095e-05,4.206938394804611e-05,0.0001265057329497975,5.7906248044592316e-05,8.108270231478903e-05
dinD,dinD,0.0010316793628278615,202,0.00011943782351670504,0.00015573385188343897,0.00022275115282552812,4.382349528537518e-05,0.00029025729566721866,4.176062300393242e-05,8.100630455568287e-06,6.152809482580255e-05,4.203943562870941e-05,4.624695973558294e-05
caiC,caiC,0.0010314194117956664,203,0.00028664243420587713,0.00020403768417483946,0.0001161046751916968,3.9012371376045e-05,6.34310496390029e-05,0.00015034470553871264,3.724812985392144e-05,7.132172907072845e-05,1.8743003326389392e-05,4.453362941845307e-05
camR,camR,0.001030665285252386,204,0.0002998443490454044,0.0001188285061394581,9.710765711833913e-05,6.0986300732979496e-05,0.00010982575707407941,4.468816308394017e-05,1.4105384876016917e-05,9.767713618187309e-05,0.0001464816770179112,4.1120353982383925e-05
ybfF,ybfF,0.001030134775598318,205,0.00031951904447992743,7.399746091889985e-05,0.00011776680323536873,1.591726231101929e-05,9.695614051020083e-06,0.00013761721684648205,7.442566230558136e-05,9.480643815647596e-05,0.00010482500723495672,8.156426605858632e-05
ynfC,ynfC,0.0010275296525763793,206,0.0004038817600049946,0.000135525149605999,6.42735051503494e-06,2.3454480515277866e-05,0.00017432920812300543,3.827451881669997e-05,7.625891205051255e-05,1.2960182434815316e-05,3.5371408135397864e-05,0.0001210466823746419
hsdS,hsdS,0.001027235546425583,207,0.0001931896415056593,0.00024995059074379126,0.00017108296617390767,4.9295542753096916e-05,7.631969979981645e-08,7.49723768640597e-05,5.7992175335837933e-05,0.00012796951391213005,3.8234931382051684e-05,6.44714880552486e-05
adiY,adiY,0.0010259232490247136,208,0.0002530657988564316,0.0003460611738724752,0.0001124856694448982,2.8474743317248924e-05,1.4570350542944182e-05,0.00010119070683217203,4.535392390573042e-05,1.2716350955754712e-05,6.0933629262551375e-05,5.1070902034506873e-05
eamA,eamA,0.0010213149108616328,209,0.00048110056239062884,9.256373028230822e-05,6.349117035353466e-05,2.4929796509169715e-05,5.61312098923838e-05,7.423586241000339e-05,7.595165299601371e-05,5.359218287515125e-06,5.902324725715038e-05,8.852846048292503e-05
yeiC,yeiC,0.0010203969698567347,210,0.0005086758141413729,0.00023287649571265793,3.552446522375648e-05,1.659492609754872e-05,1.080976924522404e-05,6.148164776064318e-05,4.909807766703722e-05,3.354468087643043e-05,3.004726779458627e-05,4.174382533747753e-05
wzc,wzc,0.001019876152522595,211,0.00042536377399421475,0.00026291635916837123,2.7615726237302648e-05,2.2056184617874245e-05,2.963592414659728e-05,7.77213873097611e-05,6.320012642640177e-05,1.4105934938637436e-05,3.3804343466902574e-05,6.345639221653195e-05
ydiP,ydiP,0.0010194121264156936,212,0.00045816105317880127,0.0001983268030661035,2.8887414829478263e-05,1.749755533382036e-05,3.2661907054007565e-05,1.7198060410506532e-06,6.743453066166185e-05,1.173940967510191e-06,4.3166542076160116e-05,0.00017038257320709974
envR,envR,0.0010186562813126823,213,0.00022852370842123387,0.00029936998541032556,2.4592149407650637e-05,3.754828286775035e-05,8.831335814357597e-05,0.0001609610069448792,1.0627426816393337e-05,5.575879069957886e-05,8.008492087027133e-05,3.2876651731022857e-05
qor,qor,0.0010171647268737189,214,0.00015546901268095065,0.00021315575366253454,0.0001027947366974102,1.7894308001734948e-05,9.102359569192237e-05,0.0002021779245362055,1.5980594533390546e-05,9.389164412790786e-05,7.838989096683363e-05,4.6387265974828555e-05
hcp,hcp,0.0010170672576500198,215,0.0002858476246850199,0.0001427733277254546,0.00029657402104812177,2.4332469144693688e-05,1.7330083395964696e-05,1.0237618683803951e-05,3.486077231200799e-05,6.087374879585888e-05,0.00010291257358712682,4.1325018271967484e-05
mrdA,mrdA,0.0010169902645935822,216,0.000345637498946319,0.00020489224102621554,5.523937974564232e-05,2.0732172088706055e-07,9.942703619358818e-06,0.00016077672733803668,4.942059864195794e-05,0.0001073159403761604,7.006414124729694e-05,1.3493711931707664e-05
atoC,atoC,0.0010163444602821533,217,0.0001420818146760813,0.00016521634655280993,0.0002137707166800856,3.403569845947096e-05,0.000214668608140069,5.4139807853137106e-05,2.5635975130227925e-06,0.00010376207069439921,6.010786818654915e-06,8.009501289442238e-05
yghO,yghO,0.0010156736258402797,218,0.00014276788277054492,0.0002935161327413653,5.4595203354006114e-05,2.790731606320841e-06,0.00014928101131558318,6.718301510548098e-05,4.044694842154076e-05,0.00011769316719193522,2.347327393790022e-05,0.0001239262593956024
ybdG,ybdG,0.0010149025631856071,219,0.00032593381535437574,0.0003016081886221041,4.0742733579725316e-05,1.0208781172392736e-05,5.916476350519752e-05,0.00012903579989838082,1.9183194528799338e-05,7.991974243669715e-05,3.1387783853272685e-05,1.771776023466157e-05
pepT,pepT,0.0010142942135020006,220,4.2146078735797165e-06,0.00017670108574805452,0.00021406259429494116,6.138485726978567e-05,0.00026667726629393644,4.9931615210180136e-05,6.227209006481099e-05,5.6894922830775624e-05,5.504249822853915e-05,6.711267568739708e-05
ybbS,ybbS,0.0010122528673740902,221,0.0003103038291880263,0.00025351765730730486,1.1455447205134968e-05,2.0873704569238024e-05,0.00012066014509237011,0.00011657670248189014,2.057246498737847e-05,3.144463205934188e-05,0.00011959116552329594,7.257118960109655e-06
pnuC,pnuC,0.0010102199734635007,222,8.167152993890809e-05,4.078235990957831e-05,1.624280895216142e-05,3.48448228396709e-05,3.415666004599717e-05,0.0001392567875702701,9.540389345374836e-05,0.00029195082120167027,0.00021620988766065478,5.970040189084123e-05
dos,dos,0.001007891870598186,223,0.0003998035579778626,0.00016188510277328745,9.501060644595052e-05,2.42562283408077e-05,0.00016102315192972636,2.4509323554953667e-06,6.820784399653213e-06,6.209404482001591e-05,3.336023991666612e-05,6.118722163872058e-05
aroA,aroA,0.0010074189384292548,224,3.7909655296036766e-05,0.00010878947481145219,0.00021117743718695745,0.00010192191618311957,0.000256305320281611,3.114074550033779e-05,3.696112586498348e-05,7.542920295543996e-05,2.138238199019426e-05,0.0001264016783591223
yghJ,yghJ,0.0010057743272214544,225,0.00017452956496641654,0.0002747269946859724,0.00010799923799926753,3.14231289724797e-05,8.171425921289881e-05,0.00013657156000069617,2.587610818241045e-05,9.521062305796184e-05,5.053904908542243e-05,2.7183801057928446e-05
rfaQ,rfaQ,0.0010025882786724183,226,0.00036992175334924626,0.0003530957409422653,3.359739880832309e-05,1.9726178578822093e-05,8.341713147129867e-05,5.6553062025972715e-05,1.1528412829388328e-05,3.3490308161388144e-05,3.2506792591227625e-05,8.751499914486067e-06
actP,actP,0.0009991991625908578,227,0.00025899918827792953,0.00022750880248349512,8.548738454170619e-05,5.155975682724612e-05,1.080490319015063e-05,0.00012943045309849412,5.0066858143252765e-05,6.343766131875733e-05,4.271286505512612e-05,7.919128965469992e-05
rpmC,rpmC,0.0009991231199422143,228,0.0002369171406148365,9.423069487361943e-05,5.102961672656115e-05,6.248281408380971e-05,9.694136312119877e-05,4.727538157164872e-06,4.603506815315802e-05,8.493256872376369e-05,0.00020678931269144896,0.00011503700279665329
yrdD,yrdD,0.0009989659418740242,229,8.393828425396482e-05,0.00020066673463616593,0.00011532164532186153,2.281823011367307e-05,5.8969669356446596e-05,0.00019411163737297602,6.82540061510416e-06,0.00013229308483009574,0.00012865227223935586,5.536898313438048e-05
yfaL,yfaL,0.0009988763877873715,230,0.0005492749721476188,0.00016875823805010448,7.386476908154131e-05,1.8088084664261947e-05,4.673382979320337e-05,2.1714559753098144e-05,5.8553501344218906e-05,1.5851733515051173e-05,2.949772269295351e-05,1.6538976745320014e-05
bdm,bdm,0.0009985467432840891,231,0.0004085791612670397,8.258279497278972e-05,0.00019722316976033573,2.1455411666695463e-05,0.00010388707848801615,4.731135406196523e-05,8.10254926727035e-06,5.875204072712178e-05,3.131771417658846e-06,6.752141165519586e-05
relB,relB,0.0009971378262411633,232,0.00011187090732939686,0.0001270823404137356,0.00024308162217855848,6.198504915060872e-05,0.00023149513788264762,3.090838534539936e-05,6.076431845583583e-07,0.00010344359292283048,5.3558962066962037e-05,3.310418576646576e-05
osmY,osmY,0.0009966430765874067,233,0.0003126724698334464,3.368475357343043e-05,5.6755451064714633e-05,8.306866927883325e-05,9.382931722263374e-05,4.016194450514718e-05,4.7608921413993175e-05,0.00010624050098690863,0.00013462268304830248,8.799836565999677e-05
malZ,malZ,0.0009935932101317834,234,1.664999715946319e-05,9.999138999969115e-05,0.00022507250109949644,9.437886439037717e-05,0.00034447368304236906,1.636911976444018e-05,4.173526078387418e-05,6.161253233157279e-05,2.3630936120182377e-05,6.967892544031678e-05
fhuE,fhuE,0.0009919640368601962,235,0.0004551830347213061,2.0693138272166845e-05,7.392036474943317e-05,3.461326368453147e-05,0.0001493045678469496,8.224250307088496e-05,4.637318677765148e-05,8.594108170279044e-05,3.378158910145342e-05,9.911306933028947e-06
fusA,fusA,0.0009915237092090134,236,0.0002477229249881837,1.5830402417487942e-06,5.811172057917845e-05,1.7916053407685622e-05,7.327080064220613e-05,9.837079581690228e-05,6.567035230692216e-05,0.00018322166992626148,0.0001863455126607349,5.931083863918983e-05
ydiJ,ydiJ,0.000990156347193479,237,0.00036745224349391296,0.00023616286537482604,4.783853030879388e-05,4.4315239856866274e-05,2.9194308520709555e-05,6.941311824491797e-05,4.893417758322426e-05,1.1004648028697101e-05,8.74462001778007e-06,0.0001270965957637508
nhaB,nhaB,0.0009864129706129118,238,0.00022203254239557744,0.0001270378016192554,0.00017150107680963356,2.7288549255423858e-05,0.00015906005496082909,2.1708094345368462e-05,9.373702247572338e-05,2.965872042845663e-05,5.9646745340434884e-05,7.474236298220907e-05
ygcJ,ygcJ,0.0009857351560659203,239,0.0003736921392039221,0.00011416168968544488,7.202950712387121e-05,2.1458617789691657e-05,0.00011771697673553671,1.4456495912352012e-05,8.634182745567691e-05,0.00012410387460748661,1.928581204127697e-05,4.248821551066137e-05
ppc,ppc,0.0009855613293336155,240,7.692626158664487e-05,8.941277785327245e-05,0.0001705173847743002,7.757270855436715e-05,0.0002749530323649568,3.8845756974832634e-05,5.937211597142298e-05,3.709613456909855e-05,6.327184806222966e-05,9.75933086224901e-05
ampG,ampG,0.0009838922916190131,241,0.00020123143245005492,0.00027320156367941374,7.397439272977824e-06,3.340901910636466e-05,1.560955013063229e-05,7.000239777350933e-05,0.00011580890093218251,0.00013830981571134044,1.232255616791278e-05,0.00011659961639462455
ycbC,ycbC,0.0009823137308764577,242,0.0003318027695084927,0.00013756263352770456,1.0816122813806331e-05,4.6569669026247365e-07,0.00011526651618240603,0.00012510088505963014,1.6791396828294904e-05,0.00011706730494729018,8.251211874439424e-05,4.4928286574176154e-05
yhbJ,yhbJ,0.0009786774221722469,243,7.154080186978281e-05,0.00012215181294477983,0.00022013473967280616,3.7818518603973245e-05,0.00020949732511670312,8.638491479783552e-05,9.457791058776688e-05,5.817394848086482e-05,4.535291268014734e-05,3.30445374175872e-05
ompA,ompA,0.0009781928507267789,244,0.00021927272997152462,3.307784318297242e-05,7.137800160157867e-06,1.5816405562774213e-05,3.6008750169186107e-05,9.788178697283786e-06,0.00011446689248012798,8.065756229340942e-05,0.0003123653076101013,0.00014960138059924127
ybdM,ybdM,0.0009781329534779644,245,0.00039318016416096073,0.00011192743418246366,0.00015500755773252068,4.819629741829158e-07,0.00012272595219527994,4.255498376665786e-05,4.438669149299812e-06,8.277368005361747e-05,2.6219853587415246e-05,3.8822695675566085e-05
hisJ,hisJ,0.0009762658747421813,246,0.00040584230967330366,0.000239417384181149,6.801431764536118e-05,4.55579013283941e-06,1.798889371557921e-05,0.00010957299815161097,3.965694599769246e-05,4.1038283302771564e-05,4.534434468308482e-05,4.834607258788893e-06
xylE,xylE,0.0009750902117648787,247,0.0003287746368921714,0.00020598157560001106,0.00010753420629674674,4.269650292515843e-05,9.413360377206248e-06,0.00010733670424800101,5.6028145757057594e-05,8.622148125791358e-05,2.6461305104097473e-05,4.64229330651515e-06
yfcV,yfcV,0.0009748144615439272,248,0.00032511458977648084,0.00019688743038397014,7.016406900192629e-06,1.9924108280982977e-05,7.710794440541192e-05,7.65129170777307e-05,7.399496593905285e-05,9.423004073088711e-05,8.488689009783096e-05,1.9139167951386865e-05
rfaJ,rfaJ,0.0009719773507989887,249,0.00018915818449113182,0.0003114780172128724,0.00012946512949238025,1.297625911724774e-05,1.1296191953578061e-05,7.697044616167716e-05,4.565180499625479e-05,4.4254882573262554e-05,7.497502737035423e-05,7.575140743022949e-05
frlB,frlB,0.0009702442226470107,250,0.00012236122926904933,2.598597244720642e-05,0.0003868442423544606,2.35885197136758e-05,0.0002013133258273089,3.790235739779414e-05,8.168557696505242e-05,8.621684755575976e-06,3.674623776472141e-05,4.5195076152165774e-05
yjgB,yjgB,0.0009700225724638349,251,0.00012376018626312994,4.802868971101303e-05,3.779879155120627e-05,3.09590651048675e-05,7.12442727254176e-05,9.884037639831931e-05,0.00010478990049942873,8.824781920298717e-05,0.00019612328873399746,0.00017023018227346778
ycjW,ycjW,0.0009699767515789091,252,0.0004996171863330066,2.1013048046422635e-05,8.713989042000182e-05,7.140160033619421e-06,0.00012560727429335002,6.180846154400621e-05,4.622729708281545e-05,2.694649052479271e-06,2.802124783357239e-05,9.070753693963541e-05
dedA,dedA,0.0009684359366615994,253,0.0002993176352641703,0.00023076207036520522,3.4530528176505235e-05,2.4252542804374478e-05,0.00012882071925797862,8.747740669774143e-05,2.098201557592777e-05,2.572036381766399e-05,4.061829386178509e-05,7.595436084024723e-05
fepA,fepA,0.0009653648400927426,254,0.00025240189711773825,0.0001451040657290717,0.0001153722377092027,6.237778466564559e-06,2.960735069830416e-06,0.00013537393116810274,2.734472338577332e-05,0.00010691552608635782,0.00014023304039040334,3.34209049696978e-05
eptB,eptB,0.0009649607272559635,255,0.00011395868867762904,0.00017184484611785538,7.328828307980539e-05,1.345718754804595e-05,0.00010966269855804597,2.8057114883754767e-05,0.00015530997952985449,8.713974786209516e-05,3.906382124385593e-05,0.00017317835975502147
aroP,aroP,0.0009640963519676442,256,0.0003474271892026576,0.00017714218465350552,6.880543609785549e-05,2.4529918717726263e-05,1.5634927989442685e-05,0.00011965494283435027,6.24759884679433e-05,8.033186217354701e-05,1.9091015498504275e-05,4.900288633211182e-05
nirB,nirB,0.0009610509652262059,257,0.00014230428395104868,0.00013061542391054002,0.00022621736905357323,3.14243565926071e-05,0.00024856507370024194,3.5236035624898017e-05,3.0511965627298537e-06,7.471392708146047e-05,5.53654857382432e-05,1.3557813010863468e-05
ydhZ,ydhZ,0.0009604944819690918,258,0.00022942131567801053,1.5405971775938198e-05,0.0001341636205888283,9.167141811368137e-05,0.0002334705610142611,1.0088622016432443e-05,5.32751882180766e-05,7.801541903334789e-05,2.4886817006215657e-05,9.009554852429974e-05
yjbJ,yjbJ,0.0009601690577132151,259,0.00018274357144026134,1.2122918918364507e-05,2.6953373052882687e-05,1.4072205896694894e-06,7.914555653448312e-05,4.488801489699642e-05,0.0003719696603539221,8.169238275416513e-05,3.9152543364498083e-05,0.00012009381580797227
ytfL,ytfL,0.0009599581974499838,260,0.00023221511899165314,0.00036921757073511555,0.0001418441871631021,2.1426928590645205e-05,4.2111683395584944e-05,3.476192735340165e-05,1.5124994010238564e-05,2.433678160495184e-05,3.990900193462375e-05,3.9010003670667016e-05
ydfP,ydfP,0.0009598238837932192,261,0.00034546541143039777,0.00010669981051143855,5.477695255912825e-05,1.2751313118743279e-05,2.0219531020604605e-05,0.00010831065387867406,1.7103418872031863e-05,1.9501442791446465e-05,8.406338370207715e-05,0.00019093196590867727
ydfJ,ydfJ,0.0009579010532072827,262,0.00038085573015621277,0.00014581443698478524,6.288563815054789e-05,7.900492982712805e-06,2.878614441617008e-05,7.595914361910651e-05,5.8741892403399515e-05,4.850481486682708e-05,5.98405289764617e-05,8.861223065105911e-05
prfB,prfB,0.0009559202167905775,263,8.817817641695295e-05,0.00023286650688385417,7.418655585951561e-05,1.0065808585933516e-05,5.559429785126071e-07,0.00021837292954271552,9.582343437480061e-06,0.0001067204036601391,0.00014659191240173533,6.879963702373871e-05
bglH,bglH,0.0009542232144767144,264,0.0001743571726680651,0.0002760379857988639,9.452735076485817e-05,3.299300012059304e-05,7.666048144581663e-05,0.0001320628658294033,3.848763788711237e-05,7.12221910135525e-05,4.9910171906385186e-05,7.964357042064146e-06
rfaI,rfaI,0.0009519637074997301,265,0.0001877354689608217,0.0002009175819752879,4.667143462424723e-05,2.8905923695083964e-05,4.494275974358709e-05,0.00010006857769017942,7.408996766197743e-05,0.0001273975413979893,6.746502545282834e-06,0.00013448794920527328
speD,speD,0.000951933056676547,266,0.0002492719514727322,0.00032155934717339405,0.00014108073513453693,4.64111642435586e-06,0.00011739128112622465,6.269810760725955e-06,2.012819941121059e-05,1.942377431041439e-05,3.19945627789832e-05,4.017227808396926e-05
ansB,ansB,0.0009513871956980765,267,8.170885834461198e-05,5.629551559882298e-05,0.0001344360841411126,8.598484493770752e-05,0.00022954541443896302,7.55200463710899e-05,6.079734879362785e-05,0.00013312008647721206,9.819141907909242e-06,8.415985468701926e-05
yojI,yojI,0.0009480113637559457,268,0.00037202687473675814,0.00027417830245497917,3.111921255866481e-05,1.3961377035674802e-05,2.2690422015012242e-05,3.986305747070059e-05,4.353240491417576e-05,4.085155504845146e-05,3.627298513951758e-05,7.351517238201118e-05
yadM,yadM,0.0009471679311282124,269,0.00023764362119646192,0.00023987358000355122,1.0831601929932449e-05,2.713536357207211e-05,4.608631772970783e-05,0.0001300304602344517,3.4479540441819246e-05,0.00011363790893968483,4.8033790915024634e-05,5.9415746165506396e-05
ndh,ndh,0.0009463615772546521,270,1.6092139653657966e-06,1.0599771496808624e-05,4.0207999398013495e-06,1.8779764409944303e-05,7.377575818706911e-05,0.00016752708067403069,7.268696067676642e-05,0.00024167264343227796,0.00019054684985951,0.0001651427346130778
ygfY,ygfY,0.0009463159372347526,271,0.00013121378134925613,9.880563523345313e-05,0.00013671869786804731,4.211854809914887e-05,0.00019397693811078553,5.190635349864414e-05,3.29239552890253e-05,0.00010487260344394985,0.00011760211146919798,3.617731287324438e-05
plsB,plsB,0.0009435819208992195,272,0.00030243994940149877,0.000148136576453684,1.8932887122318236e-05,4.4431270541644345e-06,9.329299307025442e-05,0.00010055115475493537,9.059526429301298e-06,7.48419373908908e-05,9.448911410196609e-05,9.739465512020609e-05
purB,purB,0.0009427950423408315,273,0.00038945824437693733,7.39559142318999e-05,7.486746950358586e-05,3.266125510766291e-05,0.00011428284548210862,3.189410718045407e-05,7.926081999358391e-05,3.3582783285312206e-05,4.08834093219358e-05,7.194819385735105e-05
yfgC,yfgC,0.0009417677835654078,274,0.0001445851368272936,0.00019110353435969666,0.0001925799422971169,3.3134568818314545e-05,0.00020902400598714598,9.62853082329262e-06,5.3342465292928954e-05,8.715744498221558e-05,7.784655576413573e-06,1.3427498600989394e-05
ypeB,ypeB,0.0009406342984166381,275,0.00017664451653611095,5.933579871007883e-06,0.00018273033920620792,9.981921411263391e-05,0.00027223893764114605,1.4795527514321922e-05,1.2399336168658876e-05,5.137199684114783e-05,1.906205429039668e-05,0.00010563879623500617
ydeO,ydeO,0.0009392910807068556,276,0.0004364528979929714,0.00012901034180805613,1.2266535491726301e-05,9.203731855705968e-07,7.771991668816597e-05,8.842118001792927e-05,1.31787785458334e-05,2.276411771882101e-05,4.994441956060597e-05,0.00010861251969717555
galS,galS,0.0009368280753945022,277,0.00036944095990172924,0.0002491867259571635,1.8439883791826582e-05,7.265677390533201e-06,1.6112205904565253e-05,7.655389595704224e-05,1.864153672961715e-05,7.121804254246355e-06,8.356200494831662e-05,9.050338055946197e-05
ymgA,ymgA,0.0009363258042047579,278,0.00018082966781973414,5.07767049757951e-05,4.464627357884856e-05,1.4214756210894537e-05,0.00010281159397234137,0.00010415676870803101,9.214811770138537e-05,0.00010549100634712908,0.00013780581949394464,0.00010344509539665414
rplD,rplD,0.0009355836607040608,279,9.81372899015734e-05,0.00011666151154208385,3.945610997240213e-06,5.2712932383682895e-05,8.661686160156033e-05,1.580262472897161e-05,5.738625770910004e-05,0.00019031997833232254,0.0002331231727013155,8.087742080621043e-05
yagV,yagV,0.0009341652389351109,280,0.00024584803463370493,0.0001488076038229726,3.389191189799483e-05,3.828638235173142e-05,0.00013319061302722522,0.00014665755002808513,6.652976624666663e-05,9.883504627496903e-05,1.2190926892430572e-05,9.927403759330433e-06
yagK,yagK,0.0009336696496902491,281,0.00020440835770705397,0.00028324915117443415,6.267308105451366e-05,2.8715853285280933e-05,0.0001790955126476506,8.8444340441887e-05,2.3090590801499053e-05,4.25758208439618e-06,5.0664283936361884e-05,9.070896557171675e-06
yjjM,yjjM,0.0009336093063287288,282,0.0003255900802776355,0.00022186223864208837,8.628753377404711e-05,1.7178087545260162e-05,3.6759338379487535e-05,6.565968089045982e-05,4.668398868538607e-06,0.00010283818491032836,2.7713041757555195e-05,4.505272128332831e-05
rffA,rffA,0.0009331515122791909,283,0.0001661650007000777,7.011847497658062e-05,0.0004355989248008447,3.524074725628959e-05,2.2404394950852944e-05,9.200829463161207e-05,3.4111375342575033e-05,3.965514981504625e-05,3.159005838257926e-05,6.259091422732779e-06
ykgA,ykgA,0.0009328241221610755,284,0.00025644161582528415,0.00023514928893104782,8.242922102413116e-05,1.6382855379244432e-05,2.961713877303652e-05,5.1221796554932714e-05,4.3535526397914165e-05,0.00010776925052231591,9.444469430509572e-05,1.5832734448073055e-05
yraM,yraM,0.0009322268195145644,285,0.000127896102110738,9.864360266514392e-05,0.00027084445615289157,1.0430024133889443e-05,0.00013899092479468074,5.708790655811174e-05,6.73801202101096e-05,3.52788082658474e-05,7.825608858066311e-05,4.7418786042489066e-05
yihO,yihO,0.0009314922320152994,286,0.00022063903791625297,0.0001773411997352791,0.00014953780149749564,5.346277054458603e-05,0.00019192197429108637,1.668100298259942e-05,6.722901079114734e-05,3.2389374812608086e-05,2.4958157067842482e-06,1.979424373746013e-05
kch,kch,0.0009278487701325039,287,0.00034055675270869116,0.00011077179317274962,1.1027167052690762e-05,2.6845076464962147e-05,9.138911580027745e-05,5.3865256988125055e-05,0.00010530833339668637,8.036715236463495e-05,3.074861402714147e-05,7.696950815654489e-05
araJ,araJ,0.0009260026369168572,288,0.00033589907910685216,0.0002378107064754758,5.801366788187636e-05,1.4855755905807626e-05,4.315403642852842e-05,8.614963164873025e-05,1.6536549742232235e-05,9.105399858340224e-05,2.8834708033437847e-05,1.369450311051434e-05
yjhH,yjhH,0.0009250275759292235,289,9.085536616924762e-05,0.0001166148837526631,0.00014569157867898286,3.1989389443831806e-05,8.021063534333811e-05,0.000163886292143228,3.669718167086775e-05,0.00017935212525767007,5.963223698935868e-05,2.0097886480035575e-05
rfbB,rfbB,0.0009248574618768986,290,0.00036339346011347656,0.00025813905391166355,5.270453601860303e-05,1.2637003124921682e-05,2.0577239399878268e-05,8.389046397744658e-05,4.56021291309559e-05,5.404143719866343e-06,4.3636118052620746e-05,3.887331442746583e-05
yfbL,yfbL,0.0009240119672286947,291,0.00010685799884630537,3.7587510681554486e-06,3.7818550366421446e-05,0.0004825342421977096,8.738596077962363e-05,4.5900300648853324e-05,3.0112069874981576e-05,2.9971155699849723e-05,5.406997019559506e-05,4.560296755119932e-05
ybhA,ybhA,0.0009238795164253183,292,0.000251551166754141,0.00023333790069777262,4.734321405424836e-05,4.998920120135779e-05,2.6249623098862305e-06,0.00015599276043162254,5.8760932604281066e-05,9.39943740353532e-05,2.5654618503535747e-05,4.6303858331197225e-06
tar,tar,0.0009225574660280784,293,0.00023192986879272713,9.697557884359244e-05,7.596091630460584e-05,2.250257975849202e-05,9.200100072376915e-05,5.353388275839892e-05,8.512314165712378e-05,0.00011323250542056396,0.00010055226038225692,5.074573138654827e-05
uvrY,uvrY,0.0009216917432403592,294,0.00027098417339156726,0.0001677723632864141,3.0676558812116102e-06,3.273377802254081e-05,7.915005656325148e-05,0.0001030802003460879,7.477032732117924e-05,6.613413305995676e-05,2.9949571658897432e-05,9.404948370925273e-05
pspA,pspA,0.0009215000236136948,295,0.0004116363507707792,1.973601947939724e-05,6.151315551170767e-05,5.142634644702969e-06,7.495672487941678e-05,3.8502858350550005e-05,4.0263675967122816e-05,2.564383116701782e-05,0.0001712206343300503,7.288413851295014e-05
idnT,idnT,0.0009210221680453168,296,0.00018992073865955352,0.00013996169163274405,5.212481610500108e-05,2.2411487962539945e-05,5.9035659007316456e-05,0.0001163925941654782,9.470191576315537e-06,8.902365502093408e-05,0.00012693812873705611,0.00011574320517837777
frmB,frmB,0.0009209037173966178,297,0.00029879677082639223,0.00017489374659506444,0.00012143654497937389,4.227141336485586e-05,3.944052228633067e-05,5.131927355768367e-05,4.3795516305157404e-05,7.718040990508873e-05,3.762102249086156e-06,6.800741732758475e-05
appA,appA,0.0009195909008798001,298,5.3926414658646536e-06,0.00015172066776254244,0.0002806850813817013,2.3324219375234655e-05,3.6825239006599106e-05,3.54989699966306e-05,9.21612425912043e-05,7.870680216022486e-05,4.274249705964046e-05,0.00017253354008015784
imp,imp,0.0009195095940266558,299,0.00016514906730057702,0.00020416075526206933,0.00017181283662870192,5.165982704326874e-05,9.379177604299188e-05,5.721367589758717e-06,8.46590022416573e-05,1.6830789668393873e-05,9.158647829680986e-05,3.4137693952427154e-05
ygfT,ygfT,0.0009193446039628504,300,6.330531635873981e-05,0.00037316640609389524,1.765198634990423e-05,4.25789998255105e-05,5.9328103711206566e-05,5.629867234578666e-05,5.997577109758081e-05,5.708984227055425e-05,8.908024936730661e-05,0.00010086925654236569
yjcR,yjcR,0.0009188073134736094,301,0.00013437054443101988,0.0003030004617251305,0.0001435205305707281,2.4399575744264416e-05,8.059470859730028e-05,1.836787690290332e-05,5.575992328843959e-05,9.058488007537256e-05,6.256940075003537e-06,6.195187206344716e-05
wza,wza,0.0009184059255808998,302,0.00041794158054850143,0.00019802160615814166,3.774449040824882e-05,3.4944742154459554e-05,3.270057316358863e-05,7.369311107319055e-05,3.1813580626562416e-05,2.9647269010161056e-05,2.036949445662803e-05,4.15294779814176e-05
hsdM,hsdM,0.0009172741917492386,303,0.00032102006327521616,0.0001420534421865023,0.00015348473270144396,1.727449916028145e-05,4.386743416463909e-05,5.380948527083827e-05,1.8200492897431666e-05,6.542524120798038e-05,3.462158496634256e-05,6.75172159185628e-05
yjjN,yjjN,0.0009145519567785864,304,6.505945352913702e-05,0.00019477874089117,0.00014568887683045958,3.783778910342233e-05,0.00019170067493518218,4.7601930219051087e-05,2.4698435536362082e-05,7.494244340409658e-05,4.97895050358691e-05,8.245410729383638e-05
yadC,yadC,0.0009124591371846659,305,0.00022280345220893261,0.0003207028065849508,7.499669893858215e-05,4.6345091297763414e-05,7.143264149529023e-05,1.8490006878263978e-05,3.869290550449751e-05,4.47510305305784e-05,5.20905040927167e-05,2.215399965309001e-05
hyfR,hyfR,0.000912049361676371,306,0.00010725818695549169,4.923125541821132e-05,0.00026657505402549216,3.2900084445682076e-05,0.0002216692415580766,2.3366484582302968e-05,8.883707152894615e-05,2.376403927375729e-05,2.5416023799072405e-05,7.303192008933832e-05
yoaG,yoaG,0.0009097406073719166,307,0.00040195770294233383,0.00016101108083440074,6.151572162064266e-05,1.8657503119128388e-05,5.38800041211427e-05,1.1965038356029356e-05,6.646488870921763e-05,9.681178211036758e-05,2.2931976957210735e-05,1.4544908601442794e-05
yejO,yejO,0.0009082936161726543,308,0.0003992465309650973,0.00024774053248871787,5.108216449849216e-06,1.3219274962057905e-05,8.770298570318662e-06,6.77305917143913e-05,5.2099387774998246e-05,1.0618185741593915e-05,2.3921416544437316e-05,7.983918096119252e-05
yihR,yihR,0.0009045589881721354,309,0.0002428090461311099,0.00018549523314300445,0.00010970889336084037,3.221762185193818e-05,4.653474114315958e-05,0.00010862817036068476,2.720090962375295e-05,4.301870634390003e-05,5.9974029453851805e-05,4.8971636759893385e-05
nfnB,nfnB,0.0009045357477590994,310,0.0002730387625520828,0.00017750552301787202,8.716902075160068e-05,1.5519519590985622e-05,5.9924804431142545e-05,4.0089391257105614e-05,1.599600353393739e-05,8.9428730624279e-05,4.8795298391634294e-05,9.706869360845947e-05
ysaB,ysaB,0.0009044969848947029,311,0.0001875509555297747,0.00026061352770446854,0.00010454414385015133,3.0255176141193107e-05,2.8214620068095924e-05,1.7654322375322848e-07,9.849982063496965e-05,7.304566300198043e-05,2.6190378470557853e-05,9.540615626975804e-05
yiaW,yiaW,0.000903021375717216,312,0.00026542426829444303,0.0002049545888426245,8.527116457398593e-05,3.373869370746947e-05,3.904407263899359e-05,4.0289919697914946e-05,5.374693623380859e-05,6.808431641670899e-05,6.026807767668116e-05,5.2199337634585776e-05
chbF,chbF,0.0009025290828256573,313,0.00046216998059707697,0.00020290650412016059,6.422327993067144e-05,1.7989345198659733e-05,1.4580137224595757e-05,3.179491033460555e-05,4.7388907230372737e-05,1.554218756185208e-05,2.3890560468281032e-05,2.2043270159381257e-05
yfgB,yfgB,0.0009020859773414053,314,0.00030748056599826264,0.00021531939353771362,3.525147353446595e-05,2.8518367158852163e-05,0.0001320037918497128,4.9371162983862286e-05,3.708584463645918e-05,6.416218606495461e-05,2.2470620885923777e-05,1.0422570691198328e-05
yafU,yafU,0.0008973945762749638,315,0.00015898018893705133,0.0002576672841739249,5.0359796979247805e-05,2.0248451655027167e-05,7.84768402924414e-05,0.00018078599907688092,6.582025337440898e-06,5.209659929188392e-05,2.743328845738052e-05,6.476410207368492e-05
ygcI,ygcI,0.0008967573388636766,316,0.00042617492775614836,0.00024674052464270505,3.6021305239757515e-05,1.0857421708843833e-05,1.337411264092645e-06,3.0101806606088998e-05,1.1624153664482174e-05,5.398459426748476e-05,4.179503361423083e-05,3.812016009984221e-05
fsr,fsr,0.0008958990743036206,317,0.00025340641072081567,0.00010463652953640911,0.00011582217762440217,2.59185699565674e-05,3.969485859744678e-05,3.192327797242046e-05,5.897517610843767e-05,7.699260684788341e-05,3.8500077110590226e-05,0.00015002938982864762
gudP,gudP,0.0008957815185846715,318,0.0004009551572304708,0.00011021885663757509,1.3272778081152788e-05,6.926133907173034e-05,0.00019158181590710232,2.1224390796594096e-05,1.1423062572177012e-05,1.6343520047310597e-05,4.1782450175065025e-05,1.9718148065493338e-05
sdiA,sdiA,0.0008956814534939966,319,0.00019494805514348038,0.00019255532233740543,6.103906417939153e-05,3.805086618132538e-05,5.914506625246974e-06,8.849237228492943e-05,5.991908503183365e-05,0.00012411674579925237,6.548909914238919e-05,6.51563367687422e-05
ynfE,ynfE,0.0008948429990411416,320,0.00010783364049615138,9.24829885184618e-05,0.0003561808788302796,9.386541373085823e-05,0.00012140602935849836,2.9277338109987644e-05,1.726953079722006e-05,1.1917579378115659e-05,2.791320097480633e-05,3.669639884676249e-05
yegI,yegI,0.000894726195008767,321,0.0003768695626387711,0.0002230097762436421,4.3723803933811586e-05,6.456325207968612e-05,1.8902425241943668e-05,1.8314806222294577e-05,4.026454833643702e-05,4.362652612703504e-05,1.1822799296984441e-05,5.362869488816122e-05
ftsH,ftsH,0.0008938826242655513,322,0.00028247731027617725,3.1176585256563964e-05,3.1354893699666915e-05,3.442520583797286e-05,4.502046619260752e-05,3.382787433352752e-05,5.388885856331301e-05,0.00012763972981258203,0.00019953078985225918,5.454091044088109e-05
rluE,rluE,0.0008937661565855314,323,0.00020086000561638612,1.4155867662002035e-06,7.141949448516308e-05,2.694734576027125e-05,8.073983281356305e-05,6.456197927551321e-05,9.642738494091904e-05,5.088793642843699e-05,0.00018424219316759375,0.00011626439733148471
hycE,hycE,0.0008925629203571947,324,0.0002553034851299978,0.00017318311915138826,2.032260004510138e-05,1.5926157589805524e-05,5.298554870298343e-05,5.159344598485525e-05,0.00017166149123742827,9.427327244430926e-05,2.758625574818115e-05,2.9727544323144547e-05
yhjG,yhjG,0.0008907031835781717,325,0.0001115558631135559,0.00018454593849936464,4.373387702315276e-05,3.107315821415983e-05,6.356440218194266e-05,9.792492828509695e-05,6.545041293074868e-05,0.00010753446976247694,7.149958333485025e-05,0.0001138205502328231
yfdV,yfdV,0.0008903435399040907,326,0.00034355501473684195,0.00022115999437311856,4.915013098697093e-05,2.2823960552229223e-05,0.00010078435140419405,8.74440647126409e-05,1.3588132914511863e-05,1.1699532913083e-05,2.0425427644863665e-05,1.9712929665636574e-05
mdtG,mdtG,0.0008899536642158493,327,0.00024807028950615866,1.3471931206896382e-06,0.00011868652166909454,9.535167643448965e-05,0.0002122643287988315,7.654765096383487e-06,2.9450113802827477e-05,3.8717747380850434e-05,1.565634731903997e-05,0.00012275468108748392
ddpF,ddpF,0.000889645708122803,328,0.00010210997220188668,9.014733020601214e-06,3.6795700912314404e-05,2.2823042053228997e-05,1.2021868748506764e-05,0.00011056870863309546,0.0001481388644517613,8.114783447047132e-05,0.00022985723284426517,0.0001371677507866718
gloB,gloB,0.0008895550688431456,329,0.0002676850196606927,0.00022273091577499146,2.608557187433058e-05,2.8006290569183067e-05,9.3839468120846e-05,4.6563717377224635e-05,7.394102306607889e-05,1.1044561150606288e-05,1.63724562389316e-05,0.00010328604501026032
yjiO,yjiO,0.0008886203341696827,330,0.0002642374507272763,0.00021223484161827112,9.196917897075664e-05,3.8234025188630404e-05,7.573796733287718e-05,6.217817826836577e-05,4.674126457628744e-05,3.852744510626512e-05,1.4770841102250207e-05,4.398914127870257e-05
nudK,nudK,0.000888205382140125,331,0.0003737001286381331,0.0002894547995925683,3.8614297821324636e-05,2.114430773603116e-06,4.184031408365323e-06,4.566460366242027e-05,3.095385172976147e-05,2.645776836919435e-05,6.030252618632526e-05,1.6758943958429178e-05
ydfT,ydfT,0.0008876679959204029,332,0.0003522879950885086,0.00012715450695484254,4.191346523700359e-05,2.8680167693272947e-05,6.45984630338e-05,3.775331480225196e-06,6.541881177508583e-05,3.6858620139280706e-06,6.126506328000778e-05,0.0001388883293637282
rpoA,rpoA,0.0008846111974753683,333,0.00029518802023864935,2.0394030436381495e-05,2.830748855562264e-05,6.61671569033612e-05,0.0001075005531893566,1.344915907581373e-05,4.26894653494485e-05,9.376679457983611e-05,0.00014674508631224085,7.040344283465787e-05
gnsB,gnsB,0.0008839524126513264,334,0.00017990960993305647,2.355340876458504e-05,0.0001573566029605427,4.9932652883451365e-05,0.00016069183034384863,7.2534024301891e-05,8.283568083173398e-05,4.7887462549880855e-05,4.11328353043011e-05,6.811830477803528e-05
intF,intF,0.000883391136092355,335,0.00023359685010227355,0.0002013404059913697,0.00011924727062294642,3.9361226595043156e-05,4.05569539540417e-05,9.889146960727911e-05,1.284841281967504e-05,0.00010587772207850711,2.9734877706025742e-05,1.9359466151935074e-06
fliP,fliP,0.0008812584132838457,336,9.892278744558546e-05,0.0001330472003820861,0.00024347030814455084,6.6087791561240034e-06,0.00020660074416241404,2.964713769249115e-06,1.770948696754558e-05,7.53728654199564e-05,4.540965976662181e-05,5.115186806971238e-05
gfcD,gfcD,0.0008805157586531232,337,0.00037180348682760924,6.54440982441755e-05,8.88174810738068e-05,8.598176168094447e-06,5.254092709458687e-05,6.332736810014987e-05,4.491629476444235e-05,7.35125743121153e-05,8.908858905984035e-05,2.246676300830243e-05
ybjL,ybjL,0.0008798853607830435,338,0.0003922700706801604,0.00010253325032449769,0.00010612338090880055,1.0174761041542493e-05,4.496499402385871e-05,5.425210409445687e-06,0.00011695036201358047,3.156438536827799e-05,4.198246700144003e-05,2.7896479011439453e-05
ptrB,ptrB,0.0008786985076936343,339,0.00027079673854490504,0.00011526797021975633,5.8085145371381406e-05,2.955956967246805e-05,2.550848790917901e-05,3.561098789458425e-05,0.00010374647974700326,8.83294579827735e-06,0.0001051667872485528,0.00012612339528752693
yeiN,yeiN,0.000876141045284621,340,0.0003611137831907554,0.00022737152831562085,1.1073667181753936e-05,1.4242851760107692e-05,2.6996951251355467e-05,3.7456992144543146e-05,5.837448903176447e-05,6.304109962299273e-05,5.546280334857146e-05,2.100687943715591e-05
leuA,leuA,0.0008755887513108982,341,0.00027925907250351146,0.0001439766028188236,0.00010770074460167902,3.638613900833983e-05,4.662743327756984e-05,3.0303989565365717e-05,6.190598136440281e-05,0.00010374301069669669,1.1719338199502473e-05,5.396643927500675e-05
mglB,mglB,0.0008753875937174036,342,0.00030002287306961297,0.0002331343556768598,0.00010031348903617512,1.1535336925328783e-05,2.6101009294225975e-05,0.00011015344748574461,7.117935517182663e-06,1.3285944136820444e-05,6.86625774066962e-05,5.060625168757134e-06
dipZ,dipZ,0.0008739995368488669,343,0.0001484773162666734,0.00017992684299370106,0.00010499053734375099,2.6213072068445746e-05,0.0002661899444519107,5.000024623214552e-05,1.2361159363415812e-05,2.7465113127675612e-05,3.345616336790636e-05,2.4919141633241745e-05
hsrA,hsrA,0.0008711467017161934,344,0.00011961096869802663,0.0001792787441213913,8.635100469561407e-05,9.098395852524755e-06,3.9392370262895985e-05,0.00017842504251989154,1.861749360098945e-05,6.371805176259734e-05,0.00014095608863994767,3.569854156231469e-05
speC,speC,0.0008690859166216795,345,0.00019169472674530208,0.0002460229595156715,7.31343655361131e-05,1.2886620834161542e-05,0.00011707852188286285,0.00010626165304022296,4.0166971582411705e-07,5.191023867653004e-06,6.105522695647075e-05,5.5359148527397565e-05
nagC,nagC,0.0008686516789918817,346,0.00020469220553002182,0.00020530360814821947,9.938341914897102e-05,3.3606386769116e-05,0.00013401172479690868,7.192354500018547e-05,1.70198656748906e-05,1.1481913610587442e-06,8.631418432840202e-05,1.5248548234107953e-05
cynR,cynR,0.000868436978380594,347,0.00026923923466059006,3.0984047083891195e-05,7.662075247092424e-05,3.082863552465528e-05,4.7781350439252705e-05,0.00012491543373501743,6.94459823489432e-05,4.1942583494423974e-05,6.9642725393492e-05,0.00010703623322940397
narX,narX,0.0008676593259331291,348,0.0004196961046336159,0.00011318878366214707,4.9170996686336475e-05,1.3320066535777364e-05,5.983204642749963e-05,4.638350583742745e-05,2.9616781151216474e-05,1.8844576163628436e-05,7.041361122503024e-06,0.00011056510371297706
gcvA,gcvA,0.0008644734369131513,349,0.0003925910009779615,0.00022685933889709484,3.6960146787615366e-05,1.1185498034514795e-05,7.145603267930405e-05,6.574036398332816e-05,1.4508320194457165e-05,9.421218144379913e-06,7.95226344359026e-06,2.779925377090515e-05
citC,citC,0.0008644133129707437,350,0.0002987050622889234,0.00016128017648884703,1.6284336124305854e-05,3.0841104404000675e-05,5.161413986311377e-05,0.00013789365600658138,2.4422484551943624e-05,8.894998720812466e-06,1.3167073770162108e-05,0.00012131028075205331
yiiX,yiiX,0.0008632906804665257,351,0.00019934255195654135,0.00031053109055622665,6.963979300111288e-05,2.884008350119474e-06,8.404306115792842e-05,2.4833181084516882e-05,8.002693753169396e-05,3.298618695285789e-05,5.3129936670095814e-05,5.873933205432395e-06
thrS,thrS,0.0008624598969769094,352,0.00015858343651044808,3.2620514284976526e-05,3.752551320744593e-05,2.0810739839798453e-05,9.760024952558977e-05,2.057708249228665e-05,3.786918443895847e-05,0.00018278359442724652,0.00021981230221097353,5.427728003918545e-05
pphA,pphA,0.0008620758069904884,353,0.00015001057815088004,0.00017028518029993527,2.2863370733031647e-05,5.5982860888145026e-05,7.203906458749566e-05,6.717726644655481e-05,1.0619187284052319e-05,0.00015885275901464388,0.00011344585477535207,4.079968481039765e-05
sbcC,sbcC,0.0008611050209977344,354,0.00019562894318093276,0.00015990145642152582,0.0001270659127973417,2.060270728717376e-06,5.371280665348902e-05,0.0001256797760878511,5.018202112941898e-06,6.928810734224901e-05,8.673001142019363e-05,3.601953425249207e-05
treB,treB,0.0008604131862546307,355,0.00023555349947561132,0.00021090979171551198,0.00011791124195144246,3.392397511598415e-05,2.823766424968694e-05,8.750331573240702e-05,3.2040016011695806e-05,7.052455926491744e-05,2.225056302357963e-05,2.1558559713794155e-05
era,era,0.0008598981779025203,356,0.00030305460755637124,0.0002095632171474079,5.148161846188467e-05,1.0885824914740762e-05,7.906277504423632e-05,5.747828381021072e-05,3.078561963006414e-05,1.4884579716933463e-05,3.369443347575345e-05,6.90072181449175e-05
ypdG,ypdG,0.0008598723909510704,357,0.00011389623985163319,3.62193030620795e-05,0.0001015746557350086,6.800284970941003e-05,0.00022076944404760064,4.928882559933909e-05,3.81333826560498e-05,4.447590575303332e-05,8.455087917743716e-05,0.00010296090535947889
yfdO,yfdO,0.0008574852417417563,358,0.00022986446819448848,8.484081653363877e-05,6.533551711658875e-05,5.299573116804148e-05,0.0001148528261265794,3.993755705215497e-05,0.00015270367914068964,7.510240378442383e-05,2.153923994560922e-05,2.0313002679541962e-05
glgB,glgB,0.0008571262157398262,359,6.903368918280924e-05,0.00011908374930296054,9.234160508259784e-05,3.0677364659956546e-05,0.00010152933600542922,0.00010370516689645512,7.580148392885826e-05,8.61840930692334e-05,9.783247613320987e-05,8.09372514783163e-05
glgX,glgX,0.0008568785540984876,360,0.0001994715242190472,0.0002661367654600983,5.555077774932831e-05,2.648874354720742e-05,1.080067834044187e-05,6.213183295996769e-05,2.8983570291829325e-05,7.619178921270509e-05,8.16717375736226e-05,4.945113474423983e-05
nuoM,nuoM,0.0008564829586503889,361,0.0003536791072733976,0.00012606348825243367,5.62859113696891e-05,8.181505939475023e-06,1.0398851306876968e-05,1.7109144800493107e-05,4.797167723740725e-05,3.8975778450428025e-05,8.936986647407794e-05,0.00010844762754611014
tfaE,tfaE,0.0008549944490497685,362,5.642933377723933e-05,7.245296134430237e-05,0.00020529837312199603,8.629937815899259e-05,0.0001454909880905569,1.323975303705276e-05,6.905195223702419e-05,3.596568288230841e-05,4.7507283285037813e-05,0.00012325874311525786
yagL,yagL,0.000854641470335185,363,0.00019443899933274835,0.0001658011555369404,7.393670563326659e-05,9.458449668795668e-06,4.416468318911863e-05,5.963658013104281e-05,3.972682884925537e-05,1.8503625183287852e-05,7.961179219116353e-05,0.0001693626506195658
yibA,yibA,0.0008544827259164532,364,5.360307128756966e-05,4.0798312647390885e-05,4.292781779823724e-05,7.564265540145855e-06,5.05732540098851e-05,7.253896866277482e-05,0.00011111973717979846,0.00017051031072212855,0.0001582775799062558,0.0001465694081622668
ybhJ,ybhJ,0.0008541853254946152,365,1.6227086076637987e-05,6.749445777925583e-05,0.00016470642503597376,0.00011461495455973662,0.00024989528552849454,2.34350772387082e-05,4.104712306999232e-05,4.860569162967643e-05,3.2831488146306754e-05,9.532773642983265e-05
ykgB,ykgB,0.0008534768085932155,366,0.0002814447651027095,0.00017488646074802257,0.0001259447595319053,1.6107525648083773e-05,7.613714581423272e-05,1.327722169623413e-05,8.370984014034681e-05,5.17502657293649e-06,2.707998869903341e-05,4.9714074639710976e-05
yafO,yafO,0.0008534639513129907,367,0.00011555702951814443,8.012402722703028e-05,0.00022806535587886303,1.930266301186815e-05,0.0002173018878848657,7.328588552107591e-05,3.148582251898396e-05,7.827847479642075e-05,1.378233927001075e-06,8.68457102873742e-06
recN,recN,0.0008516928801170541,368,0.00022225341840412892,9.212921872383306e-05,5.062675233733246e-05,2.9171172401868927e-05,5.54261138700063e-05,3.737918062495844e-06,4.058560377549338e-05,6.760995927110791e-05,0.00023577822252798377,5.4374500742803625e-05
yfeY,yfeY,0.0008514430089585753,369,0.00017626236606459511,0.00013171348920713207,6.700504596664241e-05,1.4904466299985915e-05,6.851094753092433e-06,5.934180377535182e-05,4.030659524565319e-06,0.00010176813621032106,0.0001237262601516992,0.00016583968700518997
essQ,essQ,0.0008511308049991294,370,0.00019661922518111216,0.00013098845151019405,0.0002362422071612053,3.3549142252892923e-05,0.0001201896325804187,3.46682657188126e-05,2.3442988328754498e-06,3.0307859393713778e-05,1.4182550491097087e-05,5.2039171876807154e-05
yibD,yibD,0.0008502031676226539,371,0.00032203448056075646,0.0002221351427963018,6.593498800589413e-05,1.9296488790112975e-05,1.6545591908153467e-05,4.1394211658784646e-05,7.933458680179183e-05,6.103376137820079e-05,1.623815158830314e-05,6.255764134354801e-06
aphA,aphA,0.0008495680596427622,372,4.148612618129475e-05,0.00010003540090429582,9.09225206221558e-05,8.331492263333052e-05,0.00023119782470530732,5.82227362941321e-05,2.8990497705938005e-05,5.09720955019338e-05,3.442143921924527e-05,0.00013000449587512882
napA,napA,0.0008483241899019674,373,0.00021847341858469583,8.313835744535134e-05,2.4245216911172488e-05,3.3834585432499185e-05,5.695648548052545e-05,2.2547978826158913e-05,0.00012660854163915836,4.211625861502996e-05,0.00014298485289831596,9.741849406906005e-05
proS,proS,0.0008475704229002392,374,0.00024161487431234214,0.00015910131080377872,8.940070364174229e-05,3.232256348638835e-05,5.603346559037549e-05,5.3573904605646226e-05,4.926656779404637e-05,8.211814604095217e-05,5.060177106410589e-05,3.35371155608615e-05
ydfQ,ydfQ,0.0008475062100513531,375,0.00021618059388015966,6.62918596647813e-05,2.5426990496000053e-05,5.89530413842312e-06,4.9089878371450936e-05,4.883486466951764e-05,0.00011753969706280032,1.6098108104710195e-05,0.00014561776849314543,0.00015653114517036445
fucO,fucO,0.0008472581502420781,376,0.00017432652901457302,0.0001739101833345688,0.00010047602903540742,3.636415986269813e-05,0.00013683883465990276,2.81899711387509e-05,7.172873531736592e-06,7.407813145303725e-05,6.270544780866387e-05,5.3195990402739456e-05
exbD,exbD,0.0008469244568798853,377,0.0002664190632422152,0.00023245849002930931,4.8944145313690034e-05,1.0346510649160912e-05,4.580089015991793e-05,0.00012787032827716476,5.9295254266951306e-06,5.341301058143948e-05,3.034697578708485e-05,2.5395517413207785e-05
nfrB,nfrB,0.0008468218455223922,378,0.00030700885251044375,0.0001448274730733816,4.9938910790116e-05,4.291386736013926e-05,2.3862627773282773e-05,7.877149340497697e-05,4.1692752024377016e-05,9.856410741774859e-05,4.560805973456288e-05,1.3633701433363466e-05
yfbS,yfbS,0.0008463668361445252,379,0.00044105438603671173,0.00012762940135155654,2.3112589323514303e-05,1.4267360111830022e-05,6.117491286542669e-05,5.843384147671771e-05,2.744572062167383e-05,3.7237037347052835e-05,9.94557392739582e-06,4.606601308264576e-05
yjcS,yjcS,0.0008460318276760372,380,0.0002977207084984619,0.000252883479662889,6.1657721446656596e-06,5.831229386723979e-07,2.8485560472819508e-05,0.00014935770129305144,1.2914041108220469e-05,1.9266560365531844e-05,5.218050723367851e-05,2.6474373958046357e-05
glgP,glgP,0.000845934410967512,381,7.05788346463095e-05,0.0002157699387799169,9.057379198751755e-05,3.560014031932831e-05,7.115565084296259e-05,9.190534516224679e-05,3.898928482334898e-05,7.133621320537386e-05,4.6342924270643505e-05,0.000113682286929864
rbsA,rbsA,0.0008441220364739978,382,3.104520176732276e-05,9.072853189391504e-05,0.0001531491371925245,6.72975486731218e-05,0.00016328090090836773,7.252863445634607e-06,5.0793714466953895e-05,0.00014762080995590896,2.2511199413705934e-05,0.00011044212875654258
yicH,yicH,0.0008430747041036171,383,2.754141519093481e-06,0.00012578230466454802,0.00013821651152502758,4.3195688587072774e-05,9.72592854225869e-05,0.00011747813743849897,1.8121541481318374e-06,0.00010978423997057228,0.0001558321554006305,5.096008542745465e-05
ydiV,ydiV,0.0008415833392890971,384,0.00018477107264784772,0.0001196382759208386,7.107389339575282e-05,2.4370705399441216e-05,0.00010237815805468883,8.024241585167508e-05,4.472557819850972e-05,2.7590325672452952e-05,7.34996259278181e-05,0.00011329328822007196
asmA,asmA,0.0008408736257473094,385,0.00041444523713769576,0.00020661340751487956,2.109142902162882e-05,2.4985396783244426e-05,3.363877839496038e-05,3.317299424861133e-06,4.3342748938401685e-05,4.637846635030058e-05,6.454358377066568e-07,4.6415426343630297e-05
purL,purL,0.0008404101526189227,386,0.0004313169815334353,7.814026329518185e-05,7.886141047443752e-05,2.60561821112048e-05,6.135671443576618e-05,2.5141811355195776e-05,1.955730884515833e-05,6.742102711683936e-07,3.963856052541811e-05,7.966670977195634e-05
yeiJ,yeiJ,0.0008402910804890978,387,0.00033378276104756375,0.00023404172727425367,5.3409560938939066e-05,1.3885061982797599e-05,7.217318596240482e-05,4.6143572587466273e-05,3.4475196178636843e-07,1.2111187305461e-05,6.534430116716933e-05,9.054970261255795e-06
frvR,frvR,0.0008401548646809158,388,0.0004277784035864473,0.00019022788525221532,5.1200992121697463e-05,2.2399708677638877e-05,2.8972952918569878e-05,4.536160736871888e-05,1.0801107480893996e-05,2.0020550853378128e-05,2.1361309943275663e-05,2.2030346478080226e-05
yhiL,yhiL,0.0008382797112548476,389,8.737888679505962e-05,0.00034483415557388106,9.449639847467975e-05,3.78114303637487e-05,2.6524607716405484e-05,0.00010351807937249976,4.1205266306549996e-05,1.5357569284470722e-05,8.187970213757981e-05,5.273615229972486e-06
ydhC,ydhC,0.0008381072357767236,390,2.687253377049866e-05,0.0002068045113101347,7.558916871189277e-05,1.7626465625249194e-05,8.358286138138212e-05,0.00017230620811530927,3.323680962743592e-05,9.517648598161637e-05,2.718882691271761e-05,9.972336434048701e-05
ompT,ompT,0.0008378888505023152,391,3.066127109529653e-05,0.0001301681422085514,9.302271381122362e-05,2.65114899567645e-05,6.566513224265924e-05,9.35147413190277e-05,7.194949014058725e-05,1.3564792875890346e-05,0.00023254649101702235,8.028458583529231e-05
rtcB,rtcB,0.0008360837107933311,392,0.0001855868578617192,0.0002235632107610882,3.466948076542896e-05,1.95132753091538e-05,4.1912907623095694e-05,6.877535362869167e-05,7.563829434627383e-05,1.807593067884063e-05,0.00015007883487162075,1.8269564947418535e-05
emrY,emrY,0.0008357703923450022,393,0.0002869947199982864,0.00021554565843602446,9.760887165334975e-05,2.0913267514564782e-05,2.098841772272639e-05,1.9155680045404604e-05,3.3115333066890424e-05,8.190966406897034e-05,9.671110477465298e-06,4.986766936131977e-05
ruvB,ruvB,0.0008353517930035232,394,0.0004092452187783366,0.00017602164828570146,7.553525108726762e-07,1.4355357500166076e-05,3.320385639433093e-05,3.717166763336121e-05,2.9782503260930247e-05,4.0583260340185425e-05,6.488463968279747e-05,2.934828861684107e-05
dhaM,dhaM,0.0008346796600498282,395,0.00039761627103742845,5.0082812608108955e-05,5.751209726838281e-05,8.655395342157169e-07,0.00013839771036301845,5.4637020933008194e-05,3.406391642614539e-05,5.5151225028359933e-05,3.1215231650440656e-05,1.5137835200719678e-05
LELOBEKK,LELOBEKK,0.0008333095629652363,396,0.0005027816503868648,6.244397033275406e-05,1.5369473672656292e-05,4.665261066063939e-05,3.315332125265231e-05,5.757048373972797e-06,2.8597483643589705e-06,5.996733970142863e-05,3.592306109243495e-05,6.840133912747422e-05
yihS,yihS,0.0008317256859521677,397,0.00021900108742255793,0.00017231473760510662,9.360271302261845e-05,3.5716441863766105e-05,0.000159911174132708,3.950487043636244e-06,4.3122519619349804e-05,4.676131136874425e-05,4.536754901191338e-05,1.1977664861766947e-05
lpxM,lpxM,0.0008311549914078997,398,0.00023589916884445293,0.00019606403620550295,5.09541041385019e-06,5.346321458085348e-06,4.936534553093245e-05,6.759390715964177e-05,5.0824243853072365e-05,4.2031988505677654e-05,6.950181129800181e-05,0.00010943275813868217
emrK,emrK,0.0008299938220053208,399,0.000464543412376504,0.00013816433408093092,6.8914967149427965e-06,1.0532775934301874e-06,8.017409156056963e-05,2.4485459518343742e-05,1.0581178981970047e-05,3.8643500384520924e-05,2.8248120145529296e-05,3.720895064857922e-05
ldhA,ldhA,0.0008285140220864451,400,0.0003698693794259829,6.93535664955973e-05,1.6403496740193316e-05,2.216590796410766e-06,0.00010032903657548779,6.042900119115734e-05,6.340200292736573e-05,7.525415262515179e-07,6.830945012179543e-05,7.744895628620293e-05
yneF,yneF,0.0008284154356724255,401,0.0002700601128244823,0.0001300811966218474,7.002078916184837e-05,2.282655836904114e-05,3.417488759938731e-05,1.6541797539858577e-05,0.00012958242472498198,9.234875962763666e-05,4.2829480613092645e-05,1.9949428590249274e-05
ycfT,ycfT,0.0008259244768273715,402,0.000325914184942135,4.2520031264889284e-05,1.0591843079170384e-05,4.134344223992999e-05,7.993774892229124e-05,0.00012250292335032895,5.4634625429809314e-05,5.8403237094998605e-05,2.7980191128381493e-05,6.209624937543726e-05
allD,allD,0.0008257932016349227,403,0.00015388626175714726,9.134305361224929e-05,0.00014935318146752448,2.008810828925325e-05,6.510090293277263e-05,0.00011800079838823917,2.255039769623737e-05,4.614338428356886e-05,4.8660846659279955e-05,0.00011066626654865061
chbR,chbR,0.0008244889755467009,404,0.00037038700472687077,0.000134447723694455,2.1610804312220292e-05,2.4851823159782047e-06,6.966833565743946e-05,2.7777898416827002e-05,3.0708993886485575e-05,3.1509007972510645e-05,4.026070226153879e-05,9.563332230237519e-05
yfcO,yfcO,0.0008234034120719895,405,0.0002765117138152479,0.00015568381385112936,7.645919535347367e-05,1.6657266535396544e-05,8.383391145836223e-05,5.9807918490253356e-05,8.866480788300009e-06,1.0128563248253146e-05,2.4420497658179203e-05,0.00011103405087339402
ydgC,ydgC,0.0008227212526595388,406,0.0003530492707243596,8.782800758846965e-05,1.5855147346940452e-05,5.88341202451819e-05,9.30078651735851e-06,1.505929389701062e-05,0.000126876011001287,6.645378717175246e-05,1.2594941589203439e-05,7.686988657797526e-05
yecC,yecC,0.0008225396718661422,407,0.00034037344436717277,0.00017652651231864935,0.000133780584706379,1.4575934442732912e-05,3.693152789539435e-05,4.324643020163392e-05,4.9409161039480884e-05,1.903012391262706e-05,5.1895661375087675e-06,3.4763868445633366e-06
yecG,yecG,0.0008223303233281248,408,3.521547745917297e-05,5.510743722781102e-05,0.00020183589746053095,3.1948706392895275e-05,0.00022125963357031453,5.827594925194655e-05,5.722759956891061e-05,2.2383821502445783e-05,6.098242266245009e-05,7.809337823164702e-05
yaiS,yaiS,0.0008219618025085888,409,0.00032249913818971376,0.0001106053641675779,8.935029294895645e-05,2.4121419747181964e-05,2.1663987596502715e-05,0.00010267563166352085,2.7929114599199e-05,6.498719832744567e-05,2.499665334450291e-05,3.313300192398751e-05
rpoE,rpoE,0.0008216299593031935,410,2.6301253549087658e-05,8.86392674127364e-06,3.932121895931336e-05,1.3010586303912459e-05,7.021406752550865e-06,6.03160971754742e-05,0.0001321593186874067,1.5392029711910742e-05,0.0003369784116166996,0.00018226570980556413
tetR,tetR,0.0008215343478425817,411,0.0005399536781651171,3.6106823803095865e-05,9.020434000744839e-06,6.73499676882191e-05,2.8337357659305228e-05,7.950808592208539e-06,3.306487263578233e-06,5.485363530847497e-05,6.184408706421926e-05,1.2811068297618573e-05
yddG,yddG,0.0008214379820778269,412,0.0003792523176379098,0.00015267578665839526,2.2844658116663464e-05,3.1250503937706635e-05,1.2036741298864942e-05,1.6771060405183123e-05,6.767984679793584e-05,8.089168078330886e-05,7.81921500918958e-06,5.021617143266948e-05
ybhS,ybhS,0.0008204698592593302,413,0.00023741278348792446,0.0001152838351789786,7.433639881443311e-05,2.5988183901683777e-05,4.694684026656893e-05,0.0001352609030128405,9.491794277557325e-06,9.932186943297422e-05,5.396103715346437e-05,2.2466213732904975e-05
ydjO,ydjO,0.0008202075219637884,414,0.00021936547421541494,0.00014877466501999733,1.6527787155534195e-05,3.7083850387172223e-06,3.975499594156739e-05,6.07709425846196e-05,9.154184655446098e-05,0.0001013498875594967,4.88555810187498e-05,8.955795687523028e-05
rhaB,rhaB,0.0008187414887878969,415,0.0002307376824098876,0.00020627576338624334,9.546395572758728e-05,3.4116073153906635e-05,5.7911022348444637e-05,1.8559756142984143e-05,1.7458386296353346e-05,8.739384907997035e-05,2.155116956139759e-06,6.866988328637989e-05
yijP,yijP,0.0008184781760035807,416,0.0002418484948440794,0.00019985208484815534,8.827690803863012e-05,3.348096991504739e-06,2.249222653437203e-05,8.669720671070854e-05,8.723455378196265e-05,2.999151471963156e-05,4.353822508499481e-05,1.519886444954173e-05
gadC,gadC,0.0008181820405914406,417,0.0004680077567522159,7.313220235230755e-05,7.660119890887577e-05,5.258162577032088e-06,9.241670699487701e-05,1.571285198167564e-05,1.8586544735035303e-05,2.5540204790196268e-05,1.0391839678683107e-05,3.253457182054194e-05
ykgM,ykgM,0.0008175910963215185,418,0.00022904721702054004,0.0001927372771673689,6.0423497781535474e-05,1.7746410336246412e-05,5.6023001429840596e-05,8.538935544958408e-05,2.23265917539509e-05,5.5437446399937006e-05,6.125439740131928e-05,3.720590158119579e-05
ygjQ,ygjQ,0.0008175586695648489,419,0.00010601852266559063,0.00014490865881919418,0.0001808404737346226,3.283233686610895e-05,0.00021261532310267253,4.1829069448432645e-06,3.770563973485704e-05,4.945640278446139e-05,2.223671805405616e-05,2.6761686858442257e-05
yihA,yihA,0.0008175433349621239,420,0.00029270852223091046,0.0001972241825922076,8.03286399678261e-05,7.632205536500525e-06,1.866692753667676e-05,4.523450861105496e-05,7.462780485404118e-05,6.162501974661733e-05,2.3101233394093943e-05,1.6394290492194934e-05
stpA,stpA,0.0008168027317601344,421,0.000298651448872407,5.460966241671096e-05,6.89138486663619e-05,5.413246857461642e-06,3.651733011974334e-05,2.8023581653262907e-05,0.00015130340437356145,0.00010561399028100308,4.2714286111263606e-05,2.5041932408358615e-05
yfhM,yfhM,0.0008164612781722594,422,0.0004900341563271086,0.00014662380439341345,4.0356317255958644e-05,1.5737051621184594e-06,2.5569603665288067e-05,2.2963337218898327e-05,2.32313081084356e-05,1.0761711822694261e-05,1.1596369097672872e-07,5.52313705273673e-05
rfbX,rfbX,0.0008160716015716518,423,0.0003908486008755746,0.00014220940623705438,1.7186608232538363e-06,1.2770551392053742e-05,6.266541204555806e-05,2.5185680753801583e-05,6.133747612924614e-05,5.289008365499346e-05,6.512335214043498e-05,1.3223775196811495e-06
yagN,yagN,0.0008149357119562305,424,0.0001663766950605325,0.00022825981130699435,0.00011510282722958149,3.9618265170746715e-05,9.812238325373694e-07,8.250567541902504e-05,1.4284261063891764e-05,0.00010669913019289854,1.464006716642124e-05,4.646775551360147e-05
yceA,yceA,0.0008149254447500484,425,0.0001100388476897088,5.561508312809013e-05,9.167195025703288e-05,2.6752142248102675e-05,0.00017888819602742738,7.47951921083357e-05,5.1569459640573196e-05,8.332101596602098e-05,9.491771798030852e-05,4.735583970444828e-05
dcd,dcd,0.000814149547693744,426,9.194913644156753e-05,6.138179132697407e-05,1.5182717789326482e-05,2.3777872494700795e-05,6.31836268602231e-05,8.25614232458732e-05,0.0001506555757729709,2.775208382250094e-05,0.0001841513282363883,0.0001135539917032186
lplA,lplA,0.000814010227492103,427,0.0002794309745808595,0.00018617254903187985,4.559500063623846e-05,2.957659908766313e-05,4.580570094793231e-05,0.000138468375138875,8.795611243218884e-07,2.6764934589226227e-05,7.594869705738321e-06,5.3721662649368296e-05
wcaE,wcaE,0.0008133581820907108,428,0.0003761581798113842,0.00013901962244248768,2.2117495844806422e-05,2.441199846111171e-05,4.363002189081306e-05,2.3537771031072947e-05,6.853641326402196e-05,4.514360979825731e-05,1.6006833555309804e-05,5.4796235991445605e-05
ybcY,ybcY,0.0008132072253412552,429,0.0003059824535327816,0.00017044741867247037,4.705107240860748e-05,5.01366075189897e-06,1.114325924491612e-05,9.88556946189332e-05,5.150564228069524e-06,7.654346648187894e-05,4.347128533787072e-05,4.9548350063828355e-05
ydjH,ydjH,0.0008124612775709168,430,0.0003036996630924098,0.00021490667381730624,2.7306054363517773e-05,9.043857446577272e-06,8.834534847495256e-05,3.297481631433305e-05,5.7268409714573034e-05,1.8627058008945337e-05,4.9823247124263e-05,1.0466149214038675e-05
yfhA,yfhA,0.0008114012567012071,431,0.00030052125628663324,0.00012358769169894268,6.076305242470717e-05,2.732515574233591e-05,7.482856320243877e-05,2.0668871189257896e-05,1.2199892084721687e-05,8.465063393836949e-05,1.4719604946290106e-05,9.213653518751009e-05
yfdR,yfdR,0.0008113092176101824,432,0.00014050332208991699,0.00013680371843782297,0.00014381602251267793,6.947186075504375e-05,0.00021479892888320886,3.210611537426656e-05,3.052134435413024e-05,2.2735404896955616e-05,1.2979155124833701e-05,7.573345181325817e-06
ydcI,ydcI,0.0008094732128656603,433,0.0004182020415258887,0.00011801913500019583,1.0445761151943038e-05,1.4892060858710655e-05,0.00010135084459959977,8.785188812104045e-06,5.101128658371675e-05,7.862949533709862e-06,2.4149427827007872e-05,5.4754516972784e-05
ydjI,ydjI,0.000808525982319549,434,0.0002663293357457702,0.00021827701438747923,4.4085377582536135e-05,5.501289104421333e-06,1.7890358306944356e-05,4.467829625205414e-05,5.281156714560613e-05,9.59462408965974e-07,5.5572683540325384e-05,0.00010242059784544601
pepP,pepP,0.0008082586295679946,435,0.00012923365025921255,0.00014832872407041198,0.00017251189187911635,2.9289521772337396e-05,0.00018366831431612353,2.5751041727263312e-05,3.518032074175014e-05,2.564509074274547e-05,3.0769933498892975e-05,2.7880140560140923e-05
yejK,yejK,0.0008075367181128066,436,0.0002519680700563985,8.30612287821671e-05,4.0309052383527044e-05,1.0277799672474269e-05,0.0001341430867031557,4.828853804194864e-05,3.439389108472714e-05,6.296441752045697e-05,4.96589162051688e-05,9.247171766278249e-05
yijF,yijF,0.0008074551197243366,437,0.00022139044133885708,0.00021671474755942047,5.6243172862500034e-05,3.0270871251286414e-05,3.731030202268878e-05,8.175357744391866e-05,4.0194106032089415e-06,6.465527030365477e-05,2.7229091689715224e-05,6.786823464908617e-05
aroE,aroE,0.0008068322869460308,438,1.579845702698523e-05,0.0002205320003916337,9.624133963410964e-05,1.834805176497259e-06,7.109693475986023e-05,0.00016890984626205118,5.103636170550775e-06,8.162292328519122e-05,9.393627074272086e-05,5.1756073496430706e-05
yicO,yicO,0.0008066831497147185,439,0.00032348863351449757,0.00015681929895901183,9.673096932505713e-05,2.2704922015266492e-05,3.2583035383595274e-05,1.5748709001175917e-05,3.3158674726209997e-06,4.830440560112451e-05,3.017392075268359e-05,7.68133876896852e-05
ycjT,ycjT,0.0008054059027769248,440,0.00017401243773556925,7.073144185733571e-05,0.00022833284498449335,1.2998548335979034e-05,0.00020087993441553705,3.474760444702788e-05,6.902082316011515e-09,6.311399239221828e-05,1.5902284941856657e-05,4.679911584591455e-06
intS,intS,0.0008044947482905677,441,4.1202970652799764e-05,6.82949603529328e-05,0.00015099101274398307,7.555899698475673e-05,0.00024057349796369814,2.049724461313199e-05,3.50116449515815e-05,3.494182812415296e-05,5.1544470903768785e-05,8.587812099976203e-05
mobA,mobA,0.0008029171176703279,442,0.00017057170982695799,6.89285036190019e-05,6.152191096031088e-05,3.170566972617902e-05,2.0431797063363128e-05,8.957494643733813e-05,5.518853913837663e-05,9.249111737581536e-05,9.06777049490939e-05,0.00012182521857389093
ygeX,ygeX,0.0008026807113331141,443,0.00014955906033236167,7.113227791128111e-05,0.00018713266000414157,3.1799204439294654e-05,0.00018156318090761865,3.093591515249312e-05,4.925532630733094e-05,5.369031620440718e-05,1.258938694871554e-05,3.5023383125469616e-05
yjgF,yjgF,0.0008024600929659164,444,0.00015448499500599316,0.00019797875892359182,9.116544965794052e-05,1.3850384158607424e-05,0.00013272906628757924,8.761752319317815e-05,9.502719933036026e-06,2.9021890543579728e-05,7.413609535453629e-05,1.1973209907874047e-05
pyrE,pyrE,0.0008019206097918737,445,0.00033497067784236934,0.00015843508934830613,2.4101540629861756e-05,3.091941374502994e-05,0.00011910467477328165,3.31425548745206e-05,5.23175896511976e-05,2.2438911675376614e-05,6.2121049739744525e-06,2.0278052277955668e-05
ilvI,ilvI,0.0008018517646516713,446,7.25706746474086e-05,0.00012558874978648433,0.0001835899263310205,4.7732223478255476e-05,0.00015189613540888308,7.20065498905946e-05,1.7593185949035953e-05,5.268880502705632e-05,6.726672217598495e-05,1.0918791956947371e-05
recC,recC,0.0007999230947365916,447,0.00031262705152838806,0.00018620468380991013,8.575796605553459e-05,1.3460085893808418e-05,3.704403406315011e-05,6.238539376772691e-06,3.800208574619878e-05,3.40353061342292e-05,8.082357428232416e-05,5.729767846275515e-06
pgaA,pgaA,0.0007982400192183801,448,0.00042612528105160204,8.986842564083291e-05,8.655995389264514e-06,1.158400789803658e-06,5.346715863987763e-05,5.470216984065878e-05,2.5858097251552798e-05,4.771345468155008e-05,1.5801004439533285e-05,7.489003149370438e-05
hcaR,hcaR,0.0007961124421773439,449,0.0002762160211254926,0.00016617179486730235,1.8737074904829993e-05,7.0897988225957086e-06,0.00015197384601357437,4.702323431367674e-05,3.98721501508798e-05,2.5489263241720556e-05,7.644238015140291e-06,5.5895020722131347e-05
yfaX,yfaX,0.000795533569157078,450,0.0003553277379160719,0.0001437062275719091,2.7030368941953743e-05,2.603498972555132e-05,7.4199462469995405e-06,2.9763397124178868e-05,6.974438205962926e-05,1.9048984571887104e-06,8.688809952725895e-05,4.771352158633674e-05
yafK,yafK,0.0007945618541385989,451,0.00021842505669709625,0.0001913204083351469,8.490429163099786e-05,8.047033913129342e-06,2.7202125615882674e-05,7.896851141673769e-05,2.0874982387412192e-05,7.707981487754172e-05,4.619162740050297e-05,4.154800186415128e-05
csgD,csgD,0.0007940215336449119,452,0.00024539836059351265,2.5223931682868718e-05,2.7814268636650548e-05,1.6445170740202856e-05,0.00018779127293990552,2.4576299111179418e-05,3.4964848336595984e-05,2.072446595937028e-05,0.0001150712836877389,9.601163195688701e-05
yajI,yajI,0.0007935246463045052,453,0.00018589688086570287,0.0001086700630965382,0.0001001394335796957,4.528233233240415e-05,8.647089603108682e-05,3.662314428922015e-05,4.6036400571365016e-05,3.29415574169732e-05,9.473246196380941e-05,5.6731476157709686e-05
yebT,yebT,0.0007934573871188675,454,2.5437153918105374e-05,9.8163055747937e-05,0.0001846939329234887,6.992018307327169e-05,0.00031128431346694814,4.632047575924278e-06,5.735081208282144e-06,4.727178300302183e-05,3.211916051335415e-05,1.420067568853414e-05
yedN,yedN,0.0007933885567722078,455,0.00034177649085866227,5.287475202461595e-05,4.3177394522587685e-05,8.350689939410213e-06,7.63550367164749e-05,2.584404290356564e-05,5.5230525374086905e-05,5.839954294691237e-05,4.555022272998399e-05,8.582985875590799e-05
ypdF,ypdF,0.0007929738281049778,456,0.00035238770488825135,0.00018181130442179098,2.200102738535837e-05,4.456728896033803e-06,0.00011048013612361081,3.980058187512658e-05,9.146266119757944e-06,5.132719568819592e-05,1.6344145797175752e-06,1.992846812713448e-05
dcuC,dcuC,0.0007927132665770803,457,0.0002838448688887925,0.00019475235116568924,2.5787493311110178e-05,8.914178606032107e-06,2.49535732581187e-05,5.7514194620088815e-05,1.4743072173155618e-05,5.095817699641285e-05,5.871310960136381e-05,7.253224795631629e-05
yadN,yadN,0.0007919750210649333,458,0.00012642149711745586,0.0002094469865803191,6.957034941579221e-05,1.7127760352483673e-05,4.930857159459433e-06,0.00014818928032161397,5.036634467904857e-05,6.662999311084095e-05,2.462970806458337e-05,7.466224426333596e-05
yeiI,yeiI,0.0007913334635130116,459,9.216532655222948e-05,0.0001251677744954282,0.00010828024314691676,5.537065174111955e-05,0.00010995258901427111,5.7568753936784824e-05,2.7683645661821052e-05,0.00010515081947136697,3.330407611214104e-05,7.66895833809327e-05
ypdH,ypdH,0.0007913156939106037,460,0.00016073644121308638,0.000171704987954041,5.1983511864037674e-05,8.82030724683801e-06,9.042937114002477e-05,6.525466934695388e-05,0.00012480484760784,8.131348112453958e-05,1.262900117270964e-05,2.363907524053276e-05
dapA,dapA,0.0007910249509181558,461,0.00023834342403087095,0.00011849984927265447,7.117581497482423e-05,3.5383447262416004e-05,6.905038121165064e-05,8.225346255088865e-05,2.3933860320153025e-05,0.00011206449649805924,3.068617422842053e-06,3.72515973737965e-05
yegX,yegX,0.0007909101237693601,462,0.0003117093547519016,0.0002709158808624206,1.1196904560096285e-05,2.1086797859774418e-05,2.195220045616039e-05,9.588302664690786e-05,2.5937527764392443e-05,1.7737643295891152e-05,9.539123259478822e-06,4.951664312336739e-06
yccF,yccF,0.0007873593597406984,463,0.00034407711763590176,3.636660227102353e-05,7.724339636119357e-05,1.831679771496697e-07,5.1879481846652804e-05,6.0620232994786095e-05,8.012460902064306e-05,2.7939736890471885e-05,9.410653229533145e-05,1.4818482447544731e-05
yfcG,yfcG,0.000787180417780301,464,0.00013716697049296638,4.9621705573652176e-05,1.3754765000730151e-05,4.689585545803963e-05,3.2553697773941876e-05,4.828951028988425e-05,4.9951134790577825e-05,0.00017545099455959807,0.00013461903728873343,9.887674655217717e-05
ykfA,ykfA,0.0007864418688241556,465,0.0001556531447669185,0.0002442035923279564,2.5510398235865106e-05,2.305942380926613e-05,3.7706261618021586e-05,0.00016153254428736026,3.924989188884312e-05,6.104412920942378e-05,6.360137853906831e-06,3.212234482659376e-05
yeiM,yeiM,0.0007858644176603435,466,0.00042454094606436866,0.00015511959361884983,6.157476978558803e-05,1.1591749571602414e-05,3.121539992185409e-05,4.192794967385348e-06,3.7683663742554644e-05,2.5951912853053153e-06,4.377241709520983e-06,5.2973066993314185e-05
azoR,azoR,0.0007851895355192178,467,0.0002460531481548614,0.0001546480704057906,9.360001071232784e-06,2.7571432923886045e-05,0.00010331622790077602,7.90072882192566e-06,6.392396197407938e-05,2.0301788966288715e-05,2.036237126702667e-05,0.00013175180403335047
grxA,grxA,0.0007842462351934009,468,0.00012662563990697103,6.84425050845733e-05,1.4726040522621954e-06,4.2410340844868736e-05,1.9976384675996877e-05,0.00012472190420987828,0.0001380114624759149,8.565328265483091e-06,0.00016008111373645338,9.393895194099896e-05
insC-2,insC-2,0.0007841100621543889,469,0.0003134851605283564,0.00012079658293419221,0.00010918115138689146,1.6854221135640366e-05,9.619755798737423e-05,4.611728206282723e-05,1.5623772763894052e-05,4.546695650006671e-05,2.1781022488463334e-06,1.8209274606299916e-05
agaD,agaD,0.0007831129705049095,470,4.990159739050919e-05,0.00010038211258307485,0.0002430336704150029,3.128316763037046e-05,0.00017744134011563685,6.616882293433638e-05,5.735675691558121e-05,2.9806867295425838e-05,2.6194266150062666e-05,1.5443690749090049e-06
yhgA,yhgA,0.0007811301368893372,471,2.839329439615226e-05,7.804167894203583e-05,0.00014818006062986515,5.294189514792033e-05,0.00021809272492607774,5.5234126855104404e-05,4.579576186224902e-05,3.514304125784345e-05,4.182796335355067e-05,7.74795895185383e-05
glnA,glnA,0.0007801307348128464,472,0.00021135196143615346,5.1251669320998664e-05,0.00011926750550841297,1.931654740358394e-06,0.00020989665832595638,2.0328165617382458e-05,3.125983810522135e-05,4.701013019492808e-05,3.316670692313373e-05,5.466644464030097e-05
fdoG,fdoG,0.0007800108156635422,473,8.314523433698714e-05,0.0002967522713617527,3.785469594598505e-05,3.6616267029347876e-05,1.8806888467564218e-05,6.641757497936952e-05,6.353834034769351e-06,5.606100000019246e-05,0.00010651270174906078,7.149034775851293e-05
zraP,zraP,0.0007796957849970745,474,0.00013275764408665378,0.00026605197041207535,3.9364054426393295e-05,7.389670965028375e-06,1.3548057803481795e-05,5.665375378015664e-05,6.980735229666026e-05,4.653055058169142e-05,8.034567760427617e-05,6.724705304065745e-05
rplO,rplO,0.0007794416991852285,475,0.0002684574547999211,3.1768919596168025e-05,9.111504352976829e-06,8.160211665888995e-06,1.239721392539006e-05,1.300567381560277e-05,6.575467388975084e-05,9.119614753022287e-05,0.00015629753010987232,0.00012329236949943468
ftsY,ftsY,0.0007786530234782902,476,0.00030894145926321087,0.00011012522841446647,2.7505771239464424e-05,3.6200744456728006e-05,3.838203364845303e-05,0.00010080405113826874,2.863893888567743e-05,5.268029809202288e-05,3.8628902533002574e-05,3.674559580699564e-05
plsX,plsX,0.0007779395326490163,477,2.8452175890844717e-05,4.070857251579665e-05,0.0001301345392409895,6.784956749012799e-05,0.0002226503079395862,4.561188661398068e-05,2.0194516274951755e-05,5.569772612922006e-05,4.966814357878457e-05,0.00011697209697473416
ampC,ampC,0.0007778826030756615,478,0.00018717545344530627,0.0002760929506917028,9.178862460723317e-05,5.587021386874393e-05,8.855029863792327e-05,3.913951484548023e-06,2.7131634350867816e-05,2.6972637150537726e-05,5.396038350665039e-06,1.4990800488133375e-05
ygfG,ygfG,0.00077788044096121,479,6.734040916093234e-05,8.897875190743624e-05,0.00013945487966491414,7.093117873050647e-05,0.000229819830742432,3.156373366378604e-05,3.414826121558872e-05,1.7323584476729046e-05,1.1761365595505572e-05,8.65584458033796e-05
hcaT,hcaT,0.0007778331155053259,480,0.00022831809024716307,0.0001621398251911147,4.6314306492984005e-05,7.930929991436877e-06,0.00010007711158645063,2.9276670957096966e-05,3.627092561017801e-05,5.6912021800911784e-05,3.281159764035488e-05,7.778163598763507e-05
maoC,maoC,0.0007777978427564128,481,0.0003095324935602813,2.4213632718606122e-05,7.517052752366314e-05,2.99686532223482e-05,3.120043570803814e-05,1.2869187528200418e-05,4.109148541812786e-05,1.208622547222067e-05,7.650040884373529e-05,0.0001651647927611918
bglF,bglF,0.0007776926103040016,482,0.0003057740016525719,0.00020682798467348444,9.457553762197089e-05,1.795693703611504e-05,1.4354720468108013e-05,4.586287751660144e-05,6.8548070246686445e-06,5.764899040178109e-05,1.1665773020833086e-05,1.6170980887867227e-05
ygcK,ygcK,0.000776088627507936,483,0.0002680027361359884,0.00015667483462116383,1.738883887107109e-05,6.954213309163028e-06,0.00012254946025868298,6.892507801564651e-05,2.5014809599767175e-05,2.0463374311657005e-05,6.356652751430728e-05,2.6548754870488648e-05
yjiC,yjiC,0.0007751253666706346,484,0.0002906799358688074,0.00012493751156550265,0.00010820970187174117,3.464964203136218e-05,6.0710366062306376e-05,0.00010429922264110978,1.8729432237139646e-06,1.4970614399856472e-05,1.911985244039379e-05,1.5675576565840808e-05
gyrA,gyrA,0.000773838549550014,485,0.0003105701164684552,0.0002563619387225014,3.77065571496182e-05,1.049382321176963e-05,3.8531740458655715e-06,6.231291445645133e-05,4.704339852054834e-05,4.248196060777579e-06,1.888834271072903e-05,2.2360088203297537e-05
prc,prc,0.0007734515133734677,486,0.00019702882762380185,0.00011984496281396171,0.00010271313398946318,2.7685137152700438e-05,1.8715608791514243e-05,5.859945958221432e-05,2.5033719267989667e-05,0.00010387493597965863,3.44790560511559e-05,8.547667212100769e-05
stfQ,stfQ,0.0007727694739366843,487,0.00012388655339846846,5.628340323415914e-05,7.618489845924826e-05,5.5688253743973254e-05,0.00018948347835327336,5.120213598887686e-05,4.344685608578518e-05,1.2221165115968177e-06,6.862337480539875e-05,0.00010674840335590413
ykgL,ykgL,0.0007719398243774128,488,8.772303360877696e-05,8.832824735998404e-05,0.0002803251613322847,1.4801875218158035e-05,8.653668685201675e-05,2.196673443120464e-06,6.31316794176861e-05,2.5792811605798223e-05,6.9402876856032005e-06,0.0001161633678539843
hycH,hycH,0.0007715267074095124,489,0.00030196345339389825,0.0001711894651420441,2.159535452096801e-05,4.562252415648495e-06,5.7766843532761154e-05,1.2676338230539884e-05,4.45133840889906e-05,2.7936527267966157e-05,0.00010141674368014499,2.7906345136550856e-05
ynfL,ynfL,0.0007713958681433799,490,0.0002382773791733337,7.801688370141096e-05,9.437590529537574e-05,8.818725211389235e-06,0.0001181067657447965,8.839147297338854e-06,5.894086477499882e-05,1.2507326779081217e-05,8.984667755807525e-06,0.00014452820240984726
flhA,flhA,0.0007710045572656357,491,0.00040371336612104536,9.943306316763664e-05,2.365076933684376e-06,4.4336366877236846e-05,1.9944726867820803e-05,6.390522406233157e-05,8.3176010001873e-05,9.928559064388954e-07,8.761765526498903e-06,4.4376101801069185e-05
hscB,hscB,0.0007704202351910453,492,0.00023939761065751826,8.578738413159686e-05,6.478775339110208e-05,4.8981128799120584e-05,0.00014426967672664633,7.318303306195287e-05,5.627193625681147e-05,4.1667452958929566e-05,9.465684458750194e-06,6.608574748617008e-06
htrL,htrL,0.0007681505371714245,493,0.0002468726134883204,0.00015156056204573408,4.76906600688437e-05,1.1646050571611873e-05,5.721570730219097e-05,4.562617231535372e-05,2.7379453456046942e-05,9.573598592618239e-05,3.417648112100909e-05,5.024685087613143e-05
pssA,pssA,0.0007676387202813985,494,7.357435062684852e-05,8.12885403625519e-06,8.801009008588328e-05,1.4278352201919262e-05,3.548212293841318e-05,8.374591511441699e-05,5.0146567160651327e-05,0.00010048472046300345,0.00011411865031929143,0.0001996690973347159
yfcQ,yfcQ,0.0007671039812217838,495,0.0003160119069280166,0.00011907418482990176,3.62276334999506e-05,2.2814106988871246e-06,6.490087409221838e-05,6.533948960038189e-05,7.972217754379097e-05,6.349821990120477e-06,7.517424483743513e-06,6.967905755477252e-05
ygcH,ygcH,0.0007659040798861641,496,0.00020663935548912918,0.00013814502136331652,9.544849534030179e-05,7.224484118326728e-06,7.809938839052523e-06,2.5021653401194885e-05,4.336024542519497e-05,1.541358572052521e-05,2.828471981295799e-05,0.00019855658037616422
ugd,ugd,0.0007658499290127565,497,0.0003035875096971173,0.0001879868414856654,3.7347903673976286e-05,2.6507368244334177e-05,2.4648127005979784e-05,1.5297602196602557e-05,3.966315988465018e-05,2.508718570860405e-05,0.00010136025508917268,4.363976026653974e-06
ubiX,ubiX,0.0007645518844037137,498,0.00018480299140786858,0.00021023322920170394,1.6761342241090635e-05,1.617645696890303e-05,0.00011038546340013834,8.968064284338875e-05,1.6046515517290713e-05,3.4735128011117676e-05,3.766818475229896e-05,4.806193005991301e-05
ydhW,ydhW,0.0007642029915276658,499,0.0002646077601985353,0.0001824796019975073,7.12996583006609e-05,8.694311436249477e-06,2.513415578537612e-05,7.158981492704358e-05,2.4864106773724117e-05,3.075346714091492e-05,8.332080944715382e-06,7.644803402293891e-05
cbl,cbl,0.0007640462449835301,500,0.0002521016650611032,0.00022304928785522066,3.410131633677646e-05,4.130554344407164e-06,1.1358826816496149e-05,5.448411183185014e-05,9.439242958467744e-05,1.4710709311084897e-05,4.292098057285875e-06,7.142524578462803e-05
yafC,yafC,0.0007626189454098118,501,0.00022457526002267228,0.00018900030346505084,5.8973866099842384e-05,2.3984312583626327e-05,6.947034683425007e-05,0.00012983799499579346,9.287448547480733e-06,2.708967271138818e-06,1.683522178025129e-05,3.7945223809705574e-05
livJ,livJ,0.00076250684093074,502,5.8392062452262755e-05,0.00021950596395219567,8.38889971427272e-05,3.1859838916769434e-05,1.0072000152742735e-05,0.00017001669914588948,3.6812740793894996e-05,3.0483730477802335e-06,0.00014484169348557636,4.0684718409011054e-06
nmpC,nmpC,0.0007623974978129147,503,0.00021683352217980774,0.00021514688095700653,4.2042003548644534e-05,1.8708724801044044e-05,9.473221906750327e-05,7.66009355502192e-05,7.95560259827159e-06,4.654120641683253e-05,4.3086724296689425e-05,7.496783968959387e-07
yggC,yggC,0.0007620940409096174,504,0.00013223797506858978,0.0001279142670103509,0.00010198458142336492,2.1537988064145964e-05,0.00020797865684397764,4.8835338619747845e-05,2.19050613521601e-05,6.595729987999762e-05,3.194464718453513e-05,1.7982254627474202e-06
ydfI,ydfI,0.0007617601323403424,505,0.00014183802318668457,0.00012548898800169344,4.40858614520067e-05,5.57194256524497e-05,1.867018505320685e-05,9.184320346075665e-05,4.836905201463056e-05,2.6391637330501937e-05,4.1610068996116976e-05,0.00016774368719229505
yfcR,yfcR,0.0007593456220964697,506,0.0001174039144512752,0.00010234728018074983,5.045373603133199e-05,4.437697054990942e-06,5.816322040644555e-05,4.0528239310246216e-05,9.012548356686043e-05,0.00010913951885311703,3.5278914632202485e-05,0.00015146761760925006
yjgH,yjgH,0.0007593112259937111,507,0.00015247590870960906,0.0001933565850344991,0.00011610886192791563,2.6297940546581823e-05,1.1937539370955488e-05,7.97866039025869e-05,4.180582803047103e-05,3.7632078556054424e-05,4.904298846171057e-05,5.086689145332702e-05
torZ,torZ,0.000758681828606385,508,0.0001907080456132164,0.00013990974115494665,7.509587165487263e-05,3.383794379232624e-06,1.496452739026614e-05,9.154267122326076e-05,8.95135755918475e-05,1.6979812963667862e-05,2.8910292763973887e-05,0.00010767349587110054
csgE,csgE,0.0007585577955566077,509,0.00033676026311859,1.7151103957282565e-06,0.0001388445496133826,1.2790720678558552e-05,0.00013814767906791193,3.300064564059174e-05,1.7999583672829017e-05,2.0002377153404247e-05,3.392035117554886e-05,2.5376515040062525e-05
yfbN,yfbN,0.000758434883870832,510,0.0002893863833051719,0.0002391464247983851,3.4244175491301097e-05,1.2648968262237605e-05,8.015482325969045e-05,6.361220112708142e-05,1.3947550456391028e-05,3.610710079868053e-06,1.021644955682467e-05,1.1467197533880583e-05
yehA,yehA,0.0007582304921508813,511,0.00035021984458736275,0.0002238714872319091,9.783157723058482e-06,7.190964754558859e-06,1.7946986954050503e-05,6.720077676784204e-06,2.8361408629101352e-05,5.664362845541531e-05,2.0053659081001837e-05,3.743927705763912e-05
yehT,yehT,0.0007581432651203881,512,0.00026097223853962197,0.0002434870527035147,7.51223935000353e-06,2.2419407428077885e-05,7.023945435859403e-05,3.899306018024558e-05,2.616543310323104e-05,1.6133023351923832e-05,8.564729774926985e-06,6.365662633024868e-05
elaA,elaA,0.0007576486098499971,513,0.0003164168707496959,0.00016542522104652814,6.3109961762841236e-06,2.4045737465537447e-05,2.4763458766332137e-05,4.7303123917172175e-05,4.4304481915194194e-05,2.9446430919168684e-05,2.673792134422919e-05,7.289436754985513e-05
dsdC,dsdC,0.0007569730159568508,514,0.00024461737067101247,0.00016294197469623504,3.0003508816078928e-05,2.735491461373664e-05,3.764261160545741e-05,3.5434969357872414e-06,4.9249299939155695e-05,2.5393361082569412e-05,0.00014201314391502359,3.421333368179439e-05
yceI,yceI,0.000756749165869354,515,0.0004706513402350244,3.0935046481833276e-05,4.90062762195414e-05,3.716676139881681e-05,4.58598653941857e-05,7.166916512075055e-06,6.778892668784174e-06,1.6010834628057463e-05,8.285691655699577e-05,1.0316315774040092e-05
hdfR,hdfR,0.0007564825450765411,516,0.0001927687951306666,0.00031478707393303246,5.157259448326499e-05,4.079944639582462e-06,1.696195135968473e-05,1.5731891423693917e-05,7.307988984172061e-07,6.973694769045583e-05,3.4509123136857574e-05,5.560342438088544e-05
gudX,gudX,0.0007547320704394806,517,0.00033389120749711016,9.552080099665839e-05,7.114527178631554e-05,3.126093344265514e-06,9.035266695816867e-05,3.039852045956678e-05,1.29577858460934e-05,1.7193778956308547e-05,2.2809433977976776e-05,7.733651061701698e-05
flgM,flgM,0.0007546648260975545,518,6.183113683706082e-05,0.00012724775476378132,6.217047413274797e-05,1.95996016676943e-05,7.582069797736516e-05,5.9635478093954685e-05,5.7876792790608396e-05,9.993552426810068e-05,5.7204299184887514e-05,0.0001333430663813536
ribC,ribC,0.0007545954882197325,519,0.00038981967900416427,0.000217701965285434,1.8063952405843874e-05,4.965268991390328e-06,2.5721701154704636e-05,1.5215741894895768e-05,2.7605466231298584e-05,2.0851011995234285e-05,3.5421006581249837e-07,3.4296491190954364e-05
mobB,mobB,0.0007529473825875932,520,0.0002666233620010119,0.00016079790514196413,0.00010539314671962859,1.0243434686605978e-05,6.221269482469138e-06,8.255496176297775e-05,2.662419490144997e-05,2.7231984228525118e-05,1.8486741260816653e-05,4.877038240214398e-05
lipB,lipB,0.0007527777979145513,521,0.00021615632919484574,0.00017050606745948929,0.00012597568387460025,1.155038157120039e-05,2.5946253488441472e-05,3.126457108202917e-05,4.000020387435273e-05,8.591993562529014e-05,6.600974788202041e-06,3.8857396956100204e-05
dcp,dcp,0.0007521509708475725,522,0.00030717733245418593,0.0001307864737040282,2.302415061600496e-05,1.0078729731899872e-05,4.849763247502033e-05,4.273301262028302e-06,8.515891766851614e-05,3.619369978540872e-05,1.940782047631151e-05,8.755291267416836e-05
ilvB,ilvB,0.0007516041427539602,523,0.0002520279817675159,0.00011851836166329471,0.00012927775565024048,2.7749742798333538e-05,3.9110787778852246e-05,1.907198480904228e-05,1.7168818012094753e-05,8.501024141572912e-05,8.268619950061157e-06,5.539984890879596e-05
ydeH,ydeH,0.0007511305084035894,524,0.00031100726820668947,5.915084810692684e-05,0.00012516171601217212,1.1638612808709948e-06,6.401987262442401e-05,5.468525007723888e-06,8.446567539939906e-05,1.8717216347610673e-06,5.960305658911012e-06,9.28607144717109e-05
ligA,ligA,0.0007499795204218963,525,0.0002491249829029591,0.00023753173146693647,3.239468758841313e-05,3.002128448480009e-06,5.621749643796403e-05,7.857557480815363e-05,4.6597857396860025e-06,2.2515816044771518e-05,3.606748075936693e-05,2.9889836225165296e-05
ddpA,ddpA,0.000749671075583959,526,0.0003874639921629852,0.00012167892650064709,2.214878374029642e-05,1.806052506981859e-05,5.2566426421252134e-05,2.6663242146193378e-05,2.2192338666667366e-05,1.7324396955340626e-05,1.097797608423131e-06,8.047464631233513e-05
ybiV,ybiV,0.0007493102409608266,527,0.0004487708127891422,5.311494643864314e-06,5.437070160926576e-06,2.601350626764702e-05,5.269610898576198e-05,4.434580370880571e-05,2.123829137958536e-05,1.1522790821964389e-05,4.43395657339094e-05,8.963479646921974e-05
hsdR,hsdR,0.0007491717893431761,528,4.407732220929532e-05,0.00015045315906977213,0.00012299660415349532,3.0515029744734126e-05,4.308401826987861e-05,6.535970939379698e-05,2.3530142721284745e-05,4.1490675123021016e-05,2.373206634280832e-05,0.00020393306231508948
hflX,hflX,0.000747994911860223,529,0.00017614823055822696,1.504493747222697e-05,1.6009922614486046e-05,0.00010254482422579281,9.775224667955029e-05,1.6278526646456908e-06,6.171721127275795e-06,8.8991216935945e-05,0.00014625778016504696,9.74461794170265e-05
traY,traY,0.0007471886816192275,530,0.0003082867417986098,6.122887784927121e-05,6.103281640146777e-05,3.3289549465591366e-05,7.374919351940126e-05,4.634649625252171e-06,2.7598542219147822e-05,5.573883301113155e-05,0.00010400251831904166,1.7626959410312863e-05
purE,purE,0.0007465466779132357,531,0.00024627325779729483,0.00014634255724722099,1.5075811029770378e-05,4.717784121230973e-05,2.5786632623797203e-05,0.0001214562575668212,9.862488790366461e-06,6.92374358226257e-05,5.275792127053235e-05,1.2576474552496806e-05
ybaQ,ybaQ,0.0007463296256653903,532,4.524840504993895e-05,0.00014399735193925477,0.00014404162684824128,3.022285466038494e-06,0.00018578799498178653,4.609816251227735e-05,4.188533553776358e-05,3.7365247281701455e-05,5.4476347140656876e-05,4.4406868907731155e-05
uraA,uraA,0.0007462553722236942,533,0.00022421136528183206,8.810322638909145e-05,9.290251560662098e-05,3.8175536792332094e-05,1.260612273282678e-05,2.898692270176193e-05,3.081772028937455e-05,3.943079889297588e-06,1.6507505741488947e-05,0.00021000137679906767
maeB,maeB,0.0007462278848368406,534,0.0002841761928428006,0.00020383428218629222,9.721566550651015e-07,6.440847747998711e-07,7.425520415740325e-05,4.432478750073273e-05,1.876881472010512e-05,2.9523086764518694e-06,5.449425593067301e-05,6.180579739251677e-05
yddB,yddB,0.0007461891058987899,535,0.0003259422035654244,9.970845803621917e-05,3.0506473434358956e-05,1.958401522556459e-05,8.020672508926693e-05,1.3504635076795831e-06,7.086145543535215e-05,3.533282739445788e-05,2.6494693617115855e-05,5.6201790593350436e-05
ftn,ftn,0.0007459729984251613,536,4.908933152090472e-05,0.00011288152028510755,9.411793192188705e-05,2.4412883066487714e-05,6.0247121672521126e-05,9.391525130414652e-05,2.3937604439148938e-05,8.530770113620899e-05,0.00013720201499125263,6.486163808749609e-05
amiA,amiA,0.0007450253426905841,537,0.00011202692769556047,0.00011897451184803358,0.00026627450190058375,4.699871087126715e-06,0.00015558489136992173,9.661237373038964e-06,8.35540930551534e-06,1.947371115609264e-07,1.4070582613518626e-05,5.518267238572396e-05
rhlB,rhlB,0.0007438638256004647,538,0.00013550515587126946,0.00022362783700367067,3.429824771187511e-05,2.074780338738876e-05,4.138464208870933e-05,5.068901099955404e-05,1.5227808370900993e-05,9.345896435293281e-05,4.7961850037521095e-05,8.096250577664249e-05
yjeP,yjeP,0.0007428799973928997,539,0.00020931084560285243,0.00013256420891759302,4.906031736029888e-05,5.306242163322727e-05,0.00014588383499145066,6.721289805548673e-05,2.7045664549132594e-05,1.280336398595345e-05,4.442186428655334e-05,1.5145780103513149e-06
ybiP,ybiP,0.00074245030369351,540,0.0004244355577782508,6.017762424892817e-05,8.157597722642973e-05,1.4428131053696329e-05,5.483570733131466e-05,5.414343845697971e-05,5.43682000869957e-07,3.4676025968401865e-05,7.10859305073844e-06,1.0525566577900348e-05
gidB,gidB,0.0007423939012055291,541,0.00013237697994253602,0.00017138063903934358,7.691711684236624e-05,3.2694326441111083e-05,7.83430115572292e-05,5.043464625371885e-06,2.4812094867842947e-05,0.00011137014487525189,0.00010310802304785154,6.348099966624541e-06
yedW,yedW,0.0007420504478408087,542,0.0003260590396213399,0.0002229529124919444,2.6836163355043248e-06,6.231487372287471e-07,2.1134501991192512e-05,1.4234000011237677e-05,1.1060673661504397e-05,1.3918496624165509e-05,3.7561384684200965e-05,9.182267368249015e-05
ycjD,ycjD,0.000741961595158212,543,0.0002766711424857094,5.876749588804919e-05,0.00019419246292364217,3.1012765916783287e-06,0.00013551102831186189,2.424981720847925e-05,4.343957239966164e-06,3.1777643581530636e-05,4.27614702700636e-06,9.070623900288547e-06
ydjK,ydjK,0.0007418968433454782,544,0.0003058691885932578,0.00019003762940535433,6.465092361316515e-06,5.231912656387178e-06,1.6450308683964162e-05,3.9091098282086105e-05,4.9706578280473665e-05,2.4117748187038884e-05,6.058020741052887e-05,4.434707948507078e-05
yqgD,yqgD,0.0007418081789619526,545,0.00023815791462772506,6.562647696935485e-05,7.48481086136025e-05,3.152052920833495e-05,0.00019393249286203917,1.1279168809100268e-07,1.3018522170707889e-05,7.203656587619973e-05,1.5696299615538363e-05,3.685847733035913e-05
rarD,rarD,0.0007409694127904381,546,0.00012695857823045366,0.0002885265601662336,1.1224841922912096e-06,1.930416304849692e-05,2.750471845870594e-05,6.148101198789469e-05,3.0487582009374046e-05,6.356717519881461e-05,8.740687727470057e-05,3.461026222347287e-05
narU,narU,0.0007407056069027364,547,0.0004696516427850256,6.097276987678693e-05,2.8567928583691808e-05,1.7535775398273642e-06,1.931492512379224e-05,5.7246032586777895e-05,5.025821738073969e-05,3.461110854698886e-05,2.9749722701857246e-06,1.535443220892045e-05
wbbH,wbbH,0.0007406118362259386,548,0.00031984800748800166,0.00014079895065944174,4.828766100547563e-05,6.4523021680049326e-06,1.9771974951231744e-05,7.061304536758413e-05,7.345597178482597e-05,1.586781969540509e-05,1.4537594463930408e-05,3.097850864203725e-05
atpA,atpA,0.0007402320858038638,549,0.00020981021583419787,0.0002647415849049472,2.084992428121093e-05,3.535026238129456e-08,6.545117710955508e-05,4.456970207422584e-05,1.0431143402976221e-05,6.935114029854543e-05,3.467414909824625e-05,2.0317698537577708e-05
rplL,rplL,0.000739762866589674,550,0.0003466022615133004,1.7812353830347208e-06,3.774133937810668e-05,2.168664788296337e-06,5.290332161504651e-05,3.689625450093487e-05,4.55525286489356e-05,2.8831663272058227e-05,0.00010683403154908824,8.045156594087238e-05
yfgM,yfgM,0.0007395808752323085,551,0.0002721063764786243,6.946905700399784e-05,6.07883131243544e-05,5.966415503128954e-06,6.691808253407173e-05,0.00011746548482650636,3.1199526903675304e-05,1.906342909550729e-05,1.383768896753581e-05,8.276650079490652e-05
yfjU,yfjU,0.0007383718210274208,552,0.00022217638933960383,0.00011609936389822007,8.785318408959954e-05,1.2368610555512807e-05,0.0001257884550509531,5.5357990034627154e-05,2.397575010362161e-05,8.193563048607822e-06,4.530339967373629e-05,4.1255115232938545e-05
nac,nac,0.0007380084801885264,553,0.00022916733689738717,0.00014966490775454475,1.1175454424681406e-05,9.236734280306274e-07,4.149176927472462e-05,4.023482683044496e-05,6.61164226024021e-05,2.41110843691397e-06,7.713611530507087e-05,0.00011968686523432598
dcuS,dcuS,0.0007373338184847101,554,0.00027355374982831435,0.00017114359031512953,7.282763064967727e-06,2.9918825714834103e-05,1.9485501228994278e-05,9.663533898928505e-05,4.36255881880782e-05,4.3570900158114597e-05,2.024821456035721e-05,3.1869346436634896e-05
ybjI,ybjI,0.0007369148246211904,555,0.0003033744763461424,0.00017246157376659636,2.58962988335513e-05,1.1688718796440912e-05,2.8527243330750703e-06,8.893971928059878e-05,3.580472402010783e-05,3.0723169943970995e-05,2.011824924375692e-05,4.505517005694997e-05
yjiZ,yjiZ,0.0007368752204464169,556,0.00016985660120165792,0.00012403474125989973,9.871123159480964e-05,3.331236217385269e-05,5.2033909831907786e-05,0.00011111042185941253,2.6539667871017745e-05,5.682817207677638e-05,1.2785657304342637e-05,5.1662455272739777e-05
ydeT,ydeT,0.0007360806436966335,557,0.00012743528847130575,0.0001339951243388847,0.00012469413457636102,2.069558282489698e-05,0.00016132916323349558,1.2072720549700544e-05,1.1453529162887958e-05,5.19973269125723e-05,1.1420781398647653e-05,8.098699222788105e-05
leuC,leuC,0.0007343470637206069,558,0.00020585169086875427,0.0001586601981310493,0.00010611243133678322,6.693865923579646e-06,0.0001376035691804682,5.03066601871301e-05,4.456137397484739e-06,9.97460574510009e-06,3.6586511327791054e-05,1.8101393622466363e-05
deaD,deaD,0.0007342407550191901,559,0.00018172916023102096,5.217398110232648e-05,5.683850257358354e-05,8.217539449973386e-06,8.515850943250057e-05,1.1695842386923516e-05,3.3383886049666826e-05,3.92762763862002e-05,0.00017063094782078593,9.513610958620868e-05
ycjY,ycjY,0.0007341086693544088,560,0.0003891308768122258,9.358334413839647e-05,3.370467103333964e-05,1.4933276277422942e-05,5.865436839465519e-05,1.7470848507650322e-05,1.9712769858167935e-05,2.9710000596222736e-05,7.815630664998713e-06,6.939288307132902e-05
yjiR,yjiR,0.000733443962446921,561,0.00034412206506065856,0.00016816362553942653,2.8857605167596304e-05,1.203318840136312e-05,3.94521623277842e-05,1.58793550698341e-05,7.207938808868948e-05,2.1793656061612506e-05,1.540973155619402e-05,1.5653185173762135e-05
ompN,ompN,0.0007323416247931457,562,0.00039480126066984955,2.2386003412976778e-06,2.3173830497871455e-05,3.6699331591795216e-05,7.094147325231593e-05,8.863284209538382e-06,8.018224101322366e-05,5.296528572753655e-05,1.3269502940426107e-05,4.9206814549291125e-05
yhhT,yhhT,0.0007318691704945014,563,0.00012145541007872432,0.00010683438219332583,9.441022268746677e-05,1.3743075229001919e-05,0.00021861551501711133,6.031369470795343e-05,4.2638253543510006e-05,3.710243672034781e-05,3.0584679673620334e-05,6.171500643439732e-06
ycgX,ycgX,0.000731666916198948,564,0.0002848740042617824,0.0001301477848205269,1.773890093011992e-05,2.0133052562215917e-05,7.123140454539975e-05,4.215121937483036e-06,3.2378284824103824e-05,3.522909874777192e-06,5.0389090065677486e-05,0.00011703636237686167
ydeM,ydeM,0.000731447946263162,565,0.00027350337472704684,0.0001670143689542422,3.8643267121279966e-05,3.3121720276285315e-05,7.842749084364794e-05,3.378925228636837e-05,5.940457147914426e-05,1.5195218228155725e-05,4.570068588469487e-06,2.7778613758521966e-05
ygcS,ygcS,0.0007304615636345158,566,0.00034659698739659506,5.500368326877301e-05,1.2515957576071215e-05,3.153172702432474e-05,0.00016697800305412702,3.547671687010379e-05,1.880646114024197e-05,5.396967315415325e-06,2.8772945699576725e-05,2.938211428928675e-05
perR,perR,0.0007302242688614707,567,9.82156478404739e-05,0.00010924714233618706,7.758762436829758e-05,3.465988823585593e-05,9.610519433939359e-05,5.841795131451959e-06,4.597372356165815e-05,6.134135646230452e-05,3.2003572958951895e-05,0.00016924832362689594
ptrA,ptrA,0.0007300862801078358,568,0.00031739258401436313,0.00013796228656680026,3.9857226288777845e-05,2.9592670948805996e-05,3.2255132467103526e-06,2.4909587473767466e-05,4.1862796460647577e-05,4.896634314646471e-05,7.713239233291578e-05,9.184879628582622e-06
glnH,glnH,0.000729945845350151,569,0.0002871642730326487,6.900325143126359e-06,7.813145806860353e-06,2.488400777320083e-06,1.5049334753113824e-05,9.498636852739216e-05,1.6950423698106092e-05,5.2781308109373445e-05,8.741837668225796e-05,0.00015839388881995194
ybfG,ybfG,0.0007298017010805647,570,0.000251110539557272,0.00028191096795981166,2.9837133306537618e-05,1.730307212935444e-06,8.187994042675101e-06,7.983450269323343e-05,1.3634150730228926e-05,3.8982722409664106e-05,2.2751989278636924e-05,1.821393889569546e-06
ydjG,ydjG,0.0007276395540131033,571,0.00026139929667636365,0.00012753275795550592,4.139932921018584e-05,3.676102301274188e-05,1.7113559661072193e-05,3.440560340241226e-05,9.408931408328348e-05,4.707568428511711e-05,4.979518260309883e-05,1.806780312332214e-05
caiB,caiB,0.0007272947364453121,572,0.00011729521976479991,0.00023382674614598218,1.6318938527213904e-05,2.946326935819029e-05,5.800841466052335e-05,0.00011457657592321355,5.750324790030831e-06,5.1946494349882576e-05,4.481187298500523e-05,5.529687994047033e-05
yagJ,yagJ,0.0007272286276865428,573,4.657517791440225e-05,8.537698420464381e-05,0.00016308587265499036,8.7714980988302e-05,0.00021802424889251593,4.8642286986379256e-06,1.2853439607031452e-05,2.911702101552337e-05,4.048556605223912e-05,3.913110765825647e-05
ybhN,ybhN,0.0007271318979432252,574,0.00035676928797012404,5.9794572780351954e-05,6.25041588941677e-05,9.060958368067464e-06,4.5612598793008e-06,4.424311088494452e-05,1.2375914928646555e-05,6.0330554639317255e-05,1.942019445825186e-05,9.807188514005313e-05
ymfA,ymfA,0.000726667572222426,575,0.00021751134561185235,8.130463525399972e-05,2.1498815638290723e-05,4.3273575548356536e-05,1.1604173740953893e-05,5.377697176434395e-05,2.4293920525774214e-05,0.00012187347324696449,0.00012035075777179097,3.1179903120099254e-05
bglX,bglX,0.0007264929330271859,576,0.0003164268496850323,0.00021407619594834766,6.775966688890016e-06,2.1723914580180288e-05,1.2613204107136573e-05,3.2353849704037485e-05,1.8451665490738922e-05,1.9446023135909397e-05,1.4606964495751117e-05,7.001829919116203e-05
yccS,yccS,0.0007262755822649092,577,0.00020563727219702674,3.6120646485592156e-06,6.152283685162314e-05,2.916838158926754e-06,2.3126029119954134e-05,2.4488643466617544e-05,7.78111083476712e-05,8.727273865962968e-05,8.832003672101537e-05,0.00015156801409388544
hemX,hemX,0.0007257113313523424,578,0.00016739912078740115,0.00027153199765458626,4.812632313075142e-05,5.015364758130468e-06,2.4244704657895175e-05,2.8888458076543215e-05,1.0797891276413902e-05,3.7124840670738364e-05,8.936841762700907e-05,4.321421271287346e-05
yehU,yehU,0.0007254654145463271,579,0.00029022248229110194,0.00022312079113669437,5.835980589077974e-06,7.94046053283181e-06,5.306733505487879e-05,6.20970461768733e-05,2.1283101790731723e-05,2.0410371714046824e-05,3.334781676506888e-05,8.140028495021487e-06
holE,holE,0.000724778983378794,580,0.00014938810298413546,5.675011199126388e-05,6.179514551618905e-05,2.3488910674474256e-05,0.00010476413414777621,4.4497961725079075e-05,7.008742211977183e-05,4.247537013327974e-05,6.198956887874232e-05,0.00010954225520808226
mdoH,mdoH,0.0007239741318239524,581,1.382547967715429e-05,5.56899836213486e-05,0.0002933261856361075,1.4447628104022068e-05,0.00010824161511964331,1.1941010603884083e-05,5.89391594332423e-05,4.9882039784985434e-05,3.451709005611199e-05,8.316393978745284e-05
wzxC,wzxC,0.000722962344400382,582,0.00034014316662590204,0.000148733571871806,6.714007459085354e-05,5.270986145398945e-06,1.5210186337845248e-05,1.3548462670506428e-05,7.119468057653816e-05,2.69793131809365e-06,1.0949308123658247e-05,4.807397613977972e-05
agaB,agaB,0.0007229375040972165,583,0.0001456761537628795,0.00013355933538624503,0.00012816497205076678,1.6767569640539512e-05,0.00014679927566045806,2.8597479489915923e-05,4.5611332326982516e-05,3.6038451871703503e-05,1.1969989272927389e-05,2.9752944634798246e-05
rumA,rumA,0.0007224610410839506,584,0.0002135290064152825,7.542351039057652e-05,3.347565088374209e-05,2.1755695880452055e-05,5.3445149712329265e-05,2.479387283962707e-05,7.2069224392564e-05,2.126292626692397e-05,0.00015357716675913882,5.3128837543314234e-05
ruvA,ruvA,0.0007224351691753313,585,0.0003269292822113704,0.00014722858620519187,1.2168662673942346e-06,4.674261841546723e-05,2.0770002316961963e-05,4.02180747364813e-05,3.755178616733078e-05,3.6249170311965395e-05,1.668536719357009e-05,4.8843415349598065e-05
pgaD,pgaD,0.0007221335816449193,586,0.0004327776967503574,6.325158603808227e-05,3.330309211139929e-05,9.913434893872962e-06,1.7985250186366027e-05,2.8222782730592223e-05,2.605373889584433e-05,4.2731973582043795e-05,5.673204387101095e-05,1.1161982585350096e-05
wcaI,wcaI,0.0007202833450673951,587,0.00030303486623712715,0.00011409912876912749,7.949236275032074e-05,2.776061278406283e-05,0.00011382437686017439,4.211698201942157e-06,3.850823271810128e-05,9.09257810169759e-06,2.366872615761546e-05,6.5907624872258745e-06
rho,rho,0.0007198111818808735,588,0.0001878223956515169,1.8922438138607632e-05,2.6254889446318507e-05,2.8872080637959662e-05,9.617060299266864e-05,9.83688257616988e-06,6.117945868938012e-05,8.595141580058257e-05,0.00012043172887644812,8.436928907122166e-05
yiaB,yiaB,0.0007188151260348928,589,0.00021701759094083203,0.00015253371302681852,3.1981510079241084e-05,5.214099081092021e-05,9.663143312303787e-06,2.8108511204883572e-05,3.7428755171859583e-05,5.5313902176710214e-05,4.564852429316985e-05,8.897848501815396e-05
yagB,yagB,0.000718718355333697,590,0.00021217981151338354,0.00013386582347667492,8.792085866186676e-05,2.693448420962314e-05,4.942298980510888e-05,7.163209508491196e-05,4.876533727669149e-06,9.737411403000372e-05,1.7131709297985793e-05,1.7379935526469065e-05
ldrC,ldrC,0.0007185367839668872,591,0.0002986279957017502,4.364147382229871e-06,7.299189019319302e-05,2.0706038906206935e-06,7.731908873720152e-05,7.259068814620413e-05,1.396425206224144e-05,1.0315488409488919e-05,6.862128518480536e-05,9.767134425915191e-05
gatB,gatB,0.0007183811799484868,592,0.00035893448506753924,0.00011685463040207394,5.110782000295394e-05,8.195923017058636e-06,2.3901807412234877e-05,3.210267235196482e-05,3.4172926859567284e-05,4.276491246825831e-06,3.9650581213431016e-05,4.918384237483721e-05
yhhS,yhhS,0.0007178882029259652,593,0.00011923803524473766,0.00019389004768494223,8.828476895468843e-05,2.5692165560695034e-05,1.5035430075007089e-05,5.196876825741837e-05,4.936943266171235e-05,8.767872737664353e-05,5.263743878021147e-06,8.146708323209932e-05
yeeZ,yeeZ,0.0007148988971622877,594,0.00016221896953740422,0.00014201217407740837,1.87735468249484e-05,1.3247609854563107e-05,2.8465706809979136e-05,5.2007566678794606e-05,9.765965857793614e-05,2.2111230709760373e-05,5.8808185810609415e-05,0.00011959424828088395
yicJ,yicJ,0.0007143953097942664,595,0.00011683845590813656,0.0002192346102103052,2.8299777371376737e-05,1.558088639503624e-05,1.7062898547970577e-05,4.664782938217298e-05,1.770867042838523e-05,9.034496864649983e-05,2.0408283706286544e-05,0.0001422689291980964
ybeR,ybeR,0.0007141895163895961,596,0.00013499981374159403,3.52532123155883e-05,0.00014905549446631318,1.177571183402673e-05,9.755613302952149e-05,3.2100441064675296e-05,8.169035342605601e-05,8.744379484261685e-05,5.164365551900277e-05,3.267090615020137e-05
yeeF,yeeF,0.0007140033705911985,597,0.00026249656430943585,0.00015282556401545008,8.959752103951972e-05,6.8959780960180095e-06,2.4244722228152792e-05,1.926130921979068e-05,6.864722317074044e-05,6.459036090223251e-05,1.2742322575020007e-05,1.2701805034838316e-05
yhfZ,yhfZ,0.0007132419174416267,598,0.00015988420719806969,0.00018456935890805474,8.377025375089111e-05,5.8733884866284874e-05,8.696730821557787e-05,2.378628621076887e-05,3.4693016356097976e-05,4.142513688905235e-05,1.0233418083249707e-05,2.9179046963579486e-05
ydfC,ydfC,0.0007128260970385784,599,0.00012025196646365114,9.151665727784506e-05,0.00022274144062616139,4.280279822606434e-06,3.3460177709250434e-05,0.00010893784724777602,2.117128875525441e-05,3.765737076050892e-05,4.849013228550629e-05,2.431893609001823e-05
ypfJ,ypfJ,0.0007125192720822382,600,0.0002669006781958369,0.00017976640593461845,2.8721853575707842e-05,7.3309748239796466e-06,4.787683826695233e-05,6.297134167903549e-05,1.3593040586334781e-05,1.4941615146416821e-05,4.764250274289739e-05,4.277402113045858e-05
ycfZ,ycfZ,0.0007112642008736169,601,0.0003009471316719397,5.026790512936211e-05,5.9558486354657565e-05,1.8907671056974264e-05,1.495024442886773e-06,8.809940588803143e-05,2.9003424585115615e-05,6.546285106926922e-05,8.477763929479029e-05,1.2744661380589764e-05
yfhK,yfhK,0.0007105630622721992,602,0.00032076499522154034,0.00014871042257828172,1.907763094398396e-05,1.9829141192033572e-05,3.704678557391141e-05,6.123017875270644e-05,5.140760823650341e-05,1.0281987469000447e-05,3.476176415466571e-05,7.452548149572238e-06
purU,purU,0.0007104279974062324,603,0.00033465910460014556,3.8726395111637765e-05,7.752115415274788e-05,2.01648028830401e-05,0.00011710541572083815,6.403391532236435e-05,2.9014104151666333e-05,3.446507029455121e-07,2.303839802856755e-05,5.820056732279272e-06
potE,potE,0.0007099064376263448,604,0.00018179569852261437,0.00015202922799107603,3.429517740440346e-05,2.8883570776148338e-05,6.364922387464491e-05,0.00014825040247238677,3.998263665399498e-05,3.932072618357122e-05,1.5927156480674845e-05,5.772617266829868e-06
LELOBEKK_appX,appX,0.0007092683055934099,605,0.00026059645092737057,3.832291041882222e-05,4.6401653342617676e-05,2.308468066724791e-05,4.6562259357498164e-05,1.4146668530581469e-05,2.1362978896907265e-05,9.985108175571986e-05,0.00010755744756354683,5.138217413309787e-05
kdpA,kdpA,0.0007092478124971242,606,0.00017760861539079645,0.0001353076497699905,4.7035013330692025e-05,2.1267436231916348e-05,2.8956111895564326e-07,0.00015988658776420128,5.492675914902642e-05,6.56561648320134e-05,1.2727136749865103e-05,3.4542888159666935e-05
yaiX,yaiX,0.0007088146122723038,607,0.00023230635748513364,0.00014197001894283837,0.00011345606893376612,3.4528501773688306e-05,2.7118400398372715e-05,2.874453646334057e-05,3.0322103779722143e-05,3.906231453718963e-05,5.3528028357507545e-05,7.778281600744714e-06
dacD,dacD,0.0007087012619548343,608,0.00030444619866968584,0.00014028704772003388,1.9758222033878098e-06,3.082531083124346e-06,5.1603280119688994e-05,2.978324306760503e-05,7.474919264052251e-05,1.1628445482317958e-05,2.5159936624745665e-05,6.598556434372229e-05
marC,marC,0.0007074664735259081,609,0.00020454047983099524,1.5335888328308216e-05,0.00015818335301469503,1.1404256860229648e-05,7.607002112804252e-05,5.114302587696008e-05,6.565118289171089e-05,1.9126788376175828e-05,5.5198913417987036e-05,5.081256380080342e-05
yjcO,yjcO,0.0007065714538658588,610,3.790374537505865e-05,0.00016307665650045885,5.7514314473310916e-05,1.1535099324034178e-05,4.7384591657934714e-05,0.00018461469599372494,4.740797245953355e-06,6.75674790323848e-05,0.00012201014771636647,1.022392654663192e-05
cdh,cdh,0.0007061231692932072,611,9.662440532474302e-07,7.728566635860426e-05,0.00018554879008860856,7.629895226141766e-05,0.00018338648437187427,5.18667498582907e-06,2.362305667474578e-05,2.2730151626872747e-05,5.9503515989111535e-05,7.159363288289591e-05
bioA,bioA,0.0007059351640499023,612,0.0002595203166895047,0.00016247953410138903,1.8042984499475782e-05,7.924413982515849e-06,1.9416694292066986e-05,6.909427901770255e-05,1.766879071904135e-05,2.8976234252217913e-05,8.826858670568801e-05,3.4543329790300216e-05
ygaC,ygaC,0.0007057526289988833,613,0.0003472690228500304,0.0001578361378758509,6.146816012925014e-05,5.366389540694383e-06,6.455435544431572e-05,4.732697705983634e-06,8.223869399473209e-06,1.100553015167806e-05,1.0327529793568483e-05,3.4968936108038377e-05
uhpT,uhpT,0.0007047851590336632,614,0.00026841621974331935,0.0002016136276421556,3.723640337592758e-05,1.751693105868396e-05,1.848287129962928e-05,6.29430883623526e-05,1.5912793944560723e-05,4.229460911874669e-05,2.849237427877359e-05,1.187624020951377e-05
lgt,lgt,0.0007046534904296236,615,0.00022958836167343317,0.00010145694994854353,4.535422110026371e-05,1.9677247584499392e-05,1.151289115333663e-06,1.533609451774282e-05,5.3738510951420266e-05,3.354720197154444e-05,9.373093352280844e-05,0.00011107268004403421
cpdB,cpdB,0.0007045521891161565,616,0.00022893766188768986,0.00011031813929992439,6.365288589964727e-05,3.743737015304866e-05,7.87269694094497e-06,0.00010385738420777518,1.4881361961466986e-05,7.774479655901946e-05,1.5777378208548415e-05,4.4072513998091445e-05
yfdE,yfdE,0.0007035712536068905,617,0.00035731961772487785,0.00013210710789286558,1.955950171599885e-06,5.417261227795381e-06,7.07426437893934e-05,3.2180887128759396e-05,2.2856216291563615e-05,1.4753527764221413e-05,4.020475520498892e-05,2.6033286410825273e-05
yaiO,yaiO,0.0007021146843932221,618,6.234518329486406e-05,0.0002116951276468032,5.8964131823639834e-05,5.391281296890383e-05,0.00013735574241133716,0.000111722119475066,9.79648374983481e-06,1.617894475409102e-05,3.3171633217907184e-05,6.9725050507750725e-06
yjjQ,yjjQ,0.0007019972682973442,619,0.00017253480670710586,8.37023855108022e-05,0.0003408634991494155,2.9930480104484854e-05,3.901631821472918e-06,1.4976961727042793e-05,7.60511483451308e-06,4.968321564219813e-06,2.08856815062662e-05,2.2628385372020866e-05
LELOBEKK_yshB,yshB,0.0007015764076045206,620,3.1076174126475187e-05,0.0001149386614614223,5.041357267282404e-05,2.782487169128772e-05,8.843359438900087e-05,7.678907046293716e-05,5.270632202250467e-05,0.00010621745422188621,8.199316361683635e-05,7.118352293934603e-05
dnaA,dnaA,0.0007013465927134756,621,0.00015432059476995562,0.0002677744568042602,5.412472707959407e-05,2.891610155182365e-05,2.5588899802196545e-05,8.472160244160217e-05,1.2445399855407284e-05,3.361064060358239e-05,7.083357800510116e-06,3.276081200454354e-05
wcaJ,wcaJ,0.0007013208285830007,622,0.000231009529517621,0.0001478871144540093,4.914834037041138e-06,2.3410313290247034e-05,3.242328170623718e-05,3.0755377500835183e-05,2.2694993077121157e-05,5.810612863995802e-05,7.801414763479544e-05,7.210510872513523e-05
yeaY,yeaY,0.0007012217033945977,623,0.00017452197436796944,0.00016328694009575133,5.3824303404889366e-05,1.8825352548106194e-05,2.2016043281997924e-05,4.3942021184113356e-05,3.657582265828157e-05,3.9500419480238276e-05,0.00010043077887528488,4.829804749796527e-05
glyA,glyA,0.000700464548000554,624,0.0001981399246267975,0.00018664047429525033,1.807982357138171e-05,1.13505703438753e-05,3.265955160572465e-05,8.738090952894385e-05,2.5258782434272078e-05,1.0427494450667908e-05,1.3331952831055105e-05,0.00011719506431258543
dnaG,dnaG,0.0007004310504470598,625,7.89828369954646e-05,5.15835967780945e-05,0.00015377326358781334,4.787501940954184e-05,0.00012146992173418752,1.1153681452251642e-05,5.284090183875473e-05,8.779745923902254e-05,7.788608314253963e-05,1.706828626938929e-05
dnaK,dnaK,0.0007003499111906626,626,0.0002174234032302572,2.2252459975634052e-05,6.051322450540539e-05,2.8563395320378084e-05,8.423668663247424e-06,3.4056281649403854e-06,0.00020235586288331199,3.7344410193727076e-05,8.11507546965886e-05,3.8917103557172386e-05
yidK,yidK,0.0007003327906225327,627,0.0002091636796770197,9.462808175619875e-05,6.174411875167117e-05,3.058805796422126e-06,5.773459612698982e-05,5.396941246507898e-06,7.308093719716296e-05,0.0001159413371411032,3.8503382428083627e-05,4.1080910501373556e-05
phoQ,phoQ,0.0007002890357404448,628,0.0003990738024003113,1.6357421824085386e-05,1.229398193531611e-05,1.1987642817517554e-05,2.1629252370522703e-05,2.684587572342202e-05,5.3945084448869406e-05,5.339284891062954e-05,9.03394426363794e-06,9.572918104613283e-05
aas,aas,0.0007001153580962935,629,0.0003160381981644004,0.00012954195136811403,8.52430362268962e-06,7.085870173897134e-06,8.154689731396773e-05,5.093884066714267e-05,8.050765691351397e-06,2.376781562253617e-05,1.894847515301633e-05,5.567224031917804e-05
ybhK,ybhK,0.0006996709511393474,630,0.00022552319822600396,0.00013218958164355136,4.211665201103516e-05,1.7363721661052307e-05,1.2434945656007243e-05,0.00012408988688363418,3.2797614192918616e-05,4.7714913316399896e-05,6.848837826549521e-06,5.8591599722195186e-05
rplE,rplE,0.0006986945213802181,631,0.00015199730146776236,3.879088613830123e-05,6.391037456642928e-05,2.988041477057333e-06,4.895170572293883e-05,3.1645334605082654e-05,9.834142396319602e-05,7.672564583631984e-05,0.0001766237823976109,8.720025205519535e-06
katE,katE,0.0006985623163472434,632,2.3192660531948708e-05,0.00013723468131587884,0.00031215386250745984,1.2750409882605656e-05,1.3872243117403875e-06,2.152904373127439e-05,1.7161631656234873e-05,8.048471798120008e-05,6.282347334059292e-05,2.984461108830775e-05
mdtI,mdtI,0.0006978608016830805,633,0.00019033158168566593,0.00016702443314305497,6.283965606226314e-05,2.6454831710241413e-05,5.3838180681995626e-05,0.00011305818039206079,4.893556131673298e-07,2.7776414877700533e-05,1.8880766293055637e-05,3.716740122387524e-05
araG,araG,0.0006976220545568854,634,0.0002819358851388603,0.0001656044342567408,3.053953040849643e-05,1.233137925224273e-05,3.0401890177761506e-05,8.156539000599332e-06,1.9732020384914727e-05,2.2163042201752893e-05,5.133811261414249e-05,7.541922112137432e-05
yagR,yagR,0.0006972158081362877,635,0.0002030004328294174,0.00014070835082156426,9.998468199984521e-05,2.488391022547292e-05,7.421336004916284e-05,1.422687006626148e-05,1.405126924989328e-05,6.556497470826953e-05,3.4653077487222613e-05,2.5928880699178075e-05
ybjE,ybjE,0.0006967768044293384,636,0.0003988611378857503,3.2688275429100964e-05,9.241542377461214e-05,1.1913431923147385e-05,1.6005883315384053e-05,6.493272188002304e-05,5.341171544818568e-06,2.8559861274345712e-05,3.870789131088607e-05,7.351006091269968e-06
rpsH,rpsH,0.0006960865961609791,637,7.442739957756262e-05,2.958865271575482e-05,4.322448957159173e-05,7.280630997584798e-05,4.282413642980164e-05,5.426887376323724e-05,8.196555287401508e-05,0.000134709993370532,0.0001513058443128922,1.0965343569743885e-05
yneH,yneH,0.0006958758565644923,638,0.000287627872424454,0.00012786440069259797,6.62619769820414e-05,2.517054577906329e-06,2.7485961524534115e-05,2.2937451620624664e-05,6.176412358052026e-05,5.7165934072815415e-08,2.429234667212753e-05,7.506750255561314e-05
degQ,degQ,0.0006957328720044967,639,4.511276116345476e-05,6.893627285070945e-05,0.0001963783416481529,8.000455422121122e-05,0.0002132221024240108,4.242770645228293e-06,9.21309237236536e-06,1.360081518182759e-05,1.9640959237067976e-05,4.5381202260468375e-05
alsE,alsE,0.0006941270534984166,640,0.00018126238630909817,0.0001717549661311058,6.120519805682682e-05,3.3285529236493446e-05,2.0817228451393877e-05,5.157578707627316e-05,7.521277187524361e-05,7.432900630115079e-05,4.52689248665769e-06,2.0157287574173164e-05
ydaM,ydaM,0.0006938170337150297,641,0.00028642547715315107,0.00013567529613960075,4.601382280740182e-05,7.459777399273573e-06,6.93549080617444e-05,4.630960305328933e-06,1.3142255604624336e-06,7.146169554609462e-05,2.1739635368385003e-05,4.974123537358709e-05
yccE,yccE,0.0006931204178152229,642,9.970771498132887e-05,6.805881137707193e-05,0.00016812470286524248,2.6796089330787405e-05,0.00015643805690034385,1.426208591886205e-05,8.815800881155755e-06,7.098481096449091e-05,6.605991862612357e-05,1.3872425969816098e-05
fecA,fecA,0.0006923772445126045,643,0.00010177325385841456,0.00015697562173802874,6.25724373285879e-05,3.843623296571111e-05,0.00014456336406577878,6.183290434646115e-05,6.858323089834538e-06,5.053631550902329e-05,3.435575009582616e-05,3.447304151493818e-05
fiu,fiu,0.0006921672237492863,644,0.00018587433377443983,8.509950039662922e-06,2.544711180531058e-05,3.116310601092727e-05,3.1424283355057106e-05,9.805397627736007e-05,0.00010981137352531504,1.2125133841647214e-05,0.00010835035871160422,8.140759640796203e-05
pheA,pheA,0.0006910188442242119,645,0.00011349613589017383,6.0695601206875564e-05,0.00013609808766846672,5.9469868914120413e-05,0.0001492864216797355,4.1540933239212124e-05,4.8341826812349404e-05,5.210187420395943e-06,3.803019728063938e-05,3.8849584112243064e-05
caiT,caiT,0.000690970016395308,646,0.00022818315292334786,0.00016557932450002262,9.720422774272813e-06,1.3021559015447625e-05,8.384263055907201e-05,6.96421605478358e-05,1.7356577864694448e-05,4.040614667116196e-05,4.320038631750405e-05,2.001765522194875e-05
rstA,rstA,0.0006908864935548713,647,7.362528987942174e-07,1.805571679903446e-05,0.0001561147511359381,2.5174054185282915e-05,0.00017248169444959323,5.197351274285339e-05,4.1000070632189774e-05,6.828981123508073e-05,5.156739386486866e-05,0.00010549323561123586
truA,truA,0.0006903367609778516,648,0.000262047307924628,5.430847415869489e-05,1.8936020808452217e-06,2.2192388398915874e-05,0.0001171253440311821,3.356089951970698e-05,3.7464874165390965e-05,3.231209018102964e-05,4.841941212366561e-05,8.10123683937923e-05
yfdH,yfdH,0.0006887881533914272,649,0.00014096395783309452,0.00012397113984847252,0.0002257090944718299,9.704034093777857e-06,6.168873936779832e-05,2.87507244663557e-05,1.2798588863623836e-05,1.5059630136788061e-05,1.5924840680899168e-05,5.421740362878739e-05
yghF,yghF,0.0006886830114333994,650,0.0001755711780563706,0.00019024281142226504,9.995344919391421e-05,1.980056086729621e-05,0.00013291780646732424,2.0878811885411587e-06,3.593780277757646e-07,6.134605585166573e-06,1.0488412716137592e-05,5.112692790860785e-05
yjhA,yjhA,0.0006882533258826872,651,0.0001389213927269812,0.00011682598952075819,0.000103958276585951,1.8883403478533508e-05,5.811440785399211e-05,4.602696145242257e-07,2.7797431930081106e-05,8.10248527530014e-05,4.845307750996119e-05,9.381422390890329e-05
barA,barA,0.000687738816383486,652,9.516651593850403e-05,0.0001799446415638561,4.615967806903398e-05,1.7141150211110993e-05,3.287846809482055e-05,0.00011938736150043617,2.2601493731771907e-05,0.00011364848663610182,9.129280087177596e-06,5.1681740550672944e-05
ptsI,ptsI,0.0006876371805569415,653,0.00014531990384804175,6.109725538214687e-05,6.965804709966991e-05,7.500308534262415e-05,9.619267399992841e-07,3.351360788254492e-05,5.0007141748434995e-05,6.628909106826524e-05,7.96201378259951e-05,0.0001061669836192193
etp,etp,0.0006866700190779596,654,0.0002723759364354995,0.00010888631955497309,8.088184867249619e-06,8.316787225953127e-06,5.726643196127985e-05,8.628439514171681e-05,1.9719248393407292e-05,3.0909861514685056e-05,7.422990019193554e-05,2.0592953791259798e-05
ygeH,ygeH,0.0006859611043198225,655,3.269625305055684e-05,8.935576394940386e-05,0.0001944857849077965,3.9646516554427304e-05,0.00013431358101586509,1.4239682690565343e-05,3.287733844702763e-05,3.592235203684682e-05,8.512029025992978e-05,2.7303541407403443e-05
hscA,hscA,0.0006851341562492828,656,0.0003228316266684764,0.00012769262195930288,6.490373676953477e-05,1.8003005133219188e-05,5.157732823598103e-06,2.615368488869465e-05,7.424220043891323e-05,4.6987469110260226e-06,1.7237158626926882e-05,2.4213642029590696e-05
rplN,rplN,0.0006847893826017876,657,0.00016832343771422878,8.394737503054633e-05,2.1373782334113036e-05,5.039606349575839e-05,3.170884767066206e-05,5.394900346801004e-05,2.5321664490544705e-05,9.282436618857396e-05,0.00011619156348664978,4.075327872270059e-05
potD,potD,0.0006836680105368429,658,0.000372504166352376,6.036193257078923e-05,2.9972649105256857e-05,6.518604649425408e-06,6.460193500467599e-05,6.367868698733184e-05,2.2273680074597712e-05,2.7948807377322487e-05,6.119046892555994e-06,2.9688501522511313e-05
ydiI,ydiI,0.0006835020188359222,659,0.00028159599280869267,0.00011299960654086274,5.4672156736720134e-05,2.066837922847422e-05,0.000105889694099993,1.5696328058168105e-05,1.2311597960418278e-05,2.4749269528448855e-05,2.112215775661727e-05,3.379683611752692e-05
fimI,fimI,0.0006832064265359225,660,1.7952957420828934e-05,0.00010466084702677133,0.00017564708003517442,2.6261973080715653e-05,0.00016599830037941415,1.6827866947571288e-05,4.3854171417549125e-05,5.443148238383922e-05,4.131798697176549e-05,3.625376087229274e-05
bcr,bcr,0.0006831052162639174,661,0.00036522646677141326,1.0054759885433012e-05,7.111521936508878e-05,1.95233877644758e-05,6.646428204233463e-05,4.512184204789762e-05,9.057115187355932e-06,2.888540338741526e-05,4.9340749487833204e-05,1.8315990324669987e-05
tynA,tynA,0.0006828852427545697,662,0.0002873752100536856,7.312416144738229e-05,1.4593302021352478e-05,3.145674951320774e-05,0.00012385595656592407,3.089662491663768e-05,3.3724621235920587e-05,5.0992788474182025e-05,2.776649416822755e-05,9.099334358049662e-06
cspE,cspE,0.0006828433833770172,663,0.00022712289179762084,2.130258166035114e-05,3.4992497825720385e-05,4.3074731363745717e-05,4.6126258841179615e-05,2.942694193788156e-06,3.2664430741191e-06,0.00015287205354508926,0.00013681225897881823,1.43309720965848e-05
clpX,clpX,0.0006820899460792678,664,0.00035003954348481733,1.3466176371469478e-05,3.222245478516581e-05,5.94140293367448e-07,6.546882417861815e-05,1.8865513272276152e-05,3.84469880599532e-05,2.5638812075562653e-05,0.00010847691129397444,2.8870582264063123e-05
yeaS,yeaS,0.0006818361699958861,665,0.0002958010062532295,0.0001738148059228928,7.554183753718367e-07,8.145712154076806e-06,5.3416036431792985e-05,5.784127034739437e-07,2.7805533782378953e-05,4.106089282882265e-06,2.0573153050574456e-05,9.684000203921258e-05
yajR,yajR,0.0006812658585722768,666,0.00018229126901617276,0.00011684965767190117,3.634290098382235e-05,1.1165533551182464e-05,4.847114837216592e-05,0.00012962795441525413,1.2634089172987538e-05,5.132506251299061e-05,5.33618322509242e-05,3.919641062487565e-05
yidR,yidR,0.0006809943854590647,667,0.00010364086661502582,0.00016971314176425967,7.073061173885764e-05,4.006605511730889e-05,5.5245589201264476e-05,0.00012446246107513287,6.961461833443281e-06,5.56408202458242e-05,1.6591800362022667e-05,3.794157750592511e-05
nudD,nudD,0.0006808775248191717,668,0.00029139786282180054,0.00013975014334484924,5.4573799128547156e-05,4.5257713570910886e-07,4.949100031686382e-05,4.0594997273459564e-05,3.2153317201798114e-05,4.3592461951160056e-05,2.6514732413838915e-05,2.3566332311452572e-06
yfiC,yfiC,0.0006806740240487761,669,0.00034892890576808676,8.177797491197892e-05,5.4955178255994185e-05,2.220045271762102e-05,6.005258405681223e-05,3.069186040076117e-05,1.0162662137447933e-05,3.9591790182661776e-05,8.330018126644088e-06,2.3982597490768143e-05
pdxH,pdxH,0.000679585336216541,670,0.00028420336697378514,6.508031579819205e-05,5.2765401130607734e-05,6.767516763651712e-06,5.633677518303204e-05,5.990236953552584e-05,2.7731274514670776e-06,1.942090758276522e-05,2.4803523510815674e-05,0.00010753203228669852
lsrK,lsrK,0.0006794501146689451,671,0.00028248517731571145,2.759953552476041e-05,0.00018651737497269824,6.9882667227365534e-06,4.176623560102818e-05,2.4585511922520527e-05,4.972514483718222e-05,7.66879049075753e-06,4.4278130163384023e-05,7.835947118165932e-06
ffh,ffh,0.0006793496833238607,672,0.00022522546795219914,9.394263977426085e-05,4.790623691309554e-05,1.4009927254243499e-05,0.0001340012473802026,2.2908234608250546e-05,1.9644523500059928e-05,1.3992717760364947e-05,2.9459195844230476e-06,0.00010477276859676068
yggM,yggM,0.0006782782575864642,673,0.00017290854490154925,0.00016901053194918079,1.2205479925989167e-05,6.620959135440942e-06,6.474264511357642e-05,3.064995377310651e-05,4.227095776511207e-05,4.32614454046837e-05,9.489299115830066e-05,4.171474845952472e-05
cobU,cobU,0.0006781016951548187,674,0.0001540234947492321,9.688914076242612e-05,3.4432433041850685e-06,8.163640827317054e-05,8.148059201777095e-05,6.065070235692049e-05,3.633477923327328e-05,4.3918525123713185e-05,3.0666339588765115e-05,8.905846974536175e-05
idnO,idnO,0.000677905228024244,675,0.0003011975093488699,0.00011772949398742732,6.92980467619339e-05,6.746895152008228e-07,1.5468266796235568e-05,4.746621143723907e-05,4.8395873179829934e-05,4.148554029846959e-06,5.406660433746295e-05,1.945997863019775e-05
yddK,yddK,0.0006764450726101408,676,0.0003116636470334427,2.8861223638248798e-06,0.00014114495362493675,2.572112570540552e-06,2.244853648800943e-05,3.4571733932806685e-05,4.4922412196229055e-05,6.106146346516098e-07,3.206403426158293e-05,8.356090550411613e-05
yjgI,yjgI,0.000676402420888363,677,0.00025858150901518316,0.00021606407666649704,6.147967500087194e-05,3.118016958830063e-05,3.080802236136902e-06,4.0198474176513874e-05,2.3464145480603338e-05,2.309253496333825e-05,2.943715710115022e-06,1.631731805080279e-05
wbbK,wbbK,0.0006763389397945298,678,0.0003210171427592263,0.00012902145947200062,1.855220096181651e-05,9.696824951484863e-06,2.830116396101155e-05,3.7658884869211254e-05,8.599034528847545e-05,2.1101944029779733e-05,1.6266860549941832e-05,8.73211295158167e-06
rfbA,rfbA,0.0006755455224691648,679,0.000136827155904883,0.00018407568679724341,5.3813713439833254e-05,2.4654492842877486e-05,9.382582370102135e-06,8.073830635661461e-05,4.8166791760830245e-05,7.369019009751295e-06,4.5169720363252555e-06,0.00012600080195070406
yecJ,yecJ,0.0006754749746357476,680,0.0002933981373769278,0.00019243765024161535,1.6203938785002275e-05,1.4942239633016276e-05,1.535119062774461e-05,2.3566408462668607e-05,9.082618809344322e-06,3.0303745338435567e-05,9.78163724277827e-06,7.04074081182144e-05
htrE,htrE,0.0006754305268427403,681,8.426328258460276e-05,0.00016439318967616343,0.00011234896147702913,1.7101803877965267e-05,6.957882838054183e-05,0.00010101680768655822,6.932776341987619e-06,5.8206591006189413e-05,3.2472495890835024e-05,2.911578992086765e-05
ynjI,ynjI,0.0006754153210791438,682,0.00021636612780272037,0.00016511861385044228,5.023986985948349e-05,9.774568357481475e-06,2.9860568871402894e-05,1.62856895599856e-05,2.7090925083170535e-05,6.785133631060504e-05,4.438909989747582e-05,4.8438521486376304e-05
ygcE,ygcE,0.000674998785670621,683,0.00016063988262749577,9.168294475215684e-05,9.449659167530852e-05,8.085707605831158e-06,5.8643117092171693e-05,4.951029105411109e-05,2.6051642929052895e-06,6.286622609225854e-05,4.751908577886486e-05,9.894977469951723e-05
yphC,yphC,0.0006749360470200741,684,9.962830572198141e-05,2.4684568878974417e-06,0.0001066641521978733,2.8902333032708102e-05,0.00022445449506344208,1.2774034282765613e-05,1.8144999732288962e-05,6.695428723598518e-05,6.492086774157756e-05,5.0024115123554536e-05
yfjM,yfjM,0.0006736782362205586,685,0.00025370428349002816,0.00015976322301069487,3.8092031370697544e-05,2.25966180450362e-06,4.168795566570117e-05,7.151762112135713e-05,1.3272908054704804e-05,3.9801893569852796e-05,2.242591068558701e-05,3.1152747447431466e-05
coaA,coaA,0.0006733860601392726,686,2.1855703359146987e-05,0.000204341147946406,2.753004346999183e-06,1.1996178367538857e-05,6.549297854136014e-05,2.8287965951400544e-05,4.145137906109948e-05,8.422755600372894e-05,0.00019345492916512206,1.952521739647031e-05
sbcD,sbcD,0.000673295820058099,687,0.00027306387253854335,8.530913359028416e-05,8.560300176411094e-05,1.9879182044379842e-06,1.079474373742775e-05,7.284961779864511e-05,2.3505957125452892e-05,7.778731650332384e-05,1.8218271677924705e-05,2.417598711794819e-05
ylaC,ylaC,0.0006721249166505355,688,0.0003168845935330635,3.316109549347659e-06,1.815253063231128e-05,9.881389521854066e-06,6.66993894563894e-05,3.258538350499088e-05,3.902315019678366e-05,7.766566056736064e-05,4.631394791570648e-05,6.160276177272797e-05
LELOBEKK_finO,finO,0.0006719182403227351,689,0.00023781280655659845,5.181432702582198e-05,0.00011193692364349835,1.158788497194388e-05,6.492093725065597e-05,5.2764812124655595e-05,7.972692329117029e-07,9.975470273496012e-07,9.296359757927625e-05,4.632213491002329e-05
fbaB,fbaB,0.0006713294205888435,690,7.041566233916779e-05,7.804451988696569e-05,2.4533633869090114e-05,2.7439871792742586e-05,8.857339569561814e-05,2.806404501720217e-05,5.630445444592077e-05,0.00010948240194233749,0.00010806628348516624,8.040515211463266e-05
yjhF,yjhF,0.0006711733529499997,691,0.00018302445498596592,0.00012828937299504733,2.3393013756937058e-05,3.9060057432819163e-05,7.054721279359149e-05,7.768950270005417e-05,3.339331908618556e-06,3.524942639472355e-05,8.470891737569538e-05,2.5872062606547166e-05
cvrA,cvrA,0.0006698203944297935,692,0.0003450720314369811,1.959937566518127e-05,6.736434598455803e-05,2.382334500072891e-06,3.5283580250984726e-05,5.18826504532054e-05,1.6017189077937544e-05,7.314659664137892e-05,5.744955277887715e-06,5.332733514160592e-05
rseB,rseB,0.0006695266367426474,693,0.00016317819252007054,0.00011555739896473635,5.1416746696903016e-05,2.7814752102382162e-05,8.160242665144103e-06,3.980402087295184e-06,0.00016452535735778635,3.47117995817775e-05,4.943597820084295e-05,5.0745766565709126e-05
yidL,yidL,0.0006690655433418496,694,7.059761233984918e-05,2.1438574013253742e-05,0.00014775484622927564,4.2046114491736516e-05,0.00020030263290981084,8.151098183742175e-05,4.305431505293215e-05,3.068932798927621e-05,1.999765029718439e-05,1.1673488181109154e-05
yfbU,yfbU,0.0006687780655053164,695,0.00023108428027972692,0.0002051167707010688,4.091611470847508e-05,7.992064396949245e-06,2.8333713808412363e-05,3.5105384652260324e-05,3.0388295401381187e-05,7.030363750761302e-05,9.807970321586561e-06,9.729833727842789e-06
xapA,xapA,0.0006681861483148185,696,0.0002970717853028498,0.00010461459613572779,7.246555154768948e-05,1.7422014747927482e-05,5.994747484257711e-05,5.311609056621797e-06,5.1132453946862506e-06,4.301806827433599e-05,1.0098526557745039e-05,5.3123276454657716e-05
yifO,yifO,0.0006681761756879926,697,0.0002304326013975274,0.00015778021800073793,5.0750264149284294e-05,3.4432977215989055e-05,5.0346524333821264e-05,5.652368308040347e-06,2.0157382463048513e-05,4.631834092597322e-05,3.844745253478832e-05,3.385804635878227e-05
phoE,phoE,0.0006680534665590519,698,0.0003028711062735935,0.00016275211605010646,1.7374478738117173e-05,7.298085829478708e-06,3.848293824101268e-05,5.829087853946023e-05,9.750958543400667e-06,5.093094150829969e-05,2.8942950378334123e-06,1.7407667797749144e-05
ivbL,ivbL,0.0006677551630915818,699,0.00011046124119359457,8.826993686822299e-05,7.627404769620328e-05,3.6946642224816264e-05,5.518826397209744e-05,7.183060264716008e-05,3.814431098126324e-05,7.4054263938772e-05,3.604390857952783e-05,8.05419449899241e-05
cysI,cysI,0.0006664630000712134,700,0.00029382228131099545,6.191905049068314e-05,7.460091589072586e-05,1.411602811972477e-05,3.515663945889188e-05,4.406503904598963e-05,5.926075760070477e-06,2.8855231582080644e-05,2.5910780161924976e-05,8.20909582501267e-05
nlpE,nlpE,0.0006659337276468095,701,9.755959161696706e-05,5.2181182661908596e-05,1.3012445763551486e-05,4.498863328226873e-05,9.387735465921272e-05,4.568755955515235e-05,3.932924540040658e-05,7.340487175364501e-05,0.00014817165576910495,5.772118718459197e-05
yciT,yciT,0.0006655115036003379,702,0.0002323506211833517,6.979510433295463e-05,0.00016799971953983692,1.729947998425303e-05,8.43198736546726e-05,4.794091435652793e-07,2.283557936165035e-05,6.033362040267608e-06,1.0378132059176208e-06,6.336054115386832e-05
pcnB,pcnB,0.0006654979015086419,703,0.00010983877134018788,0.00013827414846162073,6.0567505501970786e-05,2.041481908763725e-05,1.4906182988597051e-05,4.193822034841613e-05,5.72788775675144e-06,9.881929938805483e-06,0.0001733329392485343,9.06154968361208e-05
yehD,yehD,0.0006646103196375974,704,0.00017588413545059154,9.958522517415795e-05,3.269986891605449e-05,5.566912662654264e-05,4.8655597632794104e-05,2.1891571334262528e-06,6.280067543052342e-05,6.41168622583652e-05,7.861622822950614e-05,4.439344278563564e-05
zwf,zwf,0.000664268057204715,705,4.336555935027622e-05,9.775878161898816e-05,1.836489108200538e-05,5.218736996041976e-07,3.597228034782964e-05,7.73184037962888e-05,3.724876656826525e-05,0.00010664327318849993,6.712823578379872e-05,0.0001799459917691587
ypeA,ypeA,0.0006629874795386009,706,0.0003220662387314635,0.00011196852346627927,6.005037886839808e-05,6.757107220685601e-06,1.5603805590031247e-05,3.987700494885175e-06,1.6887440041482398e-05,3.9418067445131885e-05,4.4609575759058986e-05,4.163864192118483e-05
fecE,fecE,0.0006625641042243721,707,0.00015137024497891263,0.00018038777144657186,1.2253206222565714e-05,1.907984186462171e-05,5.275232493342094e-05,6.225981359663207e-05,7.239834251158625e-05,5.484470410570446e-05,4.3178078977461485e-05,1.4039775586895001e-05
ybjN,ybjN,0.0006623791702177826,708,1.674244056837777e-05,9.364147178977202e-06,2.5177148982727972e-05,2.704589881734393e-05,3.253912829109319e-05,8.901990284997883e-05,0.00012795214000202755,2.8850133270794133e-05,0.00020093151807359488,0.00010475671218286712
betA,betA,0.000662121620043975,709,0.0003826099713991705,6.898640596575937e-06,9.722902520750995e-05,2.2777823703346613e-06,3.489405068499856e-05,6.252507419201053e-05,1.658605059732163e-05,5.451402829787524e-06,3.537968309268076e-05,1.8269939073585102e-05
tdcG,tdcG,0.0006607619818839289,710,0.00012018292229817561,0.00020252234546147785,6.219390550820873e-05,7.335846474446653e-06,0.00010723909878401503,3.5431555005376055e-05,1.5435813186731525e-05,9.61916093376426e-06,4.0637792569792074e-05,6.016354166194114e-05
lepB,lepB,0.0006604675996626252,711,0.00016719887966508876,0.00014879360123631118,0.00010409937308613538,1.6492810797815945e-05,2.640022594695786e-05,3.121445272123049e-05,7.663796168382192e-05,2.5864955990602932e-05,3.23897324207901e-05,3.137560611387063e-05
alkB,alkB,0.0006599665208359581,712,0.0003192095152459764,0.00015980861163056033,4.978065857487874e-05,8.640617349904746e-06,3.08098938710324e-05,2.5050385871186216e-05,7.753181746108647e-06,4.937474552562808e-06,2.4671151134799125e-05,2.9305030858948638e-05
aslA,aslA,0.0006590563723442931,713,0.0002147857132737329,8.145849008576489e-05,9.421648134263271e-06,4.082759984115876e-05,3.839889387828573e-05,7.788070923945126e-05,6.3276325458257e-05,7.270163725328853e-06,9.659495741997437e-05,2.9141871288076122e-05
spoT,spoT,0.0006581998239342542,714,0.0001572378503731237,6.314999424034813e-05,8.418712115757041e-05,3.8093473006991547e-06,8.239118724023197e-06,4.539946154159987e-05,8.033103096111315e-06,0.00012933639720922905,0.00015496957443611678,3.8378558554326295e-06
cyoB,cyoB,0.0006581154280227144,715,0.00029469047683169583,4.718401552898405e-05,5.412853269883562e-05,7.464739682813027e-06,2.327148561241095e-05,0.00010954535063705133,1.916757592825187e-05,6.354985748187295e-05,1.6492219015072477e-05,2.2621174605726286e-05
ppiB,ppiB,0.0006578958654918554,716,0.0001154923102610435,0.00019721333839949168,4.620248080661191e-05,9.196129829528279e-06,1.6140223292917486e-05,0.00010837660286067195,3.4151215393942367e-06,2.2224466818266096e-05,0.0001047479085621426,3.488728312178783e-05
ybiX,ybiX,0.0006575322994357954,717,0.00012260608327359102,0.00016443491189696344,6.478609685617357e-05,2.4858186436910098e-05,0.0001303826372272421,2.6466904322322227e-07,2.165653762126575e-05,3.415075506442527e-05,6.8631679170204e-05,2.5760742845796944e-05
ynjH,ynjH,0.0006558716680794175,718,0.0003584485601070931,0.00013501439394521576,4.623317799816393e-05,1.90674091777252e-05,1.6564440106834693e-05,1.1756827172545603e-05,7.250861777430068e-06,1.2161968306160308e-06,2.8073066848944268e-05,3.224673411484862e-05
cpxA,cpxA,0.0006554132362127344,719,0.00016427391377437641,0.0002825721287049015,1.1035430061812704e-06,2.152158971431124e-06,2.2600607492012492e-05,1.1266173777533433e-05,1.210439463838549e-05,2.8800033070297818e-05,7.376583724548127e-05,5.677444553213346e-05
frvX,frvX,0.0006546782697886878,720,0.0002344308970696746,0.00013906779697728358,0.00012948985863664163,6.496321775290722e-06,2.3263357420175305e-05,2.665692453241554e-06,1.1910719419182954e-05,1.4808879748316677e-05,4.9234171165395676e-05,4.331057512348517e-05
ydjA,ydjA,0.0006543461721746766,721,0.00011691246503442986,0.00010350697750074346,5.2825339142123066e-05,4.334768637020136e-05,8.443637422872863e-05,3.450671789468708e-05,3.0141239424415433e-06,7.693330498102065e-05,0.00010754879761384178,3.1314385466459125e-05
fepC,fepC,0.0006536128657127403,722,0.0001358467719542387,9.658227110873715e-05,6.12876726760821e-05,3.0829022218320846e-06,0.00011318858716975305,9.934252851119057e-06,4.1758646391865654e-05,2.8577973847154557e-05,8.515123806052495e-05,7.820254943143304e-05
ftsB,ftsB,0.000653099820764131,723,9.390568498297036e-05,0.00012719128618596124,7.331583582233245e-05,9.903664914073924e-06,2.1578935163858253e-05,6.557313159126626e-05,2.2323636631818805e-05,3.253732104993954e-05,5.4462520856901075e-05,0.00015230780356500915
lysS,lysS,0.0006520288428693994,724,8.497513722540284e-05,6.593672435346523e-05,0.00019275063920558294,4.319106154025416e-05,4.753178992690614e-05,5.1305260757929976e-05,2.487562016835698e-05,4.03603714409927e-05,5.479578989476924e-05,4.6306448355739214e-05
garP,garP,0.0006514560149376717,725,0.00010251653071388964,0.00015503246680443348,6.281389417490772e-05,4.3311020041392834e-05,0.00010242572069764065,1.6098152946172072e-05,9.262515729954652e-05,5.840006432067808e-05,1.2118128136381556e-05,6.11487980262907e-06
insE-4,insE-4,0.00065145475775866,726,0.0001201924009075229,5.463833457588204e-06,7.983545409896413e-06,2.532068062036384e-05,5.175023983293982e-05,1.2763177696480151e-05,3.827578154766749e-05,2.6793866451241022e-05,0.0002718228750719925,9.108835676296766e-05
arpA,arpA,0.0006507833859784988,727,0.00018350003767676705,6.401355984196043e-05,4.004019145595942e-05,8.147279104638606e-06,3.8971178710196906e-05,0.00011206192240959426,6.786158321810404e-05,4.8974555777137036e-05,8.35988277474047e-05,3.61425003673629e-06
etk,etk,0.0006503707550491848,728,0.0003310183666577024,2.9378911840444516e-05,5.8177264638259544e-05,3.2151649362555134e-06,8.231530199211269e-05,2.842199254388518e-05,1.053846608575109e-05,2.6665228690283337e-06,4.932340521107158e-05,5.531535827467404e-05
yfaT,yfaT,0.0006501525975665904,729,0.00028929828122059505,9.788608053171288e-05,2.8728396093807527e-05,3.210099457091686e-06,3.69123122800617e-05,5.600013959585835e-06,4.4196394779938064e-05,4.143501760678739e-06,7.564213611827537e-05,6.453538136484337e-05
pgk,pgk,0.0006499448467963946,730,0.0002016344686267125,3.8293582607651536e-05,2.03430938190101e-05,1.2490618520340059e-05,4.502035236660024e-05,7.217067308135747e-06,6.019973781881099e-05,0.00010189762102177981,0.0001055176525121392,5.733065219521441e-05
yigE,yigE,0.0006491384200155747,731,8.242308109056733e-05,9.575582104266413e-05,9.806311988151994e-05,4.456156361615717e-05,3.5091443702834124e-05,2.0205843230416912e-05,1.6896196023608924e-05,6.751492475898981e-05,6.798279116163818e-06,0.00018182814755265245
gpp,gpp,0.0006484263661998216,732,9.637893882767065e-05,0.00013291628216208334,0.0001079979598485749,5.656414466207613e-05,2.746408327506528e-05,9.125476798845132e-05,7.887002824073575e-06,2.998406458542613e-05,1.2724295260080583e-05,8.525482676631961e-05
yahB,yahB,0.0006474428907769156,733,0.0002842764734429285,0.00011226690689728965,7.433007417161059e-05,2.78238062480922e-06,2.188171256890617e-06,7.911001097423654e-05,6.155108156922928e-06,3.12234682557214e-05,1.6105511202383896e-05,3.900478579412224e-05
ycgZ,ycgZ,0.0006473779235823107,734,0.0002696740051137812,2.400210923237848e-05,6.000192250014031e-05,2.317646112024969e-06,6.471027430165348e-05,2.4697280347083975e-05,4.02637178741665e-05,6.076312916235975e-05,6.835692173971776e-05,3.25909171990042e-05
glpQ,glpQ,0.0006462406525851148,735,0.0001884662015029772,0.00014362827455409748,3.797411784718014e-05,1.428812292247687e-05,6.137941073648292e-05,1.8464823403482318e-05,5.97856765776708e-06,2.6317771833253884e-05,0.00010085216929704378,4.8891192830353156e-05
dsbC,dsbC,0.0006461183937996296,736,0.00015420733953622,0.00019365412030555263,1.1611646162336829e-05,4.175491705626939e-06,7.086867919420686e-06,8.521836395325182e-05,1.4189294481652224e-05,9.506658040860318e-05,5.6828546855975805e-05,2.408014247098948e-05
rfbD,rfbD,0.0006457471268220445,737,0.00023790272899488276,0.00013531361174262772,2.6307441006157076e-05,2.1049186317953295e-05,1.8122152709011584e-05,2.3609966742467702e-05,5.853218999632979e-05,6.704823555778146e-05,7.680217615339527e-06,5.018139613949353e-05
rfaH,rfaH,0.0006452236064565088,738,0.00020696169336939865,5.0285940711736166e-05,7.0835888490429445e-06,2.1324988968616897e-05,3.6442721438693766e-05,2.0629445951126292e-05,2.385263250473217e-05,4.321669913284895e-05,0.0001015163911428914,0.00013390950438742173
ybbK,ybbK,0.0006448066959372243,739,3.284410992547873e-05,1.351172209460921e-06,6.269055929455302e-05,2.051762872315963e-05,3.8055977324096185e-05,1.7236164210078978e-05,8.1785562878737e-05,0.00015939183854840483,0.00015370966308974587,7.722401973350916e-05
yeaM,yeaM,0.0006444292877925925,740,0.00028459588355748483,5.129662192618234e-05,8.887336731846536e-05,2.783883306260844e-05,4.991328035010365e-05,9.896411017252688e-06,5.3194906182704145e-06,2.5421305875029907e-05,4.306110582754926e-05,5.8212988239645537e-05
yegK,yegK,0.0006443729733112534,741,0.0002549341663303786,0.0001700975398840473,3.2385799549488746e-05,2.148460807585325e-05,3.415730599747827e-05,4.538215279620331e-07,5.03909347839848e-05,1.7083702591747088e-06,3.61356541086946e-05,4.262477279419113e-05
dgsA,dgsA,0.0006437853102905831,742,0.00023849860517965275,0.00011671725316967801,0.0001107936311210231,6.209686633789493e-07,0.00010282808056414737,3.7831989744530986e-05,5.105846631004983e-06,1.0675603334936839e-05,2.351056818721036e-06,1.8362275063508986e-05
yhjQ,yhjQ,0.0006434138645896483,743,0.0002447936507444276,0.00011736924885153986,4.6843584725145614e-05,4.304749073997792e-06,5.1899218118327544e-05,0.00011091559399614108,1.2733988665205149e-05,2.97837956584925e-05,2.3075466119191176e-05,1.694568637180023e-06
grxB,grxB,0.0006434081435891908,744,0.00021973497748513718,8.379232566002952e-05,2.129302892681121e-05,2.809844851981854e-05,5.02451696805947e-05,3.050670572062097e-05,1.7833115080196556e-05,3.229390406440479e-05,7.034328825077594e-05,8.926718020080144e-05
wcaC,wcaC,0.0006433071438520785,745,0.00025717184221909405,0.0001923413613320335,1.2124221668327922e-06,4.534348385418026e-06,3.5888102772752615e-05,4.760508756581714e-05,9.15587889217764e-06,2.599972900965985e-05,3.7054553073421576e-05,3.23438184348713e-05
yeaT,yeaT,0.0006429670535875081,746,0.0003146470396444287,0.00015722426534584623,1.3046876227078989e-05,1.1405855920911062e-05,3.020914889345164e-06,1.7716889897056273e-05,2.6462951246807555e-05,1.3260737512082531e-05,1.362015242464946e-05,7.256137047930213e-05
mglC,mglC,0.0006423223968187968,747,0.00023316714986422888,0.00011896748686314709,8.232060163312473e-05,1.403806196917996e-05,7.111846229869072e-05,5.940250106128899e-05,2.252145411759784e-05,1.2223498412898276e-05,2.1372240553814384e-05,7.19094004482584e-06
ygcL,ygcL,0.0006420111995409919,748,0.00018064931537476665,7.306108035549168e-05,6.484721540689478e-05,2.8740381810744377e-05,5.796454585005498e-05,3.927822021777586e-05,1.8090038206980648e-05,4.812947152640438e-05,7.79752496872264e-05,5.32756811046521e-05
cspA,cspA,0.0006420106577385843,749,0.00020514240688557515,2.6188115061258224e-05,1.4521443875153656e-05,1.2803713908396584e-05,5.1373177688992146e-05,1.6930440422517665e-05,5.887054471650258e-05,6.966077272726558e-05,9.27376329200881e-05,9.378240953283468e-05
znuA,znuA,0.0006418679396368275,750,0.00036917327158684637,0.00012046738449685372,1.1884110822477722e-05,1.0099133747415166e-05,2.6792388094143695e-05,9.282905639639172e-06,1.2990860752574855e-05,3.377682804705796e-05,3.3370639408707114e-05,1.4030417041111812e-05
rnb,rnb,0.0006415079988680236,751,0.00026927668252511725,8.68882299460162e-05,9.242625832651884e-05,1.3859543060716247e-06,7.345222751299351e-05,1.2194496005883574e-05,2.4256319086652916e-05,1.0407543924660382e-05,6.8439317343179465e-06,6.437635549979136e-05
livG,livG,0.000640849662212561,752,0.00024006050958596747,0.0001379105939072976,7.262854876796515e-05,1.8808445756383428e-05,3.3004845224503395e-05,4.864269172150427e-05,1.5562484247569064e-05,3.910893877508692e-05,2.6995072456333466e-05,8.127531769950255e-06
yieP,yieP,0.0006405210167572741,753,0.00024165539894767092,0.00019771251249048243,2.314411445682246e-05,9.970157804146514e-06,1.475721374620239e-05,5.834362175053429e-05,2.609533365691253e-06,7.661437738218551e-05,8.323770218175771e-06,7.3903165953625694e-06
rsmC,rsmC,0.0006399967805359166,754,0.00018419886217550295,0.00015845442656541337,8.221452012772345e-05,1.494790165677997e-05,1.602835800426784e-05,7.626001219993307e-05,4.8777978614572494e-06,4.915772485510324e-05,2.2618011733946367e-05,3.123916535578908e-05
narV,narV,0.0006395742680833994,755,0.00023191278236961202,0.00014383520695060336,2.360897441960359e-05,6.4788663530719116e-06,5.409487976517133e-05,1.083171220920044e-05,4.752977225902758e-05,2.6896094741194034e-05,7.486192503122665e-06,8.689978651279249e-05
yfcY,yfcY,0.0006390240723951862,756,0.00017479231201294334,0.0001471378127528464,1.849396378652358e-05,8.847112191138356e-06,5.274308484890637e-05,9.013657398964072e-05,3.14980279302577e-05,4.74137636518078e-05,4.640943290514783e-05,2.1551988325974043e-05
yrbL,yrbL,0.0006388858548309546,757,0.0002704758607367771,5.561035131384318e-06,4.7477282137545084e-05,1.3851872712784289e-05,8.169126421011268e-05,9.795434453248681e-06,3.643250516374013e-05,4.879662906622992e-05,6.46815211350513e-05,6.0122450084081114e-05
yjeS,yjeS,0.0006386241391074392,758,0.0001853767285521867,0.00017164946123782675,4.807633323432185e-05,6.636614319964107e-06,3.53055915661039e-05,5.9512827396983225e-05,3.538576497960699e-05,3.4593323997102373e-05,3.1432681612273994e-05,3.065481221106943e-05
ybgH,ybgH,0.000637861949663073,759,0.00031929144576471895,0.00011936055259234982,1.2737516886204486e-05,1.9799901016789736e-06,1.972410104141326e-05,5.5391964246971134e-05,2.6594472667470915e-05,2.424026426518411e-05,1.9686812368739418e-05,3.885482972834192e-05
dgoK,dgoK,0.000636561592273816,760,0.00013781724420860666,0.00015123587872589253,2.7618963714332683e-05,3.166895967397788e-05,4.644464185390109e-05,3.4744862851226725e-05,3.8132176026889964e-05,5.6004087654709345e-05,5.526024306752513e-05,5.763453449675404e-05
yjfY,yjfY,0.000635907641032006,761,0.0002949724078882912,0.0001391959707055511,4.450924065162783e-05,1.6467532476556276e-05,2.903538968370104e-05,3.612715950348912e-06,3.662198314739191e-06,5.788457418933954e-05,1.7561584978713934e-05,2.9006026193136994e-05
wbbJ,wbbJ,0.0006358681848250728,762,0.0002779482101314226,0.00011441042050916636,1.3873368695564633e-05,2.3339735370989896e-05,8.342607794556607e-05,2.20327212566446e-05,2.8056265282500676e-05,1.4147426172313373e-05,2.263232037289434e-05,3.6001639088010285e-05
rpsN,rpsN,0.0006354954180567793,763,0.00015903411270457984,5.63243477066071e-05,7.779647037554377e-06,6.763087118146799e-05,5.967695297592742e-05,3.8951834189038335e-06,1.1955285755133955e-05,8.297153667015332e-05,0.0001194150514768416,6.681242912960988e-05
tdcA,tdcA,0.0006353913655976247,764,0.00016627867485735515,0.00023689918620078263,8.834501496616962e-05,5.4478242566540175e-06,1.1356550082416428e-05,2.8414484873586437e-05,4.955054530774079e-05,1.8791480112836202e-06,4.148106047312836e-05,5.738876568507554e-06
ydhV,ydhV,0.0006343991138225176,765,0.00016291984310393544,0.0001079994620835478,1.717054293945866e-05,2.1854045955674532e-05,1.1818602400826087e-05,7.956661717073961e-05,5.790011401643042e-05,5.735956721337316e-05,5.000103131203636e-05,6.780928762649566e-05
gidA,gidA,0.0006330204837283317,766,0.00017460159582972576,0.00018939883119325563,1.3495781426285976e-06,2.660846478870724e-05,7.237413764153461e-05,4.7907754892882214e-05,4.070798400414343e-06,5.858155565060264e-05,4.679690524709297e-05,1.1330861941487582e-05
prlC,prlC,0.0006329869877572117,767,0.00010879696689151112,7.506122837075462e-05,5.5481741703671726e-05,4.125847007370073e-05,1.0317074631706026e-05,2.3468429517402862e-05,6.922190538609847e-05,5.5056450125324596e-05,0.00015576143541530722,3.8563285641734403e-05
pntB,pntB,0.0006323917301007514,768,0.00012958363043864325,0.0001444305966154989,3.895964057602546e-05,5.325887016370139e-06,2.6290034989884925e-05,2.594493356688378e-05,3.487182007228674e-05,2.3963850640286837e-05,2.9325796248383093e-05,0.0001736955399364883
mppA,mppA,0.0006320197244875473,769,5.985101888636885e-06,0.00012832236869045766,6.682657964224113e-05,2.37492683567695e-05,0.00014486360030326414,5.58000217411261e-05,1.7874866386635044e-05,0.00011957249807114643,3.962082951065977e-05,2.9404589896610507e-05
yfgA,yfgA,0.0006315112641596127,770,0.00023770299552096052,0.00015279882440672339,3.764633433418826e-05,5.932970766101871e-06,5.989359492939415e-05,2.7557892611987092e-05,4.247998924629037e-05,3.287732162008865e-05,6.261782738347515e-06,2.835955798553073e-05
mnmA,mnmA,0.0006311238812265938,771,0.00023693345965463924,6.639147360376799e-05,5.930464713428356e-05,1.2064887989839858e-05,6.20815450349765e-05,1.4236818028221045e-05,2.2281438895267568e-05,4.968950078673823e-05,4.139667333388748e-05,6.67434367649723e-05
eutE,eutE,0.0006311200150287163,772,0.00018411187014503034,0.00010902113480346632,7.801863369030337e-05,2.089259490315027e-05,0.00016131281428269896,2.7679012439056813e-06,2.1275945056413764e-05,9.968147836109494e-06,3.386817312257898e-05,9.882799945059252e-06
ybgQ,ybgQ,0.0006307972646991112,773,0.0002992455095479227,2.956135803455276e-05,5.5696815348818535e-05,1.3811131624380534e-05,6.248061316983455e-05,7.821688068860468e-05,2.4490742932645587e-05,3.763466164719107e-05,4.155862785522057e-06,2.550368891963861e-05
artJ,artJ,0.0006307879880277366,774,0.00027143144592474877,3.152011414804213e-05,1.6825024289842143e-05,4.044442329916416e-05,1.0730931580448064e-05,4.3866946826792855e-05,5.250257578773494e-05,2.4962525329802075e-05,5.5704560466781215e-05,8.279944037438022e-05
ydjR,ydjR,0.000630361211532701,775,0.00031514644282546936,7.11993308716629e-05,1.5220400665635359e-05,1.4788073278034668e-07,3.9399309974678616e-05,6.4157809200475345e-06,8.085943598492772e-05,8.201700507856386e-05,1.4986742606428143e-05,4.968881872507276e-06
ycaN,ycaN,0.0006287576789130861,776,0.0003611241908495258,1.3669965931654365e-05,7.098693791210666e-05,1.2628432352533346e-05,3.318421563285225e-05,4.7792618112727356e-05,1.5132602040566541e-05,3.932784039560748e-05,2.19882845513134e-05,1.2922591134198724e-05
ravA,ravA,0.0006286777778449381,777,0.00015396915226878217,0.00015784774876033511,5.367703978979274e-05,6.918950412565322e-06,4.365116913503622e-05,5.571808436202368e-05,5.443009938555901e-07,5.0318810292686506e-05,4.500221663728346e-05,6.1030305192577316e-05
fucA,fucA,0.0006282616750504272,778,0.00028139238596676077,0.00012190499119624732,4.498588538930353e-05,9.919894233412299e-06,2.151973652800344e-05,3.286546945485473e-05,3.06389782977194e-05,2.8962532319037562e-05,3.694387620164709e-05,1.912792546344116e-05
gadB,gadB,0.0006278442216572984,779,0.00035302282614575715,6.687573368493528e-06,1.6961656078695683e-05,1.386050734254279e-05,2.485176203940601e-05,2.009259608018187e-05,4.966042061513972e-05,3.420623300245297e-05,5.1931466601955405e-05,5.656918038267333e-05
glf,glf,0.0006275401866195735,780,0.00023963876814060264,0.0001563929855996394,3.62888060796932e-05,1.788585400427052e-05,1.0658487065713393e-05,5.611053952628562e-06,4.3542635867981415e-05,4.420727106638536e-06,4.376488381717054e-05,6.933598498523536e-05
yfgF,yfgF,0.0006265677674747608,781,0.00014585118245309252,0.00017613178162530888,2.494095223026685e-05,1.6224671347588513e-05,4.431832439185556e-05,1.1102497395503999e-05,5.9449630346255315e-05,2.6547600625740162e-05,6.482207872545343e-05,5.7179048333695555e-05
ykgH,ykgH,0.000626465090143755,782,0.00028721018718583864,2.1103926246618373e-05,7.569114991891259e-05,2.205152800425806e-05,4.2863412484784454e-05,5.490333789078205e-05,1.786719583901949e-05,4.0679652893231545e-05,3.5316123304157695e-05,2.877857637615215e-05
folE,folE,0.0006262430545328028,783,0.00023428887371972025,0.00020027017472719637,4.693640679432889e-06,7.115299036113449e-06,1.936925826284643e-06,3.2155324520208774e-05,6.66676291172867e-05,2.447767331052816e-06,2.0504930001558296e-05,5.616248957394872e-05
hycI,hycI,0.0006258095451592892,784,0.0002996306229510078,0.000153594802435244,2.7709178072332638e-05,2.1100009200433544e-05,1.580528340336278e-07,1.857692914860687e-05,3.3954770119412035e-05,3.959910554053433e-05,3.057761489788276e-05,9.084599598016559e-07
ttcA,ttcA,0.000625398072793205,785,0.0002637544264981182,8.238840147606008e-05,9.767962489170186e-05,2.48958490911654e-05,5.365856469260347e-05,1.5168043482975842e-05,4.621563166414851e-05,3.25012363641768e-05,7.49214682879038e-06,1.644147803464387e-06
napD,napD,0.0006249035229399154,786,0.000160837869646618,0.00021627984625990484,2.12973422584053e-05,2.879974555532804e-06,4.727454123429649e-05,5.4420224276703556e-05,4.478175827757123e-05,5.206237547662483e-06,3.608334373048247e-05,3.5842385152738255e-05
crp,crp,0.0006244641270258492,787,3.989634680275681e-05,7.50885752392553e-05,3.327502678212127e-05,7.321178269824447e-05,5.205760961289059e-05,8.304467087837259e-06,3.0515250895282948e-05,0.0001520977824753661,0.00011121241446391626,4.8804870968178136e-05
yghR,yghR,0.0006241985773800781,788,0.00012250241864540225,0.00015318831618813214,2.0402795847252465e-05,1.8152071868933456e-06,9.632406219702607e-05,6.19737895076962e-05,3.964471080430552e-05,1.8273615593366246e-05,2.476625559999044e-05,8.530740581001342e-05
cheA,cheA,0.0006236533157208945,789,0.00021278728153081549,0.00020696934871460373,5.3138116334803104e-05,7.202971166227643e-06,6.560821843326448e-06,1.4350825752727003e-05,4.591091961499126e-05,5.577150823542222e-05,1.668189510719579e-05,4.2796274207818246e-06
napC,napC,0.0006228943070567381,790,0.000253079644810958,0.00015950326222766452,3.7667920004040984e-05,7.347932750326746e-06,5.074331463671452e-06,5.245454355334239e-05,3.662836976678863e-05,3.288513297526569e-05,2.3135217612675886e-05,1.5117951892003816e-05
astB,astB,0.00062268304958375,791,0.00022952860683959087,0.00015253297359748527,1.6276424068986986e-05,2.4542969780935237e-05,5.6129528312445235e-05,3.745896745910865e-05,3.7018079641267265e-05,1.6700161072800405e-05,1.8699382831765456e-05,3.37959559793645e-05
gatC,gatC,0.0006223288990225535,792,0.0003480367123885955,0.00012618849461384395,3.792504183940057e-05,9.58208944858219e-06,3.391260556171448e-05,2.2669321702765287e-05,8.359544539028156e-06,1.9143392749425758e-05,1.6371300338628933e-05,1.40395840568683e-07
gadA,gadA,0.0006220781736473808,793,0.00015240207474253442,0.0002248032564510075,9.736581501038627e-05,1.2805192733712918e-05,3.38397380113301e-05,6.051635149741385e-06,1.8601734866350528e-05,4.3694109537584914e-05,2.414892434078748e-05,8.36569280394538e-06
aaeA,aaeA,0.000621248583467498,794,0.00011213825338464802,0.00021226807654713047,8.900978764669578e-05,3.376405738885399e-05,3.4164586813971154e-05,5.713662238198384e-05,4.3822883165882524e-06,2.3426755725366816e-05,4.3875774317202834e-05,1.1082380945056887e-05
yfdL,yfdL,0.0006211304625227559,795,0.0002991038032694324,0.00019302287183034243,1.5926939802464833e-05,1.0933893423469378e-05,6.923778816571703e-06,3.1845566300891296e-05,3.229287412631571e-06,3.241910118173248e-05,1.4883150516598107e-05,1.2842069968621646e-05
acpP,acpP,0.0006210665751806483,796,0.00019014483984915463,3.305141789753211e-06,5.060665812723045e-06,5.445686774418139e-05,5.013356580906758e-05,6.323965221601448e-05,5.331725363483584e-05,5.567719165726708e-05,7.824455716617257e-05,6.748683950147864e-05
gapA,gapA,0.0006201972619607277,797,0.00029131111231296014,1.0784887834779303e-05,1.618460555198568e-05,5.8208358719335155e-06,0.00010079646695060927,1.7081191304377228e-05,1.1684086572177536e-05,2.985670062043382e-05,6.65649234077469e-05,7.011245153372422e-05
acrA,acrA,0.0006193760920315196,798,0.00015916116149316525,3.2457174631116226e-05,8.431892873733548e-06,4.139953040184969e-05,3.905951331489047e-05,8.501249597504969e-05,6.969657556222851e-05,1.0459614871554521e-05,0.00011222589500286121,6.14722379050704e-05
ycgL,ycgL,0.0006177066725827466,799,5.409883971333463e-05,1.008493301126522e-05,0.00011379226924785667,3.1899918885089445e-05,7.812249425745789e-05,1.9398533530597028e-05,1.5488673313837277e-05,6.515823832777355e-05,0.0001706849740857536,5.89777982097813e-05
rem,rem,0.0006175331136362113,800,0.00025507376808359285,1.3127998127708677e-05,2.6558868985742392e-05,2.2279819655501378e-05,1.691126650920253e-05,4.4811460477965574e-05,8.366716788498084e-05,1.534466194409511e-05,0.00010884099246443443,3.091710950298748e-05
inaA,inaA,0.0006174782378806649,801,0.00021112179984995302,0.00011346659638634907,6.368643802536798e-05,1.3251660995027587e-05,8.197624448684567e-05,2.266097947767207e-05,2.1824135252202822e-05,4.090054857226105e-05,3.0337000196838254e-05,1.8252834638147357e-05
yihP,yihP,0.000617066033841938,802,0.00015016761560712416,0.00016812176269991557,3.552443691316276e-05,1.810870823691752e-05,6.129904080276787e-05,6.377768196173807e-05,5.410241339344289e-06,4.718465246856644e-05,2.102660082093194e-08,6.745086721158051e-05
ddpD,ddpD,0.0006169298212003629,803,0.00019647860795429136,0.00015744363529667652,2.646573577313084e-05,2.7669370230923758e-05,2.5035446977234007e-05,3.975890007717475e-05,4.778234865583452e-05,8.789210852456793e-06,5.514339112310866e-06,8.199222627032942e-05
yfiE,yfiE,0.0006159186716411389,804,0.0002789707791865841,0.000125791020559937,2.5476450271185874e-05,1.5299192269029254e-05,8.691135484929494e-06,2.4815826451771965e-06,4.42298124984046e-05,9.682797030319824e-06,4.823488856593046e-05,5.706101312964126e-05
feaR,feaR,0.0006148228056538562,805,0.000262072345278547,5.4472860543373596e-05,1.6209765151463507e-05,1.4009079247728037e-05,7.188016445699094e-05,1.8619123327339825e-05,3.465964409150456e-05,6.742093498751676e-05,1.841657645265337e-05,5.706231211673871e-05
napB,napB,0.0006142096322274159,806,0.000307589689615637,7.626713237511309e-05,3.285129618474532e-05,3.238411068110463e-06,5.1745492376442807e-05,2.8200348929909185e-05,4.655705270657603e-05,1.4158316044924356e-05,2.4078113005594383e-05,2.9523779920363252e-05
yihQ,yihQ,0.0006134628180533124,807,6.689162068908357e-05,0.0001531645709455566,9.841355458079727e-05,6.102397059650707e-06,0.00015049602481501204,4.267321406706419e-06,7.472755856960821e-05,1.5013484818389479e-05,1.095862923536724e-05,3.3427655933141e-05
ycaC,ycaC,0.0006133921685528236,808,0.0002131248035363494,4.334740330241412e-05,7.26728573448405e-05,2.8012967669842617e-05,9.266270185794427e-06,2.4878471682718936e-05,6.6891048059914e-05,6.228570187256826e-05,6.242151297609088e-05,3.049113192229053e-05
ybiO,ybiO,0.000613238205122208,809,0.0001548423928408596,0.00014993218566071155,5.674529494578527e-05,1.8535069830143663e-05,2.221053232074325e-05,1.5282477018472632e-05,5.2558114443420866e-05,8.676403629971151e-05,9.26536626411068e-06,4.710273549824908e-05
mcrA,mcrA,0.0006132337045374962,810,5.6591461795510666e-05,7.233939592514904e-05,0.00010829730927568977,2.4627008931480135e-05,0.00016860419936825944,1.6041628646378688e-05,2.6654035005204934e-05,3.702162604254043e-05,3.108970760637601e-05,7.196733194090706e-05
ydhU,ydhU,0.0006122375047876888,811,0.0002953658841295757,8.148905608328424e-05,9.21676394076298e-05,7.001737037044834e-06,3.336856605107115e-05,2.968851475617445e-05,1.0639112651799096e-05,7.3154719086725465e-06,2.120695598371999e-05,3.3994566778716936e-05
ubiB,ubiB,0.00061151945248281,812,1.769078023391298e-06,2.4807438946052593e-05,0.00015237844939432917,4.441062382712371e-05,6.124593006044684e-05,8.425022472314775e-05,8.300523788463733e-06,9.106373757440152e-05,0.00012495346706599005,1.8339979079463366e-05
oxc,oxc,0.0006107712040471549,813,0.00028803860288975506,0.00016854010343555147,2.1654374083194163e-05,1.209017215860965e-05,1.1377418521177707e-05,1.0878737668367364e-05,1.2668826866163235e-05,3.405403223628146e-05,4.322098568336542e-05,8.247950504689323e-06
yegW,yegW,0.0006106153110968356,814,0.0003183844251773756,0.00012880866011991758,7.551605913492845e-06,2.3071607201757695e-05,7.963893310944908e-06,2.642538282891666e-05,1.7847589895460306e-05,3.3328094311340736e-05,1.0956593190576637e-06,4.613839301857165e-05
ccmE,ccmE,0.0006102610730595323,815,0.00017922950383005422,0.00013444461314287222,4.729414967885172e-05,2.1921601708311922e-05,2.20936354122669e-06,1.713958544376693e-05,5.5646676439740276e-05,4.669153673236684e-05,5.223866183480025e-05,5.3445380707541414e-05
damX,damX,0.0006100320498657571,816,0.00011664973823410385,3.1706460747622604e-06,5.4205793571638056e-05,5.478950452954692e-05,5.14840822761541e-05,1.952649882920139e-05,6.225515503760273e-05,9.171831854944347e-05,0.000122160685459199,3.407162730410539e-05
yeeX,yeeX,0.0006099039171207903,817,0.0001800018165680743,0.00019742060086269152,9.037776763521764e-06,8.725693896416399e-06,2.786895281699765e-05,5.245487063995471e-05,5.141052003111171e-05,8.724353853836135e-06,2.2186835076772056e-05,5.207249661141407e-05
ycaO,ycaO,0.0006097983165142345,818,0.0003549331702324729,1.2160343762283637e-05,5.135962557100577e-05,1.1451854487713769e-05,3.877741210479034e-06,3.349450191732383e-05,7.607990506372493e-05,2.9307174290075525e-05,2.560982628818069e-05,1.1524173690974296e-05
pqqL,pqqL,0.0006089433054312783,819,0.0003658841032761008,7.984096320479565e-06,7.488374856800997e-05,1.099863982277839e-05,1.8565059029573e-05,2.6114293647834453e-05,4.1258418712875506e-05,2.3697888312214467e-05,1.7301841473793215e-05,2.2255216267618695e-05
phoP,phoP,0.000608890897779947,820,0.0002897593309340548,4.564690126503212e-05,4.2334918035291746e-05,2.2501779478897505e-05,4.455913987218781e-06,2.7739301848662183e-06,9.47615478292001e-05,5.374326520035762e-05,4.550279299831083e-06,4.8363031565196994e-05
yecI,yecI,0.0006085493018127303,821,0.0001163473728237666,4.8829351745412666e-05,4.4170778141629994e-05,2.4863929324595782e-05,2.2023081870031775e-06,1.6105641661695375e-05,5.422467517423426e-05,8.047096143454433e-05,0.00014802337552920973,7.331090779063855e-05
dcuA,dcuA,0.0006084561116313004,822,8.871829451576806e-05,2.789251295788755e-05,7.287695213650989e-06,2.539154170027838e-05,3.927585542500759e-05,3.483728524544266e-05,8.849388835034032e-06,0.00015988652712932677,0.00020512733511242546,1.1189675496478949e-05
ygdE,ygdE,0.000606796167615549,823,0.00023101923601452257,0.00011019886983885682,5.503757605578879e-05,1.6072618984781326e-05,9.992053638052902e-06,4.6897726046857295e-05,5.40668700504908e-05,3.672245617422388e-05,3.9946963103783906e-05,6.841797708190571e-06
ygcW,ygcW,0.0006067384692247758,824,0.00020364102871981725,0.0001145427631471186,0.00010614115001148167,2.717825229000214e-05,1.687840804529149e-05,5.136912406063361e-05,1.761410077491937e-05,5.534408216441051e-05,1.979504713985688e-06,1.2050055297115551e-05
yaiP,yaiP,0.0006066632878856211,825,0.00025873256426461335,8.804906720998672e-05,0.0001317538458677117,9.729016428517041e-06,4.018955214320745e-07,4.890296811847829e-05,4.725559976514159e-06,4.222442794581979e-05,5.864662538342432e-06,1.6279280014205468e-05
ygaF,ygaF,0.0006050801580530218,826,5.172901234591014e-05,0.0001019554331974801,0.00019542893582176281,7.90947203247962e-06,6.505072833640907e-05,0.00011062011236587403,1.5430224224736163e-05,2.8968787354891332e-05,2.056203515227817e-05,7.425417221200355e-06
ynhG,ynhG,0.0006042887755935749,827,4.589531152138189e-05,6.396167691322704e-05,5.643235783322817e-05,6.201557129952732e-07,6.45272048773755e-05,2.452847916846953e-06,6.519500124101681e-05,5.22237103489942e-05,0.00014657165298730715,0.00010640885624120186
hlyE,hlyE,0.0006040389495688307,828,0.00022100538621261658,2.066260077699901e-05,1.2457230086990884e-05,3.221615024694431e-05,1.715112772124267e-05,5.842073160338097e-05,6.2330841455838734e-06,2.826257606368023e-05,9.533939279178035e-05,0.00011229066991961182
pgaC,pgaC,0.0006037083944581887,829,0.0002482156183578975,2.422346908108099e-05,6.0079094351228685e-05,3.148771698250971e-05,2.1122042920018517e-05,0.00014158003511609426,2.6521523227955943e-05,1.3030925735887904e-05,2.062578123265635e-05,1.6822187452858776e-05
yafW,yafW,0.0006031696245610643,830,0.0002160732132525999,6.492872262694395e-05,5.5026786639937344e-05,2.340322809773951e-05,5.9904204356675375e-05,0.00010455579889824369,2.7761200359329467e-05,1.0580355805038622e-05,3.065396609136591e-05,1.0282148433190595e-05
citT,citT,0.0006029094473710165,831,0.00022027675292701847,7.499248814488574e-05,0.00011299948861783034,1.3989420178299517e-05,7.489758349134347e-06,8.78249498975441e-05,6.7565436108812345e-06,7.514553487424654e-06,6.652332207655004e-05,4.542170081448003e-06
fkpA,fkpA,0.0006024169121849835,832,4.580310345773397e-05,0.00019075410704462743,3.1810382658971115e-05,1.7681852055119368e-05,6.041846021647767e-05,6.301017523412306e-05,1.930182799832239e-05,1.836207221862948e-05,6.86079662058419e-05,8.666696509513715e-05
ygcU,ygcU,0.0006020964288533925,833,0.00026003965518217625,0.00014123534672073266,3.2458890342441456e-05,2.1753525408529547e-06,3.456766418340743e-05,2.708290957800891e-05,4.61281989374743e-05,1.6456166936000887e-05,2.689042005607227e-05,1.5061824376225292e-05
glvG,glvG,0.0006020351724417028,834,0.00015499121834939894,0.00014274007867256787,2.0208829006708377e-05,1.6089338758461e-05,0.0001290355590414374,3.3809272822390135e-05,1.3608635318159425e-05,1.0877091766702767e-05,2.8014710698691968e-05,5.266043800718489e-05
pntA,pntA,0.0006018662374625696,835,0.00013796807097902035,0.00013099250509336757,4.89000092439652e-06,1.7376335742916007e-05,0.00013091008424570916,1.8019707880041888e-05,3.1027668260210656e-05,8.0338609583203e-06,4.3360250444199435e-05,7.928775293438773e-05
ymfS,ymfS,0.0006012851096337451,836,9.532463642914202e-06,3.822941505297532e-05,9.267210419957476e-05,5.899721645213968e-05,7.688364669149386e-05,2.9331834241418914e-05,3.5083970758612915e-05,0.00015494809611877415,5.449815374363447e-05,5.1108208732206865e-05
tdcC,tdcC,0.0006003923322369444,837,0.0001592356441214627,0.00021009889961132373,3.5749595505274235e-05,1.5291260404335478e-05,9.172078603828473e-06,4.3245557206373554e-05,1.1659177983646167e-05,6.902300175092831e-05,2.252695634489217e-05,2.4390160704879507e-05
ycaM,ycaM,0.000600103632677187,838,7.60007908583281e-05,2.0421120981364507e-05,0.00025313147585460607,2.0143498745894163e-05,5.619831356440055e-05,2.6268899871634307e-05,3.706186033315987e-05,3.87569827937588e-05,1.5116582334672536e-05,5.700410733936788e-05
yfjK,yfjK,0.0006000076222734115,839,0.00021357761720350362,0.00015858594190253892,1.85499136526113e-05,1.4393533105010256e-05,5.615545215701383e-05,3.3398979996689e-05,1.7816271642531995e-05,1.5424635431290122e-05,2.567733056015335e-05,4.642794662206922e-05
yeaG,yeaG,0.0005994789169601074,840,0.00015475904758958998,3.9777341682042356e-05,2.1681595228405774e-05,2.7164987172813078e-05,7.664667737481824e-05,9.481409694278032e-05,6.318467228225738e-05,6.13331208960792e-05,1.7169565383443396e-05,4.2947812407877754e-05
aqpZ,aqpZ,0.0005993911669776175,841,2.083557280833385e-05,9.489305617337176e-06,0.00011095499157545722,2.1944367188446297e-05,5.325227344847133e-05,3.382480890158505e-05,9.429808975549335e-05,4.5691185495775905e-05,0.00013251546708904131,7.658510509767602e-05
ybdN,ybdN,0.0005992780084030472,842,0.00013749587163422108,1.9930812029987635e-05,7.923966479723712e-05,2.6129202070801586e-05,5.163759103738048e-05,1.2504813211833726e-05,1.6057462032468725e-06,7.086802485498153e-05,1.124867664339122e-06,0.000198741414899018
yghZ,yghZ,0.0005992542266890823,843,4.451829520263634e-05,4.956207037865293e-05,0.00019168624042283018,2.0443702498874902e-05,9.466593698798865e-05,5.754160891246187e-05,3.410744295393838e-05,3.248481193795381e-05,5.093849166385631e-05,2.330562572988906e-05
vapC,vapC,0.0005991817132955568,844,0.0003418247179077512,8.23136516458446e-05,3.69136326040026e-06,2.0634162025143295e-06,4.1975102605383124e-05,2.1884255637400275e-05,6.2834600205024806e-06,3.797270804321097e-05,4.3289648631936165e-05,1.7883389340613272e-05
yfcE,yfcE,0.0005984805595572302,845,0.0002602273485620647,0.00011017515494664466,2.5268900369537488e-05,1.4967591679309235e-05,3.6669412455156405e-05,3.701106834172711e-05,2.677944561105429e-05,4.855209124469525e-05,2.526098366982431e-05,1.356856267721658e-05
folC,folC,0.000598350185689554,846,0.00021488109241047862,0.000136448040203615,6.149114123954852e-05,2.9653136577784984e-08,2.770494446516145e-05,6.902366385721497e-05,1.393881247573906e-06,2.5865111840537805e-05,3.74392194336115e-05,2.4073437855234463e-05
cytR,cytR,0.0005982508450909612,847,0.00012165648913241338,0.00019544396081497457,7.315618058780648e-05,2.030009189288287e-05,4.642193738931963e-05,4.2701081457891833e-05,1.1073638138615535e-05,6.160768318453583e-05,2.6272198205135674e-06,2.3262562672007564e-05
tgt,tgt,0.0005964009249055292,848,8.387874998588072e-05,0.00011479874188519638,0.00015839221792847427,1.4560057450325865e-05,2.548644931273454e-05,2.944337816073757e-05,7.658193091462362e-06,1.2434911134465053e-05,9.35452928910812e-05,5.6202933065171197e-05
ybaE,ybaE,0.0005949166324726723,849,0.0003360258892243372,5.3849088986739986e-05,2.5973462461257382e-05,9.314652592944054e-06,2.848596072603235e-05,2.0996243051511477e-05,6.324658583924754e-05,1.803029881992922e-05,1.4592576876424749e-05,2.4401873894248387e-05
lon,lon,0.0005943932053047028,850,0.0002153785775964318,7.798078133695429e-06,1.9608741655474227e-05,1.7366484891372185e-05,3.816182912433442e-05,3.260087601338931e-05,2.351163370922785e-05,4.511930119000813e-05,0.00011527498983015857,7.957269316061086e-05
thiL,thiL,0.0005942703986327464,851,3.7263624607085064e-06,0.00017995438888773256,0.00011947964627239698,4.669916498877044e-05,0.00015450510015780947,1.2213074625240615e-05,3.9609824906981395e-06,2.408884439531157e-05,4.939872711921244e-05,2.4410723486554237e-07
hycG,hycG,0.000593823383935382,852,0.0002966669228190031,0.00015610159234018543,9.407681417799067e-06,4.174763981069983e-06,1.3235785307293133e-05,4.574267896514278e-05,1.8985674183942206e-05,2.388976437845164e-05,8.463869360789087e-06,1.7154651181705585e-05
wcaA,wcaA,0.0005934090704212958,853,0.00032280301956628217,0.0001224927176096623,3.967797895127438e-07,2.712690440474103e-05,4.3638798264768954e-05,2.8371992365753262e-05,7.565253440323516e-06,6.720274539649667e-06,3.2573182013617347e-06,3.103601223924039e-05
yhgE,yhgE,0.000593153548638357,854,6.866832411872749e-05,9.615175354713214e-05,0.00011476922225382232,3.367062242322762e-05,8.925828550751103e-05,7.217383290345008e-06,4.177609702227896e-05,3.54167565204972e-05,4.6755785929114976e-05,5.9469318025700226e-05
yciW,yciW,0.0005920150078390801,855,0.00012086961816110642,1.1508116844375788e-06,5.539530323678243e-05,2.0728269471504425e-05,2.935053036502796e-06,5.691497605722203e-06,3.183587617171104e-05,9.297461261180401e-05,5.146318601664648e-05,0.00020897077984286268
yeeN,yeeN,0.000591851740314272,856,2.082934278756506e-05,8.6104661110201e-05,0.00013990922621191608,5.084446649562807e-05,0.00015675501222778436,2.516942704457261e-05,1.8702846002242136e-05,2.0738501162325937e-05,2.831933314636728e-05,4.447892412566946e-05
YFP,YFP,0.000590985240189056,857,0.00027378404864260655,9.894816499483998e-06,2.8073941216218924e-05,2.5916155499994622e-05,6.719397571168448e-05,3.2262641384370585e-06,2.108970585773594e-05,6.051438693507112e-05,0.00010051593419673888,7.760114910843665e-07
yeeA,yeeA,0.0005908005900442808,858,0.00023983500713781775,6.067065473450378e-05,6.752581685012338e-05,9.383719150135104e-06,1.881250238463269e-05,2.874651384860093e-05,4.278015375856543e-05,5.2006025092840616e-05,1.057972086070884e-05,6.0460476226352346e-05
torS,torS,0.0005894364574795777,859,0.00032712595622179385,7.782291229850877e-05,3.008407619049998e-05,2.4341705385531855e-05,3.444686144375876e-05,1.857329291522968e-05,3.415482343191835e-05,2.247738011390495e-05,9.887315099673518e-06,1.0522134378757916e-05
yhjX,yhjX,0.0005892600628773315,860,0.00021951486859464117,0.00013375550449641686,4.6567794529861035e-05,2.316931940400202e-05,2.2401848801612988e-05,2.1091400365524616e-05,8.083577462918471e-06,3.2924633205543986e-05,1.1799046386737067e-05,6.995206963007322e-05
LELOBEKK_tisB,tisB,0.0005890288576599316,861,0.0003001481935527284,4.318396790722845e-06,2.2854152075232166e-05,4.743501856972105e-05,3.240962904503947e-05,3.7728420142555094e-05,1.640308267293077e-05,5.451332470830724e-05,5.337031355218218e-05,1.9848326550512332e-05
rhsB,rhsB,0.0005880706492276292,862,3.182887590857324e-05,7.907242178674764e-05,0.00016851949588656174,3.052635449227279e-05,0.00017504500698239868,1.3378099633448892e-05,2.0325108813826635e-05,2.7954238078037313e-05,2.6543765911921616e-05,1.4877281733840711e-05
ykgN,ykgN,0.0005875659535728756,863,7.801302965760629e-05,0.00013428504884560792,9.085880029374343e-05,3.7508259025288056e-05,2.5760788005598606e-05,7.632565057801575e-05,2.025198219577154e-07,1.1352735655736878e-05,0.00012427858643959815,8.980535249722862e-06
insF-4,insF-4,0.0005865708373580522,864,0.0001771155889666872,2.79391921426709e-06,0.00016970370144995132,1.1217217545291207e-05,7.691738976003842e-05,1.2285300558662297e-05,1.705857452297091e-05,3.117177543835238e-05,6.161569622503856e-05,2.6691673676792854e-05
ybaJ,ybaJ,0.0005860702785987574,865,0.00015166047791773555,0.00010954796111408033,5.4297004937876265e-05,2.52399831770008e-05,2.8242686807330705e-05,0.0001087482340973888,1.9385265743195087e-05,5.445265350545913e-05,1.685827176437563e-05,1.7637739534315094e-05
motA,motA,0.0005857732953394845,866,0.0001814393273179244,0.00010155152902169302,4.829198173127302e-05,2.4364054296673033e-05,5.414234012213502e-06,5.180124737062592e-05,5.462719219643722e-05,4.948863405140105e-05,4.916296459243944e-05,1.9632130748803797e-05
crcB,crcB,0.0005856194006321117,867,2.051717122650406e-05,4.8682039948937874e-05,7.225596106933365e-05,5.572901960922435e-05,0.00011129670271462789,5.107361618701241e-05,5.242025913504031e-05,3.824023419510422e-05,7.706698677574214e-05,5.833740977058482e-05
lrhA,lrhA,0.0005853133919681444,868,0.00018171653919122922,0.00011996517818472055,2.088499629488221e-05,7.940189592062483e-06,4.520626152911193e-05,4.261355589805203e-05,5.580692592301166e-06,1.7714543252506053e-05,6.947444959907643e-05,7.421698583420235e-05
rnd,rnd,0.0005842336588095836,869,0.0002809758898239549,5.465608207544453e-05,3.7073314993911565e-05,1.1875407619406879e-05,2.045813339973427e-05,5.309724800824612e-05,2.0785148004177624e-05,3.4201291843537265e-05,4.266045522400604e-05,2.8450687817164265e-05
yagM,yagM,0.000583954744258816,870,0.00011636338372050937,0.00012966583133585893,3.653620659174105e-05,4.88826424170519e-05,4.1035903480429166e-05,8.963832514759381e-05,4.816919333771037e-06,6.259873099424802e-05,2.4719149907177344e-05,2.9697651330435316e-05
ybdH,ybdH,0.0005839418990970258,871,0.00022348704792153596,3.3139710161296904e-05,1.4482555310465932e-05,1.7089925621322742e-05,5.254659075723973e-05,1.5734693457350383e-05,6.334406264065561e-05,8.442735534994333e-05,6.243478124608197e-05,1.7255176631133263e-05
ygaM,ygaM,0.0005835910593993316,872,0.00023244334165206025,2.9482042784455303e-05,5.891383691134984e-05,1.141140015083568e-05,5.037879902993275e-05,4.415657356557846e-05,4.857970017762181e-05,7.985700133379744e-05,8.509463572970071e-06,1.9858900220730054e-05
recB,recB,0.0005833008726032792,873,0.00029227076031087043,7.010358835777262e-05,1.917393509972229e-05,2.5042974509713365e-05,3.49554340068373e-05,3.932384002891633e-06,1.0143162723147356e-05,4.658379716776981e-06,2.449595573814035e-05,9.852429813740682e-05
ssuA,ssuA,0.0005832891817159446,874,0.0003303873328692146,9.719791210054559e-06,2.827702531695946e-05,5.977365937774526e-06,5.354240851518192e-05,5.464356847410728e-05,7.015807728518122e-06,3.4238205119829847e-05,4.684447217906029e-05,1.264320436524393e-05
gltK,gltK,0.0005810006495171338,875,0.00021311399179624432,7.370390367285217e-05,3.558707468980367e-05,1.8774556712007643e-05,1.4444992218450515e-05,7.544708923613603e-05,1.3267453767802452e-05,5.567861832835308e-05,3.771669296515583e-05,4.326627613032796e-05
cpsG,cpsG,0.0005804531875136394,876,0.0002393962736906493,0.0001421762064277794,2.1841448130806785e-05,2.406321953533546e-05,3.9326727788724695e-05,2.6460687816831493e-05,1.1712295382455055e-05,8.338484172239216e-06,3.2874285197656226e-05,3.426355937116193e-05
wcaK,wcaK,0.0005802541826513024,877,0.00020271998679627368,0.00011509768255572764,2.354557757292614e-06,1.837491585644475e-05,2.070378107870704e-05,2.1836298564340144e-05,4.0461241730483474e-05,6.436800993452719e-05,9.613756042073318e-06,8.472395233543246e-05
rpsC,rpsC,0.0005801131336669865,878,0.00011325810928344162,3.9300227711407754e-05,3.888146059903674e-05,2.8393724570881357e-06,3.9184624451834015e-05,2.425101912633087e-05,8.488163326084078e-05,6.634565318346851e-05,0.00014598661228022817,2.5184421313309898e-05
mfd,mfd,0.0005800539737426606,879,0.00030191233005804567,1.220982714917895e-05,1.206719292943871e-05,2.3233453816053403e-05,9.536474622937257e-05,4.506801320127741e-05,1.0688710207229591e-05,8.785915895137544e-06,2.61970439742166e-05,4.4526740282710044e-05
truD,truD,0.0005790254141730376,880,0.00017185304466073,0.00015096825251863924,5.51560440363613e-05,2.3952695499789854e-05,6.499909553137216e-07,6.309199077778742e-05,1.875281038785376e-05,2.6663960705794514e-05,5.10859602367248e-05,1.6850664394042986e-05
miaB,miaB,0.0005768908784958742,881,7.721958558535841e-05,0.00010284422145389933,7.480874082420711e-05,2.3805547219253926e-05,3.950242664311564e-05,6.151420134365125e-05,3.381133129986617e-05,7.466997474696019e-05,2.8797578071449377e-05,5.991727130811289e-05
ygiQ,ygiQ,0.0005761757557706836,882,0.0001442597249226244,0.00016852357821318034,6.824630465926845e-05,1.1047569403624538e-05,4.244835216912199e-05,1.9572350697446914e-05,2.1948451968894193e-05,1.4001105315793157e-05,4.532429360830322e-05,4.080402481242637e-05
xapR,xapR,0.0005755681801041915,883,0.00022865164681808538,4.439596524789399e-05,6.535570343960333e-05,7.875084591516715e-07,0.0001268937402938672,2.197266871060025e-05,2.708547491800666e-05,8.96444850381647e-06,1.5801299374628542e-05,3.565972433853796e-05
epd,epd,0.0005752195030899506,884,0.00019197374356487445,0.00013735970504419077,4.346050497232783e-06,1.4209689192188498e-05,6.893011284091954e-05,9.905015573636469e-05,2.2991944315288333e-06,4.54164613740872e-05,8.796107086384788e-06,2.838283322179083e-06
rpsQ,rpsQ,0.0005744770849534928,885,7.986436345207129e-05,1.5417052208805338e-05,3.928084218596209e-05,3.727277309915745e-06,8.294567943808109e-05,4.004241950758559e-05,3.8570691275084285e-05,0.00013980973766778869,6.801443644801471e-05,6.680458546018395e-05
yhdL,yhdL,0.0005737238667938947,886,9.712306688088393e-05,0.00011551648459883676,1.2208823020551659e-05,7.18997974705373e-05,1.942659844614246e-05,9.679446000622983e-06,4.2147450363323445e-05,7.103628128664978e-05,0.00012932039377916676,5.3655249471796215e-06
fecB,fecB,0.0005734742620316367,887,0.0001643852378806452,0.0001324617363740784,0.00010530334913888046,3.738308388724434e-06,3.5355991494096816e-05,3.698143266126572e-05,2.4982484620645645e-05,3.558350987720635e-05,2.4963893890193813e-05,9.718317705899777e-06
tbpA,tbpA,0.0005732413363859019,888,0.00014283747264573558,9.416064033322917e-05,0.00011283031178810732,1.8281298938682155e-05,6.268209141861795e-06,4.898647801150114e-05,4.137865509886213e-05,6.667128425561731e-05,9.9175819327024e-06,3.190940423960296e-05
yiiD,yiiD,0.0005719910134537736,889,3.4284300078876914e-05,6.853225791399019e-05,0.00011481771115505827,6.341220820408004e-05,0.0001721387567936368,8.22816750766075e-06,2.8235652673543578e-05,4.379603179230499e-06,6.3999231641808145e-06,7.156243278351568e-05
sdaA,sdaA,0.0005718732882857591,890,0.00016420959687862247,2.2266195325999705e-05,3.80191857446621e-05,0.00012175399943203821,5.4929228106963496e-05,6.113319198678422e-05,2.2276717451848774e-06,5.815357839255456e-05,8.946824974007792e-06,4.023381569894177e-05
ygeD,ygeD,0.0005717572828886351,891,0.0002959891928726122,9.035063014508848e-05,4.233601178983983e-05,1.7435866013023095e-05,1.6968292495439277e-05,3.3648684392320702e-06,2.8476189978995632e-05,4.022733169084033e-05,1.512921829087062e-05,2.1479681172693387e-05
ydhX,ydhX,0.0005714228948235815,892,0.000245774622429506,2.627833071898264e-05,1.7042069972560166e-06,1.0386645897425625e-05,8.750050672025529e-05,4.739163171417528e-05,2.9187235904592996e-05,1.9512453147869586e-05,2.1372072249146195e-05,8.23151890443719e-05
galU,galU,0.0005706345727083595,893,8.000986916396492e-05,3.552680595920702e-07,0.0001794302632387126,7.4936575768953276e-06,0.00010042252589763335,4.95740370587916e-05,2.1789767545609438e-05,3.7235116819833184e-05,4.399794235178852e-05,5.032612499553836e-05
wcaF,wcaF,0.000570070081628823,894,0.00024145776768175903,0.00014560277041756424,2.0495618545160684e-05,1.5970598844097477e-05,1.9391939615601326e-05,6.170803270492578e-06,3.112880032345423e-05,2.2547663665748946e-05,3.084568266248624e-05,3.645843660245837e-05
ydeP,ydeP,0.0005696708315209523,895,0.00014593524739916214,5.704028425484318e-05,1.6201909691557542e-05,2.655329633022725e-06,6.700281883198215e-05,3.0846928018371285e-05,1.6192343968172948e-05,6.174732253274243e-05,4.588525249600815e-05,0.00012616339469508965
yjcQ,yjcQ,0.000568392821500886,896,0.00022796787930135304,0.0001842911117457826,2.38691616049139e-05,1.889816324589651e-07,2.769538802680758e-06,4.562669201709906e-05,2.562855079408339e-05,4.550723931185317e-05,6.987374849228002e-06,5.5562914414331365e-06
fbp,fbp,0.0005683618773592374,897,4.3158569595521434e-05,0.0001837277069685017,3.2459567130967794e-05,1.6284513337919927e-05,3.3601302783095063e-05,8.384465780818701e-05,1.922948562151258e-05,5.6174237242667854e-05,3.4548620884874643e-05,6.533321598598937e-05
yddL,yddL,0.0005682769188633146,898,0.00032477526471725736,9.694054754670188e-05,2.4962689052544504e-05,7.44330443838565e-06,3.875883925121679e-05,2.039816680964295e-05,1.0184662231108905e-05,1.2742163677486042e-05,8.998733686417195e-06,2.3072547452553375e-05
fliA,fliA,0.0005679125105248884,899,0.00014788380837668557,0.00023723918471627416,4.184004897073661e-05,4.5178943620261273e-07,7.874182812330864e-06,5.6659126598637275e-05,2.9963604107545276e-05,1.1255937725703023e-05,2.9099614495196013e-05,5.645213285576948e-06
yhfX,yhfX,0.0005673221936371266,900,9.289992840971742e-05,0.00015537740277350257,5.359618263595257e-05,4.514231794657549e-06,4.2213574153306825e-05,9.231517738253048e-05,2.575571235896586e-05,2.700319629268289e-05,1.6146661245279944e-05,5.750012659053048e-05
dnaT,dnaT,0.0005672650270031979,901,0.00023614563128014694,8.233850141740708e-05,5.225156202688128e-05,1.2077051553421052e-05,6.298604628723893e-05,2.3537632926463944e-05,7.492207048639161e-07,3.700092845295596e-05,2.8088869749011123e-05,3.208958260480771e-05
yaaW,yaaW,0.0005667921779478141,902,0.00011998452553740437,0.0001636663974888744,2.934352314415181e-06,3.106224879175456e-05,2.374188838933705e-05,2.3346664308053106e-05,8.668506246166402e-05,8.623919233675435e-05,1.2629370973479668e-05,1.650247534607746e-05
xerD,xerD,0.0005666281094263892,903,9.497327251409926e-05,0.00021439277797707162,7.159120789484893e-06,3.130588880136999e-05,4.816268936311938e-05,2.1608247885894195e-05,1.1624996901150974e-05,2.26325238136271e-05,3.081521206106082e-05,8.395337931951087e-05
ychF,ychF,0.000566561217251656,904,0.00010342187925511369,6.266684663037135e-05,3.8806351199077545e-05,2.5159117011823632e-05,9.143917108232942e-05,6.521827748354403e-05,4.564396362558114e-05,1.557371715455383e-05,3.765079123175959e-05,8.098110257750181e-05
cydD,cydD,0.0005665090154963128,905,0.00024010225221106747,2.9881522319919765e-05,3.650066631054382e-05,1.3997667489009455e-05,4.5253600770749793e-05,7.787504729917523e-05,2.3203162505474996e-05,3.1460871873544275e-05,5.1230770379420605e-05,1.7003454337407258e-05
ndk,ndk,0.0005658651618738155,906,7.578548756849233e-05,7.413818676971462e-05,3.9820372944394976e-06,2.0052888078585297e-05,8.921404643628668e-05,4.808142349290963e-05,9.913129427942304e-05,7.484724645671492e-05,2.4223878424018903e-05,5.640867307323056e-05
argT,argT,0.0005656998531905098,907,0.0002401817710780195,3.069994857148453e-05,7.456411654310213e-05,2.2291892315975538e-05,5.320241411883012e-05,7.757306605792313e-06,1.1688219647305536e-05,3.6812607212205924e-05,1.5896445351698416e-05,7.260513174609586e-05
ydiB,ydiB,0.0005655268007483849,908,4.7232728511879373e-05,0.00011256796739544613,0.00012374488754369022,3.6795784909558846e-05,0.00010995883104772653,3.055093232444609e-05,3.246926302560221e-05,1.0593366264435629e-05,5.343261333724635e-05,8.180426388353707e-06
eptA,eptA,0.0005652274813318286,909,0.00014851782014361513,0.00014354272438284912,7.035912801053889e-05,4.5331760968045017e-05,5.2937905931586867e-05,2.0661813195747124e-05,2.897353677199635e-06,5.836841120255214e-05,1.8437609907456997e-05,4.172953912237805e-06
nudJ,nudJ,0.0005644860870817309,910,0.0001837428276014402,1.7721506343697e-05,0.00012847290245550973,3.899385746866708e-05,7.491897773843042e-05,3.25426394679651e-05,6.091622194749687e-06,8.582592297339933e-07,4.469707274379702e-05,3.6446421837740726e-05
gltI,gltI,0.0005639519880907722,911,0.00020254990570983425,0.00014379250324131384,5.670506967513342e-05,1.6601120343363286e-06,1.408526000031129e-05,3.603124938406939e-05,8.578380559734536e-06,6.018883768822101e-05,2.3575119576696553e-06,3.800315784014846e-05
panC,panC,0.000563802345677462,912,0.00020566047411811327,0.00013287861706965046,6.498897251924723e-05,1.1586476235780867e-06,2.4161312470802066e-05,9.866778782215054e-05,1.8532231850428e-05,5.489391554655169e-06,3.5426763003418896e-06,8.722234348495163e-06
yeaQ,yeaQ,0.0005629465246043391,913,4.664039075857444e-05,9.5889077454422e-05,7.097911358743136e-05,9.520314258992342e-05,4.243040041586372e-05,2.313540019669865e-05,1.5227314510609274e-05,4.6713297452204406e-05,4.867980247459147e-05,7.804858516402028e-05
wbbI,wbbI,0.0005622638837153738,914,0.00017049539149960089,0.00010327569176745468,1.1830463580072594e-05,1.0716215589876198e-05,4.465891603258802e-05,7.214904403434491e-05,6.013180354662102e-05,1.0111984855728581e-05,4.1976545496486976e-05,3.691782731259982e-05
poxB,poxB,0.0005622099762741197,915,0.00019492234371030906,0.0001059680996675234,4.204351043817937e-05,2.0068864716284947e-05,3.116165712162501e-05,4.827146084870147e-06,2.2973503587875117e-05,5.612199498791893e-05,4.4340036778902744e-05,3.9782819180631016e-05
coaE,coaE,0.0005615714279993458,916,2.4569223727590647e-06,0.00012881055146498436,6.0973821347874805e-05,3.3584091964818535e-05,1.9468619766213638e-05,0.0001366904397842104,2.869784954912144e-05,7.273521716823432e-05,7.398764119036356e-06,7.075515046209295e-05
sgcC,sgcC,0.000561384714221045,917,0.00012091890947489535,0.0001669761872196959,6.725734694338075e-05,3.32674530391876e-05,3.170134768829979e-06,7.632967600036215e-06,2.6768903540739005e-05,4.4160074138695004e-05,7.987403567015699e-05,1.1358701825428133e-05
yfdS,yfdS,0.0005613818474268871,918,4.5556252325304126e-05,7.877985299729949e-05,0.00021326772709267855,9.939601554341412e-06,2.979108853383677e-05,6.0997836134621487e-05,3.4737624057456674e-05,5.851314042972688e-06,4.7251428785369704e-05,3.520912190300627e-05
ycgV,ycgV,0.0005608437332420815,919,0.0001308164094524487,5.862838218845908e-05,7.262851187184193e-05,0.00012367235049338065,5.311612739244621e-05,5.132052877640636e-05,1.866397055441683e-05,2.0757161325217556e-05,8.051703440278205e-06,2.318858774718604e-05
hybB,hybB,0.0005603885482652895,920,9.134669167515984e-05,9.581153685353237e-05,0.00012330376813821507,1.4386463449003853e-06,5.5633138805426755e-05,2.0625458571714018e-05,1.644379071894998e-06,7.622875780581863e-05,2.156559199567677e-05,7.279057900295066e-05
yhjB,yhjB,0.0005599694449024032,921,0.00015168602317168332,0.00012606427903595342,3.903908453690016e-05,4.153651473789316e-06,3.635735659197011e-05,3.9992543096013066e-05,3.2879300761648954e-06,8.558427120879614e-05,2.0890263490866527e-05,5.291404222026628e-05
yehB,yehB,0.0005590819875105091,922,0.00024999072569416016,0.0001079221545874129,2.878357934785419e-05,1.2408581812960945e-05,6.129880128126781e-05,8.486948847654254e-06,6.825524776864122e-06,3.953668273426821e-06,4.1670943684741616e-05,3.7741059204166265e-05
rna,rna,0.000558937224478679,923,3.496248621076582e-05,6.636498828697118e-05,8.176893158295242e-05,1.5664719886615655e-05,0.0001910325121756717,6.519798155859741e-05,1.5067724585808317e-05,4.992958819105985e-05,2.497618909956699e-06,3.645067309028005e-05
chbB,chbB,0.0005585145650172216,924,0.00018501377864898883,0.00012142534872864149,4.166949692873021e-05,1.796056907420992e-05,2.4012862263324703e-05,1.9747034613310023e-05,5.872049204544778e-05,4.992222581337439e-05,3.438269123522216e-05,5.66006566597203e-06
metI,metI,0.0005584229400669807,925,7.301516400558473e-05,0.0001492067144913301,6.077863456523176e-05,5.744484867936959e-06,8.302461145057807e-05,6.210533092827318e-05,6.944968644228579e-05,1.0509602632898254e-06,3.9528199919038374e-05,1.4519153133431866e-05
aaeB,aaeB,0.0005578438989502648,926,0.00018295661270602775,5.535566351124874e-05,2.6412184109643608e-05,2.3321993182840267e-05,5.91447317400986e-05,0.00011383413672182949,1.2542536141855798e-05,3.827072445248326e-05,1.562261364922655e-05,3.038270273501083e-05
mak,mak,0.000557161726156667,927,7.58982506677117e-05,6.698408749188094e-05,3.497538698478404e-05,2.1778335566536886e-05,5.6326297676313634e-05,1.229886809595578e-05,5.5207773485963486e-05,6.113438645792807e-05,9.028787321725967e-05,8.227046651233288e-05
fadK,fadK,0.0005570566834553121,928,7.949200994895784e-05,3.21455354442841e-05,0.00018035163686738203,5.682520003888809e-05,8.435118140717856e-05,2.2430350307970446e-06,4.155834903095911e-05,7.307367663306274e-06,2.0316095411927843e-05,5.2466272611631215e-05
fliZ,fliZ,0.0005564746653284632,929,0.00016266593827114385,0.0001872112727626048,2.0061730906987308e-05,3.787246097472766e-07,3.5724795608033155e-05,5.207301750186893e-05,1.7513619261819134e-05,3.419277017047552e-05,7.494425257377479e-07,4.590335371004545e-05
dkgA,dkgA,0.0005560672180778971,930,0.00010621044998674661,1.5788752017063952e-06,3.793843167564477e-05,5.883884176845262e-06,7.068640169744056e-05,2.1653423030767413e-05,5.736018535583561e-05,7.434659716461822e-05,7.776049297491453e-05,0.00010264847681337781
yjhR,yjhR,0.0005559659314996542,931,3.128778274369218e-06,0.00010010246215451099,4.547035391474306e-05,1.4442801054537249e-05,4.044437436288741e-05,8.998893788439923e-05,1.4070859704204972e-05,7.456612187509715e-05,8.648055602691488e-05,8.727068624799003e-05
nlpI,nlpI,0.0005554079325170238,932,0.0002134517566315972,5.86078272974026e-05,9.483256470316818e-06,2.7460240480074328e-06,4.4599407522195396e-05,5.257230443037223e-06,1.606123271957125e-05,3.193838585967207e-05,0.00014173351159987805,3.1529299925345806e-05
nfrA,nfrA,0.0005549756275096409,933,0.00020222706158746706,0.00010932190627125248,2.788882994795252e-05,3.8104826809801836e-06,6.3202075714536e-06,0.00011836635452517187,5.648208232051124e-06,3.599062322300432e-06,3.5135277377980835e-05,4.2658236993030774e-05
cobT,cobT,0.0005540181601270891,934,0.00014608223142644573,6.952594140680888e-05,3.445531180684377e-05,6.387227045202612e-06,3.1743229105400596e-05,1.8420176946523612e-05,6.624534574695942e-05,3.5392697769899866e-05,4.559813494482563e-05,0.00010016786392817895
ybhD,ybhD,0.0005540010459687589,935,0.00027378876737796994,4.485279191757144e-05,2.1532522388099584e-05,9.376544420879558e-06,3.253791495802071e-05,9.80682077782001e-06,5.800187263631832e-05,2.3839175183654356e-05,5.6131299040808285e-05,2.413333726761674e-05
glnD,glnD,0.0005538662161937979,936,0.00014935773525171222,5.05003950102644e-05,4.368827061730074e-05,1.3819733867054493e-05,6.964746556721308e-05,1.1577111514003817e-05,4.2234688788783106e-05,8.805680551256972e-05,7.703506649089109e-07,8.421365939998736e-05
zntR,zntR,0.000553194647718429,937,9.495438551855195e-05,6.791388690054546e-05,5.655079750914076e-06,5.718913643862912e-06,2.315723758625259e-05,2.1096848864000914e-05,8.163339333844508e-05,0.00010964624227499531,0.00011121385571406541,3.220480412679527e-05
dkgB,dkgB,0.0005528546246506104,938,1.8269164995877388e-05,1.7938515823825944e-05,2.0062940290657713e-06,7.97596660640025e-06,6.675921605314074e-05,3.335367549776482e-05,0.00012006328032306576,8.374617332471444e-05,4.3208236349547827e-05,0.00015953410164720746
lysP,lysP,0.0005523012834418287,939,0.00023326658941525376,0.00010267371344019371,3.1137991220254755e-06,2.6820214422874127e-05,2.9943652412965545e-05,2.5558685791250405e-05,6.166153309366137e-05,1.6872036792946269e-06,1.7755095231377605e-05,4.982079683293205e-05
pgi,pgi,0.0005517389918886263,940,1.405308284199063e-05,0.0001687248238942943,2.350847834877217e-05,1.4499038297957143e-05,4.5559945556408225e-05,0.00014043667165399845,4.2545277372266756e-05,2.668408835854684e-05,1.8513083865765617e-05,5.7214501698626244e-05
rpoD,rpoD,0.0005517160285138153,941,0.00018479662080502721,1.1355500074105803e-05,1.4534253019106784e-05,2.1116179829757025e-05,5.599777808772135e-05,1.4755749017273945e-05,3.213937073246668e-05,8.743692446928795e-05,8.766106030722083e-05,4.1922592171847754e-05
pspC,pspC,0.0005516916057916885,942,0.00022289930733514286,9.942390408759368e-06,4.7098813173268585e-05,4.367097894297405e-06,6.122979894064935e-05,2.5321248102186084e-05,3.0758426638023113e-05,4.229988484199308e-05,5.752481384572745e-05,5.024982461164116e-05
ybbO,ybbO,0.0005516191626238514,943,0.0002644491727526052,3.2135758286118903e-05,9.165617433451668e-05,6.36174468818274e-06,5.817403691392601e-06,2.2230826644388787e-05,2.6544185690064377e-05,3.684895589280633e-05,2.1756652259114714e-05,4.3818288384661006e-05
yfp_AR,AR,0.0005512988688798382,944,0.00024327515047768792,1.3724016297543602e-05,3.902301674027268e-05,1.3551192241586104e-05,6.0667625455888e-05,7.640803537226648e-06,1.0160440893165985e-06,5.932471103343436e-05,7.218162939281597e-05,4.0894679614066194e-05
sapF,sapF,0.0005508785051558474,945,0.00017851936085321865,4.619255984571385e-05,5.3328053051700885e-05,1.091957502599909e-05,7.210703215004575e-05,7.458921999958365e-05,2.211349788824121e-06,3.816855932829612e-05,5.430341909606142e-05,2.0539376016403772e-05
xdhB,xdhB,0.0005504789442507279,946,0.00011706469623699804,2.3559190528367086e-05,0.00013784710184318582,1.7380295014665633e-05,0.00011375871499419206,3.6625201289099764e-05,3.9777223696155304e-05,2.7316191844421744e-05,2.5948956448655806e-05,1.1201372354986766e-05
rhtB,rhtB,0.0005503928138331052,947,0.00026012774521258866,0.00010199521783784293,3.856026421484974e-06,2.821482218310279e-07,4.338631175310601e-05,7.791279846341222e-05,1.7923344528406822e-05,5.94668803515055e-06,2.9366594987003286e-05,9.595938372278785e-06
napF,napF,0.000550294429236588,948,0.0001964133967763956,0.0001468126390474496,4.597075921891406e-05,2.3894457946540406e-06,2.8356363942873652e-05,3.943696419640127e-05,3.709950213951978e-05,9.459600757017374e-06,1.6186038773925633e-05,2.8169718589436914e-05
ypdD,ypdD,0.0005499984201998595,949,0.0002703415722458125,4.272779414131587e-05,5.163295555934572e-05,5.500780721155971e-06,2.792851247604918e-05,6.377647169596639e-05,3.656011407484563e-05,2.4105758267209846e-05,1.80083507636466e-05,9.416110254511981e-06
hycB,hycB,0.0005496869217098914,950,0.000258872388534517,2.2224748453029963e-05,2.595864335664939e-05,1.9701507717230207e-05,3.7931942701577776e-05,3.132603566886166e-05,1.1101995930268244e-05,5.291937525021643e-05,3.688818484409848e-05,5.2762099253442285e-05
ydbK,ydbK,0.0005495368374070948,951,0.0002250009585741914,1.604334430197117e-06,9.177120870270276e-05,4.138802153501479e-06,8.916382023631718e-05,1.7217471936920388e-05,2.5946494031964194e-05,1.5161326689852e-05,4.3034272442631316e-05,3.649814820881687e-05
yabP,yabP,0.0005492308668026691,952,0.00010897587742282761,9.899074357505625e-05,8.000617695885369e-05,1.2262654126246567e-05,0.00013229148081040886,3.659888568598048e-05,1.6755232207808355e-05,4.660396747450044e-06,5.3504242044846576e-05,5.185177223190527e-06
cheZ,cheZ,0.0005484070664835672,953,0.00029903549976884503,2.8943131287751237e-05,5.366606848822598e-07,1.7076910673389902e-05,4.4373942884391085e-05,4.3211180615798424e-05,7.203410242653597e-07,2.078834340205651e-05,2.5617221605745583e-05,6.810383453644175e-05
metF,metF,0.0005482471328369694,954,6.0483376176980574e-05,2.6558085431222564e-05,5.097563964837934e-05,2.9049160071773642e-05,3.666093590350752e-05,7.390351359198634e-05,8.550590186797765e-05,1.012085044606077e-05,0.0001101574767652271,6.483219293385382e-05
gltX,gltX,0.0005474215967151794,955,0.0002077240400701673,0.00013885916339884252,7.032655630973679e-05,2.685126024452551e-05,2.2470870581071043e-05,1.5948233920156706e-05,2.546791274973035e-07,1.9748893258147332e-05,1.8219444115349896e-05,2.701845568968502e-05
yqjG,yqjG,0.0005474164141982564,956,0.00016221295818348678,3.1601575034051646e-06,5.1391086481443205e-05,2.0404566171922665e-05,6.99707422509089e-05,3.8962284024482384e-05,4.896761555373732e-05,9.861815386430529e-06,7.554825418787258e-05,6.69369344545669e-05
sufS,sufS,0.0005473901642727305,957,0.0002927985352589882,3.370639593410386e-05,4.142251602669565e-05,6.904656313557633e-06,5.886162982499678e-05,2.3520667311872815e-06,6.415677600288366e-05,5.425449804627117e-06,3.4281617041336035e-05,7.480521334354273e-06
malG,malG,0.0005469597751970797,958,5.641655212746788e-05,0.00011570087911125799,9.137892284192856e-05,4.304196031964408e-05,5.1034524582514654e-05,4.339410229385742e-05,3.2445233017367715e-05,7.629979604972822e-05,2.652707561212417e-05,1.072072924118899e-05
ydfU,ydfU,0.0005459454233009406,959,0.0002110036828914814,1.4596497059893342e-05,6.170872440553675e-05,4.632445783018592e-06,1.385673692770104e-05,5.182423786558101e-05,4.184131640693662e-05,2.843914559208205e-05,1.719400401313191e-05,0.00010084863235557786
mdoD,mdoD,0.0005458206388670933,960,9.374774312398444e-05,1.6357652809342864e-05,2.5208902638676748e-05,2.8510863024477643e-05,2.7398553977119944e-06,4.655276177857637e-05,2.8502165051663084e-05,0.00010979602685358667,0.00013095314418067332,6.345152400840019e-05
mltD,mltD,0.0005444371191598995,961,0.0001921028767219806,2.6089679746498083e-05,3.937748693773444e-05,1.7446386371578312e-05,0.00010147058784243398,1.9940120786403078e-05,4.072443689441252e-05,3.407210995815733e-05,6.85794993979931e-05,4.6339345027081846e-06
lysU,lysU,0.0005441329367925432,962,0.00020101005832065308,0.00012788914402238414,3.497508325087508e-05,2.099097996159535e-05,3.685994910819114e-06,2.4375868567205758e-05,3.536247835154252e-06,4.656625439815013e-05,4.663088191460423e-05,3.4472423611102086e-05
cysA,cysA,0.0005435714629700842,963,0.0002913798579836095,0.00011664085370863495,5.7767216823728864e-05,2.287508505352765e-06,1.4153033767124506e-06,1.4345593907966622e-05,4.7737216141662094e-06,2.9524814313875015e-05,4.248417112620134e-07,2.5011751024775828e-05
ybgP,ybgP,0.0005432226274701179,964,0.00015625941455741388,0.00013061493229401082,4.342492880201284e-05,3.102188848508123e-05,2.1830448998553706e-05,6.929801636297512e-05,1.9056587260073255e-05,5.964432351205396e-05,1.0043581070866974e-05,2.0285061270761017e-06
yfiR,yfiR,0.0005425824983795627,965,4.232921411746659e-05,8.44348763250772e-05,0.000138552273804258,3.008851630264643e-05,0.0001329384012101007,1.7211830078264955e-05,2.4143644152310294e-05,2.364123951567319e-05,4.6134144642097476e-05,3.1083582316678435e-06
malT,malT,0.0005424979040859997,966,6.960639421873156e-06,0.00012728238277888706,0.00010661225552619274,1.811680455495754e-05,0.00013121566650658897,1.1501855555283993e-05,1.541349399358897e-05,5.4015274424038375e-05,2.1981204520522244e-05,4.9398326804066776e-05
ypjA,ypjA,0.000542269357702316,967,0.00024446101642365976,0.00010400462245821644,3.676692664415723e-05,5.061449038024696e-06,4.534081017049215e-07,2.7863013480786414e-05,1.0360458756575894e-05,2.703879610973993e-05,2.0064136933071113e-05,6.61955297563796e-05
yegZ,yegZ,0.0005419496424851219,968,0.00024021192919282806,0.00012021173003666822,9.23851534412984e-06,5.667114782743396e-06,1.8691634064271164e-06,6.797867733648222e-05,9.202293671616182e-06,3.346192266522677e-05,1.3854301865938546e-05,4.02539941830615e-05
yegL,yegL,0.0005417281194495055,969,0.00017916905301113977,0.000105206882730035,7.988791373332504e-05,2.4471038728257428e-05,1.980582940374374e-05,3.291570932900474e-05,4.98739845594254e-06,6.1422159708799e-06,5.197983731753119e-05,3.716224076964622e-05
rhsC,rhsC,0.0005416892448996126,970,7.735160892533778e-05,0.00016046237935084292,9.10529365129492e-05,3.0928167140753514e-05,0.0001247744919473494,7.439205793687338e-07,1.4834480453209771e-05,3.275536603852593e-05,3.699900541737811e-06,5.085993409537526e-06
eutH,eutH,0.0005408203220326167,971,0.0001327335009865739,0.00010923944692769566,3.23668198817187e-05,1.9720346343746304e-06,7.144146852924694e-05,4.01688758014307e-05,3.51754265910711e-05,2.309464558718715e-05,3.0829607094364545e-05,6.379849599895349e-05
nudB,nudB,0.0005408199674970783,972,6.92306675955461e-05,6.515008494588467e-05,4.144964455900507e-05,5.1620746566793944e-05,9.366238078188543e-05,6.78659685755888e-05,4.160924449614711e-05,1.2076213428290074e-05,2.9006971148332802e-05,6.914804539960429e-05
ydeN,ydeN,0.0005401389393323465,973,0.00026286337171079854,4.77418912209922e-05,5.853197645938356e-05,3.410861261290176e-06,1.181456230392702e-05,2.6430597867160848e-05,6.440502706638238e-05,9.843920793521673e-06,1.681785320279689e-05,3.8278877446093155e-05
menB,menB,0.0005399419921950381,974,0.0002884676796936938,7.498426622544125e-06,9.056697812842475e-05,8.29387836339245e-06,1.5000959955643212e-05,3.0797867575467444e-05,3.5593904219208504e-05,1.9800840502629384e-06,4.31183501700994e-05,1.862386341630136e-05
yggE,yggE,0.0005397995184517365,975,0.0001726923692999791,6.573998384780801e-05,3.3780583042687066e-05,3.87650550849828e-05,7.645655157048774e-05,4.565994295296086e-06,1.721838840713554e-06,1.478635838479624e-06,7.710580434726989e-05,6.749270228403256e-05
gadW,gadW,0.0005397210490911604,976,0.0001955747095885576,0.000154199566110976,3.8982494687249464e-05,1.916405112104578e-05,1.0647190041322109e-05,5.188837882875103e-05,5.193790293849827e-07,1.1829537124764484e-05,1.647979198350279e-05,4.043595057560635e-05
cpxR,cpxR,0.0005387017704238742,977,0.00021363878793637897,0.0001042474386008582,1.5897154997949534e-05,2.4545717310994033e-05,2.877079438677267e-05,3.3098884394832874e-05,1.0659972097787e-05,3.0406674755092315e-05,7.71159303947077e-05,3.204155485008263e-07
yagS,yagS,0.00053853634441,978,5.713522232617512e-05,6.421982225435596e-05,0.00018071294345891806,1.639948446160711e-05,7.217735755617915e-05,8.913136096040829e-06,4.9720533786982475e-05,5.602838163378837e-06,1.05794143681288e-05,7.307559193823366e-05
envY,envY,0.0005374551073478919,979,0.00011321800649900535,5.964610596561903e-05,3.468690507470119e-05,7.425004234155843e-05,6.02355068935885e-05,8.149835334359474e-05,2.7995262955392282e-05,8.715630371634117e-06,6.48955053365139e-05,1.2313788566284349e-05
yfaP,yfaP,0.0005374218246937704,980,0.00020689709189602765,8.023868734881376e-05,1.6296535923159226e-06,4.4554143407125734e-05,9.238956081532201e-05,6.7692417528697395e-06,1.7849901271478813e-05,3.501792393600834e-05,2.6715630542977563e-05,2.5359990130830924e-05
nrdE,nrdE,0.0005371454940991659,981,0.00022977042092710935,1.6726608768042865e-05,4.085777306031779e-05,1.0122784551721668e-05,4.1366221501450906e-05,3.054083083639545e-05,3.263945130412799e-05,1.262112454688603e-05,0.00012220923918395248,2.9103941916143993e-07
yqcA,yqcA,0.0005368726197293891,982,0.00018667325967196922,5.941318170608998e-06,4.440730266237685e-05,6.367907918418021e-05,0.00011823815548364785,6.3323392642274974e-06,3.7786823469151876e-05,8.994335302422736e-06,9.858998391317407e-06,5.496100812948656e-05
yobG,yobG,0.0005368666355594399,983,0.0002672125779076124,1.8434857836624492e-05,4.087206278583968e-05,1.8478616797802925e-05,4.7731204151628004e-05,2.3518825273117796e-05,1.8809102233711692e-05,5.338176399247369e-06,6.12821441289531e-05,3.518906804490246e-05
otsB,otsB,0.0005368069822317777,984,7.912012700581216e-05,8.103036264250904e-05,3.7469286719640804e-05,6.536031667479782e-06,1.8740168521529419e-06,6.0224558740376115e-05,4.842237880321984e-05,3.817979831912949e-05,7.289608457832679e-05,0.0001110543369031307
ybhI,ybhI,0.0005365508455098324,985,9.758457542923009e-06,0.00010484453880021732,0.00011859898810619161,1.8742711489968407e-05,0.0001916773000780469,1.3836147725360349e-05,3.510412291330446e-05,2.9900391777123313e-06,1.808137757967506e-05,2.2917162096432957e-05
yaeH,yaeH,0.0005364681462211602,986,8.224907804737618e-05,0.00016115800628511731,4.7661184063466e-05,8.839539311228498e-06,5.3145030093113914e-05,4.244073325217222e-05,2.7243858424589726e-05,3.037935969266853e-05,4.95044140529878e-05,3.384694299844002e-05
alsK,alsK,0.0005364503793645552,987,3.8037977598787615e-05,0.00010146936237984965,5.570315171004848e-05,1.7383618721883724e-05,6.636591831028416e-05,5.7812098175944135e-05,1.4318781833148474e-05,5.307313352363108e-05,8.103038082381136e-05,5.125595628716659e-05
nuoA,nuoA,0.0005362717762360061,988,0.0001229559507449344,6.163595799712571e-05,5.006648353340211e-05,3.786617046875556e-05,1.8006582477088142e-05,6.991223242929494e-05,3.526142246670309e-05,6.498773168640198e-05,4.956235095969225e-05,2.601689347260801e-05
hokC,hokC,0.0005362039089559274,989,9.052842486476418e-05,5.492173811089798e-05,8.718657397524784e-05,3.885301875666841e-06,0.00017527178967144337,2.4538896439272095e-05,2.401143698412595e-05,4.198005569932542e-05,2.1191051439627034e-05,1.2688639895556587e-05
ybgA,ybgA,0.0005357852401330176,990,6.490513156910423e-05,5.637066065466601e-05,3.45532849503375e-05,4.945744316283154e-05,1.1958525261602476e-05,1.8507870270850542e-05,1.8438253211875816e-05,0.0001563869669340294,8.973670614804574e-05,3.547039796967435e-05
ygbI,ygbI,0.0005354306738248965,991,0.00018408344144388395,5.828229692544506e-05,1.0293887267214657e-05,2.409378310976467e-05,4.823768759437862e-05,3.273311105966509e-05,4.1052543427501694e-05,5.011652417635562e-06,5.309721661842023e-05,7.854505396098686e-05
nadA,nadA,0.0005352597970582453,992,1.7873042542841367e-05,9.27207068376524e-05,0.00016544717396568806,1.833535438495581e-05,8.232950623335923e-07,3.968306778414852e-05,2.3974661791477418e-05,7.247859902229717e-05,8.693967928152903e-05,1.6984216385321952e-05
uidB,uidB,0.0005351739492173187,993,0.0003255756895243136,4.635717169751635e-05,2.9349775452418894e-05,2.1222080530030992e-05,1.6210137895211365e-05,6.224115267179297e-06,1.8898008065599642e-05,2.8189790250737936e-06,1.7763234621589187e-06,6.674166829781581e-05
folK,folK,0.0005350971769161945,994,0.00020236429561381532,6.0115443828349536e-05,2.9929485250330177e-05,1.0364638524151197e-05,3.5697039166598656e-05,1.966848286602711e-05,4.849334175027492e-05,4.928216683246646e-05,5.5832846359934085e-05,2.334943672424693e-05
yedI,yedI,0.000535079798183717,995,0.00018413508159834707,9.689243146028644e-05,2.1789301361400096e-05,1.6771466512848406e-06,1.0631467852866937e-05,3.106806472259478e-06,7.481314468182525e-05,8.14735765190085e-05,1.4143608733761518e-05,4.64172328526769e-05
nudH,nudH,0.0005349715380329001,996,0.00014839683091904596,0.00014812794210994899,2.3763123833987975e-05,2.274919061173824e-05,3.1753702501876975e-05,8.92642043113126e-06,3.6037506481207845e-05,1.709694438890053e-05,5.319280348819721e-05,4.49270732668652e-05
yniB,yniB,0.0005349078489495753,997,2.0850364976894175e-05,0.00010718678237028534,9.21182605075334e-05,1.0459671830864758e-05,8.096975878000183e-05,4.317263124983892e-05,2.5571640458357484e-05,5.3914097083997755e-05,5.4384618286281236e-05,4.628002340552032e-05
asnB,asnB,0.0005347639980356506,998,0.00015013172527506441,8.762471621386667e-05,2.1640620815181295e-05,9.63408214247008e-06,6.427537607002461e-05,5.479399798912118e-05,2.4668396160865558e-05,4.9284282875484576e-05,4.529798722059873e-05,2.741281327297363e-05
yebC,yebC,0.0005342253792187724,999,0.00015131165789516,8.695543117164778e-05,9.848611178499671e-05,2.1763364150994094e-06,6.35253507803994e-05,3.011285542355305e-05,2.62910805796244e-05,2.1197233232525317e-05,2.8600661286079475e-05,2.5568660649686826e-05
ttk,ttk,0.0005335581594920224,1000,8.330446853614269e-05,0.0001296204566688664,9.314663925381745e-05,1.0689954764577687e-05,0.00010169067694042641,1.7052855492550554e-05,1.694881502923314e-05,2.5529331304151345e-05,5.03431036065818e-05,5.231857895674978e-06
proV,proV,0.0005333722727054821,1001,1.1637276517517724e-05,2.634551415265299e-05,0.00015543899072485685,1.6998395956750217e-06,1.5071275712108548e-05,4.515388749568036e-05,6.796952908937389e-05,0.0001109906357936688,6.321735552481097e-05,3.584796809913699e-05
nadC,nadC,0.0005332206712359999,1002,0.000140166925449738,1.0413521295707684e-05,2.995485099042079e-05,2.5694285355773887e-05,1.656623323140929e-05,4.108173730784699e-05,2.7277594115618064e-05,4.1403923771549154e-05,9.143430050131958e-05,0.00010922729921661651
ydhB,ydhB,0.0005329920676314275,1003,0.0001336241686254919,6.041550414733204e-05,4.102705708851062e-05,4.859993305864419e-05,9.3030595200798e-05,4.5184683448274726e-05,7.237768828934462e-06,6.365073272916005e-05,1.9037954600076548e-05,2.1183669904204897e-05
mscS,mscS,0.0005314472338066043,1004,0.00024488563633751564,5.570826578238982e-06,6.54734801269821e-06,2.9876884691767883e-06,2.1300627540961527e-05,7.520866140186375e-06,2.873591816524128e-05,7.499429520264707e-05,7.99924917643667e-05,5.89115355955716e-05
bglB,bglB,0.0005308863036476873,1005,0.00011493585127659001,0.00014640218112573405,2.920206564815694e-05,4.019314266353927e-05,4.1650056540643105e-06,7.295802674958048e-05,2.7038290458876566e-05,2.2445482410716747e-05,6.851135980122071e-05,5.034897859208182e-06
lsrD,lsrD,0.0005296625336230879,1006,0.00012368973266234964,0.00020102117971716854,6.196416776056913e-05,1.3112876503265886e-05,6.233868798730645e-05,1.8531058452331577e-05,3.1693022509988973e-06,1.8767332747252183e-06,1.7108068370050265e-05,2.6850726644322365e-05
uidC,uidC,0.0005295806341964633,1007,0.00025725568931212546,1.9181464530121998e-05,2.1469236452541172e-05,1.720210765424703e-05,4.2536125180763806e-05,8.874571877622609e-06,6.836520354213338e-05,1.7219930600385423e-05,3.4516992889031395e-05,4.295931215749107e-05
emtA,emtA,0.0005291867124832318,1008,4.174027173114259e-05,3.6020236314577604e-05,2.4809484640669e-05,2.0878969928821232e-05,7.521510590218801e-05,1.3939000813816765e-05,4.712239836359004e-05,3.795593838337372e-05,0.0001275714025296627,0.0001039339038753901
mtr,mtr,0.0005288671290697933,1009,0.00022232920949932208,8.952143249783442e-05,7.522022206958562e-05,1.0929808709481231e-05,1.5886667597416767e-05,2.496846755909562e-05,3.538747893810257e-05,2.8363585268539256e-05,2.1256985969059965e-05,5.003270961355774e-06
yphG,yphG,0.0005288379321757182,1010,0.00023037679325374442,3.495369760266948e-05,2.5890536826242663e-05,1.4839050688097531e-05,6.714024061852892e-05,8.05844814287203e-06,3.8266728036398e-05,2.926219443230482e-05,9.825673108234328e-06,7.022456946662597e-05
yncJ,yncJ,0.0005274386631768565,1011,0.00016924765461294482,2.180343631173469e-05,3.2430981627747186e-05,9.253914080491011e-06,0.00010253432817281469,5.346987121580296e-05,2.5223898810728944e-05,3.11823288791346e-06,4.698248048244749e-05,6.33738649742312e-05
pbpC,pbpC,0.0005269936959409663,1012,0.0002330576449667404,1.7901036927820766e-05,0.00012629523736400915,6.849406864011878e-06,1.4446539363477004e-05,6.049144569063274e-06,1.4200516587298225e-05,4.348982705254651e-05,3.2343569687708986e-05,3.236077255829004e-05
fldA,fldA,0.000526542201385432,1013,9.591751530421596e-05,0.00012853974812351463,9.017526994891367e-05,2.239500942406545e-05,1.1672697971924299e-05,6.307513313018647e-05,2.632260939050075e-05,1.950475236356016e-05,4.03357098525203e-05,2.8603755876030374e-05
sra,sra,0.000525973179075132,1014,0.00026767678996998564,9.514462041890121e-05,1.6262270806681178e-05,1.213852695487808e-05,2.6088447729785815e-06,7.873579883403664e-06,1.228727268219027e-05,4.826462378038677e-05,2.5713821762784525e-05,3.800282804294201e-05
aldA,aldA,0.0005254498545890146,1015,8.254504546354343e-05,0.00011977299582395714,5.496037761899758e-05,2.0620281403433147e-05,5.654822379039752e-06,5.527912934734099e-05,5.4205734129119454e-05,6.885159108741694e-05,3.3971731013495834e-05,2.9588146322670237e-05
pepQ,pepQ,0.0005254165097518027,1016,9.929968650278123e-05,2.1766899310738818e-05,5.142553274902098e-05,8.957992158500741e-06,5.7042336622195505e-05,1.3361779046310814e-05,8.01992284858366e-05,6.429705909440093e-05,0.00011593682297658649,1.3129172805430598e-05
ydcO,ydcO,0.0005248880017483815,1017,0.0002087054852940632,0.00011618158524470101,4.0102304002267034e-05,8.644580732688311e-06,4.362901153766738e-05,2.3342761805329297e-05,9.656388078521938e-06,3.570791288579651e-05,1.7833197395780484e-05,2.1084774771566368e-05
hns,hns,0.0005246360434224584,1018,0.00019000992395391199,5.977734485581788e-06,1.371845406770488e-05,3.9536283347398085e-05,1.7499593812542787e-05,6.7153167188910945e-06,3.791909507752349e-05,3.2381053024480627e-05,0.00011120683671352308,6.967175222090064e-05
rihB,rihB,0.0005245025497325335,1019,0.0003528646715484802,1.4958121555952768e-05,2.03478080085101e-05,2.5344691156366826e-05,2.250067760239414e-05,1.8637478464406144e-05,1.611567015197987e-05,8.622327656030581e-06,4.173495135865803e-05,3.37615222975489e-06
yebR,yebR,0.0005242255745372349,1020,6.326441020882849e-05,3.765768494497197e-05,5.894577042926753e-05,2.0579711991220915e-05,0.00012098823113944873,1.7640045070678168e-05,2.3037234275530683e-05,5.0560173052584114e-05,4.839809210194764e-05,8.315422132275661e-05
mpaA,mpaA,0.0005237783204449796,1021,6.594467603069341e-06,3.806275300892818e-05,9.290951725225265e-05,1.555424536089911e-05,0.00013068524095560889,6.167482959289127e-06,2.908638489013671e-05,7.673431943787523e-05,8.569199509531709e-05,4.2291913881603414e-05
ygbK,ygbK,0.0005237436573339184,1022,0.00010999711396611805,6.925477466697315e-05,6.563632954082626e-05,1.6595406104868266e-05,3.519451171712775e-05,5.4682718021285755e-05,1.612220062658235e-05,2.7241624406805096e-05,4.251469184081035e-05,8.650428644252135e-05
yfaV,yfaV,0.0005220737038861425,1023,0.00020367413466132011,6.394158332587147e-05,9.641044737078013e-06,1.2132793575497275e-05,8.884490252173112e-05,5.888511131024806e-05,1.9953608289183814e-05,1.1804059343955723e-06,3.769205439462082e-05,2.612806513619613e-05
dppF,dppF,0.000521852452385535,1024,0.00013249737013809224,0.00014333599481784732,5.31910783631601e-05,4.520574949635739e-06,1.05267499615195e-05,5.253891415088505e-05,1.3432643318627311e-05,3.339750203600253e-05,2.6704112553052585e-05,5.170751209671263e-05
yebY,yebY,0.0005217008745090027,1025,0.00021543179554770104,3.1472224009475343e-06,3.086198524036883e-05,2.854687653093917e-05,6.23568679652317e-05,5.8070612859987326e-05,4.282284886605597e-05,6.478486036283726e-05,4.499192169234467e-06,1.1178612565699352e-05
ygbN,ygbN,0.000521300456960286,1026,1.0362087975466013e-05,6.0278818621448347e-05,5.310311556974355e-05,3.830214179718878e-06,0.00019275561729236625,4.410771975283934e-05,8.194349673977166e-05,1.0051499428855701e-05,4.656898369412434e-05,1.829890370595195e-05
atoS,atoS,0.0005209361414416139,1027,0.0001388112331638013,6.527115627435035e-05,0.0001411015710342787,1.0552508171239607e-05,4.1908817214091556e-05,2.95996469011136e-05,2.5832802063726713e-05,2.357684547591606e-05,6.968599231223671e-06,3.731296191187227e-05
gltJ,gltJ,0.0005207732419570663,1028,0.00015861324830276658,6.58844670038113e-05,3.293702734635663e-05,7.771631364001953e-06,1.2400465910521714e-05,7.168847135880305e-05,8.589389009818002e-05,6.286116886147585e-05,7.479167930872866e-06,1.5243703780276317e-05
yaeF,yaeF,0.0005203010548492149,1029,0.0001253237616378032,0.00018265868939559626,5.1478421349836184e-05,3.361449377722117e-05,1.1568783078446485e-05,1.7937838641321347e-05,3.335386596950723e-05,2.6198153513496764e-07,5.867826420355796e-07,6.351643682231251e-05
yfbB,yfbB,0.0005199559307214453,1030,0.000146164049549962,0.00012178193965086443,4.350806988646291e-05,5.184822567755676e-06,1.437698289517022e-05,3.8448464608585344e-05,5.725326598120168e-05,3.610494373331934e-05,4.3418611356930687e-05,1.3714780491192993e-05
yidJ,yidJ,0.0005191964147157161,1031,5.260839007164797e-05,0.00015805281566560895,9.703247477207333e-06,2.9085587657068488e-05,4.284252040125132e-05,5.457042414721904e-05,5.283206763190186e-05,6.733712622966528e-05,1.1409390771492213e-05,4.075484466265372e-05
yciU,yciU,0.0005188960937520947,1032,0.0002880709704627093,0.00010617913869803059,7.845126552604413e-05,4.1675612842830965e-06,2.0083385137532913e-05,4.202113163658599e-06,1.0508675699844477e-05,6.672940060272753e-07,4.811824415380614e-06,1.7538653585835724e-06
argR,argR,0.0005187863237719602,1033,7.399210313226776e-05,4.4406440344578205e-05,0.0001206516433159956,3.80868053888967e-05,0.00012143230215398816,8.77260889531284e-06,1.4489926129821061e-05,2.033320160796851e-05,3.953529340487536e-05,3.7085999398255926e-05
hcaF,hcaF,0.0005185871216163583,1034,0.00016186131093362153,4.859241139622992e-05,0.00010791513470351726,5.4502146647077695e-06,6.884825718694886e-05,8.295870552188165e-06,2.3682877423543874e-05,3.415907362046808e-05,4.1943806501708456e-05,1.7838164633424394e-05
yadG,yadG,0.0005184729804794784,1035,5.139047902434634e-06,4.6497873531583126e-05,0.0001533197651927807,7.073233339006188e-06,8.567315000663652e-05,1.9364303210219237e-05,2.1232264921539458e-05,4.737590722998102e-05,0.00012305693161865244,9.740503526645021e-06
rrmJ,rrmJ,0.0005181280612807119,1036,0.0001691371942609737,1.3074729062072338e-05,1.1190164830839744e-05,1.2788277447570815e-05,3.800764462444884e-05,3.085621051388898e-05,4.4634098526455095e-05,5.518563416010832e-05,9.344342059605681e-05,4.98106872582972e-05
dnaE,dnaE,0.0005180666016700673,1037,2.6351375335707012e-05,7.748588416289045e-05,0.0002387986400292163,1.334338800955283e-05,4.773188632665506e-05,2.982276865898028e-05,1.7891270822230925e-05,2.2588790523958636e-05,3.054831521341399e-05,1.3504282587461811e-05
ybhR,ybhR,0.0005179752330987496,1038,0.000297610432991851,1.3011313636368532e-05,2.9805006000072774e-05,1.2782507933577452e-05,7.024157715855583e-05,1.8659809072051857e-05,2.638130238259344e-05,2.4341426319551153e-05,1.9763106059185492e-05,5.378751544942016e-06
rfaP,rfaP,0.0005178658065427783,1039,6.515647247584696e-05,0.00011344774351934028,7.88999335501503e-05,3.125224281813353e-05,9.847155757199349e-05,4.119008590617532e-05,4.659794424563847e-05,3.1408663453231774e-05,8.578480475363841e-06,2.8626825269041192e-06
ydaC,ydaC,0.000517762404298288,1040,8.775067676669456e-05,2.2153859620273898e-07,0.00015191755794450744,1.4563866281496128e-05,6.309070869612545e-05,7.280938923169459e-06,2.9813194720797948e-05,4.980648653819517e-05,4.596579494710206e-05,6.735164088399716e-05
yidH,yidH,0.0005171465498252835,1041,0.00011590152317766361,8.936126684771153e-05,3.8736188088688636e-05,2.4307116751548838e-05,4.23532233611804e-07,7.229159281930637e-05,1.7267953630712418e-05,5.083057023755627e-05,4.623652985737768e-05,6.179027618110631e-05
rplT,rplT,0.0005165650541456341,1042,7.265186485357816e-05,9.13305860270377e-06,0.0001287377454519476,7.954472921218747e-06,9.655161856264501e-05,5.360852428406664e-05,2.334273304610855e-05,3.452811511784196e-05,6.877239736480444e-05,2.1284523940719232e-05
pth,pth,0.0005161767877163286,1043,0.000235162734372263,3.4441472774299376e-05,2.2289371032763242e-05,7.409093228201033e-06,3.106339387736317e-05,2.2537916750233294e-05,1.12159548343476e-05,4.034019786584291e-05,3.109213785738021e-05,8.062451512363474e-05
yhaV,yhaV,0.0005156477652808396,1044,0.0001307258425200195,7.371172896065396e-05,6.113341773725638e-05,1.1530791722465301e-08,4.384092670580755e-05,1.4487924214729108e-05,2.5954734935875486e-05,0.00011749096766196785,1.1587204078030067e-05,3.670348767477733e-05
yaiL,yaiL,0.0005155700770849515,1045,3.1877519940541434e-05,0.00010159324424958588,0.00013454292155873733,1.8247593660139788e-05,0.00012477847275216712,2.317074732706603e-05,3.0370902114495544e-05,1.8425976330328806e-05,5.611881479819939e-06,2.695081767206966e-05
chpR,chpR,0.0005153604762774106,1046,0.00023337436469022545,1.707836140762007e-05,1.3551090907633016e-05,2.9172267065601717e-05,6.99628577185885e-05,5.823213168323701e-05,3.788780526469601e-05,1.1637064931772721e-05,4.233750456701974e-05,2.127028041016333e-06
ybeZ,ybeZ,0.0005153260976897464,1047,0.00012152210386331174,9.194464281481775e-05,3.43702834866694e-05,4.080836176383863e-05,1.721304346151735e-05,2.872225015494354e-05,3.339088693767355e-05,5.932125780942409e-06,9.99733985412479e-05,4.1449000884784056e-05
ybiY,ybiY,0.000515157580880897,1048,0.00016609996967718846,5.896325823885936e-05,9.061795070532606e-06,1.9279918683713622e-05,8.082174223550388e-05,7.277546922069755e-05,5.972747286739618e-06,4.100444684860081e-05,1.4152721521003481e-05,4.702551209805766e-05
pstB,pstB,0.0005151010722529788,1049,5.5488506894637865e-05,8.995208991605852e-05,0.00012166164681357163,1.5138582870197083e-05,0.0001643210746683121,2.8895368090387196e-06,1.3911143671882574e-05,2.0272329276799442e-05,3.061644663662336e-05,8.497146958574697e-07
ompG,ompG,0.0005148054669351312,1050,7.385525176446736e-05,0.00012512697230654746,0.00014117489802055987,1.726195515595986e-05,4.5341991728775875e-05,1.6457872459928178e-05,1.9262853305868618e-05,3.081987950555441e-05,5.967847987684466e-06,3.953594469978507e-05
gmd,gmd,0.0005143980511519807,1051,0.00021984144575206753,7.754474150140333e-05,5.699054035958063e-06,3.2468914538952656e-06,3.840725560047674e-05,1.4003909094019935e-05,5.166187047060471e-05,2.1816897595430595e-05,7.461954559334712e-05,7.556440054777427e-06
sapB,sapB,0.0005134656522006418,1052,0.00021605483309798968,8.753266244423377e-05,1.8725219789980752e-05,2.3085965587251642e-05,4.1359563218123955e-05,1.5019544279011417e-05,4.1266814553657646e-05,4.056987206931107e-05,2.8366520300478756e-05,1.4846568606029642e-06
yhjR,yhjR,0.0005126481827800559,1053,1.3603826968616034e-05,0.00016708889675156948,7.225540768411172e-05,2.7053774606559264e-05,1.3438849092262225e-05,6.42329047359305e-05,1.6587380643677618e-05,6.757591099132558e-05,2.1307941128905867e-05,4.950329017709772e-05
xdhA,xdhA,0.0005117846142576724,1054,1.4673145640010424e-05,9.242507021479859e-05,0.00010580837205356873,4.920253710639882e-06,8.60713254703356e-05,1.2595484344730352e-05,6.189129244910185e-05,4.635289387765806e-05,4.3181482852379274e-05,4.386529364444969e-05
glnL,glnL,0.0005115057083210943,1055,8.26950927780138e-05,2.212138021091395e-05,9.760508857360032e-06,1.3528431602502678e-05,2.6640027978869675e-05,6.652942776693103e-05,0.000103230527936206,7.424000658954261e-05,0.00010532731727291008,7.432987327844397e-06
yihG,yihG,0.0005112551518262597,1056,2.8379474737770634e-05,0.0001300248843711281,4.328170608843598e-05,2.982940119030615e-05,1.1417034242627047e-05,2.7244881911837804e-05,3.890238629099555e-05,3.8114870750426964e-05,7.531981927750631e-05,8.874069296522522e-05
cutC,cutC,0.000511244662688861,1057,0.00022084428204865552,9.031848947792081e-05,3.994475241742219e-05,1.3841614869498112e-05,5.6384695158043346e-05,1.2307214760116128e-05,8.419986986441498e-06,1.6606903465456263e-05,4.0473167917599595e-05,1.210355558770764e-05
yfaQ,yfaQ,0.0005111226389414845,1058,0.00029331330889414823,4.762005925316904e-05,6.050626034519197e-05,9.513199908488126e-06,3.841524814549279e-06,3.3279193440694165e-05,7.936678008396017e-06,1.414933309032881e-05,3.2576693362359926e-05,8.386387824158908e-06
ybeD,ybeD,0.0005095323193121338,1059,4.3434963052531634e-05,2.4389348819484388e-05,2.6399646465277566e-06,6.213889179557332e-05,2.3305240165182583e-05,5.8097569182719575e-05,4.190343152691684e-05,5.896599564141094e-05,0.00013585777458929277,5.8799139892494125e-05
kduI,kduI,0.0005087099586795303,1060,0.0002418179353710582,2.338582963057062e-05,5.90499215657019e-06,5.490552104632924e-07,9.20698245385126e-05,1.9698928886741434e-05,6.356625990869604e-06,2.0868692743634152e-05,4.04643223994285e-05,5.7593751751681734e-05
yjhI,yjhI,0.0005085302124716092,1061,7.907107477340988e-05,0.00013420404454381473,4.4079070962099176e-05,4.422455060485767e-05,2.4301392745325936e-05,3.748453399528208e-05,7.89164279495684e-06,1.767214109284528e-05,9.022243301391912e-05,2.9379327945098406e-05
yifK,yifK,0.0005080228341751581,1062,8.975980292961797e-05,4.6569513934654424e-05,9.247176843641968e-05,8.66736415763763e-06,0.00012795628877411688,1.0604533944773489e-05,5.262983925494474e-05,3.791746204269108e-05,2.1577418312941513e-05,1.9868842387360706e-05
molR,molR,0.0005074792109963501,1063,0.00018108247358123938,5.63530503125849e-05,5.991719178264876e-05,1.0933203175608802e-05,5.9591355548347524e-05,8.206832791592215e-06,1.4474443626240227e-05,2.2412298455389094e-06,6.288811021292761e-05,5.179132011962166e-05
tdk,tdk,0.0005053898317243646,1064,5.643864317417851e-05,2.52648318639354e-05,4.6636213960442095e-05,1.180404741873823e-05,0.00010328137387872148,5.56339421810639e-05,1.68004290950379e-05,6.496374289964464e-05,8.656857930558804e-05,3.7998027947014424e-05
blc,blc,0.0005053733383252833,1065,0.00013922162330565123,0.0001409848840943195,7.390635814966438e-05,1.820462771456315e-06,4.0630034848991425e-05,7.068408670977759e-05,1.768198312053355e-05,1.504830427484e-05,6.853687964425175e-07,4.710232253606808e-06
ycjV,ycjV,0.000505314901824667,1066,3.293563311688048e-05,5.8215640231753535e-05,1.2528024988107748e-05,6.891491035307879e-05,0.0001688268773265775,2.9695463537769003e-05,5.4288372594059256e-05,1.0263526819682127e-05,6.095828686655148e-05,8.688165990207131e-06
ydhQ,ydhQ,0.0005052298468587642,1067,0.00024993994258014346,6.368617017042103e-05,2.6374250068998852e-05,2.1036494388913685e-05,2.8948361763677823e-05,9.292546007269437e-06,1.745448372302138e-05,1.0025377624110455e-05,4.9198582317054716e-05,2.9273638215153342e-05
rrmA,rrmA,0.0005048292917098809,1068,0.00022323999131408447,0.00010482145977327428,1.3620720696448529e-05,1.9551980187440094e-05,2.45872911163749e-05,2.7831751474096425e-05,2.6836064509283256e-05,1.9844420783433994e-05,3.036951938936607e-05,1.4126092466078873e-05
torY,torY,0.0005042618595887072,1069,8.233530259290133e-05,0.00012124660228995737,6.889353159031194e-05,1.2583724704299847e-05,5.852731821968844e-05,1.7802516939214287e-05,4.1161000648621606e-05,5.530962098790871e-06,2.0819167972932996e-05,7.536173253198842e-05
nrdG,nrdG,0.0005040360776853388,1070,0.00014644373052103527,6.62069414353241e-05,8.578309775726134e-05,2.4195359650594206e-05,0.0001069940090308744,5.554659925831692e-07,3.143963432782033e-05,2.4794302292035835e-05,6.250066102312317e-06,1.1373470575497835e-05
lar,lar,0.0005036244206895398,1071,0.00010039247216876685,3.8853692121140275e-05,7.876891148696035e-05,2.820014766553426e-06,7.15305066902763e-05,1.5003751568399289e-05,8.736940561475764e-05,3.839090144059697e-05,2.720942907489475e-05,4.32853357571939e-05
ygeQ,ygeQ,0.0005035578409432248,1072,1.410607814053011e-05,0.00013843593549253997,0.00013166942388031404,1.1745660725092365e-05,0.00013458142010858577,1.496374261221129e-05,7.914895929044126e-06,3.896003340420293e-05,9.494340751660064e-06,1.6863098990441495e-06
yjhX,yjhX,0.0005020144657981882,1073,2.247142920541577e-05,6.56507971668916e-05,9.341917529244115e-05,3.329133581885645e-05,4.121618125813127e-05,2.3312605046691733e-06,7.280095940839144e-06,5.339143585632398e-05,7.707178595837755e-06,0.0001752555761587819
yeaC,yeaC,0.0005013961489627847,1074,0.00014634240524248208,9.452006366669247e-05,3.069574103677827e-05,3.4623244837880144e-05,2.2304750519637976e-05,2.7255871111772105e-06,2.0871082970578034e-05,3.7578279233367574e-05,7.482791830053711e-05,3.69070760436538e-05
yddH,yddH,0.0005013701653630662,1075,0.00019388190338639067,9.768711319592849e-05,3.105981151151227e-05,3.376261563759842e-06,4.446787388793835e-05,2.2456919227157703e-05,1.3233894100385636e-05,3.8428682489142246e-05,2.0372363698900346e-05,3.640534230195058e-05
ybiW,ybiW,0.0005007946526519219,1076,0.00032521658053362033,4.3277135594141966e-05,4.741706600775997e-06,5.699327613334281e-06,5.991623447255575e-05,1.76197074297604e-06,3.7276445977103995e-05,9.056552394573298e-06,1.1358828349780506e-05,2.489870373059817e-06
potC,potC,0.0005007646994521848,1077,0.00017343666893242414,4.882474339806232e-05,2.062546125616616e-05,1.7904256370082004e-05,5.2448937871096035e-05,8.364632196905494e-05,1.0519467164028145e-05,4.7915787845157e-05,2.7535872660176346e-05,1.7907181985937685e-05
yjeK,yjeK,0.0005005815195177164,1078,0.0001206646212955074,8.448758128395437e-05,7.240967186438443e-05,1.761035284434824e-06,0.00010476930655758819,1.8802188546976704e-05,3.0329507200814636e-05,1.8836716758317572e-05,3.43855187355011e-05,1.413537199023712e-05
rfaB,rfaB,0.0005004104141198805,1079,0.0001678829896392005,9.297078303736894e-05,1.4727842567147057e-05,3.935285617046125e-05,3.0392157613653228e-05,4.911401714317548e-05,4.3079766452564724e-05,4.4852402960468795e-05,3.2706194276829453e-07,1.771053659307216e-05
uvrA,uvrA,0.0005001908520961795,1080,0.00017337151502867077,0.00011629834275376244,0.00010559985968115347,4.742294730386943e-06,2.0022017491603037e-05,2.01014194831279e-05,3.7099936908199004e-05,1.8485678298076245e-05,3.281676619313405e-06,1.1881111018864456e-06
yfeT,yfeT,0.0004999906068967101,1081,9.633947747718027e-05,5.6717380918315695e-05,0.0001375564454815374,5.043015005800488e-05,5.50342037466743e-05,5.261768089355222e-05,1.3684950978437371e-06,4.654801994063821e-05,2.3405851783539764e-07,3.1446947651279385e-06
ytfG,ytfG,0.0004998647034495649,1082,0.00013157586628244821,7.331625861816153e-05,8.109299874113682e-05,6.591952811545526e-06,0.00012290378867281428,2.707096519463073e-05,1.6617056005713248e-05,1.4786126687955521e-05,2.186867134323068e-05,4.041019091928351e-06
yfeS,yfeS,0.0004982038944354046,1083,0.00012206520737094664,1.8636122331111785e-05,9.071729222954028e-05,1.4491195363513518e-05,0.00012590557422966818,3.196719298459876e-05,2.5871545536906756e-05,4.73753018758026e-05,1.4093626262641862e-05,7.080836250674089e-06
yhcF,yhcF,0.000498192556248439,1084,6.877652566998608e-05,8.834435176398352e-05,0.000109221996364297,2.9247392453145878e-05,0.00011392095926176715,9.77976311541214e-06,7.114558679568851e-06,6.026080463911677e-07,1.5655118977506868e-05,5.5529281916380306e-05
yebK,yebK,0.0004978983344730788,1085,1.8464034015918495e-05,0.0001091404368109388,0.00013615187460457338,7.226401264479763e-08,0.00011149728448256703,6.1637665516971205e-06,2.8590806684172324e-05,1.424211276646382e-05,3.976567924225574e-05,3.3810075301847314e-05
ygeR,ygeR,0.0004976263542455507,1086,2.8190009583068476e-05,7.760173450765297e-05,0.00011103356664618975,2.4052045373506607e-05,0.00012975632850961873,1.6812957047706863e-05,1.9104864797142146e-05,4.453444785380885e-05,2.3266692303232134e-05,2.32737076236241e-05
hemH,hemH,0.0004973951016966674,1087,6.16728684601856e-05,4.771107811654517e-07,1.3327086026493739e-05,8.723619181884221e-05,2.3469133592191568e-05,5.567360148216545e-05,2.2179961005268085e-05,8.463816077505669e-05,0.00011069994160085784,3.8021046154440825e-05
rpsE,rpsE,0.0004965095069196655,1088,0.0001927274661134873,3.2952037863137334e-05,4.5406661807085224e-07,1.7336260216821413e-05,2.836614658922213e-05,4.259130653002538e-06,5.6387047242042276e-05,2.7334241688149243e-05,8.24313002655341e-05,5.4261809670198266e-05
entD,entD,0.000496503239487213,1089,0.00014147882525735332,0.00013404519852103195,1.4598248736853712e-05,4.642081431602832e-05,6.126665688885961e-05,1.4506080221448289e-05,2.66677768201948e-05,4.402401737995389e-05,8.844634607807874e-06,4.650986737681208e-06
ycfP,ycfP,0.0004962095983238827,1090,3.891891284346932e-05,4.211920499072274e-05,0.00016333649258693382,2.759020569987575e-05,6.339742284902872e-05,3.1971844405511845e-05,1.8072172967669836e-05,1.1284556288134979e-05,4.711128097787005e-05,5.2407504714665625e-05
yjdC,yjdC,0.0004960827862135578,1091,2.561409159873237e-05,9.392662145521808e-05,0.00010305505142742414,4.761989821565916e-05,0.00012076212560588261,1.0336523965556558e-06,4.231855215494839e-06,3.4680583346685335e-05,4.135744666832753e-05,2.3801460283578028e-05
ybdO,ybdO,0.000495908769943997,1092,0.00019225090665913615,2.147485677149037e-05,7.545517878767928e-06,1.7171607926607904e-05,5.036653010580801e-05,2.5962520920083517e-05,2.285224450547276e-05,5.037094010906519e-06,9.339688611565612e-05,5.985060505006776e-05
ppiC,ppiC,0.0004958383941845423,1093,0.00017198848974171396,9.182034942211456e-05,1.0508462172670675e-05,1.8114732020029556e-05,7.937607305034998e-05,1.903998426934734e-05,1.2577074405409944e-05,1.896287994088984e-05,4.263887486622724e-05,3.081147429578918e-05
pepN,pepN,0.000495258730841968,1094,4.926572102780195e-05,8.683222317151424e-05,7.545762462398584e-05,1.6726284272946012e-05,1.9650537394582234e-05,1.7984759633961638e-06,2.7522438758308297e-06,7.398163554551778e-05,5.399591705229311e-05,0.00011479806791409982
speE,speE,0.0004951916625596239,1095,9.902321776150871e-05,0.00011410627854934237,8.851199173465788e-05,3.3898292580171136e-05,2.101673023155469e-05,1.850487936038576e-05,5.378282039429046e-05,1.5615575325920506e-05,3.902066223637435e-05,1.1711214385418001e-05
dhaL,dhaL,0.0004948978598955674,1096,0.0002220022964148601,9.54767419607385e-06,3.355597594424589e-05,1.3081752579102837e-05,2.9501030478276283e-05,5.1320340958859836e-05,2.1925591562439385e-05,4.3886031714138415e-05,3.632020416533192e-05,3.3756961882238905e-05
pheT,pheT,0.0004947558877030968,1097,4.704800038741003e-05,2.092400613903003e-05,2.615646578752501e-05,3.292572287942126e-05,4.189024947605606e-05,4.461206248710802e-05,4.395749531748685e-05,5.611865098547276e-05,8.025822040121662e-05,0.00010086501384237019
ychJ,ychJ,0.0004947552145619887,1098,0.00010729051429943378,5.6596531135233015e-05,3.8611702076547405e-05,8.68912348372963e-06,6.707118736729538e-05,2.1680281066713776e-05,1.661404133730028e-05,3.2063669374103856e-05,7.563948091694716e-05,7.049868350468441e-05
yccA,yccA,0.0004944363576137842,1099,7.617165415720396e-05,0.00010807613673114134,5.81523605227214e-05,1.2334455305511518e-05,4.93362237369511e-05,2.0223406450274634e-05,1.6833953547189352e-05,4.414273385540208e-06,7.318516347176272e-05,7.57087303054879e-05
yjtD,yjtD,0.00049436775145268,1100,9.100970944420423e-05,0.0001229760398362717,0.0001452089516873516,1.1671677923418855e-05,7.783039837304163e-05,4.072635193645208e-06,2.69053074645436e-05,3.016406910557651e-06,6.182478726986341e-06,5.494145892659319e-06
bisC,bisC,0.0004940661101433875,1101,0.00012665984255031136,0.00012419289208591032,5.1556180066041036e-05,4.082458364534489e-05,4.093605302974282e-05,1.0896284290416783e-05,5.820494761697145e-06,2.9625326768318887e-05,9.753855536817488e-06,5.380059740878687e-05
fadJ,fadJ,0.0004933821824810275,1102,0.00013522814854207457,0.00015102460838242087,4.1949246607442225e-05,2.5600883703258172e-05,2.1553354161116536e-05,3.7157193275700955e-05,1.4226875157903287e-05,1.128030123866708e-05,2.1097530890634423e-05,3.426404052180938e-05
yegR,yegR,0.0004914580283181004,1103,0.000275019946922307,6.936581930524803e-05,1.3822381428208695e-05,2.128528058568614e-05,2.0442127373282708e-06,5.515317291088742e-06,4.302584643257949e-05,1.1745696275565192e-05,2.8358190282797462e-05,2.1275337057291293e-05
vsr,vsr,0.0004904922833135295,1104,0.0002912835753946281,3.861002220600167e-05,6.654364325964575e-06,9.620948676398918e-06,1.4436589125257923e-05,5.694277132821632e-05,1.525314150730427e-05,2.20329942948406e-05,9.084514041362214e-06,2.6573362413554978e-05
LELOBEKK_flmC,flmC,0.0004899439447862502,1105,0.0001679774863103732,1.6405338115939516e-05,3.3393451654154964e-05,1.4836177275237323e-05,5.378409834707188e-05,9.378909306318758e-06,1.1321203359196416e-05,7.296705822730532e-05,9.61287300500868e-05,1.3751492140566044e-05
aroK,aroK,0.000489736139144734,1106,8.871855989122305e-05,0.00013536496541038397,9.168842893485934e-06,1.2597311649375778e-05,2.5021275525428343e-05,5.138201701472694e-05,5.686220540198139e-05,3.74037184958142e-05,4.953233951920756e-05,2.368490334310685e-05
pstA,pstA,0.0004897322647701976,1107,0.00019723660202594867,2.614271231580377e-05,3.4840885786354955e-05,2.969412814745167e-05,0.00010491352790231167,1.4511323350625815e-05,3.6721856812810625e-05,4.01651056015906e-05,3.817929726281958e-06,1.6881931010178197e-06
sgcQ,sgcQ,0.0004895048626510056,1108,0.0001776239508053697,7.698391190360221e-05,7.703036708773148e-05,8.892194609332412e-06,3.2583044874751114e-05,1.3348028270687276e-05,1.286956866080347e-05,4.8671063616141016e-05,1.030874980892687e-05,3.119398301365998e-05
pdxA,pdxA,0.0004894152361617861,1109,0.00013638812479432321,3.7545928782800513e-05,4.1949990606454024e-05,2.2820553001888065e-05,5.322595773852135e-05,1.1527566731672726e-05,1.779226716622548e-05,4.7384283925993934e-05,8.823507344367434e-05,3.2545489970232424e-05
mltA,mltA,0.0004890483525412457,1110,0.00010420643177338568,7.953109678047034e-05,5.4581888961276266e-05,1.3127849687555077e-05,2.349086131282267e-05,0.00010272552932547698,1.7467472165967793e-05,4.955508227431059e-05,2.4826392331989337e-05,1.9535747927990973e-05
rnc,rnc,0.0004889729572557517,1111,0.00019419476980836938,0.00012137024267980038,7.1368497565690466e-06,6.169099842081446e-06,4.9855752986993724e-05,3.87788142509301e-05,1.8907246227635758e-05,1.2010231452419007e-05,3.918172665985125e-05,1.3682235911016042e-06
mukF,mukF,0.0004887972973728201,1112,7.163702041338494e-05,8.539876310655737e-07,8.858995903915056e-05,4.0350501365197885e-05,7.712378076241579e-05,5.888079711189714e-05,6.530729593735022e-05,1.4845829817864553e-05,5.195315264555021e-05,1.925497264894318e-05
fliY,fliY,0.0004884815097134746,1113,5.478344119700116e-05,4.519087823311308e-05,4.547383058514921e-05,3.707921047790843e-05,4.493978892412232e-05,1.6720356137138205e-05,5.4358966090908746e-05,9.320356601367231e-05,7.629266311843345e-05,2.043880893602769e-05
ydfR,ydfR,0.00048802889936923154,1114,0.00024391009472731458,1.8402428389796514e-05,4.58441671738959e-05,1.374115159624874e-05,7.351653516786813e-05,2.3964872417878905e-05,1.150083844849755e-06,1.576630275141162e-05,3.474078021085674e-05,1.6992483089110645e-05
aspS,aspS,0.0004879728940379639,1115,0.00013798041628094155,0.0001357526964236389,4.58500175115905e-05,3.9759321588927205e-06,4.085051747250613e-05,4.609202572284657e-05,1.665983619418656e-05,1.4111040382032263e-05,1.2533260234332581e-05,3.4167151656996125e-05
ygiS,ygiS,0.00048735270417232264,1116,0.00012223621591213096,9.24360729729118e-05,3.3598526195375317e-05,1.2366257475139421e-05,2.249237553758543e-05,5.2546234529298225e-05,3.96492689438334e-05,4.834799083308734e-05,4.1604670265969814e-07,6.326371507030101e-05
mngB,mngB,0.0004871363431116384,1117,3.0586222703056314e-06,8.529587718989505e-05,2.673335494326622e-05,9.589975442775002e-06,0.00017206121454456993,3.4243030974877886e-05,8.948585972165738e-05,1.2490622304378351e-05,4.572900812342928e-05,8.448777596483649e-06
gatZ,gatZ,0.0004870799114829148,1118,8.488901899808774e-05,5.9472787241592115e-05,3.6269961612050975e-05,2.6187648019477774e-05,0.00012610512256765606,2.0507850397198025e-05,1.673452529790207e-05,3.505825213271641e-05,8.120538054486966e-05,6.493646713639877e-07
yjjP,yjjP,0.00048607750526443035,1119,0.00016135848007373425,6.262493376318109e-05,7.102395602734336e-05,1.558450188816932e-05,1.0999640273261621e-05,2.37019007684963e-05,6.594593251595744e-06,8.924618526995905e-05,3.905016343988081e-05,5.893150508808729e-06
uspF,uspF,0.0004858460548147701,1120,4.7978915072322224e-05,1.6339351466833973e-05,1.2450101602178062e-06,3.229517724481374e-05,3.7707745326691685e-05,5.494832262167008e-05,2.874706549073697e-05,5.155960072156736e-05,0.00011192278935307183,0.00010310207735684446
caiD,caiD,0.0004856357869006728,1121,0.0001271988273410335,7.791257696675634e-05,2.4162458071134186e-05,5.258997492643341e-06,1.2414183371547159e-05,2.2357289964743835e-06,6.948474970337717e-05,8.606635656181031e-05,2.298967890987138e-05,5.7912229486025164e-05
dhaK,dhaK,0.000485569323485708,1122,0.00018682787685582287,3.8914005927755696e-05,1.1704248957779929e-05,2.1675479953880582e-05,3.836456690183346e-05,2.995816064673613e-05,8.094160273578522e-06,3.145448807963758e-05,2.9623653004509082e-05,8.895268288417415e-05
suhB,suhB,0.00048441246521049777,1123,4.430767680806966e-05,0.00016048553527728184,5.4508644936476315e-05,3.0107689563948725e-05,9.922363732036182e-05,1.952578890978454e-05,1.855976664671252e-05,9.694824338897399e-06,2.039895182206283e-05,2.7599949586902103e-05
bax,bax,0.0004839969410428985,1124,1.005665783220502e-05,0.00017532230240962027,2.4011291333823403e-05,5.208853644447195e-05,4.818288594642205e-05,6.948478938821273e-05,1.8659819234632073e-05,1.0684904714908131e-05,2.8634963234732594e-05,4.687079050387027e-05
yhcM,yhcM,0.00048354957813485537,1125,0.00017990833435584734,7.436855211762411e-05,5.496754703783711e-05,3.568641628319509e-05,2.4688255316799845e-05,5.5588652389294825e-05,5.87118319790877e-08,4.814959979312615e-05,9.024436227479056e-06,1.1090727816727412e-06
torT,torT,0.00048348699672863803,1126,0.00013938223890090447,4.488472535486979e-05,8.861192768269692e-05,3.458936605079521e-05,9.659907574634541e-05,5.656141897379025e-06,2.3955433612455553e-05,3.337326058661988e-05,9.818073383069117e-06,6.616753513502676e-06
yneE,yneE,0.00048305142804870967,1127,0.0001472505180397945,9.8043119335188e-05,5.6178973812034305e-08,3.3187952616371764e-05,3.035134164518708e-05,4.437477520078833e-05,3.5356200103917375e-05,9.335251848859893e-06,3.774804795658267e-05,4.734804232820804e-05
menA,menA,0.0004828357807552479,1128,0.0001821176620604,0.00013194793656577566,1.0190109294878651e-05,1.7370433630039582e-05,1.004020979528015e-05,5.2860389181602085e-05,8.233772855490448e-06,2.020001870928773e-05,2.1947841207164353e-05,2.792740745532926e-05
gltA,gltA,0.00048282550500753784,1129,0.00016531301042967033,2.9660232227241994e-05,1.0570382852647782e-05,1.0646133498375504e-05,5.769583958794694e-05,3.5077611485614764e-05,2.1668359144779725e-05,4.343918240338244e-05,2.211753582957781e-06,0.00010654299979492056
msrB,msrB,0.00048258374798781104,1130,0.00020487653859677002,0.00010794404767135517,3.0224134041662583e-05,9.622411555861085e-06,1.1666352951466002e-06,2.0077085832064988e-05,6.547231001687731e-06,2.925803150324966e-05,2.6159796356996746e-05,4.6707836133016454e-05
dusC,dusC,0.000482114498885562,1131,4.2452758356298486e-05,7.91806914327085e-05,7.014079528679049e-05,2.7588832664711948e-05,7.6256942578044724e-06,5.7588113605868987e-05,7.418769774456936e-06,4.157588539386514e-05,1.2206306905702078e-05,0.000136336651207355
fepB,fepB,0.0004814723059467648,1132,8.030233969369284e-05,0.00018709568502540334,7.146225796397166e-05,1.8937560199357184e-05,1.5081824207347305e-05,1.2938642737745153e-05,2.540613440058451e-05,3.679788877855876e-05,2.61734715185354e-05,7.276501421568588e-06
gatA,gatA,0.0004811222967234199,1133,7.144353222755885e-05,0.00010802519080979041,1.881432029513146e-05,1.2177730817244949e-05,0.0001266635406043087,5.506785099239148e-06,3.6615566071351e-05,9.265422609626629e-06,5.4302753812826487e-05,3.830745437634225e-05
malF,malF,0.0004809602547447698,1134,0.00014458527719255144,9.547671789220833e-05,2.0174449838804566e-06,2.2429336174504522e-05,3.672008431191087e-05,9.107332064153956e-05,5.748470462308691e-06,3.3240020622232736e-05,3.25410335703785e-05,1.71285488932547e-05
yfdX,yfdX,0.00048079121218714464,1135,0.00021860762496950242,6.832009350378745e-05,4.5768553279967725e-05,9.896526907510722e-06,2.9309212773952737e-05,1.508521511144834e-05,1.7110396837787786e-05,3.552983719545664e-05,1.0454162403804414e-05,3.070958920392642e-05
pspF,pspF,0.00048047112656736385,1136,7.45287305876202e-05,0.0001460751275508846,8.863174789059058e-07,2.2267287777715888e-05,9.014837707916214e-05,1.3783040204736433e-05,3.7557623168044564e-05,1.526058359820653e-06,2.60911799903713e-05,6.760738437010216e-05
infB,infB,0.00048032099361151995,1137,9.830520032151586e-05,6.57964836071684e-05,1.3981432197226818e-05,1.262500483970564e-05,4.7563933832513214e-05,8.053658333493625e-05,1.588379973092835e-05,1.2214112001033512e-05,4.877105376570775e-05,8.464338998078419e-05
yedM,yedM,0.00048030780282851907,1138,0.00024288248263146605,1.9413539923007113e-05,1.2279418396177203e-05,1.0128861040880824e-05,1.9917263796697637e-05,5.284008055417118e-05,3.164977102008059e-05,1.3524268436134254e-05,1.0281194919222451e-05,6.73909221106817e-05
xylA,xylA,0.00048019184310031687,1139,9.021142863201851e-06,0.00017774572677735533,8.192885566848982e-05,8.695948240148327e-06,4.64743094536092e-05,8.932906195698326e-05,2.34101528751324e-05,1.5060776616892121e-05,4.3867259175277445e-06,2.4139142730976873e-05
yjgN,yjgN,0.00048000781335851976,1140,5.2500516326342e-06,0.00011756436927690588,0.00010199150476730267,1.4885245220387518e-05,6.558793868682285e-05,2.942105578381568e-05,2.515810790232309e-05,4.734969332651814e-05,5.1511074750976434e-05,2.1288772010833313e-05
phnE,phnE,0.0004797181944601705,1141,0.0001290515738579675,0.00017109800720854236,1.1183250699620717e-05,1.725471602864584e-05,5.4340258917141165e-06,1.1963038264234121e-05,2.0108268723645842e-05,5.654431821959749e-05,1.0586498141714274e-05,4.649449742448816e-05
fimZ,fimZ,0.0004795925285379834,1142,0.00018664493587017058,3.649450015971915e-07,9.67539403489275e-05,2.4201122539398836e-05,9.957154820913897e-05,1.8137619273981973e-06,9.921712934539216e-06,2.377693136499968e-05,3.4929077189611775e-05,1.61455315220138e-06
yrbK,yrbK,0.0004795732902141099,1143,0.00010403313704110229,5.113870809349135e-05,5.273971147863595e-05,4.173708157555352e-06,3.7159607272123464e-05,5.290237551611016e-06,4.51636659549216e-05,5.269779135454331e-05,9.907892815770862e-05,2.809779515241701e-05
yqaB,yqaB,0.0004793769980819456,1144,0.00015771110370702956,0.00013749453640375057,4.6715254782442874e-05,3.642752194481667e-07,1.9623171344048767e-05,2.664819587613095e-05,3.1037890866894614e-06,1.832456987719601e-05,4.001539466277889e-05,2.9376707122430354e-05
yciE,yciE,0.00047929902828932036,1145,0.0002267827458177939,5.650066195996358e-06,6.84629784218924e-05,4.0915669782838045e-06,5.451450588970211e-05,3.688288697157852e-05,3.337932684626089e-05,1.0047756674673776e-05,5.098673475578551e-07,3.897732714558078e-05
yidA,yidA,0.00047915064472935244,1146,0.00017029947291388034,7.689043880359944e-05,3.1489407614086584e-05,2.4437198231284767e-05,3.73524666351489e-05,1.0037414913490966e-05,5.312712196067789e-05,1.3804946299016474e-05,5.0726215512599705e-05,1.0985961845567315e-05
yhbT,yhbT,0.0004790376981239035,1147,0.00011923428966921307,0.0001234819130238188,4.3156459598249424e-05,1.6688054760711628e-05,1.2119661146406021e-05,7.161406292928882e-05,1.7936553792587416e-05,2.9727510295462375e-05,2.8295175830594163e-05,1.678401707757178e-05
lpp,lpp,0.00047888613551324205,1148,0.00023213901920991469,4.200246546753329e-05,2.4981064435452483e-06,5.043071093692907e-06,9.984019599741317e-06,2.6959860168669552e-05,3.368308916008531e-05,5.678057986405403e-05,4.588972039546046e-05,2.3906204110545215e-05
recD,recD,0.00047871067051813676,1149,5.452569929558619e-05,1.8182301645463273e-05,2.4406320068354138e-05,5.6116306145691e-05,0.00018076709931371198,5.426891530914733e-05,5.556546785697567e-06,2.9758522736035243e-05,3.152166250817286e-05,2.3607296710277183e-05
ulaR,ulaR,0.00047869471420757394,1150,0.0001840613991213121,5.290812849796888e-05,3.256464100940704e-05,8.47676900752519e-06,1.879210451687159e-05,9.308085749986763e-05,2.155798299663507e-05,8.487613422754429e-06,9.642819822256863e-06,4.9122398312975134e-05
nrdD,nrdD,0.00047796091809383407,1151,0.00014432143535440565,6.69560678498437e-05,5.163716907139584e-05,2.5223895258615507e-05,4.009372409505454e-05,7.753546719260474e-06,4.601831959875774e-05,8.329903437931592e-06,4.834876933106013e-05,3.927808737750897e-05
anmK,anmK,0.00047761709040405713,1152,0.0002683123825077239,1.1790686233939606e-05,1.8201345215581578e-06,9.108161193864808e-06,5.338875725755978e-05,2.0109147431279807e-05,1.556205006078265e-05,2.728607573458742e-05,2.640893850539227e-05,4.383075695736871e-05
aegA,aegA,0.0004776062494257624,1153,0.00015078945928716025,0.00012669304921614262,4.082400491526454e-06,2.0023946174326132e-05,1.6270992461134866e-05,5.560893897123755e-05,9.83961268485954e-07,6.364744749988805e-06,5.0624340585771244e-05,4.6164416219988475e-05
otsA,otsA,0.00047755462804551673,1154,0.00010948264650513928,0.00014341602926550915,1.5747335795880157e-05,1.4404663964649543e-05,6.438628406520647e-05,2.9486727258270843e-05,1.1495366566744296e-05,6.363008022080522e-05,1.9562166896827097e-06,2.3549277713629048e-05
eutA,eutA,0.0004775520770486438,1155,0.00024315103879390498,4.3060619132652e-05,2.528042829198135e-05,1.1840660210318103e-05,2.26645057896222e-05,1.0117214716191775e-07,4.296849913338208e-05,3.9017910510836706e-05,3.301864296109568e-05,1.6448600077688802e-05
xapB,xapB,0.000477382931256501,1156,7.803736808710829e-05,0.0001027076763836931,4.2449985654244116e-05,2.024375859033307e-05,4.7965754526038524e-05,3.856171539345057e-05,8.206333284912005e-06,1.8841850358580146e-05,5.528947355652091e-05,6.507901542162018e-05
nusA,nusA,0.00047724658279585646,1157,9.670314144348717e-05,4.8096564054489166e-05,1.6228373092148855e-05,2.645108627437545e-05,5.77254992047172e-05,3.993759016128492e-05,4.572950175349156e-05,1.9091449571411576e-05,8.868656898440373e-05,3.859680825604681e-05
yedP,yedP,0.0004768372695712617,1158,0.00013420244029764487,3.124971726329581e-06,4.757360306628376e-05,1.6047437836258217e-05,3.8007233243076326e-05,3.678658819705105e-05,6.901148981320874e-05,4.122493765472323e-05,8.043183769328447e-05,1.042673004340141e-05
iscR,iscR,0.00047661544527228915,1159,0.00012997357975992642,1.393017416463759e-05,2.825950193212527e-05,6.525573502516055e-06,3.744277800655171e-05,1.1713510510715637e-05,4.161542730841963e-05,6.665874978249638e-05,6.83403124316501e-05,7.215583787325036e-05
yfcS,yfcS,0.00047659258020522704,1160,0.00015829732705780622,9.599466092113334e-05,0.00010640266383480061,2.8601536500128926e-06,2.7105229611439754e-05,2.8512073509612904e-05,2.534052901758331e-05,9.675779632852834e-06,1.120708965286529e-05,1.119707331711986e-05
ykgC,ykgC,0.000475700040493607,1161,0.00022705557877860966,0.00010892334747007597,1.9791179388358406e-05,8.159181464754603e-07,7.174576814850006e-05,2.9623837310378734e-05,7.711687953732573e-06,4.493120281374544e-06,3.989594863099056e-07,5.1406435297917185e-06
yrbD,yrbD,0.00047561140228617667,1162,2.5983181934397488e-05,0.00010472212193981746,3.7955165505102175e-05,1.3509799624678819e-05,8.414542703944986e-05,4.478097362362548e-05,7.1460263270386935e-06,2.3783027836188645e-05,6.625085462782364e-05,6.733482382805446e-05
yjjI,yjjI,0.0004753331732353067,1163,0.00027488236669627214,3.0318356092600543e-05,4.365723872683322e-05,2.8835604074551893e-05,2.8845020184566447e-05,2.5795238783278784e-05,1.111936371356498e-06,2.936091417283562e-06,4.155033364650581e-06,3.4796287523912946e-05
yiaA,yiaA,0.0004752882045587831,1164,0.00015070655140587212,0.0001345913664728215,1.0930654565498877e-05,3.1703574165380596e-05,1.8297154598124983e-05,6.87445385173085e-06,4.655977412256082e-05,1.877470097122899e-05,4.658110090181868e-05,1.0268873503745719e-05
yfjV,yfjV,0.0004750086976736555,1165,0.0001465507757969959,0.00016744208212098093,1.1682426574603363e-05,1.3496509228245828e-06,1.3578236456120945e-05,1.6975735939489687e-05,3.7819618022204527e-06,1.4370823991751944e-05,5.978473603235813e-05,3.949226803630959e-05
LELOBEKK_araC,araC,0.0004747429429467273,1166,8.526126024254713e-05,5.994904291395465e-05,1.6551740405318064e-05,4.027436443524219e-05,2.8454352185790865e-05,9.644727334681349e-06,1.4821578795737185e-05,7.121051942315132e-05,0.00012145268836302685,2.712266884727776e-05
yfhD,yfhD,0.0004744673229804909,1167,1.6724724460542828e-06,9.968024130735144e-05,9.683612885947494e-05,1.3886524473199605e-05,9.860484954409022e-05,1.2461348358371695e-05,6.507025605623852e-05,4.943542042336339e-06,8.029082250954732e-05,1.0211373838265668e-06
nuoC,nuoC,0.000474334454456897,1168,0.00016960245127600328,0.00013831409601340177,5.838544914590178e-05,2.0572129789182704e-06,4.7351421711777255e-05,5.346595761355236e-07,1.3325431992549804e-05,2.380444909569865e-05,6.107327469990958e-06,1.4851955196519695e-05
rluD,rluD,0.00047416113437972443,1169,0.00022288670355871305,3.042879280718593e-05,6.48101759947857e-05,2.0048948483149492e-05,5.3475041255745604e-05,6.884885168161122e-06,6.284873206897416e-06,6.281153754981443e-06,3.836546926761773e-05,2.4695090882486985e-05
gshB,gshB,0.00047384143684685645,1170,3.738579621111394e-05,2.0831160292741954e-05,0.00010154801155961768,1.7065386289464432e-05,0.00010579740732189308,3.0515466399067308e-05,1.7186085382024942e-06,4.835128086477764e-05,0.00010675703846597768,3.871280904000298e-06
eutG,eutG,0.0004736241861831555,1171,0.0001753453935808318,7.58426407919872e-05,1.2466014563999863e-05,2.3514667459389515e-05,4.253512580729422e-05,5.25968659011149e-05,1.5662056536944417e-06,4.229571442759675e-06,9.00247388763706e-06,7.652522709444692e-05
yjcB,yjcB,0.00047346836510648454,1172,0.00010378857096910446,0.00015076736358578282,3.8152108174064504e-05,3.567491226088996e-05,2.9060987292184126e-05,1.7326801987943418e-05,3.7531286166422747e-06,4.910799420174208e-05,1.4349112723782824e-05,3.148738529434802e-05
nuoF,nuoF,0.00047274662842056875,1173,0.00013720574257547658,7.248309916873664e-05,7.343456213390057e-05,7.562224274653238e-07,2.60117078282625e-05,4.652436741159952e-05,1.559409324207666e-05,5.7601197641936637e-05,3.672578844113371e-05,6.409847549980622e-06
yqcC,yqcC,0.00047257251846434057,1174,0.00017515988044691317,5.850296674692104e-05,5.779711518336724e-05,1.460390146960995e-05,6.275567498356566e-06,4.660952911379637e-05,8.05393741044523e-06,2.982551528768484e-06,5.416977959656225e-05,4.841728946960028e-05
ycfD,ycfD,0.0004723175253743003,1175,0.00027116000289874174,2.8973217172805203e-05,5.3777327263795365e-05,2.1437693270682867e-05,5.52671213092796e-05,1.575321206618076e-06,2.1206793396612657e-05,3.6706542727041554e-06,1.51850760012162e-05,6.431858184450806e-08
wcaL,wcaL,0.00047192771448588845,1176,0.00017658070861088958,6.604077796943167e-05,3.1093977891204944e-05,4.061892345730538e-05,7.040533187760289e-06,4.9544282041594e-05,2.491887780573806e-05,1.5101795019935918e-05,2.4352539239279524e-05,3.663529926274905e-05
hisM,hisM,0.0004715138573661288,1177,0.00015519158341762402,6.220813157220648e-05,5.550763661995778e-06,7.828847537948897e-06,9.457300932240574e-05,3.364285363241369e-05,2.3576306270972724e-05,3.886080769183818e-05,3.391958549400629e-05,1.616196876471698e-05
fumC,fumC,0.00047151247296840185,1178,9.31568454065564e-05,4.1855586856864656e-05,1.4674293475840618e-05,1.8745413524959817e-05,3.262978435158427e-05,3.9622010435086065e-05,3.881989911295055e-05,2.8542939934121335e-05,0.00010016018025498665,6.330551961545151e-05
cheB,cheB,0.0004714940722153158,1179,0.00015685430802362513,9.937677865255619e-05,1.6682907956488495e-05,7.498366435492483e-06,4.680939354017694e-05,2.819110392111619e-05,3.0387388059965518e-05,2.542555399415614e-05,6.162059710527416e-06,5.4106211921211347e-05
mdoC,mdoC,0.00047148576611341013,1180,0.00016070747628724584,3.50504182158536e-05,6.83302393332018e-05,3.0443209042274433e-05,2.0181565729644404e-05,2.6544861245254176e-05,1.4918632783547918e-05,5.3913321102003646e-05,4.3619495995775976e-05,1.777654637860832e-05
yfcP,yfcP,0.0004713486838099406,1181,0.0001732869899465193,9.914510339447823e-05,1.0362268297075962e-05,2.1643313935157295e-05,2.2791329819383385e-06,3.903917991749999e-05,1.1542552683118647e-05,2.9150070862253836e-05,6.140261066703825e-05,2.349746112486079e-05
yjgM,yjgM,0.00047062334691215816,1182,5.2293461684275685e-05,3.215417438496133e-05,5.835995135002777e-05,1.4558976274743844e-05,3.3574965163981906e-05,4.7316871550611384e-05,9.4522706804333e-06,4.6783862083922446e-05,4.718202866170387e-05,0.00012894678507749665
ygaW,ygaW,0.00047033734386767287,1183,2.33512026785769e-05,3.919254562525452e-05,0.00016165004127481175,3.10651421148761e-05,2.293009600565586e-05,4.6778686206437286e-05,2.6941056050023253e-05,2.414480350752914e-05,4.42490472985406e-05,5.003472310596746e-05
rssB,rssB,0.00046972654693391413,1184,0.00019993461634597214,3.9681366710569095e-06,6.137654068369056e-06,4.417783080414461e-06,9.057028087760784e-06,1.919844285373337e-05,3.5904959508858774e-05,4.235214294988716e-05,8.714011545784639e-05,6.161566791001514e-05
yagT,yagT,0.000469591661329672,1185,0.000177527161782395,0.00011806080081913336,1.205551378253352e-05,1.0968188692651995e-05,3.056811609979045e-05,3.033574669026641e-05,3.713059906105381e-05,2.7380776970445754e-05,9.788826496517266e-06,1.577593093488443e-05
syd,syd,0.0004695906773279153,1186,0.0001246872451845967,5.59529950273999e-05,3.3948949990942615e-05,2.0702876730859484e-05,4.151373966327267e-05,3.3814518422834824e-05,5.232432607306204e-06,3.3420383099408975e-05,9.147086447878955e-05,2.884667212250441e-05
hemB,hemB,0.00046950228715284036,1187,0.00026122717330279003,7.122364756151058e-06,2.706575122963149e-05,7.917748923833708e-06,5.4036715034785215e-05,8.664892537529523e-06,3.9505029991688e-05,4.288250355420599e-05,1.3540762955751154e-05,7.5393448664742e-06
ydiQ,ydiQ,0.0004693931560185372,1188,4.4292507338543886e-05,9.552897210530329e-05,7.579475667315042e-05,2.964868875213791e-06,0.00014043564969811595,3.70280901142143e-05,2.9527015362007456e-05,7.601655658987885e-06,1.996511131973457e-05,1.6254528873265637e-05
ribA,ribA,0.0004687448104987069,1189,0.0002505116622807821,6.667713068198036e-05,5.491698595064814e-06,1.644921968951645e-05,1.5550478832578708e-06,1.1433549844994556e-05,2.912899943800709e-05,4.1353991162831806e-07,5.666496033867097e-05,3.0419001834804374e-05
ygcB,ygcB,0.00046870922299124254,1190,0.00013623604323724237,0.00015847032520849823,2.1695042676681716e-05,1.5222759372072673e-06,5.254720647032534e-05,3.351598474976954e-05,6.088204874041998e-07,5.354734332729359e-06,2.6399514627862568e-05,3.2359275263522045e-05
sapD,sapD,0.0004678734926509883,1191,0.00022761832627678962,4.255286602572436e-05,3.934393226289969e-05,1.883742170067982e-05,3.90082576565052e-06,1.5221472543453466e-05,4.2354142518941786e-05,3.44672340175771e-05,2.7642685071403066e-05,1.59345864678689e-05
rfaY,rfaY,0.00046606438655069887,1192,0.00015242367164830135,9.454690137818912e-05,2.408169046501552e-05,3.661199103190485e-05,2.4956623740761057e-06,4.7390388826176035e-05,3.195994662696704e-06,3.039609595239935e-05,5.2917567150747605e-05,2.2004423061192213e-05
yiaU,yiaU,0.000466036885490973,1193,0.00016856336100340205,9.254595171556568e-05,4.9353269298887775e-05,3.1044172288959547e-06,0.0001022583863717242,1.273519831051287e-05,4.2269362261710575e-06,1.8141387945217124e-05,9.111085253286779e-06,5.9968921373095066e-06
slyB,slyB,0.0004633722985838408,1194,0.00012253072321824878,1.8508777516125396e-05,4.234712688223644e-05,1.209088077415267e-05,1.4781403573607594e-06,2.78016077133475e-05,5.268392491415221e-05,7.84469887193299e-05,7.981627589087572e-05,2.7667852598011443e-05
arcB,arcB,0.0004633392400676554,1195,0.000131260438563227,5.782292646234503e-05,2.4991497941364003e-05,4.6260367114098355e-07,2.0988752431093028e-05,4.577450084525099e-05,7.206914637174718e-05,4.993298993998884e-05,2.01203540955379e-05,3.991602974596044e-05
ycdM,ycdM,0.0004632534188398628,1196,0.00019056452110500992,8.651845141689155e-06,1.4718223315960722e-05,3.0279339538203163e-05,6.612441505469616e-05,7.9033358920115e-05,9.29714308763079e-07,4.025611263017485e-05,5.401544040773316e-07,3.215573442117345e-05
aceE,aceE,0.00046323762805789223,1197,8.435497886019039e-05,6.05889089656081e-05,0.0001127091256616843,1.8776455303922698e-05,8.385674124791409e-05,4.237889835912014e-06,3.7396575346426574e-05,1.81456159015224e-05,2.53011475326768e-05,1.7870189402034915e-05
glpK,glpK,0.00046303791026480376,1198,0.0001649200786625982,0.00012801066335823582,1.1612169668897736e-05,2.1890546524306837e-05,5.750093608746899e-05,1.6796493031774894e-05,1.6065557036497909e-06,3.297337331338525e-05,1.3841359226190483e-05,1.3885734688295827e-05
ompF,ompF,0.0004629627880971285,1199,0.00011017725118459957,1.9572843412370185e-05,3.2876583998583245e-05,3.281157908345086e-05,4.788083515655552e-05,2.037224993549045e-05,7.033594405179638e-06,4.960952870482632e-05,8.342093652138891e-06,0.00013428622856393387
ydiN,ydiN,0.00046250155405264484,1200,5.4592151211209476e-05,3.099844510549079e-05,8.605418979443143e-05,1.1319398640292744e-05,7.395128915795178e-06,3.4302214440721004e-05,4.981893161056355e-05,3.1695423251906946e-05,0.00010116276561045683,5.516290547177689e-05
pbpG,pbpG,0.00046207587804502584,1201,9.268965519665827e-05,0.00012803698581481687,5.888717597988947e-05,1.5827947861610357e-05,1.485799755681357e-06,3.454429773412529e-05,3.0743071209744895e-05,3.7252368578982874e-05,3.062357550669823e-06,5.9546218362846667e-05
yaiT,yaiT,0.0004618716440100327,1202,9.053191576617451e-05,6.268016682281075e-05,1.1075671956429455e-05,1.994089069202939e-05,5.0228480832074326e-05,2.8211102247270487e-05,1.1535009138464969e-05,5.276672550381882e-05,6.502275589376322e-05,6.987892515719673e-05
livH,livH,0.0004618495412866705,1203,0.00019295097745905256,5.7583599320538246e-05,7.118908382269865e-05,6.752786327499928e-07,5.11713579788498e-05,8.097712918831407e-06,3.999179344810177e-05,1.9664208757090854e-05,9.467879265490051e-07,1.957874102220811e-05
hslJ,hslJ,0.00046134411241884244,1204,9.849611958160527e-05,8.201666009980845e-05,1.4901103978327811e-05,8.703689112698582e-06,2.0968303139222322e-05,4.301212186271789e-05,3.309956650079252e-05,4.277610466806483e-05,5.9663928594833156e-05,5.770651488077162e-05
yddA,yddA,0.00046122201331930617,1205,0.00020562848745864153,1.14906736369224e-05,2.0511936191781006e-05,3.6076617595855095e-06,3.813123827252153e-05,3.860317260704495e-05,1.2448185967683717e-05,6.209851665202131e-05,6.898457694024787e-06,6.180368307907946e-05
narZ,narZ,0.00046112210258503065,1206,0.00016356365699347382,5.9655672721831404e-05,9.03159154997799e-05,7.560239885179485e-06,5.456798847665008e-05,4.988901962071915e-05,2.0453913794477383e-06,1.7981821787855785e-05,8.587246874777776e-06,6.9551493453155175e-06
guaA,guaA,0.0004605586527470997,1207,6.557235182509876e-05,3.179855036112222e-05,4.7474371848718144e-05,1.4506673776297042e-05,1.0759356577811111e-05,1.2659919295415201e-05,6.679382520126558e-05,1.6084572778395965e-05,0.0001003559310175442,9.455310006543153e-05
msbA,msbA,0.0004600315709217805,1208,8.990635377223778e-05,6.814474121226363e-05,0.00012190234431585484,2.7404443043462046e-06,8.582869739296795e-05,9.533871684045378e-06,1.6911163940720707e-05,1.0173920000292695e-05,4.142458482349544e-05,1.3465449475555946e-05
groL,groL,0.0004595131015187391,1209,0.00015417599848369923,8.706612945637948e-06,8.987225366477159e-06,5.487851953958334e-07,4.684713303957733e-05,3.540364978695105e-05,2.9414258650331465e-05,6.175106044417564e-05,8.38917459889496e-05,2.978663161754385e-05
ompC,ompC,0.0004591946860056598,1210,6.356750118643274e-05,0.000145660707332269,2.383739810047879e-05,2.267572626728937e-05,4.844737091426893e-06,3.634697512157413e-05,1.6860434989972022e-05,6.610897628530196e-05,4.892184530040033e-05,3.0370384330514553e-05
LELOBEKK_traQ,traQ,0.0004589600925714052,1211,9.696229781528511e-05,6.577205235394738e-05,3.8788035567642725e-05,2.834926325543712e-05,4.613683434593485e-05,6.8332095382864154e-06,2.0364087593856837e-05,2.1504948373721242e-05,6.854049163769277e-05,6.570887208960077e-05
insI-1,insI-1,0.00045886265454495365,1212,5.396553501857498e-05,3.7375575157326e-05,6.395993232146014e-05,2.9594002456759312e-05,5.5531130986379553e-05,2.731752790346638e-05,4.035094637035996e-05,2.4541463205833113e-05,8.310040846443616e-05,4.312613266035799e-05
LELOBEKK_ynhF,ynhF,0.0004588316050275332,1213,0.0001228792951567706,1.4394448586320179e-05,1.2987610914746862e-05,3.1218335399297757e-05,6.521348315301587e-05,9.952872278131225e-06,2.846196192359754e-05,6.264796436930578e-05,7.419015975007877e-05,3.688547349626863e-05
yciI,yciI,0.00045824983336694596,1214,0.00022875415394127077,3.530271693287523e-05,4.833089827473169e-06,5.332242008724459e-05,8.990335992419995e-06,1.8186735726677178e-05,4.2330557960437506e-05,1.4285582749025907e-07,5.888456620069532e-05,7.5024008703619485e-06
mngR,mngR,0.0004580562425901744,1215,0.00019889128862370383,4.4387452248243405e-05,6.638906911642369e-06,1.0748141778035881e-05,2.8891965752279137e-05,5.924646230397955e-05,2.796453474629175e-05,3.963538668422848e-05,1.942477101997549e-05,2.2227332521794546e-05
bglJ,bglJ,0.0004578777672675587,1216,1.5257747474702901e-05,0.00010518741976817844,0.0001184821450962329,1.8455154477804685e-05,0.00010335318737683811,3.220101287617823e-05,1.1088873155010473e-05,1.6812295683875883e-05,1.9227505502806156e-05,1.7812425855930975e-05
cls,cls,0.0004575748110978497,1217,0.00014130458293512126,3.148021658774528e-05,2.4677015817268252e-05,1.7510848923002065e-05,5.899705677022923e-05,4.302203285975728e-05,3.636144222852054e-05,6.961888200066463e-05,1.3628239244670194e-05,2.097449373087095e-05
der,der,0.00045704367585671415,1218,0.00024769573603658203,8.311789803272786e-05,1.1910265383739902e-05,1.0725381328736426e-06,1.7506102325314198e-05,4.882305944560762e-05,1.0299553339185306e-05,8.67053449871699e-06,1.2078389729699944e-05,1.586959893226668e-05
fdnG,fdnG,0.00045682356881766395,1219,2.5138340781237355e-05,6.66700369984381e-05,0.00011982633151532854,1.0593157481199124e-05,0.00011424862393290344,4.020195368638427e-05,1.1932752417766738e-05,2.0293938789712588e-07,4.863325073764034e-05,1.9376181878868878e-05
LELOBEKK_pheS,pheS,0.00045679288145217056,1220,7.275235545586296e-05,6.392766104920887e-05,8.47295555075092e-05,1.1131903128379967e-05,7.612646584085542e-06,4.044066870206114e-05,5.865410204772004e-05,5.651765651879655e-05,2.5312023804321545e-05,3.5714308654224735e-05
purH,purH,0.00045678896388778753,1221,0.00013674714504610132,7.382744918547943e-05,1.0724378429462025e-05,1.2918576002510387e-05,0.00010716971004297379,3.390371331041422e-05,1.078331093569262e-05,3.989140146689783e-05,1.078637510341982e-05,2.003690436483607e-05
ydiY,ydiY,0.00045656983559401237,1222,0.00020068616374364673,0.000123092503203099,4.396037763384531e-05,9.297711931165483e-06,2.4262684073043493e-05,1.1984439779028575e-05,5.366056424998335e-06,3.3358890798336714e-06,4.217739273639879e-06,3.0366270451711997e-05
bolA,bolA,0.00045631998368297834,1223,0.00012436424142933702,1.7220706080581194e-05,4.265474608321188e-05,2.151487581007452e-05,6.383762510699447e-06,4.523935483922039e-05,1.6773234707578033e-05,5.5318148820186996e-05,4.7074907006251704e-05,7.977600639583722e-05
yncC,yncC,0.0004562501449455975,1224,0.00014542560565538186,2.8901716234071167e-05,3.9838729023525894e-05,1.84377230555164e-05,3.375699860442741e-06,6.282712117152751e-05,1.987936397687418e-05,2.7899824744803703e-05,5.4396582393434916e-05,5.526777883001916e-05
evgA,evgA,0.00045602498736201644,1225,5.319278675925983e-05,0.00010316356319196464,0.00015162793135676305,2.048496197402404e-05,3.885951087036747e-05,4.0819139836856595e-05,2.499602536679529e-06,1.1324405808369247e-05,2.8153301103061646e-05,5.899783924670439e-06
yccJ,yccJ,0.00045485543690921377,1226,0.0002602705552735221,9.45872391456618e-06,6.460567923529487e-06,1.4011658168168944e-05,7.927091207552475e-06,2.68238340753051e-05,2.6702515702563436e-05,4.05209018462596e-05,1.6067407902658374e-05,4.66121808950881e-05
ybaZ,ybaZ,0.0004541486082528854,1227,2.9241762258710823e-05,4.6757380767919005e-05,0.00011738042440518255,1.4873543287656705e-05,9.455218262194854e-06,1.4166277684828014e-05,4.7648030298505236e-05,6.920620540800122e-05,1.0823444637518625e-05,9.459632124236832e-05
yefM,yefM,0.0004539459055189682,1228,0.00011089546596357511,0.00014160785867835135,1.0621510797367954e-05,6.927796260348209e-06,2.3534982576199056e-05,3.8141613496013397e-05,9.421166559006108e-06,3.569531845795666e-05,3.0795528561361176e-05,4.630466416878918e-05
cheW,cheW,0.0004535248592224538,1229,8.098961471784266e-05,5.581438574946788e-05,1.9735797442539475e-05,1.6558237428659076e-06,2.8384609038339097e-05,3.28954987330086e-05,4.656084027637408e-05,6.162608222275921e-05,6.159226065894463e-05,6.426994664031222e-05
rihA,rihA,0.0004532763459165249,1230,0.0001942766148601641,1.5330556099089365e-05,2.082989297124149e-05,4.958625099838424e-05,2.4324408497604195e-05,4.665150885887007e-06,3.9377399424290374e-05,2.367753498268555e-05,5.7209144827287994e-05,2.3999392369890676e-05
thyA,thyA,0.00045325736565471494,1231,0.00015319590112688425,1.7797554423402515e-05,1.9964021388393725e-05,1.4135055973582891e-05,8.454589683872271e-05,2.3962502172877658e-05,1.4872246040260817e-05,7.45637579297504e-05,4.2573725679788186e-05,7.646704081051726e-06
yrdB,yrdB,0.0004532404538929973,1232,0.00016048329100112622,0.0001243303062484413,2.9062794223115156e-05,2.150133188399978e-05,6.896682397234591e-06,3.972739278255123e-05,1.9034935530657128e-05,1.684446164459578e-05,2.821469881832425e-05,7.14455936295184e-06
allR,allR,0.00045238281412147047,1233,0.0001877399200223604,3.3183274431302875e-05,1.0045923363789261e-05,4.44899437643493e-05,5.679281352027663e-05,5.163261431632599e-05,2.1851305006856585e-05,3.197773196209134e-07,3.812715019136838e-05,8.200092185220033e-06
yfbK,yfbK,0.0004521121120153925,1234,0.0001248660580017333,0.00013258812234162245,3.617408083268052e-05,1.8195968494445433e-05,8.890359858576023e-06,5.1049201325984237e-05,6.717300144814644e-06,6.3330486734321495e-06,2.1489728005420887e-05,4.5808244336682755e-05
rplS,rplS,0.000452037723290281,1235,0.00014727515990505717,4.0868835410298375e-05,5.6888850521119274e-05,9.5457322727251e-07,2.13250269223697e-05,4.501186020244348e-05,3.6560164167622193e-05,4.390575278160299e-05,2.2102144537172215e-05,3.714535561532311e-05
pmrD,pmrD,0.00045124280880100287,1236,0.00011787444119180082,6.809472373478647e-05,6.91568596793582e-05,1.387780070358175e-05,1.8507864131903322e-05,7.46995093331179e-05,3.952304580451585e-05,3.4349490132949525e-05,9.392425102495073e-06,5.766648986494e-06
ihfA,ihfA,0.00045099354644079345,1237,0.0002082247292922096,6.991108812724486e-06,1.357932874490709e-06,1.8751433666294173e-05,3.2424627814397806e-05,7.896096349134429e-06,7.789480146820314e-06,3.711141181908775e-05,0.00011499377117153786,1.5452954494096287e-05
znuC,znuC,0.00045039200503926055,1238,0.00011007867675316071,8.944716532589135e-05,3.115139432384342e-05,2.5024715754557883e-05,7.792870992394536e-05,1.3543429562359394e-05,2.0982788443721024e-05,2.696491999565394e-05,2.509063419777809e-05,3.017957075834935e-05
LELOBEKK_lacA,lacA,0.0004503221245965436,1239,2.963377867763464e-05,9.360926957934031e-05,9.749117289728454e-06,3.849119457250553e-05,3.784147910586018e-05,5.963709680754241e-05,6.276637463540352e-06,4.337189882447693e-05,9.875488931843622e-05,3.295676295747863e-05
ybjT,ybjT,0.0004502844158970314,1240,0.0001656719582892194,6.841234954839653e-05,3.893973730009062e-06,2.6213809837302173e-05,1.6272330021863508e-05,4.1254285834136696e-05,2.594642956966514e-05,2.2082308972635616e-05,6.699862773725074e-05,1.3538342356552577e-05
ycaP,ycaP,0.00045018861261215937,1241,8.752612698898758e-06,5.15040013332587e-05,8.411699953348474e-05,3.233362938115027e-05,8.564840224809412e-05,2.845175120517093e-05,6.540538851280361e-05,4.3405302403292696e-05,2.8904632656839714e-05,2.1665892639165868e-05
fumB,fumB,0.00044998416180091805,1242,1.2462376715545897e-05,3.342580267015317e-05,6.59132146989162e-05,9.117176217516384e-06,1.2996665054930722e-05,5.204438670866795e-05,1.3041505835115465e-05,4.764090181131463e-05,3.758786568736001e-05,0.00016575426640139763
dsbG,dsbG,0.0004495521009998923,1243,9.013347611418184e-05,9.830746825735793e-05,3.1500888474553785e-06,7.818735280813615e-06,6.31594053693782e-05,2.792483199724794e-05,1.942957679952808e-05,1.8029901243419804e-05,6.982834983550935e-05,5.17702672550001e-05
uspB,uspB,0.00044943922265021477,1244,0.00011364371812487792,4.686447709448007e-06,3.381505552079073e-05,1.0940226011918143e-05,7.466682413366954e-06,5.203455668864181e-05,3.198485752042912e-05,6.762155046037857e-05,8.522669338092562e-05,4.20194348194379e-05
speA,speA,0.00044941203977976596,1245,0.00019322327677721239,4.400235775463529e-06,2.462067518203445e-06,1.6340270803765088e-07,2.362015748578547e-06,1.7662408033696726e-05,3.790369692933924e-05,6.990622312498644e-05,4.7514131753778616e-05,7.381458141046937e-05
yajD,yajD,0.0004492205217789526,1246,1.5887309061685785e-05,3.521258195095224e-05,6.41457299705665e-05,8.35096616908014e-07,0.00011212999292280577,1.438653987349474e-05,5.595453380532665e-05,1.050636795928021e-05,6.870314926524193e-05,7.145922035269081e-05
yheO,yheO,0.0004489827740098855,1247,9.516951985711433e-05,7.28088005853458e-05,4.8094122227426094e-05,1.0818918767097786e-05,5.8912486688406564e-05,4.71371788775039e-05,6.899264752333408e-06,5.8392852058753366e-05,2.4381715557554835e-05,2.636791463834947e-05
fdoI,fdoI,0.0004488219430722286,1248,0.000153290888598019,0.00012923807294647682,4.5023982024620306e-06,8.122734212393507e-06,2.787074383471025e-06,2.165120502407659e-05,1.5888098564121765e-06,2.1474865645153528e-05,9.24431040993024e-05,1.3722790104461503e-05
rplA,rplA,0.0004476820839645387,1249,0.00023039641436813958,1.0425656371808447e-06,4.7140890250703315e-06,8.825166236078069e-06,2.2506119643840158e-05,2.13572228248659e-06,2.7557096462113366e-05,3.472856662901979e-05,5.848090004497056e-05,5.729544363563939e-05
idnD,idnD,0.00044710898349513244,1250,0.00015186966765549735,9.54311452988647e-05,3.309333382480528e-05,1.3080631696850875e-05,5.166184170842801e-05,6.053608960961054e-05,5.296658836888362e-07,2.3990116148115444e-05,1.6885846590027748e-05,3.064507924367365e-08
cysJ,cysJ,0.0004468296669377301,1251,0.00017124672221603866,0.00010495652141432285,5.752980270096415e-05,2.0968557912755886e-06,8.11449556256385e-06,2.6895222134584357e-05,2.293429008224168e-05,1.9171029666733557e-05,2.8238499519908557e-05,5.646227849096837e-06
btuR,btuR,0.0004464166995844376,1252,0.0001707385566685877,3.314019813005381e-05,6.057504344756105e-05,4.919719003869624e-07,2.6874777386527727e-06,1.8712323105653465e-05,1.762615224958122e-05,3.1105334587167584e-05,1.8772816735307406e-05,9.256682502148572e-05
rspB,rspB,0.0004457672303706874,1253,4.1119289961641175e-05,7.297172495100613e-05,7.706315720451617e-05,1.2764000508836654e-06,0.0001363261704936808,3.530985858618156e-05,1.3894672337294763e-05,7.23646016956439e-07,3.7521690403693466e-05,2.9560620364833202e-05
sufD,sufD,0.00044575893375817574,1254,0.00017816302578709418,3.673797630496604e-05,3.7543443083985154e-05,1.8001972675490305e-06,5.141315784840506e-05,9.387820550220949e-06,3.063725085312989e-05,3.324144303913981e-05,3.6083356029094545e-05,3.075126299459105e-05
cobS,cobS,0.0004457284716472417,1255,0.00017382527487991612,8.383165918192491e-05,4.33081811807619e-05,1.4077499586749337e-05,2.9546901927219272e-05,2.687058238944691e-06,2.360622025985741e-05,4.261861209558046e-05,1.1237006145320634e-05,2.099005815096701e-05
flgA,flgA,0.0004456604554128013,1256,4.384856949491985e-05,5.7605069009697426e-05,4.46279870660274e-05,2.5127473857907853e-05,3.6054833344654456e-05,4.8317583277284373e-05,2.268589885940333e-05,7.895614374088196e-05,3.405549635486738e-05,5.438140040715725e-05
ycjM,ycjM,0.0004456321124970742,1257,0.00011342730291215235,2.6780130165990506e-05,3.3870892675795675e-05,2.9020670846349776e-06,7.624103560628516e-06,7.441115694653857e-05,6.726246022846506e-06,6.563611892763572e-05,7.612402355589732e-05,3.813007064495404e-05
LELOBEKK_lacY,lacY,0.00044542560701942794,1258,4.067228855298046e-05,4.5101108391799456e-05,4.2150841129233215e-05,2.7496842143445e-05,9.13830691240556e-06,3.356411053458504e-05,3.8125223417719765e-06,9.172483018737496e-05,1.7357461810826915e-05,0.00013440729501500533
mdh,mdh,0.00044540472277183787,1259,7.315596707288225e-05,2.2801838214324018e-05,3.288828075094417e-05,1.4247909663924271e-05,0.00010861881892296489,3.785662567879133e-05,2.5271815895916554e-07,8.842792116110258e-05,6.438970988990413e-05,2.7649332580410774e-06
argG,argG,0.00044456498266237925,1260,5.2787779167609076e-05,3.75416044878411e-05,0.00011463280332947867,1.7591466411893084e-05,8.751213530140875e-05,1.8958111768934183e-05,6.5311371960396715e-06,6.786626851643754e-05,4.016786581074778e-05,9.758106719893767e-07
afuB,afuB,0.000444445604371201,1261,0.00021627363470282215,2.7782068118462215e-05,5.479961652542976e-05,2.6771217292402597e-06,3.879777837069541e-05,3.113684901067479e-05,3.2738753984097756e-05,4.362814785377971e-06,1.1804423216267059e-05,2.4072543928133663e-05
ykgO,ykgO,0.00044415815610467525,1262,2.5534808093908398e-05,3.891701877852143e-05,6.607803832114441e-05,3.360672971383847e-05,4.083708812360178e-05,1.1243617842396153e-05,4.821612281538303e-05,1.4846269194302693e-05,1.2464044674049656e-05,0.00015241441854752926
yecT,yecT,0.00044407242079082157,1263,0.00010515049333513046,5.6867257886595565e-05,9.214843434305424e-05,1.8451650401350937e-05,0.00010773781429804952,1.0549643696736335e-06,4.511940437478949e-05,7.3512374946296604e-06,6.686401591024596e-06,3.5047626965234995e-06
ypfI,ypfI,0.0004439674738677416,1264,0.0001716448531523327,9.307158308710065e-05,1.3361544802794657e-05,1.6000392693941647e-05,6.536475249721145e-05,4.03401347157275e-05,9.742977142884597e-06,9.052005344109349e-07,1.2940116210345454e-05,2.0595919030991972e-05
ybaA,ybaA,0.0004431830425652877,1265,0.00012797811198055178,2.1952654306694514e-05,6.505982395236005e-06,8.570060650589163e-05,5.988923172986895e-05,3.13064779287284e-05,8.113414963672595e-06,9.603211048714266e-06,7.022230800605422e-05,2.1911043699875266e-05
tldD,tldD,0.00044305423554109424,1266,7.222951818896018e-07,0.00012648564739197433,4.9497611298590046e-05,3.212166822482889e-05,2.6912337171201033e-06,7.836964911395896e-05,3.1612764920197774e-05,6.759569961515599e-05,5.296200277027985e-05,9.95663307098707e-07
prsA,prsA,0.00044279610758812723,1267,4.5133034959789136e-05,5.484505872666583e-05,3.01579105454661e-06,1.3742101474402589e-05,6.048279454531935e-05,5.104212477686213e-05,3.88349968561836e-05,0.000112505980472235,4.574003479969523e-06,5.86202212421534e-05
LELOBEKK_gap,gap,0.000442578327173706,1268,0.00019353212345186841,6.115170810637286e-06,6.855411008606946e-05,8.066078179427862e-06,3.544673815420366e-05,2.175812022770415e-05,1.7634451585393406e-05,2.1386053263002168e-05,3.3233227162021966e-05,3.685225425337759e-05
aspC,aspC,0.0004424474901402481,1269,0.0002262750269175204,2.918180633770375e-05,3.0648260819345636e-05,5.781480811276299e-06,2.8601298435752347e-05,2.264136201832394e-05,1.57980856951597e-05,1.6852255207963466e-05,1.081936065213269e-05,5.584855324506982e-05
fruA,fruA,0.0004419721789109009,1270,7.341829308462332e-05,0.00010986476022008014,4.668664701424987e-06,2.222261245847789e-05,1.1008988083498768e-05,1.2592707870284081e-05,6.205312742605225e-05,2.1637745360191776e-05,4.6646151499634e-05,7.785912820663368e-05
rlpB,rlpB,0.00044117510500227687,1271,8.586106797277432e-05,5.762645443013834e-06,5.6167681755136e-05,3.308547682741833e-08,1.4272560299663347e-05,1.7061094870461938e-05,2.0093739177693886e-05,7.557068188083231e-05,5.6728931776266634e-05,0.0001096236163496072
ydeR,ydeR,0.0004409187505987249,1272,0.00011629885475292076,0.00012192038056905416,1.826398054423202e-05,1.4003200207137999e-05,4.257362314952769e-05,4.020490225837356e-05,2.6554415501135512e-05,3.1848843847718566e-05,8.452989680326015e-06,2.079756008829855e-05
pck,pck,0.0004407311726859894,1273,1.1759513964779628e-05,4.007430851232968e-05,5.859015804084042e-06,3.424478718307058e-05,4.008044641384864e-05,3.078893970398146e-05,8.159568332618079e-05,6.973540671300343e-06,7.62150752839247e-05,0.00011313986182248957
csiE,csiE,0.000440636356010368,1274,0.00020918545504922654,2.0874225101197455e-05,2.071129253137671e-05,4.9568886554039095e-05,1.3407800841916539e-05,4.151307476248459e-05,3.556724166051428e-06,5.467377175231979e-06,6.469303524312424e-05,1.1658484585719403e-05
mutY,mutY,0.0004404442990863386,1275,3.4842539077128256e-05,7.890067753863332e-05,4.668031201262019e-05,8.14654423789352e-06,0.000104486374461031,2.813901383190061e-06,4.7062729620630126e-05,8.432496591049674e-06,8.034870182144204e-05,2.873002234272037e-05
treC,treC,0.00044028403908826256,1276,0.0001111317747839794,8.060184430281376e-05,3.590069860220408e-05,2.6720731352692975e-06,8.517240179213598e-05,3.25028557460138e-05,3.7801604573745605e-05,2.5599327405924024e-05,1.7185705247208045e-06,2.7182888221455803e-05
LELOBEKK_traJ,traJ,0.00043996078347269003,1277,0.00014999633398438624,1.2142283499850669e-05,3.214491149586042e-05,4.091300298696759e-05,2.6476557518625543e-05,6.480509297536638e-07,1.0492170778385015e-06,6.38890821682311e-05,7.567087194534214e-05,3.703047186583421e-05
yfjF,yfjF,0.00043979021262504075,1278,0.00025149998208201903,6.391950260393251e-06,2.6567937966038073e-05,1.7560885128145228e-05,1.5225330707104987e-05,1.0627556122722542e-05,4.207776438856457e-06,4.1931075592807684e-05,1.4175250881389157e-05,5.160246744556436e-05
ascG,ascG,0.00043951252117115607,1279,6.08441244052583e-05,2.434842673388589e-05,6.826450725786392e-05,2.5732193634449817e-05,0.00011721498037531673,3.311359518060826e-05,2.5089086773645344e-05,2.2579514586201868e-05,4.8421949514178244e-05,1.3904142709747607e-05
argD,argD,0.00043950157535983466,1280,9.030918004684694e-05,6.696934177615034e-05,7.90202691281009e-05,1.6782351379517042e-05,5.324897747585038e-05,1.7860973979155986e-05,3.411816872186305e-06,5.210568742415983e-05,3.449306009496797e-05,2.5299917182898975e-05
purF,purF,0.0004394217445542345,1281,0.0001954122225450154,5.70630597259398e-05,2.1321639067007363e-05,3.071517255419891e-05,6.338696484279597e-05,9.445326328074135e-07,2.222070366788154e-05,1.0486893032004088e-05,1.69495058528e-05,2.0921050633784107e-05
ccmA,ccmA,0.000439249198976123,1282,0.00018771468188234365,0.00011978456024222496,7.532458023741609e-06,1.3373295658058495e-05,2.1417404627825622e-05,2.6121477014067707e-06,3.505293292958633e-05,1.7030293735490156e-05,3.0400723613875366e-05,4.3307005615701384e-06
ansP,ansP,0.0004388120706820791,1283,0.0001749715850827335,6.749344095521128e-05,3.6699192610144827e-06,1.7362054782801434e-06,3.6181450550742797e-05,2.7538543298287028e-05,4.0460659676507514e-05,3.3822183741660486e-05,4.961399274991042e-05,3.3240898877314912e-06
yidE,yidE,0.0004385505179929608,1284,0.0001428174519003129,8.432909305612541e-05,2.8852693460791544e-05,2.0227876029070627e-06,3.4684544946206433e-06,6.0386146298456e-05,1.4690807909081598e-05,5.6439871461997826e-05,7.737040012677947e-06,3.780617179598986e-05
yccZ,yccZ,0.00043825543743802067,1285,0.00024925743919831396,2.4447932564060552e-05,9.978339797039232e-06,1.5312726788563497e-05,1.2820634614787828e-05,1.718506907643914e-05,2.9782420006702676e-05,4.3897696966541165e-05,7.677073889649781e-06,2.7896104535922838e-05
ydcK,ydcK,0.0004375138063651125,1286,0.00019741919853261963,5.918030744571747e-05,2.83152006351498e-07,1.953809219209065e-06,6.495111887263325e-05,8.7303907535625e-06,1.9367019044955865e-05,1.0247952321989896e-05,3.497584578728773e-05,4.040501238078562e-05
wcaM,wcaM,0.0004373220587459053,1287,0.00014168548095812606,9.733974675740057e-05,2.571951566394655e-06,1.0219584896921178e-05,2.9818364785499016e-05,2.921414929067052e-05,4.3330857333260774e-05,1.4713274090130773e-05,7.713917578164375e-06,6.0714731489337386e-05
yagP,yagP,0.0004369067215715266,1288,0.0001803159650774044,6.338122581720706e-05,1.4734515730156558e-05,3.2725894239945663e-06,6.247525083798883e-06,2.640015706592172e-05,1.3653634180898725e-05,3.2332876102418804e-05,5.6597781355554856e-05,3.997045173417101e-05
xdhC,xdhC,0.0004368280269280728,1289,7.404939155304667e-05,0.00010706668646710284,9.06512887774686e-05,1.6937798198861737e-05,0.00010323383968348665,9.039422036239426e-08,1.616155810565187e-05,2.577542475419845e-05,1.2270124223637126e-06,1.6346327455298366e-06
alsC,alsC,0.00043655050157876557,1290,6.372408539737319e-05,0.00013979271943632233,7.130554710577419e-05,1.764288673049344e-05,8.769069315310751e-07,7.712819863742758e-06,7.239356168420392e-05,2.1667350057094593e-05,2.3010916719899747e-05,1.84237076523303e-05
fieF,fieF,0.0004365069299667873,1291,0.00010443225126550183,4.79456099823435e-05,2.0749238070071802e-05,1.6298171896971245e-05,1.3234107208248444e-05,6.742035370356881e-07,1.6168122167652956e-05,8.141766033717525e-06,0.00014773723303741182,6.112622676783246e-05
ydaE,ydaE,0.00043513353502514244,1292,3.0716908002543605e-05,9.663199788103516e-06,0.00013142322971298489,3.3412890381979668e-06,0.00013440825607914653,3.5531794931803796e-05,7.645515948887205e-06,1.2260076068598192e-05,4.4735729458336804e-05,2.5407535996539906e-05
ppdB,ppdB,0.0004349892640661095,1293,0.0001885986762698934,1.5712458951166017e-07,3.628714011282601e-05,3.104416265670546e-06,3.46671314486496e-05,5.955768353189813e-06,9.342940978092491e-06,1.1823901324076459e-05,0.00012640582528293447,1.8646339441265078e-05
ydcH,ydcH,0.00043438357095737046,1294,8.869674945178346e-05,2.873851554949216e-05,1.0343107275249042e-05,1.4324226130552375e-05,6.221929381323838e-05,2.2074226929289422e-05,1.023259381314657e-05,0.00011579213087162043,5.2091360406576e-05,2.9871366716422646e-05
ycbF,ycbF,0.000434289780143994,1295,3.455766517214696e-05,9.161043365911013e-05,9.464745205851942e-05,9.48161521639968e-06,6.926915364443342e-05,9.05528614589675e-06,4.4764717963552577e-05,4.087059583277533e-05,3.053416604253138e-05,9.498694408628333e-06
ydhY,ydhY,0.0004337490417636697,1296,0.00020123375044705271,4.501449281475652e-06,6.363886788829854e-05,2.795391245823618e-05,3.0031712749341427e-05,1.2974782830858823e-05,1.5384041925701646e-05,3.1290267972196587e-06,3.1337638147724166e-05,4.3563859237760894e-05
ydeI,ydeI,0.00043372124357376606,1297,1.8769346108316922e-05,2.62338790502052e-05,5.887065032051368e-05,5.626142251244548e-05,3.56917538147011e-05,4.774033800171621e-05,4.0217299660368376e-05,4.699607860213702e-05,6.135816063054091e-05,4.15823148728212e-05
dicC,dicC,0.0004335258409045768,1298,4.3544044570553535e-05,5.099954785812517e-05,7.318831781537859e-05,2.8740515098321977e-05,2.5023516328946782e-05,1.8152211849278868e-05,3.349792665951528e-05,4.439737400522255e-05,3.1281525164836817e-05,8.470086155439719e-05
LELOBEKK_trxA,trxA,0.00043216596307176327,1299,0.00014003184824907126,4.52694144356963e-05,2.8016132778644962e-05,6.791207999923497e-06,3.876838092037536e-05,4.905780058119263e-05,3.672930131047751e-05,5.0507887818492364e-05,1.800773835104068e-05,1.898625062684869e-05
sfmH,sfmH,0.00043195282727118644,1300,7.386954970693391e-05,5.3641243880307934e-05,0.00012165006379086875,2.365484210183321e-06,8.522841427327442e-05,5.59148119248169e-06,2.0783701710638035e-05,2.26929234172898e-05,9.05589998401745e-06,3.707406510519121e-05
yfiH,yfiH,0.000431276138480633,1301,0.00011123788702845675,8.951066783710058e-05,2.1115426314967506e-05,2.840465441613622e-05,7.19872360039539e-05,2.469949478607372e-05,1.79757473138193e-05,1.6776886566337456e-06,5.8151699845513456e-05,6.515636277977838e-06
nrdF,nrdF,0.0004306840019837757,1302,0.00010429361527515029,2.690266724939064e-06,2.1445868470450752e-05,3.113914157265005e-06,2.5531678052958083e-05,2.642786868726834e-05,3.65881479840717e-05,3.847140035666754e-05,0.00011225771991267004,5.986352236233488e-05
sgcE,sgcE,0.0004305655952259214,1303,7.960025161353603e-05,0.00012916479149721128,2.4257200219007367e-05,2.2593238969859443e-05,6.630643376677694e-05,2.3592151077438453e-05,2.479022846336935e-06,5.988943855576552e-06,1.6105349630312067e-05,6.047821174986643e-05
ymdB,ymdB,0.0004301068782253128,1304,5.8058112604470275e-05,6.45597521675712e-05,0.00011632643518244517,1.0987723733843739e-05,0.00011004820282607622,3.939496728314449e-07,1.7629409582604646e-05,1.0381395168348677e-05,4.2048891426815295e-06,3.751700814443993e-05
phoU,phoU,0.0004300173307261964,1305,6.439199071077203e-05,8.51359138177683e-05,3.911425400779486e-05,1.1265661998591048e-05,1.989804615536712e-05,9.783158661890023e-05,1.2554809618386945e-06,1.2461942966842808e-05,3.383118693489121e-05,6.483126655343006e-05
yfjL,yfjL,0.00042997165068820044,1306,0.00014756198090921582,6.391488976834166e-05,2.728657477673916e-05,4.500722272364735e-05,3.120933242382987e-05,5.716555903251583e-05,8.316395269457329e-06,8.148252960708457e-06,2.364406278026131e-05,1.771738004348367e-05
garK,garK,0.000429928350890876,1307,0.00010797158536062233,8.559857443074608e-05,8.214016014768714e-05,1.8146750486480956e-05,5.9453970669015605e-05,2.3385193183502687e-05,1.0950927762035628e-05,1.2993363273442844e-05,1.1803854567072739e-05,1.7483971010270032e-05
ynfF,ynfF,0.00042975081021628464,1308,9.57043935603875e-05,9.135541279780732e-05,0.00017573211767725285,6.299012422089929e-06,7.293171124403401e-06,3.2512256227831072e-06,1.5125065359479756e-05,2.357641020743597e-05,2.4703243183917068e-06,8.943677126253103e-06
ycbT,ycbT,0.0004296190586052326,1309,5.912146925874066e-05,6.613128074731573e-05,2.641911764747293e-05,6.389174234688818e-06,2.4987001301096515e-05,7.584822710226139e-05,3.7348434992758724e-06,5.8701155250783596e-05,0.00010354182132899728,4.744968234599799e-06
mipA,mipA,0.00042939420712316274,1310,0.00012428423093079695,3.770917159599203e-05,4.617631898657225e-05,1.2917548472496018e-06,0.00010490058456599288,1.2183138083107198e-05,2.958474218142305e-05,4.700019848864818e-06,5.6043207113582414e-05,1.2521038969581569e-05
btuF,btuF,0.00042865244824524427,1311,7.946622662028055e-05,9.786359439057086e-05,3.6089967558233925e-05,2.5108668206305992e-05,5.3020250664969796e-05,1.399986498746723e-05,2.7574327828578283e-05,3.4259261680790974e-05,3.70547553533899e-05,2.4215530954656694e-05
yieH,yieH,0.0004272929312580108,1312,6.0224168119595466e-05,3.352562760569572e-05,5.392615737728602e-05,2.2267288901476064e-05,0.0001233691634164084,2.1026293732201354e-05,3.030536523637224e-05,2.8458887259066427e-05,1.1150878826833807e-05,4.3039100783075305e-05
ytfK,ytfK,0.00042727690095703807,1313,0.00017629866935476503,5.0736506885430395e-05,1.2133902556426094e-05,2.8945490638065205e-05,5.191956234611175e-05,3.48594753137343e-05,2.4771079562033042e-05,1.1373454549377444e-05,8.103067217978777e-06,2.8135692533116e-05
hyi,hyi,0.00042643975546071425,1314,2.0175948780192153e-05,2.377541884998925e-05,8.778858131337098e-05,3.234925375831068e-05,8.719463138847058e-05,4.314742175693584e-05,4.387184903198327e-05,2.008806521079143e-05,4.066193639851175e-05,2.7386648972158376e-05
ydiH,ydiH,0.00042611690327554197,1315,0.00024010968156441397,9.011667057125051e-05,1.5550783263112368e-05,3.9794916725169654e-06,2.8008084715858777e-06,4.368632910830846e-06,1.976146627436807e-05,3.263359396177482e-05,1.6065176253627378e-05,7.305983320611922e-07
yibT,yibT,0.00042572420982349245,1316,0.00013773910837761778,5.9213563492554874e-05,3.0530732464149996e-05,3.0869958106917736e-05,2.32654281620894e-05,2.5366631205176225e-05,1.3656849575141076e-06,6.855984121258557e-05,3.9513138319351225e-05,9.300123525535511e-06
yqiJ,yqiJ,0.0004254611304879104,1317,6.976928550992057e-05,7.322029038834893e-05,3.304930385406915e-05,9.145794252889416e-06,1.8214850348382223e-06,1.8275118964205076e-06,2.471159914659686e-05,9.222991392854484e-06,0.00014032399874678653,6.236887026518573e-05
argI,argI,0.0004252082264354397,1318,0.00017779318012581396,3.51448862731674e-05,4.349952574831053e-05,2.7461860913106856e-05,2.662624623704255e-05,3.90221819217771e-05,8.10567231359829e-06,3.214569789168377e-05,2.1438042143935416e-06,3.326517079654563e-05
yeaD,yeaD,0.0004243757080487334,1319,0.000114152912179673,8.746580570914559e-06,4.3365167909703105e-05,7.67428359639439e-05,1.2118700940592691e-05,5.671683495189422e-05,1.99466146206542e-05,1.2148886913537644e-05,2.8577592960764864e-05,5.185958103705521e-05
fucR,fucR,0.00042423778911386247,1320,6.915412528035248e-05,4.623039962468541e-05,0.00010571154582976327,1.5995590388715507e-05,7.840718403367584e-05,1.1981807570493607e-05,7.890529539722754e-06,2.8376771647980828e-05,3.3665279260125275e-05,2.68245559383475e-05
yhiD,yhiD,0.00042418982921109465,1321,0.00016451452548579834,8.426366534229287e-05,4.4397404219428785e-05,1.043193693502133e-05,7.227432563163168e-07,2.332404515267714e-05,3.2898865214953464e-05,4.219149014978995e-05,5.310302161525404e-06,1.613485129329096e-05
ygdH,ygdH,0.00042387996172980734,1322,1.1077572143220104e-05,0.00011529636953478297,2.8954600113969847e-05,9.57171282546027e-06,9.203075483710332e-05,1.417719114960224e-05,1.8385189913854826e-05,6.896807011207406e-05,3.988173262112785e-05,2.553676847861184e-05
wcaB,wcaB,0.0004233871613666061,1323,0.00012591682163579093,0.0001266890759253074,9.605669126568015e-06,2.0328295975368196e-05,1.1169456332035933e-05,5.0530150850028275e-05,1.844616208077704e-05,2.1600939550605407e-05,1.902897793338084e-05,2.0071611956744076e-05
ybiS,ybiS,0.0004231548919990097,1324,9.682446574792062e-05,7.974878640636667e-05,9.629313900324091e-06,1.713601229830782e-06,2.6337889632382507e-05,3.4303350422047214e-06,7.463170833092179e-07,6.012765478216396e-05,5.791870037839535e-05,8.66778277961118e-05
treA,treA,0.0004230344383935073,1325,0.00016745443106863504,2.7802484726222982e-05,4.7665422996122057e-07,1.5132544803458511e-05,3.5811999598511217e-05,3.2552707640418426e-05,2.5161485875111627e-05,3.755174368263399e-05,5.593334464998503e-05,2.515704211856927e-05
cmtA,cmtA,0.00042256945855321387,1326,7.42601188575078e-05,0.00012481245995166912,1.9578968657953625e-06,6.101557157601752e-07,1.9618014685099837e-05,1.81699831633459e-05,4.220841686716626e-05,6.152215248860891e-05,2.598454535216196e-05,5.342571460609849e-05
csgF,csgF,0.0004223980024807223,1327,8.009590393433866e-05,4.452229619488442e-05,5.225781088851775e-05,1.4384385583610383e-05,7.095181105058216e-05,1.0475876343831202e-05,4.3823909456374674e-05,1.809408371636826e-05,4.66559234991755e-05,4.1136001813039275e-05
rpoH,rpoH,0.0004218811287005298,1328,0.00015056405226804068,2.0195986321815494e-05,2.9357630660690676e-05,1.025144808734639e-06,2.6227346826748952e-05,2.6940608982494833e-05,1.19604991089752e-06,5.9392795393213515e-05,6.584351480695287e-05,4.1137998720940634e-05
mokC,mokC,0.0004215276658614471,1329,4.4831608549671075e-05,9.454254510954731e-05,2.854256990239354e-05,1.514068448950159e-05,0.0001118592459179694,6.400173782950999e-06,6.679026240917425e-05,2.5048789884997926e-05,2.0349484282689896e-05,8.022301532551177e-06
yqiI,yqiI,0.0004213932470004388,1330,2.782049742342103e-06,7.24714806513836e-05,7.526475741913775e-05,1.2432830679472025e-05,7.334802146484836e-06,9.017014736183226e-05,5.163746133963269e-06,7.942988539434295e-05,6.680919253533332e-05,9.534354936146706e-06
bipA,bipA,0.00042139251303617586,1331,0.00011115377075074778,2.2289491957864467e-05,9.917008269305024e-05,1.8291921824096468e-05,6.270583139506226e-05,8.429824773519723e-06,2.3277169952785295e-05,3.747821004756092e-05,1.3689223016861731e-05,2.4906986624626943e-05
yqeF,yqeF,0.00042132821751439924,1332,5.694668332329937e-05,4.834170665373427e-05,4.662081230482288e-05,5.27858275305821e-05,7.085666694085885e-05,7.835282412477847e-06,1.866486372859351e-05,4.4063237057705424e-05,1.6168884930353755e-05,5.904425263197117e-05
yeeD,yeeD,0.00042110266839362443,1333,1.990335678943874e-05,9.596113379384903e-05,1.0001335702088323e-05,3.994199338715698e-06,8.123266976636906e-05,2.0656264568197655e-05,4.1388850075098655e-05,7.232633222456363e-05,8.695910443029302e-06,6.694261569227433e-05
ydjL,ydjL,0.00042090582650607854,1334,0.00017609482037000233,8.934348464075456e-05,5.219216284073111e-07,2.7272751182598745e-05,5.091083128153407e-05,3.321753258697494e-06,1.2213377527762385e-05,1.0671931370462958e-05,2.0120694651197655e-05,3.043426059466102e-05
ycbB,ycbB,0.0004208246603333494,1335,1.9288215345202007e-05,0.0001545963856146492,1.2688703984560589e-05,1.907477325805973e-05,1.781159638367796e-05,6.971218923947057e-05,7.129078000743154e-07,9.267240029065335e-05,2.152212656166619e-06,3.211527576083508e-05
yqeH,yqeH,0.0004207997353716816,1336,2.8769903522475596e-05,3.0921750728892054e-05,9.97891123343553e-05,1.4325871455801167e-05,6.466198074498823e-05,1.7558284408916364e-05,2.7167148037385348e-05,9.397286631125476e-06,7.131410443619736e-05,5.689429307154467e-05
fadL,fadL,0.0004199635282063603,1337,0.00013819165406669896,4.650174516978684e-05,1.5200883168753451e-05,1.8004582943912505e-06,1.787659567002262e-05,9.143621067784378e-06,9.76944303841737e-06,1.5222185904462229e-05,8.1923700097502e-05,8.433324172854116e-05
yedQ,yedQ,0.00041979632964362945,1338,0.00018484606383398208,7.09911248683135e-05,8.085466853105224e-06,3.257902604994327e-05,2.6037053260545773e-05,6.324858064158452e-05,2.4578320262220024e-05,4.6133092131220284e-06,3.621925695861367e-06,1.1954589649516678e-06
acrB,acrB,0.0004195984889079598,1339,6.461169381821022e-05,4.566245504525788e-05,5.687144457755962e-05,2.402096676368813e-05,4.266737389742789e-05,2.4387860993016004e-05,2.2471029500073156e-05,3.841877451428521e-05,7.839921613714589e-05,2.208767366129582e-05
araH,araH,0.00041952887107930207,1340,0.00018254875077849774,9.78953937605297e-05,8.425688773247718e-06,2.1670371805724386e-05,1.22738429102956e-05,2.29438991698407e-06,4.395441336757683e-05,7.941090085915738e-06,3.8665363961785125e-05,3.859565718745188e-06
ypfG,ypfG,0.000418935851792744,1341,5.8727627894180384e-05,9.495531203673154e-05,3.561753775143695e-05,7.761441501689082e-06,2.5259947805810277e-05,2.0767676672316558e-06,0.00011198132194924078,2.538605927952796e-06,2.7233796621342773e-05,5.278349263712773e-05
kefB,kefB,0.0004182029305685326,1342,7.6394412817181e-06,0.00010754001877173157,7.676745357530097e-05,1.820375684208603e-05,4.5519158475630346e-05,8.731152136624337e-05,2.4861791275922944e-06,1.2462186859992105e-05,4.3926816564525794e-05,1.634639770371199e-05
ygfQ,ygfQ,0.0004181268624598403,1343,6.874265923039689e-05,1.970417141111438e-05,8.919838969677766e-05,8.202295042535176e-06,0.00010096084924640633,2.486241106212899e-05,5.487902678588216e-06,3.395569628896444e-05,4.262589294455435e-05,2.4386594858373795e-05
kdpD,kdpD,0.000417939550003294,1344,2.312871608870903e-05,7.47660379874177e-05,2.9096135092747004e-05,2.8537243021758226e-05,3.4511423080696645e-05,4.81925145047437e-05,2.0321856734423724e-05,4.90961658136757e-05,7.024085287371679e-05,4.004860480540539e-05
malY,malY,0.0004178660406988536,1345,2.8423275703622342e-05,3.382722982503094e-05,3.206052295993911e-05,2.7650990892609347e-05,2.631396507317003e-05,9.938332542775531e-05,1.131966119855237e-05,1.3457601201930246e-05,3.6097869813510555e-05,0.00010933159860273338
yacH,yacH,0.00041716548013806174,1346,0.00011584758397572229,8.262796114206126e-05,3.0004949228482376e-05,1.8619089781503066e-05,2.0133934875742448e-05,2.84405762849454e-05,4.131408015024999e-05,7.197132450459273e-05,1.4036696223918757e-06,6.802310572370323e-06
sirA,sirA,0.0004170583605881697,1347,0.00011572862031084822,2.4967529882463513e-05,8.013549573769217e-05,2.908866222156746e-05,5.8259009034549136e-05,1.631803587203175e-05,3.0516465640312984e-05,1.88671110850805e-05,2.7026709668590808e-05,1.615072113503319e-05
yciF,yciF,0.0004166989759150537,1348,0.00013781691655542297,7.622026229726588e-05,3.7680392535491566e-06,1.0652795125775396e-05,1.2920777353443188e-05,2.6408943186248916e-05,4.933635472444597e-05,3.789525443005428e-05,2.020229863360269e-05,4.147733435524523e-05
potA,potA,0.0004164366054009473,1349,0.00016668068652543266,5.787174486946201e-05,1.0709978593438002e-05,1.898141537233278e-05,1.2937625286010539e-05,6.352890654375564e-05,2.3615285298811617e-05,1.0672671465069011e-06,7.235694998509543e-06,5.3808000766687546e-05
cysN,cysN,0.00041606799266693156,1350,6.944309919764206e-05,0.00011730370132693144,5.001037045784494e-05,1.4654709156700055e-05,1.9201973007732912e-05,3.281671062195649e-05,9.066047226471497e-06,6.243237401121026e-06,1.3793231258020822e-05,8.353491301251033e-05
maa,maa,0.00041602681703437495,1351,0.0001612083814765151,4.0246479772041655e-05,1.5091066694737417e-05,1.9040437876450218e-05,7.783768341922243e-06,7.137171238733187e-05,1.015121420444529e-05,3.5074746354030435e-05,2.592605901740286e-05,3.0132950909497888e-05
deoA,deoA,0.0004157465463221944,1352,9.110744428359045e-06,0.00010627224388100873,6.142174335529395e-05,3.74633356893839e-06,0.00011673008786506519,4.15629108132526e-05,2.5130378594283614e-05,2.1504338503607786e-05,1.9738386642930573e-05,1.05293786694545e-05
yhjJ,yhjJ,0.0004149981286306041,1353,9.240521676129519e-05,3.7554234423696275e-05,4.8714923230519264e-05,3.232552439403954e-05,1.7176862556898343e-05,1.1612414554962527e-05,2.109570954382267e-05,7.296544557969181e-05,4.550170445989619e-05,3.5646093125782195e-05
yohL,yohL,0.0004149629374453053,1354,0.00024022684878597956,3.4421735667895045e-05,6.489244260158371e-06,2.632677476105991e-06,4.886755447462557e-05,1.0422697024734785e-05,1.3886636764583752e-05,3.5572164360187553e-05,1.6219949891535632e-05,6.223428739498938e-06
cysU,cysU,0.00041471421971881384,1355,8.907610426760727e-05,7.259256117246466e-05,4.804741586905562e-05,2.1719935070783952e-05,2.896496039684253e-05,6.386659598486281e-05,2.372429710703892e-06,1.6374306032205907e-05,3.253883680367741e-05,3.916107441060983e-05
tag,tag,0.00041443477010614453,1356,4.2367984648967955e-05,6.114432826828836e-05,2.092203227840305e-05,2.718871716875082e-05,2.901423141989379e-06,6.479732220328715e-06,6.504199474982724e-05,6.340544784062437e-05,9.888182399478281e-05,2.61012857941818e-05
yfiB,yfiB,0.0004143085935620358,1357,6.183792393674051e-05,0.00016219849858586358,7.689814529685485e-05,1.8042715753623763e-05,2.2694462137077128e-05,5.738228909146885e-06,6.825154889165249e-06,8.085272490110553e-06,2.180297489752399e-05,3.0185216665929315e-05
paaJ,paaJ,0.00041418783726437767,1358,4.2738377210037514e-05,5.7689209755157345e-05,0.00016406560759741533,1.970482034871084e-05,7.529357971622237e-05,2.774138434957478e-06,8.603217332242064e-07,2.2865378102861834e-05,3.102009726150019e-06,2.509439463964069e-05
mdoG,mdoG,0.0004135406915441816,1359,4.67782889774973e-05,0.0001074859924714994,1.950862358639145e-05,3.627423772071434e-05,4.4508830042157465e-05,5.2316832763205716e-05,3.236966479290755e-05,3.033068984043201e-06,4.593887703994458e-05,2.5326275165820547e-05
psiE,psiE,0.0004133652436498039,1360,5.1713663639391004e-05,7.914852527949095e-05,7.192612318247398e-05,2.3325763649498665e-05,8.621390680542053e-05,1.721891215221797e-05,2.2195036544722675e-05,1.9084889048278056e-05,3.053943720176461e-05,1.1998986146545482e-05
tig,tig,0.00041329883195857634,1361,0.00010132738415782776,2.442568977443024e-05,5.896535887176278e-06,1.24741164608424e-06,5.441247975203002e-06,1.1369780263425056e-05,4.538401846001963e-05,1.734026658552686e-05,0.00013967443144895185,6.119206575993144e-05
allC,allC,0.00041306381912951864,1362,0.0002067286214848606,1.8399631551553043e-05,1.999608353940022e-05,1.7019849321023435e-06,3.7456986493132064e-05,3.9200802054271154e-05,3.0344958317704376e-05,1.913149095393296e-05,1.2212420234314323e-05,2.7890839568247463e-05
rbsR,rbsR,0.0004127836548102747,1363,6.901185820229297e-05,7.600022574845196e-05,5.053880873096299e-06,1.4600055963882731e-05,7.366050107178261e-06,2.6375283375297695e-06,1.5133573091632471e-05,1.5367833973518506e-05,0.00013581769593350586,7.179495257918594e-05
yagY,yagY,0.00041257517166756746,1364,7.40125299411398e-05,8.611398184108246e-05,8.239999565421526e-06,1.9342755977419003e-05,6.920873667579268e-05,3.382962947464112e-05,4.820906698202523e-05,5.523681959292368e-05,1.7353641702444116e-05,1.0280099146777736e-06
ycdT,ycdT,0.0004124489105223005,1365,2.3812797759417928e-05,6.119349261985614e-05,0.00017014853617069146,8.968684053171195e-06,3.94997710449344e-05,2.0193354281192292e-05,2.9722839696202227e-05,2.0690303875085048e-05,3.434431026946941e-05,3.874820752280434e-06
gldA,gldA,0.00041211031699416213,1366,8.791092201694485e-06,0.00013206742419539854,2.2770154209666708e-05,1.2884411304811147e-05,5.1274169479194314e-05,2.336921689856861e-05,5.749802597505654e-06,2.906379077263526e-05,9.944159249757051e-05,2.6698662837116866e-05
yfjO,yfjO,0.0004120647063368096,1367,7.80713459938666e-05,3.563900917484689e-06,9.001267409617778e-05,6.049179557659942e-07,0.0001028617856679319,4.418808936260906e-05,6.7610915261534895e-06,7.647144603128979e-05,7.985431014588675e-06,1.5440237709415466e-06
yqhG,yqhG,0.0004120499941924903,1368,2.2464635253112656e-05,7.942567084405104e-05,0.00017948644118973467,7.241027104054834e-06,4.412757572752007e-05,5.692263030077781e-06,2.2882403035982073e-05,6.22854906863484e-06,1.555180858960325e-05,2.8949620349719168e-05
fdhF,fdhF,0.0004117171578489246,1369,5.491696191986478e-05,0.00010147694305623018,6.262921111586886e-05,4.0457386311714364e-05,2.3573554768417825e-05,9.86839474962732e-06,5.31270901253834e-05,6.379117115821353e-06,5.565369302794308e-05,3.6348056580534252e-06
caiF,caiF,0.00041155274247458987,1370,1.7018249839368883e-07,5.1535191403301866e-05,4.5937065165162225e-05,2.799215103934021e-06,2.2003793440214246e-05,1.3377242373124908e-05,8.597232405038447e-06,5.464619152648628e-05,0.00010394152549013571,0.00010854510306879849
astE,astE,0.00041154987829391013,1371,0.00014275192403880886,7.22140904655301e-05,6.535524313858869e-05,1.82088439189069e-05,4.5604075145631425e-07,4.789663310296955e-05,2.508911340132739e-05,2.896319169804851e-06,2.8617432364901674e-05,8.064237941615788e-06
yeaJ,yeaJ,0.00041116444811792053,1372,4.467829003099084e-05,8.696329166847839e-05,1.5405426233261304e-06,4.515038819480659e-06,8.66116535066798e-06,3.589426396890381e-06,2.238626670827872e-05,9.200427815249936e-05,9.456303996042348e-05,5.226310840688457e-05
aroG,aroG,0.00041096748861756664,1373,5.495556188408125e-05,0.00017524571099788883,1.0212527304248519e-05,5.721460750475131e-06,1.0029759957725081e-07,3.877272576754667e-05,1.913659407294318e-05,1.593812018739344e-05,5.1556443055294945e-05,3.932804699811743e-05
argA,argA,0.00041092292528888466,1374,5.856867376202994e-06,0.00011872352088840439,8.001902812054838e-05,3.4968549313457678e-06,0.00011946540362564754,1.8087784135260312e-05,2.4900375504425557e-05,7.00612169685597e-06,2.6134299232755437e-05,7.232669777438296e-06
raiA,raiA,0.000410800576060331,1375,0.0001927808539936343,1.4493155343234026e-05,2.252346972572307e-05,1.4418438079991389e-05,2.6728568228566653e-05,1.215666623965353e-05,1.793189309494526e-05,2.3027931958269544e-05,2.3835577610479674e-05,6.29040217858335e-05
yjfO,yjfO,0.00041056247405106197,1376,6.101042050432e-05,7.316680013901766e-05,3.95732134983019e-05,2.7955844624794007e-05,1.4075941939356212e-05,5.032782236989341e-05,1.7971572197214267e-06,6.554968071669637e-05,4.30349474809377e-05,3.407064555802324e-05
rmf,rmf,0.00041053147115714325,1377,7.051376795464997e-05,3.440633686879824e-05,2.438735972206963e-05,4.53265485218558e-06,3.905982159219724e-05,3.065073770182061e-05,1.7390169948974955e-05,9.75595808482543e-05,5.66155911492546e-05,3.541545051893819e-05
yibN,yibN,0.000410209624385896,1378,3.2922207875082274e-05,0.00012132891828744932,1.6174376590279643e-05,1.6140728212985387e-05,7.301061774784224e-05,3.9967840716761194e-05,4.561206756673333e-06,1.6648997427616568e-05,6.082359182565272e-05,2.8631138945553296e-05
rfaZ,rfaZ,0.00041004353117634885,1379,6.807836042578043e-05,0.0001316244957892838,1.221214652928464e-05,7.033560144773852e-06,2.3594271998625674e-05,3.931221189908148e-05,2.8304820107943055e-05,6.003410028089146e-05,2.2322103620284875e-06,3.761735363865596e-05
atpD,atpD,0.00040972781358833746,1380,0.0001603438972990685,4.271058392066108e-06,8.760904495434681e-05,3.762065426223256e-05,4.930273429948321e-06,2.5358501891051834e-05,1.0593758073614399e-05,8.24408567484683e-06,3.072615937731318e-05,4.003038023384884e-05
ydcQ,ydcQ,0.00040970499940035945,1381,0.00017759331144929472,3.924675549956795e-05,1.3499959009576806e-05,2.263478505141812e-05,5.783533999315704e-06,1.5269852816532107e-05,9.274027344030372e-06,1.1600665431767393e-05,9.60750470106466e-05,1.8727061788209598e-05
yjiA,yjiA,0.00040967168364851547,1382,9.176801532995972e-05,6.927943288954754e-05,1.0395430622871054e-05,3.69915337483984e-05,0.00010193732722000384,1.870119289664328e-05,2.715288424803316e-06,4.2190821543072525e-05,2.056154056202003e-05,1.5131100411195737e-05
yehM,yehM,0.00040866538281470957,1383,0.00010551120417767111,2.6790392092736188e-05,1.4940744033056758e-05,1.1773232184458077e-05,4.522432940309797e-06,6.0269781418372854e-05,1.5825237589758057e-05,0.00010265425334066957,1.4822948310584012e-05,5.1555156727093147e-05
ydaN,ydaN,0.0004075772543607141,1384,9.480417124703067e-05,3.985046457618337e-05,3.2348358995801086e-05,1.1968975104563619e-05,0.00010361170420787595,2.1485458665640545e-05,2.0239708630235604e-05,1.372488963949228e-05,1.9076426967080725e-05,5.046709632681024e-05
atpH,atpH,0.0004071464753120878,1385,1.9459548581950128e-05,0.0001725475091582544,9.742281179983382e-05,2.3608009963256733e-06,1.2875635845898913e-06,1.8603242815690502e-05,3.4825020486151445e-06,5.0118081740079864e-05,2.4141114943309822e-05,1.7723299643438527e-05
hofQ,hofQ,0.0004067518230677567,1386,0.00015392097008493205,4.399234687925887e-05,7.300874290768259e-05,1.7664222125308563e-05,1.6509628585757698e-05,1.3478990811234716e-05,4.690144600606446e-05,1.2680415185012212e-05,6.248705179776302e-06,2.234635530272917e-05
ycaK,ycaK,0.0004065298396792121,1387,2.578346055151208e-05,7.671805079027537e-05,9.944564469645004e-05,3.645066195232257e-07,9.577434837510857e-05,1.0049006044239478e-06,2.1658263082063416e-05,2.0410321041178694e-05,4.4377463003221685e-05,2.0992880915454983e-05
leuS,leuS,0.0004064879987160161,1388,0.00021248285782553148,7.309866928252535e-05,8.2964368887263e-06,1.4164142526483502e-05,8.831795663966172e-07,2.389153712077487e-05,4.1204604444318896e-07,1.1128614437375241e-05,4.846645429427038e-05,1.3664060729489202e-05
zipA,zipA,0.0004064501820111595,1389,0.00015705746656942835,5.1242589645767686e-05,1.050591584874e-05,5.5615016614286216e-06,9.784514207434419e-06,3.3361466746829386e-05,9.12040727763252e-06,6.398033490506186e-05,6.0962239049208905e-05,4.873746099627792e-06
yhjY,yhjY,0.00040633420881311226,1390,4.55557156406254e-05,7.90517226291226e-05,4.917042915290524e-05,3.1780704488267504e-05,9.057372214630253e-05,1.6738735658532997e-05,2.4251155682921736e-05,1.7606347598317352e-06,3.403061734530832e-05,3.342077130929427e-05
yafL,yafL,0.000405910976514939,1391,1.797600651953527e-05,5.402867582367517e-05,9.3426705546855e-05,9.21451294936547e-06,0.00015110504459751555,6.299985246351368e-06,1.5153618292135876e-05,3.714674212142619e-05,2.03687582612914e-05,1.1909271567876127e-06
mscL,mscL,0.0004054442940196027,1392,0.00010131583073529989,5.42469789577728e-05,4.269908592683971e-05,1.7217795252604096e-05,3.976073978942773e-05,2.8397544335037266e-05,5.8816314340137186e-05,5.014615303338341e-06,5.7628600071507246e-05,3.467893076383954e-07
spy,spy,0.00040494020812102596,1393,0.0001397046209569752,6.075124154840577e-05,4.148632962932671e-05,3.372914293164236e-05,5.567967639511285e-05,1.9181863927588168e-05,3.55932245134215e-06,1.6202387484097317e-05,2.024607394250013e-05,1.4399548854035263e-05
alr,alr,0.0004049392763632208,1394,6.752457031777749e-05,5.674927058048948e-05,8.838732504114142e-05,5.657818604398667e-06,7.728346620149462e-05,1.4983625335068517e-05,4.876551131055142e-05,1.3067160743740549e-05,1.1822601782416194e-05,2.069792644614254e-05
yfhJ,yfhJ,0.0004042434286366717,1395,0.0002072338929692014,1.267040366438412e-05,2.2314088482059597e-05,1.0558472220028354e-05,6.161760279854456e-05,7.085336031382971e-07,1.16110310475955e-05,3.843067052407506e-06,2.07279218598006e-05,5.2958414939511804e-05
ycbG,ycbG,0.00040387221852131297,1396,4.296061033973106e-06,4.743634453307588e-05,5.519853332390303e-05,2.4716142013748097e-05,0.00011494849762939088,2.8820061276007545e-05,2.7716999796809792e-05,2.6269569160791806e-05,5.321324942464337e-05,2.125676032896953e-05
yihX,yihX,0.0004037665015833596,1397,6.767045420954089e-05,6.0735922470560036e-05,2.64099041904656e-05,6.237883936838944e-06,1.1425805008755775e-05,3.825268913101824e-05,1.7162392357771326e-05,8.804293168661225e-05,2.6254988133917904e-05,6.157353045787855e-05
lpxL,lpxL,0.00040344413348975574,1398,0.0001599139514041168,2.5176473217232707e-05,6.4348041767048505e-06,3.0942647312823334e-05,2.5235348704732205e-05,5.511700724405265e-05,3.5455000110762126e-05,1.9642033272261668e-05,3.101267526951076e-05,1.4514192777558641e-05
lpxC,lpxC,0.0004031760437871554,1399,0.00015284471748489305,7.566303984934481e-05,1.0974997472547314e-05,7.266797241897256e-06,8.000833349252618e-06,1.7549828093159115e-05,1.9940048794620256e-05,1.6195296321083227e-05,4.117535176975207e-05,5.356513341060579e-05
mokB,mokB,0.000403101984748675,1400,8.0731793390855e-05,1.6274036185240548e-05,7.980341303666219e-05,2.8576626073164254e-05,6.783767615210822e-05,3.588302380605511e-05,5.2115374515671525e-05,1.9010637369175897e-05,1.928119039679776e-05,3.588213822944443e-06
uvrB,uvrB,0.00040297402548853696,1401,0.0001454711440916685,4.062972034781371e-05,1.8650838278426464e-05,1.917960167055234e-05,2.042590083282836e-05,7.487368297984731e-06,2.967400909904104e-05,4.127092066903182e-07,8.838914671715821e-05,3.2653586946373293e-05
rsuA,rsuA,0.00040246535198551676,1402,0.00013953471670680246,3.905566816313683e-05,2.417370695768387e-05,1.66348977545345e-05,0.00011286260802006053,3.773584245154823e-06,1.6814249434888843e-05,1.3168928798672337e-05,2.056400120498163e-05,1.5882990699600943e-05
yecS,yecS,0.00040227825349885174,1403,7.486666252325853e-05,4.212482960217004e-05,9.33225835392098e-06,5.761614735312823e-06,1.3103356782488544e-05,8.653717699976313e-05,4.69954210724379e-05,4.782398024246099e-05,7.155672016280462e-06,6.857728117075837e-05
speF,speF,0.00040081236982091603,1404,0.00014486762969193666,2.8594147299159726e-06,7.47946358816539e-06,1.913882666689428e-05,7.536956386606422e-05,3.712204485374581e-05,1.4224172860851152e-07,3.806627738074973e-05,7.141183064535358e-05,4.355076669481855e-06
yhaO,yhaO,0.0004001392876597133,1405,1.8694929661871022e-05,0.00016751502901316483,5.551954364906915e-05,1.7294052042066197e-05,4.0055510353047714e-05,5.3747100816896165e-05,8.37147957199198e-06,6.3049507814571545e-06,1.760557426493746e-05,1.5031117505211723e-05
hycA,hycA,0.00039996350422304844,1406,0.0001694637731057382,2.27118612384547e-05,1.2169378878548764e-05,1.2266325969942634e-05,4.502181420537308e-05,2.81205349602072e-06,5.963320162470013e-05,2.705708091604142e-06,8.0068484462015e-06,6.517253916646455e-05
ddpX,ddpX,0.000399796256256677,1407,0.0001444766982510565,3.783583752875913e-05,2.4509405932672e-05,5.938054364016154e-06,8.077387300397832e-07,6.594383984626942e-05,4.8997171685349706e-05,3.935657330306659e-05,2.166998545811243e-05,1.026095115733531e-05
ybeY,ybeY,0.0003996421838706841,1408,0.00010824059380081563,2.8057162362915792e-05,4.496840801638026e-05,2.975712219692429e-06,1.6619919169904762e-05,1.6577302545356383e-05,3.88254067861466e-05,4.398425250790227e-05,1.6348175699374066e-05,8.304525076219591e-05
ygdI,ygdI,0.0003995149733015877,1409,0.0001610654113347358,2.5024224457727083e-05,1.6034419341302062e-05,1.84460486128421e-05,5.07230590704105e-05,3.2375502341243155e-05,2.5934832794293015e-05,7.440977967079902e-06,3.7524554541796775e-05,2.494594284015733e-05
ybbD,ybbD,0.00039941619146004523,1410,5.462216344540892e-06,6.870736979083312e-05,6.76180833431938e-06,2.0684567511682674e-06,0.00010186056464825912,3.102199610938233e-05,7.05368992808047e-05,6.440741945955051e-06,8.681884043892162e-05,1.9737297815860705e-05
hipB,hipB,0.00039940659650037334,1411,0.00011299108367057422,0.00010832094471001882,8.008044614608005e-06,1.6340472325816638e-05,1.8171295114655884e-05,4.092854515903528e-05,3.820308005466405e-05,4.65801030356997e-07,3.464452365775559e-06,5.2512877454867826e-05
insH-1,insH-1,0.000398632105542782,1412,0.0002305635375876906,3.963298013179904e-05,1.0978412012653121e-05,1.7243607564505272e-06,1.5277658233443804e-05,1.8023802671445877e-05,2.5306854734190487e-05,4.074516349693923e-05,1.0746182908828452e-05,5.633153009340895e-06
LELOBEKK_lacZ,lacZ,0.0003982457025190845,1413,7.334638200320873e-05,6.839733031609705e-05,3.906196949343646e-05,2.3758304980603555e-05,2.2947245482153254e-05,1.6872421610366926e-05,8.566528446992385e-06,7.005758734493705e-05,2.0777897419506333e-05,5.446003542178274e-05
astA,astA,0.00039799188512802577,1414,0.0001791253817995487,5.269487245329325e-05,1.839073145366921e-05,6.840537365512444e-06,2.4541396130009647e-06,6.299538810358563e-06,5.2459036842960615e-05,5.742274720632767e-06,2.165941042115251e-05,5.232596164789678e-05
yiaN,yiaN,0.00039796094029744206,1415,2.4684821956248083e-05,6.320970917065015e-05,5.851717951849988e-05,1.4794176657073306e-05,6.771827563627432e-05,3.642001377299863e-05,2.3305426934078457e-06,4.573716963003183e-05,4.0895202729431455e-05,4.3653848532826594e-05
queF,queF,0.00039788011337017596,1416,1.33579276776114e-05,7.107915665077184e-05,0.00011966991719541346,1.1803372551720119e-05,0.00012332956008299781,2.747770014929366e-06,2.4421488409160924e-06,1.67381056442716e-05,3.088420376060608e-05,5.827950950938142e-06
ymjC,ymjC,0.000397553586476835,1417,0.00010362185237517805,1.844837919792957e-05,3.117811155299674e-05,2.831780024437158e-05,2.6993476359350942e-05,6.0705123219024816e-05,1.5132487317767364e-05,3.233190422987537e-05,5.6473160714524235e-05,2.4351291265816378e-05
yceQ,yceQ,0.0003972943969131935,1418,4.9477337575422735e-05,4.904132525164932e-05,6.068721644631162e-05,1.6422445097481295e-05,0.00012230650133061795,1.3300924210913392e-05,1.9929425466063858e-05,3.969275251966975e-05,7.260904060985405e-06,1.917556495407822e-05
gltF,gltF,0.00039712778954166533,1419,3.308688520177337e-05,0.0001412233764125613,4.0561562997694377e-05,1.6456236799097207e-05,1.1795159173991307e-05,6.843104412901463e-07,4.1482035006762e-05,5.34084439871593e-05,1.019579294954032e-05,4.8233986571796016e-05
mazG,mazG,0.000396821071895876,1420,0.00011507098149107039,4.272212294633783e-06,9.204062712227986e-06,6.502660332701076e-05,1.0666591796538827e-05,4.100955613717125e-05,2.4939748233853138e-05,3.897203831653092e-05,4.7632595257321855e-05,4.002668232951714e-05
yadE,yadE,0.0003965301050629041,1421,6.619292233461377e-06,4.265716866815971e-06,7.464249479276341e-05,4.156128000664056e-06,1.584536344716772e-05,6.0476001209045886e-05,2.9308382518154092e-05,5.355963098695191e-05,1.392020094905979e-05,0.00013373689405881992
yfgL,yfgL,0.00039617063402630763,1422,0.00011356207603103784,8.047779123291837e-05,1.1986283731194906e-05,8.281649186476685e-06,4.921759559553935e-05,5.3389886803038636e-05,1.8664620255514904e-05,1.5498068132861725e-05,4.045759462957966e-05,4.635068428145536e-06
cfa,cfa,0.0003957572284674495,1423,0.00015916344444913955,5.334099006096592e-05,9.466477270624857e-06,8.357031245488851e-07,2.2173165606905663e-05,2.245850483074317e-05,1.7689066526798487e-05,2.8419889137722514e-05,6.07205074526932e-05,2.148948000730724e-05
wbbL,wbbL,0.0003953494095871007,1424,0.00020316693150790357,3.4428771001059644e-05,4.834446122693554e-08,2.0461686366809386e-05,1.0423125005464938e-06,2.375052293972863e-05,4.2371533581105825e-05,1.8709586627393218e-05,2.99162156695282e-06,4.83780990343742e-05
ybeX,ybeX,0.00039522025960342713,1425,0.000105771246343651,1.6599044263289714e-05,3.7822155937812486e-05,1.2459786558351385e-05,1.8926491222362864e-05,3.312871165226699e-05,2.072679260544088e-07,3.298981806152141e-05,8.32840853631005e-05,5.40316522750164e-05
bssR,bssR,0.0003950619843783138,1426,0.00015099789355081333,5.4527656485896706e-05,2.242427783498908e-06,3.758015160324701e-05,4.653498094172944e-06,8.9294271306435e-06,5.455863698266045e-06,8.921831270043118e-05,3.655687884524525e-05,4.899874486099042e-06
rpoB,rpoB,0.00039458985631282613,1427,0.00011098546565273276,1.071822780167636e-05,3.5785369977237754e-05,2.285400413833389e-05,3.215652562730622e-05,3.846479663543752e-05,1.4060196754736341e-05,4.459322816032108e-05,2.3856337935667666e-05,6.11157036293765e-05
mdoB,mdoB,0.00039448786079802266,1428,9.28643434065574e-05,4.6578189390585734e-05,4.2800305518521496e-05,3.921453315874265e-06,2.0092275973814032e-05,4.897723879483377e-05,5.16122124941544e-05,3.144209976667487e-05,2.28062366411221e-05,3.339350549588457e-05
zapA,zapA,0.00039420920819724673,1429,1.9675621637389885e-06,2.535178567461349e-05,8.1939777254841e-05,5.84860477611464e-06,0.00011574631800252724,2.2808291346123034e-05,1.9329254451279245e-05,2.027405118810266e-06,7.716182220975925e-05,4.2028387199439576e-05
yjcH,yjcH,0.0003941703740851985,1430,0.0001066530785281181,0.00010563457967918986,2.284685642119716e-05,9.495218097444838e-06,4.374854060446329e-05,1.8493911203824797e-05,3.56389850261281e-05,2.3052025091174044e-05,7.464889500379931e-06,2.1142289933278332e-05
lsrF,lsrF,0.0003939894408091966,1431,8.24125226848302e-06,8.453509735998706e-05,5.479224783260423e-05,3.727747567994104e-05,0.0001019431739030528,5.437742980885685e-06,1.5395752105268855e-06,4.439175296769377e-05,5.018888880846574e-05,5.642233797556389e-06
alaS,alaS,0.0003937701378953015,1432,0.00015906052044722426,1.0294040394698932e-05,3.550283489961913e-05,3.6879425673190987e-06,5.6001793240486386e-05,3.035447110168474e-05,1.742284724908459e-06,3.186881228072032e-05,1.1361234786343293e-06,6.412131476000581e-05
ygeN,ygeN,0.0003930298025156175,1433,9.0390768509408e-05,6.739895070655293e-06,9.871225959944055e-06,2.3844848487363775e-05,7.46508680858711e-05,2.330263986485029e-05,7.125578052674787e-06,1.4950256300454302e-05,4.670106063856468e-05,9.545266154583125e-05
ecpD,ecpD,0.00039293458790609474,1434,5.695724856802839e-05,0.00012149924265352498,2.0406556866420415e-05,1.0700021942375067e-07,1.0102410402397026e-05,5.5851988237315186e-05,1.6281361857456138e-05,5.4868262106828765e-05,1.2267027763809963e-05,4.4593489230890105e-05
galR,galR,0.0003928723225232436,1435,4.3458951487515096e-05,4.9793356474829665e-05,4.520709247256459e-05,4.123287725189694e-05,9.070857862684288e-05,2.1726438402015226e-06,1.831613688063833e-05,4.4125459890154904e-05,4.8535080796834096e-05,9.322144801765577e-06
yhcO,yhcO,0.0003924891208085654,1436,9.05080073612418e-05,9.757729693774506e-06,2.337468613018563e-05,3.228963757835892e-05,3.536815622074381e-05,8.635174314734785e-05,6.3168707830484054e-06,7.065236629037455e-05,2.0332462975306494e-05,1.753746062818349e-05
pnp,pnp,0.0003924043047008176,1437,1.1546955769767862e-05,8.53426146866722e-05,2.8918962538277852e-05,8.343410899305102e-05,4.594461591499924e-05,1.706873933242787e-05,2.7840860011972304e-06,2.098828995999116e-05,6.038765597274901e-05,3.5988275531684066e-05
adhP,adhP,0.00039133729394910834,1438,3.430806705992836e-06,1.4353168607742613e-05,6.854291878052067e-05,5.409801805420376e-06,5.7719866691150936e-05,5.205941509666753e-05,8.59855970119954e-06,7.47768806735172e-06,6.990514964393894e-05,0.00010383991884912312
glpD,glpD,0.0003912590458725055,1439,6.659304264466322e-05,4.9395957068664944e-05,1.1575066638811673e-05,2.5064624291258252e-05,1.9086278104031845e-05,4.0617411859439695e-05,1.6451365485318373e-05,5.754807346937583e-05,7.914626498829164e-05,2.5780961322650055e-05
sufC,sufC,0.0003910010876753395,1440,0.0002381249775894838,1.0667883143650515e-05,2.8653977051529393e-05,1.717385381043511e-05,2.3118078107330677e-05,3.1509705893806836e-06,2.6761844518125123e-05,1.5931534909482563e-05,1.4034603848257505e-05,1.3383364107664194e-05
purR,purR,0.0003908944007486806,1441,6.494525730502601e-05,3.552586019189433e-05,5.043622899086841e-05,8.456153640599236e-05,2.4537860080233354e-05,1.6551527598307878e-05,6.165976546637518e-06,2.7836281451155444e-05,4.114697455733821e-05,3.918689762122703e-05
relA,relA,0.00039085539496715177,1442,0.00019076696947334338,1.3921897014627578e-05,3.265654665680569e-05,2.6242515837888775e-05,3.537644540434566e-05,3.3359272029370746e-06,1.8842640377301195e-05,1.6177921290666986e-05,5.082870965744223e-05,2.7058220517931422e-06
ybbV,ybbV,0.0003900753044174929,1443,2.0014602398548828e-05,7.021374936911957e-05,3.930722531903935e-05,2.1529512028088284e-05,5.50221212725545e-05,1.868921493144786e-05,3.656269666857775e-05,4.225935792603522e-05,2.681981531631848e-05,5.965700918776298e-05
yeeE,yeeE,0.0003899636098687789,1444,0.0001693567366220909,7.161776050762805e-05,1.3320497461441097e-05,1.4503391245115915e-05,1.9461705118592982e-05,3.595397517098842e-05,3.734414975093352e-05,8.989774881469135e-06,6.319184608587674e-06,1.309643450193124e-05
nagE,nagE,0.0003899282822241198,1445,0.00010215731447817682,7.15550299698949e-05,2.3625896434441124e-05,8.97204853828966e-06,2.639867989406224e-05,8.828917320145434e-05,1.3075766279319507e-05,2.8494478589806852e-05,1.8784502916324527e-05,8.575391922349909e-06
intD,intD,0.00038958803876917386,1446,0.00022258600906917216,2.3095913246043795e-05,3.602365646147605e-05,1.6916933621084856e-05,1.3607014731949029e-05,2.654887210854768e-05,1.0434455045919191e-05,1.5595543970270594e-05,6.547263223823394e-06,1.8232377290887078e-05
zur,zur,0.0003894156589431766,1447,6.817106857380539e-05,8.330555157173858e-06,9.110718691119352e-05,1.4881864160555502e-05,0.0001037222967687503,4.5675642399614464e-06,1.913116440913086e-05,3.718490872250298e-05,2.526522438853343e-06,3.979252756124939e-05
recO,recO,0.00038919868554681153,1448,0.00011402501446543648,4.198256412322956e-05,1.646060613136405e-05,1.7501741831702738e-06,4.3131574389646846e-05,2.0635517911614116e-05,2.488134264445488e-05,2.222718460654239e-05,6.496625386568005e-05,3.913845322567288e-05
ymdF,ymdF,0.00038918630266790357,1449,1.7437267813661028e-05,5.490084922848986e-06,4.683755726566199e-05,4.542238744421743e-06,7.935743398131676e-05,6.896431589013542e-06,2.0345835922127805e-05,8.706816940611842e-05,5.569294471886336e-05,6.551833830386995e-05
accD,accD,0.0003884918475259347,1450,1.656063701746259e-05,5.737498551781296e-05,1.3942938603459178e-05,8.041012706204766e-05,2.6047539574347286e-05,6.211820064683243e-05,3.294531341494068e-05,1.4108851623779117e-05,2.8034062320719186e-05,5.694919174453358e-05
yehW,yehW,0.00038837556818751163,1451,0.0001918572021345321,3.97522059524956e-05,2.8642171365126805e-05,1.2313757387893122e-05,1.280091123537059e-05,4.087069813479963e-05,7.837254622882884e-06,5.0005315424187806e-05,2.843066121045097e-06,1.4529858091780292e-06
rhsA,rhsA,0.0003880986060639436,1452,6.61599387863493e-07,7.2422585266993e-05,6.31712159918683e-05,1.8199704492531938e-05,7.20663558126795e-05,4.0064208915983296e-05,2.892778733932487e-05,8.383331637257372e-06,7.433599969882665e-05,9.865817520615231e-06
hfq,hfq,0.00038780813116456723,1453,0.00020547275330841725,2.2755365565968747e-05,3.8285878244294174e-05,2.9502245965120684e-05,3.6140757135665724e-05,2.5168460971470014e-05,2.9736355509961965e-06,2.3766986443877245e-06,1.1125464789596497e-05,1.4006870988650191e-05
zupT,zupT,0.00038658627482545467,1454,2.2560042944580256e-06,6.18560196758239e-05,0.00012910549058359178,2.250241465180621e-06,5.902876734334816e-05,2.143671221916333e-05,1.4598103565559032e-05,5.3867907260021685e-05,2.7606108766912543e-05,1.4580919651395628e-05
yccM,yccM,0.0003864662533024378,1455,0.00012810338933826962,1.7798989312785493e-05,4.7930407836944084e-05,1.2111939835596535e-05,5.6694254649829004e-05,3.529346129298111e-05,2.72823416075715e-05,2.6086859722210093e-05,1.0242718165528653e-05,2.4921891540721735e-05
manX,manX,0.00038633655165848553,1456,5.3317972285199067e-05,2.330225287450689e-05,0.00011253143870505824,1.5632553288425017e-05,4.503411662011627e-05,4.138584357859016e-05,3.777169039989051e-05,1.1667193040130883e-05,1.1201616561847332e-05,3.4491874304721156e-05
uxuA,uxuA,0.000386304931446169,1457,0.00015180681246936936,1.4558101164668204e-06,6.140922478800627e-06,2.1963457881286326e-05,2.9843222553902118e-05,2.0773625555275998e-05,1.2406016461381067e-05,2.1740044290878502e-05,6.229670320901756e-05,5.787831642979065e-05
ybhF,ybhF,0.00038615084815461754,1458,0.00022419690149219656,1.2282105306034409e-05,1.912293360605648e-05,9.888919992110284e-06,3.213007597892759e-05,1.6349153409659215e-05,2.724902543205255e-05,1.022843561475369e-05,1.6149503164523085e-05,1.855379415830372e-05
yafT,yafT,0.0003850876098684981,1459,4.155237868906098e-05,0.00010827034049871664,5.8330089573214255e-05,2.0801330761650306e-07,6.660683814811003e-05,2.1922634970836905e-06,1.3077865540233043e-05,2.6837476790759252e-05,3.104254987804901e-05,3.696979394565468e-05
melB,melB,0.00038488376215946356,1460,3.66635352249661e-05,1.7540034089760726e-05,0.00014291731428157182,2.2760654841839146e-05,6.20148196799323e-05,4.1029041526471596e-05,7.1045750020574156e-06,6.549138543052672e-06,1.4693034306613399e-05,3.3611614663198324e-05
LELOBEKK_fdoG,fdoG,0.00038483914731381777,1461,0.0001599174156902885,5.1978481711884035e-05,1.6072722920603955e-05,4.838725518497049e-06,4.3556468232264885e-05,2.1335691899094288e-05,7.126384803176108e-08,4.3609117547321684e-05,2.8424449852821238e-05,1.5034810093010453e-05
yjeM,yjeM,0.0003845841293832466,1462,1.662725822055508e-05,8.983754334729851e-05,6.31194279742148e-05,3.863774205742965e-06,0.00010140015648710553,1.1852075507777385e-05,1.767178412651219e-05,3.682357879210794e-06,2.469931725021879e-05,5.18304343846106e-05
mglA,mglA,0.0003844419789570025,1463,0.0001329283656086823,0.0001079797290091317,8.38536817146276e-06,7.5302386020008305e-06,6.629814530642507e-06,4.501891007292464e-05,2.3038081905148776e-05,1.5734320398272114e-05,2.5133957959247712e-05,1.206319269948914e-05
melR,melR,0.00038440637140678446,1464,0.00017613265923104558,3.157346235784714e-05,3.653252772960314e-07,8.731008078375293e-06,4.183500797415993e-05,2.62012520821021e-05,1.1691543087781112e-06,2.986122480771586e-05,2.945041592416548e-05,3.908686136529889e-05
yhaK,yhaK,0.0003839109377517619,1465,1.5795641374218374e-05,5.402220884781381e-05,7.943966440569032e-05,2.648233284856341e-07,6.696252348318941e-05,5.735650144940708e-05,2.2141387852792055e-05,1.812369501242792e-05,4.6225276201752135e-05,2.357921579598519e-05
hokD,hokD,0.0003834882623633389,1466,2.7498729342136984e-05,5.316501453963952e-05,9.987996840242017e-06,4.878293069403498e-05,2.5777249151789543e-05,2.2947150656141946e-05,5.0367686129053754e-05,1.1522702849051196e-05,6.203444174815339e-05,7.140436041309558e-05
yigA,yigA,0.00038315221594219766,1467,3.336430576184496e-05,1.382320979499146e-05,1.9952164949630243e-05,3.491859408743767e-06,2.31002855318113e-05,1.5199885367297978e-05,5.861248259238059e-05,8.329642390244164e-05,9.620363325676556e-05,3.6107965376290157e-05
yadD,yadD,0.00038298109105944277,1468,9.455712014706311e-05,2.2434785822639974e-05,8.961062286177627e-05,1.3773595797921283e-05,4.775419816493886e-05,5.340657304462081e-06,4.2278193514353526e-05,4.5745966796896985e-05,2.1863633219555995e-06,1.929958732743506e-05
rssA,rssA,0.00038269726564085825,1469,0.00011991812956642049,5.05884890663899e-06,5.1375459876683184e-05,4.7412051638666865e-06,2.4619433799430906e-05,5.0517147432205175e-05,1.4553267573015019e-05,5.8003920651494677e-05,4.618864732788517e-05,7.721205343218025e-06
yffQ,yffQ,0.00038266795384204485,1470,4.4851314509392055e-05,7.618467511940756e-05,9.598074861062561e-05,6.25240682573055e-06,7.964924848152578e-05,1.9886231773269623e-05,8.314141482121634e-06,8.15457809698558e-09,1.7099116283574692e-05,3.444191617830038e-05
hemC,hemC,0.000382402470447714,1471,2.6572402318084584e-05,5.362521696625171e-05,4.177166338947675e-05,3.7252963878384235e-05,1.469518656685708e-05,8.209703929057907e-06,6.40158076391961e-05,3.352967723096364e-05,2.2921117260834255e-05,7.980873126860769e-05
yehS,yehS,0.0003821148403703852,1472,6.61260154861866e-05,7.254954761713397e-05,9.261150304330146e-05,1.7183784095301387e-05,3.3888414629818115e-05,3.2297193677676076e-05,1.7632973168637373e-05,1.41295793282987e-05,3.3485439835721184e-05,2.2103894883103516e-06
rplQ,rplQ,0.0003816250091647473,1473,0.0001458524143081813,3.0523416590007586e-05,1.4353095156522081e-05,1.8337643882536352e-06,4.231368112665952e-05,1.0004112981113886e-05,2.2121964368491134e-05,1.078032752206086e-05,6.430752021220562e-05,3.9534712511251664e-05
yfjH,yfjH,0.00038159835378107705,1474,6.013617703446337e-05,0.00010245333157592879,6.790805352222627e-05,7.838381026860307e-07,2.2390232204646283e-05,3.4859386465795393e-05,3.2870091261182526e-05,4.0018017540441405e-05,5.177461545303481e-08,2.012745145825394e-05
prmB,prmB,0.0003804454443729028,1475,6.421455437571836e-05,0.0001601262944667044,2.8959604814133846e-05,2.463295311147052e-06,3.74815405104866e-06,6.38503606544347e-05,1.1898780631765714e-05,2.4941324820531343e-05,1.6025618130008038e-05,4.217457117410674e-06
xylF,xylF,0.00038015962097991585,1476,7.791833274524009e-05,3.7105646712165934e-05,8.075664817706258e-05,2.60148209742546e-05,4.439905906359411e-06,3.0368067646276226e-05,2.99650608700931e-05,2.207184103263245e-05,6.582025121835484e-05,5.6990456974766534e-06
secF,secF,0.0003798768751726319,1477,5.957410975720442e-05,6.019660930993155e-05,5.8816014630578e-05,3.157654948341277e-05,5.518560633326094e-06,4.751856779485462e-05,1.1908744083925895e-05,4.9215566261601015e-06,7.219720219379678e-05,2.7648960659441665e-05
yddW,yddW,0.00037976586511411533,1478,9.75903912038787e-05,6.184121535839876e-05,4.986069423937777e-06,9.426196249781609e-06,1.881908703762912e-05,2.1579685548113127e-06,3.796071157642788e-05,5.686328263945656e-05,7.941553325604712e-05,1.0705409813746547e-05
ycjR,ycjR,0.0003794448022981408,1479,6.262892254681277e-05,4.920629636365001e-05,7.915438789332478e-05,2.0060312580243547e-05,4.049839157733424e-05,3.695885951197177e-05,3.4632088647140325e-05,2.0969742001615897e-05,1.4313387346759515e-05,2.102241382928794e-05
pgl,pgl,0.0003793231773019434,1480,3.665548997652316e-07,2.8743390571286148e-05,5.4777652717445476e-05,2.9465885018009243e-05,0.000138441552239025,2.124543718424489e-05,1.1387889222695187e-05,4.2543419031954435e-05,3.2361488010380266e-05,1.998990840713754e-05
yneL,yneL,0.000379184112263775,1481,7.433141392998682e-05,5.091387728073021e-05,3.195685276638283e-05,2.3095253604516925e-05,2.194014756567804e-05,2.6613699550987647e-05,6.429594000727261e-06,3.612455484707982e-05,7.483899676374457e-05,3.293972195394088e-05
cpsB,cpsB,0.0003791633433370343,1482,0.00013592031665546318,8.391864627047541e-05,2.6339543625979305e-05,5.055775944168733e-06,9.216721313974168e-06,1.577691966027881e-05,1.0183683534735825e-05,2.1220658799433707e-05,5.979001373879821e-05,1.1741063793726976e-05
ssuE,ssuE,0.0003791443559230711,1483,0.0002397326308489135,2.9637825039414197e-07,3.546979502650057e-05,3.4693045161645584e-06,2.7594614013129956e-05,3.5342835713003752e-06,1.5845207785401198e-05,1.6784012662985173e-05,1.984681768758307e-05,1.6571311560698588e-05
rpsG,rpsG,0.00037884427687301484,1484,6.285908547228367e-05,0.00010617848031107214,2.010673639427852e-05,1.6752535747215825e-05,2.6398292785067784e-06,2.4818449044021353e-05,1.8029048620445858e-05,1.8932369501375077e-06,8.582017461075317e-05,3.974670044430002e-05
xni,xni,0.00037877879876674646,1485,9.127679456296654e-05,3.140969253792392e-05,2.4877390743050525e-05,2.5102023798633753e-05,6.991558294081186e-06,8.694907035298985e-06,2.509193238639926e-05,8.27671842923451e-05,5.1927863235693504e-05,3.063945188035366e-05
LELOBEKK_galK,galK,0.0003786847960367342,1486,8.877396972756928e-05,1.5700529561025194e-05,5.512575359027823e-05,1.805517898431088e-05,5.087947585884255e-05,4.74846322915217e-06,3.895703458956247e-05,1.439117147953371e-05,3.6121000662114185e-05,5.593221835434555e-05
yfbV,yfbV,0.0003771021869554103,1487,0.00013207784696488495,5.749122272228055e-05,5.301494384211784e-05,1.704345083199716e-06,2.8850677990128385e-05,2.7795682476454525e-05,1.2732863452935624e-05,6.711119130134194e-06,3.283591168817887e-05,2.3887573605095676e-05
gapC,gapC,0.0003770159331628646,1488,5.248349407196218e-05,4.297145027620258e-05,5.8284635684983574e-05,1.6591665265272704e-06,4.104692936254238e-05,3.471824776480696e-05,4.076111862051827e-05,2.4315174212486258e-05,6.333253375711718e-05,1.7443182885717945e-05
napH,napH,0.00037683209885286563,1489,0.00020603171471181425,1.5154366567725287e-05,1.045671200162597e-05,3.224684266521657e-05,2.197156630024344e-05,5.78107898002013e-07,2.2016132787423764e-05,2.512954604302218e-05,3.586358718875466e-05,7.383522689037456e-06
yeeL,yeeL,0.00037675859056908906,1490,0.00016134451734123114,8.624789956719389e-05,1.1032100447812652e-05,4.025084507616009e-06,3.5566162912060046e-06,1.0437399996800104e-05,2.5956684078211053e-05,1.9500189964380143e-05,1.4871791029864809e-05,3.978630734477319e-05
nuoB,nuoB,0.0003757090541565687,1491,1.426822995212826e-05,0.00010567725182788531,3.7335146325015216e-05,1.4178275585722208e-06,2.4421201217442006e-05,1.8109914257671667e-05,5.21446481845605e-05,4.6126154979631625e-05,4.773917580528687e-05,2.846950404837509e-05
nepI,nepI,0.0003752605685915007,1492,0.000210861349288848,6.029401733894431e-06,7.085261365438671e-05,5.440117356209101e-06,1.1691951081376615e-05,2.3396766672936675e-05,1.0465846757279633e-05,6.434476139291961e-06,1.5476538297350795e-05,1.4611507609926804e-05
accA,accA,0.0003752291875250773,1493,5.718558804417387e-05,2.5076037984820105e-05,2.7797345885186573e-05,1.4253492093349048e-06,6.829697184958267e-07,6.545968163254182e-05,1.605931576018476e-05,0.00012834510300107398,1.4129500089001776e-05,3.9068296200263684e-05
glcB,glcB,0.0003749590411399498,1494,6.071622600749957e-06,3.167493925280356e-05,3.180624617258902e-05,1.3322570115348377e-05,1.790786771811624e-06,5.8738460797068084e-05,2.787281153419474e-06,6.250193707871359e-05,1.898558677106748e-05,0.00014727961042637863
talA,talA,0.0003748088203821098,1495,0.00015232012858021725,3.075402886578775e-05,1.2911839259493935e-05,3.1933946228849393e-06,3.344788104056117e-05,8.164221867201839e-07,3.9327918775485635e-05,1.2955331201561084e-05,7.984680152937946e-05,9.235074320018456e-06
fucU,fucU,0.0003746942057343005,1496,6.963675197229291e-05,5.358378198618101e-05,6.503297456482654e-05,2.216432679714097e-05,2.1412419782250875e-05,5.2162398336962976e-05,2.15975204476758e-05,4.411119603645492e-06,6.173758278150987e-05,2.955329461814027e-06
yhjK,yhjK,0.0003745373283866624,1497,4.628620463073422e-05,0.0001891931750489959,7.502320579130372e-06,1.2689181860498667e-05,3.3513429060341424e-05,3.584379327894667e-05,7.345996191026817e-06,4.414034221847682e-06,7.055287411644346e-06,3.0693906103496256e-05
dppA,dppA,0.0003736569201247963,1498,1.477121877587363e-05,0.00011987606313067429,1.9844396335283926e-05,6.371358410321201e-07,3.809904927843576e-05,1.9935615932533693e-05,4.7200239539785084e-05,2.8012699268228806e-05,7.030204990509243e-05,1.4978452117856521e-05
nadR,nadR,0.0003732281391423483,1499,0.00010935980164764882,1.1395850726585459e-05,1.728008633343908e-05,1.0242091367473796e-05,8.652672448614296e-06,4.040533466569708e-05,1.0977332667442569e-05,5.364750890858745e-05,4.124850408072719e-05,7.001895629613254e-05
yebO,yebO,0.0003727812591680217,1500,0.0001829538776087751,0.00010395399765160515,5.108276622884216e-06,2.386988234804591e-05,1.2309311719545357e-06,2.0467629899972147e-05,4.707121108842465e-06,7.339343200290279e-06,1.0993185889938404e-05,1.2157013665713503e-05
cdd,cdd,0.0003721066365055001,1501,6.406080860888247e-05,5.5186941853135736e-05,6.61232580975059e-05,2.8122627178705078e-05,3.876343500321295e-05,1.6449752418773253e-05,2.414020321145149e-05,7.016443384011744e-06,6.0551025334780406e-05,1.1692141415041072e-05
yjhS,yjhS,0.000371802635936022,1502,8.260306703210816e-05,7.229057060443949e-05,7.0510077898186e-05,2.0806935102566306e-05,3.005165289210289e-05,2.0814559657848762e-05,2.124390888085792e-05,1.839906350014188e-05,2.6233050075619423e-05,8.849750292151107e-06
udk,udk,0.0003713722793900748,1503,5.6117860079943916e-05,2.796730156766958e-05,0.00011186121858813188,1.700359101036076e-05,8.805240541187886e-05,2.0508936537367098e-05,4.0706955471034506e-06,1.9415127396690222e-05,8.961190661274904e-06,1.741395258965414e-05
glnP,glnP,0.00037119736357409724,1504,0.00015951159127606458,3.0943478777299916e-05,2.1025963711938087e-05,6.893239841464861e-06,2.411695998493335e-05,1.1968350836665834e-05,1.2244956416190992e-05,5.4163731997664244e-06,4.778370093234753e-05,5.129274859742567e-05
tdcE,tdcE,0.0003710173075151043,1505,6.463096555452598e-05,2.0322261061435967e-05,5.252304041899428e-05,1.2416417720658495e-05,3.2963622057439314e-05,1.2197602947608315e-05,0.0001249445566363618,4.740627801707192e-05,2.6967319919774413e-06,9.158311090308375e-07
LELOBEKK_ylpA,ylpA,0.0003710112520224766,1506,0.00011100080388115145,1.6298537230806847e-05,3.6489592801508404e-05,1.742227661229354e-05,5.662419466081048e-05,1.0241935794260147e-05,1.3790531962371316e-05,1.2216100474458937e-05,7.937575976206722e-05,1.7551518842748216e-05
hepA,hepA,0.00037056293356904873,1507,0.00010630148743222453,2.6743665328071406e-05,2.970983396712287e-05,8.942479151505518e-06,5.176197094104448e-05,2.903776375701453e-06,2.193496049226613e-05,6.927961048506139e-05,1.883185303124735e-05,3.4153296364803666e-05
yfjN,yfjN,0.0003703968816941066,1508,0.0001177315774755048,9.874832623978892e-06,0.00014756434171249197,2.1487256179592165e-06,7.2879519857248e-06,7.990666401480198e-06,1.2716351561944492e-05,5.971529422662425e-05,3.431181443914659e-06,1.9359586444832836e-06
visC,visC,0.00037022975012872836,1509,1.75762384274872e-05,4.603476535634493e-05,6.0684737014611245e-06,1.361238235400226e-05,9.493573841914604e-05,4.152216795013155e-06,6.440997189841929e-05,1.6435697416627454e-05,9.157850023664266e-05,1.542576552358419e-05
yjeJ,yjeJ,0.0003700019391262999,1510,2.680621308377958e-05,0.00010369683946408356,7.53869450840182e-05,3.2936430472821266e-05,4.3079425043913625e-05,1.6215981320426286e-05,2.240093434221485e-06,1.62056085760963e-05,1.1846980200887776e-05,4.1587422446051834e-05
rplF,rplF,0.0003697260576567387,1511,0.0001160877207328714,4.467531703312945e-05,1.5678866577712618e-05,1.1518407811653139e-05,5.4736179405595874e-05,3.082015293132943e-05,2.6684299353104988e-05,7.569749114431265e-06,4.541130298863496e-05,1.654406170827561e-05
moeA,moeA,0.00036906997421667947,1512,0.00011791656836922235,5.497632215941792e-05,2.104353525821574e-05,1.8217231368623773e-06,5.409833503320227e-05,5.727071796844815e-06,1.7150869792693396e-05,2.4251176883548402e-05,2.029542459325452e-05,5.178894719341771e-05
cedA,cedA,0.00036876053904658627,1513,0.0002338122568419558,4.505310505441842e-05,1.889516729695433e-05,1.157141704553726e-06,1.8635927912120314e-05,1.2538956756816106e-06,2.0478423457346343e-05,1.5566616378329544e-05,2.61064761175808e-06,1.1297357113468078e-05
abgR,abgR,0.0003679926335883777,1514,8.207350478033251e-05,6.873883327997417e-05,3.6595673049343707e-05,9.444180189889337e-06,5.658615170998736e-05,3.381004292224699e-05,1.434133250071624e-05,3.76235231907735e-05,1.6263164320010747e-05,1.2516227645103118e-05
tyrA,tyrA,0.0003678858423772311,1515,0.00018041749220453848,2.149194987289515e-05,4.7437644201447515e-06,1.135612921034414e-05,3.423774130896524e-05,2.7620610040678844e-05,1.5289053024076973e-05,4.117385213761122e-05,1.0694398736697141e-05,2.0860851421279197e-05
yijO,yijO,0.0003678801994038867,1516,0.0002063764470092874,3.0342374080166988e-05,5.130122229854236e-05,2.7284094333794083e-06,1.6089005397923558e-06,2.7504312027185898e-05,1.405139526195491e-05,3.539789235614681e-07,2.0263664600780353e-05,1.3349495229235518e-05
birA,birA,0.00036763766583223785,1517,5.7656656725855526e-05,6.964760096211212e-05,7.408942628164978e-05,2.340543380752581e-05,8.332175204592571e-05,8.670880381671793e-06,1.4213612747786863e-05,6.365988250830565e-06,1.723782802957528e-05,1.3028486599304344e-05
yiaL,yiaL,0.0003671662785894132,1518,5.2328257530877514e-05,7.760949087823644e-05,8.611164828281314e-05,1.1865214024592837e-05,3.974436373577642e-05,4.4899822669656586e-08,3.665063617455995e-06,3.2700277907161336e-05,2.533852853250252e-05,3.77585342573273e-05
ptsH,ptsH,0.00036714159581679876,1519,0.00010707496625006734,4.689781071346528e-06,2.7680610594708268e-05,1.0875142343788542e-05,1.1525450051275045e-05,9.07799962469569e-06,9.275148822977323e-06,8.890121108059833e-05,3.73755545137819e-05,6.066573146355973e-05
yahC,yahC,0.0003670277658871914,1520,0.00017364513234511758,2.1105080584987663e-05,5.574220690354973e-06,7.501180751491066e-06,3.3619140215270694e-05,2.413756951054591e-05,3.072719056499165e-05,4.14355343201047e-05,1.4960548662471481e-05,1.4322168241855698e-05
LELOBEKK_rpsL,rpsL,0.0003667372892776776,1521,0.00019503873903303125,3.356765092797066e-06,2.791471927569488e-05,2.650717754960318e-05,2.376847701358224e-05,6.930788078235599e-06,1.6179833660153207e-05,2.994348037414095e-05,2.050018107149131e-05,1.659712812894796e-05
rplV,rplV,0.00036668129026212206,1522,5.5034005627391316e-05,4.1890486172963894e-05,4.885153088976381e-05,1.7254354602197812e-05,8.930552914502456e-06,5.5907568753909365e-05,5.235003155016042e-05,5.089445849517409e-05,2.1162516107329198e-05,1.440578514872971e-05
speG,speG,0.00036646643309964683,1523,7.016300988937998e-05,2.9227930299844893e-06,3.8196629713643465e-05,1.1691234410863054e-05,8.852031952289566e-05,4.174849723282299e-06,1.654496942753148e-05,2.911512726660483e-05,5.064718229696706e-05,5.449031781849455e-05
basR,basR,0.0003661832138223203,1524,0.0001047999485260037,5.517138312363103e-05,8.185892284041428e-05,1.0275727456562298e-05,2.5901815706975437e-05,1.1400525360229737e-05,1.9249033138785798e-05,3.571199520043459e-05,2.324705393277718e-06,1.9489157076005793e-05
nlpD,nlpD,0.0003656602682100163,1525,6.795229083586603e-05,4.464896884816029e-05,2.1918541146079064e-05,3.1254288106056525e-05,3.0509916025002913e-05,5.157748672581712e-05,5.765302783858638e-06,2.3745107424704037e-05,4.9165577562710265e-05,3.912278875176138e-05
umuC,umuC,0.0003653542316027413,1526,2.5092413131246308e-05,2.8485066332994686e-05,7.192826885809602e-05,3.125466735727357e-05,7.906859918715171e-05,3.1716576750181094e-05,5.0238296388828806e-05,2.0610565549247906e-05,6.462146816379326e-07,2.6313563366083253e-05
ygiC,ygiC,0.000365239143161792,1527,2.7297880958827497e-05,5.071653461333256e-05,8.333856804499023e-05,1.0161712237756626e-06,6.986856816280018e-05,1.3201171875717539e-05,1.9741788499344772e-05,5.1259722758789516e-05,2.1675445303779367e-05,2.7123291720434614e-05
LELOBEKK_trpA,trpA,0.0003651516909658159,1528,3.770493808555061e-05,4.326386488741896e-06,6.8516815347242e-05,1.3857928665999728e-05,7.515138850327115e-05,3.4905842747232214e-05,2.1034223718665838e-05,3.2660988455632336e-05,2.8330398942659528e-05,4.866278001082061e-05
yabI,yabI,0.0003646147115705593,1529,6.543696581740704e-05,1.381015333103678e-05,3.932877420906556e-05,5.750807799392241e-05,9.987022617481147e-05,1.711781203378255e-06,3.8680469169288654e-05,1.0298444320238505e-05,2.185571088214041e-05,1.6114108469270267e-05
yhhI,yhhI,0.00036423784571317517,1530,6.303031175946456e-05,5.3872715359148906e-05,4.585937232171855e-05,1.7729411560695614e-05,4.42049598990189e-05,3.064898107644069e-05,2.2272471113670844e-05,3.7525660277358383e-06,1.0407895929563381e-05,7.245916066571792e-05
yiiG,yiiG,0.00036245166494642194,1531,4.7463510114425e-05,5.702443615250583e-06,0.00011959455218675652,1.116853575583978e-05,9.079826528486125e-05,2.50887265116185e-05,3.23954074094687e-05,1.261294262792429e-05,9.22119046500795e-06,8.406090975269427e-06
degS,degS,0.00036230741408235665,1532,3.714271597073048e-05,4.851537092756357e-05,9.023306364930564e-05,2.8147409609004396e-05,5.113995616298798e-05,3.032487876752024e-06,4.884064798013323e-05,9.040953689167865e-06,1.082678685987158e-05,3.538802135683988e-05
hha,hha,0.0003619729750423798,1533,5.9397035375042685e-05,4.146168823523777e-05,5.4356584933812174e-05,1.2887892356455708e-05,2.594511811628955e-05,5.831283026616361e-05,1.8042023291765756e-06,8.86099591352787e-05,1.6857452044775298e-05,2.340212250147726e-06
aspA,aspA,0.0003613860980312679,1534,2.8424822667546665e-05,6.677286091011521e-06,7.267180093620448e-05,7.546248062880274e-05,6.117223703331668e-05,2.9787599007156852e-05,1.3735362661165394e-05,2.9876945245300188e-05,2.249421802526806e-05,2.1083345735495356e-05
malP,malP,0.00036060842988097354,1535,0.0001176987733289023,3.977372542556891e-05,2.7880715548481653e-05,1.85969178936663e-05,5.3739233093826706e-05,6.640034519135265e-07,1.5603830677520607e-05,9.221589721428485e-06,6.183738476263421e-05,1.5592255977030794e-05
prfA,prfA,0.00036036566015984766,1536,0.00011484187964219035,1.5035473097713944e-05,3.310927507675541e-05,1.459082120575893e-05,3.169384867534967e-06,4.426589234083211e-05,1.5174166965584537e-05,5.811654280528743e-05,8.952547870008251e-06,5.310967628818171e-05
dedD,dedD,0.0003602673925450944,1537,5.9060939254766066e-05,6.753939938883689e-06,7.03278470298336e-05,6.551271029488853e-07,9.14839308132241e-05,4.507994637347324e-05,2.7589144862938454e-05,8.611491854696852e-07,3.932584315733882e-05,1.912952482621788e-05
pdxB,pdxB,0.0003597394777098155,1538,0.00010915967059027384,9.121909282397245e-06,2.2800553808910388e-05,2.1379585997819367e-05,4.251163058979525e-05,2.727329034278917e-05,2.6950224869762935e-05,1.4253404062795132e-05,3.411006579709559e-05,5.217914236817658e-05
sstT,sstT,0.0003582978527924203,1539,0.00014905101229771204,2.9881493801097427e-06,1.17625027674501e-06,1.8481241408593648e-05,2.2344366150099262e-05,8.070474267214814e-06,2.473841627773621e-05,1.2787702843074783e-05,3.154598435986511e-05,8.711425553126965e-05
ydcL,ydcL,0.0003569188106448463,1540,0.00015369815075624014,2.292080441758404e-05,6.9901269649881946e-06,1.7392449818348018e-05,1.583578983063441e-05,3.7310968709177354e-05,8.969192294699537e-06,3.780749579695963e-05,2.1583547157319266e-05,3.441028489889565e-05
rraB,rraB,0.0003560908083599152,1541,0.00010493957701571482,7.882133389404392e-06,3.1473297042510904e-05,3.175159962359534e-05,1.731739880360043e-05,1.2483407361867031e-05,3.9620023341364916e-05,2.8622690500082122e-05,5.334521522510094e-05,2.8655466056674294e-05
nlpB,nlpB,0.0003560497009916353,1542,8.720465310676176e-05,0.00010886050102285737,3.349480104508468e-05,1.5344351029571503e-05,3.394900565726469e-05,4.393283322141281e-05,1.1512912013378139e-05,5.615179241645717e-06,3.5779472444737247e-06,1.255751740918489e-05
yciA,yciA,0.0003559797679391517,1543,0.0001420203821575698,4.4551988706539445e-05,4.142904057059975e-05,2.001184425465631e-06,3.296244749642342e-05,2.6468645511413153e-05,6.889436295798825e-06,2.449536142868021e-06,5.2833555408774514e-05,4.373551223699207e-06
gpmA,gpmA,0.0003556965116277919,1544,1.4899381148349235e-05,5.205718770284857e-05,3.499311443751081e-05,6.976983160744829e-06,8.23909611313538e-05,5.923851677538025e-05,1.2770097930661267e-05,3.631226766767614e-05,4.6525260932538596e-05,9.53274074072844e-06
ydbL,ydbL,0.0003553150637468445,1545,0.0001007587536763923,4.665348099864806e-05,5.332354854266316e-05,1.5653143500493658e-05,5.9741403141127566e-05,1.3921345892378238e-05,1.9834401360497528e-05,4.734321078785387e-06,3.5457714808182036e-05,5.2369507476765415e-06
ycaI,ycaI,0.0003548309016035865,1546,2.1193552096626837e-05,5.578119842162808e-05,5.805399151377495e-05,4.2088532437944775e-06,4.901797054771374e-05,2.565174029434062e-06,5.464566256793758e-05,6.281858025222281e-05,9.387696642321295e-06,3.7158222288132676e-05
modA,modA,0.0003547140891850048,1547,1.5074244419131029e-05,7.610506231781049e-05,4.3211463529948965e-05,1.7052495038853912e-05,9.494939909636911e-05,1.3469265123614212e-05,2.4432019428719385e-05,7.383491617486622e-06,5.933706561554056e-05,3.699582997530509e-06
yciB,yciB,0.0003543450475519004,1548,0.00013054833392661644,3.270178193095986e-05,4.2192666192269676e-05,6.872088044456686e-06,5.000616833565497e-05,1.4436489412560868e-05,3.816616590748309e-05,2.8224834619440396e-05,2.147746905899133e-06,9.048772276559344e-06
yrfG,yrfG,0.0003542035285344792,1549,0.00014242744323004428,7.30561091401957e-05,1.3680540665734412e-05,9.619921032362803e-06,9.416528670007402e-06,3.774102379202321e-06,2.2848078956207195e-05,1.8111210029039194e-05,5.2912387530579964e-05,8.357206901105847e-06
torR,torR,0.0003541329840004682,1550,5.4659080450356303e-05,1.5595553267114298e-05,7.247931143419495e-06,1.3880678590597067e-05,4.335714128751017e-05,8.650483226978842e-05,2.2611365265383136e-06,5.093282499060917e-05,6.344213277951978e-05,1.625167269501522e-05
znuB,znuB,0.0003540771329966991,1551,6.862309844422605e-05,5.50129261511506e-05,4.723950496775585e-05,8.111226032287065e-06,6.754202148332639e-05,1.1485364997704567e-05,1.8248152162032864e-05,2.5119185882986525e-05,1.6980069061457216e-05,3.571558381377197e-05
fdhE,fdhE,0.00035328010297831997,1552,0.0001650388373251433,8.34617364856863e-06,5.6466676365889434e-05,1.3078267117427956e-05,2.0789593149913613e-05,3.5737123498173493e-05,4.349658812739933e-06,8.641017739386522e-06,2.5816853296552607e-06,3.825106999142191e-05
trkA,trkA,0.00035310297116881724,1553,4.716941450308621e-05,2.5840022250890014e-05,9.324747215694157e-05,1.444885714559699e-05,0.00010706468506386972,7.741717743619183e-06,3.722671831737974e-07,1.8429918607416702e-05,5.41237469180592e-06,3.337624182241715e-05
tolQ,tolQ,0.0003516759309525058,1554,0.0001076571273344891,2.985722639643729e-05,4.466785954329471e-06,1.2514459269323426e-05,2.0529560865368135e-05,4.948332522251708e-05,2.8488895881202918e-05,3.1014862986617895e-05,2.799130119063811e-05,3.96723858515824e-05
abrB,abrB,0.00035092970538344993,1555,0.00015049497323185596,2.8199874105064194e-05,4.997044022362026e-05,9.190039645739664e-06,2.481036880675978e-05,2.0525423055820943e-05,5.908687667544804e-06,2.2166607046880348e-05,3.197751752534411e-06,3.646553984762958e-05
adhE,adhE,0.0003503197718696471,1556,3.476139471980143e-05,3.6029339739649257e-06,1.1406297854725576e-05,1.737038546334417e-05,6.352051555687549e-05,3.980437022964513e-05,4.385357120984415e-05,2.3845558411928178e-05,2.2073131088056104e-05,9.008161336146194e-05
ydhA,ydhA,0.0003502560987709149,1557,0.00019429342412033573,2.5688835098829335e-06,1.0450068428417273e-05,1.1642696031655585e-05,7.144736602115776e-06,3.562921205077793e-05,6.79437568491304e-05,2.6698520113200837e-06,9.96781715332196e-06,7.945652013957292e-06
ybjX,ybjX,0.00035013755601257326,1558,9.092836101517638e-06,5.1162434506709213e-05,4.222002997104301e-05,5.028175817782619e-06,2.3520466199097933e-05,1.8976870288646134e-05,5.123177203703809e-05,6.0947423002838456e-05,1.0972236034896961e-05,7.698531205300321e-05
exbB,exbB,0.0003500842783943658,1559,4.2085369697095426e-07,7.3096848315401675e-06,1.9910831587915154e-05,1.493162012779193e-05,4.333606499819569e-05,9.568784104801367e-05,2.608670852300204e-05,4.8626267772631534e-05,6.18239872925987e-05,3.195041851570589e-05
ccmG,ccmG,0.00034966839829109783,1560,8.418800442102488e-05,0.000118089136277586,4.330755815396358e-05,8.418920875609758e-06,9.729573731978992e-06,1.698812088543577e-05,3.264870790471241e-06,2.1205337890040665e-05,1.9963930928041e-05,2.4512944336945926e-05
rimL,rimL,0.00034958485247524524,1561,2.3504432304380523e-05,1.3132549023069673e-05,9.131380466086599e-05,2.3372915532436814e-06,5.978212302721177e-05,5.0768352928002706e-05,4.266283455879475e-05,1.0697397820590719e-05,1.3107260553841269e-05,4.2278806045244186e-05
yiiT,yiiT,0.0003490496638648073,1562,4.722036790348869e-05,1.3358218600083046e-05,6.213629071553093e-05,1.555453002161422e-05,0.00010768491317287753,3.2844457029281335e-05,2.5344214003276664e-05,1.9613584538970484e-05,2.1058846845611085e-05,4.234241034073363e-06
yebG,yebG,0.0003484838642654141,1563,3.4065428318281627e-06,5.070886216065403e-05,4.0094472745357705e-05,4.069985661088532e-06,5.5928711739593576e-05,1.4077771517939177e-07,8.732087326527903e-06,6.217013396316047e-05,6.674684608734473e-05,5.648544403467958e-05
ygiT,ygiT,0.00034840684097253564,1564,6.639689042452915e-05,2.987847515998512e-05,6.375704727819632e-05,2.4938071224152767e-05,8.659607067106997e-06,5.729572892441027e-06,1.4084967144322403e-05,6.498114333622218e-05,3.239998643038993e-05,3.758108001518972e-05
ybjS,ybjS,0.0003475634380601942,1565,7.633615484506347e-05,2.9138965865425025e-05,4.20167724640794e-05,7.520142758660426e-06,2.1973404366458897e-05,2.6813138405247846e-05,4.3082847507658384e-05,3.9763450076478974e-05,1.9869943483154205e-05,4.104861828796756e-05
kdpC,kdpC,0.000346683467757541,1566,4.2525283352328956e-05,4.733300746040673e-05,1.3168547110934366e-05,3.4576519034152694e-06,7.94012449316767e-05,3.8067370710751924e-05,3.260214747378031e-05,1.7357217479960734e-05,3.47638354105416e-05,3.800716192374442e-05
surA,surA,0.0003466549035030972,1567,0.00011478100780290334,1.5283681808837354e-05,1.5454288658598948e-05,4.062848466667675e-05,5.916248518244244e-05,3.06373643500716e-05,6.817173382648671e-06,8.287736980738117e-06,4.171946107041665e-05,1.388321959976328e-05
tolA,tolA,0.0003464261245182181,1568,1.1611623184421667e-05,3.749529990706309e-05,8.255860423351608e-05,4.088093759730399e-06,9.687520502056206e-05,8.088770032286913e-05,6.339427512124323e-06,3.8476551175808945e-06,2.1577978226726443e-05,1.1445372336239919e-06
guaC,guaC,0.00034630646102095714,1569,7.534298450590601e-05,3.8761817050678034e-05,5.58517033965719e-05,4.321484374871058e-06,7.753348203145947e-05,8.801557196446254e-06,2.9308298309313576e-05,3.6331294468499e-05,1.8212099933509374e-06,1.8232629693860813e-05
dfp,dfp,0.0003462340042845706,1570,2.9248325266129753e-06,7.011956576532262e-05,6.098767000908296e-05,1.4235898442513791e-05,5.619051719824475e-05,1.8694103639263222e-05,9.808956444381499e-06,4.9405215969014704e-05,2.32517801196727e-05,4.0615464170461314e-05
malX,malX,0.0003459398956048789,1571,1.8815228405165544e-05,3.7575011546387224e-05,0.00013418622991193178,3.1062867957972514e-06,8.103061446655899e-05,2.9474635114911498e-05,9.590708399684278e-06,6.563883663735013e-06,1.946693938999551e-05,6.1303579107118564e-06
manY,manY,0.00034545794083798984,1572,8.097500766618805e-05,4.681542535387908e-05,4.560987985432183e-05,3.2315383182916297e-05,6.422553320823382e-06,9.854795084710131e-06,5.46539531432157e-06,5.366597927233279e-05,4.30081391882076e-05,2.1325382600289104e-05
ybeU,ybeU,0.00034517504730561323,1573,5.8732076517385065e-05,6.908756226387042e-05,8.58607707831886e-05,1.1270824805827298e-06,6.950383394295391e-06,1.0963258571153631e-05,3.71549204689157e-05,1.914229103303699e-05,2.6444840653658528e-05,2.9711861139526136e-05
sufA,sufA,0.00034517217001388294,1574,9.711486817945295e-05,6.727235637330855e-05,5.2194015861372236e-05,2.282011479272422e-05,3.611907339252327e-05,5.895250889425398e-06,9.900946002374578e-06,4.6539145524967635e-05,1.8809840502022607e-06,5.435414947531829e-06
ggt,ggt,0.0003446256481271698,1575,6.170449883384107e-05,0.00014501828642279397,4.517529250632644e-06,1.4430198322018454e-05,4.013153466017464e-05,2.2655949501035973e-06,2.0221154763468391e-07,1.7448067523963146e-05,2.6578385179805876e-05,3.232934143620166e-05
ydcP,ydcP,0.00034408657323231064,1576,3.6886748498090994e-05,3.926787275018822e-05,7.328209360602638e-05,6.68825977296324e-06,9.951302752470934e-05,6.327095968474054e-06,1.0392714726129294e-05,2.012312969184984e-05,1.4386709064013827e-05,3.7218921629865424e-05
ygjG,ygjG,0.00034395388444702466,1577,0.00014396923493198454,1.0501853423702663e-05,2.2529313035246762e-05,1.5826463708125995e-05,3.3335568685967503e-05,1.4019730547141193e-05,1.5313200807687983e-05,3.323434022093837e-05,2.8364864442191793e-05,2.6859314644037887e-05
yegT,yegT,0.00034363287494601453,1578,8.542583033077465e-05,1.4452078226114281e-05,7.676527649626805e-05,4.142934869800191e-08,2.269748021428232e-05,3.63458531092441e-05,7.005410043308359e-06,1.1636228014607923e-06,3.354390346861386e-05,6.619199090725012e-05
astC,astC,0.0003434157358194361,1579,0.00018771684148325806,2.493185963794101e-05,1.9395354194320847e-06,1.4406903175733898e-05,3.2003931299213273e-06,3.6889420601151786e-05,9.905825532686697e-06,4.6962520851041925e-05,1.0886796651210561e-05,6.575639337058786e-06
yhdN,yhdN,0.00034327236264849987,1580,7.169433151683823e-05,0.00011307335229394263,3.944522618432485e-05,3.911458369087547e-05,1.2024852311503764e-05,5.132698609432706e-06,1.4524656647661191e-05,4.828495497474267e-06,1.470952567561604e-05,2.8724640220830704e-05
pflD,pflD,0.0003429074416701602,1581,6.516468157748124e-05,7.010481589385568e-05,1.781724232958091e-06,5.0923205236487534e-05,3.619733723102503e-05,1.598611526199091e-05,9.765877577698679e-06,3.3489563716912224e-05,5.320996394160676e-05,6.284157000144095e-06
ycgH,ycgH,0.00034281039368898444,1582,8.035799648115741e-05,1.9978358210483083e-05,3.292317282770002e-05,2.269248284698783e-05,6.013024704092802e-05,8.91609351292368e-06,1.5479382179348863e-05,2.3432773441997933e-05,6.041979586141081e-05,1.84800912860468e-05
potB,potB,0.0003423958580328746,1583,0.00013447030053145644,3.332176594675927e-05,4.908480272969789e-05,4.593797526296899e-06,3.5172585005257325e-05,2.9903040297405683e-05,1.8241896960528438e-05,2.5357569936845044e-05,7.090265803950231e-06,5.159833294677428e-06
yahD,yahD,0.0003421718251540169,1584,4.550277756226317e-05,6.630388845601474e-05,4.0558316832738167e-05,1.7847253351337126e-06,8.441276525143907e-05,3.681104709144944e-05,3.7525847113238826e-05,2.0092372384072868e-05,1.926377881460602e-07,8.98744733952086e-06
rcsF,rcsF,0.00034213095953414014,1585,9.52436666133426e-05,8.181749312608512e-05,2.5588825060160515e-05,1.203346890739076e-05,5.5823816743734883e-05,1.0511892792658706e-05,3.4506949500757415e-05,6.079197272806371e-08,2.4940206992404386e-05,1.6038478248776003e-06
yjbH,yjbH,0.0003420957720063997,1586,4.510080289441565e-05,2.4458703432274688e-05,0.00010382790938903958,9.976496417126373e-06,3.519612598114356e-05,1.58253784729038e-05,1.2516011086843249e-05,4.562219153204833e-05,1.6095422713362846e-05,3.347673008724164e-05
proQ,proQ,0.00034092851338926393,1587,1.8936031847916577e-05,4.334980677827572e-05,1.436970426835976e-05,8.72503086427601e-05,6.330130197186147e-05,2.6737558666957546e-05,1.1779546414810092e-05,4.7297929580961654e-06,5.4074100164530876e-05,1.6400361675695532e-05
yfdF,yfdF,0.00034087036498443586,1588,2.436717290093447e-05,8.053954276236672e-05,7.284551682920329e-05,1.0228673715752112e-05,4.777472085291091e-05,2.2012728459938193e-05,1.811609440939042e-05,2.8562186778577175e-05,3.5619739065245376e-05,8.039892101171873e-07
cusS,cusS,0.00034043791947504555,1589,8.246060057652276e-05,2.559281828396574e-06,4.453043357041055e-05,3.3438880997907636e-05,7.579717341863562e-06,2.3261261694364045e-06,6.167736570843742e-05,2.6612945398423428e-05,5.142992968568941e-05,2.7822638197957862e-05
agp,agp,0.0003397748450775888,1590,9.906227984634877e-05,1.64341831558275e-05,1.5237515564183292e-05,0.00010778073021925784,1.848382419011826e-05,2.855452418036685e-05,4.573794651653359e-06,2.3271985264180268e-05,2.2292355410430042e-05,4.083652595222711e-06
hchA,hchA,0.00033953812239607723,1591,0.0001344067553887736,2.389500786121082e-05,2.705464977042094e-05,2.1719368022862944e-05,1.968181008286064e-05,6.895593854472256e-06,1.223877770490103e-05,5.6573312534526405e-05,1.1152796072553453e-06,3.595756756879329e-05
ybdK,ybdK,0.00033935617795283614,1592,1.5577752908390815e-05,4.542898217782381e-05,3.710835600910225e-05,2.4885254734644633e-05,8.511854264287129e-05,4.338183511628831e-05,3.172031854306088e-05,8.28318935589163e-06,2.4120263718661935e-05,2.3731682746100548e-05
accC,accC,0.00033926727623754757,1593,1.7391804279785285e-05,5.878698444466664e-05,2.987490414022018e-05,2.8099363085226195e-05,6.786912910191752e-05,2.681683313115489e-05,1.1836544288257148e-05,5.065179658612309e-05,1.7039242555428532e-05,3.090067462476812e-05
pioO,pioO,0.00033907847689530117,1594,0.00014825288980866837,2.6476265916557066e-05,2.3826199929800375e-05,1.8123537707239244e-05,3.172004142103691e-05,9.243296400912633e-06,2.7114946597300522e-05,3.3258061441030695e-05,5.21327856908463e-06,1.5849959103670728e-05
yggD,yggD,0.00033907520570891376,1595,5.2972740540594124e-05,0.00010423488227889254,1.5810822695331042e-05,2.708209736588239e-05,4.173129926349366e-05,1.052555852715584e-05,1.681573221392125e-05,1.352746416491163e-05,1.774165107405696e-05,3.8632957584674294e-05
yhiP,yhiP,0.00033890498224249644,1596,2.3483695282793604e-05,8.088744337620961e-06,9.573544943814787e-06,2.6137166100869825e-05,5.711875255892828e-05,2.2825107161480216e-05,3.6267450168755506e-06,3.9326585660977955e-05,9.53483040458609e-05,5.3376337133274373e-05
yfiD,yfiD,0.00033885951974490695,1597,6.083204078654098e-05,1.9059722222575945e-05,1.759720223576576e-05,1.8481264493587545e-05,7.278296715215893e-06,4.4901056877530066e-05,1.9754643761013634e-05,4.275924765852855e-05,6.451448436578594e-05,4.368156062836268e-05
yhhM,yhhM,0.0003385719066224885,1598,0.00012806139002186222,7.480116687841747e-05,3.860047163981475e-05,1.6307456848390208e-05,8.026790607748605e-07,9.90268757630892e-06,3.305843660402716e-05,3.328171810282074e-05,6.904745238765259e-07,3.0654253661956034e-06
fliD,fliD,0.00033845676139658017,1599,3.787730346507316e-05,3.3820735461608415e-05,8.083714397790303e-05,1.625934582958883e-05,2.0121338855908935e-05,2.639654731646894e-05,4.231105861681802e-05,2.0846579478552887e-05,4.195259309833842e-05,1.8034115296319547e-05
ltaE,ltaE,0.00033777369645572423,1600,7.655610014702752e-05,4.2051986131418285e-05,3.116654197570508e-05,1.268945683763203e-05,1.413739278062809e-05,4.188488880770992e-05,7.080380804672862e-05,2.6595160982394558e-05,1.3820654381912183e-05,8.067706364567895e-06
proA,proA,0.00033762888959281334,1601,0.00014448879046528832,2.6854903763306533e-05,1.7848296841463877e-05,1.4132551124964765e-05,2.6248605583457092e-05,1.1596440685993948e-05,1.7870320473471094e-05,2.4676718319404157e-05,4.127632448652007e-06,4.978462988681154e-05
yjhT,yjhT,0.00033738250672804305,1602,3.301700111558218e-05,5.2943510828196e-05,3.979586571797889e-05,5.208517125395111e-06,2.1575714696854974e-05,2.383321524291381e-05,2.866009125173693e-05,3.0638035968304045e-06,9.725784572137181e-05,3.202694143118297e-05
pgpB,pgpB,0.0003369417789184949,1603,1.6185657664431216e-05,4.6500512755788484e-05,6.343291795643297e-05,3.102455710085809e-06,6.458105371339575e-05,2.2226759696968795e-05,2.316943428987491e-05,4.5715923891522956e-05,7.5470451784893226e-06,4.448001806150469e-05
rhaT,rhaT,0.0003367162661228076,1604,0.0001307033208476838,5.2233384502764866e-05,9.548395438394636e-06,7.620701458266413e-06,5.265050093399313e-05,1.4894761136936417e-05,1.2268035858252975e-05,1.8503490935435183e-05,2.5019380503963728e-06,3.579173696068387e-05
LELOBEKK_ccdA,ccdA,0.0003366884545057727,1605,0.00012465628512330304,1.094140349973536e-05,9.218481628895722e-06,0.00012989428724357764,1.5703646370493003e-05,1.872187031810431e-05,5.543363567569329e-06,1.1236128313006445e-05,1.017532127549106e-05,5.976671655968574e-07
lolB,lolB,0.00033639487253740404,1606,0.0001035184549594689,1.1420746265241156e-05,5.200277757096973e-07,3.899786916565637e-06,2.795804363838437e-05,1.814137918939907e-05,3.783705068971982e-05,2.8493034661655687e-05,6.278079540202138e-05,4.18255530392383e-05
recQ,recQ,0.0003359787194430362,1607,9.056351655847367e-06,0.00012179211432380483,6.815386253906765e-06,7.707737270021137e-05,5.9912879310908135e-05,7.43819275229276e-06,4.8282794018969555e-06,3.119038962465978e-05,1.5354986178538245e-05,2.512767240969928e-06
fic,fic,0.0003358315398614733,1608,0.0001193623995475553,8.942421596589903e-05,2.4803253701400345e-05,1.0872769458766404e-06,6.908960580037977e-06,1.986277896787658e-05,1.2652194336748344e-05,3.0632683748612697e-06,1.4435484448450154e-05,4.423170699276765e-05
ubiD,ubiD,0.00033578903198822524,1609,4.2610202646255164e-05,9.731648616389831e-05,5.237799443073579e-05,4.914551675957537e-05,2.7316678644034304e-05,6.1273445577610484e-06,1.963225035807849e-05,3.0161553364554918e-06,3.082281687682596e-05,7.423586214605305e-06
sixA,sixA,0.0003353275041203613,1610,0.0001008679810022835,6.123310419278213e-05,3.1985663125261536e-05,6.695116889325413e-06,2.938730984922353e-05,2.836720637692172e-05,7.037564011799996e-06,1.5811057250952444e-05,3.673767438220599e-05,1.720482703960503e-05
metQ,metQ,0.00033532254438268014,1611,2.9579614629146768e-05,2.7050457166687133e-05,7.884775238314652e-05,4.9010990667080875e-06,0.00010057549889393181,1.9212529193176965e-05,1.1043559761958764e-05,2.693061734507816e-05,2.9713467484190713e-05,7.467948458655221e-06
yebA,yebA,0.0003352320182135868,1612,9.63216432419603e-05,6.62086381962035e-05,3.67368385026569e-05,1.8760003177506235e-05,3.0395766932252985e-05,2.5388958689115376e-05,2.4510854941362602e-05,1.575990423244743e-05,4.64786725905653e-06,1.6501543041024966e-05
lsrB,lsrB,0.0003344371920019116,1613,0.00011880508741632427,6.706686394126235e-06,3.602660942260491e-05,6.553688384314907e-07,3.926793221015473e-05,5.352555635842642e-05,1.873048472615021e-05,4.6579694094406525e-07,1.9895649143708454e-05,4.0358020551040764e-05
ybgD,ybgD,0.00033440392191128146,1614,9.922760412776048e-05,2.559466877129227e-05,7.538610668833655e-05,1.3441966410413915e-05,4.8562904985764225e-05,2.5797065119785365e-05,1.7286265230047554e-05,9.219684255452e-06,1.9214122224861162e-05,6.735340975679558e-07
yihE,yihE,0.00033434756809326625,1615,6.410082853204458e-05,4.653084385204179e-05,2.67062789488109e-05,0.00014819962813425946,2.3038129291447821e-07,2.4057824408555786e-05,2.652016708981837e-06,9.42026977447083e-06,8.726210267272829e-06,3.723286173913745e-06
yedD,yedD,0.0003341691327681816,1616,6.471043448119996e-05,2.042743813518336e-05,4.260918090972826e-05,6.776477514968503e-06,9.083040203197485e-05,1.990262404289703e-05,2.0577324551820284e-05,8.428226186610977e-06,3.6956008135338814e-05,2.295101677845953e-05
iscA,iscA,0.00033394049813697976,1617,0.00012409375709040388,5.774817384429008e-05,3.024298385698824e-05,2.031079763676804e-07,4.92802413802688e-05,3.2285756450270986e-05,7.798343198419301e-06,1.1002480640498864e-05,7.045430052808412e-06,1.4240223646663584e-05
ftsA,ftsA,0.0003327505253583688,1618,4.561467997940529e-05,4.468679154311255e-05,5.2149201468001405e-05,1.9209302769244994e-05,4.163469752242724e-05,2.522774270955122e-05,7.3654125570275815e-06,2.8655837282993253e-05,3.803519460968371e-05,3.017166491692163e-05
smg,smg,0.000332361396361179,1619,1.733247118396087e-05,6.708479603387789e-05,1.535323052514388e-05,1.3674627291183632e-05,5.487542719756775e-06,6.765785486261918e-05,2.0518537194748495e-05,5.5284717558298934e-05,2.8272956939140667e-05,4.1694662052448716e-05
yfjI,yfjI,0.0003322097055335099,1620,2.5146430437708173e-06,3.1756210159868016e-05,0.000112785638004761,1.7077313646717363e-06,9.209795475622125e-05,7.644101317973037e-06,3.533629998450306e-05,3.8316631506340193e-07,4.237419250765306e-05,5.6097680790244776e-06
ycfQ,ycfQ,0.0003321106220348003,1621,0.00018722494776788568,2.3740854767441313e-06,3.6800271667408857e-06,1.2577313494561844e-05,5.2095999153620404e-05,9.384203293250322e-06,2.172262360342136e-06,9.082483242241618e-06,1.8504896090891733e-05,3.50144039885215e-05
ldcA,ldcA,0.00033186711620508555,1622,0.000182432413611693,3.650843536997226e-05,6.9126037462161394e-06,3.0825946356679115e-05,1.2099405535392045e-05,1.4181253562383334e-06,1.3741567346015699e-05,4.916835929409851e-06,3.709249901859073e-05,5.919283934878341e-06
cbpA,cbpA,0.0003317989960301581,1623,3.649171969974545e-05,2.7035964055839036e-05,2.4448647447452825e-05,2.7330154092470298e-06,8.095569627520648e-05,1.9611977116903227e-05,3.0411542270161277e-05,2.9769962367305467e-05,3.8135413470551146e-05,4.220505791774619e-05
yhjA,yhjA,0.0003315330474897539,1624,6.240427564863065e-05,0.00010964802993295027,2.3730377020400774e-05,2.6395919481366558e-06,1.0911825869016584e-05,2.6211495448278192e-05,2.7517950749740883e-05,4.2511761957785705e-05,9.344242146216773e-06,1.661349676859743e-05
dacA,dacA,0.0003315055601956856,1625,8.210137417804752e-05,4.6673720567858804e-05,4.051043135398199e-06,3.416340384187174e-06,8.178616481505522e-05,3.7843936251720984e-05,1.8048091505355655e-05,2.2490409407595987e-05,1.9325017771529374e-05,1.5769462178936647e-05
bfr,bfr,0.0003303912674923697,1626,9.999336386487847e-06,0.00011825967086347556,2.5542571445333705e-06,4.254351769839163e-06,3.846171245970427e-07,1.672631000649034e-05,2.609435020632814e-05,5.869176206044091e-05,7.247443959813807e-05,2.0952172332039232e-05
ribB,ribB,0.00033022708008090875,1627,0.00011691976694813237,1.016582099168898e-05,4.354040068313602e-05,2.5966057062961783e-05,4.142656523099076e-05,3.538554354835605e-05,3.657279140269171e-06,3.1133309998901743e-06,1.7278445013302958e-05,3.2773870462180484e-05
nagA,nagA,0.0003302136103728824,1628,6.254187598384396e-05,4.066879271666516e-05,4.4767062771631846e-05,7.869314266278282e-05,3.263164062731287e-05,2.2158556529079606e-05,2.625526403502203e-05,7.963278274943783e-06,4.009056690430661e-06,1.0524940081169725e-05
xylG,xylG,0.00032992714543757083,1629,1.3193203698486915e-05,4.8972935669265135e-05,6.742067936081947e-05,4.452331288789959e-05,8.265427095845443e-05,1.6526775725595596e-05,1.0563042833305832e-05,1.775836957005967e-05,1.4214097029937834e-05,1.4100457703746354e-05
ycfS,ycfS,0.00032914954931112826,1630,6.65409674822335e-05,4.535952210143016e-06,4.240929843345537e-06,1.9906244049492416e-05,1.766777573107211e-05,5.346289265516047e-05,1.0950006805203428e-05,4.602246832235251e-05,6.654480874613817e-05,3.92775034659871e-05
yebF,yebF,0.0003285505774318156,1631,3.423150116520258e-05,5.53172243525736e-05,1.0703244130613539e-05,1.4075443904917671e-05,7.546989732182323e-05,4.262599024354789e-06,4.103890973377956e-05,1.8253100520922075e-06,3.2668765854193004e-05,5.895768189226539e-05
yqaE,yqaE,0.0003279935984874059,1632,1.621760053769212e-05,7.12514418133976e-05,3.5368947792462356e-05,1.546492005442859e-05,2.1015953445864152e-05,1.7245475545287032e-05,1.7280849165795793e-05,5.804444402552166e-05,6.586730176019088e-05,1.0236664346765724e-05
alsA,alsA,0.0003279404729967393,1633,0.0001760037229308547,1.426569521202469e-05,4.0676708485552975e-05,1.099604996513498e-05,2.715610945645471e-05,1.4584192052828566e-05,2.325569919018e-06,3.816440960507081e-06,1.1040044433124297e-07,3.8005583570032426e-05
yedS,yedS,0.00032793532081639077,1634,1.7508276074465855e-05,7.108311107630391e-05,5.454241175219743e-05,2.746316367041614e-05,2.740980555101929e-05,5.662400730752148e-05,5.02486453050211e-06,1.826659521055958e-05,2.958148479915973e-05,2.0431600844245232e-05
ygfK,ygfK,0.00032740489849834327,1635,5.7296358383664794e-05,5.845887838848024e-05,5.7656755028876814e-05,7.3664959955025655e-06,2.560267732730348e-05,1.2701338659691218e-05,3.757880429833737e-05,8.388137536465701e-06,5.235434274797487e-05,1.0001110132046245e-05
nuoJ,nuoJ,0.00032648690383367605,1636,0.00015102313742014397,5.429739093733026e-05,2.0969464390464612e-05,5.616364622313116e-06,3.466746530281492e-06,1.509309231028629e-05,9.403229046948683e-06,2.3248490400627918e-05,2.1962196520829775e-05,2.140679165444995e-05
ispE,ispE,0.0003263613786307546,1637,0.00016637699512050204,4.566090330354153e-05,5.3496160329175215e-06,2.3050118628875306e-05,2.0409577234649904e-05,1.554093853981003e-05,1.8444789454874928e-05,1.3542912025088037e-05,4.415596079590383e-06,1.3569932210904893e-05
gst,gst,0.0003262050927322932,1638,9.530278581310403e-05,5.421461247490283e-05,3.2939693351291275e-05,1.3732923156244106e-05,6.812582503703213e-05,4.686772500320515e-06,2.5532193811462497e-05,3.2363808014228187e-06,2.490729378360926e-05,3.526612002903704e-06
ycbJ,ycbJ,0.0003261889345651243,1639,0.00010801604165654722,2.927586171179048e-05,5.307962552042068e-05,1.408540572672646e-05,3.1810968446224414e-05,2.071864875248303e-06,4.679170959599354e-06,4.502871569983664e-05,2.0789810176600033e-05,1.7351469792130725e-05
ugpA,ugpA,0.00032575581057616603,1640,0.00010917580185934845,1.3876325023618926e-05,7.8869455324713e-05,9.173450611778106e-06,1.3033668472843972e-05,7.0164378568565514e-06,2.2610498992959168e-05,1.0635186903916501e-05,3.4288439768651515e-05,2.707654576147983e-05
deoB,deoB,0.00032513856806458917,1641,0.0001015099150799461,2.1934265799029315e-05,2.1524560315419255e-05,2.0168996829996125e-05,1.8642487730571874e-05,4.0295604207935684e-05,2.410240349054549e-05,2.8333233876796183e-05,1.7423048627181518e-05,3.120405210716764e-05
eno,eno,0.0003251214456021427,1642,5.533659374993185e-05,3.2320800790384106e-05,3.6375086010051345e-05,2.2819884825531637e-05,1.8321228529206344e-05,3.23004648551195e-05,2.3537065048163665e-05,8.303609726319506e-06,2.2524695026097665e-05,7.328201704133704e-05
yeaH,yeaH,0.00032490540750154575,1643,5.415552863518886e-05,3.2523313032220983e-06,6.169471107957444e-05,7.0801163924476895e-06,5.350752747268379e-05,2.6016629842992533e-06,4.286810575542541e-05,4.072996823394749e-06,2.9185680785443175e-05,6.648674626986623e-05
yafD,yafD,0.0003246112019899238,1644,0.00010579104542698526,2.9401401151313212e-05,4.555394245708844e-06,3.341971067742034e-05,1.9623384474443234e-05,1.8240954076022858e-05,3.920701425939668e-05,1.8713572016803372e-05,3.804439256382477e-05,1.761433309800516e-05
dctA,dctA,0.00032432003029046904,1645,6.892127669455464e-05,4.73346968517303e-05,4.104912550111786e-05,2.846514820508415e-05,7.728613044448913e-06,3.66406359438599e-06,4.119850598545708e-05,2.171652380019139e-06,7.765604537004328e-05,6.130902663627679e-06
yphH,yphH,0.0003241519058038487,1646,5.7486866799569036e-05,4.072617899249267e-05,3.0573700070136966e-05,3.12987794694312e-05,4.526641540130492e-05,1.7784796569791486e-05,1.7962619269729506e-05,1.2207547191549545e-05,3.911345653847017e-05,3.173154550137322e-05
clpB,clpB,0.0003224058692662634,1647,4.3092654304485145e-05,1.62829417102086e-06,3.809732991453761e-05,2.255134313405219e-05,7.852547520433778e-06,1.279341394427951e-05,2.295105740086657e-05,7.508027298713576e-05,7.67022739432214e-05,2.1656681946230555e-05
glgC,glgC,0.00032202987642851385,1648,2.842582146119957e-05,0.00011157412828763766,8.259075528287473e-06,2.6434798996743006e-05,1.5810655607402794e-05,2.4627538338310226e-05,2.6391312491406414e-05,6.0966302232580026e-05,1.0166660105031302e-05,9.373583379915424e-06
hipA,hipA,0.00032189387520300725,1649,4.168888058761081e-05,8.702489948465372e-05,1.9721715902552453e-05,2.212519881701843e-05,1.2489618948493594e-05,2.9356268756224367e-06,1.7283281913822622e-05,4.3142552088060965e-05,4.185752019407529e-05,3.3624580391096954e-05
ydcD,ydcD,0.0003214202621529405,1650,2.465777576614795e-05,3.2056262462268125e-05,0.00011729530568474091,3.7788355430799946e-06,4.406094267072494e-05,3.9501412574431934e-05,1.975292349589576e-06,1.325605796474783e-05,2.8449712211668278e-05,1.6388664925541025e-05
serC,serC,0.00032119035414623714,1651,6.47829066675774e-05,2.9847984109020163e-05,9.25318569287621e-05,1.1779618877397472e-05,1.0887618924131553e-05,1.5963780260016038e-05,7.573505632075374e-06,1.4388525093918669e-05,5.5678395795418776e-05,1.7756161857919605e-05
ycfH,ycfH,0.00032110886244022434,1652,0.0001425802091348755,1.3621631796444679e-05,2.0879772648510315e-05,1.427278834548029e-05,5.410818831012515e-06,2.05190657758622e-05,1.744938167143847e-05,2.195578524508978e-05,2.7403962792987898e-05,3.701544619852267e-05
ygbF,ygbF,0.0003210521805541143,1653,4.73621566643108e-05,3.7404863039861334e-05,1.6270304897287283e-05,2.6024314911581587e-05,7.823023308122998e-05,1.1349429574259821e-05,2.202639491027666e-06,1.0869868439811053e-06,6.825588684633845e-05,3.286536520423629e-05
yciX,yciX,0.0003207378882281725,1654,3.7348823095909534e-05,5.031976029225738e-05,2.258284850750469e-05,2.5539486447526327e-05,5.0006900231270356e-05,2.4176307950353962e-05,7.408345409269922e-06,3.374528222766239e-05,6.163368191400334e-05,7.976452152414615e-06
ybfL,ybfL,0.0003205343524858057,1655,2.858239989300054e-06,4.8370145973403185e-05,0.00016336002852703068,9.69938669123538e-06,1.4293105064726078e-06,6.292826648192788e-07,7.988553463839567e-06,1.930675072435555e-05,3.908242756081242e-05,2.7810226384536984e-05
pflB,pflB,0.0003195855911033074,1656,0.0001256526891094434,3.0338365545578473e-05,7.142669734353127e-06,2.5432418873926026e-05,1.0069449748568714e-05,1.9043744175541594e-05,1.9200828395128087e-05,5.761516371995301e-05,1.4156603856307008e-05,1.0933657944507994e-05
LELOBEKK_mpaA,mpaA,0.00031908653070385944,1657,0.00016734108933783346,9.727499462068055e-06,1.2183149794754097e-05,2.1598242504863367e-05,2.7514236499411666e-05,1.8695504437508897e-05,2.299042945759248e-06,2.8375012298374354e-05,1.5687567111047027e-05,1.5665186312239216e-05
modB,modB,0.000318993229487989,1658,1.822502932696028e-05,2.743614802302272e-05,7.54771668159022e-05,7.872801335236121e-06,8.442340928515784e-05,2.4357550223765232e-05,2.9700874181984918e-05,9.950422688097458e-06,1.383439430662474e-07,4.141148366479599e-05
fdhD,fdhD,0.0003184953601118935,1659,5.4148817267540986e-05,3.6021210506228625e-05,0.00011214059176957538,2.1349796695010455e-06,2.9801112224580403e-05,7.878187651588385e-06,7.752415154394982e-06,1.6331233783649927e-05,4.3652272938565346e-05,8.634539146268365e-06
ldcC,ldcC,0.0003179844541287484,1660,3.497326316866404e-05,1.1135817681529083e-05,3.588071763705931e-05,3.110150014041437e-08,0.00010782462361303386,4.010722284283702e-06,4.443453741565907e-06,2.2820078768786864e-05,6.612665566727107e-05,3.073802006641413e-05
secY,secY,0.0003175675776239116,1661,0.00015435948213303203,3.167670670112676e-05,1.2623599423276897e-05,4.416112668508099e-06,2.7935958237327343e-05,2.3840532821021105e-05,9.096299509594117e-06,1.2748690687419314e-05,1.7956927203776237e-05,2.291326823882969e-05
ydgH,ydgH,0.0003173575006895386,1662,6.869853640852242e-05,4.4972995783761616e-05,1.9719015732761064e-05,2.2109898305102017e-05,2.467737001648057e-05,9.892360017826433e-06,1.6935747663152326e-05,5.557451423048944e-05,4.38007920023843e-05,1.0976270529058419e-05
aceB,aceB,0.00031675771219844446,1663,0.0001230523252970977,1.2683974800455598e-06,1.4508881123022322e-05,6.401059482524409e-05,1.3323292064131158e-05,3.436656076623023e-05,1.6057899036608142e-05,1.8472476546651748e-05,1.0546978053877e-06,3.064258725402574e-05
ygeO,ygeO,0.0003164712435028361,1664,0.00011445956240589597,6.804959450448101e-06,1.22590057570447e-05,4.205722900918879e-06,1.9474230568525512e-05,1.7734387267883343e-05,1.124003458682666e-05,4.8388551058007566e-05,6.431899014602554e-05,1.7585799361259804e-05
secD,secD,0.0003161452188401343,1665,0.00012332796050878284,2.3226718968626284e-05,9.94223856700063e-05,1.2560326202130525e-05,2.9615299387148673e-06,3.1508788485156646e-05,1.8077220191139336e-06,4.989959139229542e-06,6.632273330967838e-06,9.707554577405542e-06
pinH,pinH,0.00031612851064741036,1666,7.000441154290258e-05,2.6481875502950508e-05,5.608666169238348e-05,2.155747961911138e-05,4.120473296780153e-05,4.147091931921682e-05,1.642685180107495e-05,1.4249183073373017e-05,1.2911237652816889e-05,1.573515747577919e-05
gatR,gatR,0.00031544947420235705,1667,0.0002027037949253507,1.049644014638196e-05,1.0872976709300188e-05,1.3785658769305908e-05,2.115591307144078e-05,2.2918552197126523e-06,2.1974975654287175e-05,1.5805680153780653e-05,1.2969767120844858e-05,3.3924124319520987e-06
obgE,obgE,0.0003154248326879854,1668,2.6666195647097676e-05,7.827441801489973e-05,3.9081639316841173e-05,9.99397593092065e-06,6.14849876440409e-05,4.3174899440159705e-05,9.75271113561669e-06,3.0266260517517597e-05,1.1783040260599298e-05,4.946704780292042e-06
phnA,phnA,0.0003152750985988461,1669,6.417186199194319e-05,4.515012625051443e-05,4.931587834101972e-05,2.668656206638902e-05,1.5021775956923216e-05,5.261664465986839e-05,3.701706831694805e-06,2.79808074675425e-05,6.447454737799359e-06,2.4182280295151418e-05
ycgE,ycgE,0.00031422614784064085,1670,1.8377212942722012e-05,2.398293667779725e-05,6.284298899764261e-06,8.469121275130478e-05,3.9981064427077025e-05,8.16769760289733e-05,2.2037138522009367e-05,6.872196739322279e-06,2.4155135994900933e-05,6.16797485676962e-06
rpoS,rpoS,0.0003140697693869729,1671,0.00015013216272536433,5.306102614425005e-05,1.567767818731923e-05,3.026644758835686e-06,2.452222520154298e-06,3.4460458915025934e-05,1.5967799412378597e-05,6.0235842689541686e-06,2.111556712213777e-05,1.2152625332552827e-05
ycbQ,ycbQ,0.0003140055181504298,1672,3.4390894244697886e-06,2.282595703275786e-05,3.2175382544953916e-06,3.5444974803340256e-05,9.643410440422349e-06,7.570567922531862e-05,1.7658852940179985e-05,4.4265979725882064e-05,7.046931753564931e-05,3.133471876791422e-05
deoR,deoR,0.00031327938948118994,1673,0.0001285769303324317,1.9247303335980927e-05,4.083422074474129e-05,3.6943339223855062e-06,2.96948563833108e-05,1.3272185635186977e-05,2.376814310321527e-05,3.3873487786205666e-05,6.736873592049712e-06,1.3581054645682093e-05
yeaZ,yeaZ,0.0003128271261305966,1674,9.264357465449357e-05,0.00012125824458969847,7.4731471493255515e-06,1.5687272020039063e-05,2.1521968487575686e-05,2.1085986699403093e-05,2.1088578666750763e-05,2.461282505294249e-08,3.8745830963095785e-06,8.16915794194785e-06
ycgB,ycgB,0.00031275587712144813,1675,3.198247476070015e-05,1.0618255025209159e-05,1.57662823702746e-05,1.656171686870889e-05,7.497027674678319e-05,6.466094483836198e-06,5.332571247130009e-05,4.468279644427133e-07,8.213198659279965e-05,2.048624983739345e-05
yhiJ,yhiJ,0.00031254158775325845,1676,4.9061420065399555e-05,9.492249926392413e-05,1.850829681689244e-05,1.709277209041566e-05,1.1445358402050403e-05,2.7242902773396147e-05,4.759265225304188e-06,4.884521223107476e-05,3.1154355211185874e-06,3.7548425363682544e-05
yejE,yejE,0.00031236168739767105,1677,5.094109640049616e-05,5.975177122011594e-07,9.905797465144263e-05,2.52013740922701e-05,6.663725464048472e-05,5.233932351084651e-06,2.293508149699824e-05,4.71626438898976e-06,2.723371962699933e-05,9.807472036704366e-06
ytfE,ytfE,0.0003121623944620411,1678,2.7058626142006605e-05,0.00012226773240857613,1.066609568668699e-05,1.5115122878224943e-05,5.048293223255258e-05,1.294760278021685e-05,1.0368095345889232e-05,1.4791307307628788e-05,5.106187064558092e-06,4.335869261570091e-05
smf,smf,0.0003120200670609226,1679,8.72295151951267e-05,0.00010504155711407247,2.4586529869526377e-05,1.3285310593627805e-05,1.1135324411791788e-05,5.662649102891304e-05,6.3033788831695195e-06,6.003199259191439e-06,1.358386625192818e-06,4.503740803106365e-07
treR,treR,0.00031092069105264936,1680,2.213856210479229e-05,6.1022220680956825e-05,3.307170541570624e-05,1.4984131193474862e-05,1.5519781239466932e-05,5.560324881110609e-05,2.00451108643365e-05,4.852840714617359e-05,1.4752823998562325e-05,2.5254699598073648e-05
recA,recA,0.00031023744582279154,1681,9.586688023161674e-05,7.864995598798192e-06,2.475177652050083e-05,7.4922793253423696e-06,2.7136314129337596e-05,3.614529355910369e-05,2.3551567317365613e-05,2.883212767055476e-05,4.2196458706156074e-05,1.6399752764015713e-05
yqiG,yqiG,0.0003098012245621465,1682,6.823227427233171e-05,3.005336026412687e-05,5.684090282224601e-05,2.7699695172216653e-05,1.4100780484073823e-05,1.4358804506324866e-05,2.3424807161305846e-05,4.269665790458754e-05,2.3218991800294897e-05,9.174950174638264e-06
trpS,trpS,0.00030838115356912144,1683,5.1514164934221346e-05,6.967519398618622e-05,2.909357306928051e-05,1.3892211962314666e-05,3.565634948844658e-05,1.1841487983007244e-05,5.006303188535173e-05,8.857191814237738e-06,2.8582906046900357e-05,9.205042399175077e-06
glpF,glpF,0.000308294772121114,1684,7.033977740457475e-05,1.1572773704124276e-05,6.0645081358848525e-05,8.067191125182037e-06,4.157293273316562e-05,2.043882811036533e-05,4.965515316007449e-06,2.47416436819972e-05,3.623568355390492e-05,2.9715345132943843e-05
LELOBEKK_yedR,yedR,0.00030789939951175163,1685,8.185679342006656e-05,9.97897143995454e-05,7.0492224137787715e-06,2.317650093506437e-05,4.067089084411805e-06,1.6215713665290655e-05,3.672416190504789e-05,4.9868799717254066e-06,3.241071367260227e-05,1.6226100442184876e-06
ppx,ppx,0.0003076861320267558,1686,5.31073971797412e-05,2.7559171881731472e-05,8.071350502244533e-05,1.4509327160579641e-05,3.024310916754028e-05,2.1659084653942883e-05,9.31764448476079e-06,2.4892665181951738e-05,2.337374025818652e-05,2.2310487035875942e-05
ybdR,ybdR,0.0003074686326541068,1687,0.00010969832236658572,3.510354787967287e-05,6.675408483556628e-05,9.596555004140879e-06,2.6480216941790565e-05,2.4074521655102273e-05,1.6765616904185704e-05,2.6651697564407624e-06,5.786258975910066e-06,1.0544338334711661e-05
murI,murI,0.00030738259857304576,1688,1.555787644300921e-05,4.2671337370571724e-05,4.007116056422597e-05,3.312788775845089e-05,8.021686093625517e-05,1.4421525493240832e-05,1.9001936850855197e-05,1.8089141017070666e-05,3.5313051134481176e-05,8.911821004884935e-06
ptsG,ptsG,0.0003065752088766637,1689,7.600441474431863e-05,3.070601764598751e-05,3.1606470728801094e-05,9.293735157101986e-07,3.9849576415199125e-05,1.3412464602401517e-05,2.3348180302881574e-05,2.1296288570410383e-05,2.38417007303754e-05,4.558072162057824e-05
kefG,kefG,0.0003065680579886766,1690,0.00011469799065006779,5.4885882997629286e-05,3.2361537807652034e-05,2.721582342796808e-06,1.95844846548076e-05,3.299703466217404e-06,1.3154895681078904e-05,4.278873746679254e-05,1.0850848178506638e-05,1.2222394743127602e-05
yliF,yliF,0.00030638432608023707,1691,3.108481419878916e-05,1.371278552760637e-05,5.823023988041374e-05,2.533116226977732e-05,1.4161847774556023e-05,3.8793101320821795e-05,3.3666917601284994e-05,1.368775039451027e-05,3.185650870731268e-05,4.585919840516476e-05
rpoC,rpoC,0.00030628304365020993,1692,0.00014204886603904745,3.106347851566277e-05,9.759440300972293e-06,7.3473703336814965e-06,3.0935552022522096e-05,1.0810950941362163e-05,4.832579143687204e-06,2.5379619316470176e-05,4.144713490347837e-05,2.6580521333259077e-06
gltB,gltB,0.000306195160799645,1693,2.9359303398108013e-05,3.0512635488778945e-05,1.6549196622503964e-05,5.162304848261466e-06,7.79898780209835e-05,2.413350266017934e-05,2.4401412765754633e-05,1.760582900386398e-05,2.7790805479099387e-05,5.269029251211178e-05
uxuR,uxuR,0.00030547543142161906,1694,7.717132085861075e-05,4.9748227841976065e-05,8.056547724870154e-06,8.597067739267198e-06,5.5209887330369305e-06,2.017680187880278e-05,3.2301772784882406e-05,1.6329180696366113e-05,4.939681248787585e-05,3.817671067593082e-05
minD,minD,0.0003052886554236956,1695,7.060181179018212e-05,3.643454893782565e-05,3.3242829787753704e-05,1.4853660554679643e-05,2.9788949821202243e-05,2.2468871560467256e-05,1.5213159798124338e-05,1.289705444571477e-05,6.675262710874314e-05,3.035141619002747e-06
yohC,yohC,0.00030500390380231205,1696,9.119773743464749e-05,5.7467772452276114e-06,9.892677801256457e-06,4.4925123555828296e-05,3.837601298080647e-05,1.928511758306797e-05,1.8962126039339968e-05,1.5874737131215402e-05,2.835848115452202e-05,3.238511287640043e-05
cld,cld,0.0003044745024280969,1697,1.6391389445697065e-05,5.9744913940641926e-05,2.3545229485848106e-05,2.4833559256965375e-05,3.097022788984984e-05,1.0490625729611214e-05,3.9928067994258906e-05,1.4430966581520668e-05,1.4561012904105585e-05,6.957850919959823e-05
yhfW,yhfW,0.00030446009286617227,1698,9.8899752188684e-05,1.7119825113575104e-05,2.2730451816445068e-05,9.178323941667513e-06,5.78769455182058e-05,4.054629754205227e-06,6.661374091117555e-06,4.119711225399671e-06,3.0881960086815514e-05,5.2937119130056885e-05
surE,surE,0.00030285850632411516,1699,3.695380350488161e-05,2.0293220005544084e-05,5.847705332282312e-05,4.7156254378280146e-05,2.5742089878441297e-05,3.534018853658749e-05,1.0956668682506018e-05,2.798102616265453e-05,1.6361210589577797e-05,2.3596991262819057e-05
csgG,csgG,0.00030169063702253386,1700,4.6871421856028766e-05,1.1408726389233987e-05,4.654676826563111e-05,1.91576528399612e-05,1.1660699583647907e-05,2.50959215789687e-05,1.3981632768990536e-05,7.974369312289418e-05,4.430281118060955e-05,2.9213094365679557e-06
dnaC,dnaC,0.00030145183454401213,1701,9.627657349080218e-05,2.9223739694137577e-05,2.852373343890057e-05,1.314701268945914e-05,4.604183012491111e-05,2.3537968217985057e-05,1.687205855278647e-05,2.273290012977444e-05,1.1104126662219908e-05,1.3991891543035734e-05
yfgI,yfgI,0.00030125580189972577,1702,0.0001246526897902329,1.7375754614708017e-05,2.5187169191592276e-06,1.4849172164559474e-05,1.9163996217846974e-05,8.733361551604974e-06,2.9762220004658782e-05,4.4588444564808944e-05,6.560525671119451e-06,3.305092040102699e-05
ispU,ispU,0.00030085213396179364,1703,0.00011137603924848621,7.427612180344968e-06,1.684404276523792e-05,3.369926716818118e-06,1.463971511014265e-05,3.846980372956669e-06,1.2681433606376862e-05,4.036100743869867e-05,3.8070784140346676e-05,5.223459238238488e-05
yjfZ,yjfZ,0.0003008004159228056,1704,1.3936835111673667e-05,6.381375387882981e-05,6.724374530950744e-05,9.729996723045417e-06,2.7969317735433995e-05,5.737648984260526e-05,8.78836259628242e-06,4.779860737242593e-06,2.3192807480520014e-05,2.396924650766498e-05
katG,katG,0.0003006203861764145,1705,2.7162155208083976e-05,9.044922982237274e-05,1.2347854759959025e-06,1.754541697629934e-05,2.237922448975604e-05,7.980305562477031e-05,3.06678623111459e-05,8.542067873643411e-07,7.598849712665614e-06,2.2925599767960297e-05
yidP,yidP,0.0003006091196942339,1706,3.2148833211586604e-05,5.512293164402408e-05,5.496987484253801e-05,3.6056283831563487e-06,9.562058272016674e-05,4.80952971874641e-07,6.95092357326385e-06,1.864726796620641e-05,2.3004723211245284e-05,1.0057401170171901e-05
glnS,glnS,0.0003004027336443418,1707,8.994757725314569e-05,4.281459272350092e-05,1.7632834105424707e-05,3.9345355819518494e-06,4.9170530796476744e-05,9.656524211665435e-06,2.4327099039629284e-05,2.548648581589023e-05,2.1561175314906163e-05,1.5871378801750768e-05
sulA,sulA,0.00030029207868798307,1708,0.00012855627926022692,1.1015507788129486e-05,3.569030639512876e-05,4.894223064107817e-06,4.958555113751343e-06,4.624854173580722e-06,1.879368435575547e-05,6.614433261969854e-06,4.889589480748732e-05,3.6248340467845414e-05
yifN,yifN,0.0002998158093551412,1709,0.00013040016285820552,7.680898133143708e-05,4.1371728712144445e-06,9.216392159601414e-06,2.1523793982461142e-05,2.8153597201696744e-06,1.7554626010892682e-05,9.061833413050633e-06,2.3527324190128674e-05,4.770162817979967e-06
yhcG,yhcG,0.00029956173375175353,1710,1.4721867665314993e-05,4.439633696530439e-05,7.06841630447744e-05,3.993500803987816e-06,5.265795966827727e-05,4.3930461465023753e-05,9.074927356130318e-06,2.1920336068748785e-05,5.55067158275706e-06,3.263150913143473e-05
nagB,nagB,0.00029942717651974,1711,5.334478270291977e-05,5.154289781255841e-05,1.986924514352381e-05,1.3692053228563271e-05,1.7397900128560897e-05,6.837826134890342e-05,7.177538743740265e-07,3.428489209778433e-05,3.316684703168266e-05,7.0325431508694624e-06
tdh,tdh,0.00029818487239204126,1712,8.597888541410561e-05,5.789169700588475e-06,2.6103459222181116e-05,1.3813571913608851e-05,2.0058599011376596e-05,3.6973251843999233e-06,2.222980187157413e-05,3.740105336071726e-05,5.685484340973139e-05,2.6258163303757884e-05
hybO,hybO,0.00029799554029222406,1713,1.624986853927331e-05,5.0681939495797834e-05,6.452383934181818e-06,2.8446928320385144e-05,2.1351370551550445e-05,5.472761100565032e-05,3.7833800308650725e-05,8.661895178128238e-06,4.9108599037783866e-05,2.448114392082235e-05
ytfI,ytfI,0.00029761083147300716,1714,4.862629920377047e-05,4.360995709808778e-05,8.239694536900198e-05,3.969593847061931e-07,4.233712737835433e-06,3.575420374656487e-05,7.969626840343593e-06,1.6801325216027977e-05,5.717172703748909e-05,6.50074839179743e-07
aat,aat,0.0002972893339763193,1715,0.0001087826468508339,1.7487090649791598e-05,1.8268987065250392e-05,2.0676838795413945e-05,1.4918679430603894e-05,3.720637538674345e-05,2.2308960887062423e-05,1.4751255705328781e-05,3.4508354793090807e-06,3.943766372598191e-05
yeaI,yeaI,0.00029695523194425406,1716,1.2078377538711282e-05,2.7934337430714054e-05,7.844220529553347e-05,2.2129454350213086e-06,5.7411611610192975e-05,2.1075702925562633e-05,4.5808026525450563e-05,2.1663055311831073e-05,1.739998267477301e-05,1.2928987196463672e-05
yjjB,yjjB,0.0002969114402078194,1717,5.6972431794364745e-05,6.88990306185147e-06,4.145435534574386e-05,2.1821279126528535e-05,1.9919694360580603e-05,4.7375254906878415e-05,3.429623910181842e-05,2.6596869057680604e-05,5.034915419019987e-06,3.655049803335267e-05
ygaU,ygaU,0.00029679113988609123,1718,9.741687849343416e-05,5.348263743437634e-06,1.1413047191886453e-05,3.646210899840006e-05,1.7773034307390574e-05,1.2739317554199448e-05,2.531330073782313e-05,5.933886961615103e-05,8.543630445365752e-06,2.2442688798003036e-05
LELOBEKK_atl,atl,0.0002959733486211103,1719,2.0697674007369057e-05,8.188303680806849e-06,2.1516810171182185e-05,2.1886454347002394e-05,4.6076914154843204e-05,1.1867304587834702e-05,5.405261785598709e-06,7.297941382261945e-05,5.8790624327466784e-05,2.8564587736387034e-05
yidC,yidC,0.00029585821480381067,1720,6.553921600841406e-05,2.2542084487254336e-05,2.3418613470150535e-05,9.679009045579823e-06,6.380127155301919e-05,5.9570310940017793e-05,7.808609896072882e-06,1.1545487470039544e-05,1.2183297255995518e-05,1.9770314677266997e-05
ydeJ,ydeJ,0.00029511061375714186,1721,1.4122133787439985e-05,6.697741141940137e-05,1.902858057998049e-05,6.276238971523424e-05,4.342187643221968e-05,2.242045287887091e-06,4.279233451894587e-06,3.1165846524454874e-05,3.972345745548421e-05,1.1387639103145315e-05
ypeC,ypeC,0.0002950483675422355,1722,5.455705141281196e-06,5.36619950500771e-05,6.607408765718912e-05,1.1490685909498096e-05,7.175951139623961e-05,1.954058434189814e-05,2.4257810954588185e-05,1.5164954356550944e-05,2.129479268282944e-05,6.348240052083669e-06
yejB,yejB,0.0002947092629179166,1723,1.597953842461556e-05,7.141670899876243e-05,7.159164666219479e-05,2.134164865780335e-05,5.318463622622317e-06,3.93184142217305e-05,7.426124375945419e-06,2.5316996005579935e-05,2.978861187021871e-05,7.211110078443577e-06
garD,garD,0.00029470531945288985,1724,7.515583668222397e-05,8.223732372351213e-05,4.3351469907836836e-05,1.444623838511867e-05,1.4046506846177817e-05,1.5451800690749805e-06,2.4225067491568147e-05,2.6677416664503754e-05,5.282727699430565e-06,7.737551983442983e-06
ligB,ligB,0.0002946997311312945,1725,3.935127045663754e-05,7.799195534846343e-05,1.5495773248015185e-05,5.953254531970796e-06,2.0967461021314736e-05,3.0684271385246286e-05,2.631234138311421e-05,3.15776972169416e-05,3.881188044762391e-05,7.5538260919667715e-06
livK,livK,0.00029439947489609693,1726,6.926631152619348e-05,4.1319418875569215e-05,1.587714539990266e-06,3.192164195912111e-05,3.870627519493699e-06,2.150811574068053e-05,1.5019257910669887e-05,3.861542100769499e-05,4.819351023782085e-05,2.309745557886291e-05
nadK,nadK,0.0002942044077357999,1727,6.341704295216604e-05,2.4628740564259556e-05,0.00010562530872594725,2.2423042756926945e-05,9.612762359751605e-06,5.191580773426673e-06,4.1461038172777546e-06,2.400149843745279e-05,2.9120323159244427e-06,3.224629503266685e-05
ygeY,ygeY,0.0002935422700351813,1728,9.763496947994494e-05,6.413864770417534e-05,1.0579340396895356e-05,3.7164279064296544e-06,3.709460991010366e-05,4.217051709925834e-06,2.6865173266557587e-05,1.9082900329513475e-05,6.45009743087532e-06,2.376305190076016e-05
yhhA,yhhA,0.000293339591109355,1729,6.253584362691969e-05,1.5495430599792823e-06,1.1755755772319065e-05,2.5628395913166908e-06,7.424141779055798e-05,3.4014272350731828e-06,3.1650303697694715e-05,2.665678760091549e-05,4.837367573228202e-05,3.0611997002296844e-05
dinG,dinG,0.00029330994901496005,1730,5.681658545550345e-05,3.182776234806417e-05,5.45804351177557e-05,5.307483016447882e-06,2.1377948523169517e-06,4.339309699717665e-05,4.446043809168161e-06,1.1130973233629992e-07,5.560153350297566e-05,3.90879041832151e-05
yhdA,yhdA,0.00029245839322983357,1731,0.00011526164597125749,7.35481650754504e-05,2.192230883338079e-06,4.7933162507049734e-06,1.0201245766068354e-05,2.368041836199634e-05,3.115725087610693e-05,2.959968756564194e-05,1.6233995211289742e-06,4.0103295814005205e-07
yfiQ,yfiQ,0.00029230152237537,1732,3.8933170165648575e-05,4.753823825762528e-05,2.0168924637784613e-05,1.5059018634203142e-06,2.2696398018474086e-05,3.292733235652847e-05,2.0163638776076213e-05,1.0329978134863765e-05,5.464587493659438e-05,4.339206522835425e-05
murD,murD,0.00029214547686605375,1733,1.4737078161816071e-05,4.7030845753905924e-05,5.375801966096519e-05,4.676783685556698e-06,0.00010643401868300163,2.0567237548963168e-05,1.4485005469692393e-06,5.195581879247523e-06,5.672902589817418e-07,3.773012068664651e-05
ompX,ompX,0.0002916601816409026,1734,7.863585747141831e-05,8.284863837349289e-06,1.4706163215111085e-05,2.7343570797109616e-05,6.290292412418611e-06,5.594553065522789e-05,5.663592154094285e-06,2.4870272155866088e-05,6.317229921581522e-05,6.747739726492203e-06
hslU,hslU,0.00029164575047692457,1735,2.7628229704050998e-05,2.6251342735976525e-05,1.4160756893177196e-05,3.2249416174433724e-05,2.0269399633098564e-05,2.436797007279165e-05,1.673630655071247e-05,3.397141494675344e-05,6.87092922699979e-05,2.7301621495932126e-05
aroH,aroH,0.0002912288807001236,1736,8.704747107670723e-05,3.016347367867332e-05,2.9234186947746107e-05,1.1515945729641783e-05,4.0780416974570255e-05,1.5664199420055736e-06,1.980128498535942e-05,2.7086028013515703e-05,1.710679196040917e-05,2.6926861391495025e-05
mtlA,mtlA,0.00029061538534372517,1737,8.614564748708188e-05,1.2404870101728128e-05,2.7278809966972797e-05,3.5670091742259235e-06,5.20644964699208e-05,2.3361080222641175e-05,3.103990729944343e-05,2.668887785326432e-06,1.2416783702527534e-05,3.966789313385707e-05
yicC,yicC,0.0002895290751724925,1738,8.144897332803499e-05,8.245384177171496e-05,2.8602101424019236e-05,2.9039800815980227e-06,6.256654253405522e-06,2.7082777894495586e-05,7.02303652103299e-06,1.3412949416855404e-05,6.231040710707215e-06,3.4113719770628594e-05
pps,pps,0.0002886143260076147,1739,0.00010350481450205551,4.8309762210801644e-05,2.125945604577832e-05,4.313882303066154e-06,1.273731995577118e-05,1.1643658176566646e-06,5.359835358154477e-06,3.116107442395768e-05,2.722270219306882e-05,3.358111319730425e-05
tktB,tktB,0.0002880386377933297,1740,0.00013654298307508997,1.4091225049309044e-05,6.97748439124276e-06,6.197437476170545e-05,2.9783629602370974e-05,2.914520905854934e-06,1.541929983153657e-06,8.996195613158433e-06,2.4216512651113888e-05,9.997817603305896e-07
ybiR,ybiR,0.0002880352334344591,1741,4.608286947911199e-05,1.5907489880132582e-05,9.861900618546079e-05,3.3449789194740924e-06,5.121208399608935e-05,9.268837725944815e-06,8.75116251277589e-06,2.535920564930629e-05,2.6193931372998526e-05,3.2956677131647366e-06
yjhD,yjhD,0.0002879406483238452,1742,2.026576963445165e-05,5.774896297745109e-05,1.7148821790577532e-05,8.268834806279467e-06,4.376750383736683e-05,1.6657139589799555e-05,4.7104595789149815e-05,1.1709698511563961e-05,4.995680171397088e-05,1.5312519673234412e-05
fadE,fadE,0.0002874781389426302,1743,3.142064054503171e-05,1.3676987317314731e-05,3.735139629766249e-05,6.025938341636567e-06,2.9990263198792307e-06,3.9213610200330964e-05,3.502331206778873e-05,5.227094447778983e-06,7.426623508501643e-05,4.22738983201904e-05
nupG,nupG,0.0002874099844213287,1744,5.809751613165805e-06,4.858217407255476e-05,4.83200868883367e-05,2.7519677677421807e-05,3.0618848577913934e-05,2.2145443596672035e-05,6.7275833150974235e-06,1.9463118529398752e-05,7.55698161177684e-05,2.6534840329990997e-06
yebU,yebU,0.0002867718710676602,1745,1.718150796837512e-05,2.8699052272746404e-05,6.120842110698008e-05,1.754683457530555e-05,3.755100336576412e-05,6.902687880035238e-06,3.6353415611466054e-06,3.167001096370019e-05,5.47929378712014e-05,2.7584073502405506e-05
rfbC,rfbC,0.00028673117250000693,1746,3.7164362014061495e-05,7.413221151834802e-05,4.471853398136254e-05,6.842937849809963e-06,1.3729343036186135e-05,2.0855806577862164e-05,4.006608940048972e-06,2.291881531777334e-05,2.306404184435483e-05,3.929851142019949e-05
ygfI,ygfI,0.0002865818947563292,1747,8.68992918173923e-05,1.260529061374708e-05,2.288597715861988e-05,2.523064194062658e-05,2.615780463492715e-05,3.735445834699417e-05,1.0402603915370003e-05,2.8883703697007497e-06,8.018279931265722e-06,5.413917602768557e-05
chiA,chiA,0.0002864143551933496,1748,6.869448275830447e-05,4.420882134557276e-05,3.0820645155992375e-06,2.3765856294816755e-05,3.741771165738936e-05,8.771248864839934e-06,2.7729212165878767e-05,5.196137497246616e-05,5.463813261299106e-06,1.531976935718302e-05
yqjD,yqjD,0.0002862329619298754,1749,8.914091107871707e-05,8.438873656922048e-06,2.4353495873235857e-05,4.433462106880125e-06,1.6878177999615847e-05,7.468192047271202e-06,9.819511915548383e-06,4.020224745694631e-05,4.391769393501601e-05,4.1580395859722584e-05
yojL,yojL,0.00028616594949225973,1750,5.97449218578511e-06,5.817268651991932e-05,4.9696450108360184e-05,1.4047217206631246e-05,2.3879815803850922e-05,2.8180643784411924e-05,3.4781138064859815e-05,4.785553803080342e-05,1.788066150543961e-05,5.6973062821981695e-06
bcsE,bcsE,0.0002855597489892741,1751,7.365851897151652e-05,9.62788493235271e-06,1.550696097764159e-05,1.0312911369331531e-05,3.191121382196951e-05,1.2538790411210498e-05,3.318267492432138e-05,3.3707588325104916e-05,4.628488074399486e-05,1.8828324511830585e-05
malQ,malQ,0.00028485556498811536,1752,4.2127494881219444e-05,6.449014428453782e-05,2.307618312591456e-05,1.8469937395926393e-05,5.927311592707895e-05,1.0111216054261689e-05,3.5572167022255216e-05,2.474826168125299e-05,5.43371745698499e-06,1.5533271586832999e-06
exuT,exuT,0.00028478496883473656,1753,1.1438395575029489e-05,5.124086710468347e-05,3.785722182346465e-05,1.2852202107771106e-06,7.030042269737771e-05,1.1389459141138272e-06,1.813708653704509e-05,1.4737133761054572e-05,2.96496963815125e-05,4.899997882967813e-05
LELOBEKK_yneM,yneM,0.00028455179726846855,1754,6.17122348613823e-05,4.741054544376354e-06,1.6101902505591315e-05,7.969686194735662e-06,4.473451795842708e-05,1.8837248216884763e-05,1.866338682955835e-05,4.7537762826902776e-05,4.072285053820994e-05,2.3531152792399957e-05
chbC,chbC,0.00028436911219836255,1755,5.472639706801113e-05,5.3435234078156346e-05,4.133437549440774e-06,1.5075747506989113e-06,4.8657766877428596e-05,1.4491453366095446e-05,3.2077135957620255e-05,1.6275518374496193e-05,2.789032555385963e-05,3.117426862255527e-05
yhaM,yhaM,0.0002842162352117405,1756,2.7621837615629843e-05,8.351821925134639e-05,9.802239631675057e-06,1.860531285381196e-06,2.588562515249886e-05,5.177363633603352e-05,4.059533651950997e-06,5.736258256646973e-05,2.1021130963872946e-06,2.0229916624367567e-05
yibJ,yibJ,0.0002841841387078202,1757,7.372759557729246e-05,3.893937803035039e-05,3.7391552973316654e-05,1.741961626283658e-05,2.266482433227801e-05,1.1082077622078751e-05,1.6781051649601722e-06,4.001732677046255e-05,2.8699731079380727e-05,1.2563930894863899e-05
yzcX,yzcX,0.00028401502722884666,1758,3.760078122402953e-05,3.372498553837112e-05,5.391512793560099e-05,9.680499702647337e-06,6.173083979847237e-05,6.417608581416076e-06,1.2945247048844478e-05,1.2264812057984172e-05,4.093404361028383e-05,1.4801081731196756e-05
trxC,trxC,0.0002836081604981535,1759,7.994200815264275e-05,2.2508732373337575e-05,2.411622668438391e-05,2.0426073905669816e-05,2.1573689899718993e-05,3.289626651387522e-05,3.1509440619432184e-06,2.1748506452857166e-05,2.5677532380572168e-05,3.1568180073152644e-05
gcd,gcd,0.000280688566708115,1760,1.4417612352981084e-05,7.402655281287347e-05,3.7743890813523e-05,3.834893798903458e-06,1.0351692643900175e-05,3.501826512210642e-05,2.4658467336985555e-06,4.586540103984756e-05,5.360167107378922e-05,3.3627403164920746e-06
mntH,mntH,0.0002803844414832,1761,0.00016386525572538175,3.367248108450667e-05,9.275422745336165e-06,2.2116685822223124e-06,1.20272668924325e-05,1.3527010864730117e-05,5.046500190915332e-07,3.067350831617539e-07,1.5154091945558634e-05,2.9839858540778533e-05
yfcF,yfcF,0.000280298171152065,1762,0.00011114975832470814,3.514246848523652e-05,1.794077044554004e-05,7.559385836140974e-06,3.226643645080043e-05,2.209029184281268e-05,2.6977612130943654e-05,3.247465467530842e-07,2.0328675233996503e-05,6.51802585513305e-06
argE,argE,0.00028019772036465,1763,6.749260120368162e-05,1.8697522604437655e-05,2.228031929195487e-05,1.0056011346635447e-05,6.888051559735664e-06,1.669467917402705e-05,2.442312820812472e-05,6.752194996351866e-05,3.560882369363541e-05,1.0534633318898925e-05
ispF,ispF,0.0002797684272749114,1764,9.560811095124034e-05,1.2069239087663056e-06,2.0466939556136577e-05,5.043191698828605e-06,6.68553967862848e-06,3.440554350629097e-05,6.809861995862448e-06,1.4239487558611707e-05,2.9933655723080414e-05,6.536917269746558e-05
yiiU,yiiU,0.00027947830553842274,1765,6.26114402589982e-05,4.4894171804939654e-05,1.7908910174036703e-05,1.1658180993677916e-05,5.901001399674936e-05,2.334648073297219e-05,1.1759927489405372e-05,1.3170804913191986e-05,9.001114292899071e-06,2.6117260881552313e-05
rimM,rimM,0.0002793842449373206,1766,3.2847935036058176e-05,7.236660274609773e-05,4.0505493400175486e-05,6.8814071729201e-06,1.1373257046464096e-05,6.2540989916671725e-06,1.3641876708739592e-05,2.57660508726863e-05,3.946252314665745e-05,3.0284999815854528e-05
ytfM,ytfM,0.00027933918588750014,1767,7.425473211434657e-05,1.0568615696909038e-05,1.379326664204526e-06,5.6498198761004603e-05,1.1742440268328676e-05,3.898122506788292e-05,1.1359943817134067e-05,4.876349393959762e-06,1.7103318838306453e-05,5.25750352654235e-05
yacF,yacF,0.0002792012203337182,1768,3.550054327833814e-05,5.4579550490967454e-05,5.362391646475806e-06,1.472776630098471e-05,4.686695959834158e-05,2.8759272230512452e-05,9.427613560025216e-06,2.677825133700721e-05,3.91171830340791e-05,1.8081688856986547e-05
ymjA,ymjA,0.00027901508167433887,1769,9.92369413674263e-05,3.071480199142822e-05,1.2256845757743783e-05,5.6518269964803955e-06,2.749513224731531e-05,1.904775902158679e-05,2.440132594663693e-05,4.151665768937265e-05,2.242951659900271e-06,1.645083899644826e-05
frdB,frdB,0.00027888983828156937,1770,3.9048753656036155e-05,1.6262517693875023e-05,2.052861077967834e-05,1.1068677629075234e-05,3.888678683840818e-05,1.4480005554879885e-05,3.460945932456844e-05,8.598363017300368e-06,2.899535572487632e-05,6.641130806287142e-05
insH-6,insH-6,0.00027883118342980775,1771,4.4291208362170576e-05,8.312610232359653e-06,3.226314319997292e-05,3.8991457176024154e-07,1.9631664278097727e-05,3.7887680152090226e-05,2.200497040047015e-05,1.8321433408603965e-06,2.678825821162796e-05,8.542959068039786e-05
bssS,bssS,0.00027828592366292774,1772,8.144677612798972e-05,8.825072806224834e-06,3.458703277520325e-05,8.129689445893586e-06,1.1813486454502685e-05,1.957050241713782e-05,1.052934979234208e-05,3.5161764265947164e-05,9.46964548438511e-06,5.87526040933015e-05
yccK,yccK,0.00027797001939271383,1773,4.6729040808707085e-06,1.8743742892281372e-05,2.022839185829399e-05,1.8827428309799196e-05,1.1168235512320365e-05,8.586017751779428e-05,1.3696651930388726e-05,6.592881650730938e-05,5.3823697449901085e-06,3.346130103866573e-05
yhhX,yhhX,0.0002778178245414548,1774,0.0001052837670202024,5.1769436009674795e-06,4.441783284046811e-05,1.0758610487489658e-05,2.5272849310767048e-05,2.5475189743220233e-05,1.1293688282216418e-05,2.0078588640698257e-05,6.6997071953064476e-06,2.3360647420118743e-05
gor,gor,0.0002777917185469354,1775,7.478853038002124e-05,4.0314431995230665e-05,5.674242677960206e-05,1.3820328215203978e-06,2.1003202080883116e-05,1.817103396266612e-05,1.1045318459345518e-05,7.863011233949161e-06,4.387882907046696e-05,2.6029017632501447e-06
secA,secA,0.000276931758936244,1776,4.599464019996756e-05,5.2325027082686006e-05,1.5851395667617893e-05,7.156216245593383e-06,5.767380079343575e-05,1.2482611300095448e-05,1.941579350565504e-05,1.3783674702518215e-05,1.5625457642319145e-05,3.662314179635555e-05
ydiU,ydiU,0.00027677950670563405,1777,5.1204099009017523e-05,2.9617239210025622e-05,1.8385056026280563e-05,3.773323272136725e-06,3.318598951400643e-05,1.8141423878115548e-05,3.3961179874818174e-05,1.49452594621815e-06,3.63503137819324e-05,5.0666356193082895e-05
bcsG,bcsG,0.00027667284865930364,1778,4.678621091378492e-05,2.7837006272120228e-05,9.874035516920418e-05,5.814762643711522e-06,6.67114337572131e-06,2.2779346732089072e-05,2.1119704542372236e-05,2.481175690978823e-05,1.209678969516817e-07,2.1991594203560206e-05
nanA,nanA,0.00027601980511120455,1779,3.763738749526814e-05,1.4120007375995304e-06,3.711490797042514e-05,1.2264659195424051e-05,2.8791471145994864e-05,5.4229641853184994e-05,1.2254265192640906e-05,4.412693643363026e-05,1.5901782993378382e-05,3.228675209365827e-05
yjgQ,yjgQ,0.0002758356628430924,1780,8.016950403543272e-05,1.8130171991617855e-05,3.532871213577739e-05,1.8103014216535524e-06,7.516105249440201e-06,5.1385363463938554e-06,1.0300487678643355e-05,7.170828876105184e-05,4.219679717308587e-05,3.536758049995751e-06
yedE,yedE,0.0002753470684792257,1781,0.00011301205018064097,4.8027988079587516e-05,7.4090888967951804e-06,3.584134913804242e-05,1.6377160260792456e-05,1.8094325280889924e-05,1.594160160983191e-05,4.269373153541942e-06,1.2394479241633564e-05,3.979652637469873e-06
ybbL,ybbL,0.0002742579313333485,1782,6.717962996096359e-05,4.92489370159025e-05,3.4613294610105065e-05,1.6159923861363763e-05,5.2219161407753575e-06,1.0380349542921495e-05,8.265232091868688e-06,3.4089512261536715e-05,1.7014997219761537e-05,3.208413862814981e-05
ddlA,ddlA,0.00027424532505857354,1783,2.7694225889464834e-05,3.826922757236622e-05,6.753512951763461e-05,2.304885515936849e-05,3.476105455493369e-05,1.1847145182298462e-05,5.2872143428828325e-06,1.9264597014101696e-05,7.599746060833368e-06,3.893812976468933e-05
artM,artM,0.0002729500670284099,1784,0.00011487521810938934,3.921635182353727e-06,3.1086143796494535e-05,1.5155151238255378e-05,1.414628299690188e-05,1.7012693963185655e-05,4.188560149498826e-06,1.8648410599321746e-05,5.3745239585969046e-05,1.7073140703972586e-07
def,def,0.00027289434765239275,1785,6.663410480330533e-05,4.73274603651509e-07,3.131456158637089e-05,1.3125936054062211e-05,3.212380001326364e-05,1.6997377792069865e-05,6.720532788411214e-06,3.638104400319615e-05,3.67784014719875e-05,3.234531453607441e-05
aroM,aroM,0.0002724064281897527,1786,1.2566893499482206e-05,9.417904607058793e-05,1.7222095376611362e-05,3.973782051764858e-05,3.214924595531404e-05,1.364539389538332e-05,1.791962229994864e-05,7.396712050689978e-06,2.5250122003431772e-05,1.233947652065484e-05
ivy,ivy,0.00027238766528450394,1787,1.1413523950074048e-06,9.480631130741637e-05,1.7272344297618447e-06,1.3300644562386299e-05,3.1927930858777356e-05,5.526871508312856e-05,2.344306432505842e-06,3.924951036484459e-05,1.928975175908286e-05,1.333190809159278e-05
yjfJ,yjfJ,0.0002721300206560749,1788,6.357936743826347e-06,1.2552338649914856e-05,6.88133420131501e-05,1.2573951528755653e-05,3.7989337948510456e-05,5.353989503165916e-05,3.899457634477903e-05,3.7646553018701825e-06,6.759543733566162e-06,3.078444336004301e-05
araD,araD,0.0002719093678577331,1789,9.014310306273896e-05,7.450552033984124e-07,1.4130750881822107e-05,2.024876097157215e-05,7.659396089867311e-06,8.779225619285409e-06,1.0652874563097745e-05,6.410452761975298e-06,6.14568831993524e-05,5.168286550462334e-05
asd,asd,0.00027181999631929906,1790,1.859859986063747e-05,7.100012903091916e-05,3.4150245052997944e-05,1.1573756198022278e-05,1.6161779018589718e-05,1.7077530350390607e-05,3.6765860200726765e-06,3.5863105348359103e-06,3.001112143201124e-05,6.598393882082204e-05
yehZ,yehZ,0.00027136406409852213,1791,0.00010027888294917495,3.81935574514571e-05,2.4049739557347315e-05,4.653140795301039e-06,2.9821417470100628e-05,3.7546545187426567e-06,6.665673118146594e-06,6.996817222707864e-07,4.668254857254532e-05,1.6564767943435723e-05
yceF,yceF,0.0002712287800866385,1792,4.253240955019682e-05,1.0403344654616741e-05,8.937994901882152e-06,2.8661644035229856e-05,6.589311565865663e-06,3.764959689290664e-05,4.411376033344362e-06,6.417565272801e-05,5.5402351386595686e-05,1.2465098337990598e-05
yaaI,yaaI,0.0002711465621133122,1793,7.88730357375011e-05,3.155472101926191e-05,5.897945122181748e-06,1.5704385957077568e-05,5.024821931851794e-05,1.3447301015000355e-07,1.8041171991075172e-05,3.431782269808328e-05,3.409959046046084e-05,2.2751967990026306e-06
ppdD,ppdD,0.0002707766214805162,1794,5.630817873198992e-05,6.429459949152461e-05,8.956397419983819e-06,2.278464771614109e-06,5.9390773800708865e-05,1.6147242068465873e-06,3.134428054190478e-05,1.5239915215160194e-05,7.874241265579271e-06,2.3475046035204076e-05
acnA,acnA,0.00027067894469119094,1795,3.378303238376483e-05,4.341093840624232e-05,3.831695535185971e-06,2.2317922644772432e-05,2.8442918722291717e-05,2.7300542634303047e-05,2.261297013603007e-05,4.895889883710621e-06,5.62867803266466e-05,2.7796254018243366e-05
yjjK,yjjK,0.00027061085064716156,1796,5.081370953707196e-05,4.449260595808928e-05,2.3381213403824887e-05,3.696412528835354e-07,5.3164406457088955e-05,1.1865644079738183e-05,1.4883004926873647e-05,7.08014103289656e-06,5.570205697598172e-05,8.858427022712823e-06
LELOBEKK_lexA,lexA,0.0002697625739312631,1797,0.00010631593520234757,3.834400845768328e-06,2.4445766673423466e-06,3.2322157818862655e-06,1.367908907641892e-05,2.685176365922236e-05,4.298913959014866e-06,4.832952241523756e-05,1.9299868848672082e-05,4.147628747535272e-05
acs,acs,0.0002685805166760471,1798,0.00010462705985893122,4.7521683151219196e-05,2.9748509980295553e-05,2.174158105840515e-05,8.23404097151866e-07,3.9576961102510156e-06,1.7271211808007736e-06,9.509844844397693e-06,3.44402848403619e-05,1.448333155423266e-05
yiaY,yiaY,0.00026761366196113515,1799,4.930945901524423e-05,3.280781651254465e-05,5.268502881262595e-05,1.9984520902142472e-05,1.022095328537032e-05,2.4048882085526784e-05,3.1964460325103866e-06,4.605609186595174e-05,1.756618462766864e-05,1.1738278821549948e-05
ybhB,ybhB,0.0002674536272673182,1800,9.476078583308011e-05,1.3305355523168002e-05,4.697670461524772e-06,2.0744560975010073e-05,1.4163354081208569e-05,3.088780080862758e-05,2.8715351001658882e-05,2.6516968374594872e-05,8.552888120387115e-06,2.510889208805821e-05
sgcB,sgcB,0.0002656566513014473,1801,1.6784036092745828e-05,3.219928631708736e-05,8.415443938156931e-06,2.612833453507758e-05,2.119314937415186e-05,1.9216350568520845e-05,1.9377995172565646e-05,3.9376923411297897e-05,6.348049292925344e-05,1.948463896258993e-05
flgF,flgF,0.00026534966480468695,1802,2.9963322805995443e-05,4.9262812204284565e-05,1.2521264031486967e-05,3.0134715169849695e-05,5.269635091596679e-05,4.379321520282384e-05,1.5383051004718767e-05,1.4671036655287511e-05,7.618253162490447e-07,1.6162071498024307e-05
ychO,ychO,0.00026534613729894827,1803,3.5932361260476104e-05,5.8228956993805516e-05,3.4292277212112604e-06,3.0468407736344024e-05,2.2205712875511174e-06,3.605984209323127e-05,8.519939620634311e-07,5.453607740857316e-05,3.5858905348915534e-05,7.759793486776898e-06
gshA,gshA,0.0002650447862879254,1804,1.2590100572690338e-05,7.951098463666084e-05,4.731623623485824e-05,1.0163695037063699e-05,4.131353554481903e-05,3.7500319371346043e-06,2.9300064214698155e-05,2.39432237316114e-05,1.2337073964272536e-05,4.81984041411654e-06
ycbW,ycbW,0.0002639780507063417,1805,1.9437703110900733e-05,4.1413206309651205e-05,4.7023495255121575e-05,1.127421340319585e-05,6.099121825287022e-05,1.8336419652465067e-06,8.43642711726247e-06,4.237167586779258e-06,3.70460070289099e-05,3.228497067640397e-05
yffS,yffS,0.0002637274412456995,1806,3.081031644822251e-05,2.8576605606225855e-05,4.4887250770511384e-05,6.497563379172459e-06,6.118870358747912e-05,1.7029249091399524e-05,8.442002845007646e-06,1.677687303044173e-05,1.907244551492819e-05,3.044643097231105e-05
baeS,baeS,0.00026347100218745593,1807,7.486537837911741e-06,3.4305192068672152e-06,6.194619278137731e-05,1.022599680270422e-05,4.0248881288730196e-05,3.981425849926954e-05,2.066685905411856e-05,1.5299248511479113e-05,4.126625373852666e-05,2.308625446647139e-05
LELOBEKK_uidA,uidA,0.00026317510611201277,1808,6.1004683656914446e-05,2.078269197922445e-05,7.112576240457958e-06,2.1283182128548753e-05,4.238431642212616e-05,3.577536651821491e-06,2.865299273825745e-06,5.337544047338146e-05,5.0727127283446414e-05,6.22520022658828e-08
yajL,yajL,0.0002628669385439483,1809,0.00011829371822560296,1.849923187783575e-05,3.426109721269707e-05,1.5396616918026764e-05,6.925685956486004e-06,1.4981039768003504e-05,1.7696003163053825e-05,8.435683374254721e-06,1.8650611190224715e-05,9.727250857762973e-06
glgA,glgA,0.00026157302178100064,1810,7.72145891951902e-05,1.727703834448401e-05,2.0035188593430484e-07,3.91932813467777e-07,3.868789015926248e-05,1.271195713148215e-05,2.5226487587310458e-05,2.7505814345076674e-05,5.543506094531742e-05,6.9218993734751464e-06
yddM,yddM,0.0002615324104580613,1811,6.408774600514702e-05,5.116896118067376e-05,3.0211369231502353e-05,1.8159726637441071e-06,2.7783809150647284e-05,1.2363849198675461e-05,5.989648250820702e-06,2.542125222832738e-05,2.3466031008581118e-05,1.9223771539942122e-05
lrp,lrp,0.00026107769046323934,1812,4.637267387910482e-05,4.8046349025299345e-05,4.420085678507617e-06,1.689869689608845e-05,6.25246210167303e-06,1.0699801437418408e-07,4.247453517578051e-05,3.50772707957792e-05,3.168603839710858e-05,2.9742580499523607e-05
yfiF,yfiF,0.00026002602249524705,1813,4.517162733161097e-05,8.09578354331148e-06,1.7248736077413426e-05,2.6353292301206324e-05,3.250442296176572e-05,2.745618323737505e-05,2.4589673114996505e-06,2.4216087184601467e-05,6.28580073532921e-05,1.3662915193170883e-05
sodB,sodB,0.0002594010928155627,1814,0.00011577092960043858,1.5231938218552244e-05,1.090413411229242e-05,2.3086688951678607e-05,1.2218056602243135e-05,1.3438550379712999e-05,1.2731462598625283e-05,1.691759400641463e-05,3.136480086347511e-05,7.73693748212971e-06
phoH,phoH,0.0002587657493304841,1815,0.00012927757671952185,1.5405891688740846e-05,8.851240894249688e-06,5.9144535914903836e-06,2.0626194575798723e-05,1.326431453142867e-05,1.9697032913656248e-05,4.512250536885418e-06,2.0660909952190867e-05,2.0555883926521407e-05
yqeK,yqeK,0.00025855502515933685,1816,4.9878286807519824e-05,3.845536257590084e-05,1.6239832966203636e-05,1.3212444870054763e-05,6.679577931875505e-05,4.3457097379639606e-06,2.4919156258092113e-06,1.997402428296692e-06,1.1790085423032052e-05,5.334820540580081e-05
glmS,glmS,0.00025780195070356675,1817,4.5303739153722146e-05,4.479425000209493e-05,3.66191824845898e-05,1.0215831496748267e-05,3.128180510215185e-05,3.2221707598012603e-06,1.1651667987224351e-05,2.302045500563305e-05,2.8577349131023545e-05,2.3115499580577527e-05
yiaG,yiaG,0.00025710880580282093,1818,1.9762746746326085e-05,2.7495269411014165e-05,2.5528697179182966e-05,2.2487702963125525e-05,1.2538609764522584e-05,5.033960637900468e-06,1.5098154734588081e-05,3.7823909080991095e-05,7.269235184822066e-05,1.864740343694929e-05
cbpM,cbpM,0.0002564063962024302,1819,2.963366867416033e-05,1.4380379142627664e-05,6.374493332872388e-05,6.979714781577793e-07,3.3570381985494407e-06,1.597223190952702e-06,5.813009408911111e-06,5.966171660468215e-05,4.7902935845537666e-06,7.273016259111137e-05
dmsB,dmsB,0.00025634644742040966,1820,6.11825124233547e-05,4.1180070572530976e-06,6.38522441575902e-05,1.597246829252041e-05,4.5328756871536714e-05,1.7797876650848982e-05,1.0758754978965563e-05,2.5191723488657105e-06,5.249563755243904e-06,2.9567090884230385e-05
yjgA,yjgA,0.0002562371260167763,1821,9.18163242833895e-05,1.4915506190667275e-06,2.384951487042501e-05,3.159208125915122e-06,1.900790299300362e-05,2.293684082230372e-05,1.3617786072017125e-05,3.7115515758173406e-05,2.4395076538705423e-05,1.884740593377669e-05
fur,fur,0.00025541560620113627,1822,5.4128471981597334e-05,6.644612944876377e-05,7.65266657759699e-06,2.8079536427887522e-06,1.2540060697985104e-05,3.2474948238526558e-06,2.8504135712749314e-05,2.5431745043263135e-05,4.3494698587465464e-05,1.1162249685073741e-05
yehE,yehE,0.0002553800964721188,1823,9.534987289027118e-05,5.3669895678541444e-05,8.115169042816865e-06,1.0297245482199692e-05,1.786202963184697e-05,2.1996455833234433e-06,8.319713445788134e-06,7.736828070447907e-06,1.3548993767520063e-05,3.828070287936311e-05
eaeH,eaeH,0.0002549194385139499,1824,6.302946557839788e-05,1.8906787354699398e-05,8.30205147582873e-07,1.796386409162013e-05,2.2750822122822843e-05,4.5078991889502385e-06,5.5457431447647406e-05,2.3148613981342408e-05,1.0214597616417069e-05,3.8109751984469665e-05
ahpC,ahpC,0.0002546285366305289,1825,8.372630567537067e-05,2.3747585130266805e-05,3.612974690684602e-05,7.492120696255565e-06,1.9442083489316024e-05,1.3766724406543514e-05,3.424788781013673e-06,9.28115180352839e-06,2.2450747956046047e-05,3.516728178534218e-05
gyrB,gyrB,0.00025429316446055634,1826,3.388516040777609e-05,6.498561238928909e-05,3.2351844545268086e-05,1.075106602458915e-05,2.03860487178185e-05,1.3171151998774268e-05,1.2261619912862456e-06,3.61138588091542e-05,3.221257791434792e-05,9.209681662252799e-06
cydC,cydC,0.00025374072477830207,1827,5.480761458615189e-05,3.925048984209019e-06,1.5181237004947585e-05,3.509626680984549e-06,3.073619992812837e-05,3.6908506154052556e-05,3.8835265941666695e-05,3.459785229460841e-05,9.44947720256816e-06,2.578989600098486e-05
dbpA,dbpA,0.0002521079435038321,1828,5.6995089246559726e-05,4.2133297759774686e-05,1.7349423864009683e-05,5.992415230198096e-06,3.352649103301958e-05,3.235461227280607e-05,1.584080457810428e-05,1.7794416179746216e-05,2.5980078817856513e-05,4.141314521757193e-06
ybhH,ybhH,0.0002521059715194526,1829,7.229931971962193e-05,2.0516379818551405e-05,2.221925293613731e-05,7.493583762813916e-06,3.016828249125282e-05,1.7901423855392303e-05,1.3816322003755031e-05,2.7253496933187675e-05,2.970410845590291e-05,1.0733801542837261e-05
pykF,pykF,0.00025201676646521067,1830,7.082876365793288e-05,3.0663832170254805e-05,1.2693543855728051e-05,3.760588573874944e-05,4.43075539343704e-05,1.1512967108332811e-05,1.9265961488370544e-06,2.5601842131978563e-05,8.122941568610126e-06,8.75284015041653e-06
yliB,yliB,0.00025137311410619383,1831,4.910285122326063e-05,4.797230010398437e-05,1.4515853370115138e-06,8.427085799671015e-06,1.9884030841567782e-05,8.286799141597331e-06,5.166106365387515e-05,3.109375985346052e-05,1.0233619890314218e-05,2.3260018261451275e-05
phr,phr,0.00025117084227533476,1832,6.856940521190476e-05,1.4717178084185414e-05,2.1865398440794042e-05,1.0829093261671607e-05,3.008991220355826e-05,2.07734963244783e-05,3.5095883472638122e-06,6.336423002122411e-05,1.3654112971804673e-05,3.7984274084497184e-06
insO-2,insO-2,0.00025061326505102356,1833,2.5225781766632187e-05,7.713725053175287e-06,5.703973217108298e-05,9.070769510674671e-06,7.139837341639554e-05,9.483249768276254e-06,1.2999367735333665e-05,3.757566359599188e-07,2.238557033997445e-05,3.492093865351862e-05
pppA,pppA,0.0002505472632150158,1834,1.6883582697665835e-05,5.507658380028082e-06,0.00011361529674947957,2.10215489918048e-06,3.980926831978121e-05,1.3299067347901833e-05,8.828511091960841e-06,2.3133250985972162e-05,8.039447616688034e-06,1.9329025126357765e-05
yhcB,yhcB,0.0002502574077547205,1835,2.516118359342569e-05,3.390883301209666e-05,8.45302244898279e-06,1.3941828647306514e-05,3.901921899441866e-05,1.4275441087404774e-05,2.663387503721235e-05,1.4821687813786953e-05,2.1612099292711127e-05,5.243021782737497e-05
yceB,yceB,0.00024968966115251933,1836,9.880460226205616e-05,4.724042983329275e-06,5.114823640289713e-06,5.8291017424551e-06,3.8463180640526084e-05,2.8685000472536324e-05,2.091009873055771e-05,1.0796952216973324e-05,2.7461875760591033e-05,8.899982703204612e-06
yahA,yahA,0.0002496664349625357,1837,4.567504844553493e-05,8.584604319199666e-07,3.5975090210387554e-05,1.4519725549678923e-06,7.682286485059503e-05,1.6978556096639456e-05,2.4733305572061554e-06,2.88888773150296e-05,1.7371020770028516e-05,2.3171213730226587e-05
rpoZ,rpoZ,0.0002496553680425901,1838,5.152737279714599e-05,4.63059970200822e-05,9.4716541819466e-06,3.6877865943018207e-06,2.487455011605913e-05,2.6968878274316216e-05,3.616967554442537e-06,4.174975604259139e-05,5.8459590716184305e-06,3.560644639008582e-05
degP,degP,0.00024956514829987497,1839,0.00012507869007719234,1.4139665747763097e-05,4.1965696582247486e-05,5.897236560860023e-06,1.7962143257865875e-05,1.8175429494609682e-05,6.806320169910851e-06,9.455859622070378e-06,4.404458080267575e-06,5.6796487070876505e-06
ybgS,ybgS,0.0002493548535007859,1840,7.338685062288047e-05,1.7248642975414662e-05,1.6448146971418274e-05,1.210335234137961e-06,3.004836439193989e-05,9.083525788294921e-06,3.139201809929109e-05,2.881424705294486e-05,2.0894388965192903e-05,2.082833339927089e-05
pepD,pepD,0.00024863516512950066,1841,7.260238038666572e-05,1.834017050279837e-05,1.3478433189817827e-05,2.7551311577017545e-05,2.2399203985619666e-05,2.4405168502202884e-05,6.872445136937738e-06,4.363538110218859e-05,2.0807444299758145e-06,1.7269926316276526e-05
yajO,yajO,0.00024836248322586207,1842,5.460920159399826e-05,1.6817705906433057e-05,1.088162059349128e-05,5.413451318721738e-06,4.2951760411155656e-06,2.0937632027325464e-05,1.3825824151713275e-05,5.406924675900166e-05,3.126137205210383e-05,3.6251252781957966e-05
dinJ,dinJ,0.0002481379748813868,1843,4.0952102698340124e-05,4.526060258044424e-05,3.181561260724106e-05,6.924589942347938e-06,1.7384932883429205e-05,4.297092197235564e-05,6.498410975487374e-06,1.8125830139724123e-05,1.6919382154334265e-05,2.1285588927682832e-05
ydeS,ydeS,0.00024811531523371064,1844,4.655530528412585e-05,3.549108938095135e-05,2.4024712092546203e-05,1.404923983734211e-05,1.598367141428639e-05,7.079145109423224e-07,1.639043328429125e-05,1.6846427429401207e-05,4.082630909485611e-05,3.7240212904967794e-05
ybfD,ybfD,0.00024783058806279593,1845,2.3890775578541362e-05,1.718473261969442e-05,1.8303738605309093e-05,2.4123549718041862e-05,4.10077542413379e-05,2.6326173446215684e-05,2.8618718292618957e-06,2.0763109324975086e-05,5.384417023643516e-05,1.9524712462983492e-05
yehR,yehR,0.0002473099680855126,1846,6.346252962971706e-05,1.8533246606200487e-05,3.284330538480784e-05,5.913650892877608e-06,4.1855161613927256e-05,2.9015901952460724e-06,2.4947162731715222e-05,3.155094925463205e-05,1.798202319192717e-05,7.320348584461851e-06
yfjD,yfjD,0.00024724844085361597,1847,7.911994208993638e-05,2.0770713615211447e-05,7.288973950737133e-06,8.78378493419812e-06,4.632980998840411e-05,2.0147924262365966e-06,2.2566106889273136e-05,1.1181561865930462e-05,4.7072594916558866e-05,2.120160177129694e-06
copA,copA,0.00024602004371469235,1848,4.343881416299366e-05,2.3888272250740047e-06,1.7969619354461154e-05,2.2995809844826046e-05,2.558478783449957e-05,1.1361485430077039e-05,3.258777219469752e-05,3.8360599198425014e-05,4.0147430756505776e-05,1.1184897713132543e-05
avtA,avtA,0.00024433551269201003,1849,4.8776967242667554e-05,5.8843843194625096e-05,1.0253991504066221e-05,1.367780250561886e-06,4.540884034453012e-05,1.3047975852701166e-05,1.809718162267219e-05,1.5612951835122116e-05,2.090753652519857e-05,1.2018444319865157e-05
yjbI,yjbI,0.0002441911866150699,1850,4.658190428737276e-05,6.553708613771003e-06,1.5060089941208393e-05,1.9764466165197422e-05,2.1252510925380873e-05,3.899168073558136e-05,1.571787553510161e-05,4.0058464043513354e-05,1.2504922347152662e-05,2.7705564020790437e-05
narQ,narQ,0.0002438077977408876,1851,4.049856612391394e-05,2.564393199255722e-05,9.32227085974036e-06,2.1030018233567664e-05,7.691159924575234e-06,2.9089896456291133e-05,4.9185829662859745e-06,3.9095993765260374e-05,2.4556637176610228e-05,4.1960740242085475e-05
yhcE,yhcE,0.00024273289132126677,1852,8.152223595323808e-06,6.9856993195906145e-06,1.9406119687283906e-06,1.695152617200259e-05,5.602921298971987e-05,9.092324053035449e-05,1.0162635976343571e-05,4.75378034841872e-05,3.9873150457888996e-06,6.262223922735866e-08
ygfJ,ygfJ,0.00024247155228807816,1853,0.0001224490883821617,2.0918860307034933e-05,1.779742950210947e-05,2.1273987706034228e-05,1.1747767131653143e-05,2.025410692438262e-06,2.3864612250966407e-06,2.8682970974203192e-05,1.3540062351997542e-05,1.6495140153490567e-06
aldB,aldB,0.0002417518100522851,1854,4.503298674199335e-05,4.13184777703627e-05,2.9498904272317217e-05,1.880807089443081e-05,2.6250247146355967e-05,1.5906205488564698e-05,2.380166208202179e-06,4.8292451174700794e-05,7.379528015945075e-06,6.884772339412331e-06
puuP,puuP,0.00024037505993262942,1855,6.552401875455413e-05,9.206214603297545e-06,4.860026838432551e-05,1.0068483119217868e-05,1.5745540366728047e-05,1.7769360423058798e-05,1.9399656737632984e-05,2.4221815551960594e-05,1.317900038185592e-05,1.6660701609998005e-05
sufB,sufB,0.0002397667954566831,1856,3.256084989635567e-05,6.269529818198095e-05,2.830919424932781e-06,1.4883112625473644e-05,3.5772853171450144e-05,2.866387483171734e-06,3.483548814969633e-06,2.697674811658405e-05,3.5004288050010094e-06,5.419664893676349e-05
yhiS,yhiS,0.0002395932812508443,1857,1.8430427025567008e-05,4.719525673515618e-05,8.00518761540057e-05,1.6417482892837268e-05,1.5558682707838652e-05,2.9266398621381253e-06,4.46476585747604e-06,1.0150776862735544e-05,2.8378982163234848e-05,1.601839098985495e-05
slp,slp,0.00023947970669071074,1858,1.1778218082611045e-05,2.9750243059594246e-05,8.399308549779218e-05,1.4533639693564503e-05,7.399500740696906e-06,4.5879345461496614e-05,1.8092023885400084e-06,1.367736346481307e-05,2.6453110764098864e-05,4.205997537503296e-06
yjgR,yjgR,0.00023926302703964751,1859,5.714411646976815e-05,4.1761807644374924e-05,1.5587942078287622e-05,2.0161900796538987e-05,7.361719305616403e-06,2.7915558392436537e-05,3.7646617995512213e-06,3.281927765291428e-05,1.868010843746521e-05,1.4065934462694195e-05
ygdK,ygdK,0.00023922648697696997,1860,3.874084987647967e-06,3.087485048971076e-05,8.480501704661344e-06,6.1687062125731465e-06,3.7592213142871546e-05,3.823297743061675e-06,1.3015156914311436e-05,4.798476636870905e-05,6.68131945843951e-05,2.0599714829027937e-05
yahK,yahK,0.00023887893031184046,1861,4.4216097471765324e-05,4.063410868253736e-05,3.453341122324509e-05,3.0811231527366376e-06,6.512625339786255e-05,9.2459182193589e-07,1.7988686568877035e-05,7.5404331675278375e-06,1.8968615025070042e-05,5.865609800282712e-06
yjhG,yjhG,0.00023887443744673642,1862,2.0967144086293238e-05,6.207078378603113e-05,3.880917785330477e-05,1.595450906578155e-06,2.8911531212835843e-05,1.7386909160301188e-05,6.794520543334551e-06,3.082046809607655e-05,1.4677599755589665e-06,3.0050691826422032e-05
tktA,tktA,0.00023865106574823137,1863,5.83119287378189e-06,8.349148501830249e-05,1.1276132993395738e-07,2.0407004300031624e-05,1.866282709864029e-05,1.6878367171301613e-05,2.436315692549558e-05,3.845702551308299e-05,2.1495725842958898e-05,8.951519674702028e-06
flgJ,flgJ,0.00023843450857552099,1864,1.884648973558151e-05,1.3700508844218942e-05,3.78440256957067e-05,1.3416531016588733e-05,5.100416786050161e-05,1.7854360583349236e-05,2.2377919965724894e-06,7.486952081599203e-06,5.7955805353847565e-05,1.8087875407554993e-05
usg,usg,0.00023814013486644697,1865,3.974069976917296e-05,1.7203962638783117e-05,1.3396776067585187e-05,2.076941557334218e-05,2.2738075599992505e-05,7.11556508306662e-07,1.9139611971088236e-05,7.063545484376398e-05,2.6637427292260825e-05,7.1671546021513055e-06
yhcC,yhcC,0.00023795663826083275,1866,6.799039030257349e-06,3.9380873813853874e-05,2.836529579050146e-05,6.886440074091373e-06,4.269482424540066e-05,6.666396127292123e-06,2.7295481691735844e-05,2.390913884928396e-05,3.2910274494688774e-05,2.3048874143727367e-05
flgK,flgK,0.00023783650330199752,1867,5.269446968800136e-06,5.124260524415739e-05,4.173730199413466e-05,5.0546542368358535e-06,5.7860827631781405e-05,1.3577984977659169e-05,1.1773157004606396e-05,8.115973567956609e-06,5.356535494042714e-06,3.784801618202318e-05
mukB,mukB,0.00023721460293248727,1868,0.00011172368642591115,1.1795122157270603e-05,2.419004529085863e-05,2.1424369998064176e-05,6.55249809224628e-06,1.272899503105511e-05,1.7126913083406873e-05,1.332374943172117e-05,1.5493534125359876e-05,2.8556892965934255e-06
yliE,yliE,0.0002368681528865344,1869,8.730241714146644e-05,2.2669451768846415e-05,1.4533156892896976e-05,1.290660870048875e-05,3.6828735589694686e-05,4.964525131620894e-06,6.635146033560714e-06,2.920298949964642e-05,5.954003951552502e-06,1.5871118176760564e-05
lepA,lepA,0.0002361750001836879,1870,5.167988013249929e-05,3.757101572015153e-05,4.575995150139562e-06,1.222313066590755e-05,1.2666791299941964e-05,2.1235985525540078e-05,2.971435685441366e-05,1.9029662825161335e-05,2.2159134169629046e-05,2.531904784030389e-05
ydcM,ydcM,0.00023445464776175693,1871,1.150038440525434e-05,3.0867383481897314e-07,4.088187648657116e-05,2.8331296971669227e-05,2.2656409917674973e-05,3.9188469487583574e-05,2.446127751852713e-05,3.1026166781219955e-06,4.952100101577234e-05,1.4502641445763218e-05
cysZ,cysZ,0.00023417584934833191,1872,2.051651830650242e-06,4.4031444248640146e-05,2.2200699805570552e-05,2.789293258439824e-05,2.1563109409066893e-05,5.973933056329889e-07,2.1554848582364395e-05,3.62687476327394e-05,3.80275862979201e-05,1.9987435651348956e-05
cstA,cstA,0.00023396483322134847,1873,8.277959560426816e-05,7.510694397774217e-06,5.86407947461752e-06,9.591799211048698e-06,2.6864920955694737e-05,3.3177276501929975e-06,1.8240705023672928e-05,2.5556604547177883e-05,3.3944218553926346e-05,2.0294487802975014e-05
ybaM,ybaM,0.00023391806034062156,1874,1.9132206845059085e-05,3.5722819460788615e-05,1.0075701598056954e-05,1.8594603862181113e-05,5.344264454849597e-05,1.7200567552679504e-05,3.230483164587064e-05,7.360917983004889e-06,2.5573198452762663e-05,1.4510568391722118e-05
rffT,rffT,0.0002330902854850394,1875,4.762674284865885e-05,4.740180714394559e-06,2.5270997999958292e-05,3.22838250378518e-05,3.0460295285181547e-06,4.6722824255123774e-05,5.159994961823478e-06,5.738793110427394e-05,3.3307757711750786e-06,7.520983263261489e-06
yobD,yobD,0.00023281695349268428,1876,2.7772382761249133e-05,9.611148082465706e-06,3.2205593424693534e-05,3.323995244178942e-05,3.0952937964120843e-06,5.3312553936705154e-05,6.729316135881534e-06,5.9105409264223643e-05,1.7423889574756017e-06,6.002914691788475e-06
plsC,plsC,0.000232536367978923,1877,4.361834864117628e-05,2.4494618340273196e-05,3.167113077300304e-05,4.210488240865642e-06,1.3796001979564895e-05,9.593524181933058e-06,3.2573313537801904e-05,4.2991748598719745e-06,2.32302482003377e-05,4.5049519224095294e-05
LELOBEKK_traY,traY,0.00023155175869937587,1878,2.5455801974497595e-06,3.1192626800763774e-05,2.3758621708095316e-05,1.0183052246579935e-05,7.339965043289566e-05,5.570411957596236e-06,5.054389149997129e-06,4.901872381700396e-05,8.07326605618876e-06,2.275543633280534e-05
yfaY,yfaY,0.00023078297862690392,1879,8.528095763913083e-05,1.7314410933730587e-05,1.1583252929152706e-06,1.8333552000022398e-05,1.6851764016282892e-05,2.7630471956407482e-05,3.440182645306107e-06,1.395507312664198e-05,2.8565671643877117e-05,1.825256937258923e-05
ybfO,ybfO,0.0002301708861053023,1880,7.528275727110627e-05,1.784598072302239e-05,2.518770486676939e-05,1.6509055965129324e-06,3.225456502222173e-05,9.773234110040879e-06,1.5001508215081763e-05,1.6879000567743005e-05,2.9749559515495258e-05,6.545670217308717e-06
yjiP,yjiP,0.00023002482183256061,1881,5.5735536268167135e-05,2.2009014728972872e-05,1.014580614981196e-05,1.5955336954285846e-05,1.2980604218688908e-05,1.1298967925357157e-05,9.04650368546209e-06,4.820198501350801e-05,3.360098565323808e-05,1.1050081235068566e-05
kgtP,kgtP,0.00022975688443315238,1882,5.286486004708606e-05,5.735324140265981e-05,5.313392255294522e-06,5.360563576082354e-07,1.2070221438978371e-05,1.3811567971045565e-05,1.5301523757832194e-05,7.982599237146033e-06,3.175832813252138e-05,3.276509383298022e-05
yfbM,yfbM,0.00022936319992110902,1883,4.90897033128484e-05,3.39767971137307e-05,4.416002755300023e-05,1.2555588007323151e-05,6.157666962441772e-05,5.9814661120655994e-06,1.54508547154314e-05,3.9873780458044475e-06,1.1553050892078407e-07,2.469184927566603e-06
csrA,csrA,0.00022913699994935355,1884,8.493545657694089e-05,9.82850418386044e-07,1.6942248299852557e-05,2.265361612839994e-05,9.172626622219314e-06,6.241779205040735e-06,2.5892274589349406e-06,2.9033646797007414e-05,1.7717624308788385e-05,3.8867924133783345e-05
gnd,gnd,0.00022901078796110224,1885,1.5667579763576232e-05,7.235557313575821e-05,3.606361728307362e-06,5.15870937721086e-06,3.369916603566203e-05,3.1721090808185574e-06,3.173180129013528e-05,3.2865341372228016e-05,1.4523935058745429e-05,1.6230211118660293e-05
ybcH,ybcH,0.00022891598030484335,1886,2.993650131794002e-05,4.809902876852836e-05,2.7595834560219142e-05,2.809322051132712e-06,1.1545904026981301e-05,3.459884673448751e-05,2.8345266199403663e-05,1.3929279509033696e-05,2.049502757158011e-06,3.0006494379958944e-05
fadR,fadR,0.00022772325133683095,1887,4.8277301263388155e-06,1.766644527590557e-05,8.402174948476378e-05,4.6562537147746136e-06,1.5446847447325375e-06,1.6795473787768805e-05,4.10757170918038e-05,2.3765627555170637e-05,2.1179229006457554e-05,1.2190340549114823e-05
tufA,tufA,0.0002270205501562273,1888,3.505379954860735e-05,3.027104449068256e-05,2.0503551321867926e-05,1.2149155670030223e-05,3.547155324283386e-05,2.124761847332402e-05,2.4248193510013276e-05,5.105954719973306e-06,2.1084247146781888e-05,2.1885432032112865e-05
yhdW,yhdW,0.0002268588445908836,1889,8.993883259144845e-05,1.587628518778914e-05,3.825432717761077e-06,6.378270853387776e-06,2.1368291201644733e-05,3.296669610807676e-05,7.476585335604918e-06,4.983386445412865e-06,6.832339740520551e-06,3.72127244092373e-05
ybcL,ybcL,0.00022385816545825155,1890,5.465056804086311e-05,7.82821094319717e-06,4.108997516137754e-05,1.3068099563108505e-05,1.673543981174122e-05,1.641094468402328e-05,7.180031377233831e-07,3.188498516524658e-05,2.5985531084565935e-05,1.5486407866404825e-05
bglG,bglG,0.0002213148525279401,1891,2.0000897567229117e-05,3.97128129292352e-06,4.2525816765476864e-05,2.5180163126689897e-05,1.8301305201860427e-05,1.549901293221383e-05,1.9456443328605866e-05,1.2659755768707931e-05,7.6289197911560195e-06,5.609125675307661e-05
rraA,rraA,0.00022026969435293034,1892,2.2141781666019652e-05,9.986893962370115e-06,1.5796408355489816e-05,3.173963605335554e-06,4.060546658584516e-05,2.646525574687868e-06,3.7678793960210376e-05,5.4431807314965985e-05,1.8377447412130904e-06,3.197030858679274e-05
gatY,gatY,0.00022024467980552497,1893,4.54750873353838e-05,1.1047008252083886e-05,3.044026991917601e-06,7.672900384976558e-06,1.971425777088414e-05,9.295596194875859e-06,2.856156579814399e-05,6.874394347742823e-05,2.328203187156701e-05,3.4082617282639174e-06
glpR,glpR,0.00022018015473774553,1894,3.753099115825612e-05,2.512373864618174e-05,1.7703559114546006e-05,1.3615130680945268e-05,1.243948412881875e-05,2.1449282420053975e-05,2.8645347520876914e-05,3.0748546359608405e-05,8.384275233713263e-06,2.4539799474745086e-05
htrC,htrC,0.00021986455642278142,1895,4.248720943085121e-05,5.2299372418044725e-06,9.065895817488434e-05,4.7238776734532994e-06,2.427423622747032e-05,1.8167620679892896e-05,1.8281289253819036e-06,5.009699665545137e-06,5.552600133028869e-07,2.6929628390194947e-05
phnJ,phnJ,0.00021975542982091259,1896,4.373082338954348e-05,1.9294269028500746e-05,2.4427653791270777e-05,4.069204753858523e-05,2.167790845295449e-05,2.0467374904178867e-05,1.3937752170464455e-06,5.3955002032797575e-06,1.7290890168941128e-05,2.5385187126611652e-05
garL,garL,0.0002188769684711725,1897,3.602162495450796e-06,5.308414749524659e-05,1.1258936056459369e-05,1.8788147257879007e-05,1.633383784718145e-05,7.992990515929375e-06,1.224521247562629e-06,4.44371948437876e-05,1.0306448520385962e-05,5.184858219128971e-05
fruK,fruK,0.0002182659954170525,1898,2.759002983786669e-05,8.315398500609201e-05,2.072350321481744e-06,1.0235019784752076e-05,2.1994977005841757e-06,3.16896272383941e-05,2.014391006313766e-05,1.4701077011329675e-05,1.9429772584504045e-05,7.0507258689103134e-06
yhiF,yhiF,0.00021813443293387441,1899,8.462387941791565e-05,1.67538564809653e-05,8.403013084675062e-07,1.3669569646080937e-05,1.0849624707609909e-05,4.1094987932852464e-07,1.1550867996085655e-05,3.743703431738736e-05,2.683184941084756e-05,1.5166499769185988e-05
ushA,ushA,0.00021810234994651439,1900,9.291867886827768e-05,6.972032365629699e-06,1.901769542949131e-05,1.0036720649559865e-05,2.9322951276341974e-05,2.9158322710155694e-05,8.446234216397985e-06,4.280703840996856e-06,9.832372907076432e-06,8.116637682586907e-06
motB,motB,0.00021789702330471167,1901,3.565942215960341e-05,4.966360516124443e-05,1.7130364382259622e-05,3.497689942207112e-06,2.7969764676521206e-05,9.169864451725815e-06,1.0924969525504312e-05,4.319639029333105e-06,2.17327213078744e-05,3.7828982668438257e-05
ais,ais,0.00021764040969060285,1902,1.0640403609057049e-05,1.351031710664986e-05,1.8577457459619978e-05,9.810372308449848e-06,9.402048196040372e-06,5.940976995219312e-05,3.154280238981141e-05,3.104423025003187e-06,5.200120276197713e-05,9.6416128818009e-06
idnK,idnK,0.00021608828936467469,1903,4.118663330441106e-05,1.4281499825977134e-05,4.526789678741066e-05,1.4957700506278287e-05,2.7272481233436844e-05,2.803079312781102e-05,4.715762558849077e-06,2.1056191650607266e-05,1.388405917551045e-05,5.435271194382902e-06
rhsE,rhsE,0.00021584615022003466,1904,3.2841342488361916e-05,1.6730015607398926e-05,2.121876929669262e-05,1.5621264780295212e-05,4.436189771673259e-06,6.471091162505597e-06,2.8032037787837826e-05,3.7309003399449685e-05,1.3714911636518578e-05,3.947152428930105e-05
clcA,clcA,0.00021581437005648482,1905,6.630630023862128e-05,9.08327213616078e-06,1.2863993831135359e-05,8.322672635256719e-06,1.6682759422111907e-05,2.2962636917874966e-05,2.792788488712381e-05,1.4864569925180997e-05,3.2493358303661996e-06,3.3550944232652796e-05
corA,corA,0.0002157271534911118,1906,8.921638219166241e-05,1.4251561162450378e-05,8.696351237537736e-07,1.1601489224186894e-05,2.7520169972652466e-05,1.0861340990095354e-07,4.431704535146657e-06,6.241176902308226e-06,2.9298484354971468e-05,3.2187936614078574e-05
yaiW,yaiW,0.0002147171526432448,1907,3.209065131104827e-05,2.6448201964021866e-05,4.392180496269572e-05,7.107305412281207e-06,5.735652253480602e-05,1.4575926007954478e-05,1.0539729852481325e-05,6.060878247843169e-06,6.316291709847516e-06,1.0299840640265239e-05
elbB,elbB,0.00021367350062946123,1908,8.103730582626919e-06,3.877673726709792e-05,9.244321142843998e-07,1.8358997915526376e-05,4.464227698032094e-05,6.563227046621919e-05,1.4234021108183806e-05,1.461451416554721e-06,8.322750454636345e-08,2.145635527410061e-05
insM,insM,0.00021358674103976453,1909,3.181375811897471e-05,2.5787235268630053e-05,9.459893550358687e-06,1.2362393531977438e-05,9.443394422747785e-07,2.6532749088306083e-05,3.8448958727775836e-07,4.740680181718906e-05,4.3875557222754025e-05,1.5019523412021956e-05
LELOBEKK_malE,malE,0.0002132904834814905,1910,0.00011642762374537129,6.73153589771568e-06,3.923211666799191e-06,1.085318684917124e-05,1.619092098217418e-05,1.90704649112267e-06,2.0943886120914824e-07,1.9882040826108357e-05,3.064171321060799e-05,6.523764951210801e-06
iscU,iscU,0.00021293079069920127,1911,0.00010196135458052806,1.4222409796699777e-06,2.913549998857332e-06,2.6509593077710504e-05,3.4739914722204124e-05,5.70092186769339e-07,5.129508418927239e-06,6.146179852666436e-06,1.2742688814309152e-05,2.0795668067559125e-05
yhfK,yhfK,0.00021285815260086707,1912,5.1852130476868104e-05,1.2704544689032082e-05,3.182327761110105e-05,1.4180584697735944e-05,1.4109884298271575e-05,3.3065112298692924e-05,1.4789087310173416e-05,1.1752858036814285e-05,1.9563934455221825e-05,9.016738726955863e-06
vacJ,vacJ,0.00021235184602159002,1913,5.152678784291839e-05,2.4669111043739097e-06,1.1503106568605526e-05,1.0806020511553342e-05,3.357044718470482e-05,1.3734723550100418e-05,8.971157781519858e-07,4.612785185804311e-06,1.2630810611651051e-05,7.060313768372627e-05
pstS,pstS,0.0002114904534925466,1914,7.083225314086419e-05,4.3140575838864687e-05,1.5782994178714616e-05,8.518144320154232e-06,1.7108195424153777e-05,3.6682695166284117e-06,9.223373167492144e-06,2.999052724942264e-06,3.510026581723011e-05,5.11732936350217e-06
endA,endA,0.00021120884813696805,1915,7.068216721294996e-05,9.124371315809261e-06,1.8989256554445803e-05,1.4073483664787524e-05,2.8502474767821383e-05,6.0854692759610004e-06,6.504516561027459e-06,3.761471622708385e-05,1.3752128483069296e-06,1.8257179708774898e-05
kdgR,kdgR,0.00021020902831647283,1916,4.053037040859692e-05,2.6099610542247613e-05,4.467120388856723e-06,1.5034711438064657e-06,2.3537682080321794e-05,1.4235096737109602e-05,2.842600800540944e-05,2.2895264556030627e-05,1.4251723573856223e-06,4.7089232096708e-05
yghB,yghB,0.00020933784065135203,1917,1.4462957838925129e-05,3.8166875267276924e-05,7.209421344478675e-05,4.064456547320466e-06,4.6672370554099784e-05,1.1097090819448181e-05,8.757484306504227e-07,4.3468299041734585e-06,1.5373471014801987e-05,2.1838268298689126e-06
gmr,gmr,0.00020923267546007338,1918,7.699100325216947e-06,2.16493839600269e-05,2.818136921768142e-05,3.285781223193043e-05,7.723567011154875e-06,8.705617065253092e-06,3.3416976565900825e-05,6.9373966994960605e-06,3.835543155543701e-05,2.370602082797584e-05
cchB,cchB,0.00020915747441068667,1919,2.8114288435341902e-06,3.313355985054e-06,3.345908888187096e-05,2.708564836875143e-05,2.7152489093531907e-05,2.3366340568278917e-05,3.2695530850614374e-06,2.6063608462802235e-05,4.3928201534903434e-05,1.8707759586898143e-05
pgm,pgm,0.00020872584312478789,1920,7.276946149322896e-05,3.63427307229965e-05,5.384222547207014e-06,1.3939071368700051e-05,3.82788521659341e-06,1.3510694662051099e-05,8.267461755272425e-06,3.06578816329046e-05,1.3296370982497708e-05,1.073006274333608e-05
yeaP,yeaP,0.00020852483011222348,1921,7.31750272283226e-06,6.194007324304945e-05,2.3838495216280734e-05,7.155892416290815e-06,3.766190700621219e-05,9.91877388922164e-06,1.7954494589039406e-05,1.3839443149062275e-05,2.619738924754464e-05,2.700858632690049e-06
rng,rng,0.0002083844751572347,1922,4.5782332981059456e-05,2.7262901440879062e-05,2.0990266452488183e-05,1.3152584405313257e-05,9.624193237275419e-06,2.4912750733590957e-06,5.565043255099014e-05,1.3626662558393367e-05,1.3898790946579301e-05,5.90503551089743e-06
arpB,arpB,0.00020716653723445557,1923,1.356803626554936e-05,3.615218949725368e-05,4.484497787576603e-05,8.394213703894155e-06,3.8366331088457484e-05,8.762055915376767e-06,9.048675427265526e-07,3.7298703906369764e-05,5.647543137425869e-06,1.3227618301635955e-05
dgt,dgt,0.00020705290429669595,1924,3.5941691445006517e-06,4.828429548242197e-05,2.3883056432132616e-05,1.78107161278182e-05,4.847659314947168e-05,1.4333531368337248e-05,2.6454183488172705e-06,2.0216980683243106e-05,1.3083858494511296e-05,1.4724285065441899e-05
dinI,dinI,0.00020678163717793206,1925,2.9718151558351002e-05,4.142453304803661e-06,5.037475820987753e-06,2.8290177665558472e-05,8.73265630839674e-06,3.781626508743525e-05,1.7789842362008158e-05,2.8242863193824373e-05,3.0689860135295275e-05,1.632189174127137e-05
ksgA,ksgA,0.0002063437350073328,1926,6.154290652618993e-06,8.498613700205777e-06,1.8981927439388227e-05,3.06307749480515e-05,6.27032882609547e-05,1.1533585580594695e-07,2.5899804251331697e-05,1.857289003025049e-05,2.0093704404769025e-06,3.277743942824857e-05
yijD,yijD,0.00020481011835721627,1927,8.992586311991345e-06,6.860097396580131e-05,2.544007907340303e-05,1.9030482268704215e-05,1.9719156210051112e-05,1.9532207658507762e-05,9.14289138162949e-06,2.1124684106002487e-06,6.32199471310068e-06,2.5917278363427035e-05
yceG,yceG,0.00020463824819489746,1928,7.711150427425525e-05,5.748053591218368e-06,4.8339955776180815e-05,1.1116508745433223e-07,1.0415673903136664e-05,2.298416254221267e-05,6.894154943557787e-06,4.17900994427763e-06,2.2349077511383206e-05,6.505490621220772e-06
yfcM,yfcM,0.00020394830838348974,1929,3.1010096831385205e-05,4.1746295637443145e-05,2.9611825111996382e-05,2.0042928818794476e-05,5.371424478051148e-06,9.046666552203885e-06,1.0567086234064615e-05,2.412923968509219e-05,2.7554227563083863e-05,4.868517471374849e-06
yfbP,yfbP,0.0002035890987616498,1930,6.450739727748527e-05,8.077327175003257e-06,1.7626067333060572e-05,9.957802007000487e-06,3.131839565273751e-05,4.75020733487422e-06,5.48316026204174e-06,1.7897153690135913e-05,2.9031447168689037e-05,1.494014086062183e-05
slyA,slyA,0.00020271052332302013,1931,1.5458544055706848e-05,4.5232827351943855e-05,3.29770242456131e-05,1.0140109937110374e-05,1.804996841340429e-05,1.9956462673875002e-05,2.7717992699948233e-05,8.807297803141861e-07,5.307677829349069e-06,2.6989186335755198e-05
puuB,puuB,0.00020184981385407095,1932,6.429036058836017e-05,2.2853810017245772e-05,2.0695453244351102e-05,1.661469696906043e-05,5.61023623297422e-06,2.598631485376818e-05,4.6696731883253234e-06,9.847380534042152e-06,2.9694516087816834e-05,1.5873721381267701e-06
yehQ,yehQ,0.00020164118572148007,1933,4.167305607013447e-05,7.981493115224818e-06,3.4826002724299446e-05,2.9926087546931253e-05,3.106323776974098e-05,6.062596102313695e-06,2.4196898803839735e-05,2.0050600002349918e-05,5.326869984608993e-06,5.343436020367516e-07
yrfF,yrfF,0.00020139587252234741,1934,3.799907077484619e-05,5.604427619591971e-05,5.245278995330529e-05,4.075482244340251e-06,4.278285651165587e-06,7.07822492113672e-06,3.1663024114423613e-07,6.13114339728932e-06,1.0082995783299843e-05,2.293697335990029e-05
yiaF,yiaF,0.00020014374065379216,1935,7.42657865060091e-05,2.5771145021917015e-06,1.9100677407527492e-05,1.1797798882250164e-06,5.052633518691254e-06,6.3685462785860185e-06,2.2644585093958643e-05,1.7580134453003938e-05,2.0507101132838434e-05,3.086738187276054e-05
gspO,gspO,0.00019922930507809515,1936,3.14710581958439e-06,6.785119496906679e-06,8.239876826976936e-05,9.083842822104984e-06,1.6651133251501674e-05,6.303352796520398e-06,1.5256311338020419e-05,1.082990290572363e-05,3.040585869256333e-05,1.8367909685400323e-05
ybbP,ybbP,0.00019920700439373683,1937,5.6277512351034066e-05,2.365812700096781e-06,3.10179047248407e-05,9.923165893281832e-06,1.8365451176835724e-05,2.2395373556230092e-06,4.400979921224014e-06,2.8744638617993947e-05,3.4021703165510687e-05,1.1850298487296047e-05
yjhW,yjhW,0.00019901117405184658,1938,5.749896275175872e-05,3.131686240020836e-05,9.063942566426462e-07,1.6180747788195885e-05,1.544404894985907e-05,5.55517559697128e-07,1.6003069961473937e-05,1.3221724003013204e-05,4.7206078921295685e-06,4.3163238488868106e-05
yagX,yagX,0.00019863195080454998,1939,1.200950957575837e-05,3.132045019218819e-05,4.5051551305232456e-05,1.7609732558524583e-05,3.6341240128306755e-05,2.0716889846752628e-05,8.897874504498152e-06,7.748203510614811e-06,8.035956397340127e-06,1.09005427853339e-05
mtlD,mtlD,0.0001986174996478844,1940,1.6043979437158068e-05,5.937234880659333e-05,7.764626215891478e-06,1.2574354648135076e-05,1.628814500667326e-05,1.5306261190666364e-05,2.830071762798822e-06,2.5289323918920777e-05,2.123350988496815e-05,2.191487877607905e-05
rpmG,rpmG,0.00019779350458525095,1941,6.277459008878538e-05,5.103219783196636e-07,7.69955556365366e-06,1.6717357059650892e-05,2.3719102394438693e-05,9.545329222732507e-06,6.111999773428658e-06,2.920961752065394e-05,2.5623338415042826e-06,3.894329714208333e-05
insK,insK,0.00019621684893644055,1942,2.1614291185580453e-05,2.4159874703496307e-05,4.133873143388454e-05,2.0764746127185887e-05,1.0533051226844368e-05,3.348225990388858e-05,1.8048297815153222e-05,2.985620102448249e-06,8.512594758746894e-06,1.4777381679212061e-05
kdsA,kdsA,0.00019604717173337711,1943,9.784206712965213e-05,1.9819677198686566e-06,8.250032835843825e-06,1.2987493647837326e-06,3.7902673059137324e-06,3.751578404913063e-07,3.7682641437574656e-06,2.2926162792843513e-05,2.6354068063695666e-05,2.9460434536527094e-05
yffR,yffR,0.0001952562768859131,1944,7.706786467924072e-05,2.8481149170261827e-05,2.7955507029711657e-06,5.4186414470158075e-06,3.0821063383173786e-05,2.735175823378249e-05,2.0387139173293286e-06,9.202397971487575e-06,7.322727135321788e-06,4.756410245328616e-06
ydgA,ydgA,0.00019348742885891051,1945,7.514503299864939e-05,1.759791220231028e-05,4.782982364606846e-06,5.375583251616788e-06,1.3247786108613683e-05,2.2975486148660925e-05,2.1156666153555917e-05,5.468755721240689e-06,1.7116919799859164e-06,2.6025531929670073e-05
yhcD,yhcD,0.0001928706889061204,1946,8.903884248452584e-06,8.045251496504621e-05,3.8677947103792103e-05,2.018826257441957e-06,5.472662721992449e-06,2.3717828956156942e-05,6.055694199304643e-06,1.696710947097658e-06,2.17596901698504e-05,4.114929336985445e-06
gspK,gspK,0.00019275735893072826,1947,9.73663517182314e-05,1.70622744159355e-05,1.1844871348868635e-05,9.849276935732264e-06,5.5414890384425625e-06,1.3510516904146306e-05,5.027119629490787e-06,4.575311684570496e-06,2.3211002894293942e-06,2.565904696588089e-05
mutM,mutM,0.00019064722979067236,1948,3.4584442947433127e-05,2.5726320939718212e-06,1.534974429860538e-05,7.982202925665252e-06,2.508234380956406e-05,2.6986144766068e-05,2.6368129571193512e-05,2.188401848459267e-05,1.9246659678833547e-05,1.0590911214744974e-05
codB,codB,0.0001904538626986439,1949,1.5942059815856706e-05,1.607070187587261e-05,7.672320994521709e-05,1.3581247596953109e-05,1.4163240933961687e-06,1.4009376836156607e-05,2.5590842095440705e-05,4.545530473743899e-07,1.6626655403611043e-07,2.649928083834039e-05
yahO,yahO,0.0001903078211160404,1950,5.634341553652387e-05,1.7146061361966105e-05,8.771516155919584e-08,1.9410884512547822e-05,1.1486794390420643e-05,8.88461879100042e-06,1.4496432091095053e-05,3.317997708892729e-05,1.6141371559329613e-05,1.3130550622670405e-05
pqiB,pqiB,0.0001891916321770646,1951,1.1429916075396558e-05,1.1492727408297885e-05,2.257736285832542e-05,1.0813192961249463e-05,2.667734178589549e-05,1.543455181888402e-05,8.891695654887426e-06,4.584215117103931e-05,3.0842230964249876e-05,5.190461478839171e-06
erfK,erfK,0.00018912935857158148,1952,1.6057249813278437e-05,2.2226526111185244e-05,1.9560703984047915e-05,7.587744022521422e-06,8.45945398010231e-06,2.700098750398861e-05,1.813259426966647e-05,1.8709511050230637e-05,3.887208916716216e-05,1.2522498669398275e-05
gspF,gspF,0.0001886241730300765,1953,3.904532898733322e-05,1.615340839350864e-05,9.196034554063137e-06,1.247828472054573e-05,1.582691014882277e-05,1.5293608281016395e-05,1.1157892957456411e-05,1.3973364423448249e-05,2.329194929445996e-05,3.220739126942198e-05
insN-2,insN-2,0.00018810429220304757,1954,6.138190386366871e-05,1.1756237296490202e-05,8.665387498950901e-06,4.54758412390771e-05,1.0821769910755588e-06,9.804950569357963e-06,1.4860432943676388e-05,4.899376300387765e-06,8.076237861022639e-06,2.2101747639340337e-05
yhdV,yhdV,0.00018793564553221424,1955,7.97751575008141e-05,8.871606496680979e-06,1.7224340261946087e-05,1.1918563625761887e-05,6.446202993563373e-06,2.0931502690692512e-05,1.3697975385942702e-06,7.660619283589564e-06,2.0328682061999286e-05,1.3409173078572165e-05
pyrI,pyrI,0.00018585457779772834,1956,3.810865954045127e-05,1.0882389058251507e-05,3.768745161106821e-06,1.1222945319454616e-05,3.33700964909059e-05,2.7947539348679235e-05,1.2008023686826156e-05,4.134578233134822e-06,8.017270914194537e-06,3.639433004472345e-05
rfaG,rfaG,0.0001850556450236217,1957,2.2448739247636453e-05,3.415533652163992e-05,3.177668260980171e-05,1.4175491050047776e-05,1.9463349988725707e-05,1.1283906532373443e-05,1.5963684362616096e-05,1.6402123181331763e-05,1.0903503197803103e-06,1.829598120966853e-05
rplI,rplI,0.00018458284714395674,1958,8.291007086896089e-05,3.7159505347304533e-06,1.0614781161309265e-05,1.618257087317538e-05,1.808109755467674e-05,1.2574802804833175e-05,9.206393992688514e-06,1.5396589209332915e-05,3.7517048304897743e-06,1.2148885313759656e-05
rlmL,rlmL,0.0001841980416962957,1959,8.075851528610661e-07,3.7119722704975476e-05,2.0600859619561842e-05,8.639936346239288e-06,6.194116073018832e-05,3.475259505501712e-05,2.5078234109256227e-06,5.096179668793942e-06,1.2577886788563984e-05,1.5429221916904302e-07
pncB,pncB,0.00018259535747639465,1960,3.74358252312041e-05,1.72056766743558e-05,1.5902699863533574e-06,1.4887660320940483e-06,6.773973004195061e-05,2.171281966182459e-05,8.61788891251625e-06,1.6174894484668522e-05,7.634144773883997e-06,2.995341677543362e-06
hrpA,hrpA,0.00018226881250511624,1961,4.257927935727943e-05,1.1051377606052164e-07,9.100410041699655e-07,2.6488778378269582e-05,1.8604140199930905e-05,2.364066092968532e-05,1.4601667421497434e-05,4.323960112617459e-05,1.5349425844882724e-06,1.0559187727560251e-05
yeiQ,yeiQ,0.00018111102750555726,1962,8.733097438041399e-05,2.3921277098748942e-05,5.636417564921111e-06,8.358667393319908e-06,1.3351088275078188e-06,2.421134249370273e-05,1.813472629499216e-05,7.714824851263848e-06,4.345811197806209e-06,1.2187740288052937e-07
luxS,luxS,0.0001810739347536586,1963,2.097198548051789e-05,4.297297617016345e-07,1.0867554272932481e-05,9.116401762728596e-06,6.0780258628426866e-05,1.1529668779889706e-05,1.4343815585214398e-05,2.7117546365060194e-05,1.9112077351576647e-05,6.804896765610227e-06
kptA,kptA,0.00018060972603559496,1964,9.645304563601965e-06,1.530163546752404e-05,9.299563951490416e-06,2.1450415748544965e-05,7.54290266602475e-07,4.323489019009118e-05,3.516709746751143e-05,7.213001362745151e-06,3.418631825599815e-05,4.3572087614851935e-06
glnB,glnB,0.00018031444799311236,1965,1.904263094944767e-05,1.4450104703661755e-05,8.588919217181706e-06,2.114750344513744e-05,1.1580569420656744e-05,1.6686197789586022e-05,1.011187299201669e-06,3.833720675221308e-05,1.83004455007726e-05,3.11696829152537e-05
exuR,exuR,0.00018000629743659288,1966,9.06712291178949e-05,1.400368300718443e-05,9.8988040735331e-06,1.600731632978236e-05,1.225917562906417e-05,3.3670607623716138e-06,6.702818370457016e-06,2.357897781655469e-06,1.976547858916522e-05,4.972833775484575e-06
yodD,yodD,0.00017991446735531145,1967,6.91186518581829e-05,2.257689369850252e-05,1.2737663587085047e-05,5.00067107274862e-07,2.5161330721155162e-05,1.6030505352111568e-05,1.208539132579125e-05,2.148769262368673e-06,6.803652033600746e-06,1.2751542409238708e-05
yeiL,yeiL,0.00017959379528047228,1968,5.697660028088922e-06,3.291475247478003e-05,4.821827774134045e-05,1.224886794163261e-05,1.946007378360315e-05,2.9823125147932875e-06,2.8305996001858355e-06,2.68458262584879e-05,2.4554057018252898e-05,3.841367919307186e-06
sbmC,sbmC,0.00017878056680959448,1969,7.619963116017053e-05,1.4840766017025654e-05,2.3566380529294033e-05,6.123228112513559e-06,2.5321436639528676e-05,1.000010241306167e-05,4.16273016009644e-06,8.501678854970173e-07,8.522017200412907e-06,9.194106691993999e-06
ykfB,ykfB,0.00017737444788566974,1970,4.051186201266683e-05,9.485552917387114e-06,3.965948902469988e-05,8.150332151440616e-06,2.1116315720019294e-05,3.7705414245755734e-06,4.465481820661041e-06,2.2032721266796877e-05,9.293100416163807e-06,1.8889051131258734e-05
yjgP,yjgP,0.00017706200271328838,1971,4.633950750587539e-05,8.532840971034995e-06,2.755768530382351e-07,2.2740646775957298e-05,2.7449018114398356e-05,3.594585900572575e-06,1.3459905706548936e-05,2.4730399704341452e-05,2.842145141259382e-05,1.518069768927327e-06
uxaC,uxaC,0.00017616966134709257,1972,6.064407229568962e-05,6.8880668969734e-06,1.9272392205558908e-05,1.6966012768899734e-05,7.748947659150253e-06,1.1334565711053145e-05,5.8339719633101305e-06,2.1049575733508246e-05,1.056726979529927e-05,1.5864786317649843e-05
glk,glk,0.00017599439510555869,1973,1.1381149073047421e-05,7.71396477862104e-06,3.03774370523003e-05,2.620166852436746e-05,2.7128185134864912e-05,2.6541945863765745e-05,1.9151503263407378e-05,2.3472465158178385e-05,1.4922487350890257e-06,2.5338275219170326e-06
yebB,yebB,0.00017576884865865456,1974,5.293376978336694e-05,3.111743620278762e-05,1.5621617649057545e-05,1.2091093377224084e-05,2.021957210497681e-05,4.6849370685055355e-06,1.4623335758042928e-06,1.0109314294605404e-05,2.6741457028877603e-06,2.485462889943855e-05
btuE,btuE,0.000173701761072967,1975,4.4373708981907007e-05,1.079322173461643e-05,6.754818892909083e-06,2.089764263417637e-05,1.675653930116467e-06,5.45220302113189e-06,2.633168345499122e-06,3.234424766378091e-05,1.4123832018733881e-05,3.465326385009584e-05
hydN,hydN,0.00017258744095872042,1976,1.2792363583034489e-05,1.1650535920990798e-05,1.962407584805682e-05,2.0389867300248493e-05,2.7205483124685444e-05,2.1150651289027677e-06,1.5684580963202653e-05,3.845480753693698e-05,4.201926011607737e-06,2.046873554105426e-05
mcrC,mcrC,0.0001721512054472896,1977,1.898677455684691e-05,2.7244407506235772e-05,1.3515474273153779e-05,1.2537711548207286e-05,1.9916928261379154e-05,2.2657641425696452e-05,1.2542947440156473e-05,1.1713135952465986e-05,3.2027418784308985e-05,1.008765698838782e-06
osmB,osmB,0.00017135316150680902,1978,2.264528138283391e-05,1.9836080593692765e-05,2.18283418141588e-05,3.0493864295608237e-06,3.5193996383860835e-05,9.380011940477408e-07,1.6840099163674942e-06,2.4096475633293145e-05,1.6954739052155226e-05,2.5126849106838267e-05
yiaD,yiaD,0.0001707981662210172,1979,2.538789347796619e-05,3.421511302135252e-05,2.5896228256163706e-05,5.8566206460168616e-06,1.7189145486447536e-05,3.5613065868252434e-05,1.215688778237437e-05,8.944455826827614e-08,6.578883119124739e-06,7.814884005050547e-06
elaB,elaB,0.00016856486148578436,1980,2.9404658866011017e-05,2.8153342294813316e-05,1.3705584929314269e-05,1.8240058317515217e-05,4.71879283074399e-06,2.021625598524712e-05,1.3664225587130068e-05,4.684753235543632e-06,1.6798357482318877e-05,1.8978831957146834e-05
topA,topA,0.00016772567375991122,1981,5.2162443428758975e-05,7.328698353843398e-06,1.6588990398256107e-05,5.03774666516662e-06,6.612442225403705e-06,8.164256284582735e-06,2.380783713331346e-05,8.202187930839704e-06,5.443650623082037e-06,3.437742071666449e-05
ybcM,ybcM,0.00016690102133919894,1982,8.515673139901196e-05,1.6789236376866683e-05,6.184274078929663e-06,5.177232961974229e-06,8.860340000367099e-06,7.57596566869036e-07,7.414876606514673e-07,2.3475975177138298e-05,1.7208520278981554e-05,2.5496268384090016e-06
ycgY,ycgY,0.00016402440812272412,1983,5.990654057950534e-05,1.9835824443628115e-05,1.1959108423651644e-05,1.81540559599601e-05,1.0783818928984454e-06,2.812817909077014e-06,1.0955135247143249e-05,1.861801667847213e-05,9.549108416354365e-07,1.9749616146752638e-05
artI,artI,0.00016336543738363423,1984,5.071012575381397e-05,1.3042453507535597e-05,2.629076686338434e-07,7.368261570990743e-06,2.5056289564943117e-06,1.5237610484255837e-06,7.3467608426426885e-06,3.6066751519613186e-05,1.8857017432919097e-05,2.5681769082565208e-05
nanE,nanE,0.00016245179641141824,1985,5.834247037026862e-05,2.0895108010346214e-05,1.689745384033922e-05,1.2411378343517245e-05,2.0823869818463343e-05,1.917407074481777e-06,8.660334288827756e-06,1.8517382304311227e-05,1.298520659651103e-06,2.687871701211758e-06
cpxP,cpxP,0.00016214885415053606,1986,3.817583415116382e-05,2.206284574453099e-06,9.979270440485807e-08,5.43229231798e-06,2.8944953122738384e-05,7.862302592578681e-06,1.1837314023618032e-05,3.71962176774208e-07,2.0046989703312093e-05,4.717112878351287e-05
rne,rne,0.00016116073973886652,1987,2.4272835297889112e-05,1.042500303218826e-05,3.3181177169475935e-05,1.5342996209202533e-05,2.7052899911896237e-05,1.2467358613248429e-05,3.9728638445426154e-07,3.267498447741935e-05,3.6407822259611037e-07,4.982120420496313e-06
yeaK,yeaK,0.00015979998157216745,1988,9.119663658898397e-05,7.759337357194029e-07,1.495987909518012e-05,1.0595040277245797e-05,1.5935802852982035e-06,1.6143027726929694e-05,1.4354752956843653e-06,1.4468843836692486e-05,4.179874674798421e-06,4.4516900556349945e-06
yqjB,yqjB,0.00015962264985478608,1989,5.524835663434644e-05,1.8152496313157515e-05,5.929715740067925e-07,1.2558344671070074e-05,2.4838616368510527e-05,4.675156600897084e-06,1.02008721885057e-05,1.7685483983149104e-05,2.7659291955229367e-06,1.290442232561988e-05
csiR,csiR,0.00015930559194171086,1990,6.149545062549296e-07,8.664969530777033e-07,5.290285202874398e-05,1.9588991873443343e-06,1.7886429506368715e-05,3.5444842333828834e-06,1.4504592525459765e-05,1.1983282155253553e-05,2.647436085278067e-05,2.8569239993044294e-05
ygjH,ygjH,0.0001587126815464546,1991,1.401740340081154e-05,1.4339723971462357e-05,1.6016334583210927e-05,1.2120261226394468e-05,5.1017021095285745e-05,7.606139984323246e-08,2.0763668409389423e-05,2.5877797872289484e-05,1.4142845788248764e-06,3.070125008942563e-06
sucC,sucC,0.00015798247415095372,1992,2.5044998412355787e-05,1.6866261475937064e-05,2.3157488255471026e-05,1.1248846617414005e-05,7.915451867554541e-06,7.103785620088854e-06,6.8327136082436084e-06,1.5349155252673993e-05,1.6296554491068595e-06,4.2834117592107984e-05
fabA,fabA,0.00015791266641046817,1993,1.966895972711534e-05,1.115390331763786e-05,1.2808990302437632e-05,1.4246796016630794e-05,1.397948601413097e-05,1.8155117667362943e-06,2.808853943883203e-05,1.0062293698904679e-05,7.050292135587279e-06,3.9037893992455286e-05
lysA,lysA,0.00015743174166381115,1994,4.179024165694245e-05,1.665419825022858e-05,1.080642624227621e-05,1.960653968286051e-07,2.3835260384342487e-06,2.187752726923836e-05,3.464697409127305e-05,2.5789687429573066e-06,2.431172678042449e-05,2.186087195207825e-06
metH,metH,0.00015632446699262366,1995,5.753266629981025e-06,2.4576855421374553e-05,3.411773557901583e-05,2.397205548435543e-07,2.495311288730119e-05,9.075034762351853e-06,8.632714247958982e-08,1.349412238098101e-05,2.8565554854964984e-05,1.5462736779330063e-05
oxyR,oxyR,0.00015600463342863594,1996,9.517603767542636e-06,1.7442052031824643e-05,3.1660248028542236e-05,7.017021031457868e-06,2.2602541458676552e-05,5.086769992863187e-06,5.439236125310304e-06,2.9287969759406416e-05,5.578804848649833e-06,2.2372386384362275e-05
manZ,manZ,0.00015577966590267175,1997,9.359073631750082e-05,6.036295450171949e-06,1.178699779908082e-06,3.619711783174343e-06,3.075414020076091e-06,1.01758306408399e-05,5.4118760558797e-07,1.1320758699918988e-05,8.813422436456113e-06,1.7427609169037476e-05
sodA,sodA,0.00015366950276297843,1998,8.104385643300502e-05,1.1005514039082593e-05,1.0134012690410033e-05,3.074529099967052e-06,6.422677158004491e-06,3.7299470276522794e-06,2.6636747678589122e-06,1.6692022046623416e-06,2.083124641103568e-05,1.3094842931300047e-05
ubiA,ubiA,0.00015366029571837073,1999,2.6513181218197287e-06,2.7162730593588433e-05,3.882936059767839e-06,2.2295857859580697e-05,4.608715505548967e-07,1.2140242062438432e-05,7.776627121125364e-06,2.6681471350180936e-05,2.9840782444895715e-05,2.076745855441871e-05
galF,galF,0.00015340821499043006,2000,6.247478995209523e-05,1.9559519402451615e-05,8.304958149766604e-06,1.3917179588883131e-05,5.7534482242608475e-06,1.0405716884734617e-05,2.4822151000429457e-06,1.597754757644429e-05,5.79855768109638e-06,8.734282430654394e-06
cysH,cysH,0.00015117033930233404,2001,2.2802847350423043e-05,4.084311101560809e-05,2.3188195463549696e-05,8.575820716876233e-06,4.41976648022947e-05,2.566690825574827e-06,3.605338663565881e-06,1.2454160566197162e-06,2.3072328119124766e-06,1.8380215959093842e-06
tyrR,tyrR,0.00015097571852309557,2002,8.890523836251046e-05,3.612482499417798e-06,7.246866310320094e-07,1.1515175465976632e-05,1.2818902848163969e-05,4.729870480863795e-06,3.605030266088042e-06,1.102233843874706e-05,9.827470610237252e-06,4.2145229200585446e-06
dps,dps,0.00014781738012855844,2003,8.6762955897301e-06,7.0094902749618e-06,5.72618357140407e-06,1.6810083668286953e-05,1.0396952870096922e-05,9.309501982859968e-06,1.3501683099857971e-05,6.782456991850367e-06,3.9998153388258196e-05,2.9606578691252098e-05
yfeZ,yfeZ,0.00014611738242239952,2004,1.0923225538277173e-06,4.7671461159980406e-05,1.6979276059249703e-05,9.18993564478954e-06,1.2736833338016763e-05,1.4488370988185827e-05,4.977836822369667e-06,2.1335362104103868e-05,4.194451713068494e-06,1.3451532038807534e-05
dcuR,dcuR,0.0001440489947271928,2005,4.904686509822085e-05,2.0236092931910865e-05,1.213032322568203e-05,9.274972672852353e-06,1.829252641091749e-06,2.2323763010318606e-06,1.1714914631461863e-05,1.1275677044420322e-05,7.755926471174844e-06,1.855259370934605e-05
ccmH,ccmH,0.00014238611433985084,2006,5.9207275391993224e-05,1.4138838338282762e-05,2.2240561156407742e-06,1.3830905458652561e-05,8.991133048273288e-06,1.0178472824249583e-06,1.327499327505246e-07,1.8377733520492072e-05,1.8771507518373197e-05,5.694067732967481e-06
cueO,cueO,0.0001388448730327246,2007,7.851113819488789e-05,5.952786769910024e-06,9.217713523010992e-07,1.249941536768929e-05,8.32597896453255e-06,1.959652498654194e-05,9.73578124367943e-07,3.8011293317581852e-06,5.691023780011078e-06,2.5715261607246014e-06
cadA,cadA,0.00013862706410602268,2008,2.9623019555351754e-05,5.371584478138754e-06,7.205588869304961e-06,1.615748628480046e-05,2.7520773851692203e-05,2.741942125960131e-06,8.340978385369493e-06,2.213690765740721e-05,1.4324003150215464e-05,5.204779747782273e-06
fbaA,fbaA,0.00013630730159808226,2009,6.767623343097211e-05,1.0461017467823766e-05,5.796871032961904e-06,4.974568542944216e-06,8.149980388316512e-06,3.7989363126127608e-06,8.252564223370286e-07,1.1435686757437984e-05,5.1649483530236626e-06,1.80238028896523e-05
speB,speB,0.000134752743987937,2010,7.326457999354174e-05,1.1899774496633926e-05,9.721074507660404e-06,6.520141067623529e-06,6.754855873502521e-06,3.040731123483357e-06,5.096700106177864e-06,6.485444910591854e-07,3.606638966004432e-06,1.4199703362250071e-05
tyrP,tyrP,0.00013270377548125784,2011,6.358012009014517e-05,1.2620922306354131e-05,8.169147426090263e-06,1.672513838589664e-05,2.6501646435338554e-06,6.5156974581816505e-06,2.418070362677882e-06,1.474143607601441e-05,2.6391441065894028e-06,2.643934625774438e-06
cysG,cysG,0.0001259039275888621,2012,4.14551676566592e-05,1.6767765641846717e-05,1.3724027557834637e-05,8.04323751457901e-06,8.192428045639482e-06,4.848298516580447e-06,2.2055264875484157e-06,1.483542657406182e-05,1.2051070266472046e-05,3.7809793276403276e-06
yeeO,yeeO,0.00012483889656083705,2013,1.964059305660858e-05,3.061653434852998e-05,2.045742208147212e-05,8.961022507343575e-06,1.188620139699598e-05,8.071138044627607e-07,1.3798034824632233e-05,1.0018268634074784e-05,3.7817321363794003e-06,4.871973770337627e-06
creA,creA,0.0001220599377916043,2014,1.1978836630537804e-05,7.51764443529779e-06,6.07459082797437e-06,2.0291189850041673e-06,3.651930322902289e-05,1.9026585755591062e-05,2.6620500060099793e-06,1.0429734451365552e-05,1.9937377143900978e-05,5.884696326899714e-06
dsdA,dsdA,0.00012201528267107705,2015,6.590306901719429e-05,1.1630299170649237e-06,7.640342209181356e-06,5.936104785148217e-06,3.99537240111442e-06,4.185768008062579e-06,5.342930848404721e-06,1.1265411361712261e-05,1.6323387308908154e-05,2.5986681428612566e-07
tyrS,tyrS,0.00012052685154458493,2016,2.4781022435028596e-05,2.7222176800698106e-05,1.3140525116093928e-05,8.557431798684918e-06,1.6733224114866517e-05,8.709991676752513e-07,2.3941056928290072e-06,1.1071110497862967e-05,1.5635248518856e-05,1.2100740198963218e-07
appC,appC,0.00011959550709565417,2017,1.6589301271080088e-05,6.995275683440538e-06,8.823575372003987e-06,1.4789631403659654e-05,2.7731270505413627e-05,4.26256159048648e-06,4.497021271713694e-06,1.1368380009057601e-05,2.2563707453032436e-05,1.9747825357660617e-06
yiaH,yiaH,0.00011730051436229656,2018,1.0051550640516175e-06,2.9444067366957622e-05,2.0400892626808943e-05,2.5070369827850704e-06,2.8773617714238725e-05,4.751477123030492e-06,9.298685331512733e-06,1.4648857931309629e-05,5.816837450235804e-06,6.538867713659227e-07
yheV,yheV,0.00011302066240911841,2019,1.836438447650477e-05,9.576107721656625e-06,6.299160834009348e-07,1.103281092879776e-05,3.454752914238842e-07,4.7588695640894725e-06,4.462526826648395e-06,2.8512185745014724e-05,2.6007715243075806e-05,9.330670528506043e-06
ydcW,ydcW,0.00011029019615852093,2020,5.925327251096543e-05,6.626688281913461e-06,6.74952882248576e-06,6.06778828823496e-06,2.2114058811676026e-06,1.3326344724348552e-07,4.981960677476095e-06,1.0192941499676534e-05,9.297914700190734e-06,4.775432049166879e-06
rbsD,rbsD,0.00010146584777867192,2021,2.6345696625426e-05,1.3188349199380957e-05,2.5916520945017454e-05,1.2553061988001168e-06,1.480063928875921e-05,3.246054145437433e-06,2.509947763818984e-06,2.478154161135912e-06,1.1611815623461886e-05,1.1336382743396635e-07
nfo,nfo,7.618630079820714e-05,2022,1.9251742628151362e-05,2.0832075666759687e-06,8.549451093178894e-06,7.79483488286551e-06,5.9085581867754945e-06,8.661971113367859e-06,3.7780682016986087e-06,8.922549706969999e-06,1.0186042754291578e-05,1.0498746642318735e-06
cusR,cusR,6.18642686091383e-05,2023,1.4338710193944537e-05,4.979228591453012e-06,1.2352766544323489e-05,4.477040015923208e-06,5.750094760315754e-06,3.8650816212825115e-06,6.335915711287256e-06,7.73155867805569e-06,1.5566880556702176e-06,4.771844368826276e-07
