gene,gene_clean,score,rank,mode1,mode2,mode3,mode4,mode5,mode6,mode7,mode8,mode9,mode10
yadS,yadS,0.0018287473216077237,1,9.282442188705721e-05,0.0004922893911317534,0.00011973302106414342,1.2056663078937379e-05,0.0001650818916629393,9.889391887915922e-05,0.00015870183770907826,0.00038627174573985956,0.00024368960222617938,5.920482822861661e-05
ldcC,ldcC,0.001688310050771726,2,2.95862645745311e-05,0.00035190193859066857,0.00011654481076158385,0.00010907401774815874,0.0002722546531376369,0.00017284757992671581,9.612575071767287e-05,0.0002954378370336815,0.0001905527105441793,5.3984487736897355e-05
nrdA,nrdA,0.001632095046738067,3,5.4631114084047946e-05,0.0005053914037846175,4.316190166201723e-05,6.389348152648867e-05,0.00012022991283988607,7.269176517788298e-05,0.0001783113515883839,0.0003201487129210376,0.00017977060879096108,9.3864794362744e-05
ybhT,ybhT,0.0015964493359417195,4,0.00016588198088189312,0.0004605046578284926,6.711207862974088e-05,1.5163907163623666e-06,0.00011595973499900477,0.00011717124709548152,9.370583488719811e-05,0.000342220634850721,0.00021099059292369385,2.138618312913118e-05
yjhE,yjhE,0.0015287330815474437,5,4.243357781383869e-05,9.923661797117182e-05,0.0006632702403356129,0.00032065945201487577,1.368751895570442e-05,9.529329493072252e-06,0.00020642099446324465,5.464409075836614e-05,5.0987978494538174e-05,6.786328124701885e-05
yiaT,yiaT,0.0014865376401485594,6,3.340909488837327e-05,0.0001972340976424365,0.00012425270870981115,0.00023541508353008817,0.0002658217992420219,0.00020199567013365842,1.7734833195177603e-05,0.0002253757154811977,0.00011563350329278362,6.966513403301105e-05
gcvP,gcvP,0.0014822092274931501,7,7.581278981069564e-05,0.00010744728824106225,0.0005852980098437464,0.00027038883786776246,2.3580252478425114e-05,5.315100256904321e-06,0.00020590040091322053,8.177282734556413e-05,7.501676932844576e-05,5.167695140732347e-05
intE,intE,0.001477585529963447,8,2.6239007552314684e-05,9.743764743445659e-05,0.0006696324487434772,0.0002689011098780485,9.11027306061962e-06,4.056964915639315e-05,0.00020217171610806815,4.433873917780002e-05,1.8162905401505966e-05,0.00010102203345076322
folX,folX,0.0014632258139254922,9,9.585457592378888e-05,1.9473553950770005e-05,0.00011277134991050191,8.564245877137018e-05,0.0003420847035347739,0.00015979841515982595,0.0001992540008811784,0.0002475992031975279,0.00012737351024043634,7.337404235531883e-05
metI,metI,0.0014235437937520318,10,9.039617594949004e-05,5.8974167221054185e-05,0.0001158343789644809,0.00013876765902984503,0.00033761058640775337,0.00021404934789551815,0.00016086605906299664,9.346417756861443e-05,0.00017920536568751373,3.437587596476516e-05
xerC,xerC,0.0014089972775917293,11,0.00013835798549833276,0.00047186186422395777,0.00010478742264164489,5.4992320012668116e-05,8.772109546573099e-05,4.802984652593376e-05,9.800420358417756e-05,0.0002989317896127931,8.627225731518433e-05,2.003849271130602e-05
eutB,eutB,0.0014030387975573688,12,0.00011098674796951832,5.3217139035460197e-05,0.0005883374846544251,0.0002357238051543709,3.484253070896291e-05,3.483004012268546e-05,0.00018675644701905908,8.92671530429747e-05,4.619831479843128e-05,2.2879135051481055e-05
yebC,yebC,0.0013993773622677065,13,5.894941532553945e-05,0.0003390458802301106,0.00011853920090778598,2.738077708578489e-05,0.00013804788748118484,7.623050871030654e-05,0.0001752324224265039,0.0003512036217429135,6.0847289885815055e-05,5.390035847176175e-05
ygiP,ygiP,0.0013749615699995298,14,4.226748835145012e-05,0.00011982124465884024,1.048027642410417e-05,0.0001615071072005557,0.0001760238076495302,0.00010405384425382401,0.00017566252030640857,0.00011968404811788103,0.00022595156398310239,0.0002395096690538335
appB,appB,0.0013742674265149193,15,5.732317298002671e-05,6.613425095639418e-05,0.0006052360625774081,0.0002763616396833958,4.307125288836288e-06,2.8694677652892445e-06,0.00021031321275797227,5.365947038275339e-05,5.354668555250871e-05,4.4516338570334846e-05
elbA,elbA,0.0013727390001282138,16,0.00015709414607499326,0.00028900331447949856,1.2093964737345016e-05,4.1946980913721154e-05,4.281242308507543e-05,0.00020880636481306766,3.589681144253423e-05,0.00013775811672017178,0.0001398682822159163,0.00030745859564589056
dsbC,dsbC,0.0013593241187693974,17,0.00013154825991643998,4.708858006743747e-05,0.00011374202886579156,0.0001445366995237903,0.0002946076804391022,0.00016768252526103828,0.00021603348264818604,0.00010155988717343955,8.34986068258043e-05,5.9026368048367906e-05
hisG,hisG,0.001350169592763421,18,1.527330392880679e-05,0.0004039894235792785,8.615675121478876e-05,1.8017647675399342e-05,0.00010910814669761123,0.00010472934949287521,0.00011060981263967444,0.00024391230278744038,0.00020293926669908072,5.5433588048465895e-05
ydcW,ydcW,0.0013492004836668338,19,0.00019177242742151625,0.0002106784810224662,0.0001871661334545386,6.721515736134913e-05,7.123761277999834e-05,6.762541423874349e-05,0.00013306699624834854,0.00024883154947062636,0.00013658975135289188,3.501696031635509e-05
hisQ,hisQ,0.0013468919127991518,20,8.416618115556054e-05,0.0003485259046933909,8.162246265028616e-05,7.936265840804277e-06,0.0001266374681937823,7.185795793529608e-05,0.00016261003081305305,0.0003622476508523668,3.388474620546903e-05,6.740324445914256e-05
ygaY,ygaY,0.0013301811084437142,21,6.634946468190203e-05,8.463829651825954e-05,0.0005744844232928377,0.0002571329135958995,4.1128167235732115e-05,1.9832443767840233e-05,0.00015346390005431036,2.7153673082593813e-05,2.070116501759639e-05,8.529666119674256e-05
yfaX,yfaX,0.0013183118161169795,22,0.00010728018817122525,0.00035303055170504005,5.746816514041064e-05,2.6562115944460363e-05,9.707905871821516e-05,8.002238046798535e-05,0.000162119950448204,0.00022512845708790922,0.00011682951148871605,9.279143694481338e-05
ytfE,ytfE,0.0013154312271934305,23,7.854594928962925e-05,1.7659780943510598e-05,0.00014824994511483523,8.939027110262234e-05,0.00028066472544302376,0.0002438193781807813,0.00020525365001796965,7.918986894827187e-05,0.0001580970467771749,1.456061137561137e-05
yaeH,yaeH,0.001314255594272503,24,5.648482197734763e-05,0.00032685626464064045,8.227177271855375e-05,1.811143807932856e-05,7.993188752304101e-05,0.00013503251326235307,0.00010783410843314847,0.0002228897415807416,0.00024678691236897576,3.805613368837282e-05
tktB,tktB,0.0012963928785483536,25,6.568287588566295e-05,4.000986318257577e-05,0.00010114278857584891,0.00012399155004294278,0.00030290029902943873,0.00021218483681343197,0.0001406707741842925,8.51292106451687e-05,0.00018781711164589558,3.686356854309587e-05
artJ,artJ,0.0012954399735363557,26,6.47975839720835e-05,0.00037612331005901434,5.5181744966794354e-05,6.471586705112886e-05,0.00011596976798249082,0.0001089423998141463,8.116465635016618e-05,0.00028122610019686505,0.00014618236950798721,1.1361736356791008e-06
cusR,cusR,0.00128872305080521,27,5.0392375137007336e-05,8.366325181863909e-05,0.0001193232565608363,4.521618900960308e-05,0.000199029675809088,9.786756689394313e-05,0.00028996735116838584,1.1065611147184183e-05,0.00011196047172961291,0.0002802373015309101
amn,amn,0.0012753822807432744,28,4.065739199725402e-05,0.00024092006886982373,0.00013104525739771424,5.538105696992058e-07,0.00021020526821936424,0.00011067878980228558,5.6389317866594935e-05,0.00032421965897751496,7.681628108125169e-05,8.389643596177162e-05
cheA,cheA,0.0012733161741734652,29,0.0003067466629729833,0.0001511370357807466,0.00011091912612972426,7.174609741558917e-05,9.35986004881971e-05,0.0001238682353019569,5.487812562523783e-05,9.468556136624942e-05,0.00015439294341018512,0.00011134378568259546
gyrB,gyrB,0.0012600378878900797,30,6.379338210189826e-05,1.3405766380777195e-05,5.918463128730561e-05,0.00010796657274575111,0.0003275677066461628,0.0002191936629230643,0.00012446789226741266,0.00011405605660048868,0.00017261311667060412,5.778910026661505e-05
sirA,sirA,0.0012522936275695768,31,7.976312902842522e-05,0.00028758450403314846,4.237343802065761e-06,9.127157519812592e-05,2.0791816796090722e-05,8.215880115394328e-06,0.00021179054148793853,0.00032968114023158304,5.4519497572914245e-05,0.00016443819930389065
narP,narP,0.001242623321839323,32,4.5370090388142345e-05,0.0003382259646351764,0.0001422400425884333,5.313932903450501e-05,4.148658317768752e-05,0.00010461506492092415,0.00013077411340287688,0.0001829279438885371,0.0001558775179932162,4.796667180982393e-05
ydhR,ydhR,0.001236877124066359,33,1.1084462216256788e-05,0.00024414750098953133,0.00012870373019719343,4.019951381525162e-05,0.0001107549898272409,0.00014887948863894095,0.00012166389384979422,0.0003170977648936814,6.26591640364155e-05,5.1686615602052705e-05
LELOBEKK_sgrT,sgrT,0.0012245571614842585,34,0.00014589143736556983,0.00011974824015093323,7.41742004846065e-05,0.000193162831786984,0.00030082277668664383,0.00011253299098917085,3.216095673112148e-05,7.562779291954693e-05,0.00016713769614346566,3.2982382262162996e-06
frsA,frsA,0.001219628964858251,35,9.417345063353409e-05,0.0002424104640645552,9.564401040232707e-05,0.00011294203846750786,0.00011223226804575635,0.00019106233082943043,2.119533048946858e-05,0.0001126806778030585,6.817127907039577e-05,0.00016911711505221698
cheZ,cheZ,0.0012167732763632031,36,0.00011220896610752774,0.00034319598639692965,3.0146125373316606e-05,3.10877338309714e-05,0.00020997036484996393,0.0001179829909860964,0.0001041245775550407,0.0001060606666524582,7.700607621083635e-05,8.498978840006211e-05
hyaF,hyaF,0.0012162057442501905,37,6.426586649958944e-05,7.4774329333775e-05,0.000466584756008966,0.0002355252060051054,4.629247991137492e-06,1.6638225657601047e-05,0.00016050012082961107,7.383365067427261e-05,6.189170439077008e-05,5.756263685936224e-05
elaC,elaC,0.0012116839098747674,38,0.00011545397561225524,0.00032533020557402897,9.434937554004307e-05,7.312754138806026e-05,0.00014810358053821845,3.8940034924497556e-05,3.6552961559134174e-05,0.0002903554614416209,1.9887587784962065e-05,6.958318551194677e-05
motB,motB,0.0012064328570470196,39,0.00034239483495345874,0.00016857680746110173,0.00013277500447526547,0.00010928024435190532,7.453903039672238e-05,0.00012697699373108648,5.866636702502606e-05,6.092202086738522e-05,6.962739961815254e-05,6.267415416691578e-05
abgR,abgR,0.0011969520586956543,40,8.13219290714798e-05,0.0002971179821119508,4.3323529201796234e-05,6.164963907150853e-05,2.6389862611058867e-05,8.923692851638595e-05,0.0001347805811933803,0.00023954505627811224,0.00011409267270752616,0.0001094938779324555
yfaP,yfaP,0.0011898926710020177,41,0.0002435886210423787,0.0002008561976708038,6.934659605884041e-05,3.734241888207792e-05,0.0001736239417559376,0.0001586685806692596,2.903199220728072e-05,1.587631160394772e-05,0.00014545303198325736,0.00011610497912823388
yoaC,yoaC,0.0011870910895528423,42,6.155620119856588e-05,5.156211010822702e-05,0.00015947716545056844,0.00020315106560339906,0.00020297277526267716,5.9238904444388345e-05,0.0001838670282986577,0.00011845456170911194,1.6695200570375015e-05,0.00013011607690687166
pyrH,pyrH,0.0011844223037888156,43,7.445793278290701e-05,3.6674901975250696e-05,6.932719107341056e-05,5.9609337121698516e-05,0.00022329728278162463,0.00026455904822993967,6.73254571053538e-05,1.906886280267316e-05,0.00019814189907011004,0.00017196039084584752
flgE,flgE,0.0011727217218525621,44,7.047514237128248e-05,4.2920298803946405e-05,8.76366788389806e-06,0.00015752388453145518,0.00014598445999391228,8.613456319812883e-05,0.00016903910003350232,7.774518706236032e-05,0.00022380658255459048,0.00019032883541948576
ysgA,ysgA,0.001172483581222758,45,6.7720946801016475e-06,0.00015874569179060376,3.915039505668857e-05,2.882517841452119e-05,0.00019213890286413584,0.00019112597860196286,0.00016191041347052802,0.00018181078403748126,5.138869277612451e-05,0.00016061544953061048
yejH,yejH,0.001168431058675832,46,6.167257886230495e-05,7.353612031437565e-05,0.0003175113259314516,0.00012994798114174052,4.077577569199638e-05,5.5401983857717586e-05,0.000161147704170772,7.885890436031118e-05,7.729282905846397e-05,0.00017228585528669812
yiaO,yiaO,0.0011670493732550934,47,8.249554746239896e-05,7.916367035147015e-05,0.00015047209374110176,0.00015686197133058167,0.0001902689596194274,7.859061617047561e-05,0.0001562872778466626,6.463581008137518e-05,4.752780475280629e-05,0.00016074562189879354
yafK,yafK,0.0011561701651800747,48,2.0205528995870383e-05,0.0003138600155124014,2.566231028720873e-05,1.7213995721263575e-06,7.31566650330572e-05,0.00012153702291160435,5.517956337223344e-05,0.00031368693525587083,0.00020182346928399343,2.9337254955708642e-05
menE,menE,0.001153095672222622,49,6.108416167244929e-05,7.515319689777569e-05,0.00011083571205287897,3.940781127364803e-05,0.00020277580069401395,6.29845957421374e-05,0.00024599375394263577,3.7527648984795776e-05,9.165329865035629e-05,0.00022567969231193077
ycgY,ycgY,0.0011493928734121251,50,0.00010213006270448142,2.8723435416566852e-05,0.00012344283272776953,9.364581655435426e-05,0.00021063374694698557,0.00019212437559470546,0.00010293224802187322,8.006449769456935e-05,0.00019047209242638207,2.5223765324437185e-05
yniB,yniB,0.001148771214206328,51,9.124718586304847e-05,2.9792228031149033e-05,0.000112973418992261,3.368966967500531e-05,0.0002688871618965659,0.00013617867047139876,0.00019288479603078707,0.0001373454677774876,0.00012052550884772672,2.5247106620898146e-05
xthA,xthA,0.0011409732371436402,52,9.757248054295513e-05,0.00025046935687176366,3.014349051671283e-06,0.00010184115910337962,0.0001271844913669941,0.00021366011148344494,7.858901278779661e-07,7.947067657213872e-05,8.52133228847012e-05,0.00018176139913871365
norV,norV,0.0011299866499558644,53,4.0480313361771785e-05,6.356153951310433e-05,8.507890464756846e-05,0.0001420051081293825,0.00013728435274632444,4.407614710689203e-05,0.00017125733486120578,9.196170254776184e-05,0.00014019183373725392,0.0002140894133045995
cmtB,cmtB,0.0011288520759692032,54,4.807058983674129e-05,5.12780401971512e-05,0.00013376435005456867,0.00018606898151876,0.00018004026880855074,6.692699108917197e-05,0.0001852900870876031,7.324757164303582e-05,4.6920014716497164e-05,0.0001572451810171233
gadW,gadW,0.0011286778128563584,55,0.00016052299699250135,0.0001595351881696376,9.833812199185942e-06,0.0001073293027008447,2.8629730053835225e-05,0.00023545026443095026,0.00015031990997596223,0.0001558471757387781,0.0001134183434259389,7.791089168724144e-06
lafU,lafU,0.0011284075488671487,56,0.00011575150947800979,5.7400818501854895e-05,7.663467855569998e-05,0.00014526110513340157,0.00016456780551115386,0.00020333631130985437,0.0001391522040185262,6.43566540159912e-05,0.00014506789440064475,1.6878567942012182e-05
yeaJ,yeaJ,0.0011255363388833059,57,0.00016906690942875916,9.063005732335848e-05,1.915585247371781e-05,2.2035898189502725e-05,5.754005470887883e-05,0.0001222072419786309,0.00019101574778370835,0.0001733113873295889,0.00020982832855137915,7.07448611157817e-05
ygfB,ygfB,0.0011149469204375768,58,0.00010531018113245209,7.109237621149137e-06,0.00011116472184939742,0.0002836453872871783,5.992849736456582e-05,0.00012421934124233643,0.00016074514165800792,6.121608916110553e-05,0.00015101329066236478,5.059503245901919e-05
yfbQ,yfbQ,0.0011118074526191928,59,3.762531639913037e-05,0.0002466940393243959,0.0001480092288826748,4.2340295070819854e-05,0.00011072004327290671,2.8078662017953363e-05,0.00015543380473483345,0.00025118362503845435,6.882452035191434e-05,2.2897917526109615e-05
yohC,yohC,0.001109871801845065,60,0.00016202140301043214,1.815975388607386e-05,0.000362710272300224,0.0002217260387979232,5.978233017209074e-06,1.496986946254564e-05,0.00010578017859745114,5.9164901987204766e-05,8.548076044230453e-05,7.388039034369673e-05
tap,tap,0.0011038586164966806,61,0.00010031661477772252,0.00011773695861700752,0.0004104655607226805,0.00015001473455983705,2.893018593313844e-05,1.8184809108178085e-05,0.00015795957795326874,2.1880247869574886e-05,7.110868133807572e-05,2.726124561719739e-05
ybaB,ybaB,0.0010987930399155488,62,8.462217357817912e-05,0.00018102117839324987,1.40756322935732e-05,5.2660019826953516e-05,0.00015756645722616209,0.0003597921121385755,2.560677274289454e-05,0.00010111750441349715,1.5008352320745942e-06,0.00012083035407038933
yeaL,yeaL,0.001087188773795574,63,4.1641712655059846e-05,6.162120976319107e-05,0.00015057592595247332,0.00019885641762245422,0.00021248551042385723,2.273127777573797e-05,0.0001655715157190892,5.845391672205474e-05,2.1839326152058715e-05,0.00015341196100959774
yggT,yggT,0.0010766497156433118,64,6.322287325859952e-05,0.0002452602088266391,3.259149325042269e-06,1.8521742875937747e-05,9.886567983299966e-05,7.935095736747839e-05,8.127793502014986e-05,0.0001944335840764924,0.0002701894885651738,2.2268096494798887e-05
yqiI,yqiI,0.0010735486331510033,65,0.00013059202239034399,0.0002556744295767151,2.6647066218034183e-05,2.0384480560342157e-05,0.0001381387374462401,5.335700456831287e-05,5.4599693079136844e-05,0.00026649068750301863,0.00012133419894398764,6.330312864871978e-06
yiaU,yiaU,0.0010694939462582492,66,0.00013804979354399105,3.4019649892086544e-05,6.698796660367257e-05,0.00022812197515244078,5.285850589133291e-05,0.00012284572058818784,0.00016974010008665778,4.608724275878915e-05,4.996939312937606e-05,0.00016081359861171453
cbrC,cbrC,0.0010688059227882385,67,8.116285936792856e-05,1.341858801805282e-05,0.00019814712646325688,0.00017647156478453095,5.389251238091584e-05,9.94540968258986e-05,0.00017439241843844242,6.328607740470744e-05,0.00011404342328071107,9.453725582379418e-05
ivy,ivy,0.0010679685240131958,68,0.00010632250497768212,0.00011576883577348175,4.528225765986023e-05,2.4994480752318805e-05,0.00012271373301306018,9.128307490203627e-05,0.00015766518743355362,0.0002139634609730407,0.00014959288918064205,4.0382099347519774e-05
ndh,ndh,0.0010658450885772824,69,3.473716131319891e-05,0.00011441875224957815,3.659458651775489e-05,8.172242952048041e-05,8.3459268139828e-05,7.757333913676164e-05,9.146623959041623e-05,0.00013983924305369262,0.00018442867877805128,0.00022160539027752012
pqqL,pqqL,0.001064095395531999,70,0.0001374784965456772,0.00012858120156298736,8.158904680079865e-05,0.00010637783590211528,0.00019795762551629245,0.00013026459376564272,7.572246193414845e-05,2.8661200838147002e-05,0.00012673119978928076,5.073173287690907e-05
htrG,htrG,0.001059967673324738,71,2.7091763050351087e-05,0.00014136844706508846,0.0003576451559824546,5.153190646297579e-05,4.7366258485001754e-05,0.00013289607740906383,6.167349041815947e-05,7.169609962298041e-05,8.377800735884999e-05,8.492046746981249e-05
ycfJ,ycfJ,0.0010575266353868686,72,4.7965606639840764e-05,8.93332737150916e-05,3.727809449117215e-05,5.380529932484941e-05,9.927929326264642e-05,0.00010876789197162739,0.00015910824169295074,0.0001832483729705229,3.4961653013156284e-05,0.00024377890830501093
dapE,dapE,0.001057237734084952,73,0.0001263508181963662,8.537801277262814e-05,8.72432556211927e-05,3.666407238054022e-05,2.9444634704029292e-05,1.9111031386510633e-05,0.000276533678819474,5.488054297193643e-05,0.00021169478087964587,0.00012993690635262865
lolD,lolD,0.001047512163582924,74,2.7418069721867684e-05,9.231493033955377e-05,5.017739399258144e-05,6.138104023686477e-05,6.447584451454825e-05,0.0001296375119763442,0.00022462363001174614,6.398192793416674e-05,0.0002231225163512911,0.00011037929850395981
tar,tar,0.001042658290958986,75,0.0001255532090889715,9.596503505581781e-05,0.00013827549521493908,0.00013417855950157052,0.00011750546952001828,5.0701140442665975e-05,5.8398637160081415e-06,0.00012381955050139878,0.00010449410752564298,0.00014632586039195304
wzc,wzc,0.001036515707148031,76,0.00018493597415643207,0.0002604024477917781,5.184833437054407e-06,7.657169139539768e-06,7.139324244000691e-05,0.00015807859014877303,1.483617715949588e-05,0.00011474406870938823,6.721998852441846e-05,0.000152063215641144
yjbI,yjbI,0.0010328522031731245,77,7.40879854846967e-05,7.89524512862045e-05,1.0297615201283411e-05,2.3691212066383748e-05,0.00011933925432639525,0.00011185896321987784,0.000229756835276477,0.00010182096593758725,0.0002602080592697813,2.283886110443757e-05
yhjG,yhjG,0.0010322895453679256,78,0.00022687194639587385,0.00011893338482047534,0.00017880776792918122,0.00014877589856415705,3.9399914324018095e-05,5.6415733317567824e-05,1.1165959965984507e-05,0.00011055101017646666,9.106723814435816e-05,5.030069172984298e-05
aroG,aroG,0.0010282108760246292,79,5.097974609636723e-05,5.6305034572158006e-05,5.814090656442947e-05,6.40385575392339e-05,8.27528328949263e-05,8.925539678719736e-05,0.00019759409110765947,4.444515822029105e-05,0.00022791594980601715,0.00015678320243634936
tldD,tldD,0.0010278475417292736,80,1.638811305577739e-05,5.551571790381472e-05,0.00010585691679597685,0.00017795853086165637,0.0002467692035371977,9.287693618357344e-05,9.745546608597337e-05,2.3283460908013633e-05,4.7827914453322386e-05,0.0001639152819439676
ydcE,ydcE,0.0010271944635073112,81,6.914044262796802e-05,3.547083834156934e-05,3.860352708858909e-05,5.1391055280312984e-05,8.120963375456364e-05,0.0001890276958873602,0.00011389438467970411,0.00011401274005941756,6.309544342220343e-05,0.00027134870236562294
yqcE,yqcE,0.0010254076943387227,82,0.0001807480539815383,5.193828581572685e-05,1.4686125342510994e-05,0.00014747986431018424,1.910185765181602e-05,4.006080838035721e-05,0.0002528876453211366,0.00010602564683822671,0.00019668660175611164,1.5792804941114137e-05
serS,serS,0.0010206519905888378,83,5.458286192543895e-05,0.00014327939806784446,2.0922732481998877e-05,2.7042848540105262e-05,8.220006894692885e-05,0.0003222005792960192,5.695976437835376e-05,0.00015917677099560096,3.6706939761751304e-05,0.00011758002619479622
yfhK,yfhK,0.0010203007252664311,84,5.77623636070611e-05,0.00017825992128787525,5.863597430326695e-05,0.00010619895018524696,9.848632628209952e-05,0.0001551585577818731,2.7429663810188462e-05,0.00011348072660206228,6.020603400367547e-05,0.0001646822074030822
setC,setC,0.0010129474857557806,85,7.750182031053367e-05,3.670167318316181e-05,0.00014854249265606827,6.501105916225168e-05,0.00017908033136670168,0.0001397882265433095,0.0001182521744006104,2.092232876987775e-05,0.0001816586490281903,4.5488730335075344e-05
yhhI,yhhI,0.0010103932322902342,86,0.00018417325489011977,0.00010235500218006741,1.2555634938597399e-05,6.201169858020598e-05,0.00013004608653357017,0.000140144327130621,0.00011495689994913708,2.9609811881185853e-05,9.12031518675842e-05,0.00014333736433914525
yhhS,yhhS,0.001010272882127711,87,4.039133251636148e-05,0.00024012936013236916,5.208611601280021e-05,3.741207800229277e-05,0.00010856927640216842,2.2773820184325428e-05,0.00010991403958923372,0.00026068822621636527,6.594956200989807e-05,7.235907106189662e-05
wza,wza,0.0010095826383970591,88,0.00016852026167474783,3.3404211431306633e-05,6.522056683777118e-05,0.0002295828252172812,0.00013474224816015104,7.38872543490142e-05,0.00012097317367242016,0.00012477830295404464,5.172860445341086e-05,6.745189646911498e-06
rssB,rssB,0.0010089236814660374,89,3.427910210014297e-05,2.490701025689173e-05,8.570646352011135e-05,5.129635260768006e-05,0.0002015578327359597,0.00020421001697521775,6.274156252370791e-05,0.00010416430630059013,0.00014562551625571716,9.443551819001854e-05
ilvB,ilvB,0.001008572923190686,90,6.157112448705409e-05,0.00019178916055222645,3.998277934981673e-05,4.139080736302097e-05,6.206692078018125e-05,8.758350605945034e-05,0.00013124922475831588,0.0002280721900877535,1.779876102142164e-05,0.0001470684487314451
ompG,ompG,0.0010064427697270297,91,7.091384904286147e-05,8.02845690832043e-06,0.00022754748436011837,0.0001238326077384468,0.00012244993584656198,0.00015051809654208556,8.253186679159178e-05,6.413374593775382e-05,3.159876398714096e-05,0.00012488796257214855
glnK,glnK,0.0010043693959793155,92,8.530640811185936e-05,7.69766833357526e-05,0.00010965460237859394,0.000100999817519506,0.00022059687539038484,0.00011584050705686106,8.551257640072379e-05,4.241936611706464e-05,9.976075637550365e-05,6.730180329306568e-05
ptsN,ptsN,0.0010036399489193695,93,4.3949218517959385e-05,0.00014635430036473026,3.5143242383492806e-05,0.00014338340332331525,0.00014785700380184118,1.145335636743101e-05,5.878260601587755e-05,0.0001216954895605316,0.00014369434455023568,0.00015132698403395477
ydfJ,ydfJ,0.0010028469660830794,94,0.00013083416427034757,9.029343995612917e-05,4.876374580651824e-05,9.811760775627412e-05,0.00015549530033261437,2.182032811601333e-05,0.00016621021408291217,0.00010814502171048049,5.566967180182134e-05,0.0001274974722499688
wzxC,wzxC,0.001002153548856477,95,0.00015977685617989845,2.8564749614545492e-05,0.0001441432954368138,0.00012626501387959506,0.00010530947986442079,0.000178111582905165,0.00011545420287314806,9.05598054825139e-05,4.162052965986067e-05,1.2348032960515842e-05
sufA,sufA,0.0010018476300030534,96,5.424205998201099e-05,0.00013943500765686295,8.299668754893985e-05,0.00018682138300773885,0.00028176840812540874,0.00016573521916289505,2.484474997254254e-05,3.2583256625830635e-05,1.641672599213324e-05,1.700413192869049e-05
secM,secM,0.000994021822762077,97,6.284882850957306e-05,0.00016130903065619814,2.135523567803032e-05,3.2178333039556615e-05,0.00010415804512828185,0.0003680560570926506,3.602200251400056e-06,0.00010607124835209706,3.4954826976709596e-05,9.948801707757974e-05
ycdT,ycdT,0.0009931021459813477,98,9.011166581178562e-05,0.00010142132435172633,9.030632662088126e-05,3.745980574747242e-07,0.00013893383446944666,4.42788276851267e-05,0.00010034500245001933,9.009975506092202e-05,0.00010232820781209247,0.0002349026036618725
yihE,yihE,0.00099165457472661,99,2.8173300370410178e-05,6.297514838221805e-05,3.5124906662446494e-06,8.126632165485773e-05,7.512838061846837e-05,6.871983733516769e-05,8.703947711377842e-05,0.00014931320423065876,0.0001385413762248906,0.00029698503812991556
ycgZ,ycgZ,0.0009891980834243975,100,0.00022993902549100142,9.730354285154925e-05,7.452650162368946e-05,6.0626014979230853e-05,3.8991373728238745e-05,0.00016639227053921876,2.666182047219587e-05,6.123307950161651e-05,0.00011803932145132747,0.00011548513278632918
nudD,nudD,0.0009869383061535421,101,0.00016788322193983117,0.00020902875553483594,2.6091667275495446e-05,0.00011675447946003728,2.460783755200595e-05,0.0001469830142098139,1.8519421759575165e-06,0.00018810742673369847,2.3296378432045434e-05,8.233358283982072e-05
tatC,tatC,0.0009862687644944445,102,4.1883538781157254e-05,6.150716203876315e-05,0.00011859704350345305,0.0003137622104168788,0.0001031135858619768,9.486109629501895e-05,1.647792502720802e-05,0.00013304343791958645,6.882269544394103e-05,3.420006920646098e-05
fumA,fumA,0.000983442243370722,103,3.5047440518395665e-05,0.00010330508393793378,1.3133062532012933e-05,9.11699828518088e-05,4.685829630257832e-05,0.00010507218325527456,0.0001250047623331921,0.00011791707299990587,0.00020398246475156014,0.00014195189388805976
yedL,yedL,0.0009804199951289124,104,9.866662883387372e-05,7.702935219727746e-05,0.00011589850516404663,9.600517747151338e-05,1.0379789223896078e-05,9.842134130032317e-05,0.0001715529986049475,2.7841416578949467e-05,0.00018509645853294929,9.95283272211359e-05
yeiJ,yeiJ,0.0009789536426336302,105,0.0001732638751053676,1.2412550803243436e-05,7.011254925080887e-05,0.00011186422590754182,0.00013237025307627744,0.00020493853973355377,6.874739867761288e-05,6.0126876727774845e-05,9.574450958538535e-05,4.937286376606413e-05
yrbL,yrbL,0.0009758902970803477,106,0.0003249298622906749,2.851141861426828e-05,1.0309167984014848e-07,0.00011186591612881832,0.00012429760350842986,6.715364299696244e-05,4.542460562099159e-05,6.424130333530571e-05,0.00014948431608424991,5.987853682080654e-05
yffI,yffI,0.0009755948952085139,107,7.186477690382633e-06,4.218899988482847e-05,0.00012892223322884388,0.0003222663928594368,2.9060169993026074e-05,8.632690989660678e-05,6.511650449960673e-05,0.00011048909909960212,0.00010710210255900865,7.693600549717167e-05
mukF,mukF,0.0009723047731719234,108,1.8161314058320035e-05,0.00018099527824879609,5.419105562756025e-05,2.2449138515585623e-05,8.846394186399223e-06,0.000113205066886811,0.0001666076573731794,0.0001404999721516163,0.00019647643823840898,7.087245788524645e-05
yjeP,yjeP,0.0009649079082922533,109,0.00012324129287623532,3.5302692837612624e-06,0.00013303071382012437,0.00017011304664613582,2.938684840297691e-05,0.00023076391905738782,8.893244717630253e-05,8.186341374127587e-05,8.314901630499393e-06,9.573105565755416e-05
yegZ,yegZ,0.0009634534139518721,110,6.91664758184898e-05,1.5785143060412623e-05,0.0003850227175558036,0.00022979692205247224,1.684221972274411e-05,1.600806960748592e-05,7.919748459202058e-05,7.554195972072507e-05,6.196065951044842e-05,1.4131762311269692e-05
yebU,yebU,0.0009632906174290974,111,0.0001667388725556603,0.00021950491494030096,2.9400327864669726e-05,0.00010362595565300997,0.00013784595990812672,6.226286843522245e-05,2.9567092083538623e-05,9.977821316032044e-05,0.00011116259952443181,3.403813303816457e-06
rpsD,rpsD,0.0009609326008726073,112,0.00046231313295179145,5.5917623013107074e-05,5.8782312851278616e-05,9.383656334081654e-05,8.907338104709983e-05,6.357397052433388e-05,6.706701239851136e-05,9.623266258302589e-06,1.2626283416895034e-05,4.811905507047098e-05
yehC,yehC,0.000959452441712364,113,0.00021132005563078877,0.00018690511001686943,1.1998792055836366e-06,6.623354033703008e-06,9.860908060009485e-05,0.0001451138905303885,1.57047332279789e-05,4.3930430871891444e-05,0.00011241824020042492,0.0001376276673946405
nhaR,nhaR,0.0009584442723060294,114,5.3901154852143686e-05,9.431626206762952e-05,3.577876823124069e-05,4.208653677334372e-05,0.0001468907417923448,0.00013848345010825927,1.7349730361237885e-05,3.763749420297865e-05,0.00017347708767829185,0.00021852304623855938
phnN,phnN,0.0009580905522711139,115,5.235367552724529e-05,9.725235657394734e-05,0.00012708638622831566,5.031049065321557e-05,8.881227959172083e-05,8.331704847213345e-05,0.0001477726794511393,0.00011888019161176214,0.00015701256692138765,3.5292877240246746e-05
yahA,yahA,0.0009574149536625693,116,5.453160458447364e-05,0.0003296529969847914,6.138389508306515e-05,7.556776128659552e-05,7.577406112943154e-08,2.2611813350778e-06,0.00012257023538070672,0.00017159022016751898,6.157457083031469e-05,7.820671394889607e-05
yieH,yieH,0.000957412497530076,117,0.00013742880533666,5.82271084889227e-05,5.324003396166834e-05,0.0001973413537000067,9.782261766888705e-06,7.239574579631675e-05,7.804354276157646e-05,8.341895108439045e-05,0.00012377379675971827,0.00014376089787392763
purF,purF,0.000957406518259792,118,5.194168756366168e-05,5.7540992027573614e-05,0.00012073773881067382,0.00019989536818461274,0.00018306665634855438,3.649500707619493e-05,0.00014977890740760176,2.88918930302992e-05,1.9592120442173373e-05,0.00010946614736844653
yhaK,yhaK,0.0009545911928697258,119,7.473351320252693e-05,3.6940625354025306e-05,0.00020540073528961536,0.00016942923633723097,0.0001484185595798576,3.7265226413656544e-05,0.0001681722673148064,2.7727300250063177e-06,4.183092474970957e-05,6.96273746032907e-05
yfhQ,yfhQ,0.0009541835801594174,120,2.7423195546532368e-05,0.00016911372914957894,1.4945422021427643e-05,3.17865856168701e-05,5.775679231115287e-05,0.0002598336015910726,7.296135885250965e-05,0.00014306445956044936,2.989476355049741e-05,0.00014740367195932653
fldA,fldA,0.0009517738181892785,121,0.00013667334657057088,0.00010742211364235192,3.0275674055251767e-05,6.988598572431187e-05,7.844333695948991e-05,6.66148086652811e-05,7.869207859438471e-05,0.00018357182462298315,0.0001772198060077221,2.2974843346931193e-05
yjgM,yjgM,0.0009499092619377049,122,7.616033625691762e-05,0.0001481950862638585,9.66442113204043e-05,4.6296645224610616e-05,4.3624618231414854e-05,3.401888344162437e-05,0.00012700331543864647,0.00015159659544491572,0.00019459447811402474,3.1775092201287756e-05
yibA,yibA,0.0009490750269116522,123,9.74820481788756e-05,0.00014397754342236732,2.8087330104136924e-05,0.00011995994007672187,2.6007427711260073e-05,0.0001231718715521653,0.00014608939789525753,4.559473840989504e-05,0.00014011898060372686,7.858574895724574e-05
yfhA,yfhA,0.0009488541214411959,124,0.0001168096306484059,0.00012078922013648283,0.00015152085430883322,3.7565951022354147e-05,8.040169884001283e-05,8.02777937259322e-05,7.236203658006973e-05,0.0002206773716794157,6.025183444003239e-05,8.197730059656888e-06
yehI,yehI,0.0009486928624080319,125,9.285988883536107e-05,0.00021180346184737167,5.9172399443843564e-05,0.00018945287014028754,4.3472650586855384e-06,7.6401137231425e-05,5.913463320885184e-05,0.00018905939912555424,4.651514145116212e-05,1.9946666065489254e-05
gcvR,gcvR,0.0009480596189095564,126,1.1898768898413864e-05,0.0002529488123943744,1.5062759852295204e-05,7.243606348943301e-05,5.846462486570918e-05,0.0001231930092009039,0.00012496981692189398,0.00019055086425555365,9.825962789376341e-05,2.752711372157907e-07
mrcA,mrcA,0.0009474962013957314,127,7.754022858948216e-05,5.651734626024934e-05,2.2681678283841903e-05,8.47649209054089e-05,0.00015136339262112456,0.00018783103089809743,7.582651689085156e-05,3.628945471434951e-05,0.00024382790867822555,1.085372355410048e-05
yqjC,yqjC,0.0009445644944115128,128,0.00038142903582177054,5.9037326718889896e-05,0.0001261247740406453,5.729241334129626e-05,9.134318272483187e-05,1.87736448826142e-05,7.043465945262223e-05,7.592024011050847e-05,3.866957345281197e-05,2.5539643865522023e-05
rpoD,rpoD,0.0009409255842312976,129,0.0003899535911602116,6.384733936319113e-05,3.1829023016414095e-05,3.185687838197779e-05,2.7621695514337958e-05,4.39188751368815e-05,1.1646261059225794e-05,0.00013813787457048635,9.449545468223062e-05,0.00010761859134634072
chbC,chbC,0.0009399320264768135,130,0.00014683149890874086,0.00012001753329142637,5.995450887763716e-05,5.92943280704391e-05,8.621818326354069e-05,0.0001488849256380803,8.53940236192813e-05,3.6074800120466234e-05,1.6605844434194642e-05,0.00018065638025300683
gph,gph,0.0009398065577970057,131,0.0001614180501696696,8.19976580539687e-05,0.00024039913907636135,0.00011430301462490192,5.964544632023903e-05,6.386899386284141e-05,7.336917367142554e-05,5.1883663250649536e-05,8.858609907347674e-05,4.3353196934718905e-06
rfbD,rfbD,0.0009395795309131395,132,9.720875389318549e-05,5.2979036805799066e-05,0.00014619496638040662,7.245368859110985e-05,9.74168125004656e-05,0.0001560678977209273,7.600188342071933e-05,1.9364241316643883e-05,0.00014736612516460366,7.452612511927879e-05
stfQ,stfQ,0.0009360336456916509,133,0.0001877563858026858,0.0001299787566957626,2.007923955383613e-05,5.4619758964810676e-05,0.0002150929013400889,0.00015939713032506262,8.006880291392084e-05,5.1816106782473705e-05,2.788658590195155e-05,9.337977411058032e-06
metA,metA,0.0009354845739989845,134,9.700559112202783e-05,4.868495204991325e-05,3.205534924526407e-06,7.497558174105094e-06,0.00024603716408318227,0.00023741696828296664,1.6218745860247292e-05,1.1171029310632879e-05,0.00022763109072093438,4.061593947044853e-05
puuB,puuB,0.0009346447267834123,135,0.00010964356248704737,0.00013012326588971273,7.778041802907741e-05,3.3542065393915496e-06,0.00011801365395354794,0.0001508509136776518,4.036428232200439e-05,4.7692840157230126e-05,4.5760841004909e-05,0.00021106074272283994
yjgA,yjgA,0.000934351217398296,136,5.222265519750503e-05,0.00018951366726797087,6.893566366832309e-05,1.212852034625375e-06,0.00015051569949068322,7.577841970367278e-05,7.622495272055969e-05,0.00019290736319016046,0.00011013818284341952,1.6901761281375883e-05
gatR,gatR,0.0009318477457947231,137,4.402173517233398e-05,0.0003014898383874165,2.6042484038682083e-05,2.176492785907688e-05,0.00011644864663181275,7.692510631407926e-05,3.1976663914879914e-05,0.0001023328176083427,0.0001930955762404452,1.774994962765396e-05
entD,entD,0.0009316714037844962,138,7.435725143333175e-05,8.74204770570651e-05,5.164406857822674e-06,5.6435021361498525e-05,4.4305341085891204e-05,0.0001746818462231475,2.8851298790260422e-05,0.00010305516091772584,0.00028301660269586503,7.438399736188822e-05
pepN,pepN,0.0009307918105179414,139,0.00011835812233337888,3.8323183290487746e-05,3.271200167468442e-05,0.00011138265319971803,0.00012852661930583934,0.0001904192247228986,4.682719952142749e-05,4.482782087677152e-05,6.428539665810792e-05,0.00015512958893462746
rplD,rplD,0.0009306404096968274,140,0.0004266378205673558,5.860464134778288e-05,4.5435387694134505e-06,0.00015559054018059998,2.4661657304379992e-05,0.00012362561537612878,1.1555230501949584e-05,4.178495549124317e-05,5.164333528611259e-05,3.199307487186111e-05
cheW,cheW,0.000925562193676848,141,0.00023779868687333924,0.00013365690961192236,0.0001410896204869848,5.779912370627571e-05,4.8550912758756125e-05,9.672391239910161e-05,6.82925960337624e-05,1.2829739565962332e-05,4.970333356745517e-05,7.911735867328834e-05
yraP,yraP,0.0009252325736312311,142,0.00011168081489744827,5.158560802378813e-05,0.0003307927674839056,0.0001285510803142712,8.194683064982317e-05,0.00010282646991503917,2.9423144457509258e-05,2.936182796204681e-05,3.7718426012167194e-05,2.134560391523227e-05
nadK,nadK,0.000924548974294131,143,6.499676324297568e-05,0.00014703514784163746,2.2391725902052287e-05,6.207091022683487e-05,0.0001229265292609057,6.848314703650414e-05,0.00016985547191068838,0.00012155004861992296,0.00011581274912294115,2.9426481129668376e-05
xapB,xapB,0.0009240863875536849,144,0.0001278418608594384,0.00014183443996345572,4.225934032529312e-06,3.610018980445589e-05,7.68208318355387e-05,0.0001275688536874297,6.52742257464229e-05,0.0001453418073595781,2.041322828787296e-05,0.0001786650159769633
ydiA,ydiA,0.0009181776203244863,145,1.9481085215657893e-05,7.829677488858754e-05,6.739470817700514e-05,8.02617655956568e-05,0.00017010576045065477,1.562433023165673e-05,0.00021954369949823692,4.0530967555302425e-05,5.575867974524398e-05,0.00017117984896648412
iscA,iscA,0.0009180411588681198,146,0.00023533027488722102,3.522501141290652e-05,0.00023883760635147762,0.00017792744712676783,8.804107923895222e-07,3.49387121227042e-05,4.5620484476499575e-05,6.300745875599157e-05,4.5615355320614094e-05,4.065839762154773e-05
diaA,diaA,0.0009159404505643535,147,8.983633408899755e-05,5.888859557119172e-05,4.695040111786404e-05,5.934925691028007e-05,0.00017352425491679363,5.881277883166909e-05,7.494767804100548e-05,9.03575565236546e-05,6.601792474529156e-05,0.0001972556698176057
motA,motA,0.0009156955477680337,148,0.00014760394047722298,0.00010512511873423012,0.0001302392544454635,0.00011796726955718944,7.315851187834462e-05,5.608617230056588e-05,5.407029694137341e-05,9.40119710645153e-05,8.199253920642723e-05,5.544047316270116e-05
LELOBEKK_lacZ,lacZ,0.0009152463587620546,149,9.675162292641653e-05,0.0001046038390594944,3.643929000386022e-05,0.0001260232873692433,7.497413436308375e-05,8.950034259052713e-05,2.7498820530555302e-05,0.0001296257980536464,0.00012692088324730037,0.00010290834061792723
yghO,yghO,0.0009152245898402114,150,0.000118798915815819,0.00012037384803353433,0.0002087137380863566,0.000172875211312398,5.5454604916232226e-05,5.979515791973946e-05,2.2056610117669298e-05,0.0001205662334323611,5.350255897807362e-06,3.124001430829404e-05
yncK,yncK,0.0009151862320589498,151,0.00019045983700665333,0.00013547926912220188,5.858434315633269e-05,8.682257882586418e-05,2.079944890383317e-05,7.3428172897590395e-06,0.00015155894175833146,0.00015856935957110304,6.303724328704146e-05,4.2532393137829446e-05
accD,accD,0.0009129835955909226,152,5.317692000993697e-05,0.0001623591719674107,9.861539148998235e-05,1.1764158326167177e-05,0.00010497517805643443,1.571247200737246e-05,0.00011353545724325326,0.0002561981279549293,7.360096973604528e-05,2.3045748799390776e-05
yfdP,yfdP,0.0009117335639655465,153,7.715676219274698e-05,0.00017710950524986246,2.7349079853368213e-05,3.677474008435612e-05,5.417693185697769e-05,0.00019879834664153538,0.00012426702273028617,0.00011848886370215122,4.931327004103825e-05,4.8299041613224076e-05
flgK,flgK,0.0009097460222787638,154,0.00026664572279833576,0.0001255975137102052,6.330999751005612e-05,3.938407036793247e-05,6.917270575723237e-05,0.00011666413329377408,2.2134286424635098e-06,1.4950640298127244e-05,7.50419114559737e-05,0.0001367658984446635
grxA,grxA,0.0009042500717692116,155,0.00014021712571124468,6.145012080481178e-05,0.0001644519095169372,7.371652245745593e-05,9.668309768108548e-05,6.473449132456461e-06,0.00017326162516743442,7.527162225187182e-05,9.707273966334616e-05,1.5651859382567733e-05
ybhI,ybhI,0.0009039167207973964,156,0.00019129109033250963,3.831237378327429e-06,2.741967623309147e-05,0.00022986743226270943,4.738593909463908e-05,8.379397216986565e-05,4.9596980469219334e-05,7.906353080798108e-05,0.00017549591076954004,1.6170951279513352e-05
btuR,btuR,0.0009038836039890928,157,6.43926326011414e-05,9.011349987053649e-05,3.191050811064765e-05,0.0001383167191720891,8.911942964182331e-05,2.9960606453720017e-05,4.583100606540126e-05,0.00011620730391411018,6.253587459441082e-05,0.0002354960235652124
yccX,yccX,0.0009013310000407055,158,4.609541841651251e-05,2.3150807154599777e-05,8.927891919574912e-06,4.14809120913999e-06,0.00016727028398879512,0.00021478298647014643,8.50292286744484e-05,6.564525355929158e-05,0.0001341622000076246,0.00015211883864057224
ihfA,ihfA,0.0009007147975947228,159,0.0003523591746638321,6.147563744844302e-05,5.804513159455519e-05,5.7709703574638504e-05,1.2632204947586597e-05,4.681627293152674e-05,6.196521799847678e-05,9.374802061744765e-05,4.942621801373787e-05,0.00010653721580447832
ydaG,ydaG,0.000896465072862562,160,0.00010631022973954442,0.00011572598024153813,8.614380495010148e-05,6.207941389097274e-05,8.393334543194265e-05,6.358735421348965e-05,6.076099272299753e-05,0.00018457174226934415,5.230499037599322e-05,8.104721902663797e-05
rplK,rplK,0.0008961630985597706,161,5.428497333478295e-05,6.233657377280496e-05,4.403359560841554e-05,2.2845048577908507e-05,0.0003077411267110345,0.00014831434038609076,8.070403370878711e-05,6.885571026903071e-05,8.413203183540401e-05,2.2915664355511695e-05
yffP,yffP,0.0008946296679174302,162,0.00013095739167163012,0.00012431715872603927,0.00012901291375974616,0.00019308987304939525,2.00218086809927e-05,3.5096129639875946e-05,0.00014777627697689296,1.101757470358468e-05,4.472317626406215e-05,5.861736444521111e-05
yidR,yidR,0.000894452560294227,163,0.00013728432123860985,4.007339884254424e-05,9.042449803264293e-05,9.095996441215302e-05,0.00016017681593605965,0.00011138648695612442,0.0001451355438684848,3.4620225076532475e-05,4.827398449974468e-05,3.611732143133104e-05
yfeT,yfeT,0.0008913153909111988,164,0.00018624960443115005,9.041864630696781e-05,4.580258612572859e-05,7.588471090108662e-05,0.00015055449693140047,0.0001236216184172422,7.21787116315832e-05,1.4431022837115208e-05,9.102421712659036e-05,4.114977620233424e-05
ydeE,ydeE,0.0008892751305309278,165,0.00012358563692656775,0.0001618156205791635,9.652286495823032e-06,0.00010474401356386952,0.00016139244467323793,1.6408589354042577e-06,0.00015228300482745104,3.157162294489037e-05,0.000107691374922407,3.4898266662113354e-05
agaB,agaB,0.0008861672322556509,166,7.440671453817837e-05,0.00024321526200684831,0.00010201868375223814,2.5553034984270015e-05,0.0001161076088782268,6.4830245381394135e-06,0.00011824261416960284,0.00011902574995420078,2.2202949187747165e-05,5.891159024619911e-05
gspM,gspM,0.000884928424467905,167,0.00011326783919908243,0.00025137112466723114,9.438462490589989e-05,8.941220865235694e-06,7.107097507532458e-05,8.577719980084159e-05,1.5637108760083563e-05,7.800786224624232e-05,1.1363996037361688e-06,0.0001653340693442277
yiaD,yiaD,0.0008828992385627029,168,0.00010802493127972088,4.3917983372192066e-05,4.9739429874829254e-05,0.00010915124108437776,0.0002235075949023179,8.862293281129023e-05,2.1678762684880527e-05,7.00376557023044e-05,6.2321359769769e-05,0.0001058973470810208
luxS,luxS,0.0008818682392833302,169,2.522489867492732e-05,2.0514488939933734e-05,8.45608078254672e-05,0.0001377201419967575,0.00019661891030794517,0.00013054438477022487,3.7614782886217656e-05,8.258210614501476e-05,5.1188156854226736e-05,0.0001152995608826151
lpxC,lpxC,0.0008810548974328236,170,0.00013136923165976808,0.00016094335866701488,1.0333874087090218e-05,3.1557953608239624e-05,8.68218485964794e-05,6.416890806931917e-05,0.00014830131490254546,0.00012971830788346432,0.00011101236763377698,6.827732325125503e-06
yqiK,yqiK,0.0008807337124853378,171,0.00012844250016940043,0.00014507990806215154,4.822747138099322e-05,2.8418426148045797e-05,2.8546810773481122e-05,2.9548879320568144e-05,0.00025778367547064213,2.1898291423140555e-06,0.00017786777302304695,3.462843899469453e-05
rseB,rseB,0.000875682953596804,172,9.242659770460005e-05,0.00014393896907193351,5.546133673304831e-05,2.195746288810237e-05,0.00014979562031217973,6.866872338494876e-05,5.1552190593360285e-05,0.00013913294761607226,2.570729989783019e-05,0.00012704180539472855
oxc,oxc,0.0008742652529076961,173,3.792218689748113e-05,9.287077542545789e-05,6.867729037285222e-05,7.171725026568025e-05,0.0001060509438439329,1.2107773831987408e-05,0.00010041594923999625,9.182971953991636e-05,0.00015905351512091623,0.00013361984836947544
ydcH,ydcH,0.0008733700370910577,174,2.1066336799999763e-05,2.1353839808420515e-05,9.823619086631372e-05,0.0003155596516079937,4.6133697289595544e-05,5.6088458542140946e-05,5.901777974687315e-05,9.054668122266549e-05,0.00010272563538331458,6.264176582374041e-05
crr,crr,0.0008719331536585349,175,0.0003746776624523927,9.916339865854979e-05,0.0001083856209458711,2.044864098052134e-05,3.534539168223338e-05,3.7237165406552743e-07,1.4488443328941382e-05,6.771907082720628e-05,7.249044893422315e-05,7.884210419453026e-05
dkgB,dkgB,0.0008707575428712269,176,0.00013938827939282588,0.0001903070001492492,1.7362501787839796e-05,7.249133159692962e-05,4.369307811619542e-05,0.00022090459699447497,0.00011574783305475331,6.730082059835295e-06,7.5961839488319075e-06,5.653665577029154e-05
yqaE,yqaE,0.000870160404517909,177,3.5699580055603584e-05,5.426603995004486e-05,3.212886026503644e-06,9.733194136121871e-06,0.00013158960595981354,9.662065176549186e-05,0.00015540120505489917,0.00018953707398805923,4.3379791424320264e-05,0.000150720376157051
ycjV,ycjV,0.0008701598879363036,178,0.00013499505498855356,5.001365147083022e-05,0.0001194105333864772,3.634260072944918e-05,0.00013759641859595952,5.940390566359294e-05,5.155833220013416e-05,0.0001657957425798094,9.752860497246681e-05,1.751504334903048e-05
csgG,csgG,0.0008693493377329684,179,5.373303728428132e-05,6.143441097596785e-05,7.472339672613524e-05,6.286752478599157e-05,4.081492755941987e-05,5.4967794151559906e-05,0.0001716789640516603,6.233656203853474e-05,0.00018457876530522628,0.0001022139548541914
sgcQ,sgcQ,0.0008692472472394489,180,5.977504324816492e-05,9.33457352693928e-06,1.9637963711779363e-05,4.3942826376617736e-05,5.500785267511227e-05,0.00022604580900458923,0.00017451391713230877,2.3462822187695154e-05,0.00013875320331839004,0.00011877323605785214
serB,serB,0.0008685176589008116,181,6.451454761922992e-05,3.8174812023489314e-07,2.163664759454632e-06,2.119116372160241e-05,0.00020917630769933852,4.612044242489648e-05,0.00015570672192304945,0.00023413386940461872,5.043432822385486e-06,0.00013008576040600102
yehU,yehU,0.0008662410540754116,182,1.7653220903246072e-05,2.4036542538609624e-05,5.3441999739093816e-05,0.0002716877817140922,6.523072680915797e-05,7.039636378409594e-05,0.0001394158225839928,8.471209767637086e-05,0.00012114684927185672,1.8519649054895455e-05
srlR,srlR,0.0008617078180457694,183,8.939886190724326e-05,3.2405829357129236e-05,6.235385707940915e-06,2.0716693657037218e-05,0.00011742033631345763,0.00018557371832335617,0.00010282289327388471,0.0001044601227826868,0.0001176465779873804,8.502739873565315e-05
gltF,gltF,0.0008614742533506154,184,0.00015138365107269323,9.282071235329471e-05,5.94273262097534e-05,2.1142146795843566e-06,0.0001842699257159747,0.00014794646708419503,7.132259444218964e-05,2.074386215751794e-05,7.979556500806535e-05,5.1649934627347005e-05
fliS,fliS,0.0008609599369810062,185,2.416910239293177e-05,1.4653870138058191e-05,0.00011899657246329711,0.00018070693509503237,0.0002452754991727192,0.00011220501122429907,4.780738178180317e-05,1.9434716255551117e-05,7.890352749938379e-05,1.8807320957930502e-05
agaV,agaV,0.0008559022357479184,186,1.8943544012403953e-05,0.0001365996839501889,1.0118580291849595e-05,6.407673842045822e-05,0.00010461003406468715,0.0001766047265371341,1.1574853081462873e-05,8.256933118652974e-05,5.902277814577551e-05,0.00019178196605742842
dnaC,dnaC,0.0008555171193944233,187,0.00014776585731540118,3.7715514117219216e-05,3.319066657755204e-05,5.685969678333286e-05,0.00015299175868423666,4.552436050392131e-05,0.0001275402583456565,0.0001491694677449372,2.844007799925934e-05,7.631946132290698e-05
lysR,lysR,0.0008543416080599175,188,4.231911997102728e-05,1.7343606492628576e-05,5.9787384392148525e-05,2.4039808945242526e-05,0.00013699482340719178,4.605406480732733e-05,0.00023134714182629294,5.4597920383664443e-05,3.331599147998653e-05,0.00020854174635440752
yphH,yphH,0.0008522939033735683,189,0.00011471077141650553,0.00016358933510127462,0.00011608086150467291,5.688029858743785e-05,0.00011291199523654119,1.3458288990015797e-05,2.9619330650324987e-05,0.00012958518449545745,3.760155029155248e-05,7.785628709978558e-05
metK,metK,0.000849838732715016,190,4.565066837047366e-05,3.6001417729513574e-05,7.973431267952182e-05,3.2921644581164024e-05,8.513906821761632e-05,0.00011687388514135898,0.00017563964652663283,8.467972692149071e-05,0.00015709990433201374,3.609845821523044e-05
yfjO,yfjO,0.0008492638550753387,191,2.1855489649404278e-05,0.00020311248493951484,9.623626091707567e-05,6.340097481331336e-05,2.143975081297839e-05,6.592617640574264e-05,9.278222943121313e-05,9.050428872390314e-05,0.00012797770122043852,6.602849816175475e-05
osmY,osmY,0.0008477987429912136,192,0.0002700399706500686,5.56124301676828e-05,0.00018224399740630152,9.5190533012491e-05,4.1736104660042116e-05,5.041914404981946e-05,1.367762461670723e-05,5.1023966656429614e-05,4.637613047140571e-05,4.147884130026557e-05
yhgA,yhgA,0.0008446690642575207,193,0.00020796602761170496,5.2193728949712454e-05,8.035666250261646e-05,6.0101422497548854e-05,0.0001618213784867105,5.712924964053357e-05,6.710394397903651e-06,5.594141993903848e-05,8.946206968113885e-05,7.298671055061282e-05
rrmJ,rrmJ,0.0008439063984618854,194,0.0003491943695239752,6.494140169675507e-05,3.132068501040857e-05,8.26960419766343e-05,4.337063575978622e-05,3.1022704111053244e-05,5.812226769659456e-05,6.620323563308446e-06,0.00011253735744008393,6.408061168328589e-05
yihF,yihF,0.0008431729271420557,195,7.074854594954068e-05,6.83068554889502e-05,0.00013651275700177294,0.00010171154756119437,0.00011372131081184504,8.698686563033846e-05,0.00016427918654773687,1.3862439895877849e-05,1.757773245804618e-05,6.946568579675307e-05
flhA,flhA,0.0008416640733845221,196,0.00017836081469873376,9.990059234355654e-05,6.952984860929341e-05,2.7779679501962784e-05,0.00011357036793865984,8.920926867636035e-05,7.921420091493376e-05,4.688001899195935e-06,0.00010611956899174679,7.32917298100789e-05
ftsK,ftsK,0.0008404064293495339,197,2.40361239339672e-05,9.063085695728239e-05,0.00011522667889592121,9.908858480426312e-05,0.00013838279030935538,7.544365292780066e-05,7.936542432324223e-05,3.474976360770706e-05,0.00015674931658410813,2.673323700588665e-05
abgT,abgT,0.0008392447284260602,198,9.561329565893393e-05,3.887479948964214e-05,3.6737794176876894e-05,8.096861379113638e-05,0.00012467704243617386,0.0001461687313782714,4.53150335265858e-05,4.433307401709394e-05,0.00014411322057206148,8.244312337928437e-05
pphA,pphA,0.0008368540774135687,199,6.714700468028975e-05,5.712627418116704e-05,5.372613989273903e-05,0.00022396343288243203,2.211711842313513e-05,7.87976523086435e-05,4.510738179178413e-05,7.420407785320837e-05,0.00010533215099065973,0.00010933284440950996
yneK,yneK,0.0008358725443875949,200,8.500681155538261e-05,0.0001281327620544371,0.00012667384337841832,3.6277961085735354e-05,1.995095782012002e-05,0.00011580068694927174,9.010059308989407e-05,2.617960418398525e-05,7.12129587362873e-05,0.00013653636553406315
ybcS,ybcS,0.0008356513183295347,201,0.00012911457397397476,1.1572799462957554e-05,1.0534571453842184e-05,5.4572280971527984e-05,0.00022031953496967117,1.2892554124722437e-05,0.00016093519558096835,4.61226987106838e-05,0.00017109451296234567,1.849259611884075e-05
ydcM,ydcM,0.0008330164060702882,202,7.237203641762546e-05,2.8330801794977805e-05,1.2301072500912053e-05,9.215376927002096e-06,0.00016740584159498,3.133096770759094e-05,0.00013592175687624636,0.00021578138171354078,6.809605709022768e-05,9.226111344718512e-05
ycjN,ycjN,0.0008329345209911734,203,0.000112120253166147,1.723949833587176e-05,7.088825544497407e-05,0.00013782264819669715,7.557285956309296e-06,9.662897136924826e-05,0.00011612720028200419,0.0001460173756458276,7.559841357998034e-05,5.293461901411373e-05
speC,speC,0.0008313265740774777,204,0.00020358175728343796,6.446693250628737e-05,8.6581101863055e-05,3.1708852995288574e-05,0.0001309753125806972,2.55143319025117e-05,0.0001535778814213606,9.872432283308597e-05,1.7848823507734267e-05,1.8347257184019082e-05
ydiP,ydiP,0.0008285958343445168,205,7.613967402462704e-05,8.869940153922285e-05,0.00016316564461575457,0.00017465572947412012,8.663835691336874e-05,6.763364623142381e-05,1.563773234805364e-05,6.80935970104756e-05,6.008918222615777e-05,2.7842869961312534e-05
alsB,alsB,0.0008278270860433694,206,7.179560439357382e-05,4.311009032883019e-05,0.00018255905181979878,0.00011819043351082762,5.8526101157355396e-05,7.680068672830796e-05,6.162975667907995e-05,6.60987778309452e-05,6.321888825351855e-05,8.589769534113201e-05
yabI,yabI,0.0008270035504926466,207,7.003573237833151e-05,0.0001402940927692532,0.00012589935530346236,6.271285964293091e-05,0.000146818973135044,3.810140063918466e-05,5.76500928607318e-05,2.3457263964034562e-05,1.0170230756313713e-05,0.00015186354904335976
fepE,fepE,0.0008266112458467502,208,0.00016651717085548843,3.9600021039413356e-05,0.00010304584117624933,2.9111836152120168e-05,0.00018151593747716291,8.217042689046146e-05,8.217992318918074e-05,8.35927920642038e-05,2.5661648798156666e-05,3.3215648204313345e-05
fusA,fusA,0.0008261546331132273,209,0.00044113896277256576,6.531012875121326e-05,1.2869257287632075e-05,5.241254172651998e-05,2.8132035799604306e-05,5.351333899072698e-05,3.7111991567588635e-05,1.7119842298957704e-05,3.306061806218179e-05,8.548591585623686e-05
fliA,fliA,0.0008256504464342347,210,0.00014470158525272422,1.0228669973031835e-05,9.971864075860878e-05,0.00025647507906449636,4.8137829722627346e-05,6.131707284155391e-05,8.389788416754899e-06,6.43265442234802e-05,4.878207784029747e-05,8.357315834065966e-05
yedV,yedV,0.0008250999146264656,211,8.357737144731991e-05,5.06401406245654e-05,5.5771398377645906e-05,0.0001397951541187516,0.00012223866327673672,8.182786721304371e-05,9.497745506580906e-06,5.849724443101073e-05,0.00012357248696711308,9.968184266369767e-05
tdcA,tdcA,0.0008244907110430042,212,0.0001424980776217534,4.053937044940866e-05,3.63196620196048e-05,0.00016177307284139428,9.03440538549764e-05,0.00018887598054746616,3.945440016192357e-05,6.80256492402022e-05,4.717585454708317e-05,9.484589759191708e-06
trmD,trmD,0.0008224595497967955,213,0.000217508571511224,3.7100136938125655e-05,9.458338993680211e-05,0.00018903915430692792,2.4599828219203586e-05,6.193076950505992e-05,2.7181879473659988e-05,2.1564236461884347e-05,4.861924421392933e-05,0.00010033233922997884
rffA,rffA,0.0008205789429256268,214,7.623760089574924e-05,8.278994594204313e-05,0.00012581347402564115,0.000145313574183392,0.0001570333064297312,0.00012668463427801011,5.529373830698489e-06,3.987454309325055e-05,3.668988098997139e-05,2.4612609257139572e-05
bioA,bioA,0.0008205143579028542,215,5.332739885207844e-05,5.33892055847353e-05,7.441825241941995e-05,3.7227966216360147e-06,0.00015937035630502012,6.142212164059454e-05,0.00020842603924844095,7.067171901733556e-06,4.510727237583421e-05,0.00015426374295336124
zipA,zipA,0.0008205009015555684,216,0.00024055418769687855,0.00013316946332984556,0.00010803713443187208,8.735126751831913e-05,1.7202073346971047e-05,3.559130276570488e-05,8.948933430273537e-05,7.237977861867824e-06,9.645034432215306e-05,5.417815979220958e-06
cheB,cheB,0.0008197616371589024,217,0.00024102465969501539,8.580056742177557e-05,9.414990774431644e-05,0.00013570000328497767,0.00012821140349851876,2.697542567337878e-05,3.964347333144903e-06,1.445116512656286e-05,7.663115726616142e-05,1.2853000115050697e-05
rpsQ,rpsQ,0.0008194251132711531,218,0.00041319120879781214,4.241529130723421e-05,1.7410542888188235e-05,3.203464580762859e-05,6.344038565621027e-05,3.2968910310620856e-05,9.147581506868232e-05,7.339425587008751e-06,8.138589250846055e-05,3.776299533930721e-05
ygaW,ygaW,0.0008174568367823208,219,4.1332512523423756e-05,7.713725775480779e-05,7.62950972816968e-05,3.654351624256741e-05,7.827584949464655e-05,2.630233564478342e-05,0.00015221937754795678,3.986234472326617e-05,0.00015589380396960933,0.00013359474159956264
aspA,aspA,0.0008172076321700792,220,0.00017610099804630947,2.8596510979822713e-05,4.448305366920287e-05,5.3900041281374155e-05,0.00014129560654011858,7.471781788840827e-05,6.49031982941138e-05,0.00011697679575336694,6.975703299558747e-05,4.6476576721774944e-05
yfaQ,yfaQ,0.0008147099683012372,221,0.00012439914461857233,2.161041351025078e-05,9.190640562202038e-05,4.3719255632130765e-05,0.00010210567407015161,2.755569908294479e-05,7.395572795153327e-05,3.0918213499889444e-05,0.00012585145419551674,0.00017268798011822712
yciF,yciF,0.0008131673356920709,222,0.00010026832354287176,3.938183564486574e-05,0.0001087323961465308,3.70349255048305e-05,1.5834729681980533e-05,0.0001271567401512287,0.00020102778987979175,4.89473445895289e-05,8.618906322074714e-05,4.8594187329694985e-05
gldA,gldA,0.0008130366067026979,223,2.9210331699099668e-05,0.0001734701697280475,6.665396510760076e-07,7.2908762922186166e-06,5.1441402764704784e-05,0.0001887029842946952,0.00011341968216591876,9.331272788838351e-05,6.552239972931841e-05,8.99994924892355e-05
mdtC,mdtC,0.0008124911968120316,224,8.601735446283655e-05,0.0001042792683274749,4.511647126716893e-05,0.00011900106488811796,5.3869385379128215e-05,7.371506059055931e-05,5.069331729999821e-05,0.00011939758006717414,7.743660645917144e-05,8.296508807040183e-05
yjbB,yjbB,0.000812341445109259,225,8.27855741074639e-05,5.793730272187582e-05,7.06314470843545e-05,3.856125363503603e-05,5.893595691676467e-05,0.0002067902002024529,0.00013086489426801588,3.390192141863349e-05,0.0001069772586416208,2.4955636113041087e-05
rep,rep,0.0008121538858258848,226,0.00012760373530255076,4.4317256106090805e-05,9.841952442154339e-05,0.00014500778753233573,2.8984991952829754e-05,4.527605824698462e-05,3.273440921662081e-05,0.00010874642614239607,6.974383968050137e-05,0.00011131985722403143
yfdE,yfdE,0.0008094896407655109,227,0.000108896370427272,4.826590210722264e-05,1.1400161980304249e-05,7.313035381791821e-05,9.05673520042924e-05,2.7867554564388225e-05,9.544878122157808e-05,1.5879931038078063e-05,0.00014642044943567392,0.00019161278416878302
yqhC,yqhC,0.0008059691524442504,228,2.095843998388001e-05,9.871194594551927e-05,0.00011520707237429717,0.00011583454759638957,7.25571950483288e-05,4.301699604612412e-05,8.822019358656844e-05,0.00010757270180566403,2.7057056501286822e-06,0.00014118435440735026
malP,malP,0.0008059126591980824,229,3.4291952038705555e-05,8.417282911738321e-05,3.4278306750984395e-05,0.00010397907978494451,6.957627255186248e-05,0.0001498424692993779,0.00014196341967487617,7.044901989356949e-05,7.966431881794171e-05,3.7694991268436965e-05
yraN,yraN,0.000804617545735292,230,3.280277778589035e-05,0.00015737013663112785,2.077861348205119e-05,2.615120946190053e-05,5.435822159031501e-05,0.0002378066894181515,4.595842213099557e-05,9.502975720102675e-05,2.793352476247633e-05,0.0001064281932713569
ymfP,ymfP,0.0008040631563690866,231,1.046130219932378e-05,8.301138121754097e-05,3.4231303336663105e-05,9.928348099902685e-06,3.7763956549128274e-05,0.00017314471908977302,5.449460988764709e-06,0.00014559122793813954,4.456892594100706e-05,0.00025991253100884334
rhsB,rhsB,0.000803522225387062,232,0.00014416421245070258,3.724563746916589e-05,0.0001743970481798993,5.1655769479309805e-05,4.177274022989924e-05,8.661242573121236e-05,3.986649311770811e-05,0.0001344740511711415,5.611898260447649e-05,3.7214864953546605e-05
YFP,YFP,0.0008030833106910066,233,0.0004474399297514832,9.986700321096014e-05,6.075317373809149e-06,2.5308613773220466e-05,3.501375515125117e-05,3.926383213586325e-05,2.5720265435980414e-05,7.916144113500011e-05,2.7164923926265643e-05,1.80682287971732e-05
yfhH,yfhH,0.0008030489307697412,234,9.400161682318523e-05,6.027963028472952e-05,2.8002486166643294e-05,1.5916641411038857e-05,0.00010338444206989558,4.066092769911686e-05,9.92638474347295e-05,9.865099727706616e-05,7.134214704584862e-05,0.0001915461945574875
yciM,yciM,0.0008027257752278878,235,7.470813633642256e-05,8.280282625658944e-05,5.099794719990608e-05,9.776913659629636e-05,7.459932806146174e-05,1.0407688304494029e-05,0.00010986789037407583,9.235577460683482e-05,6.164979164442889e-05,0.00014756725584737793
yncB,yncB,0.0008024585105523068,236,0.00010050949166739516,0.00012618778043007488,5.6098625558270254e-05,4.1579614329807134e-05,8.0185948201983e-05,7.609115268048754e-05,6.810591615472569e-06,6.564857517509696e-05,6.704968427322254e-05,0.0001822970466204969
otsB,otsB,0.0008018138298623257,237,9.641977130343028e-05,7.856657992925882e-05,5.890194697731744e-05,8.614811273067579e-05,7.674636036705345e-05,0.00014788771739354727,1.656095071582642e-05,2.670350620860333e-05,3.946514944861516e-05,0.00017441373478799762
ygcP,ygcP,0.0008004872596437814,238,4.702977943454955e-05,7.189029021427245e-05,6.829786666543506e-05,3.649013054875074e-05,1.3701172937477548e-05,0.00016431871477910845,9.63425529876065e-05,1.597391495185377e-05,7.145369473433516e-05,0.00021498914239039235
talB,talB,0.0007995863002422741,239,0.00014545145229905165,7.95156363290239e-05,2.9332128386803904e-05,8.419233131989228e-05,6.405170573282321e-05,0.00017345761465669755,2.0893022885955366e-05,2.4312025145838747e-05,8.401918946167927e-05,9.436119402450816e-05
LELOBEKK_uidA,uidA,0.0007990971086201925,240,0.0001819730212709177,2.585604907095764e-07,2.59755653913795e-05,1.6373212541859754e-05,6.690671873602363e-05,0.0001392197380055501,0.0001150920522663389,2.9382710888860498e-05,0.00010169001848748475,0.0001222255105410682
ybbS,ybbS,0.0007987512092407787,241,5.17059420096651e-05,5.655663885604592e-05,8.444454666742065e-05,9.109014240938432e-05,0.00019625866015193148,6.7161198321811514e-06,4.098437470143821e-05,0.00010594787837106536,7.938550840171802e-05,8.56613978399285e-05
rplA,rplA,0.000798480978122532,242,0.0004816132615243652,8.501859599231461e-06,4.906921927365826e-05,3.2184556690858344e-05,1.4990519811923288e-05,5.525744697439962e-05,4.8400239565162505e-05,3.926012590525699e-05,4.798515573722274e-05,2.121859304045363e-05
yebW,yebW,0.0007978902830981571,243,6.375840979681582e-05,9.45704328857419e-05,4.7346855763111785e-05,8.503808626034061e-05,3.2914950022375306e-05,0.00017627272061463342,1.3124483293470006e-05,4.159169083262102e-05,0.00010164808810233212,0.00014162456552671497
ydfT,ydfT,0.0007961919556333022,244,0.00011423683494588681,0.00012079186652380047,3.899937295280614e-05,5.8664872954895036e-05,9.612232796053925e-05,1.5161136740525249e-05,3.147648503391641e-05,0.00011729254961915599,6.79006221031925e-05,0.00013554588679858432
yibH,yibH,0.0007956924850030895,245,3.375375683794514e-05,0.0001904189884825462,8.331707427932732e-05,0.00011997364829765923,5.331015324067386e-05,9.158292976333192e-06,1.4082503704076735e-06,0.00021792266188448904,3.5615146526371864e-05,5.0814512107335865e-05
yiaY,yiaY,0.0007953182200004918,246,7.29130725570932e-05,3.301957817123598e-05,0.00010092437815340822,0.00010542976017489407,5.124241805175523e-05,0.00010236339083661731,0.0002002330684842126,1.4296144319426509e-06,0.00012204550312940472,5.717436009927816e-06
bglA,bglA,0.0007943476842125837,247,8.745568480388926e-05,7.418998655520193e-05,1.611906269586068e-05,0.0001935239645456803,0.00014318068269585248,2.3440973179045768e-05,6.578112330708316e-05,3.832960451327105e-05,6.0115635562937656e-05,9.221096635376118e-05
speE,speE,0.0007920443687399575,248,5.6274284199628766e-05,0.0001810033648898835,6.782667068527703e-05,3.568074722380208e-05,2.558836003754085e-05,0.00013508003954281015,0.00012110386879627979,1.9349592097416494e-05,6.269220840721079e-05,8.744523286010807e-05
ykgK,ykgK,0.0007917880445541394,249,0.0001256269018982581,7.503840777470816e-05,0.00011031346964519034,4.0507917274077966e-05,5.400876197204784e-05,2.6217449375702177e-05,2.497656986534805e-05,0.00011464365686530525,0.00013069433049974546,8.976057938375611e-05
yhdP,yhdP,0.0007910477401784107,250,0.0001603508177941504,4.957032445546498e-05,2.2758329111326345e-05,6.734204917262125e-05,1.3180915834678137e-05,8.818303176616815e-05,9.968599756643926e-05,0.0001573965689022587,9.119966265935456e-06,0.000123459739309368
lpxP,lpxP,0.0007909082686500087,251,0.00010346826123355973,9.588374287644463e-05,0.00022874778280289107,4.973632718546272e-05,3.2152033982836015e-05,4.7186607753787866e-05,0.00012920290700222986,5.5749441458350443e-05,5.645546799516207e-06,4.3135617554930106e-05
fur,fur,0.0007897757257007321,252,6.273334408925599e-05,4.2359450853825626e-05,4.753782673112353e-06,0.00014807116429610732,0.00016795948140391236,0.00014389664832800456,8.755782264262437e-06,8.660926831550108e-06,0.0001223219362224699,8.026320873823152e-05
yjjG,yjjG,0.000788777264368627,253,6.674498197679591e-05,0.00022491173008057464,5.3324497117787927e-05,0.00012518599705584293,2.303642074489597e-06,0.0001041607720063864,8.106560568501507e-05,7.829606020451123e-05,3.133639834188316e-05,2.1447579825340125e-05
yfeN,yfeN,0.0007876035441336051,254,0.00012006121708503358,9.502240642292738e-08,6.347794428815838e-05,0.0001093243057906773,6.514488069428804e-05,0.00019952409103852158,9.424140105726023e-05,8.816235357358782e-06,0.00011509575251827275,1.1822693897611507e-05
gspA,gspA,0.0007870767322753142,255,7.73721162062397e-05,1.322382991911703e-06,9.947140807535031e-05,5.0813530562451615e-05,4.0187992945927846e-05,0.00012933782547766334,8.548515614458298e-05,7.689010001009423e-05,7.567293438958838e-05,0.00015052328547150414
ftsH,ftsH,0.0007868164094342807,256,0.0002662687986219903,3.3658894800610074e-05,1.0373103117953621e-05,1.4907073084199198e-05,0.00013536990853452933,3.8235324098021385e-05,0.00011584939761253691,3.6709643040283196e-05,8.925501029469374e-05,4.6189256229463e-05
wcaJ,wcaJ,0.0007859510252585236,257,8.265204532360062e-05,0.00013748675297541946,2.7313426746484532e-05,4.341536799256022e-06,4.298208502669689e-05,7.861113161414338e-05,0.00015804703073412905,0.00010396081007046043,0.00014788042320650757,2.675782761825683e-06
dhaR,dhaR,0.0007855507128548919,258,0.00011957972661682655,0.00016303997907827225,3.2908585951689144e-05,4.291707758108537e-05,8.35190481605939e-05,0.00013156663345925159,6.276976174540653e-05,5.955066677711282e-05,6.932464819810829e-06,8.276676866484292e-05
yeiT,yeiT,0.0007851911010167767,259,2.3371154584847263e-05,7.33059646273571e-05,3.4924276587441596e-05,7.645742032648526e-05,4.879380186122108e-05,0.00014792911449138535,0.00016255759609213377,9.995832051635333e-05,3.2545329688114836e-05,8.534812224143714e-05
yjhI,yjhI,0.000784570768110139,260,0.00017883692924516783,7.062965882325355e-05,6.66448801336506e-05,5.377801585607926e-05,4.076449821108307e-05,6.223397823503888e-05,0.00011898163555075367,1.4617956537830139e-05,4.341685638371013e-05,0.00013466635913357192
fimA,fimA,0.0007834689235596828,261,4.206416463915764e-05,3.118916345301283e-05,0.0002538597842614749,0.0001560114497952227,8.62898367781851e-06,4.3073721751308844e-05,6.145045937705399e-05,8.838632850769878e-05,6.807875361300319e-05,3.072611448393132e-05
yicC,yicC,0.0007828196253223007,262,3.067853733857518e-05,0.0001623020138026741,8.236868115732177e-05,4.178064037004252e-05,2.6158707924055886e-05,6.269465312752227e-05,0.00012205048289802034,5.449149043424695e-05,0.0001911144908808681,9.179927388973608e-06
rplL,rplL,0.0007827549448273974,263,0.00031474002393193395,5.152009402144309e-05,1.4529668683795226e-05,5.6347533672164594e-05,3.5170733648376755e-06,8.000069909307128e-05,7.434587148855346e-05,6.723352796829718e-06,0.00015426473892204967,2.6765888852718603e-05
truB,truB,0.0007819840470993585,264,2.9074734777246893e-05,7.268227724763602e-05,1.4032780620464616e-05,6.722232501060056e-05,9.42554484492686e-05,5.492588446887877e-05,0.00010520002651243952,6.971226583872333e-05,0.0001496800351088916,0.00012519826906520857
yaeF,yaeF,0.0007815011207892588,265,0.0001779450440128686,0.00011334867393003065,8.113541944602163e-06,4.6682174088958735e-05,0.00010761859512637639,0.00013263997493746107,1.6511211793566952e-05,2.2893706221275205e-05,4.979006751513339e-05,0.00010595813121898565
pflC,pflC,0.0007790502211553873,266,1.9322485710116596e-05,9.678562009318316e-05,3.629883407166158e-05,7.515047400414669e-06,2.414549111540455e-05,0.00012603837502811599,1.0517476504160524e-05,0.00013751058339335015,6.0471592313690944e-05,0.00026044471552528917
yfcP,yfcP,0.0007786269899362526,267,0.00010568377549957394,6.245223444721684e-05,5.654751854839073e-05,0.00010324434336707878,2.1842147847390315e-05,8.875817735033798e-05,3.061540794941251e-05,0.00010715822525745804,0.00014080233322292,6.152282644647348e-05
ycaP,ycaP,0.0007775154710290689,268,0.00014845350248819227,1.368328138188601e-05,0.0001529084337267677,5.071061315060992e-05,7.982705227194255e-06,4.825208817577243e-05,7.051556159110536e-05,8.575242695599843e-05,4.0548028671153226e-05,0.00015870882966038935
gmr,gmr,0.0007764703463846387,269,2.918439558761488e-05,9.555851363769567e-05,1.954262605544271e-05,0.00019887409147586758,0.00013456162234420455,8.764954001837888e-06,0.00015798885756578219,3.121477822378992e-05,6.973825668157862e-05,3.104225081082465e-05
stpA,stpA,0.0007760690740095376,270,0.00013053916855433132,2.5366684660588885e-05,9.883569828755813e-05,4.45821457161424e-06,3.4593603033358206e-05,5.297047072999695e-05,0.00010591718643744226,9.576828196238729e-05,0.00013160262366148875,9.601714211077147e-05
rplJ,rplJ,0.0007743093351107126,271,0.00019782535606430177,2.5222815817123953e-05,0.00016813031294587305,0.0001432041810191558,5.154709827579126e-05,1.1299565462896442e-05,3.0170052090994262e-05,5.571227806256378e-05,3.191614217366036e-05,5.928153319835186e-05
rpsA,rpsA,0.0007731768488477007,272,0.0003478147979808486,5.215078639853894e-05,3.5104574371434706e-05,5.5494689684544095e-05,3.3692757680911856e-05,5.158564409532637e-05,6.219124834289974e-05,2.4225760501301916e-05,2.22357890198877e-05,8.86808007720068e-05
ybaQ,ybaQ,0.0007731429630788573,273,0.00020519164547666116,6.925835724858941e-05,6.350977407327532e-05,1.0750735565918476e-05,9.993741027304383e-05,0.00010031728616206398,8.673220972947307e-05,6.444253705830944e-05,1.800228575117403e-06,7.120277891640524e-05
ycdW,ycdW,0.0007727492839812582,274,9.56510427308164e-05,3.233866157090263e-05,3.3397154533102446e-05,8.417055280701218e-05,0.00011913475501203872,0.00012326977308484597,0.00014258688885070224,1.4226230315836942e-05,3.290662621503467e-05,9.506759886096601e-05
yccJ,yccJ,0.0007711851367638508,275,3.2744490877238566e-05,3.1915854231413777e-05,9.031242411493181e-05,0.00013418063887363877,4.064802154011546e-05,4.502045789794775e-05,5.358489390556965e-05,0.00010802635746246253,0.00012208302746113985,0.00011266897039939255
ybfD,ybfD,0.0007696610492408028,276,0.0001500566620909067,7.871945558224865e-05,7.951882652959274e-06,7.2938995623463e-05,7.670399332313982e-05,0.00019854901264979109,8.64587362209095e-05,3.231715086727553e-05,2.224444192287036e-05,4.3720718307238764e-05
hemB,hemB,0.0007695699547492441,277,0.00016281057739007786,2.9408144569345118e-06,7.962275531869982e-05,0.00011048891072125301,1.7956867791057925e-06,7.637935613476028e-05,2.059693834672514e-05,4.913072524644077e-05,0.00011170773558223806,0.00015409645477300888
rplQ,rplQ,0.0007686346502808829,278,0.0005606567851755358,3.429291106854018e-05,2.2426178074352043e-05,4.234482057314859e-05,4.6294925577382116e-06,3.9152036812672425e-05,3.648108717736147e-05,5.256509798455402e-07,2.412283841268257e-05,4.00284944900601e-06
ybeU,ybeU,0.0007685120075988673,279,0.00016476249846910244,4.860412827966428e-06,8.62476107184374e-05,3.898265150758469e-05,0.0001085271169897181,0.0001261356089982622,8.113867947555042e-05,8.336630738122301e-05,7.956228823853606e-06,6.653489240716911e-05
yffR,yffR,0.0007685020474487455,280,7.475661241572074e-05,6.921445958448179e-05,6.408531051721088e-05,0.00021736077811333333,1.8387256727292472e-05,0.00012425049817072124,5.786379027068729e-05,8.932509606333129e-06,7.518203103000589e-05,5.846880101295868e-05
ygjK,ygjK,0.0007684842965405489,281,8.980756515830935e-05,5.478273565561238e-05,8.715916401630531e-05,6.743454083010763e-05,0.00021853595237651297,4.7872159229722356e-05,3.959271222816259e-05,0.00011316786341767058,3.4627890521644916e-05,1.5503713106500892e-05
LELOBEKK_lacY,lacY,0.0007674056467037577,282,0.00019070278078408466,3.533828135876914e-05,0.00011996701136358263,2.5101771220274552e-06,0.00016182997163494007,2.6075968585162356e-05,3.052207824382558e-05,6.454193190035825e-05,0.0001310083758621321,4.9090698488754035e-06
glnH,glnH,0.0007670913973915524,283,3.350766629598306e-05,9.016317775532782e-05,8.507571498905832e-05,0.00012651405733207208,7.261803076652078e-05,5.4770811747101705e-05,0.0001125353938718783,8.503104672077118e-05,7.750392789419973e-05,2.93715700186394e-05
tsr,tsr,0.0007665135673300079,284,0.00021209953867733325,6.899289895147597e-05,6.695818278321903e-05,0.00011664468146089659,2.719221971299885e-05,6.198735956726995e-05,3.134267755230895e-05,6.17503563754967e-05,7.71425521335287e-05,4.240310011548007e-05
yfcG,yfcG,0.0007661242412992893,285,5.353507094056289e-05,0.00010047054918347946,5.12944838496655e-05,0.0001440943327719552,0.00017193195296345723,0.00011044815868061082,2.4145623378068143e-05,3.483688582260162e-05,2.8000013183509724e-05,4.736717052537874e-05
aaeA,aaeA,0.0007657723547506998,286,8.774532963043531e-05,8.778700024501625e-05,6.301965388833115e-05,3.1617109805409556e-05,1.044838727653076e-05,0.00012712039156942713,7.327476983952243e-05,0.00018925846968400004,5.315234163652724e-05,4.23489011755e-05
holB,holB,0.0007650987786964402,287,5.074889695828739e-05,3.7318455225309695e-05,1.2059230067040015e-05,0.0001174080673756591,0.00012908537884653046,9.829959065869809e-05,4.888886819431891e-05,6.75651753108816e-05,0.00011920909229956261,8.451602376015231e-05
cydD,cydD,0.0007650152285420345,288,0.00017742533177474127,6.670167255054967e-05,5.538337151253702e-05,4.0431261641063564e-05,0.00010163234186080363,8.981356695207225e-05,2.8869765113661686e-06,3.438811161450027e-05,0.00013220809659320474,6.414449753119593e-05
yidE,yidE,0.0007642538047492249,289,6.98803441150726e-05,7.381572173053315e-05,0.0001168274011417477,6.001774316359807e-05,0.00022733479963368036,2.709740737582899e-06,0.00012526115060662322,5.973727198350618e-05,2.2127921548858125e-05,6.541710088022772e-06
yliE,yliE,0.0007637514966514652,290,0.00010652878027448025,0.00013170508072162185,1.772913300968353e-05,5.807132834909952e-05,6.0694509209132114e-05,0.00015990863352954052,3.732415529233288e-05,4.43617072530532e-05,1.5297297674441563e-05,0.00013213087133807978
ybdG,ybdG,0.0007635911942056703,291,0.00013906079773041394,8.9924698422947e-05,8.672925899546154e-05,2.7973189304243415e-05,5.08660462934298e-05,4.266899825143378e-05,6.467076035635103e-05,6.285320991991423e-05,7.074180187894353e-05,0.00012810243305253212
yebN,yebN,0.0007632864048939651,292,0.00011878395156640787,2.949217419280778e-05,2.0036064726500875e-05,9.822710985773259e-05,8.95120170684499e-05,4.4181194057643526e-05,0.00015807282415433656,4.593668179549394e-06,0.00014071761210839902,5.966978898213767e-05
nikA,nikA,0.0007606512291493939,293,9.683372761620601e-05,7.489569696303827e-05,0.00021607571510167263,8.476885630553394e-05,8.045569291211145e-05,4.3452497272399294e-05,0.00011122084453962296,2.630706103724501e-05,1.4155431682033882e-05,1.248570571953047e-05
ygcL,ygcL,0.0007599211367398353,294,0.00018777110182052325,5.527448745288175e-05,0.0002217744716532951,3.6309734043407134e-05,3.1070980255540116e-05,7.300355534892762e-05,1.6923006865138067e-05,2.621076603078109e-05,8.428808862582845e-05,2.729494464351271e-05
phnK,phnK,0.0007595985218545134,295,0.00011234117465242437,0.00015963821758640704,5.938454659067775e-05,3.353021480999926e-05,3.171809384211732e-05,8.664832881434994e-05,0.00013744085725132742,7.315145806777195e-06,6.567555482101159e-05,6.59063876794216e-05
ycbT,ycbT,0.0007585882496196955,296,0.00010246916446412912,2.7814302049774273e-05,6.635739548731919e-05,9.993481586158102e-05,5.239859923993243e-05,7.26862701875235e-05,6.739825515335251e-05,8.495304009944481e-05,0.00014060940717215505,4.3966999904483673e-05
phr,phr,0.0007567833869065304,297,3.0288198696771925e-05,0.0001558410462924157,6.836181611993982e-05,5.315995484644684e-05,9.30527036875169e-06,0.00014102283554858646,4.487177183440361e-06,0.00014739871968358576,0.0001137648615915289,3.3153506575063004e-05
yqeH,yqeH,0.0007562081327380026,298,0.00023441936727926693,5.456366622254268e-05,8.20024711682088e-05,7.2867364222695295e-06,6.785049508557502e-05,4.327942604167872e-05,8.751115025104865e-05,5.896545978615572e-05,9.852311531982131e-05,2.1806245161435384e-05
rpoA,rpoA,0.0007551940680942851,299,0.0004885390096241411,7.841901714589714e-07,4.590529398554868e-05,8.600461663888223e-05,8.426874640847445e-06,1.0782385957016107e-05,1.534439497888806e-05,2.5640710212920153e-05,3.762020841663388e-05,3.614638346794858e-05
rplC,rplC,0.0007551368947953431,300,0.00036188084824602705,1.3333975477340193e-05,3.1739240842992465e-06,1.2815286260527498e-05,5.295505617541908e-06,7.312870440886497e-05,3.440109951890569e-05,3.3227949859658993e-06,0.00010027172752942455,0.00014751302866644606
bcsB,bcsB,0.0007548684554299391,301,4.395882211590032e-05,6.437107403124913e-05,0.0003123499474347816,5.438881591334748e-05,1.897779833211811e-05,6.229346660583768e-05,8.336462669485531e-05,2.207560616737506e-05,3.966926942239328e-05,5.3419028712081145e-05
paaE,paaE,0.0007547888105837314,302,7.278572936351627e-05,1.9420214680622905e-05,0.0003096113333860499,0.00013082059432770445,3.097357240617796e-05,3.99978737843578e-05,0.00010027868365045308,1.6930790920034346e-05,1.6200245679800821e-06,3.234999349683463e-05
azoR,azoR,0.0007546831987897073,303,6.871696135469217e-05,7.076579720291053e-05,8.062063587050325e-05,0.00011064148372946501,8.654414220896784e-07,2.7718853223793577e-05,0.0001498137716296312,9.133168481593892e-05,5.8127051996369464e-05,9.608151754431341e-05
nfrB,nfrB,0.0007539687527111379,304,4.654790383214636e-05,9.572181070849425e-05,0.0001388479948046343,5.620827957746239e-05,3.136462494902636e-05,7.390052525268906e-05,3.6375555308180545e-05,6.021495292807592e-05,0.00010589029234489416,0.00010889681300553457
recQ,recQ,0.0007538343227855018,305,0.00014786568217866876,6.544643741644505e-05,0.00013598962351921417,6.239987542845317e-06,4.8457816767187027e-05,0.00010727541318717353,3.1365272164650235e-05,0.00011028224717535498,4.215400572330577e-05,5.8757837110656895e-05
ais,ais,0.0007514532407522892,306,2.4586007763049875e-05,0.0001044249269983979,5.8074390395530875e-06,2.4803028260952456e-05,6.915592696968283e-05,0.0002293519833201177,7.598751926952063e-05,0.00010757167269244862,9.470988774213153e-05,1.5054848696434531e-05
caiF,caiF,0.0007514345102045643,307,5.3145389656186325e-05,7.306573270631292e-05,7.83247079228142e-05,7.88660270994939e-05,0.00016606995728068433,0.00012230454981251642,5.531514637659177e-05,3.5700515380416675e-05,7.633435635491149e-05,1.2308127614636352e-05
modA,modA,0.0007508421941553336,308,7.22400503764678e-05,4.151080858663625e-05,1.569664457808944e-05,0.00010447911606903557,0.00012843966053072896,0.00012032412576566258,7.386264210908904e-05,9.093034642470072e-05,4.528426782306091e-05,5.8074531891862375e-05
yfiC,yfiC,0.0007477344674667349,309,4.8703925401706854e-05,6.838186971663677e-05,6.48510949701738e-05,0.00010163625240570968,0.00016350167833938475,9.84875012978752e-05,4.935111010049744e-05,3.965974822139658e-05,4.142031309513342e-05,7.17409739182205e-05
sohB,sohB,0.0007474710419400949,310,3.838842242440379e-05,0.00011490493046158304,0.00011744865675607161,5.79098986695313e-05,5.0002396378553956e-05,0.00020499912362368072,3.639637938255711e-05,5.271890973270845e-05,8.765523369988403e-06,6.593680114101658e-05
sdaC,sdaC,0.0007451805627510198,311,0.00019259137369829463,1.9674659160659305e-05,8.511985215307598e-05,0.00011723937228411541,7.428524444780356e-05,1.0998954756545739e-05,8.747934037720633e-05,4.9365874026368695e-05,6.023582915959978e-05,4.819006268735031e-05
ynbB,ynbB,0.0007443912626982636,312,0.0001900259524657389,6.962522780769316e-05,3.6781828062038805e-05,0.00010841185910656733,7.11795657056526e-05,2.674951876931888e-05,8.991124172918443e-05,2.1005323621385267e-05,5.8085476717807154e-05,7.261526871287696e-05
ygeR,ygeR,0.0007438248742987744,313,7.189776268525803e-05,5.579832678218296e-05,8.334841128046692e-05,6.711293955329483e-05,4.645519697748416e-05,4.1308858703518975e-05,2.6242362622672247e-05,4.448939878282194e-05,0.00020839284734623613,9.877876956483821e-05
glmM,glmM,0.0007435879428913187,314,7.014692490559869e-05,0.00010942978791871337,0.00023451083453312007,5.42934207473731e-06,7.047825417866558e-05,7.407695384208934e-05,7.49436557276891e-05,1.609393956539269e-05,2.541540563445578e-05,6.30628445108568e-05
cspC,cspC,0.0007425211504556178,315,0.00010443028296410115,3.396139695045313e-05,3.28038770931133e-05,0.00011325640233797285,9.60663132508005e-05,0.00015487762045017785,5.9514580039858084e-05,0.00010693414676762612,7.662554726965985e-07,3.9910275128818303e-05
ybhD,ybhD,0.0007418511926899058,316,0.00013306327306031535,1.187133124579531e-05,0.00011887538316023697,5.0327031292270344e-05,6.475776309149111e-05,3.958905162737935e-05,6.11094933519005e-05,0.00014526504692692543,6.853675324838554e-05,4.8456065685205896e-05
hyi,hyi,0.0007417881825885638,317,0.00012659929467812774,6.413878492679025e-05,5.677155380455879e-05,4.9703624125585735e-05,0.0001112524360129704,0.00015091253845533943,6.628640737699025e-05,1.9180457769792466e-05,5.023986963795541e-05,4.670321580045324e-05
ppdB,ppdB,0.0007417876254731516,318,2.874899593331241e-05,0.00012146032086002271,5.083803070774588e-05,9.848550058541683e-05,4.467392964426466e-05,2.1553349942268537e-06,0.00010893576429478069,6.578539735034621e-05,9.514467994129482e-05,0.00012555967116174052
yqjD,yqjD,0.0007417692152263693,319,0.0001241200117100312,0.00011574856911817924,4.84607413382833e-05,0.00014476306472502946,6.327766127554756e-05,6.332236756163395e-05,6.420399948872263e-05,2.680829450326676e-05,6.250118718074389e-05,2.856331832493118e-05
mcrA,mcrA,0.0007416742781318014,320,0.00013056676557888749,0.00016274643746518278,1.123779991093016e-05,1.708211016244715e-05,4.6887760489319725e-05,4.5025356930118935e-05,0.00013042711149455013,7.065989309266859e-05,5.075188908695153e-05,7.628915392074495e-05
envY,envY,0.0007398363451816797,321,0.00015118415218816857,8.182603290983123e-05,0.00012106522034406655,5.856208232342445e-05,1.2541815699577872e-05,8.646729910231474e-06,0.00012887778158410338,0.00012036909489976982,1.7629286709589386e-05,3.913414861291692e-05
rpoZ,rpoZ,0.0007391654334260082,322,3.0323086690111372e-05,4.008163818156832e-05,0.00011403842213506339,1.4820038301283176e-05,0.000163669935751568,0.00011992119884141045,3.960587783640331e-05,2.6324335168842856e-05,0.00011993976033193029,7.044114018782688e-05
mltD,mltD,0.0007377356285745272,323,8.112242589196311e-05,2.675928545515347e-05,5.405067885240533e-05,0.0001224151086991993,9.298042587265998e-05,0.00010151461014734507,8.14272385403373e-05,0.00010027712222527094,9.479132169645898e-06,6.770960072054663e-05
rfaG,rfaG,0.0007377042955306595,324,0.00012391537942608847,4.05306187698887e-06,4.999440203003111e-05,1.2679817282968103e-06,0.0001368801449523874,6.12896866488111e-05,0.00013899863307218158,8.673694830304764e-05,2.9114877606376076e-05,0.00010545317988645047
ydcI,ydcI,0.0007374310077913648,325,0.00010926996838862387,4.613072703315872e-05,6.775818517464325e-05,6.0437035983405286e-05,0.0001772287840116021,7.989149709468224e-06,0.00016671168108381296,5.962329012030158e-05,8.44370274073841e-06,3.383848354561036e-05
ygaM,ygaM,0.0007370338157469834,326,9.096650186754074e-05,9.571290144450346e-05,3.620865330013695e-05,3.724450157167141e-05,5.907139230159816e-05,0.00011618684767457718,3.677473132261366e-05,6.551579188325984e-05,0.0001572109233581946,4.214157102288747e-05
yadN,yadN,0.0007366696623806455,327,0.0001366902962280777,1.4495357887250311e-08,5.242160021012934e-05,5.9290572613384914e-05,1.9517856046274668e-05,3.0142192432230697e-05,0.00016884879086652218,0.00010640413797318609,0.0001102080910001378,5.313162965281483e-05
LELOBEKK_mpaA,mpaA,0.0007348123130593517,328,0.0001477589203384657,3.0436433919588247e-05,6.856436135871044e-05,8.516302205208796e-05,3.0020822872921875e-05,1.5878930284926285e-05,4.744532880320329e-05,0.00017277465053044122,0.00010011978489608731,3.665005800291932e-05
prc,prc,0.000734494325017525,329,6.430034046839265e-06,2.318112137248112e-05,9.524926364653568e-05,3.625771438161492e-05,0.00011275917746909515,3.741732790557776e-05,0.00017498517462595595,1.2144059513008961e-05,8.915775391309364e-05,0.00014691269814332255
yhcO,yhcO,0.0007335859748559256,330,7.552293545416082e-05,7.997136283243867e-05,3.105054628808064e-05,7.74176857239602e-05,6.85874695825114e-05,0.00010174614287048585,6.982471270554955e-05,0.00010438246117353864,7.70861902888252e-05,4.799646793637465e-05
nfrA,nfrA,0.0007333946300981496,331,0.000162887397961598,5.388283942422118e-05,0.00012687938108943252,1.4399878210765991e-05,3.840502820409895e-05,7.89404994268709e-05,0.00011502445570689342,7.163824510745057e-05,5.373015166640789e-06,6.59638898001773e-05
asmA,asmA,0.0007332716462066756,332,2.731703034271956e-05,2.4693536348883742e-05,4.6311069549491584e-05,0.00014134467339017636,9.954841626780205e-05,2.7980348259255055e-05,5.600723172507395e-05,5.838447123326895e-05,0.00010512713683189698,0.00014655773225810743
yafM,yafM,0.0007322567632658666,333,6.174560193960742e-05,9.33121858799288e-05,0.0001343611432616098,5.2605379302498334e-05,2.0860041316994077e-05,3.8572784255528435e-05,9.953044234756625e-05,2.2618056380957018e-05,0.00010085531873163902,0.00010779580984953739
rplF,rplF,0.0007321541809827792,334,0.00033558415611259154,3.862999542718512e-05,3.2922363067880963e-05,3.1606085943159783e-05,5.950404596518853e-05,1.7082074597492517e-05,5.177328491225431e-05,4.15237883327413e-05,6.589360524337114e-05,5.7634781380913787e-05
yjfP,yjfP,0.0007308000498147072,335,0.0001349110334653342,5.7969201606268464e-05,8.357756233130804e-06,0.00012782463881158524,7.179717744900874e-05,1.3593829306693974e-05,0.0001638716380112436,1.5811200564675627e-06,8.37646298586587e-05,6.712902501631607e-05
yffL,yffL,0.0007293540284189444,336,6.836546571666402e-05,0.0001336102649945874,1.4189722442552181e-05,1.4613624505597362e-05,5.0788574970896383e-05,0.00013326282004029607,9.48924942457186e-05,8.273849560491977e-06,6.964467235779193e-05,0.00014171253958434834
rimI,rimI,0.0007289938802517407,337,2.67304518589331e-05,8.78592581276114e-05,8.343730544651562e-05,5.920418825428176e-05,0.0001979021661772041,1.1040726587816336e-05,0.0001298882170229608,6.039168545788802e-05,7.6043162810081775e-06,6.493556503752138e-05
yadL,yadL,0.0007281563867060141,338,0.0001481306611827614,2.9498788434469314e-05,0.00016105460396796407,9.441795316129493e-05,1.661961805491151e-05,4.940832393987192e-05,9.992629215010324e-05,2.2178814478789185e-05,1.8086013978107814e-05,8.883531735774078e-05
lpxB,lpxB,0.0007273359213173584,339,0.0001925142813675484,6.053801828223475e-05,4.9298138989847905e-05,4.015314720260515e-07,1.802266939958582e-05,8.293127317417712e-05,0.000140045924541357,5.1786206556833265e-05,4.033744335025142e-05,9.146043418349673e-05
ydaY,ydaY,0.0007271993680261926,340,8.869148830224047e-05,1.8485549555664227e-05,7.914437270383294e-06,5.4601080045764736e-05,4.174184314159774e-05,0.0001147601939551404,7.488870770720965e-05,0.0001434693865304745,0.0001442926158102536,3.835406570746404e-05
rnhB,rnhB,0.0007266164761978778,341,1.114244196116132e-05,0.00010535262221865441,2.8660748221979112e-05,1.6801181045658145e-05,9.356455331862665e-06,0.00011306253700205377,7.193689733798229e-05,8.984215932296206e-05,6.084789458912167e-05,0.0002196135391664424
rffE,rffE,0.0007264851362223819,342,9.920423208841368e-05,6.386565542196586e-05,2.0212888870337122e-05,1.2866210695982426e-06,0.00013944974960479462,7.949632265083228e-05,4.5100499651748414e-05,6.716738687230663e-05,3.900012828670845e-05,0.0001717016517056767
ydcA,ydcA,0.0007259961453709195,343,3.461122499157592e-05,6.794289968857961e-05,8.545096825106558e-05,2.8975918925990994e-05,0.00012959668855397566,0.00019769485998209817,6.892772524125712e-05,2.3634090356972065e-05,7.440866324662256e-05,1.475310613278184e-05
ypfG,ypfG,0.0007257139119589549,344,6.845074544152975e-05,5.349197561042951e-05,7.426255109048213e-05,5.5389090880943566e-05,9.027567574102635e-05,1.9224725915562264e-05,0.00010605367872289968,0.00011932651229721623,4.106339861423121e-05,9.817555764463419e-05
ygfG,ygfG,0.000725622677154885,345,0.00016456570324703302,3.15672069809059e-05,6.150821068799832e-05,2.7553026832091215e-05,0.0001937247624507715,2.001405908469923e-05,8.595018961165552e-05,2.1759837871163448e-05,2.7949134536073295e-06,0.00011618476693495945
dusB,dusB,0.0007244513141269551,346,7.081200619664767e-05,8.48838063212586e-05,5.1237231023898644e-05,2.5762424543751843e-05,0.00024578136205916844,6.139676793732215e-05,7.030137984639982e-05,5.813270510214175e-05,2.7570935505540535e-05,2.857269559082562e-05
rplO,rplO,0.0007241696158106733,347,0.0004816541923321949,7.044198027916253e-05,2.22580249183946e-05,1.0477259495113888e-05,4.710871366085709e-05,1.4303514937565404e-05,3.6275432651178475e-05,4.192235032616288e-06,5.812008491982496e-07,3.687706165439187e-05
iscR,iscR,0.0007213138298060761,348,0.00019967315241674528,3.801664483551493e-05,7.337450725022829e-05,0.0001405391518151093,4.554045641527655e-05,9.067043600325725e-05,4.507485638178736e-05,1.406409387800803e-05,6.956485766608784e-05,4.795673144061231e-06
yccM,yccM,0.0007186550821444364,349,2.7621358713524666e-05,0.00013225967815309433,1.7066197845324432e-05,0.00010432712069976636,0.00017138927350312478,6.377234905564546e-05,0.00010230618591497602,4.5912550662329886e-05,3.586268810350595e-05,1.8137679493144534e-05
dfp,dfp,0.0007182979757696622,350,2.8476004663650108e-05,4.442316547669217e-05,5.7595879790685345e-05,8.799433188326453e-05,0.0001075529905784948,2.1050404453628764e-05,0.00015097919690638134,1.9538940283759964e-05,6.637448808510971e-05,0.00013431257364799546
nuoB,nuoB,0.0007181465906408703,351,1.0242947000608985e-05,3.458520628139211e-05,0.0001949498433803909,0.0001377990142199074,3.5733983914511895e-05,4.625423838339989e-06,0.00014847755932356744,3.0530283340828645e-05,5.943418676876358e-05,6.176814257255936e-05
dnaK,dnaK,0.0007179851921128514,352,0.00024040171558223564,1.7929515188476546e-05,6.952105762867568e-05,1.1955532799011634e-05,2.4247795011793492e-05,6.435168888903701e-05,9.687412792443306e-05,0.00011400076018270997,2.7000855165570307e-05,5.170214374090803e-05
ybbD,ybbD,0.0007170469277756983,353,8.78368580870505e-05,3.893341567837036e-06,1.0740855383974009e-05,4.736708636155962e-05,7.953843287414772e-05,0.0001063311196755071,7.096196846475761e-05,8.952219332030687e-05,4.40958272923515e-05,0.0001767592447482064
ycbK,ycbK,0.0007168393350680133,354,9.393526196275557e-06,4.605029787698838e-05,0.0001062813128310741,8.937764541077239e-05,6.233232517538382e-05,0.00017431665187342616,6.67668092453014e-05,4.99502834095149e-05,6.295887837388443e-05,4.941160467539217e-05
ybhA,ybhA,0.0007167157344098046,355,0.00011064919887340765,5.620417881541089e-05,4.839009667384723e-05,0.0001082712121685677,5.9488311043760285e-05,4.181647340289513e-05,6.142054828586928e-05,7.033593608965343e-05,4.95692842095302e-05,0.00011057049484686271
elbB,elbB,0.000716410483768691,356,1.8920907261926805e-05,1.7907289564496204e-06,0.0001323451019507662,7.927800346099849e-05,0.00010014890811316334,5.894871169624211e-05,0.00020369765056753235,1.0242140600349883e-05,2.0413319175177725e-05,9.062501198608444e-05
LELOBEKK_appX,appX,0.0007154761761855274,357,0.00017936271423150957,5.0256457917607615e-05,0.00020035206807658996,0.00010485166301353248,4.806435287851856e-05,2.8480872956310986e-05,7.557359916135224e-05,1.8584699588569015e-05,1.0446556305799394e-06,8.905092730956894e-06
nuoM,nuoM,0.0007150899440704267,358,6.616393725138235e-05,9.245862934097833e-05,2.9203138412427676e-05,9.552998669593244e-05,3.053650354932782e-05,6.853748477356333e-05,0.00012635528745537114,5.887647040065009e-05,2.423401658436954e-06,0.00014500510453235654
ygcW,ygcW,0.0007148598126453042,359,0.0001379921652079061,7.851807768029313e-06,9.669310814636426e-05,0.0001263659459906292,5.574361720139389e-05,3.213683570656676e-05,1.6467020472348565e-05,0.0001352831043366633,1.6109855438579033e-05,9.021635237682389e-05
thiI,thiI,0.000714730823475016,360,0.00010269629588735138,0.00020956920461746406,1.3896847431862993e-05,5.5715702560194284e-05,2.344826248665906e-05,4.7399364917553496e-05,0.00013131577994743835,5.715648537492593e-06,4.0444898379735466e-05,8.452881870926435e-05
rpmC,rpmC,0.0007139407207191219,361,0.0003651727699903564,1.641076547294164e-06,7.394594775810703e-06,1.397216193452026e-05,1.2011061883092008e-05,0.00014889085187310758,6.041662660416176e-05,7.837738674308045e-06,1.453473588590612e-05,8.206910255056489e-05
ybcM,ybcM,0.000713752616784132,362,0.00010867778880370264,8.97307586331765e-05,3.7411120486324285e-05,7.953338164456495e-06,0.00010627827554435178,0.00012499313249025894,8.785420551843074e-05,1.878592059313816e-05,9.071811518419424e-05,4.1349961366098166e-05
pheA,pheA,0.0007136199893350218,363,0.00014392656621827643,5.50388724803345e-05,5.937446778306533e-05,2.0312363248868655e-05,7.5979840164521305e-06,1.6531848379523806e-05,6.752710970675229e-05,3.364476620460484e-05,0.00020734927774346273,0.00010231673355368111
yqeF,yqeF,0.0007122315209182418,364,5.601511776349133e-05,3.7778813800899115e-05,4.3642956319336715e-05,1.370325812990694e-05,2.2647912444388517e-05,4.090115597880585e-05,0.00013293023808699374,0.00010968425609585289,6.568559981383894e-05,0.00018924221248472779
spr,spr,0.0007122303049126943,365,6.630295446328081e-05,7.915818597435234e-06,8.04405470973657e-05,0.00012446950515506734,0.00010814259604698489,7.506933480012492e-05,0.00010660920171411119,1.77929265086187e-05,3.815802646658834e-05,8.732939406311721e-05
yjeJ,yjeJ,0.0007110034599587818,366,9.10442865579657e-05,6.962093839747033e-05,8.787242460680043e-05,8.408967748877289e-05,0.00011571676119983904,5.216295816995623e-05,0.00010435573242381817,5.386793834753605e-05,4.263804756354086e-05,9.634695203081986e-06
rpsG,rpsG,0.00070873131115805,367,0.00015146404971399046,0.0001061756139942442,7.746209285509339e-05,2.3489503933658943e-05,9.510529351539912e-05,3.2767786401084476e-05,2.9093430474306924e-05,2.1114443900433933e-05,9.681927114713047e-05,7.523982522270814e-05
yfeW,yfeW,0.0007085662287132973,368,6.666662027392919e-05,9.813575831710992e-05,3.964376733123042e-05,4.437462604958254e-06,0.000140795360426409,0.0002098254731931749,1.0937180322659206e-05,1.857262199292935e-05,5.8736411892776446e-05,6.081557235812053e-05
sbcC,sbcC,0.0007085450580338753,369,7.179376120117896e-05,7.337418701178619e-05,0.00010736533667031207,0.0001526229720872993,1.2825047601646549e-06,4.868873871024406e-05,9.358019138045458e-05,2.8137440352881565e-05,0.00012231048669307876,9.38943916647514e-06
intF,intF,0.0007078995959418924,370,0.00010535094289776877,2.7877908042110112e-05,4.997345745605929e-07,9.078913439650077e-06,4.226116319541522e-05,1.4371184437189612e-05,9.221555541764888e-05,0.00015127506272906408,0.00016355464462383405,0.000101414486584651
ytjC,ytjC,0.0007077372934694739,371,5.270522930149837e-05,8.165319565660001e-06,6.014539433170845e-06,5.7121119382939844e-05,2.9119322607063117e-05,2.1058909314770393e-05,0.00011342386323193677,3.4690157679778565e-05,0.00023682798098304756,0.00014861085196960855
rpsE,rpsE,0.0007068084294422343,372,0.00044224715990054457,1.332390926223146e-06,4.1422667076875025e-05,2.0165972384674436e-05,5.351195270156481e-06,2.3047312656938088e-05,9.567224270125963e-05,1.5159645369108229e-06,6.195085872471115e-05,1.4102665263940925e-05
ycbR,ycbR,0.0007065145991730628,373,0.00013057276461682192,5.5572575720471455e-05,5.588694509445092e-05,3.729553845801993e-05,7.88509906302257e-05,7.200768769620848e-05,6.39873036611636e-05,2.992913373469761e-05,0.0001761828037219215,6.228855839081676e-06
eno,eno,0.0007060151020071838,374,5.638690437124196e-05,5.285278789172243e-06,0.0001021465228802402,0.00016276161664822248,0.00012820096694226473,5.076006088903923e-05,5.317341369353529e-05,9.837423097870478e-05,3.0419936901819287e-05,1.8506169912943492e-05
purU,purU,0.000705789441733676,375,6.208389025935942e-05,5.743477218216848e-05,0.0002024998094097885,0.00011530927213223014,7.000820654680436e-05,3.3642591769234906e-05,4.967755214541875e-05,6.75257977943546e-05,1.0217825976068533e-05,3.7389723518248356e-05
ytfL,ytfL,0.000704489037502663,376,9.744551588094956e-05,0.00010176049024504042,7.448318008509124e-06,0.00010133009909373824,8.770056961410377e-06,6.251568977531877e-05,4.75002833758943e-05,3.957370692011465e-05,0.00016227418242954276,7.58706948121448e-05
clpX,clpX,0.0007031878742275868,377,0.00015767128681589405,4.877746914506865e-05,1.7554027353854826e-05,1.125727710978597e-05,6.338320545309539e-05,9.588789202461036e-05,3.142342508805622e-05,4.9975951956648094e-05,0.00015232272312154163,7.493461615903166e-05
fliC,fliC,0.0007025539173689279,378,0.0001591333462659488,7.153121517010752e-05,8.702239768248399e-07,1.552709707892081e-05,7.8065047922583e-05,9.45380609892034e-05,6.31458240515805e-05,6.579876147709917e-05,4.226069462294803e-05,0.0001116836458137118
ybcQ,ybcQ,0.0007023542646897125,379,7.198284083337399e-05,0.00018361809635739188,3.063009855328971e-05,2.8992835780617904e-05,8.530689956776489e-06,5.7140989564382034e-05,0.00015408301684575497,1.6017095315104794e-05,0.000117819220854081,3.353938062893972e-05
pinH,pinH,0.0007021950109470125,380,5.666523735714589e-05,2.205121203155394e-05,6.120620824797322e-05,1.964366990664902e-05,4.3764403681285e-05,0.0001188710785425202,4.2631035552692964e-05,8.040138029925501e-05,4.337390710394846e-05,0.0002135868782239889
pspA,pspA,0.0007018387036723533,381,0.00031432292967277617,2.491392032515597e-05,5.36704817106087e-06,5.722152622014074e-05,1.544615809833813e-06,0.00015816637333632212,1.3415898025957437e-06,5.370650369381584e-05,5.97465905141855e-05,2.550760612646657e-05
ydeO,ydeO,0.0007008689064316419,382,0.00010258570362362943,8.908080502303624e-05,5.380219923688453e-05,7.338763098793823e-05,6.0897652513099214e-05,2.2708834865292926e-05,0.0001147382801784301,5.972386653767838e-05,5.498439326087592e-05,6.895954020477698e-05
ydeU,ydeU,0.0007007873044279729,383,7.593890491237401e-05,3.7148610648381576e-05,3.37480970346259e-05,6.263462204454025e-05,7.338962009387196e-05,9.878316815378891e-05,7.523567588627168e-05,6.519458779437541e-05,0.00010458094685138239,7.413307100836076e-05
wcaK,wcaK,0.0007003660923014109,384,6.380128156541207e-05,8.803153826951225e-05,4.735282757833683e-05,5.0741893334444756e-05,0.00010507475763953881,1.0018707199072904e-05,6.913299689411472e-05,8.570310830646853e-05,4.8651302809237577e-05,0.00013185767870527252
yejA,yejA,0.0006990493101238238,385,9.826254907258903e-06,7.393975217661566e-06,5.62262864365563e-05,0.00012804489649423636,0.00012955122352384366,0.00011472420979879351,3.766827173420854e-05,3.402371907164454e-05,9.618096198778546e-05,8.540951095183505e-05
camR,camR,0.0006976730421373729,386,0.0002320091020400263,4.092684327064006e-05,4.7517125777502114e-05,6.643849951563212e-05,0.00013335580008854686,2.818123632884501e-06,2.1709637193040917e-05,2.284920042424122e-05,8.848440372751381e-05,4.1564306467344866e-05
LELOBEKK_atl,atl,0.0006972578547657226,387,3.5193881320518084e-05,0.00015620692713674809,5.448419064151802e-05,5.002905425233121e-06,8.95945531051906e-05,0.00010310428402568656,5.3271447427802137e-05,9.961591315231903e-05,8.434666087593345e-05,1.643709165477359e-05
narZ,narZ,0.0006970940811424642,388,0.00010349730044448448,0.00013007874153500812,5.2785304649961925e-05,9.196438231320883e-05,0.0001731548669667728,4.1457152184074844e-05,4.859358310059254e-05,8.281591075843187e-06,2.179893844868849e-05,2.5482220423828872e-05
flxA,flxA,0.0006970371904935731,389,0.00010982068303866144,8.569509154439743e-05,4.241970910997304e-05,8.422599687503306e-05,4.307132140274411e-05,2.3303201413256618e-05,4.844604188439695e-05,3.302219878967972e-05,9.127421463683007e-05,0.00013575873179860076
LELOBEKK_gpt,gpt,0.000696923339219118,390,0.00013213854428762592,1.372887751834204e-05,6.763785406830224e-05,4.7220822392511714e-05,2.563280029933316e-06,0.0001971085815597872,7.835064735620204e-05,5.68349563020536e-05,5.290492225257824e-06,9.604928347910201e-05
citA,citA,0.000696403720103348,391,4.563171589431356e-05,8.785395337605867e-05,7.742165645809717e-05,8.019710364932371e-05,2.953411384960482e-05,9.867751912541718e-05,1.858624337943338e-05,2.2132757786118137e-05,0.0001516701621083409,8.469849447664044e-05
ypdA,ypdA,0.0006947055099367034,392,0.00011628786022954133,3.5548461494973684e-05,1.9637999808206815e-05,9.63662127723764e-05,8.45773034144134e-05,0.0001631598804246747,1.196697507317162e-05,9.117477649225245e-05,7.513147895963482e-06,6.84728923311297e-05
frvR,frvR,0.0006937011587939964,393,8.735063944924554e-05,2.420261128614192e-05,4.346835436622049e-06,0.00010975860152999726,7.136224493202563e-05,8.965726933033985e-05,7.261864335414773e-06,0.0001996391723007289,4.3900099634932645e-05,5.622182055854778e-05
yqfA,yqfA,0.0006934129102600323,394,5.7746421485414454e-05,1.8387239601409038e-05,7.808195407401139e-05,0.00021424709931536624,5.50653479756743e-06,5.6700991700234074e-05,9.455314453168021e-06,0.0001276066232977484,8.054631706122401e-05,4.5134414473889304e-05
ygjH,ygjH,0.0006925348690529164,395,9.200055659616717e-05,2.7864882867585106e-05,1.5416180654101043e-05,7.221658901237238e-05,3.499672472283949e-05,0.0001223528109488867,0.00017088781527356125,4.554957045510433e-05,2.5247602720367624e-05,8.600213580193133e-05
lit,lit,0.0006918847601398411,396,0.00017669322771591452,4.274553612226724e-05,5.9216655782871e-05,2.5338830214966887e-05,3.594890761124958e-05,0.0001138339682270532,8.530966497110663e-05,0.00013623102443099488,4.715057996480081e-06,1.1851887066937072e-05
alsA,alsA,0.0006907502734809672,397,1.6055967611061298e-05,0.00011313366125797798,4.7845270148406934e-05,2.7711993069195506e-05,0.00018998494985260822,2.816110745654471e-05,2.1172016892391016e-05,0.00010937823923296443,5.232548259912577e-05,8.498158536069135e-05
xylG,xylG,0.0006907146405712832,398,0.00010806493155786337,1.4070910339752308e-05,8.374518251203425e-05,0.0001806321964734244,1.1096744531834793e-05,2.5165683126434215e-05,2.458080946205088e-05,4.980565600561149e-05,0.00012019450033724964,7.335802622502794e-05
pldA,pldA,0.0006893835290480258,399,0.00010259212982247976,3.561743313735656e-06,8.353687803380558e-05,8.891586720889629e-05,6.687202228889549e-07,6.40844981790118e-05,0.00014031815834955407,3.539005834949187e-05,9.83969038126594e-05,7.191857175550233e-05
cobU,cobU,0.0006892349010216788,400,4.409150368910896e-05,4.7778437887942935e-05,1.415657280662695e-05,0.00010485063998186884,9.447465878570886e-06,9.033613456607838e-05,0.00020243029969302,1.3885126073970245e-05,9.759394884967093e-05,6.466477159482081e-05
yfdX,yfdX,0.0006891185678015957,401,1.2590333162116501e-05,7.798730038601768e-05,2.9556668543131526e-05,0.00015825205896049285,0.00015691142419075707,7.970645786456576e-05,2.5356442863732088e-05,8.76474428075507e-06,9.493813210460974e-05,4.505500544541761e-05
rplV,rplV,0.0006890971855864945,402,0.00024770415102932616,1.0883159590627728e-05,5.3753315149008545e-05,5.668747886407876e-05,5.4792870909911984e-05,9.605878674406857e-05,3.536302769351761e-05,5.5398115277044916e-05,8.295055499860285e-06,7.016122482905e-05
ydjA,ydjA,0.0006890604317031303,403,1.9233454742950574e-05,4.90174006917048e-05,3.0348843399808473e-05,0.0001353423885444428,0.00015527859438639176,6.833276845449909e-05,2.7621986376183252e-05,2.9665782758943537e-05,2.9525494848319987e-05,0.0001446937174998861
adhE,adhE,0.0006890105923398508,404,6.358265339078056e-05,0.00012541820561108973,6.931546778162768e-05,7.717366358962174e-05,1.4024292661511626e-05,6.324137965672258e-05,9.912661777327436e-05,1.2500682706760552e-05,0.00011294682472211359,5.16808044463484e-05
nepI,nepI,0.0006889034080743819,405,7.571938862946194e-05,7.660101784290236e-05,0.00012069604933548532,0.00013276212441243204,0.00012734421067921132,4.781477651526891e-05,3.884736726854039e-05,6.02988162998041e-06,1.738002515481713e-05,4.5708566606281916e-05
panE,panE,0.0006881781381542664,406,1.338650322820763e-05,9.702034577134522e-05,2.0794197050037496e-05,0.0001222192915497697,2.7148873566256887e-05,1.9697742811390913e-05,0.00018408625495492517,7.399058307734742e-05,8.133163917024822e-05,4.8502706974737735e-05
gcd,gcd,0.0006880717438309171,407,7.49527785556866e-06,6.172323268125704e-05,5.796427836535356e-06,3.311964268075894e-05,2.285122566129318e-05,0.0001583197616015571,0.00018111058507484947,4.8362098243508654e-05,8.898914440074667e-05,8.030434779484194e-05
fkpA,fkpA,0.0006865876843355331,408,5.395511173739141e-06,0.00011297812033945455,2.439792259084375e-05,5.7061454446134235e-05,4.226756304144765e-05,0.00012351509357897808,0.00011981712673166705,0.00012427165477377802,2.4607307094892423e-05,5.227593056459819e-05
cysD,cysD,0.000686460120412161,409,0.0001892562443512305,8.41748221699513e-05,1.4706580149824217e-05,6.912492259017949e-05,0.00014824039455687784,4.4766233627515504e-05,6.631547915663482e-05,2.738058962309762e-05,2.3236267509915782e-05,1.9258586676934095e-05
rplI,rplI,0.0006859440649885948,410,0.0003223248736746055,4.733767405301629e-05,2.0711866727062617e-06,5.820132651546048e-05,3.131456190573278e-05,7.131930100789942e-05,6.478574798496913e-05,1.569513842147209e-05,3.1747582549561405e-05,4.1146672203171464e-05
yhcD,yhcD,0.0006854134193989984,411,7.668288403036273e-05,5.3617894303740605e-05,0.00010447370128965965,6.754096115851731e-05,2.6344579112381036e-05,9.484356197043045e-05,0.00015117896037355246,1.4490636122921868e-05,1.554272085475142e-06,9.468596895195722e-05
paaA,paaA,0.00068508557031532,412,0.00016391346427252138,4.951354575129984e-05,0.00013814181069723655,3.970003821029144e-08,7.696828683710896e-06,7.907508933539174e-05,2.9501203933175852e-05,7.237541756626668e-05,3.5706471526640934e-05,0.00010912203851086589
yeeZ,yeeZ,0.0006846993069101194,413,0.00012763950108888954,4.6289260653416464e-05,5.07715342518961e-05,0.00011408458580983516,4.646212554512076e-05,9.084977337278938e-05,4.392417016097073e-05,9.878732873129566e-05,6.036688127465583e-05,5.524146021249735e-06
yedS,yedS,0.0006844283012577997,414,0.00019257607156383154,2.0711308314034637e-05,5.635619918195092e-05,9.725366785726682e-05,7.114700461873618e-05,3.502064759586794e-05,2.8564826221074325e-06,8.508131414941004e-05,0.00010318321773946616,2.0242387615127848e-05
trkA,trkA,0.0006835338708067817,415,0.00010383914063583262,5.221611983173849e-06,4.838712807953531e-05,7.444753826001016e-05,8.383501083327334e-05,0.00010796679688301799,0.00013484737663376118,1.2409388684454259e-05,6.586102589013709e-05,4.6718852923585894e-05
fes,fes,0.0006834676231718164,416,3.1645709643256416e-05,8.756991870575255e-05,0.0001641414495542457,0.00011688394891463759,2.0129372602853966e-06,3.7874152303043065e-05,2.0498600540225207e-05,1.80753050730439e-05,5.4126506615286705e-05,0.00015063909456203989
gspL,gspL,0.0006822340735364678,417,0.00015090735929232976,9.21302009820981e-06,8.545213542174781e-05,2.8265156122180428e-05,6.880366487866796e-05,8.124816501991251e-05,9.247439465891328e-05,1.0806327698847507e-05,3.675894132446167e-05,0.0001183049090211972
rhaR,rhaR,0.0006816139127665313,418,0.0001321123119493781,8.437773089590464e-05,3.1482818434161434e-05,2.8093322154896225e-05,4.3558062264759645e-05,0.00010051020516920522,0.00012487315135995152,0.00011364586288983013,1.5978037721507394e-06,2.136264387629368e-05
yigG,yigG,0.0006809871950161815,419,0.00014097856297009393,2.099139743023756e-05,2.8903871317675973e-05,1.3655415116904729e-05,3.497133543350787e-05,0.0001400767803870629,6.506691331014594e-05,0.00010839538074419794,3.7749212845189174e-05,9.019832546116552e-05
phnJ,phnJ,0.0006804878222298957,420,0.00010210110922548692,2.46330199801422e-05,6.0406603716853186e-05,1.759634512003652e-05,4.098302207368266e-05,0.00011518673104738165,0.0002095855522455232,1.2845294656468531e-05,6.498080591029412e-05,3.216933825402684e-05
hokC,hokC,0.0006801142572210306,421,0.00020726515482224727,5.575697394453832e-05,2.86528232126363e-05,4.671981395970354e-05,6.0164801888720094e-05,1.4424040463463027e-05,0.0001465177518771666,6.417959461932148e-05,4.458774191392369e-06,5.1974528241841674e-05
yhhW,yhhW,0.0006794039535490516,422,6.098393969885663e-05,8.915501370174596e-05,6.359527444685763e-05,0.00015144008319659165,9.563570587117633e-05,5.838319296183316e-05,4.315577062003344e-06,2.938153947322134e-06,7.099836288898682e-05,8.195864977367805e-05
ccmG,ccmG,0.000678680328678884,423,5.400636369396455e-05,9.517119155129864e-05,0.00013626989133336324,0.0001615512339414366,8.770173096922538e-06,4.8334641954618595e-05,4.26812668888687e-05,3.507558429851565e-05,6.824575539568713e-05,2.8574226524208348e-05
menA,menA,0.0006780120436263074,424,5.1877111021135256e-05,5.741017862722634e-05,7.260427886913709e-05,2.2079836987596596e-06,0.00012636381223797308,4.05304293452943e-05,1.3685163255211311e-05,0.00015917021262603408,0.00012390785564824473,3.025501829729155e-05
recN,recN,0.0006778290469659592,425,0.00022446432639255527,5.848164833472496e-05,3.953926003974304e-05,2.5006747783152366e-05,6.448969400164895e-05,7.116097525639927e-05,8.17519194047682e-05,5.573695224566054e-06,7.327396734261687e-05,3.408681318578419e-05
aroM,aroM,0.0006778177910169473,426,1.3289026249277707e-05,7.307940443789017e-05,0.00010115189019106754,8.97012062109891e-06,0.00016552226610110023,9.004562317390982e-06,0.0001406159495189527,7.529921451559525e-05,7.99148084977375e-05,1.0970548566836341e-05
rplS,rplS,0.0006777010133794423,427,0.000176044427963378,2.144001502332824e-05,4.8903082238473046e-05,1.733483495758971e-05,4.7405204391803495e-05,9.83158450117489e-05,0.00013620300656405046,4.427875152291215e-05,5.225715920931069e-05,3.5518686496847596e-05
rpsH,rpsH,0.000677296359227803,428,0.00028138483532200533,0.00010103816807367418,8.376804396340785e-05,6.90101935994286e-05,1.8956090796256533e-05,1.618049925832036e-05,7.331743300951568e-08,7.383500399562002e-05,2.542388050369497e-05,7.626326282385676e-06
prlC,prlC,0.0006770779942247708,429,4.165348576815745e-05,2.885796948750633e-05,9.1178076385006e-05,6.415208834270177e-05,8.735398592327193e-06,9.946060644033907e-05,4.099702997363975e-05,5.7929013615548387e-05,0.000166409779305463,7.770454631408184e-05
yicH,yicH,0.0006761136496325764,430,5.7635080267627885e-05,7.167200085047453e-05,8.889865583744016e-05,1.2617744958960452e-05,0.00013681322891178062,9.526791165015212e-06,6.110632883281846e-05,9.442077125648627e-05,4.498134847835761e-05,9.844169907361506e-05
fabF,fabF,0.0006758387181432716,431,0.00024298734653224033,4.07871244108834e-05,3.732767338944841e-05,3.672552181504046e-05,5.761752035342339e-06,8.111737564067143e-05,9.93591370920034e-06,5.046604091574773e-05,6.23404334926603e-05,0.000108389536202037
ydfP,ydfP,0.0006747870085531903,432,0.0001353084857076596,2.784197080106195e-05,8.253478368359601e-05,3.2505496331546766e-05,6.695533297247305e-05,8.309661474982564e-05,6.432701136404207e-05,2.40457604122275e-05,0.00012686686942125735,3.130468310950037e-05
yjfO,yjfO,0.0006746025035440623,433,6.450132076692491e-05,0.00015637197768263826,6.011408844662653e-05,0.0001052027441568327,2.870815529691819e-05,4.665240606930928e-05,6.068278359945731e-05,5.1105751689194375e-05,9.20064976624246e-05,9.256778173736145e-06
ynjD,ynjD,0.0006739433271081975,434,6.174684598036889e-05,3.0518235230260544e-05,2.788981090839516e-05,2.5350282313620323e-05,7.403723912366283e-05,6.953084090807861e-05,7.681261449135313e-05,0.00010238323346616533,0.00010446351734753873,0.00010121070733875395
yzgL,yzgL,0.0006737827737726329,435,8.318637462708846e-05,4.3437520425944165e-05,8.13643708827757e-05,0.00010275239045293959,6.921288405909671e-05,5.775556682201533e-05,2.0954127183734247e-05,3.951939480748201e-05,9.867570031405928e-05,7.692444419749747e-05
xapA,xapA,0.000673414454423517,436,0.00011316484058445701,4.1537850062685186e-05,0.00012314052842647978,0.0001581807115553176,9.941469058636767e-05,5.2229359574776615e-05,2.705763665743892e-05,3.7448579488654973e-06,2.590554984192219e-05,2.903842918520659e-05
yraJ,yraJ,0.0006728894626021598,437,0.0001645435389686743,7.91789586633278e-07,1.2223986033865978e-05,0.00011825257338638612,2.0359837724643777e-05,6.661133276766666e-05,9.757163296819169e-05,1.865707864365735e-05,7.727796150380614e-05,9.659973101863442e-05
rcsD,rcsD,0.0006725904143521735,438,8.072848691658137e-05,1.7675303375550514e-05,0.00010930939037036535,2.7277364913242523e-06,1.1528464999072722e-05,0.00022370682961430865,3.977885875226914e-05,3.391087725270073e-05,0.00014358586528084497,9.638601299155788e-06
yoaG,yoaG,0.000672017980687443,439,7.182348127163761e-05,7.911154845204101e-05,5.704085492389564e-05,3.609108211795114e-05,7.748194841948662e-05,4.4024231259932676e-05,1.2931400861106578e-06,8.121491106984088e-05,9.530048923058395e-05,0.0001286362938559628
yidK,yidK,0.0006712657205422968,440,0.00010803946769133327,2.6970415744965887e-05,9.50372631110865e-05,0.00010011415176827337,7.433674888708564e-06,2.6030058927378466e-05,7.985753718265587e-05,0.0001065912769144001,0.00011563448995599289,5.55738435750196e-06
glnE,glnE,0.0006710609148844326,441,9.583971867693479e-05,1.8262950663267216e-05,2.9930014056596076e-05,1.4635225278561054e-06,5.3042351704477334e-05,6.615236598308398e-05,0.00014928309323383927,9.282138000898665e-05,0.0001047061394387854,5.955937859060569e-05
sbcD,sbcD,0.0006710277568236529,442,8.729824464805784e-05,0.00010447296663923744,5.290031639142841e-05,4.8542500653552175e-05,1.553730873259962e-05,0.00013264711773756225,1.377988268898542e-06,0.00010068298332778692,6.185800159333678e-05,6.571032883119295e-05
mdtA,mdtA,0.0006701981256485684,443,0.000125871098088557,4.361304890138697e-06,5.160419631667004e-05,4.222513344938985e-05,6.84149913995307e-05,0.00016006072807029327,7.496909587538277e-05,6.17386476261893e-05,3.928816723753191e-06,7.70241132086636e-05
purH,purH,0.0006700613536721482,444,0.0001593821741463823,6.104406861229345e-05,3.0898018042903542e-06,0.00013528551367640172,3.3978679611744107e-06,4.495614027927624e-05,2.42760040176049e-05,6.89305326041859e-05,0.00010053565726631363,6.916359330422528e-05
serC,serC,0.0006696519263675462,445,2.6746262269151246e-05,2.317938080674703e-06,5.6176311652586224e-05,5.816260607521936e-05,0.00011007052075392809,7.075334468661357e-06,0.00011116117417242594,0.0001340006880578105,4.393553799406841e-05,0.00012000555284302039
rpoH,rpoH,0.0006685199848555763,446,0.0003849839279066745,3.090793782350441e-05,2.5902234250780323e-05,1.8904139327656655e-05,7.65884109614345e-06,8.957987233503097e-05,1.5631954067438817e-06,1.8915621347534653e-05,4.4927477682782176e-05,4.5176737678725446e-05
ugd,ugd,0.0006669306009625527,447,6.642052764625142e-05,0.00011799824728163219,1.7725581557902523e-05,4.451466904473806e-05,6.365286265652993e-05,0.00012869530915512008,1.3079523808277777e-05,9.312140456065506e-05,7.314442268068558e-05,4.857805257075996e-05
nagE,nagE,0.0006665085873630474,448,0.00012076303390181169,9.198092096471351e-06,1.8276893446698155e-05,0.00014685344327650625,3.195476790504869e-05,6.135184030829939e-05,5.027858107945695e-05,8.627927628257247e-05,3.71657146326115e-05,0.00010438694443357101
yraH,yraH,0.0006664989473627662,449,7.281651695144811e-05,0.00015779921815280417,2.087400678912198e-05,7.582913379119081e-05,1.1262436630172158e-05,6.68581388779051e-05,6.566553398374476e-05,0.00012752103394806857,3.9802200491949576e-05,2.807072774636098e-05
yhdJ,yhdJ,0.0006662649725695974,450,0.00012468968640204825,1.1699404369846865e-05,0.0001047788459128528,3.196679461117121e-05,0.00012703971438990041,0.00010009261596494062,4.658162450185162e-05,7.813292679632538e-06,4.102542057397407e-05,7.057757316337913e-05
flgL,flgL,0.0006658254823446574,451,0.0001384509915643609,4.017841183127113e-05,0.00021592021398047871,0.00011185497404560496,5.267775063345427e-06,1.1375681562384693e-05,6.539807289715352e-05,3.653509344498203e-05,2.6847733162243768e-05,1.399653479283221e-05
ydcC,ydcC,0.0006655441226259848,452,0.00018698839982961765,1.974485214445541e-05,0.00011918686226082056,2.8617261090387507e-05,0.00016563825382258238,1.990169645672942e-05,2.8078335121376346e-05,6.356883655112419e-05,1.2218737017876876e-05,2.160088833101438e-05
kch,kch,0.0006655210469834465,453,0.00014346775236343104,0.00011685998787139463,1.883567032309511e-05,3.485863526907192e-05,8.018534569346652e-05,2.114784091996607e-05,2.3196194735990967e-05,0.00011340966899531592,1.7325218724584774e-05,9.623473208712958e-05
lpcA,lpcA,0.000665489741718704,454,2.4476807063827678e-05,3.8518610092000255e-05,5.60816433540081e-05,3.619655090839383e-06,0.00010360556927928767,7.466754624698613e-05,0.000155828426820809,6.73041434918116e-05,8.282792688931461e-05,5.855941338981965e-05
yicR,yicR,0.0006653447142932226,455,5.854404143011317e-05,7.347748033739131e-05,4.3500173495782174e-05,0.00010847506592052823,7.53794232231801e-05,7.078612641005715e-05,2.873054937247539e-05,3.377101462281168e-05,0.00015531394482027084,1.7366894660612452e-05
yehR,yehR,0.0006652553069141543,456,5.694529803396564e-05,4.407227575560938e-05,3.0116394559785807e-06,6.614441185748874e-05,5.345909891523673e-05,5.330543464944441e-05,6.113294491908003e-05,9.67254078447758e-05,0.00013905401195321045,9.140478352936439e-05
envR,envR,0.0006651100766802772,457,0.00012480450341049464,0.00011587453219071336,4.584490269314029e-06,0.00011773053560776219,5.366300457320931e-05,5.802918628092406e-05,4.888763827121839e-05,3.6768560830706356e-05,5.859779561866858e-05,4.6169829627266325e-05
wcaM,wcaM,0.000664782850214676,458,7.307273473529612e-05,4.129629913587482e-05,1.0737402134837678e-05,7.107370053152515e-05,0.00010097886927762867,4.558417805167432e-05,8.945778288435658e-05,3.492094473422825e-05,7.162327343447809e-05,0.00012603766529477637
fliN,fliN,0.0006642358531210868,459,4.7201217241281046e-05,0.000125902303534476,3.48759998902423e-05,7.534691614752886e-05,5.134539575217831e-05,8.29431230129496e-05,4.156648475098275e-05,4.703560434278018e-05,0.00013754267475243366,2.047613369623401e-05
yhcA,yhcA,0.0006639055133715502,460,4.337687681710833e-05,6.600043210251716e-05,6.655356750134145e-05,2.380912722812407e-05,2.3065636148546757e-05,4.685388585353234e-06,0.0001389558575192856,3.741550227529057e-05,9.384087326291865e-05,0.00016620225193106437
yjbQ,yjbQ,0.0006635408599449368,461,6.142674592129163e-05,4.743276961600647e-05,0.00012179735152028349,5.449355306278376e-05,5.082407434988089e-06,0.00013654397516130962,0.00012197296875667448,6.405098814825979e-05,2.245281464665255e-05,2.828728567668698e-05
fdoH,fdoH,0.0006621515238065872,462,1.904885072693055e-05,1.6637488034269193e-05,2.3107425524849512e-05,1.9508674115026804e-05,7.712313577307722e-05,0.00016851658544974138,4.99644689921519e-05,2.4950755839241212e-05,0.00013128922249824645,0.00013200491685305297
yohN,yohN,0.0006604553251489678,463,8.689997668177446e-05,1.6983746859335752e-05,6.134775882102755e-05,4.1099643854452474e-05,0.00011603552273871041,5.582529098907178e-05,0.00011970925871518505,5.3432988942321716e-05,2.965265021204882e-05,7.946848733503964e-05
emrB,emrB,0.0006603528518992022,464,2.2142999029409047e-05,0.00010550255365173728,4.081754734591463e-05,0.00010621362131410868,9.088332477685026e-05,4.134314551195669e-05,8.115170629913479e-05,1.1563490643879404e-05,0.00015133350884771656,9.40095447849483e-06
yhdU,yhdU,0.0006599247911108778,465,9.120034783323798e-05,4.2317465069603754e-05,5.5187329927497796e-05,3.6512775206102e-05,5.013280700492646e-05,6.182925310257925e-05,6.998674173249295e-05,2.2386601774542993e-05,0.00013137355334286483,9.899791611702977e-05
rcsC,rcsC,0.0006589952917516899,466,2.862210816141522e-06,9.253684863872899e-05,6.125109076038544e-05,6.802007542486948e-05,4.993999445498202e-05,9.640169415894642e-05,0.00012846777356428986,8.072694470245934e-05,3.123876614159351e-05,4.7549893089293256e-05
secG,secG,0.0006585615172322988,467,6.583705796642237e-05,0.00015045667289740306,1.3773143085686019e-05,2.6356161668671665e-05,6.801318431008483e-05,0.00011769226113407238,2.298339061719789e-05,0.0001489941080440999,3.610014227739068e-05,8.355395231269982e-06
polA,polA,0.0006582803313988331,468,9.462031556553467e-05,1.0713224280360792e-05,8.153693842453959e-05,0.00011110643587171043,7.850463783427207e-05,2.4107492980513353e-05,2.3516384335607593e-05,2.911384896436077e-05,6.85674035485103e-05,0.0001364936495934235
metE,metE,0.0006579100023194853,469,0.00015752524324524276,1.2006258940210457e-05,6.208620636487804e-05,0.00015388042059161463,2.0052111285696526e-05,9.380243634675096e-06,6.05194131923601e-05,2.602629284859885e-05,0.0001217086172495373,3.4725194966671446e-05
prpD,prpD,0.0006552894503088446,470,2.0134626388678652e-05,6.639094008497199e-05,4.842736195745161e-05,2.436523875218944e-05,0.00010948082347882699,5.18838014962188e-05,5.4676254309768905e-05,9.537771773774522e-05,6.215441196346718e-05,0.0001223982741395258
ompL,ompL,0.0006552799625169409,471,0.00012434533972422777,4.188439058181587e-05,8.326283855311256e-05,7.165341469630564e-06,6.849796666281122e-05,6.964903470300258e-05,0.00012612284361576554,8.667992693144322e-07,8.055109037880773e-05,5.2934317558452534e-05
ribF,ribF,0.0006550220513350857,472,7.800211336269215e-05,3.3806826046072854e-05,6.092781696361719e-05,5.797437428554139e-05,7.283417581775279e-06,1.948626063952672e-05,0.0001877232300989024,0.00010469370755415332,7.525891763089731e-05,2.986538717190714e-05
tmk,tmk,0.0006549409390943999,473,2.218229866804358e-05,8.628156128888163e-05,5.759519866374443e-05,9.209725357175452e-05,7.257100848336984e-05,1.4469854745065587e-05,8.138744914133378e-05,5.112058570096618e-05,2.4197678071567417e-05,0.00015303805075967295
gatC,gatC,0.0006546489442550309,474,4.1247019317201274e-05,5.0728370056727726e-05,5.833953154337471e-05,5.8197878798705395e-05,3.085700701951819e-05,0.0001245709189565368,4.910330098195977e-05,4.319566637061437e-05,7.777121384278927e-05,0.00012063803736760328
yihN,yihN,0.0006539795842352183,475,0.0001168376660723067,8.50018366598644e-05,9.215904323390857e-05,6.301130608962691e-05,2.1264688387442723e-05,3.266609860646927e-05,9.435354237420445e-05,9.44486359521043e-05,7.983407393396426e-06,4.625335946589471e-05
hscB,hscB,0.0006519746470616208,476,2.1105571569456538e-05,8.64898145053716e-05,1.9856549475644788e-05,0.00010783640457917665,0.0001661831654284823,9.335164767498311e-05,2.6690699302789676e-05,3.1328092338552625e-05,5.332055437320265e-05,4.581214781396083e-05
rcsB,rcsB,0.0006507329113972996,477,3.872385415486519e-06,5.4178242262567987e-05,3.9094372058872855e-05,9.147081859629023e-05,0.00015518520798000695,7.228165199509732e-05,0.00011375701179027705,5.402313900633445e-06,6.206457717520284e-06,0.00010928444968054712
mutY,mutY,0.0006495446764504853,478,0.00015417125079275306,3.7502119353207704e-05,9.386379371518551e-05,4.489800509758145e-05,0.00011556734322371262,5.694573183627836e-05,1.361904795614363e-05,6.849886458129998e-05,1.8423768548598327e-05,4.605475134572467e-05
sbmC,sbmC,0.0006492333397310088,479,0.00011726398599009867,3.854244708055644e-05,4.346217479569126e-05,7.866527273514658e-05,0.00015663898157074725,1.6401814102648034e-05,5.0211485116519605e-05,6.487175990562812e-05,3.701238671382944e-07,8.280529456683452e-05
sdhC,sdhC,0.0006488442635977313,480,7.283221166252024e-05,2.2885018155448457e-05,1.8219285148465393e-05,7.718277604737249e-05,9.088758691185073e-05,8.736293775343936e-05,4.592083362049591e-05,0.00010311742292322336,8.841211081849306e-05,4.202408055642231e-05
rfaP,rfaP,0.0006486069974973017,481,8.386538426262452e-05,0.00011465595073592035,0.00011498433320781438,3.183506119683192e-05,1.5773620099089433e-05,3.8473314099149606e-05,4.272855703119567e-05,1.0433746619373509e-05,6.709013676365087e-05,0.00012876689348165145
rpmA,rpmA,0.000648225948168853,482,6.86344178210093e-05,8.117112443464901e-06,4.829398925077224e-05,2.8044416070130133e-05,8.647000216273184e-05,7.759494676658244e-05,4.832341560671388e-05,2.8445909871996207e-05,3.3966709494855634e-05,0.00022033502868059636
kdsA,kdsA,0.0006478420677411461,483,6.755790493036533e-05,3.4179597788886215e-05,0.00024532334657563606,0.00011993432579615861,7.057304524171134e-05,3.3036455918326245e-05,6.869882588174774e-06,1.920478598583641e-05,4.7268576116887265e-05,3.894146799163657e-06
xdhA,xdhA,0.0006477081797998516,484,6.738268734353959e-05,6.205484979610249e-05,2.0440465824356272e-05,7.986840237018576e-05,0.00011763755993966846,1.5300230915130383e-05,7.037144823864131e-05,7.70720494421902e-06,0.00010757377174700436,9.937155868100406e-05
rtn,rtn,0.0006473026363705613,485,0.0001097791809299618,0.00010925442776169223,3.130073507044032e-05,4.187658011441886e-05,6.18396727267615e-05,0.00014943592287090107,4.0977328400793224e-05,3.8033308153061024e-05,2.5144444898678945e-05,3.966103544385238e-05
manZ,manZ,0.0006471194024051545,486,6.919973468283197e-05,6.416019333443934e-05,9.619806125794832e-06,8.940124456429767e-05,8.527855762362679e-05,1.9790851068730106e-05,2.835229795532958e-05,7.121889829905932e-05,0.0001331987447462165,7.68990740048284e-05
ybdO,ybdO,0.000646368735867332,487,9.20968492863154e-05,0.00012430130053317157,5.308767027896492e-05,5.6027453280926104e-05,2.2652658944118506e-06,0.00010571188237568217,7.407020720284798e-05,9.619970254000129e-05,3.1598031024655905e-05,1.1010373450354965e-05
nrfD,nrfD,0.0006462773799557189,488,0.00011273008283569182,6.93645557326423e-05,7.246186157719476e-05,0.00011675041766753376,9.803077795545436e-06,1.0878703279790068e-05,4.385838895243606e-05,0.00010644036946580383,2.1429328572486884e-05,8.256059407659409e-05
yfcL,yfcL,0.0006458487494568419,489,5.981092858907395e-05,3.32920080296779e-05,3.0102517901737572e-05,9.015458895179672e-05,0.0001758407473598383,1.176781969172107e-05,6.67099020182283e-05,0.00012643938940818425,2.6011664127348607e-06,4.91296810938489e-05
yadG,yadG,0.0006451701885786116,490,6.0264388061279e-05,4.55327912755051e-05,3.0205992394060828e-05,1.3137458497258546e-05,6.509172330748913e-05,0.00010175303069309113,8.547719315116233e-06,0.0001425786735083528,0.00015794799652035,2.011041500610888e-05
folK,folK,0.0006447515413632346,491,0.00014853476923534136,0.00022318542341315074,2.3998470594607875e-05,2.442779027580227e-05,3.5137686046146154e-05,8.167613837609553e-05,1.0053706194911183e-05,9.599317587135478e-06,4.280130740598618e-05,4.5336932234057826e-05
rplN,rplN,0.0006446236000138056,492,0.00030095232148374886,4.327090789522932e-05,5.8321022572898885e-05,4.9644432282344036e-05,1.5613690224628555e-05,5.166208555609118e-05,5.703653912726232e-06,4.712448281112091e-05,4.1230564146719414e-05,3.110043912829821e-05
fdnG,fdnG,0.000644598412216723,493,6.299107815658244e-05,1.145616613002546e-08,0.00011620158214011942,0.0001604095406482533,1.203339030331922e-05,4.6248504171207504e-05,0.00010357823470004848,9.608252846751657e-05,1.9325608656204964e-05,2.771648880734116e-05
yfeS,yfeS,0.0006444980383679202,494,0.00013937702628713335,3.6424602516016465e-05,3.565591167690313e-05,2.66573232717998e-06,0.0001196445533609734,1.3376337517522891e-05,0.00010720718165083072,7.643172453989047e-05,8.509573830716802e-07,0.00011286401110839823
yeeD,yeeD,0.0006417661008122513,495,0.00018213267971816497,6.16850530880227e-05,4.9608610922517195e-05,4.221869184474928e-05,7.469777791107854e-05,1.7706779318195374e-05,1.9692610941806833e-05,9.242111183487571e-05,1.946744816739977e-05,8.213533706544096e-05
ymjA,ymjA,0.0006417369034039096,496,8.191466586154548e-05,9.423687884521928e-05,5.3015173148298806e-05,0.0001233120354586775,9.48185115541929e-05,5.149442818191587e-06,1.7001232264747747e-05,5.465830297161124e-05,4.4864923426211544e-05,7.27657370552135e-05
rpoE,rpoE,0.000641596957117309,497,0.0001878069056685078,0.00010268734033060707,1.941751694808528e-05,6.0676929166429446e-05,4.126849607220257e-05,0.00010649604172513689,3.0491429825141794e-05,2.553039110851339e-05,4.7610395585448364e-05,1.96115106872364e-05
smf,smf,0.0006400144456398304,498,7.820462212863337e-05,6.376539924310576e-05,3.1805932327247534e-05,9.176142505290684e-05,2.946547804016471e-05,4.3483943548725246e-05,4.9476780900838864e-05,0.00017778620101881873,3.706013470663495e-05,3.720452867275439e-05
ynjI,ynjI,0.0006381466645277832,499,0.0001080996489349592,0.00012386492816960837,4.2793798255603384e-05,8.101765469717182e-05,5.888651164770498e-05,8.340134554334244e-05,9.119547963924412e-05,5.547995169606122e-06,2.559857415082173e-05,1.7740728319721054e-05
sdiA,sdiA,0.0006380513515975405,500,1.6586137944892746e-05,8.834585580037147e-05,2.972024436929949e-05,6.303721651071398e-05,6.321903297109183e-05,5.903129527651745e-05,1.1042110395264579e-05,6.773290007234637e-05,0.00011666734108601482,0.0001226692171710278
agp,agp,0.0006380229889395036,501,2.280074208406158e-05,3.908107858107827e-05,0.00010432655820233919,8.518068501331154e-05,9.204195372716958e-05,6.0132564043829946e-05,4.1320621353081384e-05,4.476068934674069e-06,0.00013975069697341972,4.891202002653827e-05
rpsN,rpsN,0.0006375257780684539,502,0.00020176593097794482,4.4782220729388176e-05,5.823251385136111e-06,5.07670259320346e-05,6.977776674028183e-05,3.0161649202972286e-05,1.1082941622676648e-05,4.2337330228389486e-05,0.00010534598320628985,7.568167804334015e-05
aidB,aidB,0.0006375229528000634,503,2.1187614137772113e-05,2.7765655110308753e-05,6.574121248214709e-06,8.509391129585534e-05,5.012719300296433e-05,0.00015480516660703168,1.096638123590266e-05,8.086525548150965e-05,1.9158076654598473e-05,0.0001809795780259057
hdhA,hdhA,0.0006368054909096156,504,0.00011153326435519497,1.9399763360756115e-05,4.9833505060541216e-05,7.00951328249247e-05,6.268783308292498e-05,5.7480296492701984e-05,0.0001198507439245296,6.233577549815052e-05,2.816795785975754e-05,5.542121845013405e-05
degP,degP,0.0006358608176660435,505,0.00024906238112787577,0.00011150278894971462,3.908131703367913e-05,5.295627658549051e-05,5.67162939684907e-05,3.3185480777752145e-05,9.896579653871734e-06,3.417315638282616e-05,1.5864315862893755e-05,3.3422227323449025e-05
fdoI,fdoI,0.0006354663604759626,506,4.50327505703762e-05,0.00015617013372559856,8.503519513810979e-05,5.797299494545539e-05,6.784992258862519e-06,2.525690866294023e-06,7.287492593856716e-05,0.00015810830530045076,2.5510560330450938e-05,2.5450811401797184e-05
mobB,mobB,0.0006351806901859421,507,7.92689640668323e-05,7.994072121305415e-05,3.2356244155803146e-05,0.00011382928579066476,2.1672247275694846e-05,0.00012843988546219838,4.5707592002295426e-05,1.1891124642369632e-05,0.00012157051613827542,5.041094387539977e-07
lpxA,lpxA,0.0006347733284596262,508,1.394661596331716e-05,8.447887317582459e-05,1.1041997847769146e-05,7.619790458806067e-05,5.612237223006128e-05,1.93785685615042e-05,0.00017530548160996212,0.00012506603190896647,1.5389101793798625e-05,5.784638078036195e-05
ychJ,ychJ,0.0006346485192956946,509,4.21082796649683e-05,2.987770381882597e-05,7.621781827345092e-05,4.585666486653305e-05,6.521216030210972e-05,3.7083721990604425e-05,9.24548446163151e-05,8.842840581446133e-05,1.792909576823299e-05,0.00013947982418019279
deaD,deaD,0.0006341147833917681,510,0.0002777174623666997,1.7844181225313924e-05,1.203415198442741e-05,4.6122753374178e-05,0.00010318192321383055,2.3941717434969363e-05,6.921822581629604e-06,2.3066013774345575e-05,1.1130992347154392e-05,0.00011215376508921951
spoT,spoT,0.0006340720608526794,511,2.888751748023622e-05,1.0745003890791743e-05,0.00010830869595549845,0.0002528985057625616,3.2650128622421505e-05,2.7829814227767147e-05,1.8181825495808805e-05,3.228270183896646e-05,0.00012197782892187008,3.100386567575002e-07
dnaG,dnaG,0.0006340210356425051,512,6.353563373099407e-05,8.579004013295234e-05,1.659565079312177e-05,7.761024765354647e-05,4.537013217416727e-05,0.0001543230000498206,6.580050041173783e-05,5.797740665564332e-05,3.709388050166177e-05,2.992454353885965e-05
yajQ,yajQ,0.0006337805775450829,513,5.006433025037081e-05,1.5211182288455207e-05,2.286698624758983e-05,0.00010441651981235078,6.932852677809231e-05,5.017469892539365e-05,3.518719585481085e-05,6.421389743419592e-05,0.00015007794933696823,7.223929061685537e-05
ykfA,ykfA,0.000632945640027866,514,8.215518737367794e-05,2.255558764578247e-05,3.304079777794317e-05,6.317942842190219e-05,0.00013873417967731649,0.00012307416220681252,1.111297748988449e-05,4.5565039100123355e-05,9.826692929227602e-05,1.5261351042147362e-05
wbbL,wbbL,0.0006327942131451675,515,4.578777005123914e-05,8.141983546289778e-05,4.656830885066429e-05,2.187856245247809e-05,4.475560880633676e-05,2.3704203278449925e-05,0.00012586065422962316,1.4664491203216701e-05,0.00011312071939795339,0.0001150340594123083
clpB,clpB,0.0006319574262746089,516,0.0001911310392620773,6.697869058583099e-05,9.384164389313446e-05,1.356565061202033e-05,2.8046508961408647e-06,7.529123541643076e-05,6.294499327063111e-05,6.164065470122083e-05,1.5173629529893643e-05,4.858523810722859e-05
uspE,uspE,0.000631933706598505,517,0.00014710893855301115,7.03418152625314e-05,1.9522674817627007e-05,2.9575807795824545e-05,6.388780292568829e-05,0.0001333197413851049,6.45299037885826e-05,2.0907920027372833e-05,2.4738929607093156e-05,5.800017243566901e-05
yiaA,yiaA,0.0006318998513093161,518,0.0001328160255486932,5.763534896834026e-05,6.284726866582375e-05,2.3108085385748273e-05,9.039184378649942e-05,5.9656823512358694e-05,1.5695301236779757e-05,6.10003357517544e-05,3.562801198675795e-05,9.312080646656042e-05
puuP,puuP,0.0006307192991025778,519,0.0001166470628200406,7.3475467508393325e-06,4.662950678694037e-05,0.00014138070064267997,8.005840468220875e-06,8.862051675534312e-05,8.428380988435106e-05,9.457381249175133e-05,1.2355703303873184e-05,3.087479919853792e-05
yhaB,yhaB,0.0006307098393057643,520,4.4786138318690866e-05,6.129448168879402e-06,2.476583839823838e-06,3.575281695636936e-05,8.783204072722732e-05,0.00013119347790622527,0.00010909213882350951,0.00013786253574770785,2.430215620645242e-05,5.12825026108784e-05
mscS,mscS,0.0006304661853768707,521,0.00019924558722735512,4.700532790473296e-06,1.1733620259747968e-05,2.470900164585921e-05,3.374630315695573e-05,1.0809632429726014e-05,9.210889529211046e-05,5.887432956936966e-05,0.00012689280139943916,6.76454816058342e-05
emrK,emrK,0.0006304287356626545,522,0.00010392876036571006,8.657912786164827e-05,6.145388820367128e-05,3.421552922179652e-05,8.282915281032165e-06,8.273311322850128e-05,6.001408222672568e-05,9.269728729271418e-05,1.0409902388495213e-05,9.011412959236e-05
yneF,yneF,0.0006302546957132481,523,5.132920098696935e-05,7.811916784533658e-05,5.25743802286689e-05,7.565310878804815e-05,6.13856546927825e-05,7.098224688704148e-05,8.92224757848251e-05,4.00120205567374e-05,5.066228218685159e-05,6.0314157755986983e-05
aegA,aegA,0.0006302185681696586,524,6.224974019800616e-06,0.00019697246731758717,4.651463056149577e-05,1.8383630300586792e-05,6.379930344369863e-06,1.1807493706845467e-05,2.8805990968603047e-05,0.00030306128916879305,8.110991102153198e-06,3.95717067942349e-06
pspC,pspC,0.0006282832764425198,525,0.00024238715221874945,8.519586368559598e-06,7.605578453483208e-05,5.462964494046984e-05,3.925420877713059e-05,3.073169229269915e-05,0.00013033877975433328,2.7147829334839748e-05,1.6250696291997745e-05,2.9679019289083092e-06
csgD,csgD,0.0006282164675787918,526,0.00015601904316875034,4.3736950441745844e-05,6.391374494092577e-05,1.841559108775194e-05,7.240143706936758e-05,5.115950976560421e-06,2.237788598155621e-06,2.700289188809281e-05,8.822324300439429e-05,0.0001511498264030471
hmp,hmp,0.0006282057353358026,527,0.0002646720473306906,4.747509612344409e-05,2.1908984598334434e-05,4.653763242245336e-05,1.345909998416764e-06,6.62230791329769e-05,4.368344578267251e-05,3.8376412736689735e-05,4.162332523370585e-05,5.635980197641824e-05
fadR,fadR,0.0006279890038435665,528,0.00010417644316225817,8.700753811288566e-05,3.135062702102886e-05,0.00013706456720099147,5.1010338467772196e-05,3.9564175141638635e-05,7.770420112013313e-05,6.048908296627807e-05,7.749574666763325e-07,3.884707318390413e-05
allA,allA,0.0006279709866176954,529,6.906199951796073e-05,5.946929616410589e-05,4.109299219001715e-05,9.235322610910121e-05,2.7930838503958302e-05,6.802974143515423e-05,6.978320901018868e-05,0.00010360704255377746,7.115375435668037e-05,2.5488886776751433e-05
purL,purL,0.0006276564265032021,530,0.0001257591727058319,2.0922757375795032e-05,6.752421769410398e-05,6.735309027768382e-05,3.293424880253878e-05,0.0001543131595598401,2.5737124938120184e-05,0.00011087404617325429,1.3273418982036272e-05,8.965189993997673e-06
yfjS,yfjS,0.0006265804723954657,531,6.092406338340163e-05,1.47737965729326e-05,0.00012008212129935125,8.089164931154288e-05,6.985146558646339e-05,0.0001026446184853654,2.3285051259912396e-05,4.850969810364233e-05,4.0019406611831185e-05,6.559860178102264e-05
yehE,yehE,0.0006264594898561684,532,7.900421858408748e-05,0.0001242134943948162,1.93826773455681e-05,5.8087206976523866e-05,3.056086567343186e-05,0.0001109941569488451,9.061267406737301e-05,5.1054601215490115e-05,2.608039266538879e-06,5.994155538349389e-05
yahK,yahK,0.000626123048799052,533,6.375088696563206e-05,2.194510747068379e-05,6.001987671043891e-05,6.6932252499715e-05,2.03284490474698e-05,4.206630806777797e-06,2.0593761623128332e-05,0.00011880772731357639,0.00015148231612708502,9.805604023454489e-05
livJ,livJ,0.0006256336547413157,534,0.00010970006778358877,3.3672419471751725e-05,4.056391647086045e-05,4.311464908238908e-05,5.477032459530385e-05,5.3113110954479374e-05,9.327036282291643e-05,5.3238234509269745e-05,8.54734139244075e-05,5.871715512634883e-05
ligB,ligB,0.0006252918169013201,535,5.186503797084152e-05,0.0001051958929304266,7.910264753821438e-05,0.0001423310170743583,4.176725778782494e-05,1.7060842871519165e-05,1.2176547414658396e-05,4.373544805790472e-05,0.00010131899570773131,3.073812954784079e-05
ybfP,ybfP,0.0006251270084468023,536,0.0001331472548515603,4.040188192849819e-05,6.354961026833902e-05,4.0164801728354126e-05,5.306524020009282e-05,0.00011831940933420103,6.963548677390658e-06,0.00012106158793899004,4.800714992729108e-06,4.365295852664711e-05
yejM,yejM,0.0006245560309171303,537,0.0001079973139405893,5.729798344512585e-05,0.00013051605354243254,9.399264363279365e-05,3.3358286553512474e-05,1.4828941362525767e-06,1.2088600226918453e-05,9.337531456677206e-05,1.7537106283814647e-05,7.690983458891868e-05
idnD,idnD,0.00062352142030167,538,0.00014209759016661788,3.695037866373536e-05,3.614516970731645e-05,0.00011615461767492145,3.121526672808434e-05,3.159220454294204e-05,3.809252413018918e-05,0.00014734915742472442,3.8383408066526263e-05,5.5411031966127076e-06
trkG,trkG,0.0006229495621804519,539,0.0001371614436596846,7.089477091650521e-06,3.628705701335464e-05,6.411161618664936e-05,6.329729548185089e-05,3.1837544628973756e-05,1.32393790057322e-05,4.5337858495956734e-05,0.00010262101229539171,0.00012196687832120734
yfeY,yfeY,0.000622653469958419,540,5.2855375495561695e-05,5.915702624741998e-06,0.00010289862802934565,8.771409814193545e-05,0.0001576908255268243,2.985931877844494e-05,5.8334263854339135e-05,2.2240098499282095e-05,8.437642486392187e-05,2.0768734144021835e-05
yfaA,yfaA,0.0006215098652072917,541,0.0001571348944386905,6.424050305203747e-06,9.198711280123508e-05,3.9729413404160885e-05,0.00010329025970625944,2.2802376615151798e-05,5.08308175580985e-05,3.6460611917850646e-05,0.00010960739357019512,3.242934890445855e-06
hscC,hscC,0.0006213285468913893,542,0.0001456564616456194,0.000129392842938583,6.857323008450075e-06,2.822882021665629e-05,2.8637126270430422e-05,4.660575774772221e-05,4.194233812952085e-05,5.8180705725560336e-05,4.517462560465496e-05,9.065254560419173e-05
ynfE,ynfE,0.0006209088975384899,543,9.099687019522539e-05,4.2171039927756603e-07,2.9202555696040638e-05,7.257923998494711e-05,0.000134514505326629,1.449828141722027e-05,8.70823342763207e-05,6.0519031981464414e-05,5.61628917104448e-06,0.0001254780790903203
mutH,mutH,0.0006208300334846883,544,0.00011309121439555154,7.578053842040509e-05,3.0762066242502e-05,3.491702645270746e-05,0.0001402977736434954,5.6704151981022004e-05,8.81132793698295e-05,6.125520871900936e-05,4.661654279642166e-06,1.5247119980523815e-05
maeB,maeB,0.0006202042749443055,545,1.8688600810131214e-05,3.909567760308127e-05,1.2877277337856652e-05,4.1484405577713617e-05,0.00011408058536837219,4.930857604668109e-05,6.973083861101038e-05,0.00011180215710439343,2.3425881816470606e-05,0.00013971027466859497
ade,ade,0.0006200775140629521,546,8.86170608220632e-05,4.987505798920927e-05,3.0255709264686416e-05,1.8266114082913154e-05,8.730215349464963e-06,9.26223396533221e-05,0.00012517283506963573,5.55023819355482e-05,1.058732099998361e-05,0.00014044847889612536
hns,hns,0.0006198654525052616,547,0.00024632139332175437,1.9918077572647363e-05,6.262133980003931e-05,5.722146328534111e-05,3.15225835779422e-05,6.371901504757422e-05,2.75795959562811e-05,1.8040901161924918e-06,9.07644957180039e-06,0.00010008144425568906
ykgA,ykgA,0.0006195310082836759,548,0.00012713207611600175,2.7071650442801923e-05,8.276729690271978e-06,6.880577710541234e-05,2.533633373054033e-06,8.471521705598516e-05,5.8409429092098586e-05,0.00014258664470711142,4.674620968655976e-05,5.3253641014378994e-05
mntH,mntH,0.0006192953499348947,549,0.00026051015322923836,4.305457460947422e-05,5.384592346518375e-05,7.28206649958555e-05,1.9109176835495817e-05,4.840834702218178e-05,4.785598345808745e-05,3.3630057363314655e-05,2.5895602210382403e-05,1.4164866745680896e-05
frvB,frvB,0.0006192361602185492,550,2.6590544834824705e-05,1.8366664414076965e-05,1.8748342811485857e-05,1.9404105484899752e-05,0.0001658487213420357,0.00017312279884985346,5.5364147734333536e-05,5.682927089502761e-06,0.0001248121958953412,1.1295711762195246e-05
yebG,yebG,0.0006183268338439262,551,0.0002210783816022516,2.1676244645362583e-05,4.98843344278674e-05,2.2723076286764977e-05,2.2839393409894464e-05,4.762533510469684e-05,7.048484168098237e-05,2.8740725059907926e-05,5.2510929481792454e-05,8.076357214440554e-05
gapA,gapA,0.0006181373469028487,552,0.00032057588378844436,1.9292952688573237e-05,5.5807475517916367e-05,2.5955058285566377e-05,0.00010546963982479315,1.8618417571688768e-05,1.579953956085163e-05,3.0599526683349483e-05,5.326334823516058e-06,2.0692518158149235e-05
yeeA,yeeA,0.0006173498297701971,553,9.910144259815046e-07,7.055978275612102e-05,5.794996508990627e-06,5.00154618767284e-05,3.893654321436757e-05,0.00011037324782342759,0.00017964716324490586,1.9411277641058545e-05,9.186536773422511e-05,4.975497454439091e-05
pnp,pnp,0.0006171643142418033,554,0.00025958085604273646,5.103964791122343e-05,1.827417050130936e-05,5.445816762883455e-05,1.635073779121931e-05,2.1492350178561644e-05,2.2376106768934372e-05,7.658746474066414e-05,7.147396947711763e-05,2.5530843201202357e-05
fhlA,fhlA,0.000615887261654889,555,0.0001387913116609089,5.246279284500917e-05,6.300590986035916e-05,1.1568870411735838e-05,7.188912184460791e-06,0.00010162551720138956,5.3031425725646895e-05,7.20650651425613e-05,0.0001148021584679764,1.3452981548410507e-06
yncC,yncC,0.0006158048403609476,556,9.195143759321045e-05,4.2146931009532346e-05,4.884358969919243e-05,7.493288926369459e-05,3.945170125594989e-05,7.722306155588885e-05,1.2759518343831176e-05,0.0001295296801477457,3.9949311266546744e-05,5.901672022535533e-05
prpR,prpR,0.0006141154217535012,557,8.649633007652883e-05,0.00010402088917635648,4.3654096933924665e-05,8.208423744515e-05,1.2453744247369095e-05,5.470972134193591e-05,3.6806292645380496e-05,0.00013337940377870916,5.797701439296407e-06,5.4713004668850196e-05
metH,metH,0.0006134293175988194,558,6.082056334584156e-05,1.669533030928098e-05,9.665753601303432e-06,0.00013277921216099157,6.094456609510876e-05,7.846834725400865e-05,4.659198620700858e-05,0.000116201064445109,5.8918089878284307e-05,3.2344404301882426e-05
fdnI,fdnI,0.0006132664595133699,559,0.00010096728215922979,6.437876238952736e-05,4.8867849185040965e-06,8.349220094052623e-05,5.692514613032714e-07,7.834976368681265e-05,8.636725156345115e-05,4.104920556273626e-05,8.348900081746437e-05,6.971695601381474e-05
ydjZ,ydjZ,0.0006129064395185684,560,9.130059036537209e-05,2.3937892513598443e-05,1.199062782398179e-05,3.646752690810598e-05,3.6211779319056874e-05,7.246996971568142e-05,8.226354514488324e-05,0.00012987414141109178,9.12278413433817e-05,3.716252497341507e-05
LELOBEKK_ynhF,ynhF,0.0006126486974996085,561,0.00017870263821120669,1.4797137792172548e-05,5.635373363540137e-05,9.745625163371114e-05,0.00011155134237120946,7.73199597747787e-05,1.2536214175014475e-05,6.661258584624541e-06,4.901165418785619e-05,8.258507133633413e-06
secA,secA,0.0006124362297806025,562,2.8010557480276726e-05,0.00010676630632961058,1.5294590132841746e-05,4.716720949766464e-05,5.420101107705942e-05,4.781600325071233e-05,2.2895318719437043e-05,4.4422809881478025e-05,0.0001615017334356413,8.436068997588071e-05
paaJ,paaJ,0.0006123812379624607,563,9.065952923681418e-05,1.302743642712344e-05,6.98135531811181e-06,6.025894477819734e-05,8.775632570496717e-05,0.00018543850181449237,1.8280818571907917e-05,1.5274315003844372e-05,3.0322965747662652e-05,0.00010438104535933946
torY,torY,0.0006120939149073979,564,5.5950358317240406e-05,3.695510133249892e-05,1.26065514286157e-05,9.548017264113994e-05,0.00022906046676294652,3.746112533469152e-05,1.6965817687717603e-05,4.771381984770754e-05,4.035993179665598e-05,3.9540569758183644e-05
yjhS,yjhS,0.0006120726351978052,565,0.00011375476576720523,0.00013371341337079342,4.331402094383369e-05,2.51652626924144e-05,1.3205476467824444e-05,5.383315936263177e-05,2.6799484288387904e-05,3.662035805955798e-05,0.00010061365704583799,6.50530371993184e-05
ybaJ,ybaJ,0.0006113977199412449,566,0.00012458105826832115,6.148785233514095e-05,2.6757879952266938e-05,3.932820309415919e-05,2.933337628149593e-05,9.16368353933988e-06,0.00012302714083928387,5.300544974894498e-05,6.0929174292545944e-05,8.3783901589746e-05
pspB,pspB,0.0006111667462513129,567,0.00022158379269359864,7.308503690475061e-05,1.5161791464034223e-05,7.526859658379529e-05,2.412824797952188e-05,7.498122798696422e-05,2.942561642948553e-05,3.129007656897322e-05,4.591946816605865e-05,2.0322891474130792e-05
xni,xni,0.0006110425642419634,568,6.703871451866177e-05,9.210638032374837e-05,0.0001091946750873891,8.376044948809901e-05,5.479104674708309e-05,5.835219095070155e-06,5.80274855830589e-05,8.818857795482675e-06,4.167108678131777e-05,8.979864882205246e-05
LELOBEKK_yneM,yneM,0.0006110405103353016,569,7.326244454603084e-05,0.00012199978127608922,5.4665216258926395e-05,2.9993831417332956e-05,8.414506630917134e-06,1.5176216953527953e-05,4.396293984298305e-05,2.9718802231111276e-05,0.00015888311692078725,7.496365425759547e-05
yqiJ,yqiJ,0.0006106128425459281,570,7.435805380477309e-05,0.00014558779051100274,7.808462179720904e-05,8.739664988835806e-07,7.731365790265404e-05,2.9347872936357255e-05,7.917847190241582e-05,3.121117232396254e-05,6.92573694104146e-05,2.539986545825544e-05
mgtA,mgtA,0.0006104158737707245,571,2.6428560483392867e-05,7.430523017433252e-05,1.3980217622948316e-05,8.385320294168555e-05,1.8459391278185156e-05,9.454787002141205e-05,2.327341925424721e-05,1.1632808500356057e-07,0.0002473972220229949,2.805443188652241e-05
kdtA,kdtA,0.0006096876461855918,572,4.662743662089407e-05,4.579091785802586e-05,6.2166177430204e-08,2.1252049863175925e-05,8.888079654239605e-05,8.08331295056186e-05,3.7855470304385696e-05,0.00011316699537171415,6.289409077833736e-05,0.0001123245931636139
rpsK,rpsK,0.0006093574671626178,573,0.00033814704240726695,1.6297157299495464e-05,2.3313657107488023e-05,4.92648251084336e-05,4.384568446270789e-05,4.876055093886287e-05,1.7695674647074282e-05,2.0889094391644345e-05,2.2109271233964553e-05,2.9034509565679867e-05
cspA,cspA,0.000609335766144718,574,0.00026271147320587336,3.776471322272473e-05,8.739712530760514e-05,3.111342782292915e-05,2.0837344033363996e-05,2.6762367673816115e-05,4.082390320972979e-05,5.263444922462114e-06,5.763386013656474e-06,9.089858073255719e-05
intA,intA,0.0006087881736485521,575,7.707874788196859e-05,0.00021599345473777732,1.922043654947265e-07,2.8772313499593617e-05,1.2341426693091205e-05,1.5161487654019782e-05,2.632389525667051e-05,0.00011767465874756434,0.00010089189334801696,1.4358091464354967e-05
yccS,yccS,0.000608369245249897,576,9.228760332232299e-05,0.00012504507473257964,9.360272201012228e-05,7.350444767088668e-05,1.6670128664577573e-05,5.8647163968220094e-05,4.649381494515665e-06,4.979361806996752e-05,4.559758344249233e-05,4.857152187421221e-05
rffM,rffM,0.0006082861802587967,577,6.573202577606501e-05,9.404491329994204e-06,3.3302400986619066e-05,0.0001302565716441902,4.019749842610772e-05,5.213711730439422e-06,9.457241178520483e-05,5.847236584471448e-05,0.0001052890026670924,6.584570006836945e-05
ubiX,ubiX,0.0006072897083031699,578,0.0001015293357260273,1.3000854927553099e-05,6.016622743850992e-05,7.173177888884637e-05,7.700360564574781e-05,2.5732473458508866e-05,9.415407754221427e-05,6.464638910253077e-05,9.039814972441858e-07,9.842098407598728e-05
emrE,emrE,0.0006072489583293,579,7.772912077703796e-05,5.5593218119853696e-05,7.460876840733201e-05,5.282027971200234e-05,6.483064265340658e-05,3.0066223725828617e-05,4.122772076849257e-05,6.886038511957564e-05,8.042936105785814e-05,6.108323798791248e-05
yaaA,yaaA,0.00060676076603019,580,7.072400184827911e-05,1.9768498229208762e-05,5.0476848226613135e-06,7.066734813551666e-05,7.541222163545877e-05,4.899948723130707e-05,9.328954550935574e-05,2.4798390074383356e-05,5.870107318781494e-06,0.0001921834812252377
cycA,cycA,0.0006067168778305111,581,4.931126895360148e-05,6.970615378658591e-05,2.139312949443621e-05,0.00012253791195516214,0.0001036309307708317,2.128709098950822e-05,5.673893356910212e-05,1.4726171604802756e-05,9.696410125353556e-05,5.0421185452944936e-05
yhiL,yhiL,0.0006065437319443341,582,0.00017172127243215453,9.364396742387079e-05,1.0831868198116205e-05,4.494352258749761e-05,4.190204173887643e-05,0.00012423690283441206,1.3075280067106192e-05,2.4561449617418283e-05,4.591947029798791e-05,3.570795674689415e-05
yeaK,yeaK,0.0006063260527474098,583,9.753938839695428e-05,7.334670698984133e-05,3.84993564432043e-06,0.0001434087241872863,3.44245200502642e-05,9.597721967876757e-05,5.115467316152277e-05,2.7201935157912417e-05,1.7886252476070254e-05,6.153669700447016e-05
aldA,aldA,0.0006062592417313709,584,0.00011132807891955395,5.832431438649963e-06,7.75090727287593e-05,1.9592574342855998e-05,0.00012298132535592935,2.5413838168557586e-05,5.391949386775147e-05,2.575887622787883e-05,8.873045480973707e-05,7.519309587169738e-05
speA,speA,0.0006056533568880411,585,0.0001218486469314898,2.1013449194821442e-05,7.979786665935414e-05,0.00013030783844843955,0.00012143736424831894,1.4171372389789073e-05,2.855968520819067e-05,2.5815557803929527e-05,6.231457694323586e-05,3.8699906047201884e-07
yjjQ,yjjQ,0.0006055652920729313,586,0.00011646264791501477,1.165978772974507e-05,4.165640637374676e-05,2.5513551623830855e-06,4.519433477979196e-05,6.189340377974208e-05,7.526645042472688e-05,0.0001464879786407198,4.153346736613006e-05,6.285945990093094e-05
pgk,pgk,0.00060552648256168,587,0.00027446514312629076,6.91580783070427e-05,1.73895824328341e-06,4.6506009778318256e-05,3.041804131291546e-05,5.1341459763180905e-05,2.6617228749293958e-05,1.2401896328903249e-06,1.9689244809415253e-05,8.435212883904879e-05
malY,malY,0.0006053932810217379,588,6.973805229222046e-05,1.975361772804807e-06,3.499602324131925e-05,6.342374029691056e-05,0.00010380586407482983,2.9794878934030202e-05,3.552739511471845e-05,4.78504335072461e-05,8.930251369872957e-05,0.0001289790180889287
yeiL,yeiL,0.0006046855431474697,589,4.0150315652614087e-05,3.503857537331398e-05,1.6397767754706798e-06,0.00011634541419548965,6.029537147772066e-05,9.324093893500625e-05,8.437101634817452e-05,2.0218587007512973e-05,0.00010698940274578306,4.6396144636383803e-05
ygjD,ygjD,0.0006046763347602981,590,2.8316260108551537e-05,2.211885447220623e-05,0.0001329320987057232,0.00012530833601350925,0.0001082186140167801,2.3208266313776602e-05,0.00010724794780855099,4.1474242893742937e-05,7.328575075523693e-06,8.523139351933585e-06
ybiT,ybiT,0.000604429766607815,591,5.4854344857425596e-05,3.542350150263072e-05,9.101331112822174e-05,1.767657225730308e-05,3.519329735612046e-05,0.00015601128171789427,0.00012291784495067,3.128541188661875e-05,9.556908407444569e-07,5.9098510110185865e-05
cusF,cusF,0.0006037672150629182,592,7.39902050219748e-05,7.698495260158786e-05,3.103978903944951e-05,1.085093235225106e-05,0.00011160296945540513,3.375573795618029e-05,8.900004485228963e-05,8.75340377819148e-05,7.098324558229031e-05,1.802530041957478e-05
qseB,qseB,0.000603220404005556,593,1.5711396189580057e-05,4.9843009057199994e-05,7.483449082557092e-05,3.996766185650365e-05,3.572954611989059e-06,0.00018869390441025185,0.00013165158887523296,5.478894961933187e-05,5.230659384851617e-06,3.892578917504393e-05
yiaN,yiaN,0.0006030532030867498,594,9.310166473276295e-05,3.444968648178427e-05,3.791951706566631e-05,0.00011178513465257354,1.2350061170560601e-05,0.0001226158541670602,6.579241961810718e-05,2.655223903717059e-05,8.106553634097059e-05,1.74210898200934e-05
yjfY,yjfY,0.0006027363939468881,595,8.708628726684975e-06,0.00010873642384615123,8.290678320339635e-05,7.474157131113999e-05,7.875781104605785e-06,3.268702154461329e-05,1.2541906116121882e-05,4.47714397083318e-05,0.00017257329034678945,5.719354803905347e-05
fbp,fbp,0.0006022445926299517,596,6.388478255317067e-06,3.273321772145874e-05,9.699367465896843e-06,0.00013265175223027865,0.00015455974461980347,2.4504079710324263e-05,1.7162966937196547e-05,5.415490414454349e-05,9.869065716926007e-05,7.169942437587246e-05
yebF,yebF,0.0006021800331309487,597,0.00027314135933573035,4.2686746674286444e-05,6.808913060467577e-05,3.8655698446548036e-05,5.185142250036213e-05,4.322083075924567e-05,1.6837115486628515e-05,9.827204473947127e-06,2.319456040694586e-05,3.467596444257882e-05
ybaY,ybaY,0.0006019824352867502,598,0.00018020788705517299,7.134182363311129e-05,5.560446016924029e-05,4.679236389031405e-05,3.9445434403755845e-05,3.5346988195575855e-05,5.6607809552521375e-05,2.3962595977631766e-05,2.1365029658612886e-05,7.130804275081381e-05
yaiS,yaiS,0.0006016937240932618,599,2.1951734825575283e-05,6.1068998038047035e-06,6.137104873425854e-05,0.00023409666561334256,9.53437365179536e-06,4.5638109249597405e-05,6.973880941790766e-05,3.8058696063243645e-05,7.330441749177896e-05,4.189296924195768e-05
pyrG,pyrG,0.0006015745969561201,600,0.00015767436820224146,9.87892763206462e-05,2.5362111033738084e-05,0.00011303991368940326,9.726207969595099e-05,5.4128156069960125e-05,1.2701359732066803e-05,1.1190826521562688e-05,1.2859143844163563e-05,1.8567361846386954e-05
ynbA,ynbA,0.0006014255183287031,601,0.00013796075778940275,4.8842111985243165e-05,5.597660920788281e-05,2.5924123758307423e-05,1.010332269800195e-05,5.7027190723745195e-05,0.00011503894522320691,2.2405706069980444e-05,0.00011798581442462496,1.0160936448307493e-05
glxK,glxK,0.0006012193709190451,602,5.683242495783769e-05,5.495201319225767e-05,6.563924032176164e-05,0.00015437644021697606,2.670215783435777e-05,9.357129005097918e-05,7.221665430190872e-06,1.9641687846938516e-05,6.069485152401951e-05,6.158759954372615e-05
glpQ,glpQ,0.0006007527955044234,603,4.863203419441789e-05,0.00011090077173354594,3.7452113078078246e-05,3.464674133473523e-05,6.210860002225787e-05,8.631509170487799e-05,5.058904915594446e-05,9.322740178191136e-05,5.1068217088775666e-05,2.5812775409878775e-05
yhjB,yhjB,0.0006004141602685588,604,8.47340210410054e-05,7.197934126472786e-05,0.00011333570610075721,3.1493655036861054e-05,2.970321247674818e-05,7.251253971613803e-05,4.947648857687619e-05,5.5438925213278157e-05,6.810191400978332e-05,2.3638356832383353e-05
ilvG,ilvG,0.0006003680025270875,605,5.850682869583079e-05,1.6607099963641462e-05,4.8580047854313013e-05,1.1471995664676202e-05,1.1940664229676227e-05,9.454875918879361e-05,0.0001446484376237868,5.5384578759474065e-06,8.697248036757058e-05,0.00012155323106285133
sbp,sbp,0.0005996573986615128,606,0.00013065732230525449,0.00018653745749579406,1.4360896440136123e-05,0.00011346127899835859,6.500109391129593e-06,5.615740902652172e-06,4.0890854039212414e-05,3.2693647269593684e-05,3.61569324427717e-05,3.2783159376610035e-05
gntK,gntK,0.000599257647548766,607,0.00012232888545871777,2.392937267151559e-05,3.087986512060822e-05,9.518073874486423e-05,8.452093598040779e-05,4.878363837964133e-05,5.0366591322253375e-05,0.00010253630777224975,3.014557783522657e-05,1.0585734263281407e-05
fucR,fucR,0.0005985777689837487,608,0.00012560730601202742,3.6595355065957475e-05,0.00012824372201550177,9.456868790909779e-05,3.7280771884716865e-05,4.8450150841199014e-05,4.672944112727826e-05,1.7550248532076537e-05,1.3451826732509958e-05,5.010025886338359e-05
surA,surA,0.0005984396065421662,609,7.505891992084745e-05,3.551559672985157e-05,0.0002213321200972271,4.6660063592020176e-05,9.196236559224101e-05,4.0255031620542e-06,4.357727343140996e-06,1.2904587829856227e-05,9.91225104025962e-06,9.671047123466788e-05
yhjA,yhjA,0.0005981278879225565,610,0.00014632521686706632,0.00012162648558661321,2.0793267128447315e-05,9.834000969474176e-05,3.0658759278373164e-06,6.032433005536964e-05,2.3021598131579197e-05,6.810096889926352e-06,1.1840087600128459e-05,0.00010598092004084701
yfiL,yfiL,0.0005973580762738199,611,2.32611435825392e-05,2.378793739936053e-05,4.404632017953875e-05,2.856849922345645e-05,3.8737977408220574e-05,5.4966569811878287e-05,2.594571049549936e-05,0.00021830707190711757,9.380383212634055e-05,4.5933014139868735e-05
yadM,yadM,0.0005969489768139869,612,0.0001236717080728934,5.818197590494145e-05,0.0001061226131414319,3.246435346970916e-05,1.0248483327230898e-05,3.065056315200861e-06,3.7336991764904294e-05,1.7938067313042662e-05,0.00010596675916466177,0.00010195296833997045
yecT,yecT,0.000595964041810595,613,7.794719119268029e-05,2.530504089613758e-05,1.893838653597019e-05,0.0001155196146707484,2.902596467018169e-05,9.580948729090925e-05,7.152084722599659e-05,5.342062360668365e-05,5.4638254885273546e-05,5.3838630836013765e-05
glpK,glpK,0.0005956530585522403,614,5.6813197412783155e-05,2.8509314539950405e-05,0.00011241035304480716,1.0127944622856496e-05,9.421908676631596e-05,0.00012120540458817382,2.5628337957358414e-05,2.064748978602193e-05,7.287280421301201e-05,5.321912562096094e-05
pta,pta,0.0005950789010261144,615,3.4141361023718425e-05,5.661572228851808e-05,3.0146481487992752e-05,6.898151647209942e-05,7.761491605318938e-05,2.6953792505917303e-05,1.3984873094969808e-05,6.793981534661439e-05,0.00015876078622530736,5.993963652778748e-05
sohA,sohA,0.0005946884604143047,616,0.00011709839305359394,6.62127932333781e-05,1.5791558633402278e-05,4.9789381083784795e-05,5.4894655329871735e-05,0.00014933358530227236,0.00011246668995306564,2.111290439927043e-05,6.9219448443009425e-06,1.0665545813643838e-06
ompT,ompT,0.0005942331213783891,617,7.724778369382034e-05,5.426270252158688e-05,6.966700423538995e-05,0.00011118295487925422,2.6187223726809944e-05,1.5235890755731425e-05,7.345496620649413e-05,7.602767239051929e-05,9.820902683926899e-06,8.114602028485599e-05
ybfE,ybfE,0.0005942201531139917,618,5.4039981912586174e-05,1.7757433052624975e-05,8.642805874969243e-05,0.00010568187275647091,7.070933766449209e-05,5.808047947555052e-05,3.1173669598118646e-05,7.177518821021297e-05,8.023227348723832e-05,1.8341858207004505e-05
ypdF,ypdF,0.0005939742259408947,619,5.858421100934308e-05,3.71806856253355e-05,1.646033242363493e-05,6.580071677208469e-05,9.946688705201309e-05,3.7663587542389973e-06,5.113498381361326e-05,0.00016284118229529696,3.9839144183789985e-05,5.8899724011544205e-05
ybjN,ybjN,0.0005936811602637174,620,7.474299954914308e-05,7.380718352089448e-06,3.42509062141281e-06,9.325244255753284e-05,6.262787440175232e-05,0.00010741713351869572,1.3831670842843278e-05,1.4201741225399356e-05,0.00012397108892842616,9.283040026642247e-05
yrbD,yrbD,0.0005930528557323613,621,5.296889033288488e-06,1.912916995505568e-05,7.506282249566291e-05,3.612613273466735e-05,5.256166004690429e-05,3.542986814933488e-05,4.821482005278952e-05,7.404089559596493e-05,4.543218270866347e-05,0.00020175841496002987
yahC,yahC,0.0005927880513704884,622,7.736485320525435e-06,1.2894240718651484e-05,4.551935870804712e-05,8.540624200028219e-05,5.05061070601976e-05,2.7076154823813115e-05,3.0648214647265127e-05,9.50151162501418e-05,0.00015410761236972771,8.38785194718369e-05
infB,infB,0.0005927769434284037,623,0.0002328479035182197,8.339478764105719e-05,2.8796574212398706e-05,4.689992944257979e-05,3.403357322778357e-05,6.377304823042486e-05,1.6794154102312954e-05,3.206333893671204e-05,5.2489193037366465e-05,1.6844410795484174e-06
mfd,mfd,0.0005924617581662594,624,6.084783607903463e-05,1.3158831307420688e-05,0.00010159838876590505,6.391963779618821e-06,0.00011559324690093054,4.572652197764066e-05,4.1903691125217374e-05,5.379949563352365e-05,3.3193599165237504e-05,0.00012024818343173053
ampH,ampH,0.0005923750953799226,625,2.914548475021043e-05,8.791515757534397e-05,5.9664555704060835e-05,2.8990241146641513e-05,3.641975041391991e-05,7.686661952682042e-05,4.726924926767035e-05,7.236940915857675e-05,1.933880024345169e-05,0.00013439582759322682
yhfZ,yhfZ,0.0005922460115240352,626,0.00014807358094401108,2.8257157974735233e-05,7.583702040659236e-05,1.6742415760459948e-05,2.6788085745538414e-05,9.170599062782627e-05,1.7911298787235928e-05,4.977299658036887e-07,0.00012781720962258121,5.861552168925108e-05
bisC,bisC,0.000592023696292712,627,7.258938704337788e-05,1.5513715634608093e-05,5.09724445592522e-05,4.2677676463161125e-06,2.237282604001756e-05,7.503085468446848e-05,9.672569459870836e-05,2.1352865369939513e-05,0.00012499815032061462,0.00010819999039540918
kgtP,kgtP,0.0005917145364434268,628,0.0002200868705274346,3.8127059501418884e-05,6.550794486090224e-06,7.005205703991866e-05,3.1070865060405476e-05,3.623519227960794e-05,1.6729264571106573e-06,6.31508428794487e-05,6.207914321818205e-05,6.26887849938096e-05
ybhL,ybhL,0.0005916184947306597,629,5.007513358093388e-05,5.652551353541086e-05,5.911984712731939e-05,0.0001341592443073892,2.7201730267720134e-06,6.504072908466862e-05,0.00012425228214954523,2.4908928740029667e-06,9.246001022002225e-05,4.774668824595378e-06
yggS,yggS,0.0005913067451077266,630,3.337097593657144e-05,4.2140049945094284e-05,9.447173237225146e-06,5.0519553877382065e-05,5.287803326107535e-05,1.0413900183753959e-05,0.0001037567575156485,5.017745780907965e-06,0.00011682387923593287,0.000166938676134135
gspJ,gspJ,0.0005910815647304237,631,6.739840350455711e-05,0.00015121803308775902,4.210122491688168e-05,4.586974121472279e-05,1.2271811895390971e-05,6.124622498360292e-06,6.89094587066931e-05,0.0001520601072658386,3.9088931101996823e-05,6.039230538223293e-06
yhiD,yhiD,0.0005907324895243985,632,0.00012745663475340483,5.037743294861602e-05,4.362509563580539e-05,2.9221306139937196e-05,2.431552216525365e-05,7.15212832052531e-05,9.177300298691274e-05,7.43334508339013e-05,8.998732133798912e-06,6.911002872151535e-05
rluF,rluF,0.0005906447783883524,633,4.881879938442572e-05,5.784716639681559e-05,6.98221406818774e-05,1.9502651541955283e-05,4.351311374110895e-05,5.5108387851315736e-05,1.9682276936846026e-05,6.036528474293623e-05,3.886187511006544e-05,0.00017712308200100603
yfdF,yfdF,0.0005898385159604017,634,1.4485571161698906e-05,7.321591705370868e-05,6.234470726078378e-05,5.424554977249293e-06,1.7005741151335966e-05,1.333240746580003e-05,6.536445444603436e-05,0.00016061675775695038,6.93482570610816e-05,0.00010870014762575872
sulA,sulA,0.0005892261380413428,635,0.0001910019325566123,0.00010068473535585206,4.825274164616824e-05,2.5062564312992173e-05,2.0931121669477885e-05,2.678835537411575e-06,3.487077161143381e-05,5.37548409633733e-05,0.00010956274964668494,2.4258447413364742e-06
yqjK,yqjK,0.0005891790950324779,636,0.00020892407178284446,9.45186080715244e-06,3.9829843916540444e-05,5.0234142081771194e-05,5.999109829134438e-06,1.2427780758263307e-05,6.992454276509486e-05,0.00010591647120391883,6.660118823336934e-05,1.987008365438861e-05
tetR,tetR,0.0005886320929904692,637,5.130737771764941e-05,6.16271816780944e-05,8.172799020255329e-05,1.6391310675191583e-05,6.667140687362175e-05,4.19632886075555e-05,8.50543089429435e-05,5.1078538588971925e-05,6.30669752406247e-05,6.974371446326318e-05
yeaC,yeaC,0.0005885728001490298,638,2.9044296295778157e-05,8.5342319764875e-05,5.2232273951079165e-05,0.00011529441353571751,8.211268745854203e-05,5.0128550239245116e-05,5.957426425424357e-05,8.67890996138365e-05,1.7892446091151202e-05,1.0162448944561494e-05
galS,galS,0.000588156532541705,639,0.00010684587713814861,6.006907122960071e-05,4.122052395458055e-05,1.5024164649143776e-05,5.680071032474336e-05,0.00017164662748467516,7.1509908031193e-05,5.524984274967553e-05,8.728022216152502e-06,1.0617847637917963e-06
ypdH,ypdH,0.0005879349077617152,640,2.594511800175483e-05,8.31562418863351e-06,0.00015321179105785217,4.26570866532718e-05,6.192452013064094e-05,8.254368750908096e-05,2.5564516840591532e-05,6.235623477386418e-05,1.748054223541826e-05,0.00010793578637060717
fliZ,fliZ,0.0005877384944627838,641,4.830050487653321e-05,0.00011255501293170435,2.188029690759021e-05,2.8344480503755374e-05,5.95143319232953e-05,8.41950754732556e-05,3.813837828962911e-05,7.186696063330971e-05,7.256212171510527e-05,5.0381331208605665e-05
relA,relA,0.0005873267339822911,642,0.0001242136394871078,4.2749202516442045e-05,8.80026586310384e-05,0.00011973325242191251,2.004029479810405e-05,2.1712555021319897e-05,0.00011912079860368284,4.064031821854981e-06,1.4156417724241942e-05,3.353388295658672e-05
umuC,umuC,0.0005872304798436131,643,8.428435959771252e-05,1.294949693108331e-05,6.408858783551914e-05,5.3564426736167586e-05,4.177629373986713e-05,2.4605552872346563e-05,7.879860157228031e-05,5.603723770150953e-05,8.663237306259905e-05,8.449354979452798e-05
lpxM,lpxM,0.0005869955772103678,644,6.527260387324361e-05,5.275949079040635e-05,3.765359955308715e-05,6.335444735379259e-05,0.0001242854830252551,4.424657771998114e-06,9.219576904655403e-05,5.14129146226699e-05,3.5020069608577495e-05,6.061654156478347e-05
paaG,paaG,0.0005869669352185843,645,3.676502838574589e-05,3.1750654918137087e-06,7.621995820714722e-05,0.0002340098890060671,2.7623149245672346e-05,7.981248167061136e-05,1.2105682601397335e-06,6.349261285893743e-05,2.5018439662794663e-05,3.963974242965485e-05
birA,birA,0.0005869130045521795,646,0.00010997061450156756,6.172362435775585e-05,1.419702256431953e-05,1.0095515066112242e-05,9.620511039666942e-05,8.54224433239171e-05,2.681344834902911e-05,4.6323344393782965e-05,5.8441530292050246e-05,7.772035130697541e-05
cysK,cysK,0.0005867722109952508,647,0.00023517525742761626,5.721542436352859e-06,3.6576882287522307e-06,1.201839814902265e-05,6.82119464047975e-05,4.630909031611968e-05,9.667251487632429e-05,5.779876673089603e-07,7.496562325198679e-05,4.346216223696956e-05
basS,basS,0.0005867378697124148,648,0.0001336176259126974,3.0499194388759606e-05,5.793493123697266e-05,2.501195542974376e-05,9.314314304837157e-05,8.16829813547752e-05,2.8642907614426488e-05,7.12905890059772e-05,3.5961381448252003e-06,6.131840357586565e-05
yjdA,yjdA,0.000585863870016188,649,5.844294257821492e-05,7.382158584423467e-05,1.320140486014396e-05,0.00014432379560448276,4.128445052848112e-05,8.93548891367025e-05,5.8259224134368975e-05,2.5874820651236345e-05,6.785625968594019e-05,1.3444496992382599e-05
envC,envC,0.0005857302819716284,650,0.00010521486074679854,5.5819739449476716e-05,1.2123322852357976e-06,2.0411788472568294e-05,9.994337597661893e-05,6.634900976011161e-05,6.427657797737724e-05,4.48556783445666e-05,9.511373285436811e-05,3.253318610450649e-05
ymgA,ymgA,0.0005856450577679227,651,0.00011521738622730157,3.2791326093632686e-05,9.199625357149455e-05,2.103108714587324e-05,2.7361141665450893e-05,0.00011556049966632776,9.209596957368987e-05,1.8840805122244929e-06,2.857461941998729e-05,5.913269389194042e-05
rplX,rplX,0.0005851354400543406,652,0.00025591016462450644,5.5994030640012194e-05,3.2432556804075486e-05,8.508196445459916e-06,3.997017319835223e-05,6.730321885484095e-06,3.614331727418434e-05,0.00014411044386624487,3.448854759064974e-06,1.8873805569561853e-06
asd,asd,0.0005846142825890459,653,6.585804429468061e-06,0.00011120549961527353,2.3552821953873157e-05,6.388561038265062e-05,1.6634863077146705e-05,3.5808704881300884e-05,5.0078413207177774e-05,8.94998141022804e-05,6.114197439342375e-05,0.00012622077654645097
dcyD,dcyD,0.0005846001588825769,654,8.618763976054496e-05,3.97436003481525e-05,7.510416720645169e-05,9.784068030582337e-05,2.86083612534397e-06,5.982689967857066e-05,2.78068284268603e-05,9.906426880625576e-05,3.274348263840313e-05,6.342175558617058e-05
rhaS,rhaS,0.0005845275860084351,655,4.81617413069376e-05,5.449012281160361e-05,2.77125437630297e-05,0.0001244659686149679,2.8153836754743127e-05,2.3099550259958182e-06,0.00018048705102939122,5.1644533826908915e-05,6.081536063549713e-05,6.286472239360057e-06
ubiA,ubiA,0.0005843066942542932,656,0.00015002832649253477,2.5935097857023193e-05,5.970636737857385e-05,3.108087148223738e-05,0.00010421776967806046,5.2211219581312645e-05,2.1144978457155894e-05,4.1619560426750995e-05,1.4735143322569968e-05,8.362735957807396e-05
ytfK,ytfK,0.0005839990145087243,657,0.00011099738885663307,4.024483620228418e-05,1.5752111153588508e-05,3.8516719355400376e-05,3.025372716027786e-05,1.1386280501461811e-05,0.00012613507316150825,3.0224587340423632e-05,0.00015518445238671324,2.5303838390433268e-05
dmsA,dmsA,0.0005838832950734982,658,5.32242945359357e-05,2.0374569846553196e-05,0.00010869223209049432,2.1120718629018534e-05,2.133415641236797e-05,0.00012685780077421787,9.944783587493836e-05,2.9519170056891064e-05,8.258157367552703e-05,2.0730943177554107e-05
yqcA,yqcA,0.0005837255164356455,659,1.9498207822301542e-05,2.3641515700937147e-05,4.3473769989759915e-05,8.568424716409715e-05,3.7446752352564255e-05,2.896237264660328e-05,2.5086861632461052e-05,8.831032125912675e-05,0.00014766698606570315,8.395448180209132e-05
dld,dld,0.0005837125772709975,660,6.0591091394935466e-05,2.3654013895008653e-05,1.4316028369525128e-05,5.133634487109597e-06,9.92554868147252e-05,9.52883985966945e-05,9.862427883788721e-05,0.00012568575200330292,4.671094215933396e-05,1.4452950712474815e-05
yliI,yliI,0.0005831351654974224,661,7.27973800909359e-05,3.462414468244331e-05,7.757208421784028e-05,1.9588682403718175e-05,4.934627972499241e-05,2.6293817037123396e-05,9.831267907145699e-05,1.4706424882693998e-05,5.074090007134998e-05,0.00013915277331486806
ygeV,ygeV,0.0005825588811658388,662,7.18955089454388e-05,3.8478154639053854e-05,5.257149224666575e-05,6.416002553249415e-05,3.258206082530267e-05,7.934906264231152e-05,7.486664439468635e-06,0.00010377276190348659,0.00011951050777408051,1.2752642217536266e-05
yigI,yigI,0.0005824696315821071,663,2.471206393856741e-05,3.550617581177041e-05,5.059908044824829e-05,6.148795754276214e-05,0.00011882313387010255,4.412896103379399e-05,9.976631866894787e-05,1.1244964626919689e-05,2.2709552198250923e-05,0.00011349142344274377
aphA,aphA,0.0005823838165813647,664,0.00013326374492036923,1.647724887071442e-05,5.4380824029530095e-05,7.253402039391436e-05,2.480653839788153e-05,6.753619980611273e-05,6.86317736454003e-05,8.426933721253191e-05,3.351918596623758e-05,2.696494333867261e-05
ppiC,ppiC,0.0005822247237855474,665,0.00011013396981012775,7.199064708029575e-05,5.6847366652169976e-05,6.941027429687757e-05,7.473433843109697e-06,3.281138339941484e-06,9.612832292841093e-05,0.00012259398432587054,2.0086020383978587e-05,2.427956612476524e-05
fadB,fadB,0.000581980298554998,666,0.0001361774424835053,6.0380196908020665e-05,3.282211856376861e-05,8.72648732978964e-05,2.76745823772433e-05,1.5523149828184897e-05,4.4810353354811045e-06,0.0001840415702806178,4.368804369179168e-06,2.9246525111100633e-05
napA,napA,0.0005819697453729073,667,0.00012809868178157018,4.853874825824477e-05,0.0001497016007732075,5.610145068667175e-05,3.802777345825682e-05,5.697150886178041e-06,0.0001037645427218829,2.505850972501647e-05,7.392064588802484e-06,1.9589222493076502e-05
ypeA,ypeA,0.0005812156345496889,668,3.58418112207762e-05,8.94685999445667e-05,7.320785746401721e-05,0.00018831856952451157,1.0986075194058152e-06,3.8314267285487105e-05,3.9222038086100725e-05,3.0720429165627004e-05,6.634840501327248e-05,1.8675049325924015e-05
dacA,dacA,0.0005806052743743646,669,0.00010682357569810464,6.353542057351905e-05,3.9377693026989866e-05,6.036031948269558e-05,6.29204418219889e-05,9.720946276180194e-05,1.245364191467438e-06,3.191044537360421e-05,5.283771157354954e-05,6.438483987064338e-05
rem,rem,0.0005804497520523856,670,1.2532156499046423e-05,6.798474714335753e-07,0.00015528342494426338,5.557635339358795e-05,2.4456402773732434e-05,3.730185563598021e-05,6.51160818698521e-05,8.082554318754816e-05,1.4348890849232089e-05,0.00013432919542770918
ydbA,ydbA,0.0005804146822278571,671,5.843711973284044e-05,2.3908834895014464e-05,2.23709070924907e-05,3.5372020906714625e-05,1.2070202592970941e-05,7.49074718433084e-05,8.77449662528499e-05,4.4269101656263235e-06,9.047083005050639e-05,0.00017070541869553498
ygiT,ygiT,0.0005803715884514113,672,0.00015709459084117604,2.012112429562492e-05,9.895146342567597e-06,3.6169037788205994e-05,5.484501891707945e-05,5.787666987726402e-05,2.2896960419340888e-05,5.819789827336265e-06,8.204383205149964e-05,0.0001336094180913165
ygfI,ygfI,0.000580219883132442,673,0.00010947829635342923,1.610948588379308e-05,1.0292515840631084e-05,5.825440430588036e-05,9.915411600037189e-05,2.7383485465951197e-05,1.2617964316548742e-05,7.015607383146678e-05,0.00013450126709606305,4.2272274038306646e-05
hdeD,hdeD,0.0005800544527660414,674,7.674719739859273e-05,1.896254764622105e-05,6.534202782881475e-05,0.00011803676331111696,7.043944070774752e-06,2.5839132736836318e-05,0.00015069316125217015,3.8941034540797074e-05,2.2703962247684297e-06,7.617824775594915e-05
yfbS,yfbS,0.0005798741233880005,675,1.8289718410334826e-05,4.771326444902837e-05,3.175144087001561e-05,4.249670083370445e-05,4.260644291044937e-05,5.725688865720367e-05,0.00014095845150682572,4.821150842789106e-06,6.014301297359659e-05,0.00013383705193405275
yjjK,yjjK,0.0005797462366950041,676,0.0001460651215178253,9.739061845409066e-05,2.538094758432528e-07,4.846443439387978e-06,0.00010071362248579289,3.4375426113176755e-05,4.976900073645338e-05,8.232308591705237e-05,3.343175432941654e-05,3.0577354225964894e-05
ydbC,ydbC,0.0005796108664238951,677,9.033794293097733e-05,1.8108309183493647e-05,1.0112025894296206e-05,1.0925914553251706e-07,7.1296284057607244e-06,0.0001256713111195193,0.00010650489665106943,2.2547856401956013e-05,6.055615511812215e-05,0.00013853348157316783
cysN,cysN,0.0005789927672927982,678,0.00032060590578800386,3.4349607033823564e-05,7.249700240361809e-06,2.2571083669932512e-05,2.417609465493236e-05,1.5050551629990025e-05,6.474772487730805e-05,3.91711984883388e-05,2.137888953576955e-06,4.893301195653027e-05
ydbJ,ydbJ,0.0005787846240814054,679,4.9922170880701876e-05,1.1304268981599176e-05,3.913928418627317e-05,0.00010269879909387012,6.437994090696179e-05,7.352037196885273e-05,0.00012877736721163732,4.792994112003558e-05,2.5507217174640615e-05,3.560526255683296e-05
LELOBEKK_pheS,pheS,0.0005785797960208473,680,0.00010697617631532718,5.118060861460658e-06,6.61110711956294e-05,6.584248773833655e-05,0.000150790969981142,3.739059172059176e-05,4.555710964034435e-05,4.9671017107984326e-05,4.7639554166416066e-05,3.4827572936149894e-06
ybhM,ybhM,0.0005782527330127328,681,0.00012734986130011553,2.7284120088724838e-05,8.18931059681755e-06,1.3662551635484601e-05,2.5921518085757077e-05,3.9096163720439515e-05,5.578383709474444e-05,0.00012404157631928082,9.836028141141049e-05,5.8563512759957935e-05
LELOBEKK_lacA,lacA,0.0005781775164517071,682,0.00011229350149294865,3.805495383806834e-05,2.9755052866641958e-05,1.6560411973444996e-05,2.5194141747119037e-05,0.00010695416171127277,3.636562996126803e-05,3.234080025196176e-05,8.432203368138111e-05,9.63368289276004e-05
yicN,yicN,0.0005761175938678884,683,1.9016393230909378e-06,8.007266256583014e-05,3.854539673905592e-06,1.3181166137931383e-05,5.1758563427434484e-05,4.664628862402962e-05,0.00017085209383220328,4.430283565764384e-05,5.387474091601621e-05,0.0001096730637098028
pdxB,pdxB,0.0005760568542623069,684,4.639637630275837e-05,6.706071964339229e-05,1.2687866230281561e-05,0.0001308724029120982,3.726377904407972e-05,5.67975266180343e-06,6.570992297735349e-05,0.00010524705868097233,5.177492898915471e-05,5.336404682041286e-05
idnK,idnK,0.0005758962235387025,685,4.219896791006922e-05,7.853760951488618e-05,2.577143080855903e-06,7.521098160462654e-05,6.258629606250719e-05,9.271086468903641e-05,7.207888652620857e-05,4.329156668283322e-05,4.518694791608996e-05,6.151695955158935e-05
lysS,lysS,0.000575637146763197,686,5.4579174945227596e-05,6.128628198791088e-06,6.287153924619933e-05,2.7390703289409088e-05,0.00014766701269662327,2.6758833829848343e-06,0.00019474204493546946,2.5876480398163823e-05,2.805680314832642e-05,2.5648876522002077e-05
ygdI,ygdI,0.0005756211209033697,687,0.00019748489152505018,4.73071234615462e-05,7.09883737822338e-05,3.241817354057614e-05,8.108791893374961e-06,4.685980110351504e-05,2.028876325399559e-06,4.213182533240759e-05,3.96183239705205e-05,8.867493996874565e-05
uvrA,uvrA,0.000575582691604499,688,8.602613265145431e-05,5.4233838383451964e-05,6.600753852445899e-05,1.0567128110981834e-05,0.00010287481210345456,3.70188912205554e-05,6.19791332382574e-06,8.532502118206496e-05,4.59538776870104e-05,8.137753841724082e-05
yidI,yidI,0.0005755743546870704,689,3.557623051000203e-05,5.530885079827852e-06,0.00011684667290070636,1.2152793924302341e-05,9.58735152805248e-05,6.630248214649656e-05,4.0783631211484034e-05,8.575046584765916e-06,0.00010997117321927042,8.396192382969004e-05
ycgJ,ycgJ,0.000575140603241263,690,0.0001035814404947071,6.731966517480198e-05,5.0397142002575665e-05,7.237037011510129e-05,5.0183227089979075e-05,1.1538327362297911e-05,8.172051285051032e-05,9.108906847534075e-05,2.59200811544485e-05,2.1020768521500262e-05
yegK,yegK,0.0005748627725004012,691,7.484291884297531e-05,1.7513353063118133e-05,9.268468186002852e-05,8.888072899718349e-05,6.603273180351474e-05,5.362242542700586e-05,4.798735581018497e-05,4.871733089663655e-05,3.1079743946434335e-05,5.350150185331925e-05
rhtC,rhtC,0.0005745945181809172,692,7.543111333329738e-05,3.097871581420189e-05,8.558636757734361e-05,8.005130697675606e-05,0.00010178370985413916,1.7044750375006805e-05,6.584755529459463e-05,6.627744858967096e-05,4.6193983745152657e-05,5.399566620754119e-06
proV,proV,0.0005737871183364317,693,6.927886722587292e-05,0.00022890663653157153,3.3821026545258166e-05,3.110089380361167e-05,2.6791309419826016e-06,4.191246707346188e-06,4.744527167169141e-05,0.00012870369584055386,9.769594736298047e-06,1.789075433224531e-05
rpmD,rpmD,0.0005736318655990344,694,0.000267536770593465,2.2967801339114838e-05,1.3223870638926566e-05,5.593762842277343e-05,2.7014966494404747e-05,8.073604905424254e-06,7.980550644305684e-05,2.6422797160424082e-05,4.148822736367504e-05,3.1160692237769744e-05
yijE,yijE,0.0005733351280837634,695,3.5597081500316135e-06,7.595113197631771e-05,7.228285949336302e-05,0.00012687705259665865,6.31868569383588e-05,9.226292553728232e-05,4.7267596845157085e-06,9.798458717942398e-06,0.00010542198866450147,1.9267386324791795e-05
hlyE,hlyE,0.0005725901726198601,696,0.00011496066158901245,5.0205231253109304e-05,2.0440760660657245e-05,7.394528105018525e-05,2.246576291197229e-05,4.68043895840711e-05,0.00013388130727161503,7.884578494818883e-05,4.7445841235923974e-06,2.6296409227456243e-05
ygbF,ygbF,0.0005722925155345124,697,1.3305254707206145e-05,4.2161676157783747e-05,0.0001135759396024682,1.405266532642885e-05,7.68538011998105e-05,8.919492454472565e-06,9.281141685874296e-05,0.00010581651429653485,3.2930311555866124e-06,0.00010150272377547799
astB,astB,0.0005717684245056575,698,6.373780066879346e-05,9.464531124276607e-05,4.6215688461783456e-05,4.6044962528183576e-05,0.00010217324171099989,4.0523595417644e-05,8.080643177000937e-05,2.8120608651111785e-05,3.475692963093661e-05,3.4743854423429194e-05
caiT,caiT,0.0005713021800908697,699,7.544607033117802e-05,7.47450887379141e-05,3.6394754713030106e-05,2.4404287979798268e-05,8.622992569940997e-05,9.497948347048632e-05,6.636118861871239e-05,4.5117559569119314e-05,1.1346357050940256e-05,5.6277463920280985e-05
rihB,rihB,0.0005711029754512346,700,0.00011493342590710466,5.233428980012516e-05,3.7642217707086106e-05,6.533380065348267e-05,3.248432710599799e-05,2.1463835722910445e-05,4.4172994009124966e-05,4.796363211669332e-05,3.9272761404481225e-05,0.0001155016910242281
nudF,nudF,0.000570821101265848,701,6.322390902241607e-05,1.152308624752675e-05,4.723839411340115e-06,9.618401647729704e-05,1.3211067057291526e-05,7.283231954082771e-05,2.982247345737208e-05,8.667838855490247e-05,5.6218972297169416e-05,0.00013640302919970488
yjhA,yjhA,0.0005705426616222132,702,9.594017552804938e-05,1.0476266255740924e-05,5.676676340000545e-06,8.126729875114137e-05,0.0002113255781443435,0.00010243624549512254,6.142967595197596e-06,4.221287082756482e-05,1.238281700139568e-05,2.681765683656771e-06
ydiS,ydiS,0.0005703535241847791,703,0.00012039717322187023,1.2214865666347916e-05,4.337631772648735e-05,0.00011042656176289379,7.643949398979698e-05,1.7765733158056286e-05,1.3523937511014051e-05,3.972688915239421e-05,6.814672887236483e-05,6.83358231235536e-05
ybfL,ybfL,0.0005698611746256046,704,0.0001510046137976513,2.083808587100643e-05,5.452607810490716e-05,1.917579843031133e-05,2.3647008739867136e-05,3.709189958103324e-05,5.06761367165456e-05,2.735583357557142e-05,7.520934317979802e-05,0.000110336376628913
adiY,adiY,0.0005693951669704159,705,0.00010400964506016057,4.847877163466622e-06,2.3066600980572713e-05,6.591570377327176e-05,6.058915293941006e-05,2.213808463992408e-05,0.00011753060166799705,8.997107380115977e-05,4.2167132055430364e-05,3.9159294889022796e-05
yagM,yagM,0.0005693901633070177,706,5.4125335476020344e-05,7.79448667370076e-05,4.510332149317364e-05,7.129241071717713e-06,0.0001474172950450108,1.4709674727222171e-05,8.00251503253486e-06,2.2366365092528426e-05,0.00011970822289862772,7.288332573317443e-05
yheU,yheU,0.0005693261083974187,707,0.00016117328312758518,7.388744522577226e-07,2.937426685889233e-05,5.132745917789799e-06,4.071643652650204e-05,8.529302741474429e-05,2.2211559091917353e-05,9.297007438583251e-05,0.00011058340200976321,2.1132438612134358e-05
ydfB,ydfB,0.0005692864142810798,708,4.915750422558749e-05,9.6236270988415e-05,5.999122127051052e-05,3.348580337495204e-05,4.759917771613621e-05,5.845183511744185e-05,5.418981244779257e-05,5.0793247420579026e-05,8.364667595570277e-05,3.573486576396231e-05
ylbH,ylbH,0.0005687728732909744,709,0.00015136246733704587,3.530959201411601e-05,1.923543330476586e-05,1.8664189463532165e-06,3.2375817588446435e-05,8.920579936605489e-05,5.850135343575712e-05,7.996539516135341e-05,4.464768416917437e-05,5.630291196790719e-05
argE,argE,0.000568509372703056,710,0.00011578850481500578,7.07526604604165e-05,4.395833444153503e-05,6.693653009195363e-05,4.266550412476808e-05,6.193220785882441e-05,1.938963786819812e-05,2.6649986953668787e-05,1.1719158800014714e-05,0.00010871684728867091
ycgB,ycgB,0.0005676112897552505,711,5.224411785148923e-05,1.6950414919128988e-05,2.683792988664973e-05,9.61266045616528e-05,3.584312390653274e-05,4.45836333535909e-05,2.8375378953273765e-05,0.00011695661562102391,5.477534789378389e-05,9.491812280812454e-05
garL,garL,0.0005675628890813516,712,8.617065614301676e-05,5.280299095788518e-06,7.553847667157069e-05,5.415277514039244e-05,0.00011339945163351444,0.0001030435002087198,6.533539267466126e-05,3.0129412347094103e-06,1.520330949406401e-06,6.010906532957183e-05
yehZ,yehZ,0.0005675036738300587,713,6.49700485669714e-05,7.210881525987679e-05,1.5226583441558439e-05,9.189142551103242e-05,9.606963212817502e-05,9.542923071603983e-05,5.800167771286708e-05,1.5575058534457303e-05,4.930384235508552e-06,5.330081772357196e-05
pepQ,pepQ,0.0005671957826054443,714,8.655211244124617e-05,1.4592724830086324e-05,0.00010132280454391172,8.220433633689089e-05,5.8218565209828624e-05,1.3030837988879152e-05,7.44379327330019e-05,1.281923809241565e-05,2.356912250608311e-05,0.0001004481079231007
bglJ,bglJ,0.0005668962117699836,715,5.082041274708e-05,5.3492587462673954e-05,2.47610864900219e-05,2.1817981504072612e-05,1.2117107978887192e-05,0.00010571381039557868,7.773608191845318e-05,2.4798341371174406e-05,5.3223793014872195e-05,0.00014241500888716947
prfA,prfA,0.0005661882753728856,716,2.0073982773878468e-05,6.730990880737494e-06,8.88838215726915e-05,8.780662442454335e-05,1.4822253743967444e-05,0.00010357721132070627,5.2869560885908165e-05,6.131244066661298e-05,7.1509044701624e-05,5.8602344402215973e-05
ybaL,ybaL,0.0005657797964203182,717,4.620082442058898e-05,1.250275068868482e-05,0.00012152842649105052,0.00019741886890690182,6.436144163673128e-05,1.3220162495519418e-05,1.0258831796008955e-05,2.738886250031659e-05,3.3839919484787936e-05,3.9059707999727984e-05
yfeA,yfeA,0.0005657212308978659,718,7.465666893739434e-05,3.823432592575479e-05,1.4816311482666049e-05,6.298315428994795e-05,5.805367979094964e-05,5.492501425105149e-05,0.00015791920272777678,3.547267003461794e-06,2.7266066890759604e-05,7.331953959810344e-05
yliB,yliB,0.0005650854702622031,719,6.958440812638428e-05,4.155156406039333e-05,7.323280778814951e-05,2.6903757789296248e-05,4.7950155315463005e-05,5.592430459826167e-05,3.304441845996786e-05,7.815224530695271e-05,4.079280126193928e-05,9.794900755539515e-05
putP,putP,0.0005649482595999908,720,8.753420339148252e-05,0.00010349801410457156,4.1791638642587693e-05,5.101999142190842e-05,7.506818783927439e-05,2.75515895958196e-05,8.809921080414957e-05,4.88145151532053e-05,3.2057223594558275e-05,9.51368505243344e-06
katE,katE,0.000564775528588625,721,2.7669756863184417e-06,5.76951567258712e-05,2.9526871474928176e-05,7.400702644567327e-05,8.918180258244935e-05,0.00011135899223777174,9.995409839936004e-05,6.305673974388004e-05,1.2657708894594297e-05,2.4570156397778405e-05
gspC,gspC,0.0005646577100946193,722,1.4065429440262627e-05,1.4636691451068264e-05,6.681452411781367e-05,9.65097876838511e-05,7.222531076403857e-05,4.5618550683679866e-05,0.00010345291218789046,2.047035426220403e-05,5.4874843774543986e-05,7.598930572926669e-05
yjjN,yjjN,0.0005645507947236548,723,2.418266116147882e-05,0.00013541104563136085,1.3408025780021782e-05,1.6376705661379414e-05,4.592264114040403e-05,6.87276192811521e-05,0.0001472445120683874,5.229496116999069e-05,1.41577679471277e-05,4.6824854882352114e-05
degQ,degQ,0.0005636111170314992,724,9.492827758401694e-05,0.00012972929581484945,8.311194458424396e-05,2.0960930498579212e-05,7.920760803328852e-06,9.745442310550413e-06,7.269090620818425e-05,5.8945762963108914e-06,0.00011152224149045671,2.710674144097849e-05
yhcH,yhcH,0.0005634304536220392,725,2.4789241606250536e-05,7.507695722926665e-05,1.0470297420966493e-05,0.00017123202295972833,4.240262046587968e-05,4.49960649172127e-05,8.326316423126566e-05,1.872318802738868e-05,7.216491132628781e-05,2.0311985437792662e-05
ygfO,ygfO,0.0005633557688733346,726,6.293091176432197e-05,0.0001078113108441694,2.4313353321455514e-05,6.353032076294304e-06,3.278193023955945e-05,9.727557488288062e-05,1.797741320578924e-06,6.861073477901873e-05,0.00010606838139917785,5.5412798245877795e-05
ilvC,ilvC,0.0005630202545125894,727,0.00011757397801241157,2.396247439277983e-05,4.556309736116896e-05,9.318023254769043e-05,6.702318446979495e-05,4.578811645841386e-06,7.620336163679275e-05,5.335992947505616e-05,8.120380756226031e-05,3.7137740879302586e-07
LELOBEKK_rpsL,rpsL,0.0005627546219275618,728,0.0002462100077502981,3.763737621882544e-05,1.8093883361928627e-05,3.628814048509809e-05,4.9641543572388165e-05,2.7589135564403978e-05,6.781560275307729e-06,5.271147344487478e-05,5.179564295618115e-05,3.600585829825569e-05
yjjI,yjjI,0.0005622843301478799,729,0.00013930687415138833,3.5592209673775794e-06,0.00015362492129489467,1.1047540202173136e-05,1.5054026075852688e-05,1.0575702290009658e-05,2.806371507249887e-05,9.698346322976771e-05,4.1897280455479006e-05,6.217158640843822e-05
grxD,grxD,0.0005620441805754829,730,1.859377920115176e-05,0.00013138734109966065,7.696240055584964e-05,2.8283522527102482e-05,5.4452554873862975e-05,5.6547064327875745e-06,1.745075842910603e-05,2.8705947552428807e-05,0.0001589568956854649,4.159627421806815e-05
rsxC,rsxC,0.0005619915916901103,731,4.624292138666352e-05,0.00013036868716417244,3.4706009856905707e-05,0.00012628731137359774,7.399019397186587e-05,1.721975331137044e-05,5.859197084924334e-05,5.8638189313867815e-05,1.283217644874598e-05,3.1143780136774213e-06
ybaT,ybaT,0.0005618696990457562,732,8.719897700948089e-05,1.2592273702069891e-05,0.00013006324092626332,7.408069154879965e-05,5.0488555952318744e-06,6.132798170761519e-05,9.384468983193996e-05,3.3138090512122564e-05,3.5335436054054335e-05,2.923946215817849e-05
intG,intG,0.0005616536967552163,733,4.1455782410892035e-06,6.190622621669554e-05,9.448889544702868e-05,5.506730015750312e-06,0.00011842846052615615,2.68078219416589e-06,4.620153330027527e-05,2.9486321356888035e-05,0.00011822328734561323,8.058588211155404e-05
chiA,chiA,0.0005610954664062471,734,3.0461316727784853e-05,9.239610303511596e-05,0.00010402371757200659,0.0001667954051780908,3.293428453919132e-05,5.876811699508201e-05,1.1017478181627709e-05,6.200064179651424e-06,3.780992062873619e-05,2.0689059368960216e-05
iscU,iscU,0.0005602273171019063,735,6.240174036068284e-05,6.801046063067932e-05,2.6823863859440572e-05,6.096399091934166e-06,0.00012323038944260774,6.045179595560566e-05,6.56764276846835e-06,2.269766147845456e-05,0.00011132456516882748,7.26227983452056e-05
xylA,xylA,0.0005594836405197613,736,9.590878631957621e-05,4.214415182780347e-05,1.8364378196858544e-05,8.954508668043991e-05,4.436655652220829e-05,6.053821118529235e-06,0.00011201192751764591,8.72600827194064e-06,8.273383198869691e-05,5.9629092076062155e-05
ribC,ribC,0.0005593845828708493,737,9.295260481401055e-05,6.728593142180854e-05,7.777602972737008e-05,8.420141986573603e-05,9.25054111209426e-05,4.779628156150222e-05,3.0748563120691615e-05,1.1380683226364735e-05,3.757527595150926e-05,1.7162382060913613e-05
ygfK,ygfK,0.0005592874797080936,738,8.919500101079783e-05,1.838215364317464e-05,3.2959918892087347e-05,7.199278016420716e-05,6.431206744049562e-05,7.029190927783336e-05,6.237145394640221e-05,3.9862336478810525e-05,6.831141161601256e-05,4.160844723827244e-05
glnP,glnP,0.0005590328494224998,739,4.644387273809716e-05,1.15006067613119e-05,2.4118455527998784e-05,7.689243256479038e-05,1.5807166282293452e-05,4.528502846236704e-05,7.159802787180739e-05,8.537427970286747e-05,0.00012174211948825146,6.027086002271483e-05
arnC,arnC,0.0005590288850033703,740,0.00012961160163452311,4.977387052119264e-05,6.806909624542777e-05,7.41359202618023e-05,4.1965863355963044e-05,0.00010232106490173202,2.3172678424064713e-05,1.8252626593806268e-05,5.1222871907869606e-05,5.032911569888018e-07
ygeX,ygeX,0.0005589785139450974,741,0.00017091088177682997,5.064597886505012e-06,6.191955997543007e-05,8.200191339661801e-05,3.58442692548495e-05,1.7064325209784247e-05,8.190930821712709e-05,3.790186205761956e-05,3.463070909360704e-05,3.17310870767269e-05
sseB,sseB,0.0005585563938584922,742,6.879982755056116e-05,4.682939539180601e-05,1.3798171959756992e-05,8.243169427312055e-05,6.190251699950014e-05,6.849141191237654e-05,0.0001302123006604565,4.526470342308346e-05,1.2864936970943013e-05,2.79614347168879e-05
barA,barA,0.0005585478646756299,743,7.722742359662296e-05,3.040667101352642e-06,1.1796774884423878e-05,5.620492107454778e-05,9.151385246365701e-05,2.537749076367947e-05,6.925986958895916e-05,5.686140270549645e-06,4.0907976173427065e-05,0.0001775327487584103
aceB,aceB,0.000558494114287087,744,6.182177424291813e-05,3.524699298534436e-05,2.141300673662912e-05,1.613184237464826e-05,0.000136681796019875,6.212334179719667e-05,1.817349724395399e-05,0.00012127078847650461,5.584171600011965e-05,2.9789358409897246e-05
rsmC,rsmC,0.0005582439463837874,745,6.219155513789911e-05,2.0950700378158088e-08,3.478208113443674e-07,3.339555345904515e-05,0.0001047273962245088,8.680046673320059e-05,6.481829240549123e-05,0.00013457627339400104,1.36924671580706e-05,5.7673170359848334e-05
nudB,nudB,0.0005579995703472334,746,5.7132107373368824e-05,0.00013061501426603719,2.5114153021189816e-05,3.6000662391322186e-05,3.155807776221636e-05,3.565597823607094e-05,1.5382489207903133e-05,6.951233827380583e-05,0.000125758613624018,3.127013619130115e-05
potD,potD,0.0005579712249996133,747,7.88844058623923e-05,5.2896434797019714e-05,2.2007669935935382e-05,0.0001133843817440002,4.060718853419477e-05,1.390797746056816e-06,1.979269731386817e-05,1.4952767869750921e-05,6.391929051719033e-06,0.00020766295214467601
ydhQ,ydhQ,0.0005575940556948268,748,0.0001415263364083847,2.5339706176125733e-05,6.400829631754651e-05,7.972463088984563e-05,2.7024823944432096e-05,4.963952746858524e-05,5.557339849199454e-05,2.4759879659937205e-05,2.7992590882234344e-06,8.719819724975166e-05
ftsA,ftsA,0.0005574086351126807,749,0.00010339866553294134,2.298957110845083e-05,3.590196091166869e-05,1.7090017069748458e-05,9.514677578945332e-05,0.00018557578453731814,2.0080273132751897e-05,2.8736567732488044e-06,1.5054583032951232e-05,5.9297347224147944e-05
ddpF,ddpF,0.0005573373501221199,750,7.149984630644742e-05,6.574739663836872e-05,4.233181693928665e-05,0.00011087378206665848,1.8966827653357016e-06,7.119015320173004e-05,3.069001108063711e-05,1.2957422311969403e-05,0.00011438574762080424,3.576449119088222e-05
eptB,eptB,0.0005572591315698805,751,1.1017943163192531e-05,7.390172848369619e-05,0.00011445132629679841,7.760168056708092e-06,7.316706384783441e-05,2.102167252393814e-05,9.115865364829472e-05,8.050183474702937e-05,4.7451211703510926e-05,3.682752909887772e-05
ftn,ftn,0.0005572369781257156,752,1.3087099927362348e-05,0.00012151113122233803,0.0001256234913014221,1.7709041219037992e-05,4.9217295353990126e-06,5.668307169077188e-05,9.565032141740309e-05,3.834865694423845e-05,8.021450750783795e-05,3.4879273599047776e-06
guaC,guaC,0.0005565610259786052,753,3.263385645008836e-05,2.844117227465195e-05,9.843384934317554e-05,1.001202323915609e-05,2.972061771856192e-05,9.834794721914348e-05,9.29474118561405e-05,3.05524897185881e-05,6.765065119681832e-05,6.782100696228088e-05
yecR,yecR,0.0005562659224868952,754,0.0001516369061142005,9.652971104308868e-05,1.4036954399746163e-05,2.2051394674709113e-05,6.18225578526261e-05,1.554070367819868e-05,6.85039196556283e-05,7.176391572327194e-06,6.827314908802906e-05,5.069423440834137e-05
pgaD,pgaD,0.0005560692343124075,755,0.00012103508788925587,5.4305965359729955e-05,5.001631451717713e-05,1.467721175619275e-05,2.3768853562634212e-05,3.8356443673563265e-05,5.785501706005243e-05,6.224795575647317e-05,6.213548026533469e-05,7.167090447199407e-05
cysI,cysI,0.0005556720527057186,756,4.593337946852995e-05,6.951113920957089e-06,6.024219252408705e-05,8.591520636541813e-05,5.242236424365275e-05,7.895057917066682e-06,6.9319466242213265e-06,5.4475668290763714e-05,0.00015066855636341531,8.423656698760666e-05
ruvB,ruvB,0.0005556271963498301,757,0.00014891551872023016,1.62048024092146e-05,5.081751306167145e-05,1.7039094755935487e-05,6.522254967865911e-05,1.581034794091061e-05,5.003930312039896e-05,0.00010203487468979164,3.715498634450141e-05,5.2388205628516703e-05
ydgA,ydgA,0.0005541922065536402,758,0.00027441091699580665,6.59949089763406e-05,4.243075393377021e-05,2.2285507972240637e-05,2.9247882956776002e-05,2.0583089735358635e-05,1.7347371743600888e-06,6.9431134633180404e-06,1.9774952637575596e-05,7.078634270809374e-05
basR,basR,0.0005540771303462292,759,7.326183501747405e-05,2.0663365335740645e-05,1.4627216110916854e-05,5.787373709908259e-05,3.0859745858359324e-06,8.281467905590769e-05,0.00013962646084487225,4.600243131224902e-05,5.2674861511315375e-05,6.344656947283475e-05
ffh,ffh,0.0005540763250832692,760,8.694179668526665e-05,1.3517572140030647e-06,5.856463526867605e-05,6.639161684207908e-05,3.232928276325754e-05,4.714353634851377e-05,4.0433574405624116e-05,5.8822838761508775e-05,0.00012608360266534312,3.601368412899701e-05
pgi,pgi,0.0005539682260201189,761,8.878524652689583e-05,1.700248140263916e-05,4.194479244371327e-05,5.4754765371793664e-05,8.740045559207634e-05,2.9909539135885605e-05,6.904729236421117e-05,4.773187974867111e-05,2.155591082340863e-05,9.583586261082411e-05
ispU,ispU,0.000553305240885008,762,2.4585844948130143e-05,2.4369629550065057e-05,1.8475282238522347e-05,0.00010681771917567853,8.557028549547959e-05,1.446540892419926e-06,3.3368435679679044e-05,1.7376097466027173e-05,0.00011885615607454247,0.00012243924936446374
hflX,hflX,0.0005531998702727835,763,0.0001397015252235785,3.3016923614976333e-05,7.415756707207495e-06,2.4725759442287893e-05,5.631671588846775e-05,3.1177332809229573e-05,6.663040220644946e-05,1.7105664477306518e-06,0.0001351351978663266,5.7369690066529254e-05
ybiR,ybiR,0.0005531801945998287,764,6.21415586416585e-05,1.5167595792965016e-05,3.800957180297192e-05,8.41963946422064e-05,0.0001048949210706446,4.5679958098845236e-05,3.0938049276017776e-05,5.844142218498653e-05,4.2946466015530356e-05,7.076425707400235e-05
recC,recC,0.0005530450619585779,765,3.213490870021606e-05,4.6883040121364095e-05,0.00011064483795564922,0.00013451754595346268,6.29536910814166e-05,2.172990609027423e-05,2.0603983690022548e-05,6.953692824770005e-05,2.1469225839940713e-05,3.257099427853164e-05
yfgH,yfgH,0.0005526755201556605,766,3.6690390826746254e-05,2.1532875783496613e-05,1.074142413862279e-06,5.3070879558481466e-05,4.375486721570106e-05,6.515637650712302e-05,0.0001162747082195168,1.445216857814125e-07,0.00012030968923630809,9.46670687086435e-05
rpsC,rpsC,0.0005521650430288549,767,0.0002882763789699486,7.859731491806447e-06,3.873487985683294e-05,1.2240310522250731e-05,1.017480559585304e-05,2.0329562518208637e-05,7.630518504827547e-05,4.1224235218322024e-05,2.7298691514143607e-05,2.9721262293213267e-05
yabP,yabP,0.0005519969100210806,768,0.000108667253254445,8.673823219195343e-05,3.40654439131556e-05,2.4065292050639664e-05,6.577704192298295e-05,2.0199314409713197e-05,7.438854985063907e-05,3.9342125668399275e-05,6.155327170944146e-05,3.720038504971097e-05
rplE,rplE,0.0005519147574567978,769,0.00032348782112649873,2.509561283026264e-05,3.5891134082008015e-05,3.240164103387604e-05,2.1644873052918058e-05,5.391306345253586e-05,1.5756698972004502e-05,3.409762243151222e-05,2.072991642938328e-06,7.553298832243428e-06
yhhA,yhhA,0.0005517580559421312,770,1.4298272893702572e-05,8.155123213518845e-05,3.13461915249691e-05,6.076073668823625e-07,1.7459178473790847e-05,0.00012880109121581428,0.00013312268050536148,0.00010386235564916501,8.688884978703742e-06,3.2020561198553335e-05
yhcF,yhcF,0.000551631172286653,771,2.511059477002703e-05,1.4015326864188762e-05,9.665643313791889e-05,2.2652008104324672e-07,4.5820292343818944e-05,0.00010289723847978402,9.057687357854469e-05,7.188088179163907e-05,4.774521063665679e-05,5.6701800603031486e-05
yeaG,yeaG,0.0005513708472909529,772,3.111185589314731e-05,7.361863028038303e-05,3.6879707479476096e-05,4.976007602712738e-05,2.2767289735965885e-05,5.0121947319200125e-05,3.7847377226441495e-05,8.831485640821298e-05,8.861720584713192e-05,7.233190107386676e-05
gudP,gudP,0.000550246742915367,773,7.501108189783963e-05,9.010240367864735e-05,2.086030923810248e-05,4.579478291873055e-05,8.268909483373237e-05,9.981510362527144e-05,2.4693040776989314e-06,4.69745108693639e-05,6.491430661932927e-05,2.1615845156651205e-05
trkD,trkD,0.0005502387187541655,774,4.829738358868368e-06,5.487877471984065e-05,1.0084027425115278e-05,4.0486927291857515e-05,4.0308378595790285e-05,3.2379490952185504e-05,0.00018749172485996922,5.6717934976641986e-05,5.90911778595164e-05,6.39705437143803e-05
ygbT,ygbT,0.0005502206316182229,775,8.880794300878276e-05,1.67640076478489e-05,4.706187097275905e-05,0.00011345766219329572,2.645665482428476e-05,2.6771025783379665e-05,2.850790510915894e-06,7.103751922793408e-05,5.3505559044561935e-05,0.0001035075984044602
gss,gss,0.0005498135303428613,776,9.660906721247546e-05,1.9914881392542596e-05,4.62806986894841e-05,4.185402152848362e-05,2.349148881830964e-05,2.7016066745607085e-05,2.3571965007460727e-07,5.485824123540405e-05,0.00012756592139159356,0.00011198742367888649
ybiV,ybiV,0.0005495088725951565,777,9.184793402524588e-05,4.960497430916168e-05,5.904873980249592e-06,9.810087305486531e-05,6.30419177008325e-05,5.485402231515965e-05,7.414229063480712e-05,6.936488628178926e-05,2.50526954770092e-05,1.7594404816036176e-05
pnuC,pnuC,0.0005491090331402859,778,5.1652211262392826e-05,7.041075989084853e-05,1.3461163643645749e-05,0.00015074962943136737,6.554016979197405e-05,9.114601989181074e-05,3.49935125336209e-05,1.619454605642024e-05,4.3420827144589124e-05,1.1540193493616376e-05
murF,murF,0.0005485984641600339,779,7.378378575421787e-05,1.8328645918803535e-05,3.864746585964843e-06,0.00015367078653804185,7.237456159800717e-05,5.973627362361774e-05,2.4542176686816385e-05,5.9965009258689165e-05,4.34138915088561e-05,3.891858668701929e-05
yehQ,yehQ,0.0005481261080761764,780,0.00012053372717879014,6.778022352589951e-05,0.00010094368800682432,9.711530982662793e-05,3.794955239896811e-06,2.983153715038237e-05,2.772500436469451e-05,3.7169572908748256e-05,1.0658282478986164e-05,5.257380739532636e-05
yfjI,yfjI,0.0005479697329382694,781,3.2152348387381537e-06,3.951308658693263e-05,1.8640097936899267e-05,0.000198301990403986,5.784523754990966e-05,1.5252502559870098e-05,0.0001296987333396794,2.123970057843005e-05,3.556793404355471e-05,2.869521510026957e-05
yebB,yebB,0.0005477923393863022,782,0.00012378388999791432,7.322269628580896e-05,1.4502144619885782e-05,6.593613780662569e-05,2.523635399102616e-05,4.7562598239939e-05,3.50502302436568e-05,4.9621749849106294e-05,3.782995007584695e-05,7.504658827649228e-05
pntB,pntB,0.0005477255240070877,783,4.439069734971136e-05,3.4438017849131805e-05,9.670088863376183e-06,0.00014594457237885176,4.214016914043738e-05,2.031853720680132e-05,7.346056681147135e-05,1.4441110697862277e-05,9.14430486859113e-05,7.147871502353297e-05
clcA,clcA,0.0005474211934175211,784,3.787269883335696e-05,1.665085471900157e-05,6.247579523042032e-05,0.00023506863532468482,1.625957138011232e-05,2.0694734570262516e-05,7.180895108918321e-05,3.0448808591757384e-05,5.166481184179024e-05,4.476331836951802e-06
fxsA,fxsA,0.0005469392333635681,785,3.192836463917976e-05,6.060509876452338e-05,4.9609089280684387e-05,5.4168319747362695e-05,7.566123749245633e-05,1.708001415908356e-05,3.6228882257272616e-05,0.00012077474349059696,7.0042947259809356e-06,9.387918880642743e-05
ybgS,ybgS,0.0005462733143291828,786,0.0001242547762911955,3.0409789285887905e-05,7.444755188645415e-05,0.00013960724129551474,3.84152799522144e-05,1.0922070068411725e-05,1.6297785824743876e-05,2.1009531762391175e-05,7.808383360995848e-05,1.2825454352410894e-05
yieK,yieK,0.0005461363134613286,787,6.768241430283173e-05,3.464914720116206e-05,0.00011379589717453108,9.16990844751228e-05,9.423089728013068e-06,4.194231320726265e-06,8.586005574520742e-05,4.9863360279308814e-05,8.180845121295816e-05,7.16058202146719e-06
mngB,mngB,0.0005458533522684787,788,8.956079387747303e-05,8.61436899061425e-05,4.9370350757102145e-05,4.2201817413991744e-05,4.851254055975972e-06,7.613599770412825e-06,0.00014350564392916863,3.8965022745200035e-05,5.746651847506997e-05,2.617466133794191e-05
gdhA,gdhA,0.0005457694215020521,789,9.277740322216408e-05,6.981640651974941e-06,1.1109445422969104e-05,4.2928905538659136e-07,1.6248421015957253e-05,5.620330084338564e-05,0.0001178432597846246,5.1638250655688895e-05,0.00014786004340809283,4.467836744180812e-05
torI,torI,0.0005454405114528351,790,5.752705410814588e-05,3.861190432300167e-05,4.4494000441189136e-05,9.512446211877794e-05,4.1925703221116615e-05,2.8722281313942736e-05,8.741431930757921e-05,4.134379720464567e-05,9.177417774733475e-05,1.8502811667101477e-05
frc,frc,0.0005452151908549392,791,0.00010576822752185737,2.0132883213001375e-05,0.00010127253631472978,7.018015827285997e-05,9.670914999718919e-06,8.492713965399499e-05,5.0846815376692035e-05,2.1982773691380918e-05,5.866122482773459e-05,2.177251698296921e-05
rlmL,rlmL,0.0005446663060934473,792,1.721588478563639e-05,6.540293407875421e-05,5.873180075599689e-05,7.970738569597272e-05,9.711948285643517e-06,3.310222778755524e-05,6.294189116951536e-05,4.7764417072703975e-05,7.673878104572874e-05,9.334903541594033e-05
dctA,dctA,0.0005446415237826193,793,3.8319278042064636e-05,9.512758609806405e-06,1.34830635710417e-05,4.7668625968095946e-05,6.831127231636102e-05,0.00010698081632227239,4.0937337147473933e-07,9.398954458713007e-06,9.735526288356787e-05,0.00015320211823922165
serA,serA,0.0005445967101988043,794,6.315856694214465e-05,9.91027612160376e-05,2.161389959625971e-05,4.254370646154433e-06,8.425192702637708e-06,7.352648837352143e-05,7.041300530471636e-05,4.025019332129454e-05,5.397588665088086e-05,0.00010987634544515705
tig,tig,0.0005444517760647561,795,0.00015195442054373055,5.7475254538852196e-05,2.527555646979967e-05,4.258921524784467e-05,5.897577260148276e-07,3.496863479808248e-05,3.199946168910283e-05,9.052830607057703e-07,2.3657176820038948e-05,0.00017503701517058426
pgpB,pgpB,0.000543064320564494,796,7.270484346507174e-05,3.972353497726185e-05,4.8839180849360984e-05,3.0616053607389655e-06,0.00010937491372609708,0.00010418634059426157,3.9061020225807294e-05,7.066375605438142e-07,0.00010044227752038226,2.4963966284968416e-05
ycjT,ycjT,0.0005423960362745973,797,0.00010658557399825994,5.3637004355628686e-05,9.427263894302421e-06,2.1319930268388323e-05,5.973685308848077e-05,6.755869750970572e-05,0.00010801029595333864,6.896275526985032e-05,2.9153519516766805e-05,1.8004142419875632e-05
pepP,pepP,0.000542382401486411,798,8.45600974580648e-05,5.9816292195296636e-05,4.6780455165749956e-05,5.108139519136421e-06,2.8271723163822764e-05,0.00015117148995830992,4.017144356096521e-05,2.2319720027101097e-05,6.954326466583265e-05,3.4639775772131455e-05
yefM,yefM,0.0005419887827234889,799,0.00010676947633575718,0.0001099012780647877,9.570730413487482e-05,1.2717298636045192e-06,2.1673232080739155e-07,8.052925672687472e-05,4.133094412749043e-05,3.106055648701607e-05,6.185791569063714e-05,1.334358897163894e-05
hokD,hokD,0.0005419137612800773,800,0.00016509749759688374,3.404027372740923e-05,3.2822094441588134e-05,2.5292584041159905e-06,3.476900231517244e-05,2.6231989700414348e-05,4.2700694681243534e-05,7.23426444504188e-05,6.656640353026132e-05,6.48139024325698e-05
ghrB,ghrB,0.000541741599607315,801,4.3660700084180554e-05,8.769557242448282e-05,5.481611160894927e-05,3.6686396407154566e-05,0.00013296842381986065,2.7504702799730626e-05,4.300020221406864e-05,6.65072822496014e-05,2.6544923129602045e-05,2.2357284869684434e-05
ompA,ompA,0.0005414133778753637,802,0.00012846903352371904,1.1839471269840746e-05,1.9903649076817006e-05,5.0845322192233646e-05,0.0001125451238495573,3.819980173881214e-05,4.0366394760791316e-05,9.122052753215785e-05,9.277627066250143e-06,3.8746426865184426e-05
adhP,adhP,0.0005410239771682602,803,1.0848497552808951e-05,0.00013202847515635758,6.129369112131076e-05,3.734702220568712e-05,0.00010393197269929251,2.091614648603569e-05,5.882342842665505e-06,1.4147408428869366e-05,9.689294359081916e-05,5.773547708441356e-05
pqiB,pqiB,0.0005406908753054012,804,4.401489721574806e-05,2.965448177120762e-05,6.191161163184482e-05,3.7528938985221266e-05,4.072869606894735e-05,8.91822473930919e-05,0.00011024811272389614,3.990495660085292e-05,2.3600791899364147e-06,8.515685372465471e-05
yhcG,yhcG,0.0005402564635367214,805,4.1498660799648074e-05,3.929965503998528e-05,7.723433521645956e-05,2.1619114429703513e-05,9.20534021813474e-05,5.300366965527516e-06,0.00011358036521212845,7.88897157748494e-05,4.768571507802587e-05,2.309513283904645e-05
yadE,yadE,0.0005400165363799916,806,3.825542696985494e-05,2.5361663518014976e-05,5.281046847548114e-05,0.00011542661552627218,0.00012538275566379578,7.206815563213065e-06,2.0588067146331543e-06,7.7770805171256e-05,5.1114827348416955e-05,4.4628351429053305e-05
yrhB,yrhB,0.0005399250887381057,807,0.00011983565195937045,1.1985291781024106e-05,3.120969594176856e-05,7.536546613379563e-05,3.746391652435939e-05,7.941462496070181e-05,1.97164883443349e-05,4.853958390896126e-05,4.3786720913357674e-05,7.260764827043197e-05
pabB,pabB,0.000539661748039667,808,2.019406966404335e-05,1.061283369185067e-05,5.500047201661001e-05,3.8516780290131135e-05,4.1850823100200236e-05,0.0001104301662032481,1.2891034275314582e-05,0.00010825536133487219,9.782882130825418e-05,4.4081386155142497e-05
gnd,gnd,0.0005393573869541921,809,8.345471410051152e-05,3.365690590640675e-05,7.082962238203872e-05,2.4663708086526202e-05,3.680316827525806e-05,6.209628306286247e-05,5.970326385168168e-05,2.303342337886715e-05,0.00011149047089419545,3.362582701584409e-05
yihM,yihM,0.0005388053955122571,810,0.000123500089281928,3.205102556438051e-05,4.705861276212037e-05,2.6159291515480095e-05,7.600344975087059e-05,2.2197312922125882e-05,3.4849188893494045e-05,8.89359679248142e-05,4.151037483956124e-05,4.654008205748217e-05
hypB,hypB,0.0005378853995068618,811,6.958822542034447e-05,3.0364153068465173e-05,6.805991173995958e-05,2.6521286723459746e-05,6.277898049497938e-05,0.00011294235071818254,1.5144411498620312e-05,6.801867354069643e-05,5.222056590251115e-05,3.224684039964296e-05
yjcO,yjcO,0.0005378655461763329,812,5.579232143921227e-05,3.563802880161324e-05,4.555485717813416e-05,9.686540633593235e-05,3.116142859351296e-05,9.490635946325708e-05,3.4733227674927266e-05,3.453543350929052e-05,2.8553607486899888e-05,8.01248756935531e-05
puuR,puuR,0.0005372568341983334,813,8.48712598805984e-06,8.289862606783762e-05,0.0002274224852724356,3.377132034791778e-05,1.328352951658003e-05,2.0836767688331008e-05,0.00012776145809433964,7.823384040990588e-07,1.1414143381094942e-05,1.0599039437637856e-05
icdC,icdC,0.0005372199146386606,814,7.754617489068493e-05,5.1915255531841035e-05,4.307735311436788e-05,6.141966303840191e-05,8.772859675012421e-05,2.6692370588628044e-05,6.38712326974926e-05,3.668396599185663e-05,3.1395543174517124e-05,5.688975886074624e-05
amiA,amiA,0.0005368494588653534,815,0.00012465307833894946,4.358644571662861e-05,7.54745570323421e-05,6.020786077227719e-05,1.268097935775244e-05,8.844664059469483e-05,6.563891085031005e-06,5.4242387924870395e-05,4.4020701348922734e-05,2.6972916693884618e-05
mutS,mutS,0.0005367673523109156,816,0.00011639716572736054,1.4505061592654253e-05,4.551768487481257e-05,1.4743678164205748e-05,2.1952601986323417e-06,5.5229718454820135e-05,9.536242842691215e-05,9.573313352020634e-05,6.953693281927163e-05,2.7546288532039993e-05
btuE,btuE,0.0005366055986502765,817,1.8431320047820897e-05,5.726421666735612e-05,4.255973847630594e-06,0.00011948349318128147,5.814619420986311e-05,1.582862705907148e-05,6.508706743614857e-05,7.569266675651783e-05,5.638168250329006e-05,6.603435694129637e-05
rplT,rplT,0.0005364467002636669,818,0.00022025680602203698,4.7944923718664046e-05,3.1275161196629315e-05,9.90554383357041e-06,3.584274903058776e-05,1.4176516747009162e-05,9.631741544101954e-05,2.742087025327424e-05,1.4953089700945379e-05,3.8353624319930027e-05
dnaA,dnaA,0.000535925800065479,819,2.0104458616763004e-05,3.827651664797845e-05,0.00012263748644041772,2.3262842363101298e-05,9.112829441965188e-05,3.0043758250134237e-05,3.182538511322295e-05,8.194014966493404e-05,7.477968630055314e-06,8.922893991922003e-05
yjgX,yjgX,0.000535748995272097,820,7.593723994584907e-05,1.8174769687385515e-05,5.771171003832297e-06,0.00010128515493417147,0.00010140224307131414,3.32945076173028e-05,6.68994309719293e-05,7.623688276539666e-05,2.15885673411479e-05,3.515902793376789e-05
rpsF,rpsF,0.0005355539915733487,821,0.00025895959651734963,4.814664766278235e-05,1.1010053942936928e-05,4.623576727060414e-05,2.003488622328899e-06,4.603310882195448e-05,3.5595402792655004e-05,8.795252621508691e-06,5.0068595045625684e-05,2.8706078275603033e-05
yaiL,yaiL,0.0005354933251225729,822,4.920766314218619e-06,0.00012061339965984454,4.662235854371663e-06,3.9272449424088656e-05,8.20747257770261e-05,0.0001645214515713688,3.7010363152205694e-05,1.8642822495816208e-05,9.754054477855858e-06,5.402105639577674e-05
ygeD,ygeD,0.0005354919152502881,823,2.0515196152345937e-06,6.444235926929634e-05,4.721501672345439e-05,7.33959363964555e-05,9.198241725520562e-05,3.597578095918987e-05,0.00010292905783869553,5.976569520452538e-05,5.041488616131468e-05,7.319245826916101e-06
yafL,yafL,0.0005350765299273035,824,0.00015407364256111194,2.980868509891708e-05,6.037068432004978e-06,2.4736144677235976e-05,1.8586137131874793e-05,9.036027325189554e-06,7.146262689306468e-05,9.70077657867157e-05,0.0001086316672944727,1.5696764726716044e-05
yhdL,yhdL,0.000534891290104316,825,1.9004035616093526e-05,4.800144084726739e-05,3.50047996987219e-05,0.0001160992470978885,1.5115012880370612e-05,8.639361555197229e-05,1.3210236981430575e-05,4.281368482262974e-05,0.00015515472088729524,4.09449572064625e-06
yhdE,yhdE,0.0005341354099247936,826,8.762413361021152e-05,6.608710459152479e-05,3.1855749744563743e-06,9.765021749912287e-05,5.4078152319387565e-05,7.37142204247996e-05,7.835051430456127e-05,9.705157749061551e-06,4.9891243850408474e-05,1.384909060125972e-05
yecI,yecI,0.0005340099313898837,827,0.00010316106593628418,3.250831412060867e-05,3.462229237777399e-05,1.0989331881045894e-06,9.961602323673768e-06,2.462350177948146e-05,8.727955128902027e-06,2.5338723231201365e-05,0.00012262308379641114,0.0001713444595074425
yegW,yegW,0.0005336679554883753,828,1.5210501576140824e-05,3.985062540647467e-05,2.557438974754152e-05,5.0112103700629895e-05,5.1470163957461676e-05,0.0001175490120155539,1.1877928840632399e-05,1.2920004540626037e-05,0.00016089827508376325,4.820495061955111e-05
mipA,mipA,0.0005328770016654859,829,8.973759077878434e-05,1.0592895740412922e-05,4.9175313296398016e-05,2.3801678936741156e-05,3.620661138305773e-05,4.9198922041810076e-05,3.3746760709139945e-05,1.2204772386844381e-05,1.5021205971093062e-05,0.00021319125042120414
yfiD,yfiD,0.0005327745397769904,830,9.498420731962377e-05,2.6242021141185903e-05,1.0434180155370004e-05,8.000315445657825e-05,0.00010622221494207376,3.5875105063939046e-05,3.322069082277553e-05,6.112569711834248e-05,2.8324510719296784e-06,8.1834817685172e-05
yiaG,yiaG,0.0005322262738618074,831,0.00010077614411816471,2.0081411173396705e-05,8.998445652092238e-07,2.28827921546147e-05,4.4941389257429365e-05,8.07329072634469e-05,9.17798757345177e-05,7.493519413551653e-05,5.6679871887998754e-05,3.8516843571512795e-05
yeiN,yeiN,0.0005321187971793238,832,0.0001462488170370351,2.0076455959129935e-05,1.1109091466457506e-05,1.4187939768136472e-05,8.77553911460749e-05,7.97946092689923e-05,5.576704493801232e-05,1.9738331175639256e-05,1.6357672153144896e-05,8.108344426670118e-05
rimL,rimL,0.0005320960298881695,833,7.92689456252166e-05,3.6353489440682396e-05,0.00012386570745284063,0.0001254946833443127,3.0461871521276142e-05,2.7889315733427047e-05,8.804006667985609e-05,1.8483087614114114e-06,3.54254211276158e-06,1.533109921638481e-05
pspE,pspE,0.0005319402631370242,834,0.0001538497240789112,4.989640256972527e-05,3.795809723428356e-06,1.6010819640567295e-05,4.770862153985258e-05,5.497640129982152e-05,3.428455856751728e-05,1.6870140493262504e-05,7.704250540179788e-05,7.750527982214026e-05
nsrR,nsrR,0.0005317255758647433,835,1.6471372454438095e-05,1.7423574040143316e-05,4.275131496782944e-05,3.809098317546279e-05,0.00012171016054192616,0.0001388834178208068,2.3658409499454744e-05,9.455724318781519e-05,2.3000833862830605e-05,1.5178266314036183e-05
rplW,rplW,0.0005314309177657617,836,0.00032323610586096726,8.417564504981086e-06,1.1342952800880163e-05,3.513034676614993e-05,1.6306866997092144e-05,5.661408676701424e-05,2.4851673872878073e-06,1.666111791323515e-05,3.0157090271779617e-05,3.10796184963743e-05
sufC,sufC,0.0005311748147092534,837,4.597142985837976e-05,1.000909956094773e-05,0.00010515885914442915,0.00011683100669185498,4.8792392945600066e-05,2.53798513775451e-06,2.455835495253361e-05,7.86738091624667e-05,3.757435436882471e-05,6.10675228864622e-05
atoC,atoC,0.0005307902274362305,838,1.120470852219723e-05,2.117103569239341e-06,2.9609779486597577e-05,4.192404756295827e-05,3.184149617988548e-05,6.831259245937302e-05,7.85344610539229e-05,4.123848658816896e-05,5.356508492417293e-05,0.00017244246708971478
pinR,pinR,0.0005304665384619495,839,0.00010965172469529937,4.959353628218223e-05,9.840060723026072e-05,5.777709981862517e-06,5.0390806908178814e-05,8.971708080095312e-05,7.361334559955741e-06,2.6753261187738497e-05,1.1020298308597999e-05,8.180017850692034e-05
glpF,glpF,0.0005296693708058069,840,6.0052760015136864e-05,5.1895951243161135e-05,6.483380921569777e-05,2.578569232765477e-05,1.897909130596559e-05,6.209944843715394e-05,4.455243577495451e-05,6.144159428636171e-05,5.0799889135831767e-05,8.922869906388883e-05
sbcB,sbcB,0.0005295320093700712,841,2.3174935785380593e-05,9.682713432854668e-06,5.09420730105752e-06,6.678639107080873e-05,0.00013974164951493164,5.1745696494300765e-05,8.403719474718765e-05,0.00010865182014442624,3.0684926418828105e-05,9.932474460295358e-06
rpoB,rpoB,0.0005289772641088064,842,0.00022769255220951828,3.2893556705185916e-05,3.1626824988791e-05,7.623523923792095e-05,2.750681213853363e-06,1.33570299726966e-05,4.808923946045298e-05,2.744068342205655e-05,2.451816423661276e-06,6.643964047466945e-05
mdtK,mdtK,0.0005287159384478219,843,8.446428701704798e-05,4.5058100724488864e-05,5.2380849941538465e-05,6.099409673489356e-05,1.733766394789857e-05,0.00010605227030287539,6.261867767581052e-06,2.5000149480499892e-05,3.199489193346223e-05,9.917176059753588e-05
ylbG,ylbG,0.0005278706141385389,844,4.095630976206299e-05,2.1704763756338312e-05,2.4319112773784698e-05,0.00011652248597144998,7.343045948839789e-05,0.00011166895570621164,2.0001139852942412e-05,4.5279422298677606e-05,5.9875986966572616e-05,1.4111977562100807e-05
yfdC,yfdC,0.0005277391331178334,845,0.0001365731473597345,2.025564852458418e-05,4.6645276311901566e-05,8.049715887614378e-05,2.1484808427104248e-05,3.1141888472130054e-05,3.2471670999913464e-05,3.181730147243775e-05,3.775110765441832e-05,8.910112501946565e-05
kdsD,kdsD,0.0005274934989368319,846,7.344495635237467e-06,2.416745578564096e-05,5.1506302060398305e-05,6.032938469873107e-05,0.00012726994160574092,1.9593507935489e-06,9.506171505626357e-05,4.28489974348031e-05,3.809348086059487e-05,7.89123750058727e-05
dps,dps,0.0005273825848673227,847,0.00013924107563077708,2.707062571483506e-05,2.5583606791670284e-05,1.898701436673264e-06,4.106880183670633e-05,0.00010472590671109147,3.6590271983795015e-06,4.386269299874111e-05,6.403130264721564e-05,7.6240843901233e-05
yedD,yedD,0.0005268147291461388,848,7.214327746559391e-05,7.215534015147637e-06,4.8808980811606585e-05,0.00021242895313224557,8.233589752277755e-05,1.7695776884637228e-05,3.999942508770666e-05,2.3794345702330138e-05,2.0765898516255785e-05,1.6266400078377187e-06
guaB,guaB,0.0005267896600787689,849,9.992834725741795e-05,2.4254588199962087e-05,7.486281842482841e-05,3.4179568530143644e-05,3.25867105615766e-05,7.087211410564912e-05,3.0824857011593095e-05,6.492930248372703e-05,8.779709694208408e-05,6.5542565617869075e-06
bglH,bglH,0.0005263779673997471,850,4.2234394541558294e-05,2.8523113213886756e-05,9.20522213502736e-06,3.147097869923054e-05,6.165828631945263e-05,5.2606098349346046e-05,4.6246480229606485e-05,8.675295470293273e-05,0.00011510833258593908,5.257210662276716e-05
ttk,ttk,0.00052620443202677,851,0.00012200712458223344,5.675559111068268e-05,5.68046674801062e-05,7.336170377477703e-05,9.237745244802354e-06,4.933575889708116e-05,9.22352695374805e-06,2.2123709482492038e-05,5.0366583886362307e-05,7.698802061448474e-05
ytfI,ytfI,0.0005259567063152014,852,0.00011621473035467173,4.349957389298621e-05,2.5756862449413784e-05,0.00010459966832551699,3.842142976396013e-05,1.1052503492073461e-05,9.02254288498951e-05,2.751818317506823e-05,6.109985981599094e-05,7.56846619562473e-06
yhfX,yhfX,0.0005254611745132498,853,8.364783219049716e-05,8.405475817967156e-05,4.007925700234318e-05,6.472285596997256e-05,0.00011988201537918781,2.4001588945282963e-05,2.4633536414483967e-05,3.632035485300151e-05,2.4924308171560506e-05,2.319466740724861e-05
zur,zur,0.0005249618547579638,854,0.00012401600428003942,1.2795409246739437e-06,5.4312785819052635e-05,0.00014348380091657476,6.373936295405323e-06,3.720729851622338e-05,4.6782871302156835e-05,2.4698868110784395e-05,2.4044810661305957e-06,8.440226752692261e-05
acpP,acpP,0.0005249554364603319,855,0.00020011271625301912,2.7700673300340536e-05,0.0001188041081643527,2.528831424007117e-05,3.495473484639422e-05,7.797891093048757e-06,6.552756417345618e-06,8.851547993580188e-06,7.511143039197581e-05,1.9781263760203734e-05
yeeE,yeeE,0.0005248207332754411,856,0.00020006812530919496,6.739755356693563e-06,3.905644212148241e-05,1.8000260904977253e-05,5.026656072016386e-05,2.1545412260811455e-05,1.9639179792688722e-05,2.3138777276729628e-05,0.0001018264211542406,4.453979837845863e-05
ygbI,ygbI,0.0005248160297553912,857,6.267580613472193e-05,8.001413845732638e-05,9.206103342978184e-05,4.529545675180129e-05,1.5812472711167776e-05,4.395715324715316e-05,8.555252378093853e-05,2.97659267531923e-05,9.853858967565555e-06,5.982765952174238e-05
yaeI,yaeI,0.0005245507473991187,858,5.654201589907025e-05,5.3442049220823985e-05,2.0726039439473025e-06,0.00015386983887538802,4.39237741998427e-05,1.8608388930234985e-05,7.274682267511255e-05,2.6692170167803816e-05,7.844342989093124e-05,1.8209653595963763e-05
yeeP,yeeP,0.0005235723080557947,859,5.66997224834303e-05,3.092870483095976e-05,8.352348379181579e-05,4.7542400412852147e-05,9.92906707935707e-05,2.217577431221424e-05,9.048834395471709e-05,3.159092719845576e-05,6.0645250448830396e-05,6.870298289484764e-07
dnaJ,dnaJ,0.0005233616799978334,860,5.899699747524406e-07,1.3815601428370828e-05,0.00010482274908760342,1.457898815193571e-05,6.064555676546582e-05,3.624527193833566e-05,0.00015825686562662286,5.746324069896801e-05,6.365899586695401e-05,1.3284440458824633e-05
iap,iap,0.0005223484517215641,861,7.3451849583604975e-06,9.057858566543376e-06,6.235153023360488e-05,0.00017460458336281546,1.2676933470694007e-05,6.464852406210461e-06,4.4144113057900637e-05,9.415733720230293e-05,5.505587074730629e-05,5.649018771582555e-05
yafN,yafN,0.0005223052684096178,862,2.6873094638398753e-05,6.949543973567874e-05,7.759135700852449e-05,5.714419623894676e-05,5.121784764258185e-05,1.7812340324758746e-05,5.4562340835383866e-05,1.7552610162564575e-05,6.091984332845512e-05,8.913619849432493e-05
modB,modB,0.000522132846898571,863,0.00011246694013614204,2.9728365987536586e-05,4.9888932073764776e-05,1.9751511777855383e-06,4.734441022755164e-05,0.00014423618892232188,2.2854484432972054e-05,5.9514097267759324e-05,1.4898442310324675e-05,3.922583436241254e-05
LELOBEKK_malE,malE,0.0005220256111452378,864,0.00010669081640103133,8.265970360396897e-05,7.901513414336001e-06,5.54502022716214e-05,3.199233303321527e-05,0.00010383693657974299,4.131720117671596e-05,1.0150154295994455e-05,1.5217387205317007e-05,6.680936316329448e-05
rpiA,rpiA,0.0005218922400347166,865,6.801741873594019e-05,1.658215686715174e-05,1.9445036491171248e-05,9.50813325725739e-05,1.4244238263350889e-05,2.1125609601629015e-05,4.113901062187531e-05,3.6021536768562215e-05,0.00010848092113120352,0.00010175497898125861
slyB,slyB,0.0005213402989151435,866,0.0002360169149196904,1.4820744228178127e-05,8.97632419274142e-05,4.175665921078415e-05,3.806288284741452e-05,2.0260024124591433e-05,1.6231945246353527e-06,1.272157070271227e-06,2.6696062754297032e-05,5.10684173078671e-05
gshA,gshA,0.00052116022320541,867,4.982568598896183e-05,0.00011969794886165958,5.567871515430361e-06,5.211895742766512e-05,9.62931685686008e-05,7.022948435793604e-05,3.780357625422838e-05,5.161213329848598e-05,2.5468852238471896e-05,1.254254469397003e-05
oppA,oppA,0.0005210673519437888,868,0.00010920486902169271,2.3708840758835477e-06,6.521953731924173e-05,1.8793334931150317e-05,2.2591309121056956e-05,5.086797610873632e-05,7.628379779895557e-06,7.277496615079906e-05,5.927047057469223e-05,0.00011234562486064043
ptrB,ptrB,0.0005207502774819319,869,1.2837415935674757e-05,9.072301113296532e-05,8.554455018887599e-05,5.3582649021654944e-05,2.7392040365486308e-05,7.892802541128515e-05,3.741340613047235e-05,5.8146491143459834e-05,5.656286664001335e-05,1.9619821512043935e-05
htrE,htrE,0.0005205306775529256,870,4.5753826532749754e-05,7.2878486450373e-05,2.3794834426561924e-05,5.5931647860327604e-05,1.8133727304178435e-05,3.379376272214379e-05,3.4926077930673203e-05,7.747786997515027e-05,0.00014276990819558444,1.5070536155183254e-05
atoB,atoB,0.0005196446075384203,871,6.213943385340651e-05,2.2083486997730244e-05,5.381520346392052e-05,0.00011629924176612018,0.00011272398739496421,1.9653975624406563e-05,2.5928764684056022e-05,3.537987941374597e-05,6.35486892406942e-05,8.071945099375802e-06
gltA,gltA,0.0005195758270181549,872,0.00013916488824036418,8.305327815939731e-05,1.3439500369826312e-05,2.598800278925198e-06,7.354220943990287e-05,1.212596869960516e-05,5.845234994343055e-05,8.128226589161303e-05,2.801907113769572e-05,2.7897494857394625e-05
yjhF,yjhF,0.0005195363825203412,873,6.093941715092353e-05,0.00011230040226035582,6.685107317939135e-05,5.099123085551851e-06,0.00011032640139410334,1.730907459052416e-05,1.0495968497614807e-05,3.051221604497287e-05,6.931707524619518e-06,9.877099879228391e-05
yagV,yagV,0.0005188487654132984,874,8.650772058115527e-05,9.132338867410439e-06,1.9197366157964262e-05,2.0843032922473802e-05,6.041963431676519e-05,0.00010649103630792429,6.321183397332874e-06,2.882597996306558e-05,5.0831027864613145e-05,0.00013027944503459364
pfkB,pfkB,0.000518847147536767,875,1.3998362395624482e-05,9.545898116356722e-06,5.677552762185145e-05,8.012164920143157e-05,1.3557790078438326e-05,8.340143474949566e-05,9.735032564804421e-05,9.454131120731457e-05,3.257458691582239e-05,3.698026160238765e-05
flgB,flgB,0.0005186960325796452,876,1.932375856732035e-05,6.100881594184591e-05,4.9516046539972104e-05,8.61777865425329e-06,7.654115866187698e-05,0.00015434500287905646,1.1077250141924866e-05,6.06482507439971e-05,6.0428207364436255e-05,1.7189763084961858e-05
ompC,ompC,0.0005186738538712966,877,0.00011729195147138593,5.753446859549189e-05,4.4393210464029444e-05,3.316205687868522e-05,2.3875823298639435e-05,2.1884423802673662e-05,4.653012743280588e-05,4.864978834516577e-05,0.00011018783133875595,1.5164172243663377e-05
yhdN,yhdN,0.0005186145632254084,878,1.176151836975489e-05,6.129710101989427e-05,5.549471844546985e-05,4.9242107562870944e-05,7.617490617011662e-05,6.591168961446244e-05,9.298182365425317e-06,0.00016955648366006912,2.6923083394587318e-06,1.718554767788616e-05
rne,rne,0.0005177367240595764,879,0.00011798497651894608,8.493752336156801e-05,4.255813947929068e-05,3.69137390649854e-05,3.4480469122657504e-05,3.674343774991258e-05,6.563026665393539e-05,2.3184481072515022e-05,3.4171116556559145e-05,4.1132574479206486e-05
yafO,yafO,0.0005176989444274696,880,1.7173439499921797e-05,4.91769416443865e-05,7.681432425155356e-05,8.209349555737061e-05,8.717835966740893e-05,3.2969841540651223e-06,2.444853915073148e-05,6.062563769095969e-05,0.00010662228157279286,1.026894123827907e-05
proP,proP,0.0005175339692362852,881,0.0002477401840964004,1.4884981699017297e-06,5.527049156736659e-06,8.658163596813108e-05,6.632693498957105e-05,6.26914221485478e-06,1.1126227183553096e-05,1.4110854352601862e-05,1.4349839635017192e-05,6.401360346951741e-05
dgsA,dgsA,0.000517506107428541,882,8.468292050157241e-05,5.9834821903571417e-05,6.513768715859168e-06,7.731257830261673e-05,2.410853573067549e-05,5.4016381227432705e-05,7.596962489626167e-05,9.87191985424182e-06,2.3582151512205226e-05,0.00010161340478410438
flgJ,flgJ,0.0005173250992335178,883,7.770605018354154e-05,1.4089726095352213e-05,3.062193470231792e-06,0.00012463839468385086,3.408881326599055e-05,2.859368122020239e-05,1.3050097733884762e-05,6.357275110936288e-05,4.464018680121349e-05,0.00011388320466988729
yjjY,yjjY,0.0005165690634275077,884,4.901839489891044e-05,2.4732128102705465e-06,1.0787917892009833e-05,7.456328061138248e-05,9.087841506755947e-05,7.565664746133475e-06,4.355481645026067e-05,5.247853867516007e-05,0.0001435373846202138,4.17114376556069e-05
ydiJ,ydiJ,0.0005164134910657147,885,3.2567838268387215e-05,1.0238692540965571e-05,4.838162761010509e-05,0.00011234088664576715,1.0580594770502747e-05,9.10735531680948e-05,1.7933456400351674e-05,3.5056423464704875e-05,0.00013886755586583222,1.937286233100337e-05
miaA,miaA,0.0005158472482140935,886,8.715744026159928e-05,9.330716140733457e-05,9.250984118633193e-06,1.7330415522315095e-05,1.5616154880804695e-05,5.8728294446015425e-05,6.169123414089221e-05,2.1294249183631353e-05,9.53060823625682e-05,5.6165231890299526e-05
dcuR,dcuR,0.0005156724422346188,887,8.970615998623479e-05,1.8208423229672007e-05,2.195390193993991e-05,3.7876901118238826e-05,4.03308478717943e-05,2.0422314556949846e-05,5.7809468282520984e-05,0.00010454020514208351,0.00010885154057220514,1.5972679534979534e-05
bfr,bfr,0.0005142424910162535,888,0.00015301976707960703,1.3698719724105314e-05,0.0001450907648609972,6.683352355478758e-05,1.7004721158375274e-05,1.7588433737814818e-05,6.449461404081838e-05,1.8026042468208793e-05,7.107829906476035e-06,1.137807448506307e-05
ydfI,ydfI,0.0005141497268651326,889,2.3330120398802956e-05,1.526364848299124e-05,7.839902103533288e-07,4.66026347863932e-05,5.793811912847635e-05,0.00013489249896036248,2.3977217102637137e-06,5.0622197750737624e-05,0.0001471200566552718,3.5198738781479925e-05
purR,purR,0.0005139011797305622,890,4.469737887581001e-05,0.00013424326808936026,7.026672827177867e-05,1.7201081007274483e-05,7.682799365641032e-06,7.173571022469843e-05,1.0406411130992203e-05,6.926685303523194e-05,2.2655357213756783e-05,6.57455925160184e-05
murI,murI,0.0005133023486545003,891,7.938306736802566e-05,2.651894922940457e-05,5.0164712140161703e-05,6.524839980335866e-06,4.426251564193613e-05,5.8978544309527176e-05,4.333292768458765e-05,3.349088028862317e-05,0.00016421689362355565,6.429018388342651e-06
secF,secF,0.0005131483450970462,892,0.00010946525812877135,3.167367579583091e-05,7.988326103405214e-05,5.308158154952899e-06,8.710116565104654e-05,3.869933684246385e-05,2.2291900409309684e-05,2.7503274718316323e-05,4.483625980738864e-05,6.638605455491374e-05
nuoC,nuoC,0.000512623291396367,893,6.908774934606604e-05,1.2560296996424446e-05,5.544861218217307e-05,6.737459237727119e-05,6.0234201471066724e-05,2.5703129932258035e-05,3.8129886131193834e-05,6.188616407675921e-06,0.00010321437553956463,7.468183101267318e-05
tolQ,tolQ,0.0005123121167829791,894,9.535568479930092e-05,7.260520125574735e-05,2.1580430984410375e-05,9.528822263788157e-05,8.181326967328231e-08,7.421617187816065e-05,2.559096089210556e-05,5.07622304978367e-05,3.139768832116049e-06,7.369163173574677e-05
yncJ,yncJ,0.0005122867778567191,895,1.3947256196786432e-05,4.1499292991577225e-05,1.235513521270642e-05,2.395883009094782e-05,4.821634691794904e-05,0.00012799130334637004,1.7200486870155853e-05,8.000699924510049e-05,1.7174683083825396e-05,0.00012993644390130033
yadR,yadR,0.000511936994340743,896,9.275048162961022e-05,2.762944191649423e-05,4.989102869524246e-05,1.1536444495643815e-05,5.847939596637699e-05,2.8692368953683176e-06,6.122335039740699e-05,7.644926215837742e-05,0.0001266031586414011,4.505193544821477e-06
eutH,eutH,0.0005118627105585099,897,8.858825578296526e-05,1.4527378774496751e-06,3.614624937004792e-05,1.962586588132584e-06,2.5360230058766784e-05,4.834535164043578e-05,0.00012833905649330726,1.99989382948385e-05,0.00010870773897565091,5.296156547691521e-05
ibpA,ibpA,0.0005113308187068585,898,1.5181401736185045e-05,6.903756448748702e-05,2.7904682402591356e-05,3.7486388646867035e-05,5.7883615766818314e-05,2.8573405334131083e-05,6.465545849091344e-05,1.4748874017020455e-05,0.0001277584148453456,6.810101297949915e-05
msbA,msbA,0.0005112134681042153,899,5.407895541071061e-05,6.095982602522782e-05,6.590548705180568e-05,2.1356607885048993e-05,0.00012166637247782835,1.6780876954585987e-05,2.3227911275883894e-05,6.361336989125756e-05,3.114414276871006e-05,5.247991836315639e-05
yrbA,yrbA,0.000510925265981668,900,2.4287034968550784e-05,5.4253199262940794e-05,5.8325595383728825e-05,7.626600530466033e-05,4.644495839932702e-06,1.319993979019643e-05,1.9672487010863705e-05,0.00011058424371139069,7.42400542756784e-05,7.545221043372532e-05
thrS,thrS,0.0005103849113119188,901,0.00020172145521823943,8.169150268146815e-05,3.495904093561115e-05,3.6952853081916667e-06,5.763642090221551e-05,1.2041576007793677e-05,7.724431027766523e-06,1.3123402684772424e-06,3.732136162364794e-05,7.228149733850754e-05
ydfE,ydfE,0.0005103229809830765,902,0.00010248786986370008,5.954985220783427e-05,4.2507674580739905e-05,6.073541648532977e-05,7.389025690106311e-05,3.16081434996098e-05,5.761244718881407e-05,5.179130761822612e-05,2.4184172177018605e-06,2.772159542005757e-05
stfR,stfR,0.000510309243702718,903,4.026356631678348e-05,1.2617999354326153e-05,1.8336438895597405e-06,6.019443463657394e-05,8.347145129451132e-05,2.282557873059517e-05,3.2179034034435336e-05,5.063897866191868e-05,8.883564912633538e-05,0.00011744890765767883
apaG,apaG,0.0005102405980301238,904,3.207475242451201e-05,4.935893068627003e-05,8.6312895208372e-06,6.020895618093696e-05,1.87296525918285e-05,8.20105166214391e-05,0.00012563014906170317,5.560260474349386e-05,2.3101022147080466e-05,5.4892724052022496e-05
yliJ,yliJ,0.0005101606595750047,905,7.12858656902068e-05,4.5231141497749784e-05,5.654145941390841e-05,1.1674015893788712e-05,6.958384362963838e-05,3.1730164707690916e-05,1.3315145994110007e-06,2.968220881023989e-05,0.00010163210364801616,9.146834168435461e-05
yobF,yobF,0.0005100293594467022,906,0.0001429046962710579,3.247686499057611e-05,6.560854517990953e-05,0.00010323587670582206,5.368869314091008e-06,2.6961238770656826e-05,2.2649961613558287e-06,4.6264587160979196e-05,4.7084455653786815e-05,3.7859229238466884e-05
alaS,alaS,0.0005098373918761415,907,5.8265477400649224e-05,1.5082174244115615e-05,4.565260904055505e-05,5.006762561638159e-05,9.063504235165848e-05,4.114934250521357e-05,1.2281109378157632e-05,4.3527244425945594e-05,8.981808320889613e-05,6.335868370456867e-05
secY,secY,0.0005093860113111017,908,0.00029735651277023554,1.304030596001039e-05,1.4051932980458088e-05,3.918048863137578e-05,5.163478714893587e-06,4.071828006515214e-05,3.207540378365685e-05,2.561057438196495e-05,1.305588476325477e-05,2.9133149260099493e-05
fliY,fliY,0.0005090290103927136,909,0.00016878168386464545,2.121896017070254e-05,7.344859173725225e-06,8.279874831539147e-05,9.86621749679093e-05,2.9576071496888108e-05,1.1069953179893495e-05,5.746590039654952e-05,5.8051955309413674e-06,2.6305463296067115e-05
yihO,yihO,0.0005089650553345653,910,2.7801977274244016e-05,2.1034203629373697e-05,1.248278076224313e-06,2.1579931875350632e-05,0.00011458865341495252,3.7401050880182564e-05,0.00014417361684504704,1.240923690446738e-05,9.089997433576986e-05,3.782813209895334e-05
glf,glf,0.000508667078417628,911,6.857765623296827e-05,7.61173692533176e-05,5.763201094544974e-06,2.6210887349928963e-05,1.8498533888859468e-05,6.407197031108329e-05,2.858749049393913e-05,0.00011188390785245987,7.802305020887732e-05,3.093301173164919e-05
glmU,glmU,0.0005085940101898328,912,5.441756896191093e-05,9.341158479267524e-05,4.8772219479205934e-05,4.219622753022857e-05,0.00010601312326189734,1.642563765606817e-05,1.963515206835868e-05,8.948132820368588e-06,1.0745107984062669e-05,0.00010802925563505673
lomR,lomR,0.0005083510442791442,913,4.953807727058985e-05,8.044481716571539e-06,5.3361513335624286e-05,0.00010748421344182014,9.548771301153946e-05,1.2150281461602439e-06,5.319101876280206e-05,9.63820641508581e-05,3.063734425266728e-05,1.3009590190511131e-05
yneH,yneH,0.0005076609648123377,914,4.8915424978603464e-05,5.44602194629542e-05,3.0540605894482165e-05,9.555611791606495e-05,9.580606254407204e-05,1.0425053990773248e-05,7.763644256343131e-05,4.491657232148526e-05,1.774664417798596e-05,3.1657820962485024e-05
uxuB,uxuB,0.000507290678838858,915,2.2858409719423096e-05,7.508835822187072e-05,3.3656990201971285e-05,3.1400950399082185e-05,2.9581011850296067e-05,0.00010415064046393466,8.97546462314189e-06,2.4223346157064955e-05,2.1989897227372848e-05,0.00015536560997470036
yjiZ,yjiZ,0.0005071323821904148,916,3.545084265404306e-06,2.946192887712374e-05,7.104391028758009e-05,7.067426375500644e-05,2.792226250876468e-05,0.00012024990364374549,5.3535699425216943e-05,5.742271088917416e-06,6.143148631448008e-05,6.352557202417567e-05
gfcD,gfcD,0.0005071198440912947,917,8.442143900658687e-05,1.1527725907948218e-05,2.344646344671341e-05,3.4030804065555624e-05,4.402819187621122e-05,4.230575829651329e-05,2.61189055339493e-05,9.863691394689223e-05,2.950248752510025e-05,0.00011310115448582425
yfjZ,yfjZ,0.0005069707773417165,918,7.338708537539472e-05,7.05158912305717e-05,1.6683120798256471e-06,1.1606700135381603e-05,5.730439772186808e-05,6.12576938934412e-05,5.901934617347996e-05,3.510866564943544e-05,9.6821198658693e-05,4.0281486423625245e-05
zupT,zupT,0.0005067957798935511,919,6.179416793959373e-05,1.0434002132538238e-05,0.00010361964506909693,1.5175510299926838e-05,2.4975739301818587e-05,7.013280921555887e-05,2.4428162644347033e-05,3.4618904379672936e-05,4.0613696476008565e-05,0.00012100314243498941
ygiD,ygiD,0.0005067370884408168,920,2.5037861922031606e-05,5.548855856743628e-05,3.372753113011682e-05,3.870452513122408e-06,2.745100791708461e-05,0.0001409515849524413,0.00011083060062785516,4.1583548758365115e-05,5.404948245295536e-05,1.3746459599408112e-05
helD,helD,0.0005067332283041233,921,8.977109172612815e-05,7.067843019653164e-05,5.998900579881327e-05,7.694197785088352e-06,4.421055886009444e-05,1.8706346552113747e-05,0.00010184427473365066,1.9280788490866076e-05,6.494463437036304e-05,2.9613899790474065e-05
leuC,leuC,0.0005062321576026636,922,4.8293127419578896e-05,6.186472294647229e-05,5.46523264738667e-05,5.579193372671014e-05,8.185626487496308e-05,0.00010127615603773877,1.3690122027724701e-05,2.63782948516626e-06,8.407447668466657e-06,7.776222694197601e-05
pck,pck,0.0005059959851292727,923,4.3926362809307316e-05,5.376632995600779e-06,2.8836427150818482e-06,5.135165846141703e-05,7.382111597565984e-05,0.0001072443088581791,0.00010046810312648856,2.826019299482401e-05,4.088063876590488e-05,5.1783328426809364e-05
cfa,cfa,0.0005057917801266541,924,5.5639504920618974e-05,2.5029297858348965e-05,0.00011454889559066856,5.807999600688163e-05,5.7272719903898704e-05,7.500764975141239e-05,6.433751709616907e-05,2.651626623691605e-05,2.5606095747770598e-05,3.7538370139692465e-06
uxaB,uxaB,0.000505191297087088,925,3.5073636615917054e-05,8.955266047622047e-05,3.263822283082539e-05,6.15010037973121e-05,4.143419995108205e-05,2.137899526365819e-05,2.610314603856822e-05,6.121127442503548e-05,8.286299362055075e-05,5.3435164067918315e-05
hisL,hisL,0.0005050516398415272,926,0.00010640299518978707,4.20859022552809e-05,9.765202163330746e-05,4.709276660979496e-05,1.0200167551452866e-05,5.16168822252213e-05,2.781031570314673e-05,6.51272780399818e-05,1.3353608210230778e-05,4.370970242332328e-05
ycbF,ycbF,0.0005050501956016568,927,3.200627906165787e-05,3.469429815290735e-05,1.6472634926166657e-05,8.382022139069283e-05,8.56213765634169e-05,4.489889771342388e-05,9.51207139923237e-05,2.660007771289452e-05,6.329248043655607e-05,2.2523215651617153e-05
yidX,yidX,0.0005048341516791502,928,0.00010675290938252959,3.329112980821287e-05,7.521327336830172e-05,3.434931957846131e-05,6.717781428036899e-05,2.3236944560968664e-06,5.179525849562734e-05,0.0001203396395953691,4.843305999484496e-06,8.747806714697752e-06
yrbG,yrbG,0.0005045542865836465,929,0.00010026770194497233,2.809521515700684e-05,3.194848701337912e-05,8.081682005003399e-05,6.77483063896513e-05,7.417578688303586e-05,3.4041721836813486e-06,7.134339517169632e-05,4.667472172732396e-05,7.968006286546085e-08
yfbV,yfbV,0.0005045092633288839,930,7.733544617844204e-05,6.06966115743108e-06,5.5528505769874496e-05,5.101929938036281e-05,2.3857993081561868e-05,5.365144699690392e-06,0.00012433447844684655,3.845255436115526e-05,0.00011180172503303164,1.0744455220487694e-05
rplR,rplR,0.0005044711395530633,931,0.0001262052266982177,4.782138418929831e-06,0.00010943973203280045,2.9999815894756875e-05,8.848696060191831e-05,3.187494165210954e-06,5.19575219780835e-06,1.823745362761974e-05,2.8873442231088395e-05,9.006312368471264e-05
yliK,yliK,0.0005043687400031802,932,0.00015856540698776372,4.082418593648046e-05,5.365050192529519e-05,2.241763627113659e-05,5.2190501071544615e-05,1.6462601874583968e-05,8.490197372338794e-05,2.0969487301167034e-05,1.7244119378729344e-05,3.7142325533091326e-05
yjcC,yjcC,0.0005042154833047021,933,6.290438171104402e-05,2.2766554562546287e-05,8.912421172603338e-05,1.0266765276239894e-05,3.4255904267148834e-05,5.642176566309536e-05,4.0976945342614324e-05,8.9320477204367e-05,8.478274769009447e-05,1.3395729861518431e-05
ygjV,ygjV,0.0005041240449301079,934,8.900810439977803e-05,2.6212928489576845e-05,4.523705681275882e-05,3.997405503146742e-06,5.8075011634932e-06,3.893933234559897e-05,0.00016021437147716855,6.664869974585517e-06,3.471282460733258e-05,9.332965015666872e-05
yeiI,yeiI,0.0005040961005636935,935,3.07290119591607e-05,1.243817160717742e-05,6.067274439055905e-05,7.986063262597579e-05,9.531047523129898e-05,4.3437851846506905e-05,0.00012450704206382572,3.1736523660397274e-05,1.8245735310476786e-05,7.1579118683149395e-06
yciB,yciB,0.0005040323398228155,936,7.228711830000355e-05,4.594602312211979e-05,0.00012550318633961497,6.236289465489046e-05,5.52543827400189e-05,3.754666633720339e-05,1.727760184107103e-05,1.2881283143062682e-05,2.557442688354933e-05,4.939875646128137e-05
yqeI,yqeI,0.000503808492299639,937,0.00011557228897952118,9.785704901259002e-05,3.6294073304506937e-05,1.3773780007122307e-05,6.681331896496584e-06,2.101674950608099e-05,4.6185955899590926e-05,4.699834578733654e-05,8.984020318958103e-05,2.9588714716812462e-05
bioF,bioF,0.0005037682898170634,938,3.4361158890602e-05,1.896802261888273e-05,8.49232980286129e-05,2.544295939556556e-05,3.9614471429076946e-05,3.9365952234835186e-05,0.00013911337748202208,4.3339382475707714e-05,3.784048809946141e-06,7.485561845181218e-05
yjcP,yjcP,0.0005026041713663572,939,9.702567034856567e-05,3.222418145955238e-05,4.591488982451233e-05,5.12484566564539e-06,1.1809464225061217e-05,4.0324473082798056e-05,6.789200976228253e-05,3.649775133930986e-05,0.00013411813500144456,3.1672750657185185e-05
ygeQ,ygeQ,0.0005025045275070501,940,3.6515421200925916e-05,6.78643567514495e-05,6.522949752029609e-05,9.993476602654331e-05,1.97440334364572e-05,5.260461317373295e-05,3.914261855104153e-05,3.24316690776382e-05,8.571985669993142e-05,3.3176950690340052e-06
yjdL,yjdL,0.000502440846339097,941,5.868441515442911e-05,6.174191120285653e-05,3.393405348955971e-05,3.737237486349996e-05,7.199221446511446e-05,3.915508725755948e-05,2.190783693539512e-05,7.91311772185297e-05,1.6669445996266342e-05,8.185232975588665e-05
tdcR,tdcR,0.0005023921902452045,942,8.746183999945153e-05,8.86933246501487e-05,4.641163705306127e-05,3.863473204113956e-05,8.889915702988339e-05,1.3300165031911972e-05,6.752252930061158e-05,1.944927925290265e-05,1.3434263747501143e-05,3.8585262138592745e-05
yfdI,yfdI,0.0005010557593146806,943,0.0001022915333059201,2.007847609470274e-05,5.185819115027073e-07,4.469676762497268e-05,8.256572948335861e-05,2.457368181815035e-05,4.115131366464409e-05,2.7863027632688852e-05,7.41359373977514e-05,8.318071038098907e-05
yegX,yegX,0.000501051150641248,944,4.679343413047785e-05,4.7185031800554496e-05,6.701966313166552e-05,8.78055806626176e-05,7.120537602514137e-05,6.732631432673849e-05,3.715667830286421e-05,4.067424265190184e-06,6.242783381762359e-05,1.0063814178374752e-05
exbB,exbB,0.0005009405990023675,945,0.00012584665552329392,4.1040439075861864e-05,4.1760296991558076e-05,1.5593939987198936e-05,8.322912215343187e-05,6.597369294169306e-06,2.0843726077698498e-05,1.0269910758953547e-05,5.071543214113477e-05,0.0001050437069990667
uvrC,uvrC,0.0005007635785852842,946,3.716008289416805e-05,0.00010557124851377478,0.00012721373499525996,5.458403425704164e-05,2.351685365604815e-05,1.975366783112827e-05,8.96196971069767e-06,6.323310821019948e-05,2.0838065128308924e-05,3.9930813388657344e-05
fliM,fliM,0.0005006336187544324,947,5.201186652122116e-06,0.00010160792651621538,4.3086786783193e-05,8.846909072842866e-05,3.3619073645040225e-05,3.340646373989393e-05,2.222128590664791e-05,6.930306386742423e-05,7.287129899941418e-05,3.084744191605274e-05
aceE,aceE,0.0005005105870063604,948,0.00010868079516503715,3.066401933690202e-05,6.336188164317762e-05,4.0417904171910746e-05,0.00013552850991754842,3.720886461129436e-06,1.5520534626035832e-05,6.907244058292052e-05,1.361239379356664e-05,1.993122130813204e-05
ydcL,ydcL,0.0004998135064427597,949,9.102136129612725e-06,3.605796484033313e-05,0.0001047379030991855,0.00014231552618257753,1.6686363094458216e-05,6.5916095020255e-05,1.3134611225826383e-05,5.405766103060245e-06,6.0718037919151384e-05,4.573910282829946e-05
rffG,rffG,0.0004995472031811278,950,1.8025622364507153e-05,0.00012040620690112743,3.5066200692151346e-05,1.4990064262281323e-05,9.67626895026189e-05,8.308720608891713e-06,2.9456406269711687e-05,6.106084296132858e-05,1.215425740654649e-05,0.00010331619221196311
pcm,pcm,0.0004993459563052011,951,5.759671158697129e-05,6.947987123456907e-06,5.9891608104600074e-05,5.2228547554583253e-05,3.635313127121259e-05,7.534880486327424e-05,2.5335706576770448e-05,8.23960868482646e-05,4.751871211470099e-05,5.572866026136678e-05
yfdH,yfdH,0.0004991196419070321,952,8.492203054091863e-05,0.00012527799536673524,1.870648910793467e-05,2.812019307853441e-05,6.295394717288706e-05,3.43099456019574e-05,1.1858636743572408e-05,2.002081661758671e-05,5.4986666878331974e-05,5.796292079857357e-05
yiiR,yiiR,0.0004988661895131219,953,8.427314987621366e-05,5.307817316190843e-05,7.353960212415108e-05,5.3749351195666606e-05,5.751837833166795e-05,1.45861309031324e-05,1.9672176306408828e-05,9.807642585301264e-05,2.2178554429584664e-05,2.219424733137572e-05
yeeW,yeeW,0.0004988563558222173,954,9.179879964797711e-05,6.768959345356572e-05,6.894005406411072e-05,4.7141336690956604e-05,2.6184629075766988e-05,1.13083863990366e-05,8.419240973533362e-05,8.897224973099703e-05,1.2178048449863988e-05,4.5084857460895094e-07
nrdE,nrdE,0.0004988159591127171,955,0.0001756427572243944,8.730701319773104e-05,5.047317678531931e-05,1.3309692928065911e-05,1.1532724431249245e-05,5.443522007932054e-05,1.4938227906916794e-05,1.0459729755135653e-05,7.384919366539697e-05,6.868223139187148e-06
ygaT,ygaT,0.0004986022387558079,956,2.0691511365033253e-05,6.228824258323868e-05,5.29484852639897e-05,4.096920698761523e-05,4.387846048281456e-06,1.0265430033988005e-05,0.00012503202576108426,1.899004657033969e-05,0.00012123383740274885,4.1795606739488745e-05
mlrA,mlrA,0.0004980560896014059,957,3.966676210087176e-05,3.7779312203726035e-06,8.086310092331558e-05,3.0320245259025025e-05,8.143506817847108e-06,0.00014028187690451089,0.0001201085210808727,3.162503567549087e-05,2.6600470250402687e-05,1.6668639368696747e-05
ybaZ,ybaZ,0.0004978428037849545,958,8.306258643733893e-05,7.09481111873662e-05,2.1145801687181336e-05,0.0001344440202870448,6.281610798299396e-05,4.169662161280172e-05,2.4419993024203232e-05,1.1964242367883634e-05,4.574779017996972e-05,1.59752901817087e-06
malG,malG,0.0004974189886021026,959,3.310493604338892e-05,2.0488941746735598e-05,6.103997809061337e-05,5.302923192577987e-05,8.458791251048531e-05,8.67953730923925e-06,7.597150902388527e-05,1.8531268530273835e-05,0.00011706812880914148,2.4917544612559855e-05
yedI,yedI,0.0004970022212117629,960,3.383264709559786e-05,3.0481108310629432e-05,2.866547217198579e-07,8.608661722769074e-05,0.00011848500716983596,0.00013334833781811738,2.6694009949280673e-05,2.8421208074999425e-05,1.876424056936506e-05,2.06023902745264e-05
mdtF,mdtF,0.0004964629621329558,961,6.971333040571116e-05,6.514021889390099e-05,6.199945118424158e-06,6.804600575953683e-05,2.331025081651035e-05,6.450347977041363e-05,5.029620242584825e-05,4.206726129747824e-05,8.755034807196487e-05,1.963591957316732e-05
caiC,caiC,0.0004958757416860492,962,1.3717156909821542e-05,7.275053555793073e-05,2.1072556767968597e-05,5.230288308066079e-05,8.403876479536976e-05,4.864522947017318e-05,4.4767933960330854e-05,9.388229588562657e-05,5.318947536413247e-07,6.416649050452584e-05
ydjG,ydjG,0.0004945222539406868,963,9.082709525592704e-05,5.660628229007395e-05,4.218796114912809e-05,4.952982493214901e-05,0.00010431286683987247,1.8489139302158688e-05,3.330987806092563e-05,1.0109603296277517e-05,8.716318653323487e-06,8.043328416085096e-05
glmS,glmS,0.0004943173177491937,964,0.00015188759494447768,3.0831706138289995e-05,1.3016808670477172e-05,9.455441021681931e-05,5.988766958878082e-05,4.6111511165635555e-05,7.704831293556482e-06,3.952008416770872e-05,1.6868660806550963e-05,3.393404075689693e-05
ulaA,ulaA,0.0004942192164520379,965,1.4174954229685865e-05,4.800796905256284e-05,1.2350930684822105e-05,7.178541862387701e-05,1.4924885280556757e-05,4.119450701557234e-05,0.00012059639814160204,3.0260029307448597e-05,6.22618249183205e-05,7.86622991975899e-05
yjjP,yjjP,0.0004940261130735671,966,0.00012787314919807593,5.9917252691379915e-05,4.260266368108802e-06,3.8160219234654763e-05,0.0001486863710601314,3.563000672236909e-05,3.711494279238636e-05,9.460615274934992e-06,1.6569962663377063e-05,1.6353327068148787e-05
gudX,gudX,0.0004935234312034127,967,2.5346569454285532e-05,2.872389951989956e-05,2.7651609609683425e-05,5.423559241765702e-05,4.109582592989065e-05,2.729652448426591e-05,1.852297943914566e-05,5.686849471207682e-05,0.00014496071066385466,6.882122497265335e-05
yieF,yieF,0.0004932194878873451,968,4.1232548130485534e-05,1.6232601052058852e-05,4.638356130553822e-05,9.14692573996868e-06,0.00016800506479918865,2.7212149998517174e-05,3.5972948931339296e-05,8.872819152224607e-05,1.683656178542292e-05,4.3468934622579665e-05
trxC,trxC,0.0004931476900045022,969,2.3704834139878682e-05,6.912457593183527e-05,8.889041901202879e-06,5.943672546953251e-05,5.689937181061878e-05,7.303869682167671e-05,0.00013627069935080662,4.796504406992335e-06,2.546844382328721e-05,3.551879634867118e-05
betT,betT,0.0004931138248667203,970,1.3023877006423421e-05,7.449667938473433e-05,3.471126318502573e-06,0.0001213632068935597,7.446770329794135e-05,2.8943183860666798e-05,8.132008184579044e-05,5.7056722899202424e-05,3.8329387530937304e-05,6.418558289619746e-07
galU,galU,0.0004931108607049207,971,3.278852233732603e-05,4.057422279222325e-05,6.724267852501766e-05,8.398463754981843e-05,6.993259354830905e-05,4.7979105100149045e-05,3.077316851532528e-05,4.8248696194129774e-05,8.395363881346406e-06,6.319187226127581e-05
yebY,yebY,0.0004926285975649131,972,7.768719120529566e-05,4.9925298878599245e-05,8.854166861082624e-05,2.120675890048363e-05,4.880585033768715e-05,2.03710527557572e-05,1.6807966395439265e-05,4.419833306539976e-05,9.30926798232699e-05,3.199179759215504e-05
hsrA,hsrA,0.000492532014573219,973,7.601785277562461e-05,6.289480435958204e-05,2.7029523682636038e-05,0.00011863910496646492,4.092536178835275e-05,1.7484082833898644e-06,4.949983948699578e-05,5.1239701324639695e-05,1.2395972682204853e-05,5.2141445223328393e-05
ftsX,ftsX,0.0004925303397605825,974,9.463019455924737e-05,3.056423364369259e-05,5.390438158640721e-05,9.661597681532918e-05,4.551812783945969e-05,5.4597143724626966e-05,2.7346140105497234e-06,7.547312368653893e-05,2.542917568369099e-05,1.3063368211039873e-05
arnB,arnB,0.0004921910753760706,975,7.660130607533095e-05,2.584771258788904e-05,5.268120867326945e-06,5.0769874004020234e-05,6.275159785216443e-05,9.406120682806529e-05,4.414920285298099e-05,1.9691164114121874e-05,3.930812874205696e-05,7.374276145211393e-05
phoP,phoP,0.0004921705244791961,976,9.989271744372864e-06,1.5623880823982836e-05,1.01421565472767e-05,2.702063513944731e-05,0.00010990946540412498,3.309560320159381e-06,0.00011839999072651327,6.83775005330454e-05,2.3641180401198895e-05,0.0001057568828390744
yhjH,yhjH,0.0004921533110700339,977,9.686910479018064e-05,3.502386955716952e-05,6.99357409388821e-05,8.27748000505554e-05,1.4004598454799632e-05,2.7038249871301887e-05,1.2515095286213888e-05,1.0112010394659479e-05,0.00012187010421033353,2.2009737515937934e-05
ppc,ppc,0.0004920330587269955,978,0.00010707577234298064,4.707474387071749e-05,6.939144631039013e-05,7.258119252171793e-05,4.471478360204676e-05,4.875631790689033e-05,5.6528074832691074e-05,3.0759796962755224e-05,6.375099863030637e-06,8.775830513775263e-06
yjiN,yjiN,0.0004919675751234441,979,8.830627345140516e-05,2.2785973110658733e-05,4.545716809576698e-05,3.7659650808192974e-05,4.232288907172654e-05,3.911245742953998e-05,0.00013560947595272222,4.5458594141115935e-05,3.013303228275067e-05,5.12206077956501e-06
nusA,nusA,0.0004917350257695577,980,0.0002338380891249352,4.308421769376801e-05,8.276153567621847e-07,2.2187293783332544e-05,6.700875254009332e-06,5.4097245298891416e-05,2.73008235700642e-05,3.016399356682117e-05,4.917515022885698e-05,2.4359721892116646e-05
sra,sra,0.0004913319565530568,981,0.00010700271090504074,1.2196411961986117e-06,2.4099597031945828e-05,7.600746048251167e-05,6.0279340720712695e-05,6.714044415386772e-05,5.272253611774118e-05,3.02317500922507e-05,2.9902018955013766e-05,4.272645689777388e-05
tufA,tufA,0.0004909647506444928,982,9.842751136187186e-05,1.0057176152114737e-05,1.0110578949344598e-05,0.0001494462761724671,3.144596769936936e-05,4.54801637079569e-05,8.532667990964687e-05,4.429155057215291e-06,8.769189523658527e-06,4.74720521108476e-05
ydfH,ydfH,0.0004903940653413043,983,2.8460306231929245e-05,4.437336313482807e-05,2.6297635781138727e-05,2.718936865947715e-05,1.2000914259261858e-05,0.00015773323469129688,0.00010913214578125221,7.855646253249997e-06,3.443954797223225e-05,4.2911902576637917e-05
dnaE,dnaE,0.000490047917317554,984,2.510355718184685e-05,9.530555550265892e-05,3.280804172044323e-05,2.4142577913503565e-05,4.441959594059827e-05,1.1832528749011676e-05,3.137594623172373e-05,0.00010934333786238344,8.852958454321905e-05,2.718719167216524e-05
potF,potF,0.000489858081888004,985,1.7410896561283183e-05,3.840620801730702e-05,7.922814162166801e-05,7.153523379666367e-05,4.077613749619225e-05,4.168328117786513e-05,2.9098897872572365e-05,2.28216925511496e-05,6.7530341181901e-05,8.136725161140175e-05
torT,torT,0.0004897711352866354,986,7.097736687369609e-05,4.0463872783630845e-05,2.6194271695090407e-05,1.1169368103179166e-05,7.149016017897005e-06,0.0001249734631791722,8.538966497233878e-05,4.438262646229013e-05,3.5498186417836684e-05,4.357329878150407e-05
mhpF,mhpF,0.0004896932264435898,987,3.8646552078423764e-05,9.548555876069284e-05,4.621773661587746e-05,1.5083591357442314e-05,1.613248183275646e-05,6.306118575339372e-05,5.9201490502498296e-05,4.048134405858358e-05,5.9115470725568726e-05,5.626781475835265e-05
ydiV,ydiV,0.0004896728674451914,988,1.3375296045858826e-05,3.440426394212326e-05,2.2414031660587508e-05,6.264516150702562e-05,4.272761475528926e-05,5.69579983850399e-06,6.838750247681224e-05,6.146233741767712e-05,7.820678769401423e-05,0.00010035407210729943
araF,araF,0.0004896588130098256,989,0.00014024640503347623,2.262611058104395e-05,2.645378286373161e-05,3.161827045920687e-05,1.4972709594671962e-05,2.352017363956442e-05,2.3116435355424184e-06,3.866264159105221e-05,5.810156518195676e-05,0.0001311455105295792
yjiV,yjiV,0.0004894829532294383,990,0.0001495673025932342,5.851613498595765e-05,4.920091238565552e-06,3.265926103190118e-05,2.9344893782426416e-05,2.1801556151360825e-05,7.764940837032142e-05,5.3621600502718555e-05,3.307261417444481e-05,2.833009039850769e-05
ycaJ,ycaJ,0.0004894792295475512,991,8.832265194691025e-05,6.201806842072178e-05,2.6083710023775503e-05,3.9879957253582664e-05,8.944372608860098e-05,2.850871780128712e-05,3.3472603949494725e-05,4.965912272325364e-05,4.153952791508422e-05,3.0551143424840424e-05
rseP,rseP,0.0004893006548105708,992,7.608841815280815e-05,1.613279485597165e-05,0.00013924833744504868,3.3440706611264026e-05,4.216646075032878e-05,4.119605302056985e-05,1.7482150230454338e-05,1.9667349231044877e-05,9.212792573596862e-05,1.1750458777111803e-05
yicS,yicS,0.000489161248002676,993,3.474264357586924e-05,0.0001090160680019381,6.591932418435864e-06,4.394027687285818e-05,5.845248174239228e-05,4.8285273569763776e-05,2.6659437445299463e-05,1.8702259948448212e-05,2.823137691269358e-05,0.00011453949751497729
yagN,yagN,0.0004887739783225685,994,7.555321285154672e-05,1.9746286552354416e-05,2.559244406832217e-05,7.437842885990851e-05,3.718875891621931e-05,0.0001073374168215357,7.581976524470028e-06,6.827820864019854e-06,2.5637127280827844e-05,0.00010893050558336393
rho,rho,0.0004885226637689088,995,0.0002594227338997295,5.87922607571596e-05,1.9785613126425595e-05,2.0141534447122553e-05,2.0498491232056706e-05,3.6050038422333724e-06,1.2141978813627795e-05,3.958142716459877e-05,5.325452078260208e-05,1.2990997033527501e-06
ispE,ispE,0.0004885100817374178,996,6.120827380462862e-05,2.1677871946701558e-05,3.3634483892421883e-05,8.982802344236748e-06,6.903941620162231e-05,0.00010498877365123172,8.71786906209829e-05,9.337279825748157e-05,7.878463995168787e-06,5.485070229416398e-07
ybjX,ybjX,0.0004883396502221951,997,6.411417132295948e-05,5.090352785277798e-05,4.44584621724924e-05,2.201246470008018e-05,5.907010348356924e-05,2.6611340156131482e-05,3.059796263094058e-05,2.671025662303267e-06,0.00012480475696480925,6.309583527613118e-05
yciT,yciT,0.0004882250775798799,998,1.345668799712453e-05,4.3796939907354e-05,5.090021976311726e-05,1.3310751381722796e-05,0.00010122293494528406,3.7786317945067986e-05,4.96683668791545e-05,1.9309288214486556e-05,6.063004253089372e-05,9.814352801567445e-05
eutJ,eutJ,0.00048815909688730845,999,2.0262136052087954e-05,4.936057493193146e-05,5.327518184157004e-05,6.047124621906276e-05,4.942504351906253e-05,5.649172884493208e-05,2.6346085048672957e-05,3.141695866900311e-05,1.611308992843192e-05,0.0001249970518325536
bglF,bglF,0.0004879647273174785,1000,0.00016151800112207897,8.867630424954697e-05,5.7725515902614625e-06,3.509430295084375e-05,3.713669523451335e-05,8.2715031974614e-05,1.3177355426574456e-05,6.175101537094878e-05,1.2953696340490081e-06,8.280997640476976e-07
araG,araG,0.0004876800270369465,1001,0.00011208389755798267,1.7228978951248605e-05,1.3059474120827359e-05,6.520506205491252e-05,8.390534958056671e-05,2.325931535297424e-05,4.256621377479426e-05,6.097415349549996e-05,1.098233048227063e-05,5.841525166586954e-05
ycbQ,ycbQ,0.0004876634364080069,1002,0.00011345711040420582,5.27385889697571e-05,1.843655914751214e-05,2.9983295116925635e-05,1.5677059798042608e-06,6.790354033592075e-05,9.269927126826347e-05,4.481069926314792e-05,3.909823573469854e-05,2.696843018777123e-05
ydhA,ydhA,0.000487354818177541,1003,9.31419830062582e-05,4.2854097953195936e-05,2.945934320826223e-06,6.766046832203917e-05,8.672828233188137e-05,3.827333023984157e-05,2.7446781664160124e-05,7.601746129905279e-05,3.750630623307783e-05,1.478017280720781e-05
appA,appA,0.00048721991140498046,1004,9.370089981256761e-05,6.95254525714244e-05,5.683162325973968e-06,6.864736137467191e-05,8.790831255907691e-05,5.383851530183079e-05,2.359219660150571e-05,1.3739531948651322e-05,3.957592011282067e-06,6.66268868979958e-05
ptsI,ptsI,0.0004870584384841696,1005,0.0002429395840489245,5.8767021605057914e-05,3.151145500808579e-05,5.734211981346965e-06,3.6126519785720446e-05,3.076706271698506e-05,1.4214124919216796e-05,6.220827272468436e-05,3.658244169858359e-06,1.1319415242894385e-06
ybaE,ybaE,0.000487003586461383,1006,0.00014598751969889165,2.7639071011967286e-05,6.991219210905398e-05,2.1102881607712974e-06,1.0550478445659455e-05,5.302851575519143e-05,2.634428830356939e-05,6.796004600970952e-05,7.46658970404096e-06,7.600459726252804e-05
rfaQ,rfaQ,0.00048668024932150194,1007,9.393767118709774e-05,5.1151665166671904e-05,4.59410197998589e-06,8.32572242129597e-05,1.3659794460952937e-05,1.604205158290441e-06,3.0076355947759e-05,2.550892956666388e-05,3.2723252996170425e-05,0.0001501670486449501
potE,potE,0.0004862673582800744,1008,4.113811105902063e-05,3.4965817157083e-05,4.795463652247509e-05,0.00011224602850745056,4.348919478556818e-05,2.733585734634487e-05,1.5096842078028862e-05,5.353007581045899e-05,7.741796507787514e-05,3.309282993576911e-05
garR,garR,0.0004862354901330545,1009,4.011336717710867e-05,5.511005801092257e-05,3.343355576872443e-05,0.00013233452516716798,6.481353177499337e-05,4.98796744195473e-06,4.863221264087509e-05,6.806972580587088e-05,1.1685668226575684e-05,2.7054878118861115e-05
rfaH,rfaH,0.0004862103718752779,1010,3.107011307320026e-05,7.258038934480546e-05,7.942275799930419e-05,5.770523134183655e-05,9.452283357681081e-06,3.3823392681020204e-06,2.8760056965546777e-05,7.47633407225965e-05,3.80096044743927e-05,9.106425532781234e-05
yidL,yidL,0.00048589409961392047,1011,5.807462284109061e-05,9.95283142724159e-05,1.6651537854367015e-05,5.216985878750418e-06,4.1106975845995504e-05,6.723116481476864e-05,3.936592054263039e-05,2.1141963842204254e-05,9.618254944084656e-05,4.139406428085127e-05
yjcB,yjcB,0.00048579621372346556,1012,4.700960661934268e-05,7.598946775743187e-06,9.65273736808202e-05,6.15295813702277e-05,0.0001027461431450261,3.87818556868444e-05,2.3137088085319802e-05,3.7498758959683104e-05,3.719346886770553e-05,3.377339053275284e-05
ylbA,ylbA,0.000485728649030921,1013,6.665124572604235e-05,7.562696368244702e-05,1.4602590699869039e-05,4.7232321563055546e-06,5.417937538181438e-05,9.615587321584595e-05,6.391667363832316e-05,2.6614200450921415e-05,5.420646344451535e-05,2.9052030634836792e-05
ydiI,ydiI,0.0004854999049340458,1014,4.6874588715349947e-05,1.8343715444874636e-07,0.00010263532786227136,7.286726558025782e-05,8.564184172839617e-06,1.2768385727679134e-05,9.133217042340695e-05,4.370640831290237e-05,4.14264958330697e-05,6.514164115182013e-05
ybgD,ybgD,0.00048548160058063146,1015,0.00010481875445755945,2.5777625104488386e-05,3.9113187806626644e-05,2.632071802446293e-05,2.1752634716520246e-05,2.1316435817406022e-05,8.176403561916101e-05,4.541741515669773e-05,3.151197688363873e-05,8.768881699407033e-05
yiiG,yiiG,0.0004854458593036301,1016,1.2559715574267454e-05,4.58842984578352e-05,6.3606198603439066e-06,3.924516936852363e-05,0.00011518245082099299,6.640790914748709e-05,3.3236508509748176e-05,6.233598135058606e-05,8.307892091609493e-05,2.1154285297750618e-05
katG,katG,0.00048514650927626265,1017,3.9392577225749774e-05,6.26704607116499e-06,7.253971289191643e-05,8.877082674070333e-05,9.523684356477471e-05,1.924664979782479e-05,1.3175510852854574e-05,7.619929802506457e-05,5.3113521750979055e-05,2.1204522355230426e-05
ptsG,ptsG,0.00048483751616805237,1018,2.3476276856540135e-05,5.629226764108221e-05,4.1610433327802964e-05,0.00017689453089005458,5.306076539179207e-05,3.679113937863762e-05,2.8334016873974843e-05,4.409117869738139e-06,3.13136365197631e-05,3.265533141866667e-05
rtcB,rtcB,0.0004847053213308594,1019,3.0274212671863923e-05,1.8906360630219025e-05,0.00010966859198195168,6.088596647797165e-05,3.8587821696117095e-05,0.00010754832611115057,7.341720894219612e-05,1.5877289803729964e-05,1.3997664233390702e-05,1.5541878782268697e-05
yhcE,yhcE,0.0004846634491959195,1020,1.235083847191892e-05,5.948330141261696e-05,7.533809691963272e-05,4.526748642612479e-05,4.425003307871564e-05,9.144336986241192e-05,5.164837038607567e-05,5.251958996904189e-05,2.0463909183286536e-05,3.189845348609448e-05
ygiS,ygiS,0.0004845260488482391,1021,4.676699550480991e-05,6.999064943150426e-05,2.647460239226229e-05,1.8922658712710008e-05,2.1550055452479548e-05,7.69196047856461e-05,4.49985424085684e-05,3.0246031770528623e-05,7.32548995789111e-05,7.54020088108188e-05
xylF,xylF,0.00048424778855867326,1022,0.00010717505199739522,3.1238191165798714e-05,2.807520938725055e-05,3.260269113397732e-05,1.9828488885863437e-05,9.45357228204182e-05,2.5574822032093175e-05,9.99026044910314e-05,2.7299407202485568e-05,1.8015599442359695e-05
nanA,nanA,0.0004841523275604377,1023,6.242419366306904e-05,4.530191561493758e-05,4.665287657004333e-06,6.18374360022045e-05,4.062370867634156e-05,2.2885492808202573e-05,0.0001256962079180995,3.0889375157292976e-05,5.7608794870755094e-05,3.221991519253056e-05
yfiF,yfiF,0.0004841050989697834,1024,0.00010508713846031199,5.0446944584182896e-05,1.7795682993373111e-06,5.299428124461245e-05,5.161272336537871e-05,2.0050237940721328e-05,0.00012856688080082373,2.4482710264181956e-05,1.225750490452557e-05,3.6827109105707526e-05
yjhG,yjhG,0.000483530611194489,1025,3.833100309832584e-05,7.075824461444227e-05,4.689446446765233e-05,4.992130015458054e-05,1.4794113242242367e-05,7.712210983271314e-05,7.382482625087335e-05,5.934559308248999e-05,4.6517755729808934e-05,6.021200721360186e-06
pppA,pppA,0.00048346120218885466,1026,9.434000450363944e-05,4.074367680001264e-05,1.6776634622166206e-05,0.0001234975508792728,9.193323088899903e-05,4.462932247056706e-06,1.2333140919985786e-05,6.275400973634754e-05,2.2690017711892548e-05,1.3930003879481863e-05
ydiL,ydiL,0.0004834392442416472,1027,8.278870854844227e-05,6.881343937097114e-05,5.8067708778420604e-05,7.953421734947216e-05,7.404626501304558e-06,3.411148134692395e-06,6.86037173545224e-05,2.48697829202013e-05,5.783523562084083e-05,3.211065966277955e-05
pntA,pntA,0.00048335857592137735,1028,7.676195441167975e-05,5.279918687428683e-05,1.60995521188305e-05,0.00010887868836927484,1.3353095828172985e-06,3.9797567834480396e-05,1.658884740579557e-05,2.5487301126720136e-05,5.324004044655217e-05,9.237012775093987e-05
yccF,yccF,0.0004832548859434411,1029,1.5359320510560268e-05,8.983812331433043e-07,2.31540517776115e-05,1.2607352125590831e-05,0.00011339650260444802,3.1395585668179976e-05,6.927800817075629e-05,8.138034174828009e-05,4.882311992002062e-05,8.696222218485017e-05
fbaB,fbaB,0.00048284657041125126,1030,8.941272386559663e-05,3.147479010311865e-05,8.135177653676729e-05,4.334779882013347e-05,1.3488810314216739e-05,9.184054241673898e-05,3.4774234373927875e-05,5.842249639486589e-05,3.734642873457123e-05,1.3869688513145529e-06
yfeO,yfeO,0.00048277949682393477,1031,4.3911394961132674e-05,2.103728652835702e-05,3.461041172481863e-06,6.313917934044325e-05,9.088715649188327e-05,4.697948699913417e-05,4.5367613488264985e-05,7.570605425397173e-05,1.1394728732247275e-05,8.089555485601853e-05
prfB,prfB,0.00048258284661910334,1032,9.074982603332787e-05,7.140805443016814e-05,2.4941149005096046e-05,1.0090009907777276e-05,4.1235428659465265e-05,0.00010325329311430832,5.364778378988629e-05,3.7816820259450754e-05,3.7268452750330445e-06,4.571363614459028e-05
yhdX,yhdX,0.00048155379776055284,1033,5.056312071751534e-05,5.24017028049123e-05,4.2327239602327436e-05,2.9742672129344525e-07,4.454304485894516e-06,4.9890546976669875e-05,9.189719639665544e-05,4.964821147415387e-05,0.00011084607032211725,2.9227978259013434e-05
yjcH,yjcH,0.000481508635522426,1034,9.12781623886719e-05,1.4228706519498086e-05,3.0169850963623228e-05,9.181236455630972e-05,3.5386929904544314e-05,1.0449497944676387e-05,2.379537925670085e-05,0.00013897501235848764,3.4346938053081155e-05,1.1065793576832707e-05
dmsD,dmsD,0.00048145004325842735,1035,3.573088152274978e-05,2.7665574873840883e-06,3.987119131444147e-05,3.153110374116043e-05,7.79956221365208e-05,7.990256728692124e-06,5.778631133408145e-06,3.897537551185493e-05,4.561991852822109e-05,0.00019519050515399451
ydiT,ydiT,0.0004811865770624306,1036,5.401156759380968e-05,4.280277137064512e-05,2.9874223243541084e-05,5.260066256441716e-06,6.696934267030164e-05,8.90861790677846e-05,3.7881974011578984e-05,2.1903197719845274e-05,2.888846117657455e-05,0.00010450879395190794
kefA,kefA,0.00048025066684625063,1037,4.18447393376522e-06,3.467281883122756e-05,1.0453238244800452e-05,0.00015761405664134758,2.6489700669424353e-05,2.612529003457228e-06,8.105943075056886e-05,2.8901879814380547e-05,5.6480815625079426e-05,7.778172333219941e-05
rhsC,rhsC,0.0004802317134316865,1038,0.00012026404403869389,7.506880378007962e-05,6.295084493235702e-06,3.6506103088369663e-06,8.808462874895429e-05,2.0806216654162455e-05,4.911627665424335e-05,2.3394819106364585e-06,7.495972292136127e-05,3.964684392148258e-05
inaA,inaA,0.00047950784954625995,1039,4.365390872808841e-05,4.9396246669143634e-05,3.5749387314462755e-05,0.0002299414217771551,3.499955216457789e-05,1.317904703474697e-05,1.4856540300642976e-05,5.269184517245463e-05,3.3922457185213394e-06,1.6476546664662285e-06
lldP,lldP,0.0004793281348254867,1040,8.157728798426687e-05,4.912052662982084e-07,3.911083497378804e-05,2.7801259333143285e-05,7.279164430320908e-05,7.77457446765721e-05,3.9005798700534736e-05,8.594320272879806e-05,3.451606914554531e-05,2.0345087713330996e-05
ycdO,ycdO,0.000479292100040841,1041,1.856459278733302e-05,2.736357589887041e-05,3.485543872062165e-05,5.97809631106688e-05,9.095177913077508e-05,5.401984948051643e-05,8.743407262396919e-05,5.375302315280794e-07,8.897937452707326e-05,1.6804923529485132e-05
mug,mug,0.00047923934990725563,1042,8.864534990954279e-05,2.7400559356353897e-05,3.401822869893715e-05,6.0155838007817865e-05,8.007231185606525e-06,3.898410004809667e-05,4.989734936139386e-05,8.422738893479045e-05,8.461771767940494e-05,3.28558672531153e-06
lspA,lspA,0.00047917247862568904,1043,0.00011813659085149765,7.742312087794721e-05,5.931517540318214e-05,1.1146102443422631e-05,4.546896995557372e-06,5.850730823326183e-07,4.1902761717794254e-05,2.1263650104981563e-05,7.663798616413042e-06,0.00013718930853256055
yjcF,yjcF,0.00047895793444967456,1044,0.00011285540977744469,9.013885096017373e-05,5.735203016412675e-05,8.332186611609627e-05,1.6401159772550812e-05,4.1845586384236486e-05,1.0543670419697991e-05,2.2939226150242605e-05,1.210493384756619e-05,3.1455200857539066e-05
caiB,caiB,0.00047888985189412455,1045,3.2325154876784194e-05,2.5944777562505097e-05,1.7842809237877628e-06,1.0990465447609845e-05,4.32227576849819e-05,0.00020317590345205524,6.898229029046964e-05,4.15584220122105e-05,3.4402582843835986e-05,1.6503216799884375e-05
pheT,pheT,0.00047883465410874945,1046,0.0001222124411162772,3.39754648737501e-05,2.8379324858011623e-05,4.134397252654165e-05,0.00012249611415492476,6.567444030437499e-06,3.067557549179877e-05,2.6587527442453067e-05,2.5336824411775354e-05,4.125996520277938e-05
yfeC,yfeC,0.0004785729385813304,1047,0.00011077005621482369,3.758707470892297e-05,2.4216565190432497e-05,5.0914258138107306e-05,8.194936972773364e-05,1.3031359243062187e-06,0.00010109943335688982,9.646759068363272e-06,1.9573336379116656e-05,4.151294987263433e-05
thiL,thiL,0.0004784904674474649,1048,3.100220957588956e-05,1.9343603688355088e-05,2.296721801118038e-05,4.784338034225239e-05,8.307248763620136e-06,9.776097810863075e-05,9.820099639324907e-05,4.309296986107263e-05,2.9805787361082874e-05,8.016607534213197e-05
yjcD,yjcD,0.00047805006505627687,1049,0.00015610572524710385,2.1922433648274205e-05,2.3207330787013408e-05,2.8853612802983298e-05,3.1345436026894785e-05,6.736213281051513e-05,6.195267301251576e-05,5.3490287710708784e-05,4.232104777902664e-06,2.957832823236496e-05
ytfQ,ytfQ,0.00047753541676423577,1050,9.279094984220306e-05,6.185748461003633e-06,5.654480986493153e-06,3.857949057826456e-05,4.2901911121596994e-05,8.260203058625721e-05,3.955588915247471e-06,0.00011127546231079384,6.968796359030949e-05,2.3901790372066376e-05
pflD,pflD,0.00047752153712738474,1051,9.380920655973742e-05,3.748664037430578e-05,4.354754237581684e-05,3.4797792289533844e-05,4.068162579311674e-05,4.321076602639754e-06,5.8447969956025354e-05,4.7205527537892845e-05,5.070606793276133e-05,6.651808770555482e-05
hslO,hslO,0.00047734333764200287,1052,1.1848143852646995e-05,0.00010458067375609572,0.00011826353902860165,4.7700941920497695e-05,7.925649765432171e-06,2.200177855361008e-05,5.751336949452451e-05,5.8220027704421495e-05,1.777150720512684e-05,3.1517706361045735e-05
ascF,ascF,0.0004772867102912933,1053,5.378079009755651e-05,2.310611874003257e-06,4.8185611290752785e-05,8.431287879539606e-05,9.03310788419439e-05,6.499282113815265e-05,3.323468014381735e-05,1.86373539488657e-05,8.079345020427285e-05,7.074339565321691e-07
galP,galP,0.0004772142401452576,1054,0.00010366931710908361,2.65908094251846e-05,4.3366777504927355e-06,1.8729308514655436e-06,6.540661029302288e-05,9.509295835962582e-05,5.482912338656562e-05,1.607092343422985e-05,5.1710678902555373e-05,5.7634210633031556e-05
creC,creC,0.00047701508140245695,1055,1.963333725276496e-05,0.00012012758961224814,4.595905320814042e-05,3.8949900550956644e-05,5.089670273306106e-05,2.5662293034848285e-05,2.9127308280654355e-05,1.973391127880884e-05,3.1048238968350674e-05,9.587674648262346e-05
truA,truA,0.0004768174021623977,1056,8.676603481355563e-05,3.524699587873001e-05,1.6882051566667683e-05,3.093683194554533e-05,1.3888126829633344e-06,8.16087337206131e-06,0.00018949974905116797,2.88788776163009e-05,1.1072524355326642e-05,6.798465088007896e-05
yedQ,yedQ,0.0004767946967720805,1057,1.948947061134628e-05,7.91175539582594e-05,2.6958231027523482e-05,1.2596064457834435e-05,4.4279553036432046e-05,2.3760577372048635e-05,0.0001135860517711046,2.6947255953867718e-05,0.00011182598822258563,1.823395036107829e-05
frlA,frlA,0.0004767738259396525,1058,7.746750645039701e-05,1.83453167787197e-05,4.836687386900336e-05,9.028682149913075e-05,1.2714371753338957e-05,2.215979111281419e-05,5.980090202864943e-05,2.801318989015168e-05,4.929828550967839e-05,7.0320767047769e-05
lysU,lysU,0.0004766626924144532,1059,0.00012656709491815497,2.4707133906379196e-05,1.7957740565760724e-05,4.3290236081123625e-05,1.898397084828942e-05,5.997166935204263e-05,8.706426675676943e-05,3.919687675971083e-05,4.648678887702319e-05,1.243691434919922e-05
afuC,afuC,0.0004757625354098718,1060,1.2627394704495872e-05,2.0323341109182714e-05,3.8193653479867934e-05,0.00015128089896908036,4.637984261232937e-05,1.4372142256268697e-05,3.8688312478572734e-05,6.618201007767551e-05,2.168051436217553e-05,6.60344253602231e-05
guaD,guaD,0.0004757068302556568,1061,7.29034977164429e-05,5.175792074126641e-05,5.4430605951423314e-05,1.5587361993844173e-05,4.081695100892397e-05,6.599545542077616e-05,4.300290065780707e-05,3.759824640079866e-05,8.194756555652484e-05,1.1666324807849306e-05
allR,allR,0.00047567124247620377,1062,3.4281575467434345e-05,5.574136741660834e-05,2.5640493879356708e-05,0.00012660708040636306,3.833869739296564e-05,5.432898586946968e-06,5.2954054733941644e-05,6.03509745505049e-05,4.965736193307235e-05,2.6666738109009777e-05
argA,argA,0.00047543101154980827,1063,7.273347112809483e-05,3.677215502174645e-05,2.9496639722398664e-05,7.476432969381526e-05,1.5009234851717493e-05,0.00010047584052419989,3.8112797306789076e-05,2.041721474112775e-05,3.7741433938387566e-05,4.99078946215313e-05
ypdB,ypdB,0.0004751768941164539,1064,1.449854901092141e-05,5.444311960023932e-05,8.004669146246672e-05,5.568647950713404e-06,7.614476690690144e-05,0.00010176661491358061,3.658610899770269e-05,2.3960622335459707e-05,6.608731645174203e-06,7.555304129329437e-05
era,era,0.0004749123210341482,1065,0.00010669792918900936,2.0485159937996086e-05,4.322411988294776e-05,3.94103019811709e-05,3.829290589363082e-05,5.7883043545165195e-06,1.910977070875584e-05,0.00011005810905528399,8.264529196762738e-05,9.200428063209506e-06
ansB,ansB,0.00047471756336671416,1066,4.855192073840479e-05,2.3626657185877878e-05,0.00010287736873300767,6.33737281756764e-05,5.299231961198375e-05,4.344684163117792e-05,3.663901860666138e-05,1.6996537369146266e-05,2.4196936628525037e-05,6.201623468625297e-05
atpA,atpA,0.0004746224713985431,1067,6.355787946193145e-05,5.489560948753673e-06,3.7999155403383836e-06,0.00010148731737952082,4.776227089825028e-05,6.945868797591593e-05,1.9476326233220808e-05,2.2476892418401756e-05,0.00014046344129302674,6.50179249183229e-07
ychO,ychO,0.00047441907852625994,1068,2.875086350233935e-05,3.968485000798518e-05,1.6832131241408102e-05,3.5036163187872986e-05,2.730668444285014e-05,9.430163748723827e-05,0.00011685801532154794,5.8442308740904066e-05,6.292509728605088e-06,5.09139148655088e-05
gadC,gadC,0.00047439718055323793,1069,8.337789882056592e-05,2.046225432231357e-05,6.674541611927032e-05,1.1289113568214835e-06,2.683361696787541e-06,3.324679097479588e-05,0.0001263367940300028,3.770171830783869e-05,4.8888757544559455e-05,5.3825277380282304e-05
gspD,gspD,0.0004742715315572686,1070,5.068502336383158e-05,7.265113034778654e-06,6.823720000655248e-05,0.0001298891117868017,3.6418513090846275e-05,2.369396466744244e-05,5.423966211960042e-05,1.558082609671325e-05,1.4819383642857804e-05,7.344273374784412e-05
yggW,yggW,0.000473909255503339,1071,8.045742213571688e-06,6.997043206281503e-05,3.771727548493271e-05,9.93480136988937e-05,8.651257603520463e-05,0.0001063993601626632,2.5906061488554705e-05,2.129432659878541e-05,3.129270814334918e-06,1.558619694358297e-05
maoC,maoC,0.0004734494915046529,1072,0.00010940382267879585,7.176493302899086e-05,2.4869924417896074e-05,4.450936923066414e-05,1.925983802118795e-05,1.0302426711997855e-05,2.909303339650648e-05,7.056479898184828e-05,6.512078388687217e-05,2.856056114989326e-05
uspF,uspF,0.00047335906622416327,1073,0.00012744189319747502,4.3681164145334895e-05,2.467751698287259e-05,9.78939416983538e-06,1.9216352269459636e-05,1.2543778115159575e-05,5.0243360555986075e-05,9.875517210771161e-05,3.5425727498853043e-05,5.158470718147544e-05
ychQ,ychQ,0.0004732695248433631,1074,4.382847867746963e-05,8.72073374622425e-05,5.289215310105276e-05,1.7966217675137505e-05,4.042831088339321e-05,2.3837154902368434e-05,5.712315873541254e-05,0.00011373625473760132,1.929179503633555e-05,1.6958663632349746e-05
rhlB,rhlB,0.00047272637121302947,1075,0.00011591752129597412,1.7818500369042486e-05,3.4566701903566255e-05,4.5257209214611426e-05,4.621633465280789e-05,2.7649416870757216e-05,2.3427714855631112e-05,1.8933118935169788e-05,0.0001269956130547304,1.594424006073888e-05
rna,rna,0.0004726910009317341,1076,0.00011622403416510491,2.3860527773700314e-05,3.6006932785650926e-05,7.037948244113278e-07,1.7129672185534283e-05,1.2797676347607216e-05,5.9714320989579905e-05,9.007410290858967e-05,1.557087982721348e-05,0.00010060905912434202
yidC,yidC,0.00047225853322570104,1077,8.294031769238785e-05,9.516571174540337e-05,4.7686804578514426e-05,7.4562406382548e-05,2.9758840043010256e-05,1.4609617814813645e-05,5.114096685846009e-05,2.342656562759371e-05,2.730342102893292e-05,2.5663881454036817e-05
ybbM,ybbM,0.0004721208351805268,1078,4.9308963346624785e-05,2.7697044224624003e-05,5.204156341059351e-05,6.675156074032964e-05,7.292604533373725e-05,2.4824694205151678e-05,7.229516802451918e-05,4.3050931913850724e-05,5.5279173938994024e-05,7.945690042102047e-06
arcA,arcA,0.0004718837743193664,1079,0.00012605872982462938,1.2066922456411183e-05,7.350815936994673e-05,3.018551583431477e-05,5.1862230961618976e-05,6.123228752936341e-06,5.524838813037554e-05,9.724241988852915e-06,2.1918397061348088e-05,8.518795993893252e-05
yidA,yidA,0.0004717697932294436,1080,3.781535873671873e-06,6.16442627092141e-05,9.020419918548669e-06,8.875207184572039e-05,5.518657917794389e-06,1.9466398582195437e-05,4.864770149725542e-05,0.00013393996571425348,8.292003885753172e-05,1.80787403132581e-05
rpmF,rpmF,0.0004717464820069812,1081,0.00018043595083317416,6.486359145922163e-05,6.766352261067154e-05,4.1552384369709636e-05,1.2755015465581397e-05,3.694428677281001e-05,4.4697671227391224e-05,1.0439295570417393e-06,2.020239574028217e-05,1.587733971097675e-06
spy,spy,0.00047168964241680206,1082,9.118318900125111e-06,6.866827265623465e-05,7.271257727718716e-05,1.3458025702354955e-05,3.072879398141337e-05,4.100969235417715e-05,7.706895758145653e-05,1.9020730932523127e-05,0.00011708391838838841,2.282035464294157e-05
yghF,yghF,0.00047148357940855263,1083,0.000125414848394537,3.445256770975346e-05,5.692967678539107e-06,1.9837366238945262e-06,4.055778563855948e-05,4.8009583390057414e-05,0.00014395683563987407,8.671124055716509e-06,4.058547921451312e-05,2.2158651063107937e-05
insK,insK,0.0004714483965453783,1084,0.00010165260711767851,1.5057591080549512e-07,1.9869129376046042e-05,3.577491699135759e-05,5.221747920640485e-06,0.00015013509300992861,3.9936154208855265e-05,3.69720065298774e-05,2.624654272876129e-05,5.548962275142754e-05
yaiV,yaiV,0.0004712905932619193,1085,6.568170674346607e-05,4.9175667311110615e-05,5.608642870617479e-05,2.1851331430406812e-05,2.3941337837957963e-05,6.611857195633737e-06,8.26589640617095e-05,4.121941445992431e-05,1.9441565234754837e-05,0.00010462232028078065
apaH,apaH,0.00047113138417165685,1086,4.4163812583940263e-05,7.442444612562214e-06,3.693284127211147e-05,4.149694049907679e-05,5.359277165052605e-05,3.395753826233538e-05,4.852986501610485e-05,0.00013386404650424967,3.529819921379785e-05,3.585292455695234e-05
yihS,yihS,0.0004710214823101152,1087,1.2866991656919544e-05,3.650215382803534e-05,5.3093513940284395e-05,0.00013024510676715,3.769590164155384e-05,1.659412161790923e-05,8.605256202486021e-05,6.220618520484034e-05,4.214505885889915e-06,3.1550439742672385e-05
yagK,yagK,0.0004709710178974332,1088,3.297860772321952e-05,1.4062081823311507e-05,4.756528729036767e-05,9.012123100826937e-05,1.878066125048879e-05,8.777422045748094e-05,2.6193956090529028e-05,5.511024347589118e-05,9.837302920420999e-05,1.1699573665170482e-08
sufS,sufS,0.00047090685886502114,1089,6.194469635693159e-05,4.5653081931919573e-05,1.8672527729496248e-05,8.105395209996344e-05,1.1747741850833477e-05,3.8842413248016046e-05,0.00013115486973696205,3.3198992619877796e-05,2.6486797991702143e-05,2.2151785299318786e-05
bcsE,bcsE,0.0004702651624935213,1090,0.0001132105404538714,0.00010251272302555608,5.735618674572822e-05,2.2764285599479736e-05,2.5699780330776906e-05,2.062155245354569e-05,2.058666893794462e-07,5.762704917099234e-05,2.9489943653318577e-05,4.077723437087286e-05
cadA,cadA,0.0004694550055858231,1091,9.612447070797939e-05,3.874806402844818e-05,3.253425150958846e-05,2.7195684853047658e-05,9.095809006081024e-05,7.242705631675784e-06,5.358281970445274e-05,1.5494179568489558e-05,4.500407744106618e-05,6.2570662080265e-05
ftsY,ftsY,0.0004693949123539653,1092,7.210575592486608e-06,1.655330572860806e-05,8.788032308024475e-05,7.345427087263058e-06,0.00012037913079456517,4.438477946462404e-06,6.13517262836463e-05,9.095151985892356e-05,4.369691836248251e-05,2.9587507619282888e-05
yadB,yadB,0.00046937943102318136,1093,1.6302016562352917e-05,2.910094334684981e-05,2.5021544065171617e-05,3.639677268269749e-05,3.640278313995941e-05,9.732045456749702e-05,3.079631192636026e-05,4.7096209997398015e-05,1.5249928613596233e-05,0.00013569246612129857
metF,metF,0.00046922252309254556,1094,6.354740234242153e-05,2.4102092831223466e-05,6.00205963604598e-05,6.621709871381203e-05,4.7225614478084e-05,6.057549487633839e-05,9.86677807279982e-06,4.535436034349677e-05,5.718251811940728e-05,3.513056695450249e-05
aroF,aroF,0.00046914568788200767,1095,2.044455420805367e-05,5.381890175804121e-05,2.7656448553536918e-06,4.1084761018976936e-05,8.38643554097034e-05,7.512262110200937e-05,1.54642184699578e-07,4.486699446984574e-05,2.7676331543583783e-05,0.00011934688133174027
lpp,lpp,0.00046900299357454105,1096,0.00017465384096411642,2.764728013268739e-05,4.138288555478915e-05,7.405819508558991e-05,6.859735621324663e-06,6.915544652868509e-05,3.380041245640323e-05,2.6136862743986907e-05,1.2680349668253745e-05,2.6279848187045263e-06
gpmA,gpmA,0.0004689611342201428,1097,0.00010566804815834293,1.9168295899913526e-05,3.419926853165865e-05,7.845112810185853e-05,1.5685521652292924e-06,0.00012507203015848695,4.9271681442107796e-06,4.578845831400457e-05,2.703500923338196e-05,2.7083175513055547e-05
LELOBEKK_galK,galK,0.0004689213236014983,1098,0.00015862664247812925,9.467106588701526e-05,7.332113483486767e-06,3.8126844918547305e-05,9.737359198978917e-06,3.1747622537121984e-05,7.034303128395245e-05,1.2543390036814764e-05,6.953049096865406e-06,3.8840204680586154e-05
rhsE,rhsE,0.0004686911524846695,1099,9.398108869642966e-05,2.887226373963283e-05,4.201725395409796e-05,1.6143683537898603e-05,1.9098504806308773e-05,1.454662554731171e-05,9.049575001362065e-05,6.7211401941447e-05,8.069076115243904e-05,1.5633819095483295e-05
ptrA,ptrA,0.0004685340490952577,1100,9.037728250131682e-05,1.1476196349033054e-05,9.892577243255563e-05,4.332753173375483e-05,4.677783085857436e-05,0.00010408747702318614,1.7838898126164183e-05,9.192579889175273e-07,2.564584536691569e-05,2.9157956714839365e-05
nhaB,nhaB,0.000468459493497059,1101,0.00014430527863556239,6.208169266141173e-05,4.111499162372129e-05,6.0299441157478366e-05,6.384072608368763e-05,1.3484376817150433e-06,1.7731284886765073e-07,6.481349042736768e-05,1.4687264906554258e-05,1.5790857470692943e-05
ybgH,ybgH,0.0004684320718851803,1102,7.45964334634894e-05,3.453351512684066e-05,0.00011878718542760406,3.772460606058824e-05,1.1795517626877403e-05,1.2570358643955956e-06,3.986407806860472e-05,3.6270040161114373e-05,5.750590565244066e-05,5.609775443322519e-05
yeeS,yeeS,0.000468288203409293,1103,2.1246754845183212e-05,5.8642427679845225e-05,5.931738305174245e-05,9.295105705578306e-05,3.96938104738224e-05,6.135066146497779e-05,1.518347012752331e-05,3.648363986426296e-05,7.453568384227491e-05,8.883315003877738e-06
yfcU,yfcU,0.0004681329413876668,1104,0.00010018079832588263,2.1874585314738806e-05,1.2595100376639566e-06,3.903910208083617e-05,0.00011728912265121982,6.424351109125341e-05,9.627311496171779e-06,2.4532084994873022e-05,8.765878195661928e-05,2.428133438407812e-06
potA,potA,0.0004679618213975139,1105,4.494098960168135e-05,5.635143035312549e-05,0.00010441717023018615,2.0805993495354467e-05,4.7307166090807516e-05,2.2379596782310042e-05,5.579028772329174e-05,3.978700436763904e-05,2.9512442418389434e-05,4.6669740334728624e-05
bssR,bssR,0.00046781226305917125,1106,5.586926731356666e-05,1.4355178443551208e-05,4.377091294143584e-05,5.318818020726127e-05,4.785171525648459e-05,3.012343564967078e-05,6.989288301234892e-05,5.3928048580376595e-05,4.8197929086344046e-05,5.0634712568131355e-05
gcvA,gcvA,0.00046639017406248904,1107,4.8953779534637806e-05,5.405347052243082e-05,6.234732294346612e-05,1.705884686846695e-05,2.7257880009737044e-05,2.3454253274259468e-05,3.554502530256759e-05,7.343816613701462e-05,1.4483389378987083e-05,0.00010979804009092153
yicO,yicO,0.0004662615111521878,1108,0.00011589631913396551,1.2178326087459184e-05,5.994813658198085e-05,3.3771375422401865e-05,2.5192334449322487e-05,4.789819786257843e-05,6.065459336144452e-05,8.118061729505343e-05,8.05216087525899e-06,2.148945008272254e-05
pflB,pflB,0.0004661081269111812,1109,3.980778930597553e-05,5.310103385928131e-05,8.816004693329482e-06,0.0001443865829350893,2.16138681830527e-05,8.661739004915788e-05,4.414398978841718e-05,4.466214432397367e-05,2.272495603478036e-05,2.3436773812368746e-07
yqeK,yqeK,0.000465899080811767,1110,7.383784146492094e-05,2.404035843167184e-05,3.5664141751209406e-05,2.378040229342878e-05,8.68311736727706e-05,3.0990809804621865e-05,6.576659204108747e-05,1.792659200685152e-05,8.185802433305108e-05,2.5203145012153512e-05
yhiJ,yhiJ,0.0004656587723021195,1111,4.3613307959196295e-05,8.291520043945013e-05,6.691346849955216e-05,3.675212190635322e-05,6.115316824842309e-06,5.621618144708619e-05,6.790598382403307e-06,8.753437120511217e-05,5.119952841616147e-05,2.7608677221962225e-05
cueO,cueO,0.0004653141677211937,1112,9.682506666613669e-05,1.1075278788782465e-05,2.1858849307968317e-05,3.308202719063175e-05,2.514540574203625e-05,6.741596009335161e-05,3.987000688588217e-05,6.235358841806318e-05,0.00010607828715356653,1.6096974747746415e-06
yfgL,yfgL,0.00046474888615574163,1113,0.00022282199100080903,4.416240461009173e-05,4.131442603537672e-05,4.450774337631028e-06,7.84191783443377e-06,7.087343398303779e-05,1.287029209853773e-06,3.4587785211920454e-05,2.8730287746223893e-05,8.678836186363431e-06
rsuA,rsuA,0.00046439715204292384,1114,1.5788485411216273e-05,2.5880505795097866e-06,0.00011293309426487651,3.7176187626969575e-05,3.0487247004126738e-05,0.00010161031945092441,0.00012158312635840471,2.726262954864647e-05,5.8840891092315575e-09,1.4962127709140145e-05
yddV,yddV,0.00046414453604935843,1115,8.30882591725689e-05,4.288733879065086e-05,2.1172921800227468e-05,3.451633281783353e-05,6.454608398049423e-05,3.577622819191713e-05,4.9720229994248966e-05,2.015753439079401e-05,8.987342839812936e-06,0.00010329226407081042
yhdA,yhdA,0.00046397674246962425,1116,8.865301739630959e-05,5.929982564503186e-05,2.3400521141966915e-05,6.55228330673236e-05,2.2253643759457768e-05,1.9379849123927857e-05,6.158088416949348e-05,1.61675131365785e-05,0.00010506583738192175,2.652817647612918e-06
yeaS,yeaS,0.0004639750743060675,1117,8.837089381998846e-05,2.238953753985122e-06,2.8939527799562077e-05,1.3046889449558908e-05,0.00011221736234354209,7.676774428055508e-05,5.7921686404768375e-05,3.7718007107461063e-06,4.703168919436192e-05,3.366852654899944e-05
sdaA,sdaA,0.00046377451515546003,1118,0.00021290255331891372,6.527512628603643e-06,7.943932648718722e-06,3.4451471027861686e-05,1.2183699872330093e-05,2.4361569960926247e-05,1.97472014005815e-05,6.96620251756942e-05,4.431163659830374e-05,3.168291252352646e-05
pitA,pitA,0.00046349206992035117,1119,5.7332821228183356e-05,4.425769939796316e-08,8.161080985729841e-05,2.2832750844581437e-05,5.3178900993184085e-05,4.546124738523378e-05,4.927873995962699e-05,5.625261805928451e-05,9.077195142080686e-05,6.727972472753788e-06
dcrB,dcrB,0.0004634765461279229,1120,7.270719241335549e-05,2.721169131439498e-05,2.1974534840713852e-05,8.314585314650527e-05,0.000124747772922288,4.210011388578189e-05,1.010837324426588e-05,3.5453089435735884e-06,6.184924466174353e-05,1.608646075530038e-05
yiiU,yiiU,0.0004633896300988466,1121,4.6357865686776234e-05,2.2968928848964145e-05,4.181262365081132e-05,4.091570501035061e-05,8.636995490762797e-05,3.736173706227804e-05,1.2141817498135292e-05,3.335216566555006e-05,1.8147298503233644e-05,0.00012396153326511928
pepD,pepD,0.0004631273830189921,1122,2.105159785853698e-05,1.2082264296270766e-05,4.6713068089493616e-05,7.293995455961469e-05,7.332587299330572e-05,3.748776946036915e-05,7.413555887120826e-05,3.683129598711277e-05,4.432267723409236e-05,4.423732366898778e-05
yhiF,yhiF,0.0004629116492823527,1123,8.849023296268398e-05,9.083078184965708e-06,1.550078691727984e-05,1.2786799413937923e-05,5.289559172209797e-05,6.020432692670121e-05,7.052368892026083e-05,3.0503472165923472e-05,7.113870919301529e-05,5.178496287548647e-05
cyaA,cyaA,0.00046279946098509267,1124,7.045015833546239e-06,1.3583217912825161e-05,6.183897363908139e-05,3.643808478762588e-05,7.98798503071145e-06,6.132591497766744e-05,0.00010471700369335642,7.639396095638467e-05,7.801624190212986e-05,1.5453062251764124e-05
sgcB,sgcB,0.00046277688531361146,1125,4.848679700279707e-05,1.2421617741053663e-05,7.337896814332659e-05,9.122970964670505e-05,2.171003492671218e-05,5.065856698199296e-05,3.608122511022989e-05,2.3664225805654586e-05,8.401346333405456e-05,2.1132276621084854e-05
tag,tag,0.00046276140726116594,1126,5.055983538861641e-05,5.254349925406832e-05,2.5206683166493193e-05,7.76113188082166e-05,3.4537347144485546e-05,0.00010046614463457471,2.372779783220163e-06,9.635494246779674e-05,1.8935409080375756e-05,4.173447533318499e-06
ybiO,ybiO,0.00046274497052018425,1127,7.82277008339388e-05,5.2054865954901956e-05,5.233582795584998e-06,8.243716205201644e-06,4.314661481653509e-05,0.0001270324126846318,4.902387210503748e-05,8.991513283635584e-05,4.1069022892052765e-06,5.760169998791341e-06
lon,lon,0.00046266135170548283,1128,0.00013054953421798236,1.6756094929058304e-05,6.780185921239707e-06,4.332993716583029e-05,4.40488594380489e-05,4.446094510507154e-05,5.111128593360648e-05,6.792049230031576e-05,1.058067108289067e-05,4.712334561143881e-05
ybjI,ybjI,0.000462543375133905,1129,2.1793126183284127e-06,3.0479574511994233e-05,7.903786757556699e-05,4.119180159273902e-05,2.8351119360614254e-05,1.6179314696875067e-05,9.778926604647948e-05,5.2139904382860684e-05,4.954941015128125e-05,6.564580419716562e-05
ybhF,ybhF,0.000462470610917539,1130,7.681936129963951e-05,1.564804979555364e-05,7.668372446449944e-05,3.3919598915495253e-05,3.578186068859486e-05,7.72114115370648e-05,3.823168666067008e-05,2.6772639250350794e-05,3.225919106226856e-05,4.914308724340211e-05
tolA,tolA,0.0004622311316252155,1131,3.258411805119868e-05,4.573948525900021e-06,6.972766406945236e-05,4.905931207593508e-05,1.5725200267776286e-05,0.00011183882289909089,2.4466438110654308e-05,1.5174301488604732e-05,1.2644595428403619e-05,0.0001264367307081996
pphB,pphB,0.0004618435271985795,1132,9.906802056984033e-05,3.6072164158026544e-05,2.6128940393041257e-05,1.0292365528193279e-05,2.650693994984213e-06,8.214615007083993e-05,1.5790999108444418e-06,5.2562632327242605e-05,6.002032006704288e-05,9.132314017852404e-05
ydhU,ydhU,0.00046131021551508255,1133,9.758261547347903e-05,2.56355515569338e-05,2.7827768707607686e-05,4.1892476585193e-05,7.701120983215636e-06,6.802549761885682e-05,6.487710027336227e-05,3.171350909276837e-05,6.779075201544248e-05,2.826382320822347e-05
rpoC,rpoC,0.0004611031471421968,1134,0.00015351241151039763,1.0196038501148828e-06,3.4922404301528314e-05,2.2670151280121197e-05,3.866118242016679e-05,1.6566057181802134e-05,3.14643712292838e-05,4.14173324190503e-05,0.0001017252609889384,1.914437196079336e-05
ydgH,ydgH,0.00046102946300608823,1135,0.00010294009990467321,6.146884860147589e-05,6.70882301191496e-05,3.0852281964386385e-05,7.682345453521007e-05,5.306602207575784e-06,5.892374152105005e-05,1.9288819322677546e-05,3.712882200986698e-05,1.2085628200227608e-06
glgX,glgX,0.0004609392167324884,1136,2.180518975168266e-05,3.266119745019412e-05,7.076971318339083e-05,4.5608201592616645e-05,3.440730879295284e-05,3.5057559349637e-05,6.678940773651056e-05,4.06137539479528e-05,6.877850701555717e-05,4.4448377911993805e-05
fieF,fieF,0.00046089656235092865,1137,2.44956021149364e-06,1.4002861802323542e-05,6.337460233288548e-05,6.029824469739128e-05,2.8801381995351516e-05,3.967052820687444e-05,0.00013148869236425732,3.246408616581413e-05,5.66942184351213e-05,3.165238613941604e-05
sfsA,sfsA,0.00046086957742620346,1138,3.079504767365444e-05,0.00011635911113559663,2.3677341583652907e-05,6.65542185564e-05,6.831822415100719e-06,3.867391937081946e-05,1.7653398155686476e-05,6.065783693107491e-05,4.378001106741347e-05,5.588687053680441e-05
rseA,rseA,0.0004607841214843689,1139,9.731794752145311e-05,3.383194453329214e-05,4.632736128535656e-05,5.524761362048424e-05,9.615048046781096e-06,3.0475185164805965e-05,2.567345966248703e-05,6.477677052191975e-05,6.665662511748258e-05,3.086216601030642e-05
ldrD,ldrD,0.0004605336856960887,1140,2.815352498041169e-05,2.423677606020556e-05,8.987777699279136e-05,4.7814283238761235e-05,2.6191337446995135e-05,3.2564743217110836e-05,5.205514029427893e-05,2.426514726935946e-05,4.539043922201824e-05,8.998451697415626e-05
groL,groL,0.0004601905851000804,1141,0.0001349832333095135,2.5424538063544897e-05,2.5337850599628274e-05,3.1463258963605714e-05,1.14007758959637e-05,8.86784783037508e-06,7.124689250432487e-05,4.601543115883975e-05,1.4723228866171214e-05,9.07275279081134e-05
fdhE,fdhE,0.00046016927360748527,1142,1.5900352847104416e-05,8.076294373119924e-06,5.495841177045947e-05,4.62789892865185e-05,3.476090345270211e-05,4.938371737058732e-05,4.138050520805293e-05,3.4156771632678086e-05,3.24876232788799e-05,0.00014278570438738258
guaA,guaA,0.0004599023431704131,1143,3.410754390723248e-05,5.879859914763553e-05,1.560596720411317e-05,3.0494414773013715e-05,5.632218588547965e-05,3.5980671632543714e-05,4.856424406921655e-05,9.41561062562954e-05,7.871516018687496e-05,7.157450108007857e-06
frdB,frdB,0.0004598791085180537,1144,2.0389040966442177e-05,7.920847059807204e-05,8.765827364486266e-05,6.616694784890878e-06,0.00010319866649210177,1.8690863243785186e-05,2.2681256525580087e-05,3.0759287385907623e-07,3.3079954516361973e-05,8.804829487209786e-05
ycdZ,ycdZ,0.0004595986652885404,1145,3.0382227333315e-05,0.00013690714462493816,1.4771073186334896e-05,2.0994506391412648e-05,1.643229834836323e-05,4.9204300894088676e-05,0.00011649605242719379,5.384444448802081e-06,3.947665339807975e-05,2.9549964236012156e-05
lsrB,lsrB,0.0004590891038902634,1146,1.1775701207733916e-05,1.7529289493669736e-05,7.051044161567846e-05,0.00010076706558105711,4.7414714065819105e-05,1.3492262716278015e-05,0.00010495764285941765,3.6019687724246894e-06,8.508966723071593e-05,3.950350347468787e-06
ybjP,ybjP,0.0004587640049604584,1147,9.000382141913955e-05,9.466735172371789e-06,2.000091691561913e-05,8.227591212691573e-05,8.093839742322357e-05,4.065885822142862e-06,7.2093864328496e-05,4.912334693638043e-05,4.546059932700764e-05,5.334525489161614e-06
leuO,leuO,0.0004587539834631347,1148,2.6635388208625824e-05,1.944169647010945e-05,1.603473745690881e-05,2.705055010134106e-05,0.00011907606132066676,0.0001725165541808345,4.42336470181473e-06,1.689390961912915e-05,5.614122468002867e-05,5.404967236758144e-07
yafF,yafF,0.0004580456418936427,1149,1.8793565822302553e-05,3.5013491710077063e-06,1.1198492392880603e-05,5.408740012525639e-05,3.1019443167242845e-06,9.973873161282227e-05,5.86151942084208e-05,3.897046050509806e-05,0.00010741727169343857,6.262123204569144e-05
yjdJ,yjdJ,0.00045714419267132674,1150,8.00795521324876e-05,1.9148117699203774e-05,6.903503835591867e-05,2.974051567849987e-05,1.2772416658816945e-05,1.660446694066249e-05,5.335134809506812e-05,0.000141467754515925,6.023532761960007e-06,2.8921449832784333e-05
sgcE,sgcE,0.0004563986709967853,1151,8.47443627638812e-05,5.8795603795569975e-05,1.3501371151235219e-05,9.948755528126325e-05,4.3081672417245965e-05,2.5986605931624793e-05,4.533783270016859e-05,2.4629393432163378e-05,8.165276068920498e-06,5.2668997454712445e-05
yicI,yicI,0.000456159529112371,1152,8.677719120280645e-05,2.6511886478174566e-05,8.483940086468277e-06,1.9019081220749868e-05,1.4514755535588101e-05,1.2742957645634729e-05,7.446965314337162e-05,4.023141618560408e-05,8.132426075229566e-05,9.208438686167766e-05
yadH,yadH,0.000456118433839211,1153,1.3387573424670488e-05,1.8606367106659478e-05,5.7591717716053335e-05,4.918007924616097e-05,1.7491216020441094e-05,3.843562220270688e-05,0.00010093085405329469,7.22289397567088e-05,6.531213698680481e-05,2.295392732571048e-05
ddlB,ddlB,0.0004558299267500174,1154,3.843592551911498e-05,1.2003677462580219e-05,0.00011098661413530641,2.9842276096373564e-05,2.664929702570427e-06,9.329467582393886e-05,2.8144120547492043e-05,3.001225065011185e-06,5.1629984007608905e-05,8.582649839002077e-05
ycbZ,ycbZ,0.00045581334489482104,1155,9.812872891733078e-05,1.7104609778837905e-05,2.074820543841356e-05,5.984398210964917e-05,1.1589087529143357e-05,8.753304807136087e-06,2.0390855666259276e-05,3.870373129088078e-05,2.0279302503514283e-05,0.0001602715368536559
umuD,umuD,0.00045559315438188007,1156,5.607168105947424e-05,4.044487353565689e-06,4.4625435094217e-05,6.888945233488438e-05,6.236360707035469e-06,2.9013105583799436e-05,4.7829702682269175e-05,7.573110230776363e-05,3.0774861214111e-05,9.237696604476e-05
yjeM,yjeM,0.000455099130707787,1157,2.3283545386459936e-06,3.287265527760183e-05,4.415897954570194e-05,2.997319138667412e-05,0.00011573621612001847,4.8844413586643715e-05,3.923984969653707e-05,0.00011739079840396528,2.952377549404405e-06,2.1602294602594114e-05
puuD,puuD,0.0004550547804793293,1158,6.413191311250644e-05,3.8062137367644816e-05,7.037920159142983e-05,1.629430686860771e-05,3.229080351679363e-05,2.419743378411238e-05,8.451229853049592e-05,5.7279266521730445e-05,2.4433508629228055e-05,4.3473910556780064e-05
ydfK,ydfK,0.0004547624785561131,1159,0.00011949247593312876,3.755561588694395e-06,4.08192497427412e-08,0.00011087956379134943,9.433627487549605e-05,3.3164501532000445e-06,1.5828651964821897e-05,9.000687685885608e-05,1.540156603496994e-05,1.7042381058537804e-06
yfjN,yfjN,0.0004546721657487916,1160,4.026695279516483e-05,3.125798508771001e-05,7.064290208923658e-05,3.027455402687114e-05,6.376812737030512e-05,5.8992373046765e-05,8.353219941150883e-05,1.0571740948960513e-05,2.4162037151742877e-05,4.12032938205267e-05
lsrK,lsrK,0.00045465131312305394,1161,8.68641500895468e-05,7.697198578592261e-06,5.5078651770522736e-05,9.960804396359272e-05,2.671210091819615e-06,2.99165123919381e-05,9.103713575654723e-05,3.8186869857036236e-06,6.216937521634941e-05,1.5790348278441378e-05
dbpA,dbpA,0.00045440448612982053,1162,5.123684117175989e-05,2.9797300099486574e-05,1.6888322496526657e-05,7.07385958148008e-05,5.548034047079091e-05,7.66178022768136e-05,3.947241536443888e-05,5.37417076839009e-05,1.1103320520064207e-05,4.932784023123809e-05
pioO,pioO,0.0004540603006397074,1163,3.2907063870846017e-06,1.908609845075156e-05,5.626435485360563e-05,5.95130279779381e-05,2.5792385640986328e-05,7.457887673685825e-05,9.204285815955783e-05,4.871544860583608e-05,7.192135523179589e-05,2.855188595293154e-06
appC,appC,0.00045404415145164513,1164,4.9102066096266615e-05,6.808066012018445e-06,1.5585249806792226e-05,8.027003915946392e-05,3.86999060860249e-05,8.312099360779251e-05,1.8051817412611597e-05,8.50636469157854e-05,6.310294671769947e-05,1.4239419637190065e-05
purB,purB,0.00045368580789543946,1165,3.739835281653476e-05,3.986416581082724e-05,3.2236292126929035e-06,1.0693537144367128e-05,7.50400893729454e-05,2.2580009068049267e-05,1.1467569899293928e-05,7.595160816415087e-05,5.296972305834517e-05,0.00012449712334823283
yghX,yghX,0.0004536760689670012,1166,6.519393823904186e-05,3.824959249599999e-05,2.0729805057364276e-06,2.5172619536219546e-05,9.526126522162036e-05,4.630981602701945e-05,2.065939122581001e-05,1.9726400516637065e-05,0.00011105330584062241,2.997675935829404e-05
fdhF,fdhF,0.0004536092036369905,1167,3.786058063868624e-05,4.965710379162606e-06,5.0112413924199655e-05,7.157496912889718e-05,9.926091724785427e-05,6.534355750500718e-05,3.331192994927858e-05,6.25751511364775e-05,1.7829406353717342e-05,1.0774567373709967e-05
secB,secB,0.00045328264337642766,1168,4.220088035273375e-05,1.286514903667949e-05,1.3852087058505182e-05,3.4069552194862476e-05,1.6328908462154157e-05,9.062876548910169e-05,3.681409715199006e-07,2.093442932413186e-06,0.00015153556945814506,8.934014742031276e-05
yjfZ,yjfZ,0.0004529341892444453,1169,0.00011044631728931253,4.998482608979837e-06,1.1803791694020913e-05,3.827500690336657e-05,2.6194281428893204e-05,4.426699863224771e-05,7.707293314355639e-05,9.11423372426929e-05,3.4831862596254095e-05,1.3902177705121111e-05
degS,degS,0.0004527602316500189,1170,8.110128265764269e-05,9.101032679808175e-06,7.23420613548915e-05,2.446970185404924e-07,6.719829686909761e-06,3.64475023056114e-05,2.527261631714597e-05,0.00010925763406279679,0.0001018773197075028,1.0396255859169304e-05
ppiD,ppiD,0.0004526770896535421,1171,2.8619792146011815e-05,0.0001755929014708947,2.7600499074144915e-06,2.5417546671108075e-06,5.0745198180590336e-05,3.632064684138308e-05,7.39431807615718e-05,6.589686582424388e-05,6.385453874135589e-06,9.8712459801856e-06
ybeX,ybeX,0.0004520060832529943,1172,2.7378063306346928e-05,3.647552997235955e-05,0.0001013759420329984,2.5617638028304528e-05,1.1363618378231131e-05,3.459712482760188e-05,9.393916844975716e-05,4.5951708788174895e-05,6.182164900947193e-05,1.348564045974793e-05
yebT,yebT,0.0004519419623764079,1173,0.00010003179506460036,5.694754711770426e-05,9.29812779816044e-06,4.258877311810789e-05,2.6588281497863848e-05,6.697133855299616e-05,2.0753434892557573e-05,3.64413027182832e-05,4.9935632086442305e-05,4.2385729529691975e-05
yijF,yijF,0.0004517413361842018,1174,1.6117002153594094e-05,5.7697025791940124e-05,2.265443961605991e-05,3.832968953672132e-05,6.835693265183889e-05,3.860587136576301e-05,7.993855330815153e-05,3.648341823773749e-05,4.0439911929665594e-05,5.311849159272985e-05
uspG,uspG,0.0004516172845381091,1175,5.7991402549850286e-05,1.2046924361896315e-05,9.700275171923532e-05,3.269168290652406e-06,5.435280619667037e-05,7.716293996334441e-05,5.2585074802431e-05,3.2641143717615474e-05,4.718727614834074e-05,1.7377796788072746e-05
relE,relE,0.00045102985897173606,1176,0.00022080387059645118,2.298835458457254e-06,3.452598927821901e-05,5.119046945384551e-05,4.593784217307661e-06,3.933713997559691e-06,5.284048640233897e-05,6.600474302766162e-05,9.278139010332982e-06,5.5598275295622e-06
yffQ,yffQ,0.00045097998212051133,1177,0.00010027649501890861,2.3017072956496984e-05,5.7474417466683264e-05,6.365175793218563e-05,5.66397181019377e-05,2.7136556514095575e-05,1.7945907745624373e-05,9.195663170707286e-06,6.91862765820922e-05,2.645611663177972e-05
ybiA,ybiA,0.0004509096662828681,1178,1.6282661109704383e-05,9.538777703639985e-05,1.418176635379045e-05,3.7173790359118563e-05,6.622152686142528e-05,6.507938921742022e-05,1.984046338492512e-05,6.096966276271981e-05,5.9460774864852935e-05,1.6311854332511453e-05
hyfB,hyfB,0.00045090262122922446,1179,0.00010509400678862402,2.4060117144414696e-05,2.2838132639800794e-06,4.9075580406665085e-05,1.216325376316402e-05,3.207156269756102e-05,8.090474170840338e-05,1.1373575151654226e-05,5.5642200105781724e-05,7.823377019897618e-05
yigE,yigE,0.0004498325972516045,1180,0.00012094546586187581,9.039387834176453e-05,1.3408626200270183e-05,3.5023582600608144e-05,9.030046060415174e-05,2.5871399346759424e-05,2.7874472440635506e-05,1.1713616427660184e-05,7.661776114207949e-06,2.6639319313671055e-05
aroA,aroA,0.0004497821557316237,1181,0.0001732678862668947,1.0101737319600693e-05,3.5413934879172446e-06,6.170349860633771e-05,4.6560675743921895e-06,2.3416838079067598e-05,1.8054079182967492e-05,8.474455646074962e-05,1.5256050720312602e-06,6.877049368166522e-05
yicL,yicL,0.00044976538501441973,1182,6.385252098030435e-05,5.7217402235565925e-05,2.0251962783273346e-05,5.011050618090722e-06,4.048825784534941e-05,2.858418542139152e-06,4.494140567113056e-05,0.00012260789472540176,6.19076254144731e-05,3.0628846198691405e-05
ymcB,ymcB,0.00044954958251575204,1183,9.268710990718318e-05,1.7859760574826772e-05,8.055191079388227e-05,5.802702554761415e-06,1.4195241442111728e-06,5.604780710499399e-06,7.832986063356738e-05,1.0663872305440443e-05,9.224291921513462e-05,6.438714167624535e-05
ydjR,ydjR,0.00044952608514765125,1184,0.0001621066850418649,6.220141369674516e-05,4.211349579517785e-05,3.347209289126478e-06,1.9695758015599423e-05,2.046109477441268e-05,3.934412970408578e-05,3.0806917965654854e-05,6.65606309459941e-05,2.8887499189900888e-06
yjhR,yjhR,0.00044925596832853814,1185,8.441980722089122e-05,3.423717411792143e-05,3.780941993350131e-05,7.417455074970417e-05,6.091091472722804e-06,1.7561600373097998e-05,4.551800578232248e-05,5.178522043945399e-05,6.76728469354398e-05,2.9986251303482903e-05
tdk,tdk,0.00044904396352437627,1186,1.988794999726617e-05,0.0001057374661497141,2.015892800290407e-05,4.022529072750199e-05,6.205084996347378e-05,4.6037515861968187e-05,5.0631413016995425e-05,3.0522465524899663e-06,3.106761704544116e-05,7.019468620662138e-05
gntP,gntP,0.00044881983178772126,1187,1.4263871657902516e-06,4.434838009713739e-05,1.032771719796785e-05,1.4724761794406992e-05,6.029587840211287e-05,3.574654621748874e-05,4.626398847813046e-05,7.680283635441289e-05,0.00010140741535090763,5.747592072936621e-05
yecJ,yecJ,0.00044861220043739827,1188,5.300491861948422e-05,4.870955634358997e-05,2.9003990950973022e-05,9.005546878953542e-05,5.1711169860283384e-05,1.4992427858892333e-06,9.883094945580745e-06,3.236874349074924e-05,7.676608863600907e-05,5.560992601530399e-05
yfeG,yfeG,0.00044857558024422533,1189,6.091447497013967e-05,4.6268023442851045e-05,6.28351828099777e-05,5.6077632464688733e-05,1.3375376561432049e-05,2.0509586565248382e-05,6.540029774685476e-05,2.0459354375651584e-05,3.891208270791478e-05,6.382356859946663e-05
yjiA,yjiA,0.0004485741222918834,1190,2.5014938530765096e-05,4.002798388166177e-05,3.3815119150324766e-05,1.976501850021107e-05,2.232666728022651e-05,0.0001456825861832286,3.8120616014259237e-05,3.6598163335262346e-05,3.5463283897709705e-05,5.175974551823432e-05
surE,surE,0.0004482867934699616,1191,9.096339197709846e-06,3.1842580777300585e-05,2.0085301176987177e-06,3.546883560559254e-06,3.584275625472559e-05,3.114306554956843e-05,4.053920704437021e-05,5.2245591265472217e-05,0.0001455609758702435,9.646086383231324e-05
idnT,idnT,0.000448268378456311,1192,2.9588206173375978e-05,2.8431174286610778e-05,1.6826335020391574e-05,6.136075265652189e-05,4.062871739003898e-05,5.7618479389397404e-05,5.2239882756299894e-05,2.867152036277165e-05,5.752920048857105e-05,7.537410993233174e-05
yfgD,yfgD,0.00044798387773221004,1193,4.4539807162393396e-05,3.820984692385535e-05,3.522591069510282e-05,0.0001375741019133831,3.722525287598457e-05,7.121398928709575e-05,1.2217062544222538e-05,4.338694267881031e-05,1.2522010600278466e-05,1.5868953051083718e-05
dedA,dedA,0.0004475899931895831,1194,5.818594092169328e-05,4.969718888729035e-06,3.746540104924761e-05,4.546862468378302e-05,0.00016019661248534896,2.9912467158023895e-05,2.6727445829622396e-05,5.703946824036153e-05,1.308258011954449e-05,1.4541733813228821e-05
nlpD,nlpD,0.0004473098640683862,1195,0.00014693461282542724,4.05190523892725e-06,9.87832682117739e-06,8.864607177983065e-07,1.6706353713517117e-05,3.905774485030714e-05,1.672010752747882e-05,0.00012038233102641673,5.4084219368840976e-05,3.8607801978495215e-05
ybaS,ybaS,0.0004472201712349197,1196,0.00014988834086176388,1.6155101448464402e-06,4.38197098195108e-05,4.180634312175655e-05,2.3004295643818765e-05,9.94669018157622e-05,3.762462046157523e-06,1.6521114314426706e-05,6.671145387473263e-05,6.240395921442875e-07
emrY,emrY,0.00044714568411697637,1197,4.919979779811139e-05,2.8504083063853613e-05,6.503924197897119e-05,5.128518350722461e-05,2.6173821525519563e-05,3.294174883974882e-05,1.6815101160679914e-05,6.0666118818962324e-05,5.6319729673158105e-05,6.020085775074686e-05
narQ,narQ,0.000446771575326973,1198,9.665898730760341e-05,0.00012355818450165922,4.769999397724639e-05,1.2808570434726762e-05,7.359733679928877e-06,1.770931371788111e-05,2.4030755183245543e-05,5.1354813234889555e-05,1.2828521958436387e-05,5.276270133135569e-05
fabZ,fabZ,0.0004467705319970475,1199,0.00010307848190812288,2.2141641714314174e-05,1.9753426520902553e-05,5.2716625157989654e-05,4.662594455210807e-05,6.863207672888097e-05,2.9783200642069365e-05,1.142170453026077e-05,8.546449638501898e-05,7.1529338573801815e-06
ydfG,ydfG,0.0004466677222183996,1200,6.508989899662828e-05,1.1271284489850501e-05,1.8731135887802483e-05,1.1295515146382487e-05,5.23757134510919e-05,9.866307065310866e-05,7.043312365223252e-05,7.592461305467842e-06,4.1776158820090564e-05,6.943935981574438e-05
rihA,rihA,0.0004463874599287957,1201,4.0690154497449985e-06,4.7247649738215104e-05,8.96964765877178e-05,3.165880837703311e-05,2.5564585944302194e-05,1.4019463288945563e-05,3.787427224730396e-05,3.049561605791454e-05,6.624264446790654e-05,9.951892776971182e-05
rpmG,rpmG,0.00044632177854181035,1202,7.260869040309756e-05,6.899228395288174e-05,9.392411603919738e-06,3.909938987600875e-05,5.437561875014715e-05,4.86433675855479e-05,6.292332056436314e-06,2.4866673923943227e-05,2.4195921111268305e-05,9.785508927855974e-05
narU,narU,0.0004462538152116624,1203,8.774154729739947e-05,6.097776574159491e-06,0.00010526865813541255,2.7886911040832378e-05,1.243160964782965e-05,3.5703743588923834e-05,2.755514011883919e-05,2.5983943765189952e-05,9.629687260418954e-05,2.1287612438886353e-05
purA,purA,0.0004457096423500077,1204,0.0001909762425385841,3.8992072370868225e-05,9.590426063781478e-06,7.721000336466104e-06,2.009258895387503e-05,8.463004993768034e-05,4.767171298048279e-06,1.5025033639810744e-05,4.8388999872646225e-05,2.5526057338247153e-05
ygbN,ygbN,0.00044517835760849686,1205,0.00011208342286521382,6.66459127942931e-05,1.756348943384418e-05,4.746173736001026e-06,1.949437334438842e-05,8.564229759139153e-06,9.81116942516214e-06,8.445486309829176e-05,0.00011442245374809213,7.392269404071101e-06
frdA,frdA,0.0004444759217010018,1206,1.1836412417195989e-05,1.180970995330472e-05,4.7134500869907635e-05,7.324084410815939e-06,7.84020828914692e-05,5.710290011594373e-05,4.876217553533178e-05,6.538888452314581e-05,5.7669754905643576e-06,0.00011094819549332268
malS,malS,0.00044420667874016503,1207,3.1265007897529486e-05,8.505453472651809e-05,4.579107942862909e-05,3.1637640477240385e-05,1.7450358033714852e-05,2.7938791935566447e-05,2.0790684663646137e-06,2.986451179317477e-05,0.00016782495748669316,5.300728494734119e-06
proS,proS,0.00044323907597389233,1208,0.00010821764020892222,6.671300919516809e-05,2.5062071309518103e-05,2.780410008481924e-05,1.157932515003846e-06,2.184923326226764e-05,4.532235030285813e-05,3.486614995719836e-05,6.624035333833788e-05,4.600623579979885e-05
rrmA,rrmA,0.00044314374478942193,1209,1.2152063244232711e-05,3.2710337087619906e-05,2.3805231477312514e-05,6.210761036425947e-05,0.00012777998373927197,1.9068819856606403e-05,3.626704973098728e-05,6.91687784261938e-05,1.4463225851012714e-05,4.562064501192514e-05
ymfG,ymfG,0.00044290657995410185,1210,1.5387983523417792e-06,8.791565555351779e-05,3.9066432724057556e-05,3.368337173868615e-07,3.3386831361800015e-05,1.8397263119500014e-05,7.961859882622194e-05,1.171466630294119e-05,0.00011011585650071211,6.0815643495622625e-05
ybjL,ybjL,0.00044270805539754315,1211,2.7085350127982748e-05,1.9315651228905848e-05,7.976735046372449e-07,3.436901101942452e-05,4.229005483357548e-05,6.575472795547436e-05,8.693829091764838e-05,5.854209185418335e-05,9.327614473591495e-05,1.4339059219796247e-05
ydaN,ydaN,0.00044268290687320003,1212,4.1446948978518206e-05,1.5735219509885306e-05,2.1241684108851374e-05,0.00010028257359945816,5.458320310489561e-05,4.445114074486285e-05,4.6338632369234616e-05,6.41784732028858e-05,3.895250982651918e-05,1.547252142808891e-05
yghY,yghY,0.0004424756992145776,1213,4.685798678964436e-05,3.576292923255617e-05,1.3169220458242706e-05,2.191808755082447e-05,0.000107510764853866,3.96097114593004e-05,7.541686313728661e-06,8.083913318442051e-05,6.781338614744054e-05,2.1452793224553794e-05
purK,purK,0.000441914282601893,1214,1.4526118818629046e-05,0.00012003694463599677,3.5924586981132066e-05,1.529227557843959e-05,1.8757356445533307e-05,9.314976616255857e-06,6.112018963210971e-05,4.78559301231439e-05,5.740059721189018e-05,6.168530655876258e-05
ygaP,ygaP,0.00044187621887903773,1215,4.115672849268243e-05,6.590478972975141e-06,3.072434039346854e-05,8.283136564095778e-06,5.802956641941119e-05,3.8521242235716e-05,2.255158147296041e-05,0.00019619143680938163,1.0597033711970978e-06,3.876800414714954e-05
ybjH,ybjH,0.0004412899251196608,1216,0.00011801203845520795,5.411333430969516e-05,1.7598831286584737e-05,2.0314803995048684e-05,1.730606682483884e-05,0.00011527144712442851,2.0930006838804467e-05,6.42702573804289e-05,1.2500208767225611e-05,9.72930137397918e-07
coaD,coaD,0.0004412406522215491,1217,4.92011062149959e-05,4.881520721506487e-05,6.624461288395901e-05,0.0001386874297583058,1.1811590293122978e-05,1.644852641910106e-05,1.3515958133343454e-05,4.908466386032119e-05,4.722784695672754e-05,2.0371048660732678e-07
rsgA,rsgA,0.0004412142379954774,1218,3.9321615316958944e-05,7.080980534435643e-05,6.985332276480484e-05,2.942788042731744e-06,4.3133489018688237e-05,7.714615776562337e-06,4.55226134340382e-06,5.984443224027384e-05,2.5188778039799295e-05,0.00011785313010789792
rhaD,rhaD,0.00044107014772465727,1219,5.346870097130398e-07,7.17343551775863e-05,6.154588120934739e-05,1.824185268532777e-05,3.3881312346173255e-05,7.72073207154971e-05,6.339237201545332e-05,4.28860801623319e-05,2.489489173280452e-05,4.6751394670422605e-05
hycE,hycE,0.00044085969673104535,1220,4.4601690537045346e-05,1.4701709894888752e-05,9.19220738609989e-05,4.001796508038374e-05,5.114927899760217e-05,1.5791696941236095e-05,6.896891732522e-05,2.570785489344779e-05,5.605169795034114e-05,3.1946811249881415e-05
ebgC,ebgC,0.0004407415745847163,1221,1.0457530336275722e-05,0.00011999242771165032,8.768030347676855e-06,3.0248890885124697e-05,1.1543107999285844e-05,8.049592626561408e-05,6.263531378569813e-05,3.0019716035634693e-05,8.096727801154605e-05,5.613353206209879e-06
yfcS,yfcS,0.00044069711136828155,1222,5.8619555487056515e-05,2.6264012808826734e-05,5.439104358459064e-05,5.480827483302994e-07,6.369060706375686e-05,5.0602061482524185e-05,1.596916691354424e-05,3.022963919409409e-05,2.7743622706976856e-05,0.00011263931937858113
cstA,cstA,0.00044036892998705493,1223,9.635439796206716e-06,1.292112012609532e-05,4.9002224702587045e-05,6.07708319328208e-05,5.9037250946941745e-05,6.679342619587018e-05,5.040938783148633e-06,8.139083752867328e-05,7.795499126365356e-05,1.7821868711057605e-05
lsrG,lsrG,0.0004401820526591529,1224,5.740805023165034e-07,7.16288199330224e-05,7.616387156234513e-05,2.9827119408022296e-05,7.4921759331457946e-06,4.2435399776457424e-05,1.0418023929793508e-05,0.00012610299522904735,7.288741847563885e-05,2.6521479093637088e-06
yhjR,yhjR,0.00043867868749573565,1225,4.4224755830564146e-06,0.00013912359595809142,1.1128109892102e-05,6.965643165829808e-06,9.545974564491144e-05,1.0023526076482998e-05,1.556182502217471e-05,1.630331178818587e-05,1.077560546677084e-05,0.00012891484889813014
ybjT,ybjT,0.00043845686123190376,1226,3.764862500764551e-05,5.294567770191843e-05,5.040467702470777e-05,2.4282325950355244e-05,4.041622827085136e-05,7.347977207488453e-05,2.580558827551233e-05,6.021241990621706e-05,3.76132187130815e-06,6.950022514850328e-05
yhhJ,yhhJ,0.00043793230550916336,1227,2.8986793900728266e-05,4.539412225273107e-05,5.24786158074213e-05,5.630732205602752e-05,1.962468180448811e-05,8.024936904850098e-06,7.707966706438073e-05,0.00010312561559367925,6.910718061361649e-07,4.6219478318720887e-05
yejF,yejF,0.00043782136481908913,1228,3.126792001487836e-05,2.361037060736831e-05,3.230075544940573e-05,9.485521913361879e-05,0.00010794946030003479,2.8638163200681382e-05,6.126992535655531e-05,3.371810567485999e-05,7.593397588813512e-07,2.3452105322805123e-05
ycdI,ycdI,0.00043778165971677794,1229,3.653459780260289e-05,3.167564605080098e-05,5.397286181906232e-05,4.494769774802847e-05,9.555864683509248e-06,5.36912116112304e-05,6.260390201698813e-05,0.0001096482375657035,2.3051688408503637e-05,1.2099952010348333e-05
lepA,lepA,0.00043752729881256215,1230,8.589578271315238e-05,1.407708089612918e-05,3.51268637994938e-05,5.108635448434838e-05,5.960634082941475e-05,4.590523907318693e-05,3.0310589529356545e-05,1.94095689662828e-05,9.285823278768369e-05,3.251245733513676e-06
ybaW,ybaW,0.0004375246661483679,1231,0.00016339264767582052,2.6680743135739694e-05,6.170697489037914e-05,2.602917336018023e-05,5.581784519037211e-05,2.9927526612627946e-06,2.785345954519594e-05,1.2874395325020977e-05,1.811514601305164e-05,4.2061528351344795e-05
yjiC,yjiC,0.00043749121668272984,1232,4.493701691551911e-05,9.711753196133566e-06,6.535948759024365e-05,3.5467794274006874e-05,2.5597776043396644e-05,0.00010354864604734457,4.2538100906979724e-05,6.867570604888729e-05,2.3133635584884318e-05,1.852130007533408e-05
adiA,adiA,0.0004374610953222035,1233,5.3242851684389656e-05,6.150417313663282e-05,1.6315527941325624e-05,4.957682696642247e-05,5.672579387047466e-05,4.3214995382594616e-05,4.260080383263966e-06,6.0945308722610275e-05,3.053654234453213e-05,6.113899488995728e-05
wcaI,wcaI,0.0004369774081204524,1234,6.208930186205626e-05,2.537358933992547e-05,4.445506476733435e-05,1.977244119630653e-05,4.863358261848802e-05,5.840653968227457e-05,8.32576984625937e-05,4.3900932518761154e-05,4.204733050298405e-05,9.040927169728297e-06
ybeT,ybeT,0.0004368451989999169,1235,4.005788071063074e-05,1.199763539052031e-05,6.301790775136215e-05,4.597934094490014e-05,4.636769166059307e-06,6.466304673939808e-06,0.00010470988979503842,5.855312508381071e-06,0.000124277778640386,2.984637941869896e-05
ydhC,ydhC,0.00043648734992603406,1236,1.1495142493672649e-06,4.900668981438545e-05,7.430956465545021e-05,3.434058142396068e-05,5.543125934186919e-05,4.2057449630748806e-05,1.529043558268588e-05,8.973361905411623e-06,4.56936854667414e-05,0.00011023480785541355
artQ,artQ,0.00043647211027677987,1237,5.08916685900635e-05,8.766675805896239e-05,5.8500238942900295e-05,3.206511821705161e-05,3.822613190725937e-05,6.816614458179204e-05,1.605110227125398e-05,6.180949114253477e-05,2.020841386324435e-06,2.1074615178637535e-05
mdtG,mdtG,0.00043642006935915956,1238,6.205395852989768e-06,2.8179585020253953e-05,6.958792454437513e-06,6.0063183462414474e-05,5.9596118295302105e-05,7.406071380807881e-05,2.09329073894013e-05,7.16610650212536e-05,5.272156058823791e-05,5.6040747466790115e-05
yeaH,yeaH,0.0004363385984914647,1239,2.535431517560571e-05,1.3415157361785111e-05,3.202066893919767e-05,4.279901474711349e-05,4.830216848898665e-06,2.0147412186847542e-05,3.221820811556441e-05,7.119326453792308e-05,0.0001335623509793019,6.079798959922714e-05
bolA,bolA,0.00043628995280329077,1240,6.386029058931863e-05,0.00016262103011732956,5.80016084144032e-06,2.0094981641000112e-05,1.6984545983977327e-05,4.20054944196612e-05,1.288374609364415e-06,1.3856796957929614e-05,6.888017383612382e-05,4.089810380714571e-05
yjbM,yjbM,0.0004362442706689598,1241,3.0647185871618085e-05,1.5386021348346473e-05,3.584970390442735e-06,3.092216459367891e-05,0.0001539479390637264,3.057969229251645e-05,2.3783041706348596e-05,0.00011976699195467838,1.5563916320427945e-05,1.206234712717581e-05
hcaE,hcaE,0.00043528472444147374,1242,2.8453498399208663e-05,0.00010840325326545426,6.974607904568476e-05,3.550685650218076e-05,4.341126063986404e-06,4.002253002213211e-05,3.5835000592726717e-06,2.211474709005804e-05,5.079642811693328e-05,7.231670587656278e-05
talA,talA,0.0004349142941223636,1243,6.827210701352064e-05,1.912024592385864e-05,5.2665726452420684e-05,2.7007812303287603e-05,7.290092358224223e-05,5.223298948579569e-06,5.919931518134826e-05,3.868324657062549e-06,3.399124743993737e-05,9.266529262010608e-05
tgt,tgt,0.0004348020245752527,1244,2.9200343356512068e-05,4.773963019822988e-05,1.043110672950548e-06,0.00012659231115323103,7.278450702021737e-05,5.4132996621556064e-05,4.2863635861267887e-07,3.587578648006078e-05,2.453855225549328e-05,4.2466150458389e-05
fliD,fliD,0.0004347194538409551,1245,7.11691412142153e-05,4.80853456989069e-05,6.916555309679118e-05,2.621813750096527e-05,6.563634288143116e-06,7.468150104409658e-05,2.3270626273548093e-05,8.405733958719144e-05,4.231333627582006e-06,2.7276841509515243e-05
deoA,deoA,0.00043438000539904216,1246,5.023000836551192e-05,6.05324411857981e-05,1.7236567429382004e-05,2.086548214679681e-05,6.736465910027775e-05,4.7020122380987445e-05,4.4322733633330165e-05,6.907782656647766e-05,4.444088267457037e-05,1.3289281915909983e-05
ybbL,ybbL,0.00043387049170537617,1247,0.00011566674562108381,1.983979239876272e-05,7.257696296147313e-05,1.235125343339778e-05,0.00012158461240233855,3.555148786243864e-05,5.992040455192429e-06,4.276050322221019e-06,3.799623357292094e-05,8.035312675547224e-06
vsr,vsr,0.0004335116111939889,1248,5.713713675734195e-05,2.973957336366351e-05,4.680200823224963e-06,7.855851572856862e-05,1.570264115980976e-05,5.4129839504802395e-05,5.9308216676381897e-05,7.98410151115587e-06,9.526732915405144e-05,3.100405651498848e-05
csgE,csgE,0.0004334155941685602,1249,6.390970672019486e-05,1.862306657552718e-05,6.591696952405053e-06,0.0001261796948529697,9.13897805940341e-05,2.708774265814158e-05,1.6994959582077132e-06,1.0603184237178427e-05,8.611754331072619e-05,1.213682309175395e-06
fucP,fucP,0.0004324077271316265,1250,7.70594509110147e-05,3.614375312521074e-05,7.42602439537511e-06,1.3140163003764264e-05,5.5445185991876274e-05,4.180106374435557e-07,7.623982066964665e-05,1.2318938634489915e-06,0.00010948124919657031,5.582217533727593e-05
lolB,lolB,0.00043233226468805566,1251,7.441314696755462e-05,1.8708488564938635e-05,4.425039919408167e-05,1.1980984375883116e-05,9.85707446551397e-06,4.327313262501512e-05,4.722762168861047e-05,8.053575139569801e-05,5.320327724265773e-05,4.888238816810231e-05
flgN,flgN,0.0004320075209317531,1252,0.0001400488100507102,2.0623634520312343e-05,3.396120711968169e-05,1.7227517951999622e-05,2.364204253832283e-05,3.337484502734678e-05,1.5656296467099907e-05,8.357733943929412e-06,4.105955134837138e-05,9.805588196397898e-05
nhaA,nhaA,0.0004315152606929332,1253,3.933696333327606e-05,5.017191107426882e-06,1.605912517927322e-05,2.876132212103179e-05,3.979494121858527e-05,7.869371160852115e-05,6.159887777763026e-05,1.2700658021944762e-05,0.00011892227928266728,3.0630191042576544e-05
ydjO,ydjO,0.00043146652861673803,1254,0.00010477100682242395,2.7920485543552783e-05,2.901707986127553e-05,5.8158763042779347e-05,3.471235874778147e-06,9.516534662346485e-05,2.444358060994268e-05,1.4725547060301397e-05,4.1797934594211354e-05,3.199554858400798e-05
ssnA,ssnA,0.00043145112685640116,1255,6.064101765310847e-05,7.882841658278713e-05,5.9407171199787185e-05,1.4355098125768625e-05,1.2786509869736613e-05,1.0844022332412449e-05,0.00012164683362662154,5.827241367796174e-05,4.875875430428538e-06,9.793768357788867e-06
arpA,arpA,0.0004310940846854566,1256,2.9838367263088408e-05,2.8587213025382666e-05,4.5509320203332024e-05,4.218114734050554e-05,3.246900001921653e-05,1.1913807571703417e-05,1.0444940373531345e-05,8.992580786649719e-05,1.8552907112333353e-05,0.00012167157390986609
citB,citB,0.00043083112014907483,1257,6.891433341487162e-05,2.5226795569078347e-05,3.311873490372767e-05,6.0818895920020415e-05,9.261958846785385e-06,6.295039236828016e-05,2.7291498163145938e-05,8.83976956901404e-05,3.671401600987736e-05,1.8136799263147563e-05
kptA,kptA,0.00043061403457167707,1258,0.0001440310533057009,9.184122713778453e-06,4.378939295302805e-05,3.371217375953344e-05,3.830021539367951e-05,4.529212327892802e-05,4.570344949758919e-05,1.0518206658758298e-05,5.445243161993508e-05,5.630865390746177e-06
pykF,pykF,0.00043047734369137014,1259,7.887238316920034e-06,1.208527422149586e-05,0.00010712536237744857,0.0001281699322082094,4.6252121315896473e-05,4.1230318608062516e-05,4.828409005161384e-06,4.5534745134956004e-05,1.3752736725111484e-05,2.3611205778108395e-05
yecO,yecO,0.00043034056039245117,1260,3.105801923746984e-05,9.814470364521462e-05,1.7287484116927436e-05,1.1924778649375266e-05,1.2623266855671606e-05,3.140788176141613e-05,2.7422889226076686e-05,6.448038973660401e-05,6.845794759327812e-05,6.753319957041745e-05
sfmH,sfmH,0.00043000868965111704,1261,3.4115994878060015e-05,5.0397425272761675e-06,9.366971567069952e-05,2.216596548591623e-05,5.512319419303385e-05,4.9255473271366706e-05,5.1157930710315835e-05,7.338045892955681e-05,2.3469283239586917e-05,2.2630930745305052e-05
malK,malK,0.00042952280995285815,1262,9.878804276013753e-05,6.307283733673498e-05,3.0551670821505616e-05,2.9401430858032895e-05,2.17358088712256e-05,4.443207216751172e-05,1.902453386112592e-06,4.0762192166207155e-05,8.79989182351164e-05,1.0877383350273635e-05
atoS,atoS,0.00042921201718111764,1263,1.8690063877300987e-05,9.69396669686203e-05,4.502468625575738e-05,4.077451634898428e-05,1.164988322277622e-05,8.054530545436369e-05,2.4409961139697127e-05,8.226842973808215e-06,6.230361794987054e-05,4.064747298993887e-05
yraK,yraK,0.00042910785164439625,1264,6.916997490743295e-05,6.339147308915579e-05,3.127057064508245e-05,6.326817303360741e-05,1.539599947394552e-05,1.0611827262045842e-05,6.890782212852428e-05,6.782173985612156e-05,1.4450669002035235e-06,3.782520434827695e-05
yegI,yegI,0.0004284639022261207,1265,5.68492650945251e-05,2.9307620004164206e-05,3.852156093560843e-05,2.721808316019817e-06,9.240617469875069e-07,8.88025753343039e-05,6.136796563975552e-05,9.455812391110605e-05,3.492006693285047e-05,2.0490854310799714e-05
nlpI,nlpI,0.0004284047629846414,1266,0.0001128469734246734,6.836261265836197e-05,2.7176365086057267e-05,4.0525322315811176e-05,1.5256125116731814e-05,1.373611461210477e-05,6.316512994212815e-06,1.2635654008812425e-05,5.510636616922254e-05,7.64427165986532e-05
ydcD,ydcD,0.000427946092624693,1267,6.6161567640775515e-06,1.643528433193658e-05,9.574490285897818e-05,4.9663388037745e-05,4.1329466576570423e-07,3.981487953113557e-06,0.00011876729620358299,6.572905185789765e-05,3.3254807579391716e-05,3.734042237220399e-05
rimM,rimM,0.00042764233594826736,1268,8.843886528975009e-05,8.060377065376255e-05,1.0917687699532378e-05,1.752906187487623e-05,7.82851802305319e-05,4.1035494032743055e-05,2.2960473765690673e-05,2.6365540796692105e-05,2.059148592012432e-05,4.091477568456399e-05
yfiR,yfiR,0.00042760921361495463,1269,1.806362947546898e-05,4.842048154629747e-06,1.703342692380122e-05,5.152287195887286e-05,2.3628610492148636e-05,7.991042863630052e-05,2.1588799052653645e-05,8.825756674966394e-05,4.211310321373752e-05,8.064872895767758e-05
yeeR,yeeR,0.0004270973353704407,1270,1.5870648079591805e-05,0.00010606118956637022,2.3810320229328813e-05,1.4136935476455595e-05,2.6219761930760568e-05,4.9135059176638094e-05,6.154551137386224e-05,4.241471466245295e-05,2.304617511444316e-05,6.485701976053719e-05
napD,napD,0.000426719297328053,1271,4.353096778783078e-05,4.327388368183144e-05,2.7656609857531734e-05,5.6023761358859085e-05,2.0975103313569313e-05,6.639234912191298e-05,3.1756761149394224e-05,3.949979700209514e-05,2.9374188021012134e-05,6.823587603401613e-05
yhbC,yhbC,0.0004264033563912864,1272,0.00018803192604804984,1.0498697817637357e-05,8.520239639642307e-05,4.060492156176305e-05,1.2942193571335987e-05,1.845537920813587e-07,6.900864667085029e-06,3.345075126301465e-05,8.1951440118116e-06,4.039190726208445e-05
pssA,pssA,0.00042627141986086015,1273,8.280892591064355e-05,4.155141563745023e-05,6.569866770834398e-06,3.455013810372802e-05,4.44382684619353e-05,4.857475467956043e-05,2.995802020013872e-05,4.54225350291905e-06,0.00010460111426663452,2.8676662327016008e-05
yehY,yehY,0.00042612716936804004,1274,1.0152949385146038e-05,7.5793078264692e-05,2.6825483967349596e-05,1.0659513881339512e-05,3.8019099578395466e-05,6.198030443479169e-05,4.71007390258474e-05,3.8235072587186766e-05,6.545243209548195e-05,5.190849614780954e-05
yegL,yegL,0.0004260413930992114,1275,4.675573640982879e-05,4.379616476437473e-05,3.721023750133599e-05,0.0001164986232365025,6.0785967885468685e-06,6.294913184673841e-06,4.0542703636837604e-05,1.1524794169353091e-05,5.722239955409317e-05,6.0117223853664786e-05
napB,napB,0.00042603890636960773,1276,3.279061731359053e-05,5.9191012056529924e-05,4.7594239391920775e-05,1.842034259246502e-05,3.554675171149422e-05,9.185116549178709e-05,6.777176515138459e-05,5.284557088500306e-05,9.138211654830197e-06,1.088923012060231e-05
ubiF,ubiF,0.00042551242156686227,1277,7.177424146832814e-05,8.468885153611361e-05,9.474191043604772e-06,0.00010575923926349182,5.780861556570411e-05,8.969072770125529e-06,2.279630835389267e-05,5.887466418044023e-06,1.0009266127510005e-05,4.834516902004755e-05
sdaB,sdaB,0.0004254052704562126,1278,0.00011789994732607894,3.428008321940822e-05,2.4119730164729342e-05,5.721476105248683e-05,2.870266447801361e-06,4.130124620470474e-05,4.0425910648331204e-05,5.827488560786552e-05,2.3681177847587357e-05,2.5337261937219146e-05
ymfI,ymfI,0.00042518965607806777,1279,6.593006364117797e-05,2.578291129646558e-05,7.304261513709606e-05,4.123437316197285e-05,8.622807531884574e-06,2.051440794581318e-05,6.418437865940034e-05,3.7157511599930006e-05,2.4174912303828632e-05,6.454567480049856e-05
dhaM,dhaM,0.00042517223519730713,1280,5.9431031702975044e-05,5.135264886020268e-05,3.589809730334094e-05,0.00013625201887499825,1.064431836128083e-05,2.292424476592209e-05,2.105762981406931e-05,4.644733476776635e-05,6.068064466032635e-06,3.509684628071897e-05
ygjP,ygjP,0.0004248015711500306,1281,5.176321680918136e-05,6.686355693368114e-05,3.6100319897793114e-06,0.0001076190556248182,7.409837352706793e-06,2.1766396931925304e-05,2.1962797158795853e-05,2.0682312868283133e-05,6.878730447516335e-05,5.433706100569616e-05
yfaH,yfaH,0.0004244478635747598,1282,0.0001491630232273247,2.0636471011864504e-05,2.0023934973543623e-05,3.5920265865228536e-05,6.921003432854749e-05,2.986123368550825e-05,1.4464280501385281e-05,1.9683749876693832e-05,4.371180351180677e-05,2.177306659285682e-05
dusC,dusC,0.00042430917941403343,1283,3.203771382288813e-06,3.820949368945989e-06,1.604420882346251e-05,1.3662929018525356e-05,4.0854031947596016e-05,9.83555580717548e-05,6.289340019550038e-05,8.436131241861581e-05,6.601748252149563e-05,3.509553566584813e-05
yqjB,yqjB,0.00042403125635279615,1284,5.401756260887599e-05,1.8776496111737206e-05,0.00011252406839230493,7.208938267441301e-05,1.5862718997463588e-06,9.429788516095885e-06,2.3813353600624913e-05,4.47848275390486e-05,2.9862057042483905e-05,5.714744796746534e-05
nrdD,nrdD,0.00042400743622842427,1285,2.5705650491522157e-05,5.8203961044958395e-05,9.244465258277178e-05,1.1312657665623e-05,2.975214721561287e-05,8.187856831270017e-05,2.3119584335813575e-05,3.392214922131755e-05,3.389415378263003e-05,3.377391157547472e-05
tonB,tonB,0.00042395156468494257,1286,0.00010728402764199253,3.890664439118821e-05,6.440421066987368e-05,1.1385942222019076e-05,4.313632073336564e-05,5.066683389767607e-05,2.0144107209836707e-05,1.5857801384013542e-05,2.496181223889745e-05,4.720386429607967e-05
yqiC,yqiC,0.000423913609513082,1287,3.967592240971011e-05,3.792406976118501e-05,2.5972761970770342e-05,0.00010541652086696681,7.188820203114191e-05,4.237469968755289e-05,5.3560090024142616e-05,7.369961460386285e-07,2.220548617729324e-05,2.4158860438280472e-05
ybeQ,ybeQ,0.0004237828227163505,1288,6.339408905652662e-05,4.061309817758275e-05,2.6248182939587177e-06,4.699137685463915e-05,7.153625133082264e-05,4.4515595721951176e-05,1.2020531942611926e-05,2.5107611071537225e-05,7.942795813201532e-05,3.755149213470492e-05
ydiQ,ydiQ,0.00042378035231646475,1289,9.660027306958686e-05,9.811142840020565e-05,8.066692769733275e-05,6.0432354698381415e-06,2.089233998601135e-05,7.682669297097644e-05,1.0661428027069216e-05,5.243138120136092e-06,1.7610159799979072e-05,1.1124728775329217e-05
tas,tas,0.0004234497289621817,1290,1.9992936189917243e-05,3.65857574099596e-05,6.430169622441215e-05,2.8836471426154688e-05,1.2819129705695505e-05,1.0759284885182291e-05,1.2267735080454549e-05,5.8325550937416e-05,8.74099165001579e-05,9.215125060283177e-05
ndk,ndk,0.0004233227992367325,1291,1.825691368814637e-06,3.301797955049227e-05,4.47773824596217e-05,0.00010553326340434653,2.3492235327321094e-05,4.166479548634683e-05,6.111001364534718e-05,6.0264326754833075e-05,2.9317896031548184e-05,2.2319215208061042e-05
eutE,eutE,0.0004231642975213677,1292,5.926815725884041e-05,5.256498499924082e-05,7.260668869741396e-07,8.591750051268327e-05,6.871455812462346e-05,4.052985915247026e-06,3.359709907952902e-05,6.194703479279547e-05,4.403213361080859e-05,1.234377634062546e-05
cdd,cdd,0.0004230203624673161,1293,0.00010043522813213894,6.341999520800386e-06,1.1620232237359403e-05,1.4117195795728045e-05,3.4227339811945634e-05,1.256327040793219e-05,5.68270818807178e-05,3.857295477738348e-05,9.943532652548264e-05,4.8879733377827614e-05
gspE,gspE,0.0004228316229695847,1294,9.180613381753096e-05,2.686277392094844e-05,2.5241653804143746e-05,3.130996951292296e-05,4.387315983792285e-05,4.854992477580679e-05,6.258666425525392e-05,3.5572282999325747e-05,6.3728575447598976e-06,5.0656202500969414e-05
aroP,aroP,0.0004225478051444358,1295,4.9118659162552965e-06,9.871300199371905e-05,2.8195446841100037e-05,1.4595528486556294e-06,1.989435219369816e-05,4.744186914578412e-05,2.403555642841471e-06,8.35899384135653e-05,8.254834913129962e-05,5.338987301751716e-05
zapA,zapA,0.0004223999465501159,1296,7.686106303466336e-07,5.857234969873133e-05,6.049078868289777e-05,4.5307276249562456e-05,1.0326101426553999e-05,2.747541606106343e-06,0.00010571519003574796,3.6167436425394766e-05,4.6911387034650306e-05,5.539326476012435e-05
yiaC,yiaC,0.00042233065600888714,1297,2.6758335861524546e-05,6.961831998460709e-05,4.144047725782886e-05,2.0222738820862268e-05,5.4477950200673936e-05,1.4765971808995802e-05,7.17501458093954e-05,6.283232547403252e-05,3.2293456586489385e-05,2.8170934204477326e-05
rnhA,rnhA,0.00042225443259208867,1298,2.4094990026553814e-05,2.0458726502907742e-05,1.4676368008333552e-05,0.00010275740197419137,2.2167642400408865e-05,5.8698354428071066e-05,8.261273025836165e-05,6.872700215519058e-06,3.203811097901307e-05,5.7877407798728496e-05
dam,dam,0.00042220090973842746,1299,4.4174001300802335e-05,1.5455937068025023e-05,4.905909293135732e-05,0.00012205058364278314,6.190566555555229e-06,0.00010989705860286712,1.759740851062522e-05,1.1398825902039745e-05,8.510109854540317e-06,3.786732536983199e-05
tdh,tdh,0.00042194603469054815,1300,5.905551207343276e-06,0.0001027876948442706,4.6548898632852425e-05,2.840415529471913e-05,3.3820029547407494e-05,4.091741029571206e-05,3.6669418859076435e-05,2.3367199898560034e-05,2.2548379600385195e-05,8.097729651022153e-05
rof,rof,0.0004215851041265275,1301,1.9035876206155605e-05,7.472812834559596e-05,3.4409854269374405e-05,2.2329051830568164e-05,4.409562871829168e-05,7.751782541661576e-06,8.144390352720071e-06,7.857864089899137e-05,7.594517026850369e-05,5.656658069466502e-05
uhpA,uhpA,0.0004215815221840781,1302,4.870948066616131e-05,1.27902886972722e-05,6.520074848646732e-05,2.604748992207983e-05,3.667463543515517e-05,2.434021462274797e-05,6.512308091895037e-05,1.0444095104988108e-05,7.744823571660686e-05,5.4803252613649024e-05
cpxP,cpxP,0.00042113023929735133,1303,4.078048850081093e-05,7.292988552169858e-06,8.139368000901192e-06,2.263937336158646e-05,8.913253800802574e-05,4.622576687332384e-05,4.921261481357348e-05,0.00012513777727491857,2.7478850357268548e-05,5.090473554772662e-06
gntX,gntX,0.00042110876430445556,1304,1.3113656931930654e-05,2.1245414108990467e-05,8.132060238549323e-05,8.268767631187967e-06,9.012113088944394e-05,4.5187239933839296e-05,6.973550887534985e-05,3.424140862413002e-05,4.5343140300157007e-05,1.2531894623933058e-05
speB,speB,0.0004210412525840059,1305,1.4077553320359015e-05,1.6684693227711442e-05,7.26699154670048e-05,5.424234568542583e-06,3.631263876377721e-05,2.3015657839010874e-05,9.754006031438168e-05,3.9243349458691724e-05,6.354568328217712e-05,5.252746634234943e-05
tqsA,tqsA,0.0004210205947714938,1306,1.8020540284957077e-05,3.9280015105458297e-05,2.741006071720583e-05,7.433701496084076e-05,2.2003342780277967e-05,6.702076463246229e-05,6.312458464504829e-05,3.445488225413828e-05,2.8769648880516276e-05,4.659974051058875e-05
yoeA,yoeA,0.00042100026499756343,1307,2.4026730146627926e-05,3.0910044137083664e-05,6.216301530484163e-05,0.00011234842985936692,7.179519066719149e-06,3.27338607601384e-05,2.5771716553079964e-05,4.220104879296986e-05,4.207694212533551e-05,4.1588958251400446e-05
fdhD,fdhD,0.00042066454875618156,1308,2.8861764351355718e-05,2.9199369204410784e-05,2.5736206361588566e-05,4.5685350021739674e-05,2.2941627912853948e-05,4.446223789288497e-05,5.5365596494809414e-05,3.9353478157639345e-06,6.466108730069152e-05,9.981596140008307e-05
yggM,yggM,0.0004205645950176412,1309,6.725696979895331e-05,1.0285215439023372e-05,2.1011202984970415e-05,6.17192244030086e-05,9.138746964317949e-05,4.776931739768804e-05,7.923230306587939e-05,1.1569582761628785e-05,2.2193528520782873e-05,8.139781002526937e-06
LELOBEKK_trpA,trpA,0.0004200550421191786,1310,4.894575126074484e-06,5.26715564137013e-05,4.5156863098888034e-05,1.69993905394996e-05,0.0001470936460241357,1.5064074161445595e-05,2.4954509532049673e-05,2.438404587569392e-05,4.0855041897069054e-05,4.798133945062121e-05
yegS,yegS,0.00041988547625273337,1311,2.1893785924668412e-05,2.0432044380257316e-05,8.04129262813927e-05,2.5400361560023756e-05,2.9540686810073496e-05,6.459052780276318e-05,1.1440082906439545e-05,1.1079765082078065e-05,6.646700078415689e-05,8.862829472087999e-05
ycfS,ycfS,0.00041981743940008355,1312,4.2155787171135165e-05,7.820241867723885e-05,2.1238719354638227e-05,6.714407184816888e-06,5.675409154151989e-05,6.377560315484205e-05,8.091065076205219e-06,6.09389145681792e-05,1.756277485009916e-05,6.438365782140886e-05
ycjM,ycjM,0.0004195215437630089,1313,4.452858117873944e-05,2.1947030538998347e-05,2.6589028443522533e-06,8.609556780071371e-05,2.154726609200269e-05,3.2031439489136366e-05,5.413089803488032e-05,8.798293650634823e-05,2.2893430892414684e-05,4.570549038542287e-05
hsdM,hsdM,0.0004194804849133512,1314,5.7708695191483885e-05,1.9485762823447534e-06,3.9027064714076035e-06,3.100257544623598e-05,6.532946049945446e-05,8.269693574302554e-06,4.140038828689027e-05,6.251360350399389e-05,1.0269706543394225e-05,0.00013713507911384352
yeeL,yeeL,0.0004193940138686203,1315,7.666006635344427e-05,2.9351254356126433e-05,2.8486064952149034e-05,7.26121572401049e-06,9.917146299573853e-05,7.99532085594149e-05,1.7303093437986176e-05,2.9144859994319485e-05,1.6316924140516957e-05,3.5745863354914e-05
yodA,yodA,0.00041915625707194734,1316,3.528395022778029e-05,2.274635098289294e-05,2.3339139236017364e-05,2.7375801510081105e-05,2.824745339191868e-06,4.9073184265478665e-05,0.00010985284568938406,4.3270216248481935e-05,1.6211378069929727e-05,8.91786455027094e-05
yfcO,yfcO,0.0004191319375590595,1317,2.2590235795501596e-05,1.837712418715087e-05,3.991496034748941e-06,7.892428994363208e-05,2.4038857971245908e-05,6.414249538357795e-05,4.460320161378222e-05,5.6326542002214075e-05,4.4812782957610696e-05,6.132491166959519e-05
ybiC,ybiC,0.0004186266275355861,1318,0.00013014512869839598,2.917238937891468e-05,2.3348146377097384e-05,2.6058316746234862e-05,5.918769420968018e-06,3.732624275784003e-05,7.014523108663992e-05,4.8334424297656934e-05,4.2503951817454405e-05,5.674026954383899e-06
yceQ,yceQ,0.00041851616060619736,1319,0.0001048045341292127,4.721638635065823e-05,3.836463262074941e-05,2.500817341482586e-05,2.529374895271066e-05,4.9426288028004785e-05,4.966695171674253e-05,1.8698381923387796e-06,5.391069367846509e-05,2.2954913522489307e-05
yibG,yibG,0.00041827970483234594,1320,6.783038220627993e-06,3.895444787528724e-05,8.886026429605546e-05,1.8213526865792574e-05,6.471545873465319e-05,5.029558543177993e-05,4.323233081576641e-05,4.1189469219788534e-05,1.7896991508261653e-05,4.813859186433289e-05
nikE,nikE,0.0004181969540459361,1321,6.105004709457422e-05,4.588165654886589e-06,4.771612358394604e-05,4.057584371429559e-05,0.00011830181563744499,5.8859638454784585e-06,4.527557170521264e-05,7.769148952679068e-07,2.823842547752434e-05,6.578808243730534e-05
sieB,sieB,0.00041746802356673954,1322,2.0934257745752248e-05,2.8643632949969882e-05,9.348014370805792e-05,0.00012039954644513199,9.356710584237967e-06,3.841500817021881e-05,1.4219745063796333e-05,1.5397254481991884e-05,4.7924090054418755e-06,7.182931541214056e-05
yegR,yegR,0.00041657787943113594,1323,9.269145710626607e-05,2.7521577582061205e-05,1.9740917888643626e-05,3.793239407831088e-05,7.336510731720577e-05,7.481117506114864e-05,8.40486860357216e-06,4.7879247390454585e-05,2.8913037774231208e-05,5.318096629241827e-06
fucA,fucA,0.0004164319854971284,1324,6.474675166115536e-05,3.817311012690636e-05,4.775788006083019e-05,1.8010688177880464e-05,4.491832531096969e-06,3.5892037046854273e-06,8.219779678368223e-05,2.0293879467370603e-05,4.512473401635551e-05,9.204610896716525e-05
ycaO,ycaO,0.00041598253620733143,1325,0.00010450935860727565,5.097559627912172e-05,3.351738581576708e-05,2.8801306962984065e-05,3.1278980399411564e-05,1.1617231655148047e-05,6.582935837230695e-05,2.157760031952113e-06,4.0512215950256515e-06,8.32443364883386e-05
trkH,trkH,0.00041592525723841854,1326,1.2378207604834132e-05,4.936359828597183e-05,9.859737188100307e-05,9.04221079019974e-06,2.5934568205725665e-05,5.204168375692473e-05,9.279377847064314e-05,2.773405123059844e-05,4.876553191351158e-06,4.3163233821166666e-05
yodD,yodD,0.00041584501371338576,1327,0.00013345886600532502,1.8584219224600265e-05,1.6194018450638317e-05,5.336918304500425e-05,5.1287361608303216e-05,9.192582234432863e-06,4.869834836435122e-05,6.461027610044893e-05,2.0472425593725746e-06,1.8402916120909098e-05
paaH,paaH,0.00041529118696524215,1328,3.9863968562574024e-05,3.574366150797321e-05,2.1933395327893104e-05,3.95240306289882e-05,2.4793169657114815e-05,3.7584762668946326e-05,6.432406928017245e-05,5.2217976629425326e-05,8.358578623471906e-05,1.5720366467435677e-05
crcA,crcA,0.00041529075436168414,1329,1.671003535271759e-05,1.6829617879361995e-06,2.276982485346206e-05,8.5938901861435e-05,5.825845878309959e-05,2.7193781305980307e-05,0.00011145343409665067,2.8795251602869596e-05,2.3365850138263447e-05,3.912225457926965e-05
amyA,amyA,0.00041525730512472815,1330,9.68396931300867e-05,7.562521963279262e-06,2.3513174984940403e-05,6.370352140512982e-05,6.920510704604917e-05,4.510143044590261e-05,7.127798501605482e-06,6.696480101273164e-05,2.651054816037081e-06,3.258820181896595e-05
gltP,gltP,0.0004152327672103844,1331,6.201277000055934e-05,2.4939152081312827e-05,1.9100989541284345e-05,0.00010090551549604231,3.7729023852467504e-05,1.5165824626519777e-05,8.057240615204876e-05,1.666844320965645e-05,3.5554590163364445e-05,2.2584052087128707e-05
sfmC,sfmC,0.000415228741149581,1332,1.381051434920189e-05,1.7575234156334876e-05,2.0636248075246872e-05,9.78519001219742e-05,2.6615649267075974e-05,6.136173745049757e-05,5.080966492873591e-06,6.637257064770023e-05,8.544613909661351e-05,2.047778149206232e-05
aaeB,aaeB,0.0004150331207872391,1333,1.6995464707616493e-05,2.3684371550589824e-05,4.405369601202232e-05,2.058153858129899e-05,6.261533762141399e-05,8.28770475365804e-05,6.590266733102206e-05,6.654662176805497e-05,1.5349353997604574e-05,1.6427021681035507e-05
fepB,fepB,0.000414409215396191,1334,2.9007317749438122e-05,1.640137256231543e-05,2.888630237307363e-05,6.221712497255502e-06,1.8763936488160158e-05,0.00010219507728590481,3.1990508966239323e-06,8.394292679908968e-05,8.868107062623027e-05,3.711044811809944e-05
yjhW,yjhW,0.0004142611293268134,1335,5.8557932302246236e-05,1.2194532187298511e-05,7.154463977287247e-05,3.293193588984237e-05,7.934205217066797e-06,6.545528432845583e-05,2.948182631370308e-05,3.8639344094934567e-05,5.834404096815649e-05,3.9177388252237036e-05
yrhC,yrhC,0.0004142424085480546,1336,1.8349692201648847e-05,2.069279084085483e-05,1.3041156759316552e-05,8.200507528469379e-05,4.402624737044425e-05,7.845056314319512e-05,3.27488195918823e-05,3.7753043504944584e-05,1.0514275831992131e-05,7.666074401908223e-05
yehL,yehL,0.0004141174826625471,1337,6.334307726762192e-06,2.1260749973321272e-05,7.12644657378285e-05,2.204495929077477e-05,1.1008966107770783e-05,0.00011227992049184189,8.533553796125568e-05,6.690048793930412e-06,4.247603720558597e-05,3.542248937347562e-05
agaI,agaI,0.00041388044660685365,1338,4.512201051344334e-05,5.4353510751021296e-05,9.479330369791694e-05,9.793775245655243e-06,6.154251711977166e-05,2.1656547045177282e-05,3.4111711426963956e-05,1.6738117349578413e-05,5.143883671483402e-05,2.4330116742491456e-05
dsdC,dsdC,0.0004137801274142792,1339,3.0278119324950823e-05,6.977540722713885e-06,3.0080398070542634e-05,2.127408089840366e-05,1.5234366096905448e-05,5.3165052707465776e-05,3.4726401738387434e-06,0.00016729403687563825,4.89970107135635e-05,3.700688183025648e-05
yjjM,yjjM,0.0004137001763395946,1340,4.561287466787624e-05,3.092892109647434e-05,7.142161433479825e-05,4.972371209488966e-05,6.601480692671478e-06,5.298016949362941e-05,4.116824833332881e-05,7.526892540750815e-05,2.5564867520086435e-05,1.4429362698331869e-05
hipA,hipA,0.00041342225031088903,1341,8.157830722746765e-05,7.117695435072067e-05,6.597403779108538e-05,2.6103839546987896e-05,4.2685801374537044e-05,2.2578105617361726e-05,8.958818269485205e-06,3.731454342471269e-05,3.4633050856371996e-05,2.2418791852158715e-05
yhhX,yhhX,0.0004134209894102436,1342,9.382210828563419e-05,4.238913382734551e-05,3.0665919688340856e-05,6.459081227437595e-05,1.6151930521505757e-05,5.6968985357022214e-05,5.3529476204356427e-05,2.590174595127131e-05,6.1180702881538565e-06,2.32828070122375e-05
ydhO,ydhO,0.00041314422420831446,1343,7.685017273760288e-05,7.923187335119734e-06,5.725030162530074e-05,7.488746159542682e-05,2.1351085891112334e-05,5.7437919202504707e-05,2.663891011708507e-05,1.798658744473822e-07,8.922143795492178e-05,1.4038818747930127e-06
yrfG,yrfG,0.00041260619962778505,1344,8.180470424166668e-05,4.5895874204978766e-05,7.669616623893643e-07,3.0122052640663517e-05,2.1853245964654642e-05,6.0367611720602897e-05,3.139784062460259e-05,3.702591220131407e-05,1.0786598794982024e-05,9.258539757193048e-05
yicG,yicG,0.00041246738241449603,1345,9.062672882435209e-05,3.0118625090380474e-05,1.4205374988131899e-05,1.694606217167938e-05,1.1753613715427579e-05,7.959799755698349e-05,1.2300804567504722e-06,2.6761795170474533e-05,0.00011592243387206958,2.530467056824658e-05
yfhJ,yfhJ,0.00041192825974007915,1346,9.801995390509235e-05,5.220324780274212e-05,1.1530407493882074e-05,6.739922876434649e-05,2.700488633403391e-06,7.635824948305802e-05,4.866003947760756e-05,3.075115312853043e-06,4.312368119558347e-05,8.8578476715107e-06
yceG,yceG,0.0004117904654355237,1347,7.200702536516479e-05,4.041037301012975e-05,7.502346226099868e-06,0.00010391302758798685,1.903864475497905e-05,1.9763483360981974e-05,7.318402034779446e-05,3.630250859717109e-05,3.111035971914776e-05,8.558676466068108e-06
queF,queF,0.0004117278723530668,1348,5.849481914116294e-05,4.440903669969574e-05,3.0994376380220735e-06,6.89961765451923e-05,3.889401220978961e-05,1.7870006530255494e-06,0.00010101648790072016,6.954108244401135e-06,4.976528172070938e-05,3.831151160034792e-05
btuB,btuB,0.0004113681766157863,1349,0.00015236281606835443,9.648208038965788e-06,4.162406706561409e-06,2.4608900251976785e-05,1.2857216891605154e-05,9.637921614218846e-05,2.6245269814823967e-05,3.9144042576886966e-05,3.390200684743277e-05,1.2058093276990573e-05
eamA,eamA,0.0004110891330592058,1350,5.148780387711986e-05,5.7680867169781054e-05,1.3905161849846212e-05,1.4378384490278102e-05,0.00011436795706498916,3.3578582995754004e-05,7.938511642042587e-05,2.4288570172973782e-05,6.047404013531624e-06,1.596928500450606e-05
ttcA,ttcA,0.0004108481641800668,1351,8.55015549285717e-05,4.499287113950631e-05,4.399364641496024e-05,8.324297966687206e-06,2.3346459034619933e-05,5.579358919562387e-05,1.4820212097486625e-05,3.0548920039525684e-05,1.574100161257969e-05,8.778561175050561e-05
tdcB,tdcB,0.0004108295053699433,1352,6.494435504374395e-05,2.6277812365708312e-05,4.911127270459153e-05,4.258345152817705e-05,3.881149317236518e-05,3.13189620054281e-05,3.476712071513168e-05,3.894918981169267e-05,7.486179313752373e-05,9.204054885581135e-06
hyuA,hyuA,0.0004107623080686637,1353,7.071728032971863e-05,2.7296756012263223e-05,2.1725529106754818e-05,7.2081114914603064e-06,5.613839750070265e-05,9.8205467608991e-06,8.268140927535085e-05,1.9535938065755697e-05,2.848546242617819e-05,8.715287709958022e-05
fabA,fabA,0.00041075648399039287,1354,7.694531834636357e-05,1.5026425609845796e-05,2.948017157484325e-05,6.564260925711117e-05,1.303265929013344e-05,1.6391297673563461e-06,0.0001455946957360058,5.654410368099953e-05,2.8589557563840567e-06,3.9924149713499655e-06
acnB,acnB,0.00041072311195987187,1355,3.714930404191872e-05,2.0776126646232966e-05,4.107367514917451e-05,1.6290233040305815e-06,2.7197885883427695e-05,2.663314974414341e-05,0.00011154510368767137,7.411984445563302e-05,2.9504412861210335e-05,4.109458618642922e-05
yaiX,yaiX,0.00041027553111314694,1356,5.4913433437059235e-05,1.1348489821756927e-05,1.64034457002152e-05,4.7269833623561054e-05,9.387576138041639e-05,1.8595228318821278e-08,4.1879171328113775e-05,1.9122150553428984e-05,5.788093878490887e-05,6.756371125536765e-05
rpsM,rpsM,0.0004102281607925017,1357,0.0001002566241911408,6.031685856657372e-05,6.91873116114156e-05,1.5824420630725464e-05,3.6200196616962334e-05,4.465556342449962e-05,6.980628712050013e-06,2.515637184029697e-05,3.317654495499931e-05,1.8473640243837934e-05
yqhA,yqhA,0.00041012661490986925,1358,5.821462631495053e-05,3.208139475428261e-05,8.963838932253486e-05,1.3244897623489466e-05,2.580778826822907e-05,5.850580027102099e-05,8.338329718234132e-06,3.558033108923806e-05,5.296819906632557e-06,8.341823764125694e-05
yggE,yggE,0.0004095525248934233,1359,0.00010461481057469711,3.0914559294101025e-06,5.199246148405868e-06,5.824559759006204e-05,2.73168784914151e-05,7.36695183814543e-05,1.8693918299278177e-05,3.234844702605497e-05,4.931372692561847e-05,3.7058925527027085e-05
ycdM,ycdM,0.00040908307578385925,1360,7.540042295916302e-05,5.407830314754126e-05,1.1056894544839465e-05,5.6904027585792885e-05,8.92892857061887e-05,7.477057745129746e-05,3.28657368447061e-06,2.049503656018622e-05,2.3182525023182857e-05,6.194291211967379e-07
yfiQ,yfiQ,0.0004087559035315032,1361,0.00011456338214871462,5.3628917982106836e-05,3.9626532594073224e-05,1.9018624671853493e-05,3.280215898204229e-05,5.213934605306376e-05,2.6688928693266104e-05,1.8188486225070195e-05,1.3711107226694424e-05,3.8388418954618304e-05
nlpA,nlpA,0.000408617926266503,1362,6.551219157596855e-05,7.04341628276243e-06,3.960767418778204e-05,1.6481644269700144e-05,3.522604922423229e-05,5.546645010269168e-05,4.238682992898913e-05,5.637507043820309e-05,1.6989184548360104e-05,7.352941570781357e-05
dicC,dicC,0.0004084487697321855,1363,7.74238008764867e-05,2.9917458129388387e-05,5.5500943320745e-05,5.333673352531282e-06,0.00011098561161880359,1.2317139744774128e-05,7.983715844636412e-06,3.4847837873000473e-05,5.1700635663445136e-05,2.2437953308374317e-05
uidB,uidB,0.0004082888640242792,1364,3.287536609034357e-05,8.642161774294576e-05,1.3129225023923105e-05,5.55511548977492e-05,1.488415471241232e-05,1.2531746859794659e-05,2.7972033275958753e-05,0.0001032644292194992,3.507940369570984e-05,2.6579732505942764e-05
yodB,yodB,0.00040819776733779515,1365,6.897842474216488e-05,6.313201469975758e-05,4.616756476358374e-05,4.303884915551013e-05,2.6437766281733024e-05,7.711432667521502e-05,3.293190966334724e-06,1.139537713076997e-05,2.1535973549833506e-06,6.648665556774271e-05
ydiO,ydiO,0.00040799933940527275,1366,0.00015632647291045494,6.109429467973677e-05,3.305398927204619e-05,2.0219774985561223e-05,2.919041946441775e-05,4.14514458149638e-05,7.228580271158703e-06,9.63241095997627e-06,3.6251491848238484e-05,1.3550459198718652e-05
abgB,abgB,0.00040749963527178496,1367,1.4015200473695575e-05,1.6587373123637912e-05,4.024848779904159e-06,7.365988780997728e-05,7.264011467024724e-05,5.420909017408482e-05,6.107050959228747e-05,1.604692909724595e-05,8.011620074232199e-05,1.5129480808382573e-05
yhdY,yhdY,0.0004074850796815828,1368,5.630301152647227e-05,9.122575674193739e-05,1.006856736483223e-05,1.1439415259457624e-05,3.71505132477685e-05,1.678699652994836e-05,6.742884381051669e-05,5.624063496709599e-05,3.908523681991495e-05,2.1756103413638828e-05
arnT,arnT,0.00040720145576745713,1369,5.352520835029451e-05,5.018429730846468e-05,4.481975185589958e-06,3.5505460850654757e-05,1.9547137134363677e-05,4.825650752739776e-05,0.00011275744394244965,1.6735509454913034e-05,2.0175024970295196e-05,4.603289104303395e-05
yghB,yghB,0.0004069043338541812,1370,5.6381846152778854e-05,3.603718337482244e-05,6.764831797477902e-05,3.679045223076102e-05,2.8207305257884684e-05,4.3652236256993646e-05,3.1160904169792544e-05,2.292032445769162e-05,1.450929338208402e-05,6.959647059659333e-05
fabB,fabB,0.0004063310746568336,1371,0.00011809594262890656,1.546092930241706e-05,1.102090864995159e-05,2.1003702663819042e-05,7.608646650374479e-06,6.488447606564642e-05,4.740329134409178e-07,7.376481718413379e-05,4.18684375526311e-05,5.214918104551266e-05
chbF,chbF,0.0004055739993910149,1372,0.00013092354522611864,9.683227886431478e-06,4.273314775796939e-05,5.272544262317943e-06,2.5010652707237132e-05,3.080569728960854e-05,1.4755040370628305e-05,7.15805578566051e-05,2.31135114100875e-05,5.169607462401082e-05
dos,dos,0.00040503672374808306,1373,6.865368842184355e-05,2.167294333124359e-05,0.0001250055574943028,7.625099629221328e-05,2.37732883202348e-05,5.259465068930146e-05,7.606099985702976e-06,8.120011675734249e-06,1.845248948187222e-05,2.906998055634117e-06
pinQ,pinQ,0.00040488700822558416,1374,9.204830553677712e-05,1.0261686762333197e-05,4.210831449566888e-05,2.8462656901318005e-05,1.705319923647568e-05,9.130866257386309e-05,6.8371737906769694e-06,5.402806030338004e-05,3.937360533157982e-05,2.3405343293511328e-05
rcsA,rcsA,0.0004048306120167142,1375,5.073847092463267e-05,1.0124066127156795e-05,3.534868223783812e-05,7.669257735210398e-05,3.1547735608204866e-06,4.1385893927642236e-07,9.740656632352289e-05,7.882758223499116e-05,4.1984305654454224e-05,1.013972866191748e-05
torC,torC,0.0004044677142081447,1376,3.224912666662434e-06,9.881602235503758e-06,5.734154920406505e-05,8.21320821892126e-05,1.916755222240706e-05,8.279317179700833e-05,1.5588908741603506e-05,3.173194660341829e-05,4.048510379730503e-05,6.21208847509587e-05
cysB,cysB,0.0004037740825506386,1377,1.185296637950224e-05,2.1312031680552572e-05,1.1121333460750392e-05,4.8549342567066035e-05,0.00012156984849293745,7.193068345170865e-06,3.7975496429158247e-06,8.60490444410625e-06,6.831163141498765e-05,0.00010146140612264929
cysC,cysC,0.00040372438028759693,1378,2.6789419779262156e-05,2.4354418617398508e-05,0.00013871955764946514,2.8065654229512914e-05,3.462591267878291e-05,2.6394682113267706e-05,2.361008417146933e-05,4.536284729488136e-06,1.0167798971250965e-05,8.646056734769913e-05
cmk,cmk,0.00040358260122287247,1379,9.177876382564771e-05,6.633639244197835e-05,1.9304343422056313e-05,8.348823827265534e-06,4.257827312203092e-05,4.6398244937295413e-05,5.963634979657131e-05,3.8273790747644004e-05,1.6474706474249773e-05,1.445291262813317e-05
mukB,mukB,0.00040319448608451737,1380,3.424028979213632e-05,1.925105684721508e-05,5.3652472411640165e-06,6.291215530485696e-05,7.420858746261607e-05,8.338430193888214e-05,2.648928883606285e-05,1.5805389964443328e-05,3.040065213817501e-05,5.11375165589656e-05
poxB,poxB,0.0004030796825044003,1381,1.946593396250143e-05,7.843021823936891e-06,4.6298440764668785e-05,2.630681364517813e-05,2.1927830962724928e-05,2.640328071247348e-05,9.546356144300129e-05,3.2331719536381174e-05,0.00012687718722509278,1.6189242844142193e-07
glk,glk,0.0004030523723317985,1382,2.0050920174116343e-05,4.7355947454458133e-05,1.8724973162103164e-05,1.6778450727467076e-05,2.370149388577038e-05,2.328852165054922e-05,4.231173135538865e-05,0.00010353683013712966,2.7070204818938664e-06,0.00010459648330292202
yfjH,yfjH,0.00040301362188252364,1383,6.775307666197888e-05,1.863761035337862e-05,5.011563039161782e-05,7.571081551522387e-06,2.091792685774079e-05,2.013412810459064e-05,9.432724401918422e-05,1.6655982244129392e-05,8.798923933645905e-05,1.8911702361921867e-05
ppx,ppx,0.0004021102697426071,1384,2.6327248440671573e-05,3.110367349092747e-05,0.00012805955643185177,9.962336293340921e-06,8.275557299388623e-05,5.128816250411924e-06,7.250183534986845e-05,1.8348869428612043e-05,2.1433018183724413e-05,6.489342879312332e-06
setA,setA,0.0004021101058037505,1385,5.209984507266354e-05,5.912013990802521e-06,3.893738814144351e-05,1.031249505777941e-05,6.896143963502728e-05,1.8656328793037453e-05,2.9854245203437056e-05,7.343178486911686e-05,6.342233449623498e-05,4.0522230544207906e-05
dacB,dacB,0.0004019944766868661,1386,5.003091074185258e-05,5.499481431684701e-05,2.3237356033109984e-05,7.334975761321237e-06,5.521263218484396e-05,2.4870152906842503e-05,9.312173888460894e-05,6.466039224553031e-05,1.3460195838681958e-05,1.5071307773227668e-05
yafT,yafT,0.0004016236741912235,1387,2.2997479271161542e-05,4.914729398116259e-05,4.717701723517833e-05,2.6405814093847505e-05,4.169599465191347e-05,8.614811157587056e-05,7.177408518873605e-06,6.459892647296377e-05,2.5499483732388165e-05,3.077614465786394e-05
nadR,nadR,0.00040158507017870354,1388,2.256460234436276e-05,5.422127480649816e-05,7.036472912423674e-05,2.9527416307745865e-05,6.057832931271231e-06,5.9244959678865466e-05,1.0839932374560385e-05,8.391947419987625e-05,3.561055681697512e-05,2.923429159431152e-05
essD,essD,0.00040152920256835914,1389,0.00013709827162760747,3.119634155423017e-05,9.952148016585814e-06,1.8500382395521622e-05,1.8985647131858183e-05,5.6348020505794785e-05,6.019032448965111e-05,4.880956468935018e-05,1.8584659519225924e-05,1.8638426385339075e-06
pdhR,pdhR,0.00040151868822421504,1390,2.5549940846422664e-05,5.3500915926597194e-05,3.246534182254392e-05,3.239401784639579e-05,9.844846607361993e-05,9.717999124334457e-06,1.5330587420263152e-05,5.618907386050772e-05,3.28160056982627e-05,4.510633960526749e-05
yneJ,yneJ,0.00040132703859682424,1391,2.2657915059640504e-05,2.8213040133297892e-05,5.820682314812211e-05,1.9624198449446404e-05,6.69825407350364e-05,7.800602996501701e-05,3.141919226903521e-05,6.615504239799703e-06,4.1210774121197e-05,4.839102047623201e-05
tolR,tolR,0.00040092233706774585,1392,7.608340090902753e-05,4.762080947499563e-06,2.588733358590839e-05,3.781442346985429e-05,4.733035828560246e-05,4.284134443530166e-05,2.1054960571525938e-05,3.819702716198837e-05,8.299791063740997e-05,2.3953497063627653e-05
yeaQ,yeaQ,0.00040072438992495564,1393,0.00012935083937064284,2.0791118916884994e-05,2.2221011202406972e-05,8.185535818049654e-06,7.71035231046835e-05,8.399636991333588e-05,2.1386672326021795e-05,1.422140367246697e-05,9.412321815176125e-06,1.4055593785286899e-05
yeaT,yeaT,0.0004006735917452928,1394,2.5559657491052936e-05,5.256389052403254e-05,4.8879927344259336e-05,7.575658073956779e-05,2.519341534766468e-05,9.890909307544312e-06,7.151610623737266e-05,2.7466281930191857e-05,2.5252433258649387e-05,3.859438956495728e-05
yfjW,yfjW,0.0004006712784587865,1395,4.6343957037138184e-05,6.900683947890723e-05,1.4349510533015343e-05,7.829201457123387e-06,2.827663749769711e-05,9.034852572049614e-05,5.6006277139334606e-05,3.179726689662054e-07,3.502448190892324e-05,5.3167875017185094e-05
nmpC,nmpC,0.00040037750428197804,1396,0.00010113207232378205,9.859188240919468e-06,6.393557618713809e-05,4.395048955116869e-05,7.318973806397142e-06,5.486925648861217e-05,2.612593826563986e-05,5.194140725758584e-05,3.09194286384238e-05,1.0325173522310946e-05
yhiP,yhiP,0.00040032604201889753,1397,6.179150643465515e-05,1.5319487294239455e-05,5.7780293448380545e-06,6.88943924257309e-05,6.086734969922854e-05,3.899346351360691e-06,8.852044343639391e-05,2.9254010248087923e-05,1.9906652099619456e-05,4.609482468474345e-05
yfjX,yfjX,0.0004002561971392872,1398,7.082115253408819e-05,7.59023691218996e-05,6.5947911908396235e-06,0.00011102379428446932,2.711107743510862e-05,8.856777676199341e-06,2.4209016312035176e-05,4.4935463301392804e-05,4.856851613863611e-06,2.594490366939086e-05
nagC,nagC,0.00040009243783151904,1399,2.491695539228925e-05,3.900886365748192e-05,1.2440146578259424e-05,3.9598825582603355e-05,8.17127730887622e-05,2.470955449658864e-05,1.5507045306256626e-05,4.428290461239488e-05,0.0001175308671679629,3.8450194891984174e-07
yeeI,yeeI,0.0004000492885688264,1400,7.55520367011296e-05,5.0851327238180094e-05,9.209123266198417e-05,6.410073736855539e-05,3.6851562111519166e-06,2.517739754959177e-05,1.998086174499493e-05,6.002652144908654e-05,8.442616653391048e-06,1.4140099076096611e-07
yciU,yciU,0.0004000292587212366,1401,3.693845407796573e-05,4.949145926141205e-05,6.772453901607508e-05,7.594936537935308e-05,2.0753278192686738e-05,1.64426782993378e-05,3.3175817967401006e-05,2.8365745705660013e-05,3.766443270312912e-05,3.3523488118216044e-05
tppB,tppB,0.00039983449793339233,1402,4.3681340143531265e-05,2.225095482232204e-05,3.548755565718863e-05,5.148746020586858e-06,0.0001337781153212689,1.1337820779827959e-05,2.386057046708342e-05,7.306062316183563e-06,0.00010347144329715037,1.351188910824934e-05
yqhG,yqhG,0.00039938346865400656,1403,0.0001286444757634328,1.9485540993110712e-05,9.810029781747631e-05,2.4254886432895926e-05,4.857803994406913e-05,2.0572575025796238e-05,8.399425388279955e-06,7.935478945891191e-06,4.002488850767283e-05,3.387859835381496e-06
uraA,uraA,0.0003992779277849229,1404,0.00010182581167724307,1.2678083036916032e-05,8.419001244337382e-05,2.3445273843613116e-05,7.671559789926544e-05,3.8098979391307895e-05,1.195785081709051e-05,1.309429396322431e-06,4.545180346677216e-05,3.6050858130184383e-06
zntR,zntR,0.00039910089149045204,1405,3.2643585049737144e-05,8.352266423787451e-06,4.346443111512911e-05,3.585297723418694e-05,9.037374576735497e-05,2.6557351114954873e-05,8.540210921244815e-05,4.29466529809008e-05,2.912509106013612e-05,4.382681531816475e-06
ybeL,ybeL,0.0003990928857740003,1406,4.541313312478887e-05,4.2733554066817585e-05,4.450993327026478e-05,2.853939074119922e-05,4.6454092613022367e-05,2.1310543640247265e-07,1.8000301494312023e-05,6.460625376211286e-05,7.24652177559255e-05,3.615790350915462e-05
uvrB,uvrB,0.0003987332861313195,1407,1.4718780316650346e-05,2.5887158754880127e-05,5.444446299576985e-05,7.929270039702145e-05,6.137559507405092e-05,4.165200066555653e-05,5.936773436898239e-05,3.182483989085868e-06,1.8090209657047357e-05,4.072215991227464e-05
sapD,sapD,0.00039871139517824207,1408,7.098564722121648e-05,2.25214699649737e-05,5.9435155444298664e-05,5.230371604388016e-05,1.1171537013099662e-05,6.041397404814588e-06,4.7918707978170424e-05,8.049341152012561e-05,1.8072412649528906e-05,2.9767939938133895e-05
rfe,rfe,0.0003975286314665302,1409,9.003123256038056e-05,6.135106400972553e-05,2.5151636552359076e-06,4.863757031635902e-05,7.647475077941243e-07,5.7064641144433125e-05,8.071728333241827e-06,3.1927835210814905e-05,8.17557569377615e-05,1.5408891790783657e-05
fadL,fadL,0.00039725998736760853,1410,4.114408130570325e-05,9.45692923260372e-06,6.578782992424883e-05,8.125028245773402e-05,3.230540889209583e-05,1.015378406957983e-05,5.161676837014784e-05,3.9682873288632317e-05,5.878784708706687e-05,7.074182739796028e-06
ymbA,ymbA,0.0003972464851672029,1411,1.391649865514132e-05,4.8733318195749035e-05,0.00013405230263997307,5.3900788501959454e-05,3.552943569569313e-05,2.8683273006519706e-08,1.4889072627863527e-05,3.180260214996163e-05,5.676473160780558e-05,7.629051820049533e-06
yghA,yghA,0.0003972032122105846,1412,4.459768371177565e-05,3.7820094296086144e-05,2.3136554699812704e-05,2.671918059630005e-05,3.2439077511059466e-05,2.2700879231164962e-05,3.561085105730606e-05,6.304216576191649e-05,7.618791348044178e-05,3.494881186472126e-05
glnS,glnS,0.00039679299096829097,1413,5.5908284284486353e-05,5.053636830846076e-05,5.808868370154143e-05,3.653565143420589e-05,4.8646705039675325e-05,2.3709668747020362e-05,4.12861801649988e-05,3.813433273923566e-05,2.8488192323416916e-05,1.545892422524947e-05
ybjE,ybjE,0.0003966885516280788,1414,7.08977745575528e-05,2.641933350965713e-05,2.3082011196704666e-05,2.5278083539563184e-05,3.825171801822392e-05,2.3597623032991126e-05,5.907620187637147e-05,1.8653351088137833e-05,9.862827482330529e-05,1.28041799855714e-05
ybbP,ybbP,0.0003965916955518643,1415,6.259354642153024e-05,2.711887428059964e-06,4.384724429241453e-05,8.367421522967754e-05,6.502210921959186e-05,4.3872028822321546e-05,4.020955360412887e-05,1.5870073224075585e-05,3.1728598028578635e-05,7.062439281485508e-06
ycaI,ycaI,0.0003963629017684732,1416,3.4037135814381435e-05,5.576298592450212e-05,8.987207114186788e-05,2.2647599167690298e-05,1.6331240327128166e-05,1.4208340534395994e-05,5.006703794393983e-05,2.0147440092559904e-05,8.184969010709463e-05,1.1439360714912936e-05
bssS,bssS,0.00039622547718163383,1417,0.0001542720655280315,2.631631851303185e-05,1.7882265229596972e-05,7.325325083891595e-05,9.61595481338632e-06,4.573315460115087e-06,6.484127663791635e-05,8.70618537220462e-06,2.963369221589922e-05,7.131152572535983e-06
hisS,hisS,0.00039618979563051646,1418,3.331564742577524e-05,1.3080559238353961e-05,2.8799589829593807e-05,4.119890637661903e-05,7.168441005694123e-05,3.863949471494276e-05,6.027464696547176e-05,2.6039188370848403e-06,1.633957419213919e-05,9.025304799359463e-05
ansA,ansA,0.0003960839527347602,1419,2.547497942070368e-05,1.462497893874774e-05,2.87374551486001e-05,2.004830035066119e-05,6.571569293596141e-05,3.552103993708786e-05,3.636541649418485e-06,8.677871088031573e-05,1.763798728674079e-05,9.790826618652325e-05
aspC,aspC,0.00039562833054313955,1420,9.976596187264131e-05,1.8482196243194997e-05,2.9602679530205453e-05,3.5664547505639515e-05,3.959609269702108e-06,1.9652856354163133e-05,7.894655473786743e-05,3.398798106567412e-06,5.069879741530231e-05,5.545632950785583e-05
tdcG,tdcG,0.0003956210222804592,1421,4.856686617590731e-06,4.280596177514637e-05,3.9461548502356484e-05,7.33645583163262e-05,2.879956115212453e-05,2.8299214930797052e-05,3.519339611908285e-05,3.9707262655637655e-06,2.4135356923836005e-05,0.00011473401167763515
hdfR,hdfR,0.0003955644539351209,1422,1.4767265940737093e-05,2.2108074598172816e-05,9.466850925013416e-05,1.799189155992891e-05,4.7328283276127664e-05,6.406203054859296e-05,4.265655140534271e-05,3.711788685703438e-06,9.76804985092917e-06,7.850200881945199e-05
melR,melR,0.00039551975416627695,1423,4.8199664226426584e-05,7.422889762419886e-05,2.8645914507952554e-05,1.4030191320070151e-05,7.589871807372829e-06,2.8544854245703197e-05,5.1775825163492004e-05,6.527372903174517e-05,4.545239662100058e-05,3.1778409618315036e-05
hyfJ,hyfJ,0.0003952896047626879,1424,6.48814615810529e-05,3.476903238904404e-05,5.827731461025709e-05,7.383687239250917e-05,1.820971737470715e-06,5.520093102976254e-05,2.123526118167308e-05,4.186239858926311e-05,3.889986841194728e-05,4.505492839708044e-06
oppD,oppD,0.0003950486856793506,1425,3.2861936679251743e-06,2.9733865140470556e-05,4.291550254240091e-05,5.1601227454777096e-05,1.4323947107025197e-05,2.1739161704702013e-05,3.399500631474573e-05,0.00012074783238976316,4.7856430883900165e-05,2.8849518473640625e-05
yeaM,yeaM,0.00039495225917296126,1426,1.6242717691518077e-05,5.341756989622936e-05,3.000460883888801e-05,4.269955254529321e-06,7.431221327305642e-05,3.103934224894039e-05,3.1153236219699443e-06,8.031428356015418e-05,1.1763098215672776e-05,9.047314657200284e-05
yobA,yobA,0.0003948862373535788,1427,3.777214221748638e-05,8.348376072839352e-06,7.15177858002575e-06,9.239175230156043e-05,8.858252830673802e-05,4.276042232614097e-05,3.0048016790568523e-06,2.2549249896372772e-06,0.00010230996022121077,1.0309550658882988e-05
ykgN,ykgN,0.0003947017069107149,1428,0.00011758811788959977,2.4966600296538306e-05,1.4915924142950918e-05,3.381986619333553e-05,1.998636395396819e-05,3.3914455697327184e-05,2.6132240764440695e-05,3.406230016927118e-05,5.687742645838353e-05,3.243841134489957e-05
cusA,cusA,0.00039466832442175924,1429,3.565173683370991e-05,5.2543669359062963e-05,7.6140726269147965e-06,4.13702108849118e-05,2.2988385666811428e-05,1.3888277705611088e-06,2.3324387667458257e-05,4.015724461338347e-05,0.0001146597121062742,5.497007689267129e-05
exuT,exuT,0.00039461851704866106,1430,3.750076354631303e-05,4.084008707839193e-05,8.769964219610524e-06,5.703612582333281e-05,2.9041811766544408e-05,8.477165360949582e-05,9.43920276200773e-06,7.54846584065857e-05,3.5058653986655895e-05,1.667559584972319e-05
phoQ,phoQ,0.0003945837369924955,1431,1.7001709050357283e-05,1.6060271937865854e-05,4.324753622957159e-06,3.6180761369344845e-05,3.833630917895744e-05,0.00012353627877820136,5.113899933523608e-05,2.8883497467543966e-05,9.968313741429653e-06,6.915284251060182e-05
fadK,fadK,0.0003942579301231035,1432,9.639007390526252e-05,3.69459090906061e-05,1.2927195895702915e-05,1.0849241466038393e-05,5.130128652011821e-05,7.2430539142088e-05,3.2115348563651046e-05,4.403328804113257e-05,1.398957101679925e-05,2.327547648170459e-05
osmC,osmC,0.00039376636248407307,1433,0.00012738502987901047,3.36708954204179e-05,7.683562363517477e-06,4.452464642793142e-05,4.147589935442648e-06,1.3325595632964179e-05,5.278615266087859e-05,2.0096307978725624e-05,6.116075112878763e-05,2.8985831056397132e-05
ybeZ,ybeZ,0.00039321057863970653,1434,6.0739874877519154e-05,1.800974065329592e-05,5.134301665301672e-06,1.6134256144803784e-05,4.473631876041575e-05,5.367262542047547e-05,9.612590229207765e-05,2.591686147759327e-05,7.107524662133045e-05,1.6654507268934632e-06
manX,manX,0.0003932047047346862,1435,2.9336805696079455e-05,6.028257665143985e-06,6.311884746829629e-05,1.539635913349235e-05,2.4746573656596228e-05,6.87788955610444e-05,3.299110628227749e-05,6.341122375538552e-05,8.925436298239133e-06,8.047119921813134e-05
yaiC,yaiC,0.00039319053764298983,1436,2.2961108950453754e-05,2.055398698103213e-06,2.2772058274734764e-05,1.7565272507391952e-05,2.5818233677182985e-06,7.274703620117551e-05,8.772930704767975e-05,5.584446628480981e-05,5.866508526543563e-05,5.026898104548716e-05
menB,menB,0.0003929118391184893,1437,2.4169492834303663e-05,4.456244710496695e-05,3.007539355023503e-05,4.497094510500978e-06,4.21584183500174e-05,4.2617505732867384e-05,2.3250781473939477e-05,6.944112790858059e-05,7.480193380962142e-05,3.7337643843456385e-05
raiA,raiA,0.0003926253988570316,1438,5.215183072416695e-05,6.409655862576784e-05,2.0605442621823677e-05,2.3274736878937185e-06,7.370823052866196e-05,1.1424899623925589e-05,7.53183459165959e-05,4.06673986833613e-05,2.6251727137799865e-05,2.6073491307034836e-05
tyrR,tyrR,0.000392480360405296,1439,0.00012645776939211297,8.096624925161959e-05,2.7436405905124053e-05,7.125874714394476e-06,1.9194962472739788e-06,3.455577845442778e-06,2.2331195936545075e-05,8.556554105539346e-06,6.079320780667032e-05,5.343802920057337e-05
minD,minD,0.0003924709012600403,1440,4.7305049233223274e-05,5.0282574921057624e-05,3.100316960095963e-05,9.662628630040375e-06,5.534601948863542e-05,7.709901737914982e-05,2.0688969336744623e-05,7.430587072369344e-05,1.2761113652283834e-05,1.4016488294252176e-05
alkB,alkB,0.0003919978228348589,1441,8.626228171678057e-05,5.2649172603154924e-05,1.758604023028321e-05,4.444318539959488e-05,2.6731283318104395e-05,3.829894340229844e-05,1.4196271379062225e-05,3.662559910922541e-05,2.281708976813917e-05,5.238795590821568e-05
yajC,yajC,0.0003915601411848072,1442,3.9031594180199115e-05,2.8900541416090425e-05,1.1253720629756498e-05,7.23009514260321e-05,2.1869057321993113e-05,7.343260065191284e-05,6.165180763527715e-05,2.0869176344160194e-05,1.8634074121351416e-05,4.361661745803434e-05
mppA,mppA,0.00039152196101827313,1443,0.00010436329792794141,2.534636449709168e-05,2.962534307921536e-05,9.567519137720217e-06,1.2324065420349335e-05,7.071248656295929e-05,3.709469931509875e-05,3.3566546513159804e-05,2.9244275152557724e-05,3.9677363412179554e-05
essQ,essQ,0.00039114648402829464,1444,9.258145178432164e-05,1.3429196931433017e-05,3.38242379029171e-05,1.7010619203922147e-05,2.98218839670525e-05,7.474741446735297e-05,3.830789287024835e-05,2.3734975867197882e-05,4.954179601396916e-06,6.273463143245213e-05
yjjZ,yjjZ,0.00039090497627414445,1445,2.23350694746415e-05,4.2999852049157904e-06,1.151834266129992e-05,1.569213580185163e-05,3.270075124184868e-05,3.440986860722941e-05,5.6953948712176135e-05,7.902308610029174e-05,5.689222261973013e-05,7.707956585015949e-05
fdoG,fdoG,0.000390793306622173,1446,3.579169344264694e-05,4.55274373560885e-05,6.133234054945183e-05,2.262423068744296e-05,2.8822289940173893e-05,1.1958741115939356e-05,6.025201038981033e-05,9.912207633520468e-05,1.962651902453636e-05,5.735967780878101e-06
yoaD,yoaD,0.00039073903096441183,1447,2.0479907810701386e-05,1.3782977134932007e-05,5.308933223310857e-05,2.9025036354340458e-05,8.141455846016496e-05,4.2734960938671335e-05,3.1336985691764605e-05,2.962116300939411e-05,1.6447271395639726e-05,7.280683793569469e-05
ymdA,ymdA,0.00039073067588452185,1448,6.015382659807254e-05,2.9302461200033385e-06,4.964002090003444e-05,3.506107678656732e-05,6.583740913816755e-06,3.857008258592745e-05,9.722317381958674e-07,3.2467757971208726e-05,7.015201328483684e-05,9.419967898585858e-05
galF,galF,0.0003905880876634759,1449,6.248462510849969e-05,1.552738964452272e-05,1.602694500689773e-05,1.610054774579637e-05,5.194479037240711e-05,6.224534270087093e-05,1.762623471585232e-05,6.151973193825033e-05,3.314655411212869e-05,5.3965926318249986e-05
ppdD,ppdD,0.0003904013475324334,1450,8.28181634046349e-05,5.086896214247039e-05,2.105607926095987e-05,3.597505658635484e-06,8.418236332349844e-05,3.2035428555827714e-05,1.6128357845036496e-05,1.301082854047834e-05,4.3108750714148365e-05,4.3594908086743364e-05
kefC,kefC,0.0003903734848207836,1451,4.732026496441776e-05,6.84665658788994e-05,7.96597505789664e-05,1.823394992915514e-05,1.3637026993880287e-05,7.725946575612851e-06,3.521665467418759e-05,8.9839910780341e-05,2.945386725640289e-05,8.195471889202312e-07
cpxR,cpxR,0.0003898963456933771,1452,4.61767746102158e-05,3.533924297211264e-05,6.649545924874336e-05,7.387125937023058e-06,1.2395758898227069e-06,7.391935889529111e-05,5.492057644900629e-06,2.2899479834649738e-05,5.793325700692361e-05,7.30140136536945e-05
lysA,lysA,0.0003893785724220781,1453,4.9404771221917305e-05,1.3304526660841936e-05,5.722048072017956e-05,1.1050680655447526e-06,3.051851877816761e-05,3.280111369410922e-05,5.9172202211468775e-06,3.0193458355698713e-05,7.915859026003328e-05,8.975482444443889e-05
mdoD,mdoD,0.00038929826231968095,1454,2.256088577944404e-06,7.506621216078547e-05,8.44162074576022e-05,3.66157051106356e-05,3.461391286211188e-06,5.077297736516278e-05,2.0521353444521882e-05,8.89967184599076e-05,1.4625321658027682e-05,1.2566286798882137e-05
yjiY,yjiY,0.00038919635680723645,1455,7.166283876264742e-05,6.01303285471425e-05,2.8227907195999728e-05,6.877501502725644e-05,1.6796927816016185e-05,1.867042083794933e-05,3.7957510203511556e-05,4.237800421391055e-05,2.198514064069395e-05,2.2612263562108796e-05
gspF,gspF,0.0003891667239004267,1456,5.249871952109445e-06,1.5996229178678246e-05,2.9318399823476833e-05,1.6277262509974973e-05,3.427100773368774e-05,7.141957464742706e-05,3.86362585822568e-05,2.948184394548288e-05,5.043592547217705e-06,0.00014347268298011505
aslB,aslB,0.00038904861098555,1457,3.444053087614358e-05,6.824885858904497e-05,2.5985248693993702e-05,5.5574908323062395e-05,7.190879028212115e-05,5.5918657377248627e-05,7.4283899993243405e-06,1.8466458272868495e-05,8.360278099926239e-06,4.271649047181645e-05
fsaB,fsaB,0.00038891742970791526,1458,2.3725439166194795e-05,3.730796021837142e-05,5.99849240113683e-05,1.0457514298280009e-05,8.525769429546324e-06,9.671755381581218e-05,0.00011507540242889547,8.798254072723326e-06,1.0635359638968822e-05,1.768925262775464e-05
tyrA,tyrA,0.0003888037215414267,1459,3.803109222172213e-05,6.58878048554157e-06,4.328237759937536e-07,4.177130259499038e-05,6.478434684708485e-05,3.941477806120349e-05,1.5709473587417443e-05,1.3023046230065442e-05,5.7107589196750234e-05,0.0001119404885406574
cysG,cysG,0.0003878115024154098,1460,1.7639840966896498e-05,2.591658347481965e-05,1.544308331995522e-05,5.454212341092688e-05,1.8957695944971196e-05,5.387422670672515e-06,5.56509900488882e-05,4.630748441792339e-05,0.00010619045870290011,4.177581945745621e-05
caiE,caiE,0.00038769233575414565,1461,5.41955903355452e-05,2.2578362686696034e-05,2.6243498840435165e-05,7.569125961582419e-05,3.016784502743592e-05,3.752787135902608e-05,5.882547364552518e-05,8.216894456694784e-05,2.3985803383559815e-07,5.363164287440933e-08
mngA,mngA,0.0003876876190660579,1462,5.3169622142257164e-05,7.31720348828405e-05,1.3733274840504897e-05,1.7002580552041893e-05,7.484187565312325e-05,1.0746190837561806e-05,2.473003490528075e-05,9.906246682469168e-05,9.660730162125656e-06,1.1568808265630346e-05
hyfF,hyfF,0.0003874542390436616,1463,4.61600691466575e-05,3.041586352972582e-05,1.1640699499600638e-05,5.985699079132887e-05,4.572723496156129e-05,5.461682401132512e-05,6.737165142034046e-05,4.0489472840655754e-05,2.164890706464694e-05,9.526525777819257e-06
rplU,rplU,0.0003874357565106416,1464,0.00012653145173109766,2.449319058033288e-05,2.3646641898310442e-05,1.1530046078707444e-05,4.404456561909892e-05,1.3425039812457655e-05,3.5090620784729236e-05,2.61180717488295e-05,3.42378939340986e-05,4.8318234322979355e-05
garD,garD,0.0003872986201375728,1465,7.150761587859014e-05,4.912706685840772e-05,5.255832786241309e-05,5.8674494279120516e-05,5.475810400228507e-05,3.08359801580063e-06,2.1261217766270516e-05,9.831478954737736e-06,6.055096000622097e-06,6.0441620519325335e-05
ybbC,ybbC,0.00038728353199599287,1466,4.461667828964382e-05,2.21094940243493e-05,7.175612214363397e-05,3.40241993575145e-05,9.109869289517277e-05,6.7697083514783145e-06,1.308222493119514e-05,2.166910651498032e-06,9.458437211284095e-05,7.075129238666059e-06
yfbT,yfbT,0.00038725126705589787,1467,7.622795387805261e-05,3.3812168519362325e-05,4.767726043240161e-05,6.651890427179572e-05,1.567480522226762e-05,1.2677785947484426e-05,3.404465666077713e-05,3.897028192030472e-05,3.734553490655477e-05,2.4301915296896892e-05
yccT,yccT,0.0003870000807727806,1468,8.959286618631559e-05,6.313315665426678e-05,7.7417697624639e-05,1.291044716781575e-05,3.5786681284945827e-06,3.9510905608847474e-05,3.476213623182548e-06,4.330176710233506e-05,1.0889240761403219e-05,4.31891179154806e-05
dusA,dusA,0.0003869933754851296,1469,4.2708667668985995e-05,7.970523742208556e-05,5.1927077447170645e-05,7.179908175275895e-05,2.6174898442794374e-06,2.5532894914256485e-05,3.11489113371635e-05,3.895802447732696e-05,3.381211967158322e-05,8.783870949518837e-06
yqiB,yqiB,0.0003869060162001515,1470,2.304386719984301e-05,7.99469093001337e-06,3.404476654669977e-05,8.659045901338794e-05,9.013517542738965e-05,4.053259404261952e-05,1.2198202959910986e-06,1.6147361735210196e-05,2.7937479772805587e-05,5.925980123619135e-05
dmsB,dmsB,0.00038673516173895516,1471,5.2860706373318594e-05,0.0001067051743015912,3.1732268086771395e-06,5.020805066034662e-06,4.2194481529966206e-05,5.0978786723057846e-05,4.002957503014571e-06,2.715917535857588e-05,6.826056270899346e-05,2.637928536572558e-05
mpaA,mpaA,0.0003863575130015762,1472,6.409128082921061e-05,5.404313653180621e-06,2.0299415054037865e-05,1.4361752931366088e-05,4.525729400200475e-06,9.587514482892798e-05,1.8489247276477488e-05,6.254380735946539e-05,9.625330179871151e-05,4.5135198699981886e-06
ypjF,ypjF,0.00038626737409269495,1473,6.54687677616189e-05,9.133739528166288e-06,5.31985655084801e-05,4.2038197719495195e-05,1.0896347086962861e-05,5.511925520992761e-05,7.392867226837737e-05,3.365182734546195e-05,3.941544701545487e-05,3.4165546487497824e-06
slt,slt,0.00038623925966319126,1474,3.746504994871976e-05,9.530508343282646e-06,3.334222411280804e-05,9.282928339870744e-06,3.2382599714668316e-05,7.412058924534741e-05,4.742833766823573e-05,4.978886024583955e-06,5.183401233716937e-05,8.587412392850531e-05
rhaB,rhaB,0.00038581045710203157,1475,5.741234943923717e-05,6.092950110120096e-05,2.300869445932798e-05,1.3644184151862108e-05,1.4180553306716745e-05,3.756168726181746e-05,4.8082264821266395e-05,9.824580700827536e-05,2.367073606029524e-05,9.074679492032141e-06
fepA,fepA,0.0003856456264190641,1476,6.13112735541513e-05,8.274332445853526e-06,1.789690961962186e-05,2.9261547067136326e-05,8.929461032462038e-05,4.349179801062659e-05,3.375964858634251e-05,1.640092719589724e-05,2.6370883413476862e-05,5.958369620133745e-05
ybaM,ybaM,0.00038541484260980847,1477,6.08632866089797e-06,6.912675610723983e-06,1.4445680516217304e-05,8.74202930130555e-05,2.9429865524126876e-05,7.299141965853613e-05,4.517639882030117e-06,3.872759669802158e-05,2.682404584859261e-05,9.80592971976064e-05
ahpF,ahpF,0.0003853923698482762,1478,5.892812637220135e-05,5.456958106230447e-06,5.6591321012238886e-05,8.752649727444367e-05,2.835946361893858e-05,1.1372968811574805e-05,7.580724071984031e-06,7.397289141108399e-06,4.50337502631847e-05,7.714527117637136e-05
trmI,trmI,0.00038538841879625014,1479,2.5003815085477876e-05,4.638084124161693e-05,3.600152859631048e-05,5.106797772494375e-05,3.845495880377478e-05,3.979072953930902e-05,6.862500470832438e-05,1.9327683363270074e-05,2.224908457380429e-05,3.8486795159418545e-05
yjiM,yjiM,0.0003850942096491253,1480,1.8745781520247213e-05,1.1917932936786116e-06,6.4246735626022e-05,9.657735903715089e-06,6.949339045246175e-05,5.406048734395514e-05,0.00011472096639229537,1.9644324748030425e-05,1.3631163017637899e-05,1.970183135108178e-05
ydgJ,ydgJ,0.0003850395873183943,1481,4.791747511293703e-05,3.0066024840009762e-05,6.153593955094724e-05,3.660961601649505e-06,6.939775199355844e-06,7.398626674649783e-06,3.7901716503297965e-05,9.433513625286358e-05,9.028275205931576e-05,5.001179523367786e-06
yfaL,yfaL,0.00038495569804022087,1482,5.385492284593013e-05,2.2602305512608828e-05,4.459157579019021e-05,1.908978153629161e-05,1.622752092799206e-05,1.723783342330102e-05,2.4822314113686905e-05,4.79239394130475e-05,7.254717415507767e-05,6.605833032209496e-05
LELOBEKK_yedR,yedR,0.0003844454941009292,1483,7.93728031797384e-05,6.252839854103106e-05,7.080593672429018e-06,2.2199683098654907e-05,2.2165418999665403e-06,9.595021442864642e-05,2.7207376138600354e-05,2.6141966138834865e-05,5.6623703796925954e-05,5.124213206101683e-06
nrdI,nrdI,0.0003842990460385493,1484,2.524053631958138e-05,3.432782141918842e-05,5.632554938570822e-05,8.240247022686513e-06,4.829900891674851e-05,8.29149876922057e-05,8.387256622633186e-06,1.103098116619921e-05,2.1179235619275764e-05,8.835342187432241e-05
phoH,phoH,0.0003842802463024437,1485,7.13837234291343e-05,1.9269427731963287e-05,2.772838594028883e-06,3.0653127344909993e-05,5.3875155852332174e-05,6.215071098827248e-05,2.8362720796996082e-05,6.00733425339064e-05,4.106183776677681e-05,1.4677361264123283e-05
lysP,lysP,0.00038393207620855614,1486,2.0220695706802693e-05,9.054552851588852e-05,6.360299145736901e-05,2.647421708967962e-05,2.2805825217941682e-05,2.4902836026934143e-05,9.826411337905085e-06,7.502511616038193e-05,4.538332071000201e-05,5.145133985651439e-06
hycB,hycB,0.0003837737251194659,1487,8.339314663432758e-05,1.865612254757996e-05,7.887210661910673e-05,1.0369597279836762e-05,4.957741376794851e-05,3.060861345585445e-05,3.7441286545127317e-05,2.1959544887588203e-05,4.259864804494602e-05,1.0297245337150389e-05
ycgF,ycgF,0.00038357364778065335,1488,0.00014669015671529297,9.034534676870523e-05,2.470042883408766e-05,6.591925785688715e-05,3.5726717870772413e-06,8.335061163809082e-07,1.3665088954103364e-05,1.6201665229414932e-05,1.2017311243113028e-05,9.628214275590916e-06
phnA,phnA,0.00038320366303146836,1489,7.604611107498082e-05,2.691420057163972e-05,1.3719134376932367e-05,1.5774545125504536e-05,4.084823530836685e-05,1.2326314992908635e-05,7.423524548224565e-05,8.407980097657007e-05,3.6471111987831725e-06,3.5612963923536555e-05
frmB,frmB,0.00038310833933153423,1490,2.752544990690613e-05,1.9452826958502682e-05,9.33451874751698e-05,1.0784914665713382e-05,2.422749110638708e-05,3.6708488146839765e-05,6.748764687143755e-06,9.520682191686752e-05,3.159620630903479e-05,3.751218815896933e-05
yhbO,yhbO,0.00038264448038443646,1491,2.6105434106298175e-05,7.649566736489006e-06,2.4784288050414777e-05,1.0632544176194673e-05,2.783000915979456e-05,2.8485520055521273e-05,0.0001402685701970887,4.728626819612053e-05,6.0104494594582445e-05,9.497785111932322e-06
yjtD,yjtD,0.00038255015074563603,1492,1.7374500062682123e-05,4.21071875188702e-05,2.8598476563336207e-05,2.6513936279899522e-05,2.297364576765104e-06,6.813113212763743e-05,3.0540697195889185e-05,2.4853286921535177e-05,9.227634569710924e-05,4.985722380191183e-05
alx,alx,0.0003823229721849787,1493,2.709764441920376e-05,5.254264518170857e-05,4.686208652948873e-05,3.1569510736263356e-05,1.1347761591648324e-05,8.447805088932643e-05,3.751974582217129e-05,1.5384596305143152e-05,2.452725795659504e-05,5.099367275343011e-05
mdoB,mdoB,0.0003815850888548754,1494,6.599911291055395e-06,0.00010438187048773734,5.3684885653332576e-05,4.201704033662148e-05,2.1431447557426638e-05,1.2552290984243328e-05,5.843632723599088e-05,7.663379233243366e-06,5.9065370511630944e-06,6.891139902406126e-05
trpS,trpS,0.00038154627294885907,1495,3.4830656622647807e-06,1.928732411130882e-05,1.5025615831228802e-05,8.712754852631543e-05,1.4444405347618266e-05,8.811535384925715e-05,8.505868098315193e-05,2.245412777836687e-05,2.136563004857566e-05,2.5184520810771335e-05
chbA,chbA,0.0003813385702533933,1496,4.998145852927865e-05,2.3508229209389274e-05,5.7478965654494194e-05,5.795616165967858e-05,1.6921916087617876e-05,4.449892436743176e-05,1.4282807528372114e-05,3.63783877831196e-07,3.972590748853245e-05,7.662041585076721e-05
yohL,yohL,0.0003812824871491804,1497,5.4924868121942216e-05,2.873418099787395e-05,4.818233353032258e-05,4.619386156461228e-05,5.963936785808816e-05,3.764741106819517e-07,5.432315173499844e-05,5.8545266847100605e-05,4.017275290564144e-07,2.99612548545039e-05
yghZ,yghZ,0.00038106082769593047,1498,0.00011719123553798969,1.1831274334990408e-05,2.751854223324973e-05,1.0842415287108068e-05,3.243882451924122e-05,1.4304423230096533e-05,4.114356460575102e-05,8.00336547884861e-05,2.6742071884871888e-05,1.9014821274145853e-05
slyA,slyA,0.00038101373062379734,1499,8.018057908977447e-05,5.616368848959023e-06,1.057487913874536e-05,4.1435809837174265e-06,2.618083095744955e-05,8.553542681875689e-05,0.00011012022749866052,2.5198665865492032e-05,1.2885597222434393e-05,2.057757419980771e-05
exoX,exoX,0.0003808098090238844,1500,0.00011007058747990588,3.954340629603573e-05,2.6445112226857942e-05,1.678828523328989e-05,3.101555434307007e-05,2.2830028979800886e-05,1.3654874307041658e-06,3.944200482098843e-06,8.475509149854086e-05,4.4052055053580094e-05
yeaN,yeaN,0.00037986402871129684,1501,4.255418589618342e-05,7.302043357330028e-06,5.074105636521533e-05,3.645550634319473e-05,1.089109859865933e-05,4.167465316940475e-05,2.1879624555092155e-05,5.0259488908525855e-05,8.282795548488427e-05,3.527841603280697e-05
cyoA,cyoA,0.00037968164541048307,1502,3.069348077200195e-05,1.2321054810607251e-05,1.003436892572405e-05,4.3139384371549185e-05,2.0263788131760544e-06,5.976105156053561e-05,7.718845700209972e-05,4.3123435019326104e-05,8.730915110593778e-05,1.4084883029525385e-05
yagU,yagU,0.00037927175549885145,1503,3.2238915626841076e-05,7.323419436334906e-05,8.837802213438729e-07,3.493017713835808e-05,4.1812942810456014e-05,3.410153989570352e-05,1.7431005751829402e-05,3.460020495125295e-05,0.00010980387544673144,2.3511929298605943e-07
fabG,fabG,0.0003791885821762512,1504,6.393524711418265e-05,8.67635266560479e-06,0.00018237383450078016,1.5032198494334375e-05,6.48702885598471e-06,3.1623925384175855e-05,4.996858988016227e-05,1.4310980728094037e-05,4.316312937733929e-07,6.3487932591589765e-06
galR,galR,0.0003789628058435448,1505,2.076091568298871e-05,1.9443390331072606e-05,4.420825559610762e-05,1.744412045400826e-05,8.520426511752335e-05,3.490812133829777e-05,2.1549524507236024e-05,5.044584014989462e-05,5.133732835559197e-05,3.366104431082375e-05
cydB,cydB,0.0003787394321246687,1506,8.849028479496277e-05,1.6625331361471147e-05,2.9008903334704843e-05,1.8367036813856344e-05,1.0601370419309703e-05,7.907724744776416e-05,4.670380648301588e-05,4.41336231215844e-05,2.0718932045910287e-05,2.5012896302089176e-05
lepB,lepB,0.00037862523073413135,1507,2.0196750527145647e-06,1.633989701309288e-06,1.6174298905360063e-05,6.84067825798863e-05,1.0365199593946027e-05,4.0835091451158533e-05,2.0707003819232135e-05,0.00011603435604765315,7.667565292889511e-05,2.577318065397617e-05
macA,macA,0.00037841403951842904,1508,2.5593994862836325e-05,5.7779492398695247e-05,6.689567079749432e-05,2.2837272595249215e-05,2.2734895140769572e-05,1.0741699530039606e-05,3.730943165387084e-06,6.049273868146208e-05,8.902656203587011e-05,1.858077031062545e-05
ybiY,ybiY,0.0003783515600165344,1509,8.14170169337622e-05,1.5587308245606538e-05,3.8391771133936e-05,1.0411430167614168e-05,7.813439618311426e-05,4.038425518398581e-05,4.514565335908051e-05,1.454786954608528e-05,3.657525394456475e-05,1.7756605318784874e-05
tdcD,tdcD,0.000378241335143448,1510,1.3626962898692753e-05,9.28022985019181e-05,3.914870473563562e-05,6.246718164534193e-06,2.612640110115575e-05,2.682711315194895e-05,4.6706186824017726e-05,1.6287468927728464e-06,8.87493773234407e-05,3.637882554933136e-05
nadA,nadA,0.00037804925832123564,1511,8.101869156829081e-05,5.79325867841047e-05,5.052541949126216e-05,1.6729639505940796e-05,7.298917779917554e-06,1.2971569676120216e-05,5.1159109994047334e-05,1.1918791783716146e-05,6.0996347408628276e-05,2.7498184329207652e-05
yebV,yebV,0.0003780349014911819,1512,2.8868102744105902e-05,1.1451797153022098e-06,1.5668592313790673e-05,9.452319016850441e-05,2.101226572766384e-05,6.187379982413353e-05,6.490846314564716e-05,2.891413190725737e-05,4.1901799896510984e-05,1.9219376048265904e-05
exuR,exuR,0.00037800346704077397,1513,7.36109791895867e-05,1.6494995373849582e-05,1.3343881680192475e-05,3.097255080599951e-05,6.679194756493841e-05,3.115180739207946e-05,3.9895874777476297e-05,2.9857073538387303e-05,7.3845934089355e-05,2.038422628909235e-06
plsB,plsB,0.0003778741929663177,1514,3.0975610727807215e-05,5.23172823559435e-05,4.246515592018338e-05,5.5998291265977565e-05,2.4113915207158984e-05,6.967399601225552e-05,2.0086940494535235e-05,2.270480402749758e-05,4.540370209107461e-06,5.4997826745851286e-05
yjgP,yjgP,0.0003776374991732209,1515,2.3667244882260542e-05,2.9382801361652486e-05,1.250327433028087e-05,8.654595633134661e-05,7.147137190225535e-08,1.5541333250850064e-05,5.747860597430394e-05,8.726434261585951e-05,4.953602469491757e-05,1.5646444359846996e-05
yohM,yohM,0.0003776087133479268,1516,5.513611308828694e-05,1.7878433006990138e-05,1.9495982194181512e-05,2.7428120806178892e-05,3.472569230637526e-05,9.360757920856157e-05,3.708652192452988e-05,6.003820986100329e-05,2.8949197659441928e-05,3.2628632923774027e-06
paaY,paaY,0.0003771951836000995,1517,2.2131168612641104e-05,4.365411485493627e-05,3.7547482452312275e-06,4.527663733475586e-05,0.00011046494478832863,1.7490029818775206e-05,9.481193575038273e-06,8.782166505626837e-05,1.1238317205424787e-05,2.588236410869978e-05
chaC,chaC,0.0003765674200743904,1518,8.631775832052165e-05,1.91100928668597e-05,3.648130576180457e-05,2.5863827653717455e-05,4.06823592840372e-05,7.45216043217523e-05,5.0161903008280946e-05,1.0649936012907637e-05,1.1078422747648082e-05,2.1700210096860826e-05
yciE,yciE,0.00037649331144378834,1519,0.00013481148177314905,5.616476418625808e-06,4.989860298606155e-05,4.5660028329641125e-06,8.083859944584189e-06,8.629493584621691e-06,4.2958554176009326e-05,0.00010128826992946826,4.662379713061075e-06,1.597819008524326e-05
yfgM,yfgM,0.00037646487227116976,1520,2.7763159338917373e-06,3.7616530946458356e-05,2.2863176949585546e-05,1.8383902195154962e-05,2.9558814950542353e-05,4.526615256307944e-05,1.9987365047076443e-05,4.309842959790367e-05,3.0057537886574616e-05,0.0001268566462009026
ydfR,ydfR,0.0003760888082046845,1521,3.947913143102129e-05,1.5714340509003425e-05,5.34771028764924e-05,1.6808931539547725e-05,1.708218977211629e-05,8.579859506424612e-05,2.1492895003006996e-05,2.428385856250775e-05,2.9394271321726225e-05,7.255749212501625e-05
xylB,xylB,0.00037568542629425576,1522,4.1639726731194034e-05,0.00010880392909606156,3.346128266830699e-06,2.414352804973484e-05,2.5490839742742612e-05,2.878503777193331e-05,9.961287134687731e-05,3.990985840718055e-06,3.6920365929655512e-06,3.61803428551978e-05
yneL,yneL,0.00037536594559142483,1523,4.285540064298174e-05,2.1917099050581704e-06,4.9685510601867546e-05,3.105541942581907e-05,4.429189336653365e-05,3.0169260503766394e-05,4.362514747010605e-05,6.0514719469512325e-05,2.1498892693368838e-05,4.947799151241104e-05
yiaW,yiaW,0.00037524979390808177,1524,3.594756899952238e-06,5.5378479699815397e-05,5.2221180126517225e-05,5.204189380246661e-05,1.8146932409120757e-05,1.5782819846342245e-05,5.327760669749185e-05,7.27347215393418e-05,1.3728907475545851e-05,3.8342495411487766e-05
frwD,frwD,0.00037521462659215275,1525,3.126899258908213e-05,3.790084609617468e-05,4.6635363434456226e-05,2.0302067453528426e-05,3.570874119514112e-05,2.833004312553001e-05,2.3260838035623797e-05,1.5323778594035672e-05,8.842642281667577e-05,4.805753325190488e-05
valS,valS,0.00037498215508417575,1526,5.774576795717827e-05,2.2383968592097813e-05,1.9409577663757242e-05,4.36550849029547e-05,1.3054638327542756e-05,1.4822337604097057e-05,5.5036165689251015e-05,1.6231236352081347e-05,7.357900910471168e-05,5.906436889050388e-05
lpxL,lpxL,0.00037481223443619423,1527,3.355987014293622e-05,7.213280859365043e-06,5.060747884722011e-05,0.0001283142870905915,2.0555280712814815e-05,6.289783224110988e-06,1.0948398117723878e-05,3.3007463507246295e-05,6.422798096247327e-05,2.008841097171205e-05
ydiZ,ydiZ,0.0003746740125566542,1528,9.390535020853722e-05,8.635364454086345e-05,4.7166940905443496e-06,6.774855130239813e-06,4.665812756314792e-05,1.8134214823907103e-05,7.4462098645894495e-06,2.0936169642570408e-05,7.650323026735644e-06,8.209842366551884e-05
ybjS,ybjS,0.00037464380409622626,1529,2.0204157846349054e-05,2.586161993203465e-05,0.0001136731225136838,6.186763257843894e-05,1.4293422847288966e-05,9.353806404738119e-06,1.2426906035659305e-07,6.092257555759522e-07,9.604867571338666e-05,3.260787144437355e-05
sfcA,sfcA,0.00037463353297596634,1530,0.00011117081910752227,1.3844191146870946e-06,1.1881637254596834e-05,5.359782827153941e-05,5.9722589086989e-05,6.261904867923677e-05,2.4863756835328138e-05,4.901464356837057e-06,3.878926074828664e-05,5.702709520943101e-06
baeS,baeS,0.0003746330723027642,1531,8.684855997020658e-05,5.009514105995683e-06,2.5425141679806594e-05,7.934966377067075e-06,3.17858930571724e-05,9.434393834123521e-06,8.232330374139543e-05,2.0919531185704106e-05,8.582925347464555e-05,1.912251487664723e-05
yqaB,yqaB,0.00037445862991202503,1532,1.832843519338425e-05,9.358600594440291e-05,1.672548307560036e-05,2.1531829736766763e-05,1.1348258275885361e-05,0.00010382441585914303,8.275097599129875e-06,4.7862399216228275e-05,1.949350308295443e-05,3.3483201928529756e-05
yedM,yedM,0.0003743191774056461,1533,8.152708056652222e-05,4.461776639691527e-05,6.25273890982138e-06,6.351907485046614e-05,2.4885941300479318e-05,1.1136667005875127e-05,3.07949674698835e-05,2.9963640302506584e-05,4.081878114007818e-06,7.753942248916875e-05
yncH,yncH,0.00037431043307535367,1534,2.73353920550408e-05,7.328670979528706e-05,1.5665710896267356e-05,8.174376778561793e-05,8.52707171420892e-05,4.242043993568696e-06,5.372949515613932e-05,2.3396570955116677e-06,1.0230112527942668e-05,2.0466826627888996e-05
yfaY,yfaY,0.0003742936667456077,1535,6.697090863619033e-05,5.017146816217741e-05,2.937312019385744e-05,2.6047725458392777e-05,1.0669639900188568e-05,3.517698747581264e-05,6.696695314803116e-05,1.3879525270649766e-05,7.043308031093979e-05,4.604258189367775e-06
yjdC,yjdC,0.0003741312534260722,1536,4.041991208469612e-06,3.677030876018061e-05,7.460836867497511e-05,6.1846108651985335e-06,8.599326201240713e-05,1.0474271969024282e-05,3.5099914459007694e-05,2.437397805682863e-05,7.760100989020553e-05,1.8983537529775124e-05
yjbJ,yjbJ,0.00037408067900993465,1537,2.1775905604487587e-05,8.392612937945697e-05,4.983693880859913e-05,4.303644005564926e-05,5.3772396060846994e-05,3.5556697709599205e-05,2.255123075736373e-05,8.32407700781988e-06,4.032071810918888e-06,5.126879181519302e-05
rluE,rluE,0.00037400106778231454,1538,2.401713219468052e-05,1.6826807472182205e-05,1.2700297772082656e-07,1.1845208724982916e-05,1.9710885186397634e-05,7.517283210607746e-05,2.9580772709252044e-05,4.0843729963540265e-05,2.789760206424069e-05,0.00012797909438324
yjfI,yjfI,0.00037393432433470056,1539,0.00010734019799458553,5.418881973830968e-06,5.299328845191842e-06,2.264321510551126e-05,3.20575518860156e-05,2.6117712981915384e-05,1.5305781674992102e-05,3.356229587553596e-05,8.444782564656746e-05,4.174153235055448e-05
yfcQ,yfcQ,0.0003734832519465555,1540,6.154667394711361e-05,7.348676833689439e-05,3.256701089901758e-06,1.7642853955647093e-05,3.40963942119572e-05,8.639035538928516e-05,6.019179917482442e-06,2.797454806683162e-05,1.1671790684073286e-05,5.1397986347369e-05
agaD,agaD,0.0003731984519661744,1541,6.833722372496998e-05,1.0927501142415225e-05,4.462968213438809e-05,4.2940362659315466e-05,1.2891503697705626e-05,6.799816334948014e-05,1.8061975677216508e-05,4.5869922661308695e-05,3.2386087770877586e-05,2.9156029148496994e-05
dnaB,dnaB,0.00037286801890215306,1542,0.00010420254296956802,3.768683151268428e-05,1.7582467977102953e-05,3.240319897578731e-05,6.836699734958414e-07,8.287494284145634e-05,1.3649125292616513e-05,2.4795783644789473e-05,4.074673345282282e-05,1.8242722261829506e-05
rplB,rplB,0.0003726877437607591,1543,3.120481873590221e-05,8.708955017703717e-05,4.6762108965777445e-05,1.7065247157798727e-05,8.965518673647925e-06,7.004525889934774e-07,5.286495454952045e-05,6.279023698655583e-05,3.202314440967171e-05,3.322171151585416e-05
yahH,yahH,0.0003721261641717972,1544,1.0877635288516322e-05,9.214659322379697e-06,2.7206957635965772e-05,7.267002748040872e-05,6.545393814368875e-05,4.6403270635511495e-05,8.68581302840544e-05,1.5872544544400375e-05,1.1862178022105444e-05,2.5706822814766236e-05
gltJ,gltJ,0.0003715855214047809,1545,2.3773674385366263e-05,6.79719398635991e-05,7.109039551199846e-06,7.781055736032936e-05,9.25363439027728e-05,1.0661173749919326e-05,7.601632121077358e-06,3.005996910942557e-05,4.623491623954155e-05,7.826275121549722e-06
mreC,mreC,0.0003712444790704174,1546,0.00010459859283300558,1.3080053046043549e-05,8.297470262951291e-06,1.2179370467984079e-05,1.7953805417235624e-05,1.2371649125875467e-08,3.9861735358244807e-05,3.3343467262959854e-06,5.1786817820191344e-05,0.00012013991548933923
frmA,frmA,0.00037120671761101646,1547,0.0001256688510203686,6.288465947714338e-06,4.420508795516601e-05,3.573537654838494e-05,4.120086696037702e-05,3.382244947054371e-05,4.614472185938668e-06,1.6421964375557134e-05,4.051951375123646e-06,5.91972317718424e-05
wcaA,wcaA,0.0003711117617056447,1548,2.796481428469098e-06,0.0001209593415785361,2.2054179220280383e-05,6.561719259127144e-07,2.7399483199022816e-05,5.6414948799459707e-05,3.120730644244426e-05,1.0274705422206238e-05,7.799243220990999e-05,2.1356711479403445e-05
rpsR,rpsR,0.0003710546235783878,1549,7.5609920981996e-05,2.23469422774939e-05,3.449151797484054e-06,6.924145556607816e-06,2.3909851515202924e-05,6.557509607630281e-06,1.219701027298879e-05,1.2415153238003408e-05,8.759847414105229e-05,0.0001200464641899284
ycfM,ycfM,0.00037067686635768775,1550,0.00011608357429910173,1.3072558363424918e-05,3.2179784154966e-05,4.729169962369056e-05,7.162105247446095e-07,3.6904441400326755e-05,3.1005222710670014e-05,3.678776327190178e-05,2.8890155408063747e-05,2.7745456600797593e-05
mrr,mrr,0.0003705229752421276,1551,3.802858125254782e-05,1.8174423500805272e-05,8.150873914573001e-05,2.503465819449377e-05,3.440487963281105e-05,2.5944643295245636e-05,6.13647900978169e-05,3.711484475879393e-05,1.9548894825993962e-05,2.9398520537889287e-05
malQ,malQ,0.00037045703454899884,1552,8.253353009368449e-05,9.28533491278225e-05,4.167139364777943e-06,2.1328736871753014e-06,1.783432405041931e-05,2.8679105011309314e-05,4.2362161285879826e-05,1.886997737751092e-05,5.366399019420008e-05,2.736058435621914e-05
frr,frr,0.00037043936368068227,1553,6.470038408618794e-05,1.549795393100315e-05,4.372580632870759e-05,2.8362344232737862e-05,1.87824626070872e-06,2.720310815075333e-05,6.0007287691576315e-05,7.792995592800953e-05,1.3696435845220148e-05,3.7437841225777725e-05
shiA,shiA,0.0003699420951029463,1554,2.8962254370278816e-05,9.931565369888804e-07,1.9586603925125836e-05,3.105788853358431e-05,8.759125290817165e-05,3.1619888641356033e-05,1.8498029506305484e-06,3.3353862636598754e-05,8.825597006089815e-05,4.667141453931335e-05
yfaT,yfaT,0.00036993065615308296,1555,6.320559834781155e-05,7.19050972299352e-05,4.171014067973678e-05,4.3937231913951676e-05,2.256252709959642e-05,6.273523646104317e-06,3.5940932105936115e-05,6.2570256967872e-05,2.170393755377273e-05,1.2141060836628855e-07
ybcK,ybcK,0.00036974891866367105,1556,1.5886381657813633e-05,8.944485134958747e-05,4.101159335373883e-05,7.315007504089356e-06,2.8879478294280632e-05,4.06466471016144e-05,4.2588266666686155e-05,2.458564103144851e-05,4.171770476130621e-05,3.767334694310585e-05
ydbH,ydbH,0.0003693821118540434,1557,5.135454950109577e-06,1.674596720440808e-05,4.7574504791685606e-05,1.5644921449775577e-05,1.2187000212053123e-05,6.549973574468476e-05,3.4010385325630285e-05,6.33937410457739e-05,6.817664015119661e-05,4.101376097872582e-05
ykgE,ykgE,0.00036890082477541324,1558,8.42687591325414e-05,6.818827142145394e-06,2.4666961769715098e-05,1.305733199868159e-05,2.0292475381032124e-05,3.412941174934208e-05,4.405752751122896e-05,4.236120067148659e-05,3.141434184633095e-05,6.783398757290908e-05
yebO,yebO,0.00036866383108774325,1559,3.984575864970613e-05,4.487500561348478e-05,7.817258327317067e-05,7.880011383163141e-05,1.795489868067472e-05,6.067436821818019e-06,2.5574193648749294e-06,4.9989719700986746e-05,7.871024553918604e-06,4.2529870597477206e-05
yniA,yniA,0.00036832155828433517,1560,1.2172302945218405e-05,8.240030855484879e-06,5.5461872917616875e-05,9.0979806402143e-06,6.346316642950379e-05,1.2470895292554047e-05,2.15455182442418e-06,2.5416558372492878e-05,9.21377586175896e-05,8.770644038923622e-05
yphF,yphF,0.0003682803938513189,1561,5.710934784567285e-05,7.578765844813769e-06,6.527685913426151e-07,6.450859260283906e-05,1.2453726002300262e-05,0.00012100837211900677,7.337295859300748e-06,1.9840056424944466e-05,5.701348987970942e-05,2.077797868138898e-05
yceI,yceI,0.00036783985678047167,1562,0.00010107631259488468,1.3983049546229622e-06,4.8875074140725715e-06,4.18511206107739e-05,3.821389317386227e-06,0.00010219080861711207,7.066828085285479e-05,2.1611750626935927e-05,1.665632526446716e-05,3.67805652736142e-06
yrbK,yrbK,0.00036726331746767644,1563,0.00010049682722594262,5.4590080939716854e-05,1.7406633785685045e-05,4.99277713816174e-06,3.0014819280536548e-05,3.6578526071951444e-05,6.755452059831717e-05,2.2867897707343692e-05,3.2703612887711886e-06,2.9490873431250198e-05
ydcZ,ydcZ,0.00036671278618693494,1564,7.673228837243838e-05,3.324236583681282e-05,6.729135482569781e-06,7.847023620807168e-05,3.78136179366357e-05,1.6603767311066255e-05,2.1025147657579092e-05,5.989294102664875e-06,4.9900023628097844e-05,4.020690965099853e-05
LELOBEKK_yshB,yshB,0.0003666557771078115,1565,1.800753292049e-05,1.8001222302266052e-05,2.010990472102389e-05,0.00011511966811041281,7.026523730384597e-05,2.805813227935179e-07,3.058454019245486e-05,6.563540297006495e-05,5.50894201355452e-06,2.3142745250904984e-05
ydeP,ydeP,0.00036649197279017224,1566,6.431136474031412e-05,4.520103760972208e-06,2.7741223141382373e-05,1.8351784377392913e-05,5.089497417550545e-05,2.581808117800439e-05,4.630522256545486e-06,5.737140058082646e-05,5.2777274146233925e-05,6.007524443299494e-05
yfbO,yfbO,0.000366389953245346,1567,2.251000345273917e-05,4.967711922683793e-05,5.1073521485838836e-05,5.452205310000082e-05,1.9404189359142715e-05,2.0349153531655093e-05,6.258605757000318e-05,4.363986968526789e-05,2.771913059801964e-06,3.985607277405836e-05
osmB,osmB,0.00036632458068623224,1568,4.226153206908814e-05,6.84105136911961e-05,5.006374404591729e-06,6.788347555909896e-05,3.390403847532609e-05,1.0433579722852923e-05,3.582230007139574e-05,8.884165971008563e-06,2.1137940205886153e-05,7.258066051578787e-05
ydeH,ydeH,0.0003654944455001592,1569,6.070192538494563e-05,2.1498108453552206e-06,4.2102877849618204e-05,8.651430962584676e-06,4.4197458659641285e-06,1.2240242795664092e-06,8.899380074760052e-05,4.653504735955766e-05,9.42971902685269e-05,1.64185919364398e-05
damX,damX,0.00036427109071768553,1570,0.00010604940380363948,9.506878213983211e-05,4.963601514869278e-05,2.92839779081295e-06,1.0149841205425918e-05,1.0276176535652473e-05,2.507409197298159e-06,3.586305272836975e-05,4.5371774693481026e-05,6.420237474480879e-06
emrA,emrA,0.00036406661095179265,1571,6.501444974020592e-05,3.236129491792166e-06,2.4183859001062432e-05,3.18098988727237e-05,3.121817734881884e-05,2.9727496831200905e-06,8.790790324285663e-06,1.501819018770614e-05,3.8872790360273623e-05,0.00014294957594180406
znuB,znuB,0.0003637005159119276,1572,1.5745947178198086e-05,4.81868420486342e-05,8.373925029141247e-07,7.462854093430087e-07,8.433623972840751e-05,4.7774379040053996e-05,5.102590166100795e-05,7.17016965580716e-07,8.51725076860861e-05,2.9158003691701917e-05
dkgA,dkgA,0.0003635555322982121,1573,1.2431133918498505e-05,4.2819850823954894e-05,5.02379041083642e-05,4.033981325339275e-05,5.962054194357582e-05,6.235414760433515e-05,1.9205211047811758e-05,1.9831372858309634e-05,4.984940730156471e-05,6.866149438404704e-06
miaB,miaB,0.00036341837516901056,1574,2.466900562833289e-05,8.040950195925198e-05,2.586082872865938e-05,4.848539115893284e-05,7.303701760022735e-06,8.497284658343985e-06,7.728235224503144e-05,4.911861996108597e-05,1.9796934856879685e-05,2.1994754212469662e-05
wcaD,wcaD,0.00036332143496191566,1575,2.893156137993075e-05,2.566885300518291e-05,5.481653188825148e-05,2.1321604556446613e-05,2.5347890104080926e-05,3.7835863836316876e-05,3.289683315932234e-05,2.8220944569677846e-05,6.920078924647566e-05,3.908056321623019e-05
hrpA,hrpA,0.0003630698958001278,1576,4.237016558911298e-05,6.080964787987582e-05,1.0702501078431489e-05,1.3579616491708996e-05,1.1202672126836018e-05,4.500568996261054e-05,2.3839100482224487e-05,6.329610024883781e-05,4.198881710723472e-05,5.027558483325496e-05
tynA,tynA,0.00036242748034680765,1577,5.0588892322918156e-05,2.200523924732588e-05,2.2690207808349726e-05,6.415701699696004e-05,5.58078942876042e-07,4.076787107788444e-05,4.7969598599344064e-05,1.5064152648647252e-05,4.6189161178975454e-05,5.243726152352661e-05
glcF,glcF,0.0003624256306627615,1578,1.0474115386049514e-05,5.519892973822554e-05,4.565273597329911e-05,1.9015172469971033e-06,7.297588900297146e-05,3.6608481865071105e-05,6.81281761554888e-06,2.4716725274221335e-05,7.427586928209616e-05,3.3808549278281244e-05
ydeK,ydeK,0.0003622266707537793,1579,8.50029578763759e-06,3.731589117502339e-05,7.535719542572647e-05,9.092122808714201e-07,2.076031157317301e-05,2.9863741323822812e-05,9.394521591601545e-06,7.008034727821914e-05,7.108365114038357e-05,3.896150317732034e-05
yqjG,yqjG,0.0003619184139231332,1580,1.476137446070187e-05,1.6209990712488992e-05,5.156690596775526e-05,1.5236065936801793e-05,4.354065291498324e-05,3.1498868553841747e-06,9.925981470238309e-05,2.5700266992642782e-05,5.286684517660318e-05,3.9626610203388845e-05
ompW,ompW,0.00036174942708394386,1581,5.0132217667870463e-05,4.267661166750842e-06,5.591517222462208e-05,2.1019529605856728e-05,1.2650335171069729e-05,1.6159131831927887e-05,2.266760515588432e-05,3.006690779003804e-05,5.397171841114835e-05,9.489914805877545e-05
recB,recB,0.0003617095009658982,1582,3.427424758015741e-05,4.965239337595146e-05,4.792001982567772e-05,6.200090888856157e-05,3.0098511890739932e-05,2.6847038971995565e-05,1.8939829951832004e-05,2.912460790312761e-05,6.571998488398503e-06,5.627994408945642e-05
yfbH,yfbH,0.00036164875345254623,1583,7.234344752410596e-05,2.3272755027604027e-05,1.3129343745530872e-05,2.4929569320193434e-05,8.374893788715471e-05,1.2556835979848876e-05,4.189747936194426e-05,1.0310558656863972e-05,6.376636527174207e-08,7.939605958402838e-05
ycjR,ycjR,0.00036149676423862225,1584,9.205754384752314e-06,3.665985970051394e-05,5.540199310768894e-05,0.0001158936199793971,2.3456068740109295e-05,2.484425654309896e-06,1.6598931707734902e-05,1.410902579829597e-05,4.781395002485442e-05,3.987313514096555e-05
ybfG,ybfG,0.0003611018457860526,1585,0.00011264023890904518,9.756964300247023e-06,8.971325083713211e-05,2.97808895820756e-05,3.094160003746288e-05,1.1971189503108963e-06,2.9232411519696304e-05,2.2377311442090426e-05,3.0791208169655454e-05,4.670852038336673e-06
bcsC,bcsC,0.00036088208409869543,1586,9.083470337125233e-05,5.064483447107824e-05,2.2691320033273394e-05,3.8251874371507324e-05,1.3416950196322414e-05,1.626034155936457e-05,6.404222407094866e-06,1.6464941834203255e-05,6.911100247890011e-05,3.680189337569893e-05
yeeN,yeeN,0.00036087635740913684,1587,6.431864471309292e-05,3.542975271917701e-05,3.9219664025067386e-05,3.770408751699546e-05,9.884271657481389e-06,2.138138336921781e-05,2.2210888475441546e-05,8.120336905497798e-06,4.1241881020023246e-05,8.136544700714231e-05
yaiO,yaiO,0.0003607068862862314,1588,2.3979918433142488e-05,1.006269392575302e-05,6.774823726571452e-05,8.635798892100304e-05,1.3234539146055604e-05,2.985339099287709e-05,2.867142033303759e-05,2.2006148097771543e-05,7.17537928947184e-06,7.161716988140461e-05
srmB,srmB,0.0003598033207674787,1589,4.864065519048666e-05,4.3360681490335875e-05,8.961371761837119e-05,1.4533967024690436e-05,2.8614893622733765e-05,6.303081391839993e-06,5.02047934177539e-05,2.7597298534176726e-05,6.889556149574433e-06,4.404467632751573e-05
yjgR,yjgR,0.0003597088148835445,1590,5.480472438516014e-05,4.341540340150317e-06,5.991534960708619e-05,1.3177204391585961e-05,1.1887571875499199e-05,5.155552726128172e-05,2.5517208881678132e-05,8.794749925662715e-05,2.9268361826105635e-05,2.1293827058370077e-05
rutF,rutF,0.0003597075012601045,1591,3.864903817731565e-05,4.412796140818826e-05,5.461781570924125e-05,2.2725627867448463e-05,6.009928455925455e-05,7.332925507738658e-05,2.5100006524716257e-05,1.3399020059433095e-05,2.8285920540660572e-06,2.4830899823054353e-05
topA,topA,0.00035957274886742787,1592,0.00011042473726304852,3.250488071092448e-05,3.460938606471031e-06,2.2889966048781664e-05,2.2854141141020958e-06,1.3347484564459226e-05,3.0311127679188082e-05,6.9873425304541315e-06,6.811766318260544e-05,6.924319416739316e-05
nagK,nagK,0.00035936539800397006,1593,5.655026820479924e-05,6.096734466753158e-06,5.641628960719769e-05,6.012368539862708e-07,1.965473210103031e-06,0.0001027929317804927,5.1747944772179575e-05,2.852580083769826e-05,4.1180519277597845e-05,1.348819899316232e-05
fabH,fabH,0.00035935563899678306,1594,0.00010705398196699377,1.0402363222586888e-05,1.2150527053936875e-05,5.184408595483214e-05,3.4911228831403755e-05,2.9772765822879787e-05,4.468472776207489e-06,2.590532714205382e-05,1.2551368952887016e-05,7.029551727300152e-05
LELOBEKK_lexA,lexA,0.00035924796415640547,1595,0.00015080054010268274,3.173042183680459e-05,8.709937824524761e-05,8.412996012326918e-06,2.0101814722884747e-05,5.571497627904888e-06,5.592334229161244e-06,1.4130207583866602e-05,4.600897571072691e-06,3.120787622445338e-05
bcsG,bcsG,0.0003590277251225944,1596,1.3346605457863401e-05,1.1169097256443429e-05,8.137463438766664e-05,3.50559370494561e-05,1.2378507099031148e-05,9.185349733134555e-06,4.189167866183518e-06,5.991910382907893e-05,8.394152581057062e-05,4.8467796633166045e-05
rhsD,rhsD,0.0003583537373509208,1597,3.460743387346953e-05,6.450400661339193e-05,9.125288328266706e-05,4.700195291313508e-05,8.600276846249866e-06,2.2713354169007274e-05,1.1834605896639329e-05,1.1477392116932096e-05,5.310306110548473e-05,1.3258770533943822e-05
cca,cca,0.00035824444789802555,1598,4.2332121925924395e-05,4.128843057538633e-05,1.877179025117996e-06,1.1783001208147274e-05,3.717355881117205e-05,3.6675858371631685e-05,8.270967960225923e-05,3.087788678012622e-06,7.653500932025373e-05,2.4781820380120223e-05
gyrA,gyrA,0.0003579986322394602,1599,0.00013195055124280217,2.5661024800930082e-05,3.0899468849875505e-05,4.7398265465804084e-06,1.434117559889021e-05,2.9135464451421175e-05,7.548148570682704e-05,2.414432484400634e-05,1.9774353590465217e-05,1.870956607662065e-06
yfeZ,yfeZ,0.00035726106058842186,1600,6.106288570762459e-05,9.261387266247486e-07,3.694219348592465e-05,3.910256511523414e-05,6.45448831963882e-05,4.988027763414347e-06,2.5395227868178916e-05,3.164313203709349e-05,7.297908623363653e-05,1.967692045430223e-05
yjbH,yjbH,0.00035725173897476506,1601,6.194567291040396e-05,1.6407110769739256e-06,9.860224257203673e-07,3.6986443448443216e-05,3.7229130043208866e-05,9.054947231467294e-05,7.748050157066487e-05,3.745008628895815e-05,8.842390176470949e-06,4.1413087192478186e-06
rpsB,rpsB,0.00035670877301550736,1602,8.86131775343511e-05,3.834971191163559e-05,2.2154233923550782e-05,4.8618781624612894e-05,1.4874782397883491e-06,6.375091590536374e-05,1.0583162425353129e-05,4.157123372973338e-05,9.338768109949959e-06,3.2241309611168495e-05
folP,folP,0.00035652234672567347,1603,5.0913348150969126e-05,2.4668572625638192e-05,7.366792712061018e-05,9.515328680449361e-06,5.9736671339188815e-05,4.041568799469635e-05,1.0029405817751418e-05,1.2981094677060865e-05,4.732962261029107e-05,2.7264687709018108e-05
yhaV,yhaV,0.0003564628645425258,1604,1.293324746880161e-05,5.260865453841569e-05,6.119346034516759e-05,2.4136626183339095e-05,5.7638509947002356e-05,2.6509670759277423e-06,2.4110174789994542e-05,3.44226379757895e-05,6.17770957308899e-05,2.4991490487197765e-05
rpiR,rpiR,0.0003563621581456196,1605,2.7810284037090455e-05,2.68452333459021e-05,1.9048270379479464e-05,2.1975806748873972e-05,3.5792624034173415e-05,3.126066198159271e-05,4.8500772697978627e-05,1.3805353139311698e-05,0.00011358369323511055,1.7739458546106607e-05
gspO,gspO,0.00035605715809317,1606,4.6209037814746e-05,1.339332566138793e-05,1.9149360195164106e-05,0.00014045849398761775,2.0820748703943928e-07,1.4723567822021017e-05,2.411647566989581e-06,0.00010100616417734838,1.345453057418239e-05,5.042822806673389e-06
allC,allC,0.00035589792460273876,1607,4.360999994164205e-05,4.981074694800092e-05,5.662265981444845e-05,3.8390823336264146e-05,1.4587763485718472e-07,3.6199120956756055e-05,5.4154454108735184e-05,4.460905342573168e-06,6.3687960973611e-05,8.815375545850573e-06
ycgL,ycgL,0.00035583581813816435,1608,9.544493053136663e-06,1.7401141107068777e-05,5.6586488033979416e-05,2.5670327595763954e-06,0.0001300189107777293,3.5564823521449524e-06,4.5010553009229295e-05,6.008748630862976e-05,2.5344908253933654e-05,5.718322482736067e-06
bdm,bdm,0.0003556496089755636,1609,5.4034733345383623e-05,4.062798280853962e-05,5.816853038114343e-05,3.9834357640337885e-06,6.305453787876499e-05,4.437744516619238e-05,4.849315589460619e-05,1.563127868920231e-05,1.105922315338038e-05,1.6219285894316896e-05
elaB,elaB,0.0003554610437737137,1610,0.00014409112619968547,4.725106602351941e-05,5.6811600548597765e-05,3.8011276699289264e-06,1.759931709044556e-05,1.5133417697696801e-05,9.97684419869834e-06,2.0810980214536488e-05,1.7412159376684375e-05,2.2573404753920503e-05
yahE,yahE,0.00035500189276466886,1611,5.881541385849091e-05,2.8949510237083623e-05,2.0657474793000474e-05,5.65474643781046e-05,1.1880500918660609e-05,8.01395152919381e-05,1.57414329453059e-05,4.5932060638004065e-05,2.550418883832162e-06,3.378810082024839e-05
xylR,xylR,0.0003549362373914338,1612,0.00010250977638053464,4.445248446352198e-05,2.5211807163021944e-05,3.3987360919184525e-05,8.24031138219212e-06,1.2392218827647225e-05,3.426911247251237e-05,2.2322832431272707e-05,3.1833821601374864e-05,3.971651175017138e-05
yafE,yafE,0.0003545812888447347,1613,1.581819884146668e-05,6.188974180409629e-05,2.4867887644161862e-05,2.8362282916313248e-05,6.768714153640578e-05,1.2038970326532369e-05,1.0434366593073877e-05,8.933900598761821e-06,1.65334734744315e-05,0.00010801532510949129
rpoS,rpoS,0.0003545130708939917,1614,1.3957701997941966e-05,4.2726508640869146e-05,3.6507235574117023e-06,4.926892972890018e-05,1.2309234682653216e-05,8.435245848523217e-05,8.767441862666865e-06,2.7509542860007272e-05,3.4034673789828266e-05,7.793585528848102e-05
ychA,ychA,0.0003541110861685156,1615,8.081110482022353e-05,4.147927281837139e-05,5.071575289036623e-05,2.5864428632969262e-05,1.6981167280246897e-05,4.977926833149794e-05,5.260398908115671e-06,7.058912445151772e-06,1.372525697614711e-05,6.243552306542583e-05
dcuA,dcuA,0.0003532583512709466,1616,1.0323196378785576e-05,1.7731609343311862e-05,4.045927603837327e-05,9.8882191971422e-06,4.988338717303203e-05,4.909832354283552e-05,8.361849639561728e-06,3.936182969633296e-05,5.639512030876524e-05,7.175553995280623e-05
yqfE,yqfE,0.0003531902169068711,1617,9.11551872770695e-06,7.837743499859815e-06,5.965265848211876e-05,2.7408335851802094e-05,1.785239795478814e-05,6.08917798992959e-05,3.545803937821313e-05,1.936389674577239e-05,7.297221715542852e-05,4.263762921188543e-05
rlpB,rlpB,0.0003529371027258433,1618,6.139706488493287e-05,2.0728260763056688e-05,4.321488931061927e-06,5.670212098353525e-05,4.7771206065243835e-05,4.905037609553276e-05,6.595789172087763e-05,2.561690981962383e-05,1.1282305319649313e-05,1.0109478142329198e-05
ddpA,ddpA,0.00035292291070940647,1619,2.379749352670882e-05,6.21594648923638e-05,4.573783277222972e-05,5.780227831060382e-05,3.7259132899789897e-06,1.592537080513859e-05,7.285463610939359e-06,3.8995153250487504e-05,7.076275493810918e-05,2.6731185312846698e-05
rsd,rsd,0.00035272327293158363,1620,5.416608253389991e-05,6.8590090619950406e-06,4.370148332742902e-05,1.863359665617913e-05,8.829492369864003e-05,1.4457376420804918e-06,2.6727759285863482e-05,7.366461460664054e-05,2.523411778558082e-05,1.3995948333275173e-05
yehD,yehD,0.00035224530588618704,1621,0.00012005916203155992,3.7745887773878315e-05,1.2226822929090522e-05,8.054956337187133e-05,2.4245641348257633e-06,4.466378803634877e-05,2.7395442739035616e-05,3.1082109542176734e-06,1.2952924559095647e-05,1.1118939356263473e-05
lldD,lldD,0.0003518576873726429,1622,7.427180596163182e-05,5.961088227115547e-05,4.326746685772642e-05,8.154974268387391e-06,2.5470498694673084e-06,4.0336303589340055e-06,6.22130376326789e-05,2.984198165165288e-06,8.296005486483259e-05,1.1814587122663683e-05
yccA,yccA,0.0003518146204361485,1623,0.00014956053832281628,1.033675452229239e-05,2.7498379207018495e-05,2.410579818788027e-05,3.322840853225866e-06,1.5758231347694447e-05,3.7967642151111274e-05,3.0405865280794928e-06,7.212501819748766e-05,8.098831118542345e-06
ptsH,ptsH,0.00035086604005877924,1624,0.0001232332019072667,1.6982419019178822e-05,1.2682591263229325e-05,2.074196671133479e-05,2.5699078560014206e-05,1.757337501309006e-07,4.564954224244545e-05,1.7104516044103216e-05,3.4440758407706315e-05,5.4156232153369534e-05
hemX,hemX,0.00035084208771512686,1625,6.848538801757385e-06,5.528666716174889e-05,4.169144384405776e-05,6.311502065368976e-05,6.243704669095926e-05,4.698674367619383e-05,1.4514972939049391e-05,7.2122331397892714e-06,3.4287134565589356e-05,1.8462286242292016e-05
eptA,eptA,0.00035082897972116316,1626,9.547913854276774e-06,1.7869781829284105e-05,1.9816208207555144e-05,9.902556984209972e-05,1.4385502064054924e-05,3.1378107972852085e-05,7.889197232737717e-06,2.9071763911988405e-05,4.9100102138995864e-05,7.274483266731843e-05
eutA,eutA,0.00034967988971504793,1627,3.291443385721624e-05,2.5327296962888828e-06,6.0083254805571215e-05,2.642342348099785e-05,1.1980668397623902e-05,3.7135899435341916e-05,1.0370953639565572e-05,4.484492838597367e-05,8.756219332695614e-05,3.5831404689512535e-05
yjgQ,yjgQ,0.0003496368945064554,1628,5.179135864515735e-05,3.3464934755365366e-05,7.49753645540429e-05,6.9504158173224685e-06,9.790849757745053e-05,1.596013946696243e-05,3.9055128135024934e-05,1.3097064666572736e-05,1.2912988086853222e-05,3.521002801703524e-06
ackA,ackA,0.00034899454132592087,1629,2.5512822822475403e-05,2.2222477654975507e-05,7.432851529413161e-05,3.726364311370128e-05,2.0804121735701875e-05,2.6850976107757053e-05,4.047915300625828e-05,1.5393299597977188e-05,6.449605189533987e-05,2.1643480097602836e-05
chbG,chbG,0.0003487901163233876,1630,2.512887498920829e-05,3.7512143126742625e-05,5.9088158785870846e-05,7.255520704994136e-05,1.5139923289943552e-05,1.578445322614086e-05,1.9891039839192404e-05,5.099287577531502e-05,4.787601987654302e-05,4.82142036448956e-06
ubiB,ubiB,0.00034875907167805523,1631,5.770007584047669e-05,0.00011053119657220689,4.701786301546185e-06,1.3582300880703891e-05,3.7691546600314736e-05,1.3061476797951382e-05,4.2392404334903724e-05,4.392552344634388e-05,1.5001710291294185e-05,1.0171050612313612e-05
psd,psd,0.0003485052166128732,1632,1.007830563914634e-05,4.811498870158905e-05,1.582800916766041e-05,9.518078679195077e-05,2.2533769637853173e-05,1.2649882246718859e-05,3.708016498312087e-05,3.928204079217761e-05,5.676494115292101e-05,1.0992327499735035e-05
treR,treR,0.0003481966750895123,1633,1.5593021914250933e-05,1.5844772482003314e-05,3.039043075379834e-05,1.897414003166852e-06,4.751685496038017e-06,9.161142357648265e-05,3.0133441573864904e-05,3.6514198470471926e-05,8.746507485870122e-05,3.3995211960734116e-05
treA,treA,0.00034818781148781555,1634,4.5672780925537885e-05,9.07927906665077e-06,4.926615897362074e-06,8.566122081499275e-06,3.372093649146865e-05,7.142016224244676e-05,5.76769805528338e-05,4.978645931059126e-05,2.7764735483595895e-05,3.957373943582916e-05
yfiO,yfiO,0.0003479335746440447,1635,0.00010412463034435383,8.700086415794283e-06,5.13552800380396e-05,1.2700226942719695e-07,1.428559026449034e-05,1.715908003535856e-05,5.895739587308118e-05,7.015612808335143e-05,5.060641301306593e-06,1.8007740018841665e-05
yeeX,yeeX,0.0003478452240957224,1636,7.623474752022809e-05,1.8604141254405796e-05,3.969642112475154e-05,2.7588378202139478e-05,6.273564275148534e-06,2.454318497135281e-05,8.953402831940828e-06,1.5762850805306987e-05,4.334392290764456e-05,8.684461020280376e-05
iraP,iraP,0.0003472739312221985,1637,1.1301801855842457e-07,5.6170939019088004e-05,5.368155855592546e-05,1.4705188657862677e-05,2.5398488536999564e-05,4.2392276988157044e-05,3.5832762944992826e-05,6.052147835537833e-05,2.4209848313918973e-05,3.424837183131723e-05
yraL,yraL,0.00034705664112710794,1638,3.94783306540478e-05,2.070760132080108e-05,3.576282352157239e-05,4.8666940645352853e-05,2.062622628110598e-05,4.1952117524831224e-05,2.9322692529872913e-05,3.9380393527530745e-05,3.119811885012463e-05,3.996139627186834e-05
ycjZ,ycjZ,0.00034703321989082886,1639,2.1968542777741447e-05,5.630875664133748e-05,2.3868121563374465e-05,1.719122118805931e-05,1.9642385535575274e-06,0.00010192927798007129,4.96012097298973e-05,2.518728243889828e-05,3.8083485579958954e-05,1.093108343793284e-05
ecnA,ecnA,0.00034690862198663705,1640,2.2007297842666815e-05,5.705737911549924e-06,2.0644922811452874e-05,7.559767915627609e-06,4.539414830876481e-05,2.2813388931702484e-05,2.8865983357664884e-05,2.088696344129083e-05,0.00013839449362462166,3.463591784129515e-05
ydgC,ydgC,0.00034665849286701365,1641,9.388387778995638e-06,4.717659009435348e-05,6.197176153750079e-05,3.978318795864285e-05,1.6464938080636825e-05,5.13164442585831e-05,3.4622052526428575e-05,9.894268580918392e-06,3.526014946601353e-05,4.078071258494045e-05
yafU,yafU,0.0003465196481110444,1642,9.272844950184843e-05,1.1992831727880287e-05,2.7745206763930334e-05,5.255200974181314e-05,8.988899762669086e-06,1.180855562823511e-05,6.0819860931648504e-05,2.739233761757548e-05,2.139243167094598e-05,3.1099064764498114e-05
rcsF,rcsF,0.0003462172580625375,1643,3.258657598307707e-05,7.889207997200367e-05,2.709664341399463e-05,3.681452533124221e-05,1.5958387295496714e-05,3.801415217484806e-05,1.1315371444167929e-05,3.772954246853563e-05,5.5447114589422586e-05,1.2362865389748947e-05
intD,intD,0.00034582858804994024,1644,0.00010408949055187985,2.3356776498763788e-05,3.660019099949643e-05,3.6382663409307894e-05,6.281452411339887e-05,1.4301943273855391e-05,1.2547875090072664e-05,1.2612922413152263e-05,2.906420222519764e-05,1.405799947481539e-05
yicJ,yicJ,0.00034526395974618043,1645,2.175460969259685e-05,4.256688395432357e-05,3.210434440762539e-05,9.512924569893022e-06,3.0539826965153196e-05,1.6148140020216127e-05,3.246078710849405e-05,3.729533932970383e-05,6.592033887286513e-05,5.6960764825309236e-05
ihfB,ihfB,0.0003451213045475199,1646,6.543282846721018e-05,3.584721777684329e-05,2.515596235430213e-05,1.653699526172498e-05,5.597001270087795e-05,4.0095058182659985e-05,8.447194291268262e-07,2.1372021202993345e-05,5.617258734805154e-05,2.7693901823729684e-05
ygiW,ygiW,0.000345075246609328,1647,1.7332439346516866e-05,2.720658019390995e-05,7.905268657568829e-05,4.30899812063629e-05,2.4620883596651186e-06,6.786830658947242e-05,4.414839292037934e-05,2.4631283175727857e-05,3.233997373274063e-05,6.943514508864603e-06
gmk,gmk,0.00034491395679876714,1648,8.010780429878245e-05,3.5081976457710816e-05,3.0112474192899684e-05,5.219176940198787e-05,2.0528333126661307e-05,1.8759448141705265e-05,3.1915512803466095e-05,2.317639783414708e-05,1.0005662157935038e-05,4.30345783834715e-05
ytfN,ytfN,0.00034415350328435433,1649,2.1999195993487425e-05,1.9647068677375568e-05,1.3528633368767518e-05,9.254379412986107e-05,1.9126826152519703e-05,3.6740422563688277e-06,7.381605576023001e-05,5.226740124009359e-07,6.484934400624256e-05,3.44458689271007e-05
gor,gor,0.0003435646217415571,1650,1.089617371649842e-05,3.094015047173974e-05,7.380429860533589e-05,4.619437634837696e-05,1.9651872022558053e-05,2.375154145811967e-05,1.6332446288756668e-05,3.0370351754561556e-05,2.1807704806824878e-05,6.981570626878523e-05
acrD,acrD,0.00034337285109727815,1651,1.0249508036115375e-05,2.3642864297179804e-05,5.014746298647815e-05,6.442434871974415e-05,4.464453083696421e-06,4.279644489823705e-05,1.589275496988787e-05,1.7166388342578053e-05,0.00010130451470332487,1.3284111060036383e-05
metC,metC,0.00034330511131552436,1652,4.764229786103213e-05,6.37690085104261e-08,2.3629953145546973e-05,8.410636760551664e-05,4.406971404275115e-05,2.043288826950441e-06,1.4400724151814692e-05,4.794017970016851e-05,3.5719874245719486e-05,4.3688942727513965e-05
emtA,emtA,0.0003420266149557493,1653,2.9555921596648582e-05,4.622367644726078e-05,6.51251822667148e-06,3.813193733628415e-05,1.2558786351269772e-06,6.669535317786599e-05,5.7302971528170956e-05,3.251068636139708e-05,3.9482785308654835e-05,2.4354886337668493e-05
ykgH,ykgH,0.00034198901607867247,1654,7.431305314867977e-05,2.5677288954382565e-05,6.51837328174616e-05,4.298666770100642e-06,1.6044199731503362e-06,8.1652342045124e-06,7.753935292352839e-05,1.2577406296743274e-05,4.9223559499207184e-05,2.3406301490906343e-05
atpE,atpE,0.00034191943718212133,1655,8.115640682100754e-05,1.349139224597138e-05,1.6774776705002525e-05,4.294920576918355e-06,5.2156121504445096e-05,6.911834691203597e-06,1.1033047877838117e-05,2.0162673468079282e-05,5.182606884364603e-05,8.411219444800941e-05
hflC,hflC,0.00034166770212969193,1656,5.012475424620572e-05,2.1682092810496217e-05,1.1068367085817787e-05,0.00011089631757883578,3.3426813028483365e-05,7.863484554693101e-06,8.203926021214925e-08,3.178525075792532e-05,3.228110490831459e-05,4.245747789870793e-05
yidP,yidP,0.0003408254867991406,1657,1.8664325805590922e-06,4.8651601377589706e-05,1.3846597226814457e-06,2.261428209830203e-05,2.1070838186247362e-05,3.535460634811996e-05,6.33100915688673e-05,3.3745685013265895e-05,6.797680911555681e-05,4.485048078795099e-05
ydcF,ydcF,0.0003406433394973843,1658,6.007008226479088e-05,2.6176022314781575e-05,5.470588892027471e-05,1.0397852713507893e-05,1.797251890271996e-05,5.552141050896523e-05,6.746544081251003e-05,3.4273078193545384e-05,8.755931461940648e-06,5.3051134043479545e-06
yiaF,yiaF,0.00034046168060236637,1659,2.9925554262387972e-05,2.6980580112075973e-05,1.6236941405164715e-06,6.337700754266949e-05,2.994703749428185e-05,8.445827295379168e-06,1.797256752368724e-05,0.0001461993139012685,2.7271190247788808e-06,1.3262979305320855e-05
astC,astC,0.0003394351902562707,1660,6.72629478755362e-05,2.2584019476033687e-05,2.8983455350176304e-05,2.6412923799042715e-05,1.3956670051230546e-05,6.272987276207056e-05,4.165913367614036e-05,1.2890483409450668e-05,5.535126590219542e-05,7.604417954394323e-06
idi,idi,0.00033936147414134114,1661,5.2288958302298516e-05,2.0934715589342766e-05,1.4621243687490721e-05,2.6301353087456846e-05,8.283194657783592e-05,2.958578413821313e-05,8.260883788900828e-06,3.639467451348051e-05,5.065298352708631e-05,1.7488930929235645e-05
yehS,yehS,0.000339216419173076,1662,4.7693759186266437e-05,7.822042593415067e-05,2.341207918279591e-05,4.360772578806608e-05,4.624393181668897e-05,4.16019662395469e-05,1.0488855816248773e-06,1.0264357556956333e-06,4.423059472293812e-05,1.213061496530244e-05
yahL,yahL,0.0003389856443527078,1663,7.020608939530776e-05,1.7671516013524825e-05,2.9499467258354913e-05,1.2661452183871159e-05,5.3432366508902084e-06,2.4709388385826003e-05,2.7001466700390557e-05,4.867810964474319e-05,3.763541833529118e-05,6.557949978450801e-05
argS,argS,0.00033860881465676913,1664,5.102606382268797e-06,1.7545895383752665e-05,2.4962274970002624e-05,0.00015340175800328775,7.7996963735676e-06,2.278485907513535e-05,3.122344016898314e-05,3.354340537278275e-05,1.596669289282466e-05,2.6278186034163773e-05
moeA,moeA,0.00033822668847373853,1665,1.726606032497659e-05,1.392204997671492e-06,6.472493912555662e-05,2.659051933140028e-05,1.1436778343181621e-05,6.545698492042733e-05,5.152376850262559e-05,4.4493270438982856e-05,2.5128487808598634e-05,3.0213674680317514e-05
artI,artI,0.00033808731695285176,1666,1.856224541201452e-05,5.4901769686261315e-05,7.391564581147881e-05,9.477944748508021e-06,9.533390505163071e-07,4.530029248173176e-05,3.214619588636039e-06,9.54842571651328e-06,4.4761194319608284e-05,7.745184013758345e-05
yieP,yieP,0.00033721074247822946,1667,5.315655648701844e-05,6.414492363871379e-05,1.718358221127716e-05,3.844113152394557e-05,1.1093053271521172e-05,2.8692473095776434e-05,2.4682997118757345e-05,1.3847788949538915e-05,4.368565838729499e-05,4.22825777943856e-05
znuC,znuC,0.00033697956279517884,1668,2.358379227448372e-05,3.702180843441744e-05,3.832283503025765e-05,2.204455096837237e-05,4.08317791343929e-05,1.4817946573015895e-05,6.788602069117363e-06,7.753731316273718e-05,2.0563204244989323e-07,7.582530310593445e-05
dppA,dppA,0.00033624940993047037,1669,9.768811278126522e-05,1.9042549883191954e-05,2.8751273750730464e-05,1.0651931769768925e-05,3.30525054560978e-05,5.620262035022956e-05,4.58862474948937e-05,3.1828564651455368e-06,4.141690016976659e-05,3.744118093805623e-07
ravA,ravA,0.0003360955276027984,1670,6.528055313458383e-05,7.148226324165444e-05,1.0721292402115815e-05,3.356510835138341e-05,2.2938230805947687e-05,5.147450547569343e-06,3.0098492411585955e-05,4.84687250534412e-05,2.1550728480152627e-05,2.6842683174364053e-05
ygaU,ygaU,0.0003359597388221457,1671,9.55473550523358e-05,7.187497500925806e-06,3.13682927551175e-05,2.8609840381050038e-05,6.496473013599811e-06,1.1353406274127792e-05,3.197679706657748e-05,1.2856936078389017e-05,6.052577401968157e-05,5.003736668034093e-05
yegP,yegP,0.0003358313750916695,1672,9.520105032494534e-05,7.214737115142844e-05,4.571226908263965e-05,2.3530327923047952e-05,2.2931143207810063e-05,2.220854606505882e-05,1.119672381787529e-05,2.7051131293222336e-05,9.351317758836356e-06,6.501494466805276e-06
fhuD,fhuD,0.0003354527384482652,1673,3.3013586159521234e-05,4.4047408642900036e-05,6.405583863174156e-05,2.6319662250368964e-05,3.0529857927834826e-06,9.671365320271859e-05,2.6405746104893324e-05,1.668238140664968e-06,2.5538328291616838e-05,1.4637291231056153e-05
hfq,hfq,0.0003353885424616189,1674,8.595785596482185e-05,1.9095530361535287e-05,5.464747730688119e-05,7.903906976497646e-07,2.925677831020578e-05,3.175072645854104e-05,4.804092399196885e-05,6.048409799491191e-06,3.41282791060351e-05,2.567217046448886e-05
yiaB,yiaB,0.00033537140648363543,1675,1.2126087698428266e-05,7.527759763826264e-05,1.7108634053036806e-05,2.2623387193434948e-05,3.702053850478896e-05,1.2421500300261563e-05,6.839860183232351e-05,6.832916552788608e-05,2.0848210138115792e-05,1.217683597096846e-06
ygiC,ygiC,0.00033513650949763764,1676,4.302964406457147e-05,7.227172597187679e-06,4.661329105855184e-06,7.631644457994283e-06,3.988053809999164e-05,3.9411094952040736e-05,5.9590313094972075e-06,0.00010592339789789155,3.464994498654474e-05,4.676271202606319e-05
msrA,msrA,0.00033471834753568216,1677,7.660840833663443e-05,2.36578466828796e-06,6.553916035156648e-05,3.831373081346995e-05,2.743936851285857e-05,2.7319852993379994e-05,1.6909514393584487e-05,1.753591527711632e-05,5.409221261911064e-06,5.727739092687292e-05
yeiM,yeiM,0.0003347024676578841,1678,2.210051255924657e-05,9.33380534008332e-05,2.527968918318433e-05,4.400203768918059e-05,8.416552789929866e-06,3.242734059403163e-05,3.129272035597546e-05,1.3614741926435926e-05,2.098741446159167e-05,4.3243404697474804e-05
arnA,arnA,0.00033466101535760856,1679,3.054840204442328e-05,3.126756580735332e-06,5.9768685937145484e-05,3.0582313406890515e-06,4.958944483404058e-05,2.914900534559753e-05,6.933852098573821e-05,1.5123743979117722e-05,5.699404918816253e-05,1.7964175121958868e-05
yghR,yghR,0.00033436094373778976,1680,2.035584811404775e-05,3.767358500299749e-05,7.570333177125128e-06,1.0746797999971013e-05,2.906008279859947e-05,4.561255943321773e-05,5.294990722976194e-06,8.707333414126596e-05,2.9390411448641625e-05,6.158300089894743e-05
yijP,yijP,0.0003343046531480051,1681,5.3421186630970134e-05,2.7270778454691738e-05,1.935065718251149e-05,5.409943341221378e-05,2.777991848150837e-05,3.98927471146029e-06,2.5275032055238022e-05,5.746197467272365e-05,1.3935112432218715e-05,5.17212851144689e-05
pyrD,pyrD,0.00033419806849368746,1682,0.00012454665227863744,3.40608221328872e-05,1.741641578719152e-05,1.5144903529807116e-05,2.284874820242076e-05,2.305473023839087e-05,5.19359621116165e-06,7.135236082009215e-05,5.910800904663333e-06,1.466903838843544e-05
msyB,msyB,0.0003340542841207151,1683,7.081632990393206e-05,6.053758205297099e-05,2.1367611632535045e-06,8.271263499648637e-06,2.3705846883005473e-05,5.443173183367867e-05,4.925758354917819e-05,4.022343589061491e-05,3.120697851727606e-06,2.1553051492705064e-05
cirA,cirA,0.0003339618834973807,1684,3.50169141551495e-05,2.2637333494838143e-05,1.5483238221987832e-05,1.5892664531775473e-05,7.529491883566043e-07,4.071117328350539e-06,7.385146224350454e-05,9.965222100388797e-05,5.217916586842344e-05,1.4424817461106631e-05
galE,galE,0.0003339177090519741,1685,1.3591647604079414e-05,3.6013002857469756e-05,2.622576494458814e-05,5.0158815261492094e-05,8.584813170993539e-05,6.979952093810771e-05,3.7334301577243814e-05,5.1133561620210505e-06,9.687540885706162e-06,1.4562711133060574e-07
nth,nth,0.00033383008397113215,1686,3.848445428809331e-05,4.3336911886039314e-05,7.531544259580463e-05,1.626179803031502e-05,8.091660857676251e-06,2.470618437832482e-05,3.740775746049112e-05,2.7652449734802034e-05,2.465766798626973e-05,3.791575675331588e-05
dinF,dinF,0.0003337489738529468,1687,5.544908090557985e-06,2.96185259315817e-06,5.336343564377519e-06,2.6548092533451188e-05,2.070324623911669e-05,4.551259741887584e-05,6.602509583167717e-05,7.581469939106166e-05,5.986449463596366e-05,2.5437643554706884e-05
yfdS,yfdS,0.0003334873478325402,1688,2.8109869064266086e-06,6.14782056018947e-05,2.083733790097579e-07,3.8837434916484656e-05,3.059861599918135e-05,7.041522080487754e-06,1.671094057825791e-05,1.6523480220238e-05,6.989250274942036e-05,8.938528540113911e-05
ubiD,ubiD,0.0003332637204414437,1689,6.644525881785581e-05,1.6125119101244636e-05,3.6567898086343e-05,1.548527121160786e-05,1.6883220529061254e-05,6.776176285960885e-05,1.827493425587159e-05,3.454875247713673e-05,4.668707590173532e-05,1.4484427200978642e-05
yjaG,yjaG,0.0003324343100595805,1690,5.980861238097151e-06,4.72217890724891e-06,6.0250847079306303e-05,7.866803146891549e-05,2.8717936228596746e-06,1.120096262820198e-05,4.891394921625228e-05,2.7111881690007962e-05,4.9476903529832284e-05,4.3236900678858485e-05
recJ,recJ,0.00033129620704863455,1691,6.518838751384117e-06,1.233794160275093e-05,2.2492093764478523e-05,1.884417516553347e-05,3.0566176026014774e-05,6.473190523045883e-05,5.1690910437339114e-05,6.666198101354438e-05,3.033467739665323e-06,5.4418717317465144e-05
bcp,bcp,0.00033122670273896864,1692,5.597379879696682e-05,3.7963070765310924e-05,6.588208320597712e-05,5.337777202832006e-06,2.6587133977111243e-05,5.795150179742442e-05,1.3834805934871694e-05,3.991163138789492e-05,5.17617174114411e-06,2.2608727929435416e-05
LELOBEKK_fdoG,fdoG,0.0003310182842446778,1693,9.66865414238433e-06,4.9858201287141214e-05,3.771056594861162e-05,2.4834425313673152e-05,7.61035828239222e-06,2.6475336172251935e-05,2.1696310236946122e-05,2.9028423933365308e-05,3.957772411668306e-05,8.455828481122884e-05
fimD,fimD,0.00033093135033768645,1694,4.354872055459919e-05,1.9033748117149222e-05,0.00010910172783224204,1.8644614893165254e-05,1.5270300128324595e-05,1.7064611795111826e-05,2.8884286578776826e-05,2.4727296905002315e-05,3.353104078301366e-05,2.112500275030153e-05
ykgJ,ykgJ,0.0003309013088742201,1695,6.715928777526335e-05,9.419221167665243e-06,1.2376221087181414e-05,2.988656419355572e-05,9.204290735810935e-06,7.515998093139909e-05,1.7237437262711254e-06,3.6321512370101194e-05,4.2121023819922135e-05,4.752946306704984e-05
LELOBEKK_tisB,tisB,0.0003305245518753626,1696,2.5180187699509367e-05,4.879230702077105e-06,4.6747767496986305e-05,5.487331689844335e-06,5.6363197774355495e-05,1.914283618062002e-05,4.781653874069742e-05,3.159239299966538e-05,3.219795101106812e-05,6.111711758053902e-05
yfbU,yfbU,0.00033047918252012136,1697,0.00013226469097585378,1.6833686033184324e-05,4.086299373217951e-05,4.295450100949011e-05,1.3894515040601687e-05,7.80242988713828e-06,2.3811657088925666e-05,5.06766202393076e-07,1.0162708101436695e-05,4.1385234448918224e-05
xapR,xapR,0.0003303178957979005,1698,5.615612273777362e-05,0.00010058463651697675,1.0408834235518069e-05,3.2282850476284836e-05,4.900001020063479e-06,9.147191275710208e-06,3.8013963498452765e-05,3.861177834048536e-05,3.8316986120677144e-05,1.8955315759583038e-06
ribA,ribA,0.0003301388312915042,1699,2.509008316463389e-05,3.467055368328235e-05,3.484900663046439e-05,3.3252921478479546e-05,8.571423615232724e-05,3.1558141751419367e-06,8.665558138915541e-05,7.522237692753392e-06,8.933198681745212e-06,1.029519824352088e-05
macB,macB,0.0003292352656229185,1700,4.3325509218169716e-05,2.3730357504918804e-05,6.45262778065535e-05,6.08399026614283e-05,1.863766393746601e-05,1.979339980121012e-07,3.977741401394798e-05,4.937683533855677e-05,1.188218485758028e-05,1.6941186286285062e-05
rumA,rumA,0.00032910393838423574,1701,0.00013331003805697718,3.207811291856473e-05,1.1070774393755427e-05,1.7446550897831688e-05,1.659134690464491e-05,5.5062119652447715e-05,2.1078122357521085e-05,2.8024473766929308e-05,9.404276712507479e-07,1.3501971764312988e-05
LELOBEKK_lacI,lacI,0.0003286505421157677,1702,2.410232516710335e-05,5.030900900253979e-05,6.0997951133208705e-05,3.601827062423972e-05,2.8247375009960586e-06,5.2581837002485486e-05,3.007182699983745e-05,3.1360278623163886e-05,6.147647009497536e-06,3.423665905269569e-05
thiS,thiS,0.0003282372607611436,1703,0.00011380334896562805,4.9775901893062474e-05,1.0617102306716476e-05,1.4988068636680137e-05,9.561652562278462e-06,2.7968945087237308e-05,1.419286369761949e-05,2.647415195387203e-05,2.9268996261998867e-05,3.158622939605027e-05
ypfE,ypfE,0.000328173243422208,1704,9.48948423405378e-06,2.944045247054716e-06,4.0534058793665894e-05,6.850168411725636e-05,2.921832675018191e-05,1.012588743823019e-06,8.199848289820762e-05,6.573884900743086e-05,2.778092331412691e-05,9.548003164069428e-07
ynaJ,ynaJ,0.00032812884228232794,1705,3.191789642434987e-05,1.7083634668875257e-05,2.9359139765449077e-05,4.6765757107828935e-05,2.5596401378465868e-05,4.176496152348279e-05,3.2934720726973924e-05,3.9024124682434175e-05,8.921364671615918e-06,5.476084133285211e-05
hscA,hscA,0.0003280195581656204,1706,0.0001246821664386079,6.237187459830937e-05,1.0707874336064157e-05,1.2573564821837242e-05,2.4998022276288873e-05,4.107514088429702e-05,1.67287942393086e-06,3.182192331776049e-05,1.721303386503345e-05,9.030782034910359e-07
oppB,oppB,0.00032753782642854526,1707,1.7086739320532714e-05,3.561400449728494e-05,7.420622743211892e-07,8.33247058070253e-05,9.23564680233656e-06,7.027852636540223e-05,4.542502929895672e-05,5.704029712028353e-05,1.299828297518419e-06,7.4909866448836605e-06
pepA,pepA,0.0003273205315212904,1708,3.1574822252784266e-05,2.186337178799252e-05,8.437027412347952e-06,5.227789059953461e-05,6.708385516962994e-05,5.695820008927346e-06,3.795713640397539e-05,4.1934518185412645e-05,1.7693197459851436e-05,4.280289224083427e-05
yjhB,yjhB,0.0003272904900513507,1709,2.7339127174479806e-05,6.270341163558993e-05,1.6363623730121777e-05,1.3290619118094985e-05,4.0470821053784556e-05,1.7850409971006213e-05,2.1650382387495364e-05,1.8139430570255208e-05,5.977279097490507e-05,4.970987343561775e-05
yiiX,yiiX,0.00032721508666589934,1710,3.3588527360221395e-06,7.811261388481432e-06,5.592114368146065e-05,2.7127140628111332e-05,1.657528941361502e-05,6.056833492060692e-05,3.679588587149119e-05,4.6289203460767186e-05,9.977354476856763e-07,7.177023911765775e-05
pmrD,pmrD,0.0003269875002475046,1711,3.4249856429806525e-05,5.016892351085126e-05,9.854855121711468e-06,2.7963316164747713e-05,3.802740619799956e-05,4.320787530801083e-05,3.374017378253427e-05,3.365912713245024e-05,1.01520002801503e-05,4.596396631924245e-05
gst,gst,0.0003269057819721336,1712,5.4152275278377756e-05,2.301017437523468e-06,1.4419674056755282e-05,2.0569494983541858e-05,3.756040187585005e-05,2.3729763395776412e-05,1.4398101422202788e-05,5.528710497828896e-05,2.3425960805291038e-05,8.106198773852594e-05
argT,argT,0.000326548021818135,1713,6.954135493969166e-05,3.951703092039194e-05,1.3484057173749613e-05,0.00010607174815000405,4.961038244103234e-06,1.67123511837396e-06,6.766197490399004e-06,2.6598943813071552e-05,5.384640283514877e-05,4.090013133201183e-06
cysU,cysU,0.00032651343989167653,1714,6.707977028803256e-05,2.1507400904877624e-05,1.815294489849985e-05,2.8829918631765035e-05,1.1936204740876134e-05,1.0069813743298742e-05,8.325748515982957e-05,9.430309158504504e-06,2.284405637519995e-05,5.340553599079256e-05
yigL,yigL,0.000326441722567404,1715,3.6803603369618374e-05,3.8274497040973985e-06,2.4144603238216023e-05,7.558087798815258e-05,2.427784571901254e-05,4.5118759608992844e-05,9.942805323161583e-06,1.6887319097749084e-06,3.882048826387496e-05,6.623655744250277e-05
moaA,moaA,0.00032636170579483154,1716,6.304722090605596e-05,1.3758044179342289e-05,6.920584943810538e-06,6.447388271975853e-05,3.320865802504516e-05,8.597392727744945e-06,2.251044683793863e-05,6.650925793947242e-05,1.08910673991413e-05,3.644515011652179e-05
thrA,thrA,0.0003262508221554534,1717,1.4655707737434099e-05,2.2996665793019452e-05,3.288662971561691e-05,6.249461102495899e-09,8.61287829250021e-06,8.734012473814271e-05,7.702558414464458e-05,6.617662815040773e-05,1.2390328284268933e-05,4.160025838316236e-06
rsmB,rsmB,0.00032608247363872264,1718,1.1917220635451333e-05,8.463020993658646e-06,5.237151289327732e-05,1.3067672048979789e-05,1.4649597718419883e-05,3.004005946138898e-06,7.361085893443873e-05,4.906642974918436e-05,2.15884817549564e-05,7.834367296421729e-05
ebgA,ebgA,0.0003260362553437413,1719,7.216368585605646e-05,4.971704779627358e-05,6.266572190087024e-06,6.0917416415489804e-05,2.016533943727415e-07,2.681151764957201e-05,9.30672495256368e-06,3.3849469146266175e-05,5.535154312904099e-05,1.145062481401887e-05
yehB,yehB,0.00032601056642011416,1720,6.477655931132949e-05,5.448661379826495e-06,6.370791938341748e-05,7.358576177909406e-06,4.2519980548405544e-05,1.4749341384690116e-05,7.33907070438927e-05,1.7165020221891953e-05,1.650829242002764e-05,2.038550854872336e-05
yliC,yliC,0.0003255951570622556,1721,4.2672788187953714e-05,4.214228397472174e-05,1.2085194611081694e-05,3.387998207621671e-05,9.486827528313832e-06,3.4292377779041905e-05,3.8657737047527305e-05,1.9089343365421592e-05,4.244166941112585e-05,5.0846953080851234e-05
hcaD,hcaD,0.000325558987207402,1722,3.597623340899695e-05,1.5262448335544566e-05,3.921176685389641e-05,2.997568243735719e-05,6.583053533460445e-06,8.427916227480079e-05,2.0984932364732672e-05,2.051423374403812e-05,6.2839132847895436e-06,6.64875609697854e-05
uspB,uspB,0.00032518689212686206,1723,6.357061998666216e-05,7.053194523979661e-05,3.1818860949398264e-06,4.615754319152488e-06,2.4001786358731284e-05,7.647859496586078e-05,5.482948211968269e-06,1.2908281925297683e-05,4.491671342152741e-06,5.9923403682300216e-05
prmA,prmA,0.0003250482052411173,1724,6.468933124867548e-05,2.916659618634774e-05,5.185510140563389e-05,5.561085763331183e-06,3.30873047239832e-05,4.59306620781057e-06,5.96355367523367e-05,4.715495318177919e-06,4.616710830780128e-05,2.5577579327019407e-05
accA,accA,0.0003247415606285607,1725,7.575488497601074e-06,1.5785714175402494e-05,1.4419921179102785e-05,7.559389250937639e-05,7.565736526318138e-06,1.0561153677822187e-06,4.384344515058488e-05,1.7683075626347842e-05,0.00011739378432559227,2.3824387270452612e-05
hisC,hisC,0.0003233491808580458,1726,4.4271448399878616e-06,3.980196091136434e-05,2.136885771986848e-06,5.935309745136904e-06,6.490556643306349e-05,2.101124865308435e-05,3.697147815478619e-05,4.4061316613489045e-05,3.513382176421901e-05,6.896444797092775e-05
yghW,yghW,0.0003222267004814015,1727,5.553072169543248e-05,5.704956190235359e-05,5.1898386778714786e-05,4.571680243415001e-06,6.728108488542287e-06,2.3587955984524882e-05,1.1548315700060075e-05,3.9417349811059575e-06,5.775030468325294e-05,4.9619930023999524e-05
lrhA,lrhA,0.00032212850074873905,1728,5.117346317925063e-05,3.276656648119168e-05,1.5702925222974867e-05,6.917518851750751e-06,5.783958891598982e-05,2.6000281154696338e-05,2.7989544651428443e-05,3.0924276507379565e-05,5.867455388840599e-05,1.4139781895670959e-05
ribB,ribB,0.0003219511267695198,1729,7.607510671940348e-05,7.325084540368042e-05,1.350770768758573e-05,1.8239390110336788e-05,5.2952258377541575e-05,2.3064597174014047e-05,2.495537556774844e-05,6.423085864477067e-06,6.430625494454469e-06,2.7052134370277713e-05
nupC,nupC,0.00032111727341512127,1730,0.00011663983383498579,1.1256565680860122e-05,1.983033692077233e-05,2.2011687431020334e-05,5.044268434048116e-06,1.635833846482789e-05,4.2083611353133424e-05,2.4314051429275943e-05,2.630028362569078e-05,3.727829624050652e-05
mdh,mdh,0.0003208901398564729,1731,4.339849870488419e-05,3.6153297370546194e-05,6.240689662992817e-05,1.1385973667054174e-05,1.2279596937064504e-05,1.9196955254602854e-05,4.138433085860073e-05,3.7125003674297636e-05,2.030130057941606e-05,3.725828618007848e-05
pykA,pykA,0.0003206134817695089,1732,0.00010337921855010933,2.993597907656654e-05,4.2785427181355825e-05,3.292781770833491e-06,1.2784474846469397e-05,4.378922908550362e-05,1.6957613937057588e-05,1.5109674609907284e-05,1.11536073182034e-05,4.1425475393502454e-05
yphA,yphA,0.000320298232818763,1733,4.433688023172381e-05,2.1507832799607835e-05,1.7748151652838033e-05,3.363410809860337e-05,4.590394941137212e-05,4.493455433052745e-05,4.479217979453723e-05,1.860742208954161e-05,3.091974968939969e-05,1.7913404720611953e-05
dacD,dacD,0.00032001630289109557,1734,1.534283900417358e-07,6.929207942444884e-05,2.5664636021759426e-05,1.5933018256289375e-05,8.110928327754045e-05,1.2539269693057542e-05,2.2820512298040356e-06,7.799573467438987e-05,2.291985277402762e-05,1.2126949149736736e-05
abrB,abrB,0.0003197253769013917,1735,8.253316713726054e-05,2.6115882673965044e-05,6.272262734659358e-05,1.862053137720578e-06,2.4636455548818804e-05,3.059673716918833e-05,3.278760778036328e-06,4.646263822058729e-06,7.088394757651825e-05,1.244948171123153e-05
yjiD,yjiD,0.00031947336431054535,1736,1.606870868935656e-05,2.0965750062821928e-05,4.860136320133008e-05,5.113309536803348e-05,2.8571781409981745e-05,1.4142143043674937e-05,3.852144281701492e-05,4.0722688339776915e-05,4.844162608895504e-05,1.2304765289599747e-05
tpr,tpr,0.00031896638705176006,1737,4.895006213541862e-05,3.104640268125914e-05,2.7539233523265888e-05,2.9522225331200845e-05,2.1905878856863876e-05,8.55985307170686e-06,2.278350748078189e-05,2.149415281395942e-05,7.003566917169667e-05,3.712940198560684e-05
ftsB,ftsB,0.00031891841805150586,1738,0.0001725058685479217,2.4965793412973576e-06,1.0500525214248385e-05,1.079125713852494e-05,3.434841086882528e-05,2.2608251093158057e-05,1.7431396109204234e-05,1.6322821913612535e-05,2.2133820518033078e-05,9.779487306680325e-06
speG,speG,0.0003188042921901385,1739,1.8283798384716636e-05,1.0054923807695559e-05,4.383914046312991e-05,3.538606831380896e-05,0.00011249422876749061,1.329673141799172e-06,9.98319797499507e-06,5.7079582313239444e-05,7.733402409422252e-06,2.2620276613840947e-05
rbsK,rbsK,0.0003179662083116556,1740,1.1814609685595154e-05,1.1355424920881937e-06,3.667329734731513e-05,7.643590726640986e-05,6.034962104964104e-05,2.213960489750035e-05,2.02659175945366e-05,5.81191771363221e-05,2.9856318318548132e-05,1.176212523699006e-06
ybbO,ybbO,0.0003179247471985847,1741,1.0127198711745707e-05,3.302471559522018e-05,3.2777001861060668e-06,8.366363165229654e-05,3.161116910738502e-06,2.733106393035647e-05,7.59969176405301e-05,2.6405718192752226e-05,4.527998529992847e-05,9.65669907891048e-06
ynfF,ynfF,0.0003178583702898836,1742,9.282580729189352e-05,3.6618378476389024e-05,3.7258479546383805e-05,4.6139343836316474e-05,2.734777292334617e-05,6.632598065095896e-06,1.2779567455326327e-05,5.337230097309315e-06,2.9564817603949018e-05,2.3354374993874084e-05
yniC,yniC,0.00031712529971385066,1743,5.6234312648946575e-06,0.00013891751810912566,1.378946872572866e-05,2.9289803291002733e-05,6.16836855085719e-05,1.2256036956079294e-05,4.084393593463224e-06,7.974275975104777e-06,5.903387181974998e-06,3.7603299107904764e-05
ybdM,ybdM,0.000316946898547129,1744,2.9955993206389142e-05,5.25089838271726e-05,1.2400562945835858e-05,4.280757689560257e-05,1.4781742051459426e-05,2.9096689069452705e-06,4.500801823508378e-05,4.787987244903547e-05,2.07367233869948e-05,4.7957756642610066e-05
otsA,otsA,0.0003163402859978947,1745,3.6279720937795305e-05,2.6165916559248086e-05,1.9614595475571862e-05,5.0445854843914984e-05,2.188949298967323e-05,2.1058733539868306e-05,5.944309078926564e-05,2.7382294774398917e-05,4.511402060706399e-06,4.9549184027452e-05
fruR,fruR,0.0003162092242359947,1746,9.354954232619614e-05,4.196102712766768e-05,4.4820421562034034e-05,2.1112577082319027e-06,4.114206917006471e-06,5.7353077855479386e-05,3.8874865967001226e-05,2.10157817335266e-06,1.0565700932841536e-05,2.0757545666183673e-05
yceF,yceF,0.00031593774029259515,1747,9.59420355018208e-06,1.94326154843141e-05,3.3742226945064375e-05,1.67162046350214e-06,5.3475124491761584e-05,2.9966084971576217e-05,2.3001251159558153e-05,2.2653530427062765e-05,1.1190438955329785e-05,0.00011121064384424397
wbbH,wbbH,0.0003157983854238223,1748,1.2340363546777364e-06,2.6739199711877026e-05,6.311317830973729e-05,2.172452114047404e-05,4.6837406166233654e-05,5.348068299150061e-06,2.6440187935381895e-05,7.554141830001683e-05,3.274583188370595e-05,1.607453732256775e-05
yfdG,yfdG,0.0003157818294876194,1749,4.529671217702975e-06,3.0962492258097314e-05,5.830936652551188e-05,4.8926601218066263e-05,6.57720755014244e-05,1.6443077708606326e-06,5.8995803541859536e-05,2.1517505189970712e-05,6.862419411088722e-06,1.826158685303696e-05
rsxA,rsxA,0.0003157237410044011,1750,2.605589009324419e-05,3.051931892672414e-05,2.4067891469622766e-06,4.617779617287075e-06,4.554172487361395e-05,6.255830535908424e-05,1.601070357044219e-05,9.67128480982118e-07,0.00010937101559245973,1.767508534360115e-05
mdlB,mdlB,0.00031502408685117877,1751,3.8883075345321894e-05,2.0688405740731688e-05,3.391900080152861e-05,3.092857772875011e-05,2.217871139164124e-05,4.2460005818208664e-05,5.258834159044095e-05,1.9409264951610588e-05,1.2678562528950288e-05,4.1290140953994725e-05
ltaE,ltaE,0.00031502162583340703,1752,0.0001044382195386982,5.639745511066654e-05,5.117163537602591e-06,1.941890829902773e-05,2.3725157473036507e-05,3.299621009632236e-05,2.2579006287467856e-05,1.1808490302034051e-05,2.3461921503417072e-05,1.5079093685134185e-05
yjfC,yjfC,0.00031501716527043493,1753,2.8643430739455477e-05,6.887809347808512e-05,2.4153519623065937e-05,2.403538264937139e-05,3.438632142088886e-05,2.7892692832527115e-05,4.9938999608326415e-06,5.766240417763558e-05,3.107599883608395e-05,1.3295421552488852e-05
mutT,mutT,0.0003149928306149435,1754,1.3334033779986725e-06,7.5363403495349e-05,3.2838335467869303e-05,1.3267231820235282e-05,5.309157196892721e-07,2.6349693668438653e-05,7.007497617103448e-05,1.515121543953252e-05,9.108844999203123e-06,7.097481045559325e-05
ydjF,ydjF,0.00031473325552353694,1755,5.7152604106856435e-05,2.2468038960927592e-05,1.536971948073941e-05,1.7552739933942887e-05,9.74607333180352e-06,5.1124337471299475e-05,4.786908000508099e-05,3.850547442546786e-05,2.183710584047339e-06,5.276147722337139e-05
yqgD,yqgD,0.00031440827203341843,1756,5.112662058614541e-05,1.5765708496726808e-05,2.3395581449321265e-06,5.7917739869876826e-05,4.727497048559614e-05,2.154558226001445e-05,3.3440358603085626e-05,2.1568240589044906e-05,2.1542252969630342e-05,4.188724002836576e-05
yjdK,yjdK,0.00031427519470324505,1757,3.519716087150091e-05,9.84492171863451e-06,9.606173111336204e-05,6.763537844091404e-05,6.451202566704771e-06,1.5841684220336692e-05,1.007039905833566e-05,2.111167351777907e-06,5.643688012986214e-05,1.4624669231816403e-05
clpA,clpA,0.00031357897771174496,1758,8.282867784234115e-05,1.8157187386332165e-06,1.6062092547179247e-05,8.501268767611182e-05,1.3676467134487e-05,3.197001166875968e-05,1.1830934608551658e-05,2.99716971652611e-06,3.375157308762405e-05,3.3633644691531e-05
deoD,deoD,0.000313559913728585,1759,6.400461986662565e-05,2.6436709983641068e-05,5.695883908459677e-05,8.524439035631387e-06,4.4500310091911436e-05,2.917545056718658e-05,3.8315104192298156e-05,3.508050738475221e-05,1.952012186548813e-06,8.611921335392964e-06
hslV,hslV,0.00031350292266802435,1760,3.4981652238920315e-06,4.82409046330564e-05,5.902663986133027e-05,4.454936568114467e-06,1.3482120345967533e-05,2.560261297199029e-05,1.3109669787818649e-05,5.786708444003055e-05,3.10004529431898e-05,5.7220335892634397e-05
yiaL,yiaL,0.00031290765408521846,1761,3.246121363630628e-06,1.6074011860330977e-05,7.352650654127978e-06,3.05496131194901e-05,9.366335637893571e-05,8.089410155062559e-05,3.6818887914778776e-05,2.9893650550869762e-05,1.071174541494247e-05,3.7035152774865057e-06
ybiX,ybiX,0.00031284620849787617,1762,2.239182771781461e-05,7.524266632517071e-05,1.8836101805748206e-05,1.1715370014770187e-05,5.620062846717314e-07,3.5479770788284704e-05,6.216935142671692e-05,6.88640055803815e-06,3.996424641843026e-05,3.9598467158230654e-05
folA,folA,0.0003126665043913328,1763,3.693378265690965e-05,6.495788696394532e-05,2.7350008934670092e-05,8.970990947441475e-06,2.11581793933267e-05,6.51282875021016e-05,4.0680133958139866e-05,1.939295724425797e-05,1.442712200913926e-05,1.3667154781400897e-05
sstT,sstT,0.0003123243993160347,1764,5.874129873675954e-05,3.873129009673644e-05,1.658662486557858e-05,4.541222323834907e-05,1.7731775394433018e-05,5.956506123020038e-05,4.261835638850559e-06,3.9991689388621164e-05,6.859718597759162e-07,3.061662886673002e-05
hslR,hslR,0.00031209021162914845,1765,6.391428264276535e-05,4.9256428576050934e-05,5.591953662923863e-05,1.826083503065809e-05,1.5647564827154206e-05,3.5580620886755943e-06,5.091507392469384e-05,1.997128033154281e-05,1.3733819110750385e-05,2.0913328467618615e-05
dppD,dppD,0.0003115535703948686,1766,2.289564388563234e-05,2.8424830930930576e-05,3.839417730384702e-05,4.252506757797961e-05,1.573621545278067e-05,2.4018247425132103e-05,2.9406071770702055e-05,4.0113151615857686e-05,1.2566514532864091e-05,5.747364989914242e-05
kduD,kduD,0.000311357422311523,1767,3.2715257335786877e-05,7.006567150818004e-05,2.0097712719013416e-05,4.354036511530822e-05,1.1354481959839342e-05,5.585157100319125e-05,3.939818357468041e-06,9.005610244321536e-06,4.213835466245032e-05,2.2648579405963977e-05
fucI,fucI,0.0003108844640646339,1768,4.3940627833365174e-05,2.1819339917835062e-05,1.5713776082479304e-05,1.2088692553209056e-05,2.5447788387610765e-05,5.3497620770951e-05,3.793325238847466e-06,2.843106035415783e-05,6.725928106011691e-05,3.889295186606131e-05
secD,secD,0.00031075847236693285,1769,4.757321165047373e-05,3.339086583030001e-05,2.0408702411238628e-05,4.918042943875274e-05,6.457368187431894e-05,1.9415489922527023e-05,1.7630441770834458e-05,1.014065976872379e-05,6.625539156987438e-06,4.181945054277605e-05
ybfO,ybfO,0.0003104384999238415,1770,5.502210542316887e-06,1.5276770249191374e-05,3.957342110474492e-05,1.1756400126976468e-05,5.5478960743542413e-05,4.749085858786997e-05,5.0079899810006696e-05,3.9361793543962154e-05,2.201918677944297e-05,2.389899843578763e-05
hyaC,hyaC,0.000310018069299391,1771,1.9199594354679602e-05,4.683375718045196e-05,3.770431112204988e-05,2.864064916596759e-05,2.5027413758029665e-05,6.651856468946518e-05,1.4105434653707337e-05,1.363547663764342e-05,2.473548032453335e-05,3.3617387412863034e-05
rpmI,rpmI,0.0003099938772781109,1772,0.00018214889816545545,2.3555010626726154e-05,6.933577616680721e-06,3.573335663423653e-05,1.117721041707359e-05,7.181704578225156e-06,3.2149739259159373e-06,5.730143325304519e-06,1.1982668986302708e-05,2.2336333002190087e-05
yphD,yphD,0.00030953579585843335,1773,1.988689102143084e-05,1.0156072035359073e-05,1.2684956697858508e-05,1.5199025965122623e-05,4.596285169165457e-05,1.584330797751975e-05,2.1883333153531523e-05,6.23431729580471e-06,0.00010553756618112049,5.614747383903124e-05
paaX,paaX,0.0003093976018320261,1774,6.610115115716153e-05,7.070399359237202e-05,3.0426824723024187e-05,1.8176802387485065e-05,2.5102390172170575e-05,1.5318222685059863e-05,1.3049249486657531e-05,4.2869935679935935e-05,2.4494716685836582e-05,3.1543152623228374e-06
ygdH,ygdH,0.00030924110461685574,1775,5.252681200616176e-05,8.211288323060429e-06,2.805587886215243e-05,6.0684184424240714e-05,5.4651955066391476e-06,2.3848786974630637e-05,8.34347001487132e-06,1.097259380780278e-05,8.930338949303712e-05,2.18295052042594e-05
ybgC,ybgC,0.00030920156651793727,1776,1.653051569664927e-05,2.4764669611908357e-05,3.896187715394489e-06,3.8008031899577244e-05,3.54591564487281e-05,2.693737801644206e-05,2.076537770548935e-05,2.4581190281399792e-05,5.621826192431667e-05,6.204079721803197e-05
mazG,mazG,0.00030909405837907045,1777,6.450033693009333e-05,2.024933643849685e-05,5.462829483633787e-05,5.570469411020038e-05,5.507391980559228e-06,3.383282436605758e-05,1.624158666747562e-05,7.169409299509923e-06,5.0503309312431626e-05,7.56874437908027e-07
leuS,leuS,0.0003090512109732084,1778,7.105401967302809e-05,6.130340373893681e-06,2.7353748546525112e-05,2.7898043040016503e-06,6.24563291203544e-05,1.7381655331999602e-05,3.354553987999875e-05,5.0598829832568396e-05,3.306865985401859e-05,4.672284056820089e-06
cspE,cspE,0.000308702774202922,1779,7.992691587201518e-05,3.581859287827541e-06,5.151965160430748e-06,9.720758584421073e-05,5.098701300836433e-06,3.811114053044026e-05,1.8692320154367196e-05,5.089344773350619e-05,9.70242323993333e-06,3.364150793543867e-07
nuoF,nuoF,0.00030840009907275213,1780,7.64725138085119e-06,5.100564838256768e-05,2.431430445583205e-05,1.490898157512069e-05,3.267722730148585e-05,3.8128862874340594e-05,5.577305987204307e-05,5.451115157264044e-05,6.778056524096646e-06,2.2655555133773896e-05
queC,queC,0.00030822105501235883,1781,4.309863376455488e-05,3.2820918972422553e-05,6.360242931386319e-05,4.939010647435162e-05,4.499644310997607e-05,3.2441873149859202e-06,1.4759703791826232e-05,2.4352353585514725e-05,5.391441438421524e-07,3.1417134541021554e-05
araJ,araJ,0.0003075903309298714,1782,2.3505175445001544e-05,2.3875683358699313e-05,3.86916631704713e-05,5.314503170164751e-07,7.814118231682776e-05,2.6567186425352533e-05,4.6396061842762086e-05,8.423206575971014e-06,6.08893714943204e-05,5.693499834489558e-07
ybeF,ybeF,0.00030748625556479046,1783,3.6217656240729654e-05,4.234047470908548e-06,1.591768465232311e-06,3.9324863069954085e-05,3.8795908173331714e-05,2.6408834128318204e-05,6.680581372088264e-05,6.90906797686643e-06,5.40805507326118e-05,3.311774558595504e-05
sixA,sixA,0.0003072010368291722,1784,1.5278024730238953e-05,8.520478811573209e-05,6.137055587689679e-05,3.053960282790767e-05,1.4528376181704479e-05,4.305348644129115e-05,2.081033037935153e-08,2.1780624943477194e-05,1.1553731971526232e-05,2.3871035410018334e-05
cls,cls,0.00030675136996320045,1785,4.782512629766919e-05,2.4053867813440298e-05,3.981881457478061e-05,3.376260231384726e-05,7.946601081081469e-06,2.2302868181634783e-05,2.8517965277522005e-05,4.392908093329657e-06,2.1380980780878793e-05,7.674963554901642e-05
yjdP,yjdP,0.0003066609393873111,1786,8.708956830090803e-06,1.8768326262131536e-05,3.958654899512255e-06,3.320220034853767e-05,7.937775343984957e-05,2.860818856236212e-07,2.403146580045936e-05,1.0245430121485564e-05,4.070444637094046e-05,8.737762342868029e-05
nrdG,nrdG,0.0003066558595373757,1787,9.856712334671016e-05,1.225322427162583e-05,5.424436707904296e-06,4.936449919507956e-05,8.803310913828271e-06,1.0779787194592896e-05,1.3829103988622222e-05,1.567440574544629e-05,8.263250064716324e-05,9.327467526402887e-06
yeeF,yeeF,0.0003065591844300687,1788,4.20617497468908e-05,3.5847169105028785e-05,2.2231291425475095e-05,4.4416404484402066e-06,4.613497306399837e-06,2.0570678151853745e-05,4.367128717244572e-05,3.27820350800912e-05,9.291925861980455e-05,7.4205773736387794e-06
mdtD,mdtD,0.0003064964334534651,1789,1.545211554988452e-05,1.7280812235748492e-05,2.9966127225728888e-05,2.978523825051731e-05,4.3821315369530234e-05,7.410709347615175e-05,3.5185617034186586e-05,2.5412543548739912e-05,3.138880483755244e-05,4.096765925424969e-06
fliG,fliG,0.000305762382962947,1790,0.00010095075543069337,0.00010198868644619928,2.0740815129847095e-05,1.2438591342047427e-05,7.670060762002739e-06,2.3563942520355927e-06,2.63344277160135e-05,2.878083154658885e-06,5.37261321169569e-06,2.50319555177534e-05
yggR,yggR,0.00030564960229544026,1791,8.8726919932436e-06,5.1667303548296164e-05,6.314298812783663e-05,6.774238463168357e-06,5.079346129184414e-05,1.2480856493055972e-05,1.115292931643251e-05,6.789160427248824e-05,1.6315912795581395e-05,1.6557615993493323e-05
xerD,xerD,0.0003052405624472186,1792,1.1923722535823004e-05,6.963159160487231e-05,4.889603513700275e-05,1.8291823496221136e-05,4.963560951659523e-07,5.3560172027500706e-05,1.0193037021154421e-05,6.560725231319728e-05,2.2746672354024753e-05,3.893899862256247e-06
cho,cho,0.0003048413716877311,1793,8.543263121665668e-05,1.9005671430374324e-05,6.344076950341646e-05,1.9373808820846096e-05,2.3742005796359592e-05,1.5293932409667875e-05,3.250845998945731e-05,1.6858055978005932e-05,2.902787308544603e-05,1.581634575007296e-07
fis,fis,0.00030409597442593474,1794,3.770831049904044e-05,1.5762592490567102e-05,3.6162398676273645e-05,2.2908133532518103e-05,1.8345586020939106e-05,1.823132500629675e-05,9.009290056970748e-06,4.266521529210479e-05,8.09781248648557e-05,2.2324997986368365e-05
yfjM,yfjM,0.00030367163861346727,1795,5.3156533100482186e-05,2.7581058075596492e-05,5.105369749847258e-05,2.7328747522584614e-05,1.5195447706458536e-05,9.515516711095699e-06,6.714404863079353e-05,6.088836722240526e-06,4.817028156656021e-06,4.17907244890871e-05
ydjE,ydjE,0.000303160977223538,1796,9.175550842964061e-05,3.3683226979546066e-06,3.642036616801655e-05,1.7383193185498768e-07,1.0188018506149745e-06,5.7804207785966585e-05,8.029248722129985e-07,5.982692904257321e-06,1.862277844410901e-05,8.721154213891036e-05
greA,greA,0.0003029578678368634,1797,0.00015245207009844807,1.4588089579492143e-05,1.8539933473751008e-05,1.8754952900962977e-05,2.507967950609039e-05,2.9184420783470093e-05,1.826587763094189e-05,8.104854013692197e-07,2.0166489091425888e-05,5.1158693709116625e-06
yhbS,yhbS,0.0003027846435095348,1798,0.00011544389544141194,2.0338712634321028e-05,7.358909968981412e-06,8.607378970603175e-06,4.771335545132226e-06,2.6896898817860998e-05,2.328275768626964e-05,2.1792892461689366e-05,6.397875198843118e-05,1.0313109994833789e-05
yggC,yggC,0.00030140719382390404,1799,2.9570390315550835e-05,1.8156189110548083e-05,3.609903083391286e-05,5.882220682393456e-06,5.4122250195273714e-05,2.800754063161401e-05,1.7799344923614725e-05,7.2825488792246375e-06,6.800962645753585e-05,3.647805179423587e-05
cvrA,cvrA,0.00030082483654287397,1800,6.8062208823237e-05,4.0083659119952454e-05,1.6610790810832883e-05,2.444550490565379e-05,1.47216220107047e-05,1.9702355521991197e-06,1.1693788951257994e-05,3.678314521529159e-05,7.701818191198153e-05,9.43569924176287e-06
mpl,mpl,0.00029981596574267283,1801,1.8959372792011263e-05,1.2802675745337457e-05,8.585550273663714e-06,2.9362307200930026e-05,3.0288446357162242e-05,6.0970375875506536e-05,3.718646527025314e-05,2.6624982415222775e-05,4.447186404841626e-05,3.0563925764169356e-05
ushA,ushA,0.00029951292124734717,1802,0.00010545526817426834,2.948974164132888e-05,4.3786907274394526e-05,6.301199941296307e-06,1.6214669872772867e-06,4.7220127382627516e-05,2.5988703109926077e-06,3.639986160915245e-05,1.723667471836926e-05,9.402803207640031e-06
ycbC,ycbC,0.00029947854501264303,1803,2.926814386430173e-05,5.374971468026228e-05,1.9646960341767017e-05,1.6950889271808547e-05,2.0497757010256344e-05,3.342541780805083e-05,8.249393564222882e-06,6.246110872389501e-05,4.314681296912486e-05,1.2082346778953559e-05
yhgF,yhgF,0.00029926530767478474,1804,1.881351879320384e-05,3.143460284720779e-05,4.4090238403313e-05,3.307149403807777e-05,4.855154764355864e-05,1.5476454128875278e-05,1.483327583937562e-05,4.0568322539344105e-05,1.701443789157103e-05,3.541141555025761e-05
ycbG,ycbG,0.000299182470304371,1805,9.041845001727915e-06,6.222838730576831e-05,3.1811636169052025e-05,2.0149327187681963e-05,1.6654596798729908e-05,3.862675585723e-05,1.7923402572682076e-05,2.8065570950646275e-05,9.684572904150446e-06,6.499637555670214e-05
psiF,psiF,0.0002975123693640787,1806,5.061504511478497e-05,2.3344544147726144e-05,4.448058287229193e-05,1.182280907017456e-05,1.4511806107594662e-06,4.271163759947624e-05,1.6831825441129947e-05,7.892527037646423e-05,1.4549255910228412e-05,1.2780218221042798e-05
cydA,cydA,0.00029632077747344883,1807,0.00012788997981451921,2.5020788118580994e-05,2.125911342645171e-05,1.0217617729746262e-05,3.3167372174459995e-05,2.7894729036594475e-05,1.9155142099765337e-05,1.3548140588340065e-05,1.1153980975524493e-05,7.013913509466238e-06
marR,marR,0.00029624576003863375,1808,2.729051754175817e-05,1.6175907518390096e-06,7.974170533627185e-05,2.3526169078910152e-05,1.4442289305767627e-05,3.058252435245468e-05,5.0937948978733e-05,1.685762190371523e-05,2.5229056809618816e-05,2.6020335979565175e-05
nusG,nusG,0.00029595825761579147,1809,8.236951175999072e-05,1.6403682278298744e-05,9.694567616093836e-06,6.339588384835577e-06,1.762530136516801e-05,1.87936516114111e-05,3.7067404800810706e-05,7.286261085869238e-06,3.0308761387050984e-05,7.006952732626254e-05
yfcF,yfcF,0.0002953108168296529,1810,4.374249825822654e-06,4.8805129112337986e-05,1.059976508244599e-05,3.1239246093325185e-05,4.862227246644488e-05,4.4474610900284225e-05,2.0833681429216516e-06,4.002867093937022e-05,5.51148688212354e-05,9.96863544546474e-06
zraS,zraS,0.0002947271499187229,1811,9.627066183372047e-06,2.286699909398734e-05,3.874914761045845e-05,5.8557444684523134e-05,1.879333518601442e-06,5.2727044770788295e-06,4.508375415898744e-05,4.0917935964618426e-05,3.7880622669968704e-05,3.389214155712707e-05
yifN,yifN,0.0002945899478767784,1812,7.355764497609384e-06,2.320950431188909e-05,3.0053508400504812e-05,3.591031805900002e-05,4.188320011266659e-05,2.9478557900781726e-05,3.867094951568697e-05,5.568129517534536e-06,3.774243030086711e-05,4.4717585260238194e-05
yfgA,yfgA,0.0002939956274358276,1813,0.00014635388261329687,1.8428390928393478e-05,4.351824664990464e-06,1.3678847234871212e-05,4.1959176838257676e-05,1.3472026409335943e-05,2.435381164221968e-06,9.582215945170793e-07,6.335644082742012e-06,4.6022231905200834e-05
proA,proA,0.0002938116129963663,1814,2.640683643433276e-05,3.195700717100656e-05,4.195330470475498e-05,2.112292568609196e-05,3.049252963952596e-06,3.877272294830568e-05,7.2288172474751666e-06,2.103651755088368e-05,5.962091798160169e-05,4.2663310307961206e-05
sgcR,sgcR,0.0002935842688601483,1815,4.8154033479737164e-05,6.408000175748646e-05,1.3657960802137134e-05,8.666646973633395e-06,4.75557103425059e-05,2.070892190576488e-06,2.9022534623487076e-05,5.927548498279421e-05,1.70502867350993e-05,4.050716972691114e-06
yecD,yecD,0.0002925946273719891,1816,1.2661506361251808e-06,1.877830468367175e-05,4.4126505797048746e-05,5.892605881213324e-05,4.733034469966367e-05,1.773864329132009e-06,3.4200739047299966e-05,1.4607936284678444e-05,1.939998920041011e-05,5.218473388182596e-05
ycdY,ycdY,0.0002922086833394474,1817,4.169019700982712e-05,2.0852302017206057e-05,5.47046131946171e-05,2.98800854197326e-05,3.6419496926912737e-05,2.595981712549646e-05,6.0194516537765855e-05,1.3768115867008971e-05,6.7930551139502316e-06,1.946484126930302e-06
coaA,coaA,0.00029118166976649287,1818,3.3097957301322426e-05,1.4287846776822096e-05,6.1551496096226035e-06,9.333704961386955e-05,1.4928992133832981e-05,3.6912439286177755e-05,2.7866236108460515e-05,2.503637099554467e-05,8.821693988694303e-06,3.0737933952146015e-05
yggG,yggG,0.0002911109512604281,1819,2.7138996896638488e-05,2.8856373778011526e-05,3.720217423914557e-06,1.060253584687214e-05,4.456888408929726e-05,2.075338780265102e-05,4.432629166545556e-05,4.0892802087046664e-05,1.991345184957809e-05,5.033800982096277e-05
csrA,csrA,0.0002910830837481703,1820,2.1387159124864378e-05,1.8751748170884496e-05,8.40647326818293e-05,6.178282510783636e-05,2.1334771571819053e-05,1.2901832909971917e-05,7.520411871283418e-06,2.423745337327986e-05,3.186398449699253e-05,7.238164439408963e-06
yifB,yifB,0.0002909254091176502,1821,2.6938365837036093e-06,3.5067389783603365e-05,9.211928727305888e-06,0.00014492581962126537,2.589395260380995e-07,3.0885143994282205e-06,5.269510066403712e-06,2.708528093448333e-05,2.9141011419814937e-05,3.4183178055603716e-05
garK,garK,0.00029022891297203447,1822,4.431216069620805e-06,1.5608682866071025e-05,3.3775001824932134e-05,3.921074014644525e-05,1.6505412188920916e-05,1.8777909283888435e-05,3.5584920375898993e-06,7.666738213555928e-05,3.88064600554775e-05,4.288761636352917e-05
sufB,sufB,0.000290227725441645,1823,6.035484290180895e-05,3.211029540683809e-05,4.914934546137549e-05,1.3349224144051303e-05,1.107941452474506e-05,3.104098371621452e-05,3.584942968326652e-05,3.716135527059906e-05,9.765501634797791e-06,1.0367332697948188e-05
ulaE,ulaE,0.00029010944223636605,1824,1.3427266938198598e-05,1.3461433973070747e-05,6.05768643442076e-05,1.8573678047381923e-05,9.705116226793549e-05,1.823900499966329e-05,4.1216533628557954e-05,4.436270950749854e-06,2.201737450134705e-05,1.1098525852535195e-06
yfeK,yfeK,0.00028938832698177414,1825,1.4487392050314563e-06,2.2489548707817512e-05,3.2627416645240035e-05,2.9578082148140006e-05,1.5430441553408738e-05,3.37463353141465e-05,2.9190854372330143e-05,2.9756871961242276e-05,5.350121203254649e-05,4.1618825041871e-05
feoB,feoB,0.0002890594186436576,1826,0.00014866088213483027,4.8023426337813175e-05,5.122259245981568e-07,6.096037047965829e-06,1.2575608223664244e-05,1.2899802670162973e-05,6.511348314378442e-06,4.3403911516682545e-05,8.843382621749766e-06,1.5327938518121477e-06
ydaT,ydaT,0.0002888585869708885,1827,6.740735093639221e-05,3.91819478838684e-05,1.4112422698587761e-05,1.3840251794015684e-05,2.9198983607416542e-05,1.7287731902170074e-05,2.4737203938320438e-05,4.5446778619626725e-05,3.600110418980729e-05,1.6448114006834018e-06
fadE,fadE,0.0002885846874923938,1828,1.107909163224233e-05,1.0675873064782717e-06,4.3500405287024475e-05,3.992965792783756e-06,3.8029546257445925e-05,8.990586630736193e-05,3.390289245278536e-06,1.1951398935979904e-05,4.254599060698616e-05,4.312154612081248e-05
gntU,gntU,0.0002875747450502041,1829,7.426620137656361e-05,3.222381335898775e-06,5.532619846896447e-05,1.5659830630432786e-05,5.2753573026398936e-05,7.381331782253459e-06,3.5299533029278444e-06,2.521414414387694e-05,9.986853067941011e-07,4.9222445676093155e-05
der,der,0.00028737042657337185,1830,0.00016432247221887585,3.6188640375065136e-05,5.764275882145654e-06,9.181873153717212e-06,9.065454208214057e-06,3.331623448972616e-05,2.074085193297871e-06,3.69509477322212e-06,2.1094754844631606e-05,2.6675414344762142e-06
slyX,slyX,0.0002869959421577709,1831,2.028533029717636e-05,2.296758663669479e-05,5.457022242771265e-05,2.540208136050987e-05,2.0063855431418864e-05,4.291740172817415e-05,3.1939434740752214e-05,9.540796812555597e-06,1.3196202224199578e-05,4.611303049857681e-05
rfaC,rfaC,0.00028634976165725634,1832,2.2476643027622763e-05,4.4418116144797075e-05,1.1511363159385212e-05,4.214460734333199e-05,1.602814474815066e-05,7.552959142915859e-06,1.3554506444132375e-05,2.4191366377144554e-05,5.0614244905031286e-05,5.3857810364744536e-05
ksgA,ksgA,0.000286105737655154,1833,5.3979623861528605e-05,6.447213372379406e-06,1.0419138483740493e-05,5.823839088984628e-05,4.181272464532803e-05,4.97483963168241e-05,1.9450025473911766e-05,3.0068262113991784e-05,1.22583442903744e-05,3.6836182072292057e-06
blc,blc,0.0002859905844107829,1834,0.00011027539500139226,2.2286056430653224e-05,2.7504231545811807e-05,2.8724025163930782e-05,3.237359170011786e-06,3.5939839279667366e-05,1.2570087677782687e-05,1.1581701844945849e-05,1.497858283796979e-05,1.889330545861734e-05
araD,araD,0.00028586210488848235,1835,7.207812679901332e-05,3.230624347592326e-05,1.594052698674852e-07,1.5016562001617823e-05,4.203781993847541e-06,5.455278625062749e-05,3.6729503811829976e-05,2.2280042889306205e-05,1.034038042413805e-05,3.8195271972311184e-05
ygeY,ygeY,0.0002848879811931051,1836,2.9834591508984987e-05,1.1372472128930193e-06,2.8599672744072126e-06,2.4624837195516722e-05,1.1220142276755055e-05,9.311894397352913e-05,3.7824271864754425e-05,1.797446498648766e-05,1.6674382957923395e-05,4.9619131941853514e-05
ompF,ompF,0.00028339577526803166,1837,3.232484501623932e-05,6.400605029918235e-06,4.915230009326966e-05,4.359476065503745e-05,6.245511391379799e-05,2.587596472268535e-06,3.278278362575561e-05,4.2456605658649414e-05,7.213664626057006e-06,4.4275001770384295e-06
coaE,coaE,0.0002830010993894625,1838,1.3032452598857647e-05,5.746022147488601e-05,2.05000712519574e-05,2.7472673379009176e-05,4.0602486811166426e-05,2.4362054981151584e-05,5.9827256688547264e-05,3.0188101096183247e-05,2.9082423108644733e-06,6.647538796839215e-06
visC,visC,0.0002828514321114454,1839,7.832698065971455e-05,9.87247692870667e-06,3.991859280631813e-05,1.6482296635464587e-05,2.0425354128175187e-05,3.0874373222891174e-05,5.177211213039962e-06,2.7332820483551447e-06,5.942054246633528e-05,1.9620322002444706e-05
ydeR,ydeR,0.00028284520591950974,1840,1.6390525533472565e-05,2.80865685957843e-05,2.673097700243254e-05,4.974712040699459e-05,5.5173842443775056e-06,7.122305246052708e-05,3.365940767295057e-06,9.202494178506284e-07,4.140629884053185e-05,3.9457088650243625e-05
rfaE,rfaE,0.00028255653140385614,1841,4.126322581786158e-05,3.116872079696382e-07,1.166778071010454e-05,1.2472362785349581e-05,7.181213568527256e-05,6.962045914672531e-06,2.664772005065797e-05,1.836973488819572e-05,8.756867015271358e-05,5.481168191058398e-06
yfiN,yfiN,0.00028175787345955327,1842,1.9241430761928444e-05,5.546918228093905e-05,2.4455598336750625e-05,1.811137663013448e-05,5.619842282638108e-05,5.803888926598816e-06,1.5127150248245729e-05,1.804907607080807e-05,8.64211163206666e-06,6.065963574570035e-05
ydiK,ydiK,0.00028129194211154907,1843,5.86492416299047e-05,1.8715432934834617e-06,1.904488912781749e-05,4.420120859890973e-06,3.0726949884563445e-05,4.03955782284294e-06,5.4512450861536096e-05,2.6089293191532847e-05,3.16551296582745e-05,5.028276578170264e-05
ispH,ispH,0.00028035983591429134,1844,3.881315397468283e-06,2.924631338299533e-05,2.2669682477432186e-05,4.452736036006378e-05,2.8616118997294215e-05,1.5596787718867583e-05,2.0412730664735827e-06,4.541051959303432e-05,4.248579477916699e-05,4.588467014149503e-05
htrC,htrC,0.0002801459974263355,1845,3.406003804899667e-05,7.096006121355838e-05,2.315389608426877e-06,4.528758475022299e-05,2.2455506586857523e-05,1.0253272315192875e-05,6.816657312546181e-06,2.0050497348120867e-05,3.96801859231206e-05,2.8266804319292603e-05
pgm,pgm,0.00027997257393258193,1846,5.8049346919844366e-05,3.9392828929584685e-06,1.7068954438007154e-05,8.89189766939923e-06,1.4584339914864947e-05,9.318903307866938e-05,4.958114113977731e-05,3.4417919342098905e-06,3.028967836372815e-07,3.092388916121387e-05
ybiN,ybiN,0.0002792124324901027,1847,5.999889837125426e-05,5.203879929004065e-05,1.138926286744939e-05,2.8903639065357268e-05,1.1589351560414168e-05,2.4550068323440124e-05,4.029526141953104e-05,3.118003810628934e-05,1.8336047446719597e-05,9.310660396068787e-07
tpx,tpx,0.0002790140169676724,1848,1.1687089705237454e-05,1.7311748475041383e-06,5.935241676349525e-06,9.963820278572395e-05,4.955406582740129e-05,2.0376656948956548e-05,1.4300027659495422e-05,3.812435083765371e-05,3.0112190933978035e-05,7.5550157453722925e-06
glyA,glyA,0.000278828190395029,1849,0.00014638579350866003,7.0472908882457304e-06,5.977378455547662e-06,1.3251358385146505e-05,2.2173938615846064e-05,1.635918571437481e-06,1.0381475750254895e-05,2.9742950619053155e-05,3.780842937675123e-05,4.423656224086281e-06
yecP,yecP,0.0002779697240701244,1850,3.74782025667172e-06,2.253422740099778e-06,2.209651762670565e-05,1.0701887036871247e-05,2.540285025077411e-05,3.297504655383457e-05,1.4618649681161492e-05,3.068480566293092e-05,2.2107834461011578e-05,0.00011338088980006334
rfaJ,rfaJ,0.00027792048644575837,1851,5.2708969120421964e-05,9.445015029113357e-06,1.2420665210177077e-05,5.7448954688553516e-05,4.0327774323537854e-05,9.765688609831271e-06,2.5558008908846983e-05,5.088911821254274e-06,1.5732575371722683e-05,4.942392336229939e-05
yfiE,yfiE,0.0002775980791008698,1852,5.371619104491026e-05,2.4775475498323257e-05,5.454713726217342e-05,2.1599695785967614e-06,4.019721623116949e-06,1.9484945923723687e-05,4.974554947320327e-05,9.132559733891913e-06,2.465769340870825e-05,3.5358835554222046e-05
thiH,thiH,0.00027711992919149484,1853,0.00010643391216968381,2.6190921977310105e-05,4.4366090739597e-05,3.382597256687728e-05,8.609433474697358e-06,1.4641111004496926e-05,3.662565089348704e-06,9.05044406128669e-06,1.611415999662924e-05,1.4225318111567729e-05
murE,murE,0.000277088672735501,1854,4.366234224102883e-06,6.72314785819998e-05,4.74465941248532e-05,3.17269551320629e-05,3.2341322389335315e-05,2.8867814722661836e-05,4.543731760550541e-06,3.880807990771166e-05,8.914633916309884e-06,1.2841827975912883e-05
dcm,dcm,0.00027689018973994144,1855,2.6939473923733598e-05,1.942966046244542e-06,2.523694390129104e-05,8.19990507811869e-06,2.136952165720258e-06,3.5155701494021696e-05,6.594404446602546e-05,9.854241286100167e-05,9.925470044104089e-06,2.8663197596804154e-06
nudC,nudC,0.0002764394070959382,1856,4.7597356311619687e-05,3.552332113476908e-06,1.976532008816352e-06,3.493822972029577e-05,1.7451468753451524e-05,6.0759878865773816e-05,2.2230488028403714e-06,2.1603978940607074e-05,6.944000029268248e-05,1.6896581286374235e-05
rpoN,rpoN,0.0002755487562170839,1857,4.165415017993797e-05,3.556443072895929e-05,2.7818261889662775e-05,5.100497900782854e-05,1.5718180875613597e-05,3.81722674756085e-07,3.793194490096049e-05,2.3367748354171338e-05,1.2244419821801809e-05,2.9862917783391992e-05
yjfM,yjfM,0.00027552651060339285,1858,2.242226292800698e-05,1.8518745078832004e-05,4.594642764019238e-05,5.098201585676607e-05,1.3774045361721944e-05,2.342993919946552e-05,3.455777350684331e-06,4.969188255893229e-05,3.517162665930154e-05,1.2133787969489832e-05
cyoB,cyoB,0.00027524731941720547,1859,6.004511670852718e-05,2.5019782238001345e-05,7.690808445225677e-06,1.664703868663605e-05,3.6462539061055645e-05,1.1304199199054409e-07,3.470006353923115e-05,1.5856478089427746e-05,1.3422128969124327e-05,6.529032168798583e-05
rluA,rluA,0.00027503957927497893,1860,1.0220280751226505e-05,3.3745283490302077e-07,3.165792244112464e-05,2.9622287955203226e-05,1.9426981652394575e-05,9.798315152390921e-05,2.5980844810896334e-05,2.6853437473077666e-05,1.178562406416134e-05,2.117159576808239e-05
yneE,yneE,0.00027485982893264276,1861,4.8494943072613915e-06,1.847844964542587e-05,2.530681692155094e-05,2.1357782743934775e-05,1.5141629699096748e-05,4.485888044232917e-05,2.9233211189482493e-06,7.133622063929912e-05,5.3152015905607596e-05,1.745521750918893e-05
dcd,dcd,0.0002746873993270804,1862,0.00010481766929967866,9.022911119737695e-07,5.6482102129307966e-05,1.4360984448665117e-05,1.002855269896036e-06,2.052479833957242e-05,6.422911840735354e-06,4.325130758496526e-05,1.40741062600192e-05,1.2848373042266524e-05
ybfN,ybfN,0.0002744157390371524,1863,3.2032443488719938e-06,0.00011204104265253386,9.604110582475737e-06,3.194462641341187e-05,1.282128383126589e-05,1.2467339735591724e-05,2.335568802454405e-05,5.78297840093323e-06,5.695694935065868e-05,6.23847569686537e-06
alsE,alsE,0.0002743554071391186,1864,1.3603329122897706e-05,4.560450440961276e-05,3.770412540620693e-05,1.4266553275856858e-05,2.479479055060964e-05,8.683480611318777e-06,4.3155965517098784e-05,5.8146249386546375e-05,5.108262066227316e-06,2.328814679274344e-05
wbbK,wbbK,0.00027325865093851865,1865,0.00010150634026581653,8.492331882604241e-06,1.6458547212584406e-05,3.204235092993448e-06,1.650003084818377e-05,2.912090738548384e-05,3.7450403007509053e-05,3.748973811425228e-05,7.385174372437415e-06,1.5650942756653625e-05
ispG,ispG,0.0002732305176330698,1866,0.00011623872507459639,2.2837371555222426e-05,1.1360581057427986e-05,7.753409337757021e-06,2.950500779493601e-05,1.8450955632428785e-05,1.5221386117148246e-05,9.020642423089004e-06,5.744178335947902e-06,3.7098260304516e-05
yeiG,yeiG,0.00027298750007329704,1867,3.672212498216316e-05,6.553904421441284e-06,3.6832947498189887e-07,3.410388423973165e-05,2.03097037744014e-05,5.535633252452965e-05,2.8101440209100066e-05,9.007002479196026e-06,2.579130586643594e-05,5.667347210131595e-05
yidH,yidH,0.0002726573522692455,1868,4.02024065869321e-05,2.0199159923449714e-05,2.764526941394206e-05,7.13097294293713e-06,3.938846245787457e-06,5.678823781957468e-05,2.3252697438088273e-05,4.246289767229035e-05,4.209043294740844e-05,8.946431278835285e-06
tolB,tolB,0.0002720318677559273,1869,6.550222324867088e-05,2.7619910523881757e-05,4.8282239133019304e-05,1.0334885785076103e-05,2.0622829742252818e-05,5.131369601879242e-06,1.086663980208769e-05,2.5481359809366514e-06,7.285128918896765e-05,8.272344749155132e-06
glcE,glcE,0.0002714355668910608,1870,2.5169576514041288e-05,2.108625432929414e-06,3.690241736584904e-05,2.775440051697466e-05,2.319229538317875e-05,2.5437690467662138e-05,6.184693332115643e-06,2.665454669911389e-05,2.7996085265154035e-05,7.003523591404191e-05
cysS,cysS,0.00027057004278305144,1871,0.0001355547304084606,2.399485042447706e-05,1.7998651764076052e-05,1.890464163569588e-05,7.53892344057232e-07,4.086776401733692e-06,1.4419877609304297e-05,9.374034217951596e-07,2.5970867171983384e-05,2.794835160146806e-05
tatA,tatA,0.00027004299019881646,1872,1.8091883103014764e-05,1.02042240123501e-06,3.364881763247947e-05,6.222025409897489e-05,9.145182098710469e-05,2.5302423452770152e-05,2.0620688067021036e-05,1.2007606149293583e-06,9.761464754109456e-06,6.724455087177633e-06
ampE,ampE,0.0002699488873067285,1873,3.463241213866253e-05,1.9294222867898373e-05,1.2493504679003734e-05,3.0467856971313717e-05,6.19760925996146e-05,2.416126519202371e-05,2.5105381596334166e-05,5.120418126156945e-06,2.477237753962293e-05,3.192535559609782e-05
ybdN,ybdN,0.00026938838831929546,1874,8.082849898915027e-05,2.3518287889253392e-05,3.2577999602043544e-05,1.9155066372331383e-05,3.2514973259156915e-05,3.5502180796261764e-05,2.3527377901244884e-06,1.839921801348818e-05,1.3978474071294865e-05,1.0560951536190597e-05
sapA,sapA,0.0002687392457215644,1875,2.6744276104359716e-05,9.383265590418305e-06,1.5098197698204177e-05,7.715007129495418e-05,7.02087540125936e-08,8.957254456259526e-06,2.114604085747144e-05,3.3893071330311214e-05,2.82006644730311e-06,7.347679318827007e-05
iscS,iscS,0.00026863665410949047,1876,0.00011246348737094266,2.1089779971517414e-05,1.935038965785362e-05,8.014093754791728e-06,1.5480043911655715e-05,1.4486976562471764e-05,1.9521495574435128e-05,5.122443426554247e-06,1.706756533650134e-05,3.6040378542766835e-05
pth,pth,0.00026749827943138343,1877,7.969149437872504e-05,1.55030937291734e-05,6.874593455380657e-07,5.901513037256894e-06,7.987918908028345e-06,5.044116940557671e-05,2.2158622800897416e-05,2.128514218064041e-05,6.343415809317515e-08,6.377843148745401e-05
kduI,kduI,0.0002668266633401607,1878,1.2197001189382184e-05,5.6197326441643666e-05,3.935065153998125e-05,3.6713543214681244e-05,2.7925445765635776e-05,3.3100200479938245e-05,4.77290020143123e-06,9.890151091672812e-06,1.7085629239653075e-05,2.959381417614122e-05
yedP,yedP,0.0002668244421231656,1879,3.1909411530421417e-05,3.0498537767459915e-05,2.994763942148972e-05,2.294598390257557e-05,4.2330631194531236e-05,2.758993698242799e-05,1.9189476736706016e-05,3.780413364187754e-05,1.417132641098473e-05,1.0437364534691482e-05
mnmC,mnmC,0.00026581492281518794,1880,3.528982589352217e-05,8.59838239887197e-06,1.504949680513956e-06,2.6852648432944827e-05,3.4582836846579394e-05,8.855700947835716e-05,2.9461156732509246e-05,2.3285015264802377e-05,1.569250380031277e-05,1.9905942867741088e-06
dcp,dcp,0.0002650790761532895,1881,5.247456393791774e-05,6.616077057545924e-06,2.1847202759613074e-05,6.603371232228803e-06,5.5881580287326805e-05,9.846400582875522e-06,4.30150205290998e-05,5.148673316730374e-06,2.7150550341966097e-05,3.6495636107985346e-05
fadA,fadA,0.0002642981868297423,1882,1.0186634424194701e-05,1.7078399881216046e-05,1.4951882095735246e-05,1.542530478226101e-05,1.5657219784496723e-05,8.092742071051557e-05,4.2990895601794854e-05,7.192203538893004e-06,5.054722067085963e-05,9.34100533977558e-06
yoaE,yoaE,0.0002639574346326406,1883,1.4816400603538831e-05,4.9679677839346186e-05,3.806970541672231e-05,2.0841608941236332e-05,5.079450399835478e-06,2.7736037098607765e-05,5.469794763098837e-05,1.2663520163799619e-05,2.4538650031293428e-05,1.5834436507272274e-05
ygcI,ygcI,0.00026373881978032713,1884,3.2488416024285975e-05,2.2758957096833045e-06,3.693517020417587e-05,8.523107952212109e-06,3.033342323977348e-05,1.9539555209715033e-05,5.1537220380693754e-05,1.6468190803570184e-05,5.709155876274197e-05,8.546281493475452e-06
pbpG,pbpG,0.0002622877961841929,1885,1.1402068346072251e-05,2.5013934953078725e-05,2.0703989216419717e-05,4.908592655633652e-05,3.408454031229743e-05,1.9281288497253946e-05,2.456565924001234e-05,3.077902970392525e-05,1.4379338815124407e-05,3.299202054367227e-05
cusB,cusB,0.0002622838117252453,1886,2.9562770148239164e-06,3.705910433639914e-05,6.430873301672052e-06,8.521316681457925e-06,3.350948482182568e-05,5.7117684081997285e-06,2.880087742474449e-05,5.768463340850274e-05,2.2997081821550905e-06,7.930976814546455e-05
lolA,lolA,0.0002613776145819192,1887,1.749454392774145e-05,5.805389709073263e-05,1.4365075007999129e-05,2.930959806100018e-05,1.880867344868763e-05,5.186930015145111e-05,1.2211122049668251e-05,2.8817033643507314e-05,5.846591136583322e-06,2.460178006454817e-05
yafD,yafD,0.00026103589300921487,1888,6.460039438393812e-05,3.2292078958124214e-05,1.915787334493475e-05,2.3222359392849155e-05,8.909637355571832e-06,5.2420673993322616e-05,2.2056324719334927e-05,8.137357047294213e-06,1.3597543682168598e-05,1.6641650131676408e-05
add,add,0.0002602403329287345,1889,8.396315495746763e-05,3.014896261939368e-05,6.304195203607332e-06,2.8086408662013346e-05,2.2017314887784557e-07,3.1956423818529524e-05,2.0967386349785227e-05,9.176236086697855e-06,4.319632866969744e-05,6.2210634126646095e-06
yceB,yceB,0.00026018070048770646,1890,2.378076383039261e-05,8.193027070250907e-06,1.793258677292487e-06,2.8770653184621948e-05,4.458272752172364e-05,5.3250086284577926e-05,3.075735369023299e-05,2.6781653768868573e-06,3.6962869802697074e-05,2.9411795049030056e-05
flgH,flgH,0.0002594342965871211,1891,5.173829624984116e-05,2.722986591532704e-05,2.1739015871108836e-05,3.385350891969533e-06,5.3776625142426616e-05,2.3515100137196994e-05,2.2094377577988405e-05,7.215062329784439e-06,1.8152902098226656e-05,3.058770037325141e-05
mdaB,mdaB,0.000259156538784554,1892,8.9908312101138e-05,1.5354466877403395e-05,1.5575305262156582e-05,8.405225444681652e-06,3.8025248118740706e-06,1.0892415883727804e-05,2.8664867296126805e-05,1.657004186174429e-05,2.2105341066933909e-07,6.976232583503207e-05
fruA,fruA,0.000258801921935212,1893,5.1456669642209234e-05,4.823911681296636e-06,3.4941790888656015e-05,2.05495234098743e-05,2.0583222425181696e-05,2.7549709159939064e-05,5.963219142819204e-05,4.417280902937155e-06,1.0949030105247576e-05,2.3898592291678323e-05
aroH,aroH,0.0002587218925888861,1894,8.331553792023515e-06,2.9360779579414203e-05,2.8917929041733312e-05,1.634767997437652e-05,3.8457161444220935e-05,5.7755668431830874e-05,4.833035202955879e-05,1.6215256221669396e-06,2.312030063375587e-05,6.478942039805169e-06
ugpA,ugpA,0.00025859195190238723,1895,2.9779361098159204e-05,3.60223436372725e-05,9.267832342450505e-06,2.7986848886290155e-05,1.2164621879125328e-05,1.8032626537397612e-05,1.4374481067227667e-05,6.256373088829477e-05,1.2780039892105276e-05,3.5620065674064244e-05
cysH,cysH,0.00025805088399652454,1896,1.9642410125828903e-05,6.274207074931465e-05,1.8301487592610703e-05,2.0767744555549223e-05,2.312389605779639e-05,3.881534882267917e-05,4.2480426725633765e-05,2.0975154985895738e-05,8.620124477317717e-06,2.5822199038983135e-06
thyA,thyA,0.0002573962863276688,1897,5.006424467765352e-05,3.6377597279127525e-05,1.1949847909268882e-05,9.924667854299907e-06,1.2145308405249413e-05,3.762617956545422e-05,9.167590485587164e-06,2.1716706803842952e-05,1.7276380846238398e-05,5.114776250094678e-05
ycfH,ycfH,0.00025711725995328623,1898,4.26138153878695e-05,9.158623378227636e-06,2.495166008297251e-06,1.2457013940346806e-05,6.294046275515213e-06,2.8294426904668236e-05,3.118057329630063e-05,5.576826988082449e-05,1.4768620974576444e-05,5.408670390666003e-05
truC,truC,0.000257103507155977,1899,6.847164585962089e-05,3.908010569417482e-05,4.915806329743071e-07,4.375922607835868e-05,9.429131279984095e-06,2.9308691476195443e-05,7.19530663977957e-06,2.7401793929007268e-05,1.010185270273709e-05,2.186417286314482e-05
fliH,fliH,0.0002562878672578552,1900,2.365184565696408e-05,1.090410027514844e-05,3.8023528167736724e-05,2.821108803233004e-05,3.3326805381943095e-05,4.6953770087692773e-07,4.683100232374147e-05,4.346225088965945e-05,1.2487844937821569e-05,1.8919863891633437e-05
yedE,yedE,0.00025613620518801926,1901,2.983544141065184e-05,5.147553796340151e-05,1.5489742685998187e-06,4.072518088474556e-05,6.34319122316346e-06,3.17532617421056e-05,1.669336265002912e-06,1.4471532192580834e-06,9.830873973589341e-06,8.15072542375011e-05
gspI,gspI,0.00025475822868758824,1902,6.156797973802717e-05,1.5109313587241644e-05,2.4227079356732005e-05,5.0753726527076605e-05,3.910756733163608e-05,4.993489673062827e-07,1.6860220961225213e-05,4.687300793597485e-06,1.5220747439323545e-05,2.6724943985422223e-05
ypeC,ypeC,0.0002547077337234871,1903,7.837688149007383e-05,1.6274845255098384e-05,3.0770011409624024e-05,3.401961486478885e-07,1.2583825798575432e-05,2.466440010174893e-06,3.1209580812517424e-05,1.606054486464138e-05,4.8974995661682085e-05,1.7650412272451687e-05
selA,selA,0.00025459038287248015,1904,3.6524382945858656e-05,5.4470954641821606e-05,2.70821392841016e-05,4.0980127611015244e-05,7.659579287058444e-08,8.831202330273305e-06,5.849062134943147e-06,3.352506282397433e-05,3.4745395322633075e-05,1.2505459984988572e-05
ymdE,ymdE,0.00025433100298039355,1905,1.8429422472650877e-05,1.9365955499318446e-05,5.277660147285757e-05,1.6238206270549543e-05,5.082422400168174e-05,9.576972379181546e-06,1.858160672757503e-05,2.7454493706730356e-05,2.251553011009342e-05,1.856799033975509e-05
yaaU,yaaU,0.00025283483828982505,1906,2.212893120711133e-05,5.727917847639178e-05,2.5651743724969812e-05,5.032933887507033e-05,1.8922022734021587e-05,3.032459100442767e-05,1.0262651741101908e-05,6.652018121280161e-08,2.2775278609290493e-05,1.5094581736227317e-05
yfcH,yfcH,0.0002526345440062536,1907,6.657452882508405e-05,1.7046951936186364e-05,4.239316010332261e-05,2.8426603751876437e-05,1.1703846069410107e-05,2.8674112432592425e-05,2.925881035349256e-05,4.572467541163191e-06,1.3751321523737672e-05,1.0232741469388229e-05
yibN,yibN,0.0002506295092515726,1908,1.1053499664555586e-05,1.8943025999957648e-05,8.493333691081723e-06,4.106979047605371e-05,3.483241346448324e-05,1.3022171191075521e-05,3.0652790495742036e-05,5.357615281613522e-05,3.5472630518423925e-05,3.5137009340639558e-06
narW,narW,0.0002506162261152715,1909,8.104511109643086e-06,8.845847257009357e-06,1.9143780349581915e-05,8.669809361892275e-06,2.3167699043827544e-05,5.218291229094664e-05,2.658378582629862e-05,3.4863309735101995e-05,6.66322701339346e-05,2.4223010070354844e-06
yihW,yihW,0.00025006110517208295,1910,1.6067736085946204e-05,3.673669797208046e-06,9.434300504477677e-06,4.274460369654072e-06,3.827841818673177e-05,5.246076870182073e-05,1.438688150046673e-05,2.0425542158923894e-05,1.56829988025238e-05,7.537632906433002e-05
ycfP,ycfP,0.00024991655135212274,1911,8.756435162051096e-06,2.56622709446563e-05,8.909108378877488e-06,4.300285040394397e-06,3.099698807351428e-05,2.6635612112887983e-05,4.344550956868402e-05,3.4911066580843315e-05,6.587286418677648e-05,4.2641130343737095e-07
flhB,flhB,0.00024977738785805635,1912,5.4615726965922435e-05,3.429687697902872e-05,3.126541388540444e-06,3.644688116179182e-05,1.5687867455194773e-05,5.00398609584927e-05,1.2106640003512874e-06,6.430777867860172e-06,3.2453708211049554e-05,1.5468482869824463e-05
yjfF,yjfF,0.0002489411212094631,1913,2.4554912768643437e-05,1.1943720065931573e-05,2.879123776183671e-05,6.969294858928176e-06,1.4893881759414913e-05,1.8386654573202742e-05,3.438852843894688e-05,7.72483538144164e-06,8.676957222597717e-05,1.4518483375139893e-05
yagB,yagB,0.0002467537504249379,1914,5.634793476631892e-05,5.2776057445562376e-05,1.4559767994772338e-05,1.2906600134411724e-05,2.581480320124883e-05,3.773687258468013e-05,5.004766269962775e-06,3.355489389529842e-05,5.407258892079382e-06,2.6447952406029987e-06
ligA,ligA,0.0002464578788723019,1915,1.9400589177469427e-05,1.4648914223455287e-05,4.087334189506371e-05,9.532451121862974e-06,2.0390462869793627e-05,5.766618588838787e-05,5.486269387965264e-06,2.5073303421861015e-06,7.660182049853406e-06,6.829215191626428e-05
yijO,yijO,0.0002464538809360829,1916,3.774795129853322e-05,1.11344552134438e-05,6.6200643651186885e-06,6.806053294207963e-06,1.155773216946966e-05,1.567643001892805e-05,2.2813885762040842e-05,4.3790455843152293e-05,1.880492389209049e-05,7.15019290790979e-05
insM,insM,0.0002457343191209388,1917,1.5910012507785111e-06,1.4354052573763106e-05,5.1435608427264284e-05,2.570513553445053e-06,4.563031067153051e-05,4.49734321085906e-05,7.753347038441915e-06,6.190834450256908e-07,5.3807895868179264e-05,2.299907418391989e-05
mdtI,mdtI,0.00024508219084925245,1918,2.076666431728017e-05,3.24105112573277e-05,4.5981145303721284e-05,4.00986877708141e-05,1.1835776023365789e-05,1.4479742254521903e-05,1.8308408713387565e-05,3.67195777287114e-05,1.4530823660590717e-05,9.950853819531788e-06
glgB,glgB,0.00024433373889333227,1919,1.806919593822414e-05,3.46146651102402e-06,4.7189910597761553e-05,7.602475795897547e-06,6.561819630147366e-06,0.00011341696641277755,5.020997705229595e-06,1.3373751773214202e-05,5.056205517084898e-06,2.4580949011971413e-05
cdaR,cdaR,0.00024385319519993912,1920,2.478401582391764e-05,3.345229915962868e-05,7.192197681984425e-06,5.2945427682270304e-05,1.1742342329616503e-05,3.6135573424407904e-05,1.1938181331343124e-05,3.2243195583570365e-05,5.429134707644611e-06,2.799082747555557e-05
ygjG,ygjG,0.0002435209232655327,1921,2.666356327726138e-06,3.250367797800991e-05,1.7649410987348127e-05,6.987159926094512e-07,2.27777480488372e-05,0.00010254763838027095,2.1081097999353733e-05,2.22654080427858e-06,9.351947348428392e-06,3.201778939867022e-05
yhhF,yhhF,0.00024333542863152682,1922,5.757698128616281e-05,6.671534250827008e-06,4.227839258448309e-05,1.2322268906589924e-05,3.754935087711663e-06,5.1876868811389113e-05,4.459230693268174e-05,1.0230931885975457e-05,1.3980084943839175e-05,5.112394186682179e-08
yhjD,yhjD,0.0002427696628834975,1923,1.5439906799906346e-05,7.736888335028693e-06,3.574902742023729e-05,2.30283574737157e-06,6.320349168814713e-06,3.99474027417721e-05,1.4290841326570174e-05,6.482749832602901e-05,2.0965964849406012e-05,3.518894816836157e-05
argD,argD,0.00024201806508951953,1924,5.0813654702734175e-05,3.014250977205739e-05,1.4136932314310592e-05,3.243108951685939e-05,3.1687583859086425e-06,2.813867077964936e-05,7.247582596305426e-06,4.0767705516627675e-05,1.8747739426195144e-05,1.6423422078871747e-05
nuoA,nuoA,0.00024198138291620642,1925,6.449326680334252e-05,2.8420617286660613e-06,1.4899323103416283e-06,4.090327780774851e-05,6.129198707250698e-06,2.0284295651262025e-05,2.119459282516471e-05,2.4273836414119104e-05,1.3522105390530669e-05,4.684881527778053e-05
ybhJ,ybhJ,0.00024183729324094762,1926,2.616846062463481e-05,2.463999487208254e-05,3.039533480318614e-05,1.3238973808506828e-06,1.8594094924692322e-05,1.3316204587378967e-05,4.170002920166765e-06,4.4771296630132765e-05,2.5187262059149403e-05,5.32707444386732e-05
cbpA,cbpA,0.00023983272276031716,1927,4.800917635774385e-06,2.520901238027769e-06,1.2320268365849425e-07,6.228472704638545e-05,1.3206359332846297e-05,5.66870857305138e-05,7.987369779384631e-06,3.11388202885852e-05,8.385707245613359e-06,5.2697631779527775e-05
ispB,ispB,0.00023900282348777042,1928,3.081546513199882e-05,1.7580872300518375e-05,8.565851047408784e-07,1.6122211933866462e-05,2.309407565358781e-05,3.319796108252772e-05,7.055942425413206e-05,1.2560719720311703e-06,4.188565652980448e-05,3.6344995245626646e-06
cpxA,cpxA,0.00023776889663487197,1929,3.315831523212421e-05,3.749365919768663e-05,3.70824337142115e-05,5.726169669935165e-06,1.1231299479388293e-06,4.028520514352784e-05,1.1043000499307041e-05,5.793591510006467e-05,2.267931956965991e-06,1.1653136173110097e-05
hemL,hemL,0.00023773023187699776,1930,8.185992532243146e-05,1.5568040580768483e-06,1.725974887884326e-05,2.430852084436072e-05,2.2418007987941324e-05,4.242901920463622e-05,6.12501017758039e-06,2.280108345101384e-06,2.139942211869855e-05,1.8093664939327616e-05
lipB,lipB,0.00023760743179671227,1931,7.646421674536721e-05,3.9433248795607116e-05,1.3836430816882766e-05,1.398093136230551e-05,2.6303798834160786e-05,2.1970542562952013e-05,1.8558088421087754e-05,1.3226343511687159e-05,2.7891119166747093e-06,1.1044718829987252e-05
potG,potG,0.00023593547451658786,1932,1.1730983753968651e-05,3.724856833567585e-06,1.0919541586046287e-05,1.1782900225789241e-05,7.31076769407065e-05,6.776555849429721e-05,2.4190854852337982e-05,6.805797435945341e-06,1.926805864588419e-05,6.639245748044863e-06
ycbW,ycbW,0.00023535954419590452,1933,3.8746491441323845e-05,4.751976024509216e-05,4.096475756394357e-06,2.04817084162019e-08,4.8167099150231694e-05,2.4570173155062942e-06,2.8051081455052873e-05,4.5375066216046066e-05,7.944450609643144e-06,1.2981620298197857e-05
flgG,flgG,0.00023486251822425717,1934,5.3781876912135946e-06,4.029244930130069e-05,1.2664995408833498e-05,3.0281323877985436e-05,2.330025909008349e-05,2.099161703253784e-05,8.105630535286955e-08,2.6288490364252794e-05,1.825255706745523e-05,5.733158208524172e-05
rffD,rffD,0.00023451800164301994,1935,2.4417115975759565e-05,5.1861940854614876e-05,1.5105600263474153e-05,1.4350313676336666e-05,9.014280272249592e-06,4.5431808061337955e-05,1.4734035512846781e-05,9.244153060922735e-06,9.789495301767644e-06,4.056925866370997e-05
rsxE,rsxE,0.00023401551145869925,1936,5.659698949051538e-05,3.155054566017599e-08,1.9279960547084502e-05,1.908568408964723e-05,2.8823735310526685e-05,2.0703658493519544e-05,9.04893044055822e-06,4.976970457417697e-07,1.8264668624557667e-05,6.168263687088808e-05
nfsA,nfsA,0.00023228899981422353,1937,1.6280563152275153e-06,2.0458627475360526e-05,2.08297507885687e-06,3.161487358963272e-05,1.5667018316309645e-05,3.878583091228143e-05,9.027881262699564e-06,4.758574075104938e-06,8.487603252865293e-05,2.3389130260097402e-05
hcaR,hcaR,0.00023223897398343712,1938,1.4537894399996061e-05,2.2706350181142502e-05,1.5958225418540915e-05,1.17734318291919e-05,3.140067231762387e-05,7.196548327516702e-05,1.487378972595025e-05,1.3132470623166215e-05,2.805641325742864e-05,7.834242955229734e-06
uup,uup,0.00023171878708751426,1939,2.0072684414383034e-05,3.3331296912777496e-05,3.320030349175166e-05,1.6107934286606495e-05,1.2621828649662668e-05,1.4071080723374184e-05,1.8464266685232533e-05,1.872487048609875e-05,1.9176105660663962e-05,4.594841577696348e-05
rng,rng,0.000231136155186996,1940,9.492149320589393e-05,4.072330724948083e-05,5.319924777263314e-06,1.6823938092094772e-05,9.725871313976923e-06,1.2915053551889996e-05,3.7086107244140224e-06,1.3232258161013037e-05,1.6047058956842335e-05,1.7718639154126844e-05
nei,nei,0.00023108300027256486,1941,2.1456653103400936e-05,2.441798143440683e-05,2.239099933199214e-05,4.0130102527253055e-05,4.9596102994636864e-05,4.672354634447973e-05,1.6523795662842e-06,1.046248245988847e-05,5.666662785877719e-06,8.586089724344925e-06
yggX,yggX,0.0002305952600103749,1942,5.801280673950253e-05,8.33303502906215e-06,1.0906714112892316e-05,2.086932760177936e-05,1.180852253083382e-05,7.781865874214604e-06,3.886039595162752e-05,2.1288308447194303e-05,3.546136296868732e-05,1.7272920754580985e-05
yebK,yebK,0.0002302308311030752,1943,4.9707376071531206e-05,2.130025404079755e-05,1.8027667232406552e-05,8.551481116737865e-06,5.133705477804336e-05,9.111805616848964e-06,1.6202395570402512e-06,5.444984071490789e-07,6.274917380317779e-05,7.281280479342585e-06
hisI,hisI,0.00022996970385066526,1944,0.00010385901881580702,1.6764392700169342e-06,1.8472869424876453e-06,2.915357673888954e-05,7.121744861613982e-06,1.360693663305267e-05,1.2148076365948756e-06,3.523722455383127e-05,2.1975833506672535e-05,1.4276834891698799e-05
ybdA,ybdA,0.00022874931701888756,1945,5.2436689944758685e-05,1.1518003104262926e-05,5.8091258717149724e-05,4.314917344990269e-05,4.111808764862163e-06,1.8139346382580998e-06,1.5115946673078109e-05,4.356137370289902e-06,2.5083357881714955e-05,1.3073006474610324e-05
yfiH,yfiH,0.00022741704217710685,1946,9.763086554528236e-05,2.0418541571819945e-05,6.022012137183833e-06,2.6799587754411017e-05,6.110594438886083e-06,1.4286507171810622e-05,9.400818267656285e-06,3.45892756058676e-05,2.0879622989203953e-06,1.0070877385268705e-05
ydfD,ydfD,0.00022728086133207923,1947,3.1475214632242236e-05,3.453500941283455e-05,7.391219099531505e-06,2.3956299708919906e-05,9.025862252333514e-06,2.3666873534058398e-05,2.4604156289033134e-05,2.588187114359782e-05,2.3973939177346227e-05,2.2770416082181917e-05
zntA,zntA,0.00022362194253351,1948,6.9240355170207575e-06,3.7966767597776682e-06,3.5324803068540957e-05,1.2306700326946154e-05,6.97162340782256e-07,5.3814040535780485e-05,2.5607402254596247e-05,2.7275677431090704e-05,5.159834692519434e-05,6.277097373780444e-06
slyD,slyD,0.00022295936832197107,1949,4.9998426436446455e-05,1.56538577615272e-05,4.774798717968082e-06,3.6447171204491217e-06,2.1951647454999154e-05,6.985638645229862e-07,2.271485753924829e-05,4.910688356057122e-05,3.7604059805738704e-05,1.6811556060499884e-05
yfhM,yfhM,0.00022226083106445413,1950,2.3548739945707925e-05,2.00879403697157e-05,1.1777140104349665e-05,1.6889405827728213e-06,4.760321122826746e-06,3.94131620316951e-05,2.230936229690633e-06,5.331866102201719e-05,7.3297729995426395e-06,5.810521665613572e-05
rimJ,rimJ,0.00022205197582649577,1951,7.713570807654974e-05,3.059246008904003e-05,2.7061014641921726e-05,9.61982802276614e-06,1.2855334207027482e-05,1.2237123315141659e-05,1.842029711320613e-05,1.2047333936247213e-05,1.7294183242806316e-05,4.788693181789298e-06
yffB,yffB,0.00022135530111060388,1952,3.27168435418328e-05,3.051565064812213e-05,1.9854492484837166e-05,7.124985386512382e-06,1.9300314426223012e-05,2.4588326862061905e-05,3.664309647689782e-05,1.0441551721746467e-05,3.994255884225558e-05,2.2748072011465288e-07
proX,proX,0.00022116287768770895,1953,3.444663700550871e-05,3.491611845755383e-06,5.5195248198474935e-06,1.9144785033640692e-05,2.8623335244091727e-05,4.011746478469531e-05,1.6701816762757337e-05,1.72404364015488e-05,3.167816936182475e-05,2.4199096428038744e-05
ybiS,ybiS,0.00022057883559821863,1954,8.623311978173818e-06,9.349618967673336e-06,2.6200317464657596e-05,8.770799195014445e-05,1.9744614445646044e-06,2.55614757785741e-05,4.2514504676937105e-06,2.4650198793101778e-05,2.9589344661064487e-05,2.6706640925707925e-06
plsX,plsX,0.00021955015547564185,1955,2.088712416071664e-05,4.555584754448727e-05,3.541492803939834e-05,1.1375270392712084e-06,3.093335841667452e-05,6.244620952106371e-06,4.583065962838309e-05,1.7155548855102044e-05,3.6032397040209934e-06,1.2787301135481412e-05
ydbL,ydbL,0.00021736116187602816,1956,2.5934192557556003e-05,2.216142482763877e-05,8.22820069020984e-06,2.0544341452065524e-05,3.466388059722629e-06,3.6807591275516845e-05,5.521774969817787e-07,4.395934989334218e-05,2.1384067039633008e-05,3.4323428583361566e-05
fimE,fimE,0.0002173007236055109,1957,3.746990466415405e-07,2.749147350154351e-05,5.910687165075888e-06,4.0959742243687186e-05,2.115182485822465e-05,3.4870648371128988e-06,1.9514293216492875e-05,3.387146820608307e-05,4.2881149418666586e-05,2.165832111198272e-05
anmK,anmK,0.00021673392723549424,1958,1.5253620757414941e-05,2.0044214116546943e-06,1.7908249984353684e-05,1.7395153944417395e-06,3.728132511885817e-05,8.040301068874322e-05,3.0581225835327345e-05,3.905332030051256e-06,4.133988921347122e-06,2.352323709330205e-05
yafQ,yafQ,0.00021485431057846475,1959,2.21516065083336e-05,1.7962398695730132e-05,4.846077566836471e-06,4.2304332181267126e-05,1.56030477854136e-05,5.287282191015887e-05,1.0287522350875251e-05,2.8411877865912077e-05,1.91929702031521e-05,1.2216555107855206e-06
plsC,plsC,0.00021469913076842687,1960,3.9699053496479565e-05,1.4882636132008664e-05,4.422797277111115e-05,1.1304286967938472e-05,1.7959512550725206e-06,1.676145112231394e-05,4.9512114443554435e-05,1.1712322888496348e-05,1.8805894984365763e-05,5.997446707085958e-06
dcuC,dcuC,0.00021391336304495327,1961,1.2575491083008859e-06,1.702968170116793e-05,2.1637150772955993e-06,1.086330078699645e-05,2.762547977802557e-05,2.558625771356516e-05,1.5321716280822088e-05,7.79359251678231e-05,1.8303664758461155e-05,1.782607267249533e-05
nuoN,nuoN,0.00021118582463431574,1962,4.767578425189492e-05,1.8360085576071362e-05,3.0530872496710935e-05,3.888233641586768e-05,1.2079638614811525e-05,2.2329512161674246e-06,3.0693778814023973e-06,3.2230873554631756e-05,5.694541415383261e-06,2.0429363211374456e-05
csgF,csgF,0.00021076912765884953,1963,1.0062069303684497e-05,1.6069696404128034e-05,4.306710185149279e-06,1.934180498101389e-05,1.1753195742299587e-05,7.638851064007185e-05,2.3510519448646474e-05,3.592436005110907e-05,3.3676707415376563e-06,1.0044590161209157e-05
yhbN,yhbN,0.00020875927200905768,1964,7.137309802387418e-05,3.862407968072859e-05,2.9161349371677287e-05,4.949274202917889e-07,4.314135260631519e-06,2.3507698622515077e-05,1.1040239722343895e-05,2.6873021921533313e-05,1.208804725515811e-07,3.2498415129104694e-06
ycfD,ycfD,0.00020845529589813837,1965,6.611758084016441e-06,3.184870205446085e-06,2.1610708732209654e-05,9.786921845589764e-05,3.147687848695281e-06,3.5052096362266467e-06,1.230928351425104e-05,8.902887515225595e-06,3.105875809097659e-05,2.025491381519342e-05
yfaS,yfaS,0.00020685635120976423,1966,2.1592338116735567e-05,3.6482446563899687e-06,3.7122739977283306e-06,2.4787137008631e-05,6.443230941570066e-06,2.417688026899338e-05,5.4984200576229556e-05,2.7099809088399735e-05,7.640355711727756e-06,3.277188084335889e-05
actP,actP,0.0002063485607258935,1967,1.188836723620497e-05,4.110281560680468e-05,1.403394010462322e-05,3.8742011627575025e-05,1.4363775059339401e-05,1.1684261914705756e-05,9.459685142214856e-06,4.548264672221985e-05,1.6499302172782855e-05,3.0917551394228945e-06
gpsA,gpsA,0.00020598522990060157,1968,0.00012823820312039653,7.0027212820878346e-06,2.351741011258346e-05,8.93788034928108e-07,9.382742306004814e-06,1.543550048295578e-05,2.7107264403514805e-06,4.439464834458452e-06,7.611678953817871e-06,6.752994333017253e-06
gloB,gloB,0.00020538846870297759,1969,4.8524785388495096e-05,1.4334082727985144e-05,6.586381166851938e-06,2.0366232230894662e-05,2.4672310900895164e-05,2.133952518873589e-05,3.00250351359524e-05,2.1726270755155524e-05,4.5929264696021735e-07,1.7354552561051507e-05
argR,argR,0.0002048900990333372,1970,1.849601415358041e-05,2.427782731463656e-05,2.971336664004798e-05,2.368993022364285e-05,6.00851177199347e-07,7.17453018706559e-06,3.824180950977398e-06,1.722142298751126e-05,4.380892127276576e-05,3.6083054125910046e-05
ynfG,ynfG,0.00020423696143896127,1971,3.263663490158034e-05,6.931638786264619e-06,7.798755384219205e-07,4.6245869154979225e-05,3.26979302638357e-05,3.132806305682099e-05,6.032368542698586e-06,1.7516081544977107e-05,1.448428721738467e-05,1.5584212431998128e-05
rob,rob,0.00020342771315384766,1972,2.268956638057416e-05,6.892048492345954e-07,3.411656984280457e-05,5.40087530618576e-08,1.8174054891508672e-05,3.7432671161398624e-05,2.6842250903177265e-06,2.981122023620095e-05,2.7933207796950137e-05,2.9842984151796366e-05
ymgC,ymgC,0.00020277497540455858,1973,5.100959895392617e-06,2.38426239183627e-05,1.2182741209352257e-05,3.634481922792082e-05,1.0430105487166237e-05,1.5507846565831046e-05,9.067768027363204e-07,4.647523038738114e-05,2.2616669974757274e-05,2.9367201935658162e-05
ilvD,ilvD,0.0002003937313359885,1974,2.2785982369293997e-05,2.9760453635185127e-05,4.295498333549579e-06,2.0943450097918157e-05,5.2577281926017716e-05,2.4100352807628483e-06,5.398020158781211e-06,2.738959190927201e-05,1.2869947062361854e-05,2.196347056284602e-05
aroD,aroD,0.00019989981351870243,1975,3.2168387281379128e-06,6.08347094444002e-06,1.9151363748943957e-05,8.676405113066989e-05,1.4260511765743223e-05,5.544008550258417e-06,2.7370872042607068e-05,6.028125060193812e-06,1.8513998626060758e-05,1.2966572921647375e-05
ptsP,ptsP,0.00019770176913563143,1976,4.674151394798929e-05,3.671722625394541e-05,2.2657140085892613e-05,1.3781118805740216e-06,9.827526952095937e-06,1.8960381430608352e-05,5.629515136558601e-06,3.554592149225584e-05,6.251456861080397e-07,1.9619286269603342e-05
cmtA,cmtA,0.00019703835517068517,1977,5.2548070046380994e-05,5.0107552716853256e-05,2.016156323181543e-07,1.950260644704784e-06,2.4783274686344413e-05,3.3397317264715454e-05,4.950934338717319e-06,3.3430669703217803e-06,3.3106360515371457e-06,2.2445626818791875e-05
ssuE,ssuE,0.00019676178146947192,1978,8.619342835822852e-05,3.0298385959183244e-05,2.0622928568443378e-06,1.4448799009610445e-05,3.9415670734679875e-05,8.297727317245364e-06,3.5692165864971146e-06,1.7980464406760696e-06,7.910493160387392e-06,2.76772104611956e-06
hchA,hchA,0.00019611182032318214,1979,3.31533919515151e-05,3.61564642756067e-05,3.9642336591554905e-05,4.076525675705146e-05,8.193445938210755e-07,1.0215739928039642e-05,5.607233742548112e-06,1.9122563237189115e-06,1.7487504409636737e-05,1.0352291749689496e-05
yheO,yheO,0.00019284385454709235,1980,3.328058839473866e-05,1.8936542238058653e-05,2.67064190483529e-05,4.972863816113966e-05,3.7828658756015715e-06,1.3275301247802915e-05,1.2537179950716956e-05,2.146367521999701e-05,7.675271357271251e-06,5.4573730534127736e-06
ycfQ,ycfQ,0.00019226715680723853,1981,3.7683037815571487e-06,3.4443666270991194e-05,2.7918460344377826e-06,4.584148735356549e-06,2.996994982289992e-05,4.5303250435349504e-05,1.9891421491551778e-05,2.8219363271431693e-05,9.69471310269266e-06,1.3600493860970323e-05
rbsB,rbsB,0.00019208925664416832,1982,2.6248958966789336e-05,1.3126054498558348e-05,1.4485637092471854e-05,5.0878331405744825e-06,2.8820052959706585e-05,6.0301476535719086e-05,1.0593558549236041e-05,4.133968132772317e-06,1.0052893741174628e-05,1.9238823027165626e-05
narY,narY,0.0001906111927608452,1983,3.336333204713002e-05,3.528646239823175e-05,6.976010241224832e-08,1.9264414907409157e-05,1.4864188118091623e-06,2.03997050292686e-05,5.5412317873665635e-06,2.8572751170098376e-05,2.2096893286843794e-06,4.441742717843493e-05
prmC,prmC,0.00018347955162842803,1984,6.716506265472503e-06,5.438446362100776e-07,6.010034683305887e-06,4.361188477133833e-05,4.478768068212747e-05,1.9465878748785144e-05,1.4346508653171382e-05,3.7068766910686925e-05,8.312160224556075e-06,2.61628605277426e-06
yciN,yciN,0.00018210902937556864,1985,7.991647631910953e-05,2.0868353639193376e-05,2.6331828570389755e-05,1.3010147892421531e-05,8.165384564663719e-06,1.297187458577747e-06,9.958588221938252e-06,1.0998631936478732e-05,3.2256836412853376e-06,8.336747131510686e-06
yqjI,yqjI,0.00018130900793354019,1986,8.207395708434433e-05,4.879166292700864e-06,1.384637897754671e-05,1.0125513218863763e-05,1.5671594979046157e-05,1.5311281204905495e-05,8.63722586431953e-06,6.5695138855358515e-06,1.5023878927638634e-05,9.170497498638843e-06
cspG,cspG,0.00017999086750406163,1987,8.051768645363623e-05,2.562483922783183e-06,8.427825276422766e-06,8.539180753736444e-06,2.666878424761326e-05,1.2080042065100345e-06,7.506596690395166e-06,7.09232887724811e-07,4.203608944172667e-05,1.8149836235130588e-06
ynaK,ynaK,0.00017625002501764058,1988,6.581442165410241e-05,2.3459503625159158e-05,3.2141244328179996e-06,1.1472945434899512e-05,1.3447166708048086e-05,5.41648963126002e-06,3.831906136175107e-06,2.238437054316048e-05,1.993287625722586e-05,7.2762205947919265e-06
yhbG,yhbG,0.0001724145685577335,1989,0.000132320642844139,6.664873571697463e-06,1.98821674425858e-06,5.508375062701836e-07,1.5198172916899941e-05,7.396866244914509e-06,7.699028830531722e-08,2.2766727729858494e-06,5.394769753744778e-06,5.465259145178674e-07
nrdF,nrdF,0.00016733729210417338,1990,1.1645446016097949e-05,5.149628145124515e-06,4.08319926853733e-05,3.025430557860067e-05,2.9953106853216773e-06,2.5675257799220137e-05,2.533049642920784e-06,4.205523139494881e-06,3.267158221401691e-05,1.1375196198002547e-05
yjgZ,yjgZ,0.00016449800598870536,1991,3.267819262511669e-05,1.2372060016328817e-05,1.4932307854053912e-05,3.932726023249052e-06,1.4263516864743778e-05,2.8343415532487223e-05,3.851851566169692e-05,8.34635701852417e-06,6.223591411846863e-06,4.887322980657934e-06
ycjO,ycjO,0.000164461760857164,1992,4.950389151417111e-05,1.0035750481257386e-05,6.1954109310519155e-06,7.718945164079916e-06,1.8688208831123853e-05,2.9357775609275765e-07,1.3095130431702847e-05,3.170497396057388e-05,5.000659104841681e-06,2.2225212682268652e-05
ybhP,ybhP,0.00015950703550680992,1993,9.919644220997099e-06,3.206763338994463e-05,9.772405958742981e-06,3.2055927099593855e-06,1.103775847456214e-05,1.7944420526754044e-05,2.642547386397256e-06,2.8044293937507504e-05,5.5611792604469005e-06,3.931155964149797e-05
dapF,dapF,0.00015426057782495222,1994,7.28233355358839e-05,1.472181852059616e-06,1.5645960608070817e-05,1.8315482489303827e-06,3.3834487670784404e-06,4.712503162213668e-06,1.0571942678442113e-05,8.169987138660172e-06,9.946824903781624e-06,2.5702844929831476e-05
GFP,GFP,0.0001440353943740128,1995,6.242805581131715e-05,3.7243813286473844e-07,3.4128917354792057e-06,8.277516226922123e-06,9.792622679793651e-06,2.091079671580134e-05,1.242892156223546e-05,8.484642650048888e-06,1.2786646437799043e-05,5.140862421751205e-06
LacI,LacI,0.00014255004187029583,1996,6.722858186624427e-05,5.452652505154564e-06,1.2573150776385929e-05,4.849244202618006e-06,2.4576746387941187e-06,1.061331792122304e-05,8.65505422198715e-06,5.3619995015616805e-06,9.245331871612597e-06,1.611303436471446e-05
ypeB,ypeB,0.00013172441402817598,1997,3.909067597152864e-06,1.3825530088719497e-05,3.725775799533852e-05,9.802802798963669e-06,1.9807348611599723e-05,1.019590579424571e-05,1.2197381770940243e-05,1.756179673792554e-05,6.985427712364807e-07,6.468279862053747e-06
ampR,ampR,0.00010196287219557615,1998,4.300827916554946e-05,6.0541759243322215e-06,1.2028744288681946e-05,1.4396912188425503e-06,8.516108983759397e-07,4.3163574453183315e-06,1.2958547459892055e-06,5.76614992557596e-06,1.0317457116013954e-05,1.68845514668966e-05
