gene,gene_clean,score,rank,mode1,mode2,mode3,mode4,mode5,mode6,mode7,mode8,mode9,mode10
intR,intR,0.00204903041200187,1,0.0001815393021947675,0.00023264094191710323,0.0003729267965365505,0.0002665105359160578,0.0003850555710570895,4.646809020651287e-05,0.00018908945446460522,0.00015233436820365285,2.269864486176106e-06,0.00022019548701935463
yidA,yidA,0.001975695019977675,2,0.000156262978595582,0.0006372084980498964,7.725432205625239e-06,0.0004774794611799301,0.00012910545051858833,0.00015126020031514637,0.00015696254844123006,0.0002057491805132301,8.760657644016365e-06,4.518061251443005e-05
fimD,fimD,0.001837650946858814,3,0.0003293063084489724,0.000771650958881526,5.4066856295983793e-05,5.5755575223565283e-05,0.00011439854433077751,0.00011870372740624306,5.300780771668081e-06,0.00021545183597587738,9.92898707423034e-05,7.372648878189744e-05
yjiG,yjiG,0.0017719322701850433,4,0.0001961302268201996,7.409580060824355e-05,0.0001833907419134474,0.00023217970671605116,0.00023496667236253883,7.055431843878276e-05,0.00010622315781177559,4.2945632169174535e-05,0.0004970446228482964,0.0001344013904965335
cobS,cobS,0.0017084617267352485,5,8.993081633439503e-05,0.00011078018313185313,0.00031682482527667914,0.00019835642053368736,0.000323996142882808,4.993554283327041e-05,0.00017810118984948374,0.00027676647000578626,3.834416322431524e-05,0.0001254259726629704
yaiL,yaiL,0.001707716710948562,6,0.0002792653060752735,0.0007441516440847337,4.104656281472564e-05,0.00010502325253463634,9.79575083117347e-05,0.00010353602635404832,2.359179485589112e-05,0.00011351655329314042,8.107603126811564e-05,0.00011855203135626249
tbpA,tbpA,0.0016864524284390153,7,0.0002716429330102367,0.0006669213125718331,5.682406344799977e-06,0.00011668904494788356,0.00016998682443350604,9.812911767639735e-05,7.823497074526934e-05,8.683546880408014e-05,9.664496219168419e-05,9.568538771332476e-05
mdoH,mdoH,0.0016846463008456652,8,5.379942140004413e-05,0.00024531697454241555,8.299242488336022e-06,0.0005114121876258214,8.096786067749703e-05,0.00028731121202090214,8.642478609045899e-05,0.00024738121119369455,0.00015875814208879494,4.9752627177006e-06
yjhW,yjhW,0.0016843659045246346,9,5.7683623252984354e-05,0.00026552435394147254,3.0367262206683177e-05,0.000493928035088386,4.7589022135314226e-05,0.0002752454689276699,0.00014103707002386664,0.00023748662580985958,0.00011064450719158503,2.485993594681335e-05
phoE,phoE,0.0016282960858187462,10,0.0002657250223028265,0.00019079779099034084,0.00024412863052893934,0.00019232341619369105,0.00014781397741430867,0.00030484688798298207,0.0001785467130403803,4.162468654213994e-05,5.1212591827125966e-05,1.127636899601154e-05
hycB,hycB,0.0016201708907713894,11,0.00010798251967666326,0.0001165974955809207,0.00033391530872679413,0.00016856116749928415,0.0002896202069452819,5.071089871178181e-05,0.00017685376033406132,0.0002256636192141421,1.8539873991140765e-05,0.00013172604009131927
fpr,fpr,0.0016029997116907885,12,0.0002654563300382226,0.000389860120943692,0.000182375934211886,5.70181125015231e-05,4.716832145661822e-05,8.139555062970534e-05,0.00015688909368186132,0.00027592028081242667,5.22355206126724e-05,9.46804468021808e-05
hipB,hipB,0.0015966337956452486,13,0.00029725659502277544,0.0005493919811170308,6.684766691691157e-05,0.00013425788919030639,0.00015416393848747978,7.041977191703431e-05,0.00012170510957140735,1.497527319905668e-05,0.00011698203680532284,7.063353341792336e-05
citC,citC,0.001487880956808119,14,0.00017723512399108176,0.0006013773253619251,1.45790566252515e-05,0.0001536534933479923,0.00017971107257783598,8.790740251424253e-05,7.736600196410326e-05,5.2258242631354177e-05,6.913608028644944e-05,7.465715750788323e-05
hokC,hokC,0.0014697629108922424,15,7.053269216941031e-05,0.00017266424839920127,0.00012819124610216728,0.0004372554492360993,4.548048980291181e-05,0.00019578951826975153,9.598104389237879e-05,0.00022845269419409205,6.664205937450037e-05,2.877346945172962e-05
yfcJ,yfcJ,0.001445057013785017,16,0.00017930587648882276,0.0001333279929266189,0.0002669582159286858,0.00015967319838008115,0.00021776824207499362,4.841935845846962e-05,0.0001274493528735244,0.00020348555125983001,7.359546122384705e-06,0.00010130967927160586
cls,cls,0.0014326478668986572,17,0.00020170957968712518,0.000175934971274161,0.00013691391255992566,2.2213294615507282e-05,0.00012217998942024445,7.64479535066211e-05,0.0002888425885412948,0.00021145556648630832,9.726012780258263e-05,9.968988300488693e-05
lipB,lipB,0.0014232107815002517,18,0.0001835716042195219,0.00017839626916657932,0.00011278961313176122,0.00021343632961075891,0.00023585363473716987,0.0004116681010859928,2.061228695243202e-05,4.126405385028668e-05,1.8854447017389338e-05,6.7644417283596525e-06
fadJ,fadJ,0.0014212636295920609,19,0.000183394255326362,1.954927552237755e-06,0.00012882888944518693,0.0001838675832357322,0.00026488730966601115,2.9755343585962174e-05,0.00010082102506492293,9.904908227846683e-06,0.000432547202741908,8.530218474589079e-05
yccS,yccS,0.0014131774853570864,20,0.00019880383757788143,0.0001396631507088355,0.0002827097300452045,2.689690975283508e-05,7.15632619180282e-05,6.947335633150459e-05,0.00016670692567959832,2.9535361485073816e-05,0.0003262627224446389,0.00010156222941348573
ybeQ,ybeQ,0.0014078348495981307,21,0.0002918012369662856,9.340164462873232e-05,0.00011142436894685206,0.0001084242533795837,0.0002407934900733053,0.00016263218095955635,2.62359129916967e-05,0.0002489524681963969,4.495300278184605e-05,7.921629067387578e-05
puuC,puuC,0.0014068504912770764,22,6.802744870416707e-05,8.857128234664601e-05,0.00025094462208156905,0.00013994746029296026,0.0002716786276819106,5.7483226540854176e-05,0.00012763966898776606,0.00021111414139709264,6.087185366173086e-05,0.0001305721595823797
uspF,uspF,0.0013949498361456717,23,8.782151024122963e-06,0.00023849049945113575,2.5615234686197532e-06,0.00039810306055952535,3.377811279369901e-05,0.00019415830506528916,0.00015862524178404672,0.00021487109670767022,0.0001055057303406075,4.0074114950955204e-05
ygcJ,ygcJ,0.0013858607700751619,24,0.00033296986244153384,8.503621080234055e-05,8.430265710794341e-05,0.00010869246479943505,8.416428524963785e-05,0.00020516409378776862,9.36324220380692e-05,9.948411310217736e-05,0.0001371648107796956,0.00015524984996656058
yjjV,yjjV,0.0013793086939486048,25,0.00010352396311233826,3.059407265145188e-05,0.0001820006063533854,0.00015765273598273,0.0001787453844896342,2.875507777575962e-05,0.00017716349777326687,3.0737568337717885e-05,0.0004083984376915277,8.17373497807931e-05
ycgN,ycgN,0.0013788145986324215,26,0.0002571721635736884,0.0005513287094891891,1.4320534365579636e-05,5.394824128044309e-05,9.935256125107508e-05,3.631257153987029e-05,5.059974753077187e-05,3.8525684403758995e-05,0.0001325072002696379,0.0001447471849284075
aspA,aspA,0.00136469217426063,27,0.00021932483549924665,0.00026220219555244604,2.0066984245653438e-05,0.0001052834765968605,0.00015053297035298282,7.02906315751176e-05,6.621048376982425e-05,0.00011299583786931223,0.0002620839839367101,9.570077486247638e-05
LELOBEKK_lacY,lacY,0.001361796346463998,28,7.969740627318987e-05,4.465115505792891e-05,0.0002150440204536054,0.00011223151921967217,6.078128237553892e-05,0.00022417524690702492,0.00012406082196573007,7.502834710184296e-05,0.00035862277018768035,6.75037769217846e-05
yjeF,yjeF,0.0013421150990958535,29,0.00024479180616710357,0.00045977802578758885,0.00010472332696062645,3.878899311092151e-05,2.5901718402419e-07,9.923534648100402e-05,3.268065115588909e-05,0.0002683848253912999,1.4436236692118576e-05,7.903687016527734e-05
ydaE,ydaE,0.001337754808660429,30,0.0001877272044039362,0.0001611811729484283,1.5827797887841122e-06,0.00022092578772045643,0.00022920457736745584,0.0003669655561098126,5.9561989285769e-06,3.639985237744469e-05,5.6089199830286234e-05,7.172247918524762e-05
ebgA,ebgA,0.0013262899630690863,31,8.537222168856805e-05,0.00012949353286991714,0.00018554039593390569,0.00010245910265727183,0.00027095147484067173,2.4638183123740093e-05,1.4311310981719684e-05,0.00016250498025266707,0.00014758599242557316,0.0002034327682950518
tktA,tktA,0.0013137731652681215,32,8.993031208697854e-05,0.00013721636723991034,0.00015272503876810988,0.00016240790256521546,0.0001372123617928526,0.0002964782869939551,2.308770398878195e-05,0.00016639398902503042,4.3138151577819916e-05,0.00010518305122946746
yjcS,yjcS,0.0013085810130927585,33,0.00015076355867740059,1.774770073744181e-05,0.00014107113106971646,0.00013924807464894316,0.000245298557525626,2.4116603385218638e-05,0.00013770501943668103,2.802769418701445e-05,0.00039135549970093853,3.324717372377781e-05
aroD,aroD,0.001307851065842319,34,6.189078256825516e-05,6.808357297317847e-05,0.00023354904198482103,7.566941892049214e-05,0.00032366837853605097,2.5325881934685816e-05,1.1120457397909997e-05,0.00015185154484330195,0.00017459456349383916,0.0001820974231897845
ygcU,ygcU,0.0013034399928558654,35,0.00013863110814571846,0.00013317138273357225,4.866774556439803e-06,0.00028563554490217656,8.452860806675494e-05,0.0002914983018020889,0.00014206138351028675,0.0001894613834522763,2.160528852549509e-05,1.1980217161056563e-05
hscC,hscC,0.0013003289419870941,36,6.895427219645326e-05,0.00015495995024789733,9.357218960918342e-05,0.0001124582287565705,0.00013787920882332139,6.068700476215649e-05,0.00016662670257862976,0.00014868091859354744,0.00018066399418068376,0.00017584647223865075
yjfK,yjfK,0.0012759886409897904,37,8.041187045762364e-05,0.0001404008030086529,0.00017407360490434543,0.0001701722524790834,0.00018641080977847228,1.875240972444449e-05,0.00011986468198914225,8.467196141388075e-05,5.843703655080501e-05,0.00024279321068334015
yehU,yehU,0.0012702888938693402,38,0.00025360561513999613,0.00029528871331340736,0.00010769188754558078,3.0711353362896586e-05,1.6570520298557666e-06,9.644768567102895e-05,0.00011936217781166172,0.0002932133148248285,3.7155279574562596e-05,3.515581459552169e-05
ubiE,ubiE,0.0012660644838743736,39,2.3638300927046943e-05,0.00014837612866855238,0.00011887407148844316,7.086410418111812e-05,8.121496116003405e-05,6.214786016316041e-05,0.00016161860658398637,0.00024756223058213514,0.00013570330232935216,0.0002160649177905449
uidR,uidR,0.001265903977156457,40,0.00012000592710123975,0.00016552655610302128,0.00021313483574883515,0.0001890572768520301,0.00016687871932599658,1.6190666131309112e-05,0.00012382909612201017,3.726193635551579e-05,7.887628478427435e-05,0.0001551426786322248
ybbL,ybbL,0.0012643852865011664,41,0.00013149093679628573,0.0003530636243069371,0.00020438960451153387,4.326538371851712e-05,0.0001735633050390419,2.925280091257509e-05,9.968895670131016e-05,4.540360529424993e-05,0.00011504593907244493,6.922113014827056e-05
fes,fes,0.0012471260608287063,42,0.00012548610148229735,0.00014105160975356668,0.0003355079869063581,4.9879069186676565e-05,1.5820001355063357e-05,0.00014082192556433873,0.00028568253616360683,4.73105061912843e-06,0.00014642469470976474,1.7210850879054917e-06
ytfE,ytfE,0.0012429121821690003,43,3.639506259098626e-05,0.00013353447757378435,9.748093394552296e-05,0.0003752289087306397,6.562497808963302e-05,0.00023215738892113326,8.935015400359177e-05,8.771117411433645e-05,8.184273502389255e-05,4.358636917547958e-05
artJ,artJ,0.001242779333865123,44,8.83435861824434e-06,0.000162540284851291,0.00014857859407943708,0.00011060541026450012,8.885424553077545e-05,2.4566983835602875e-05,0.00012967197475176507,0.00027019216754436043,0.00011523093816627159,0.00018370437622287482
yahC,yahC,0.0012418976432529017,45,0.00014886924336371643,0.00014920215351632078,0.00032139800595317684,5.234775757896857e-05,3.279265871247261e-05,9.967385777021127e-05,0.0002739352870180832,3.3495627487090886e-06,0.00011472652065557878,4.560259593566413e-05
murD,murD,0.0012404768330941975,46,3.1942406333322654e-05,7.189986041679388e-05,0.00020292844076858334,6.109770669541348e-05,0.00032578553958383246,7.746620109672051e-05,4.954027097784866e-06,0.00015122584682451953,0.00017011751434715806,0.0001430592899300687
ybdN,ybdN,0.0012401746667490877,47,0.00019771812045360208,0.00013893466268568417,0.0001663684787553154,4.462710687537404e-05,0.0001911532990583232,4.4197651008083714e-05,8.52848563179586e-05,0.00010311000388511897,0.00011178371689626888,0.0001569967708133587
nrdF,nrdF,0.0012309867741967949,48,0.00015574603792137254,2.8628778006328548e-05,8.298823687191379e-05,0.00014419261465274162,0.0001018396857685123,9.722466221480733e-05,0.0001198225653548348,6.075018251884727e-05,0.0003383369544105296,0.000101457056476907
yjgF,yjgF,0.001227787685104722,49,0.00016223892484780138,0.0003410163438943657,0.00013411824787906427,2.544656607668724e-05,2.9107673358364416e-05,0.00012563878208297764,8.476612481339144e-05,0.00022755864622365637,1.8417182885739183e-05,7.947919304267449e-05
yjhC,yjhC,0.0012239718780940147,50,6.828258078260706e-05,7.371495453342364e-05,0.00020599302124090982,0.00017646956965595368,8.920127998620432e-06,0.00013965498091108444,0.00016432745815863397,1.1479110739107908e-05,0.0002151048692703652,0.00016002520480330845
alsB,alsB,0.0012176805076869867,51,7.42984554363065e-05,4.345699595727785e-05,1.43072419982333e-05,7.758240253029784e-06,0.00039305905745689397,0.0001615976390460482,3.2959261807379216e-05,0.00018622904478046888,8.600961248813013e-05,0.00021800495846321883
gatB,gatB,0.0012172125712016635,52,3.875887888863702e-05,0.00015466668799608813,0.0001067779676451947,5.80900287205375e-05,6.52224262194724e-05,6.940386698575666e-05,0.00017336943392418596,0.00023653689766831875,0.00011192466886990575,0.00020246171428356673
yneE,yneE,0.0012101215267810734,53,0.00021323969853181778,0.0001446692740804376,8.550611688919287e-05,0.00013767004508740506,7.948781911469104e-05,0.00043599300687545347,1.3822592615103124e-06,5.281278692283274e-05,5.073647078149221e-05,8.62404923624004e-06
ugd,ugd,0.0012072519615650705,54,0.0002786699910470526,0.00026906236975811056,0.00016067059233896894,6.206815318180256e-05,8.318751942467419e-05,0.00013069040412371375,3.398638305436422e-06,8.909835871888464e-05,4.182788590890072e-05,8.857804875752641e-05
yqiH,yqiH,0.0011979768240939048,55,0.00012667300172924115,4.394902683872876e-05,0.00021363188252326902,0.0001251064225586034,0.0001650027081687741,0.00013469743071916246,9.553646767805977e-05,0.0001878129430232039,5.406090179581247e-05,5.150603905904984e-05
epd,epd,0.0011954876282804796,56,0.00013639547801959367,5.0160974798926475e-05,0.00010695486419936849,0.0001489109861057917,0.00010714755688856553,1.5032689512355196e-05,8.22430626482603e-05,8.578017970021017e-05,0.0004307943988519937,3.2067437555414505e-05
evgA,evgA,0.0011947491318611797,57,0.00012231411456817634,0.00012408541140410164,0.0001491943951290688,7.133118812324697e-05,0.000113318728417791,6.35273500069172e-05,0.0001061059311822307,0.00022257373904821894,9.145693304320086e-05,0.00013084134093822744
ybgQ,ybgQ,0.001188260737957747,58,0.00016270028661371968,3.8123512439398526e-05,0.0001374874397257716,0.0001016475853399179,0.0002535571712425772,2.0715073864198867e-05,0.00012419526377204567,6.556118766547157e-05,0.0002478141919239674,3.645902537067865e-05
yagL,yagL,0.0011822051382619763,59,0.00018271565309426377,0.00041406138580613576,5.273309948933579e-05,0.00015647578059850358,4.630843536317905e-05,8.341797132095024e-05,8.442210979761251e-06,6.840874070630383e-05,9.227135399905453e-05,7.737050690448849e-05
yobF,yobF,0.0011655319274635023,60,5.446164749688699e-05,6.777794508629178e-05,2.0154914139810836e-05,0.00034272542859933186,7.076877843301459e-05,0.00020924024510524594,0.00012350600636832135,0.0001481706062464247,4.491372939403361e-05,8.381262659414067e-05
ybdM,ybdM,0.001161131521106517,61,0.00028088171845708546,8.855583455572098e-05,9.126359967937165e-05,2.521610865047635e-05,0.0001932048802857091,0.00017857773795373923,4.923192591341243e-05,0.00017589315078015945,2.2992796821126658e-05,5.531376800971577e-05
ybdR,ybdR,0.0011575800130216617,62,5.1037084363452665e-05,6.566798394683267e-05,0.0002490806012887647,0.00016745397674170623,0.00029240426120595483,8.117791597678671e-06,8.099637674984143e-05,0.00019519845155363904,5.306299927814318e-06,4.231718564597716e-05
norV,norV,0.0011562244685678913,63,0.00012201886453118092,0.00011568828309193628,0.00029805012132675155,4.412431611344728e-05,4.263058447518493e-05,0.00014952099267967093,0.00021712173490501358,2.809294780962228e-05,0.00011319209399753597,2.578452963754761e-05
malP,malP,0.0011556789873911108,64,4.015699620416796e-05,4.959035880131074e-05,0.0002442490375649344,0.0001464627521679371,0.00022109870998659258,3.730753776254658e-05,0.0001535931923315994,0.00019039464663943645,2.3822308674932386e-05,4.9003447257653065e-05
metE,metE,0.0011551143196345277,65,0.00015076665856688919,2.9196204420311905e-05,0.0001483486408155216,0.0002206322752696046,9.735582547410653e-05,6.228604445568943e-05,3.198874793654367e-05,6.667107499882152e-05,0.0003298170844703334,1.805176322670589e-05
ydjJ,ydjJ,0.0011537198938875524,66,0.00019935629337100607,1.1826227547320997e-05,0.00016618199312925453,8.826808083375474e-06,0.00024283787051400306,4.695085387983922e-06,6.76210962375719e-05,0.000207309815863645,0.00011259977076599074,0.0001324649329874008
gltB,gltB,0.0011530123628613845,67,0.00020558738144047536,0.00026751983015478375,0.00011675573378471695,9.3944792823189e-05,3.289631918070835e-05,3.94753161345722e-06,0.00011256315181159484,0.0002701796095190718,3.3791172053272754e-05,1.582684048011455e-05
ychJ,ychJ,0.0011469085956569305,68,0.00010128977276384789,2.387630195109142e-06,0.00018288419042517855,0.0001042916566087222,5.802833900657148e-05,0.00020138478520471725,5.6772056072342866e-05,7.347765029567595e-05,0.0003376633972227171,2.8729117862048218e-05
dcrB,dcrB,0.0011409380809113653,69,3.753199474546074e-05,6.057100207309609e-05,0.0001681650747818215,4.827787335620664e-05,0.0003394563561046214,3.502372399579264e-05,3.6600112454942224e-05,0.00016643820785314516,0.00012793233956426682,0.00012094139598201204
metA,metA,0.0011379152857479465,70,0.00019691871935846974,2.2275942793031835e-05,4.5977838581421395e-05,0.00017930257122800402,3.995266735470306e-05,3.0288569938998657e-05,0.00028681317984116666,6.29313909418877e-05,8.550668538926382e-05,0.00018794772032099957
emrY,emrY,0.0011368313610676836,71,0.00011911204968122538,5.381204348023591e-05,0.00022943275035537065,0.00012448940104730917,0.00014716825882656325,3.786194768845082e-05,6.17367434117826e-06,0.0003560496500713957,3.639608365332504e-06,5.9091977210621905e-05
yneL,yneL,0.0011343808916730476,72,0.00016268018458006443,0.00016192878950891588,0.00017222130001388265,0.00017296664095242095,4.8094266068732304e-05,0.00017349949449827238,7.55227293270454e-05,1.9583074875545368e-05,0.0001237071790360346,2.4177232812133564e-05
yccW,yccW,0.0011338675942953985,73,7.813914346608982e-05,0.00015601021694265502,0.00015722579206223526,0.00016591715349440254,0.0002142467127993992,5.16299643853868e-06,0.00016007491536231843,5.044791473780276e-06,0.0001255582013007221,6.648767095525719e-05
era,era,0.0011080310982723182,74,2.302695818520473e-05,8.839037182383135e-06,9.122236379321338e-05,0.00014369059147220357,0.0001432639772032709,8.578679029240185e-05,8.551608118059283e-05,0.00014832705440502561,0.00017303729320059387,0.00020532095135742824
yddK,yddK,0.0010980872162214526,75,0.00014644685597774694,6.824798177718465e-05,4.473286671171754e-05,0.000274196340691357,1.4054795124237413e-05,0.00023990451228945588,4.76475603132329e-05,0.00013578414400116363,7.965750020919083e-05,4.741465912616582e-05
ybfQ,ybfQ,0.0010973618396789577,76,0.00019046168264713606,0.00029678757987900307,2.8534894880652248e-05,8.983944302800301e-05,1.91315901453907e-05,6.816478421931857e-05,4.77022947131733e-05,0.00020114880613698706,4.815572077012623e-05,0.0001074350432591674
emtA,emtA,0.001095992463748176,77,0.0001405147212028492,0.00012905727984096615,0.0002930598734581771,2.9387537637220908e-05,6.654341705325413e-06,0.00010847865699840684,0.00025983025279669385,5.10934637148062e-06,0.00011895351655704135,4.946937180014606e-06
nmpC,nmpC,0.0010950220311081607,78,0.00010186948645708307,0.00010198497840990841,0.00013020533653987606,0.00022559660226022119,0.00012471514159703148,0.0003355175923269391,3.4917247080862654e-06,2.554887477963364e-05,4.125995140442375e-06,4.1966298888939136e-05
yihN,yihN,0.0010919532322283048,79,0.00010564350510742059,0.0003003308721705421,8.426702408558125e-05,1.4872085562689093e-05,3.277103743683938e-05,7.227816833813427e-05,5.535618782273612e-05,0.0003314887702515238,1.1965733326505251e-05,8.297984812633303e-05
glf,glf,0.0010889441477662447,80,0.00019138179346128064,7.152103710845675e-05,0.00018164204795978868,0.00013643353289705356,0.00010288585111099497,8.309945239765673e-05,0.00010886999184444627,9.192820978090443e-05,9.685067639901553e-05,2.4331554806647094e-05
yfjX,yfjX,0.0010773307400020497,81,4.491186566916158e-05,0.00013643384355799395,6.862130322351734e-06,0.0003085384348420757,2.8851652418488305e-05,0.00017372730116781303,0.00012307308001950783,0.00013774988929379488,7.257573990603286e-05,4.460680280482972e-05
ftsB,ftsB,0.0010749769381935628,82,8.17844759586954e-05,5.051989652380428e-05,0.00015554443988581132,0.00019007927284221023,3.6121295069473685e-05,0.0001497631905693205,3.0282567819049317e-05,6.669764398315163e-06,0.00013967046117697678,0.0002345415739499061
aroH,aroH,0.0010737735505321516,83,2.540771496524252e-05,0.00015847318084421635,1.275551584711386e-05,0.0003162668469511355,4.9653859620015944e-05,0.00018514831172260625,9.167334082947399e-05,0.00012409810506940812,5.349905233778389e-05,5.679762234515503e-05
rfbB,rfbB,0.0010716958117324106,84,0.00018744005568914607,7.254596028731462e-05,0.00015088750179487992,0.0001294232768334442,9.328357124741796e-05,7.231099487385253e-05,0.00013467019199899565,0.00013453968136732246,4.730795198347815e-05,4.928662565655916e-05
ydcC,ydcC,0.0010659357791125627,85,0.00011290603313343246,7.618168083839932e-05,0.00015814153979703624,8.148357752283151e-05,0.00012378761589899222,2.294162072078355e-05,1.3176303055277552e-05,0.0002215763583254698,2.3482773954437194e-05,0.00023225827586590293
ypfG,ypfG,0.0010639944272499001,86,7.025353898210535e-05,5.0846582037905036e-05,0.00016546433423405025,0.00014753398205558666,3.952382620378645e-06,0.0002481800049611557,4.245151993410359e-05,1.2698765687723977e-05,0.00031491270426698006,7.700612469910958e-06
hdfR,hdfR,0.0010608200793887955,87,0.00014392637686361012,4.898338078956402e-05,4.332667815770102e-05,0.00013750087932304153,0.00018311877153223607,1.5760032541318268e-05,6.734993570913181e-05,2.05084604154764e-05,0.00038002227427581787,2.0323289780898592e-05
yicO,yicO,0.00105738335904262,88,0.00010571802508546278,0.00014556368845079822,9.483541343824915e-05,4.8937113328505294e-05,0.0001358047104975756,0.00019725022794706603,0.0001713031519166752,2.823859159635888e-05,5.0935245300338594e-05,7.87971914815901e-05
rstA,rstA,0.001051677910300289,89,4.5332247382307414e-05,3.728286653516578e-05,4.461772455469038e-05,1.232439079546345e-05,0.00030298343789967816,0.00018958661918754973,6.800739669309261e-06,0.0001134648523287859,7.294117848470624e-05,0.0002263438534626326
eutG,eutG,0.0010491713209542918,90,9.181954888271822e-05,4.357134955684947e-05,2.329995303071582e-05,9.247463521094722e-05,0.0003356919709280173,0.00011139327632816733,9.185238007691038e-06,0.00010833535027616169,0.00010485853406244835,0.00012854146467057537
cmtB,cmtB,0.00104424955699631,91,0.00012232013035996022,0.0002968342610526135,8.898658648424522e-05,5.869309691927209e-05,2.4695904265429235e-05,3.5442552515719805e-05,4.8159583249529136e-05,0.00023008192731013328,1.648844261005462e-05,0.000122547072229353
fepB,fepB,0.001041206835174276,92,0.00013684979968591154,0.0003650484932787228,4.826176706669389e-05,0.00011281522907236277,6.419309261210421e-05,8.78979862750761e-05,7.583590575795434e-05,2.0207725582569977e-05,5.152862012006404e-05,7.856821572281617e-05
yfaX,yfaX,0.0010404628553841737,93,0.0001501642523941176,0.00013054507206028803,0.00013990678550539082,5.3086454727955654e-05,4.366151879293484e-05,5.592990062780252e-05,0.00012126678599343025,0.00013716351371686678,0.00011012969454070177,9.860887702468537e-05
yqcE,yqcE,0.0010392184735987704,94,7.389092854197822e-05,8.737592288293184e-05,0.00017572508562061677,9.657932034578364e-05,0.0001112527957938673,5.233275555779011e-05,0.00011237703428358037,0.000261803558826137,2.4028865793877646e-05,4.3852205952207335e-05
nudK,nudK,0.0010360068399069115,95,0.00020698223410445986,0.0001521005974504967,0.0001121448260168897,9.057996665225056e-05,5.066155483093303e-05,4.751371447334464e-05,8.614668885457347e-05,4.684839199141428e-05,9.7279053982062e-05,0.00014574981155048713
mfd,mfd,0.0010340602408723844,96,0.00011132523925952923,0.0001586964663893419,0.00012560008001552095,0.00018846787477606153,0.00016882109733936854,2.4255003044279835e-05,2.2232892490490454e-05,5.72252581963013e-05,9.667993279461591e-05,8.075639656687497e-05
yhbE,yhbE,0.0010294450753640582,97,0.00014709358280339658,7.429979174745011e-05,0.00018944769033046974,9.913950633970072e-06,5.039773551805004e-05,0.00013117313031918142,0.00015661312080779796,6.940784421282884e-05,1.2304821839513413e-05,0.00018879340715140009
yfjJ,yfjJ,0.0010223714431004446,98,0.00011810472756671538,0.0003715636708114785,2.2455524289486088e-05,7.46127320972243e-05,8.322887739626985e-05,0.00011042559561308555,5.760505348929443e-05,6.512666281062164e-05,8.23907567370399e-05,3.6857842289228907e-05
yphF,yphF,0.0010220485877148648,99,0.00021924753167016256,9.651207440689113e-05,0.00010714841799718367,7.380691227364893e-05,5.2700153484835175e-06,1.0397283105581137e-05,0.0002441823447755252,0.00012549474087115647,4.8994701041320506e-05,9.099456622491166e-05
yhdH,yhdH,0.001018755125351977,100,3.881386700674041e-05,0.00012774786469776776,9.594411289651222e-05,4.072559010398117e-05,9.115923306793171e-05,7.901375601380791e-05,0.0001464367015238583,0.00023326882923144603,3.769559603576725e-05,0.00012794957477416417
potE,potE,0.0010182269508863346,101,0.00012187522764260695,1.125203633157254e-05,0.0001269004401886222,4.0489732123844945e-05,8.514299130685814e-05,0.00017391832313695197,7.522067243083251e-05,7.914040254686318e-05,0.0001398917151980546,0.0001643954099801277
yccA,yccA,0.0010118692745964579,102,4.1919685164132715e-05,3.821160637963947e-05,6.435458107222478e-06,0.00019775115741912211,0.00011670155433233239,6.832288283209734e-05,3.819726952529908e-05,0.0002382155227420415,9.015843081887622e-05,0.00017595570727569457
chbF,chbF,0.0010087474024201523,103,0.00021685713508809757,0.0001641270663880416,0.0002186598776211482,6.303108512779027e-05,5.594730867147991e-05,8.365450686052624e-05,1.2897502186842844e-05,0.0001445578490907404,1.1217942423711953e-05,3.779712896177307e-05
yedN,yedN,0.0010066003952701884,104,0.00012600020760659367,1.926464649124754e-05,0.0001741114664486416,0.0001203641787865828,0.00013458872620991574,3.750888722795487e-05,0.00024266001812882194,8.250845258800533e-05,4.131954645686937e-05,2.8274265325555655e-05
smtA,smtA,0.0010063969469569186,105,0.0001748825734500847,4.1153717481447414e-05,0.00012470202657597124,0.00020328876183713996,1.4521095224428412e-05,0.0001872784548377216,6.829288594961229e-05,2.3248149514876752e-05,0.00015995111540802488,9.07816667761147e-06
asmA,asmA,0.0009999220017888322,106,0.0002507288460302458,3.539736460714508e-05,4.313664989750989e-05,0.00014842030940091178,1.7359701676909106e-05,7.233369025588956e-06,0.0001021870664533407,2.698026614064314e-05,8.537571498906658e-05,0.00028310271356747114
wbbH,wbbH,0.0009961432154243512,107,0.00017028067344047247,0.00010224610015034594,9.239542163111044e-05,2.9349313448213182e-05,5.88328183094952e-05,0.00010502286843720236,0.00017210897349796418,6.0606236291877844e-05,4.21116093555048e-05,0.00016318920086216487
ygaW,ygaW,0.0009958933278236498,108,9.193004778536559e-05,3.3691249848554936e-06,0.000249711668334979,4.729021590731401e-05,0.0001976602095664488,0.00013415950313850535,9.294967600251375e-06,3.882455922758064e-05,0.0001563981345624226,6.725489671592702e-05
tufA,tufA,0.0009906096552814102,109,3.4599301246525634e-05,2.362683572028326e-05,0.00010824125309186356,0.0001249650509137999,0.0001793918936540594,4.04910064432686e-06,9.52644858223388e-05,3.632813489064048e-05,0.0003463755620399857,3.776803725758658e-05
dgoD,dgoD,0.0009850640604924638,110,9.210486572647805e-05,0.00041411613097670514,3.227138753793954e-05,6.07940781616698e-05,5.73644670275184e-05,0.00011096157034135646,6.880171043782488e-05,6.420561542048875e-05,3.320130876324371e-05,5.12429260992391e-05
yagX,yagX,0.0009828820479198344,111,0.00014464473254038315,8.988300313107459e-05,7.792094601404271e-05,3.4988766613492506e-05,9.640310163030379e-05,0.00012363007868555528,0.00010518297494701788,1.2421871027455578e-05,8.891763542931564e-05,0.00020888893790119332
yjfF,yjfF,0.000981911666247505,112,8.781525300330303e-05,7.727752520980986e-05,0.00024694565571020254,3.56819604636224e-05,3.201200537899092e-05,9.491794141867296e-05,0.00018631326202464028,6.280176817179131e-05,0.00011666744632080082,4.1478848545670894e-05
xylE,xylE,0.0009809975235524743,113,0.000197135750123769,0.00012454839530190545,6.344106202146672e-05,1.4736778775462838e-06,7.633311040039126e-05,0.0001520209313162907,0.00013445305122388078,2.7518056955981963e-05,6.664699200466018e-05,0.00013742649632658203
yfjV,yfjV,0.0009762927498563707,114,0.0001172894898174174,0.00010476654440264828,0.0002039214244386446,0.00014953559892063722,7.525663623451032e-05,7.547538537871436e-05,0.00010790823493968576,4.372932521563711e-05,6.16586033063375e-05,3.675150720213817e-05
intD,intD,0.0009753475989905644,115,6.339972949472517e-05,4.9574539879618275e-05,0.00027360602424779016,4.8739469604436584e-05,0.00017176654220248962,0.00010103159621008837,6.612204342693154e-05,3.895961351143769e-05,8.855539437768694e-06,0.0001532925009752783
hdhA,hdhA,0.0009741278047657676,116,2.0428269144313032e-05,0.00018860898697066125,6.693356639989842e-05,0.00024339750541908908,8.93046533969656e-05,0.00011383091278041947,2.2152163475710373e-05,0.00015974978407981205,5.796865520577109e-05,1.1753307893127176e-05
yhiD,yhiD,0.0009709628788717547,117,1.9417220844761773e-05,0.00016640109533475644,4.960280703277475e-05,0.00018564040752569385,5.99115752460366e-05,0.0001658112028390979,7.35406191298687e-05,0.00012234550361808077,8.624649175656232e-05,4.204595554412157e-05
glpF,glpF,0.0009692407775173873,118,2.486846807059489e-05,4.277616236946909e-05,0.00019683363867259692,6.31314148129651e-05,2.4217960036568203e-05,0.0002009245388659367,6.443764132051419e-06,3.869628089464808e-05,0.00036716630389343184,4.182245769124991e-06
wcaF,wcaF,0.0009686423138476705,119,0.00023538369809489388,5.2026336612722335e-05,5.500105621651775e-06,0.00016421791354267405,5.481823586502326e-05,2.8135908141683904e-05,0.00019019372766389145,0.00015086995059226192,2.340714472268338e-05,6.408929299018458e-05
sbcB,sbcB,0.0009615992038638386,120,3.955833756552976e-05,8.490846717185503e-05,0.00015557967363617888,6.773718380008201e-05,0.0001511444385188864,2.657302311413468e-05,0.000162520982394585,0.00018558310405548844,4.00232533130945e-05,4.797074029400398e-05
sfcA,sfcA,0.0009615875604248761,121,0.0002768724782919309,8.105956416121931e-05,0.00012009412214083306,4.445378013178767e-05,0.0001840092498822675,5.410354550971847e-05,0.00013032233800686744,3.66259617100468e-05,2.4904930942977394e-05,9.141589647227578e-06
tsx,tsx,0.0009614100590530939,122,0.00013293744536061703,0.00010371003686333516,0.00012226782229354333,6.476531561172455e-05,6.555681198986477e-05,0.00014506709020976622,1.5963273542263838e-05,8.205393844718277e-05,0.00012295221326474588,0.00010613611147005026
tatC,tatC,0.0009563003673391559,123,0.00012674851862022404,0.0002995011924172772,2.493983037310549e-05,0.00015615717242714795,4.444268832317542e-05,2.409357947422471e-05,1.2646537318629459e-05,0.00016127727160828446,1.2450673984933946e-06,0.00010524850937859409
guaC,guaC,0.000954473861724187,124,2.216478475498363e-05,9.335509056066455e-05,1.16476838687801e-05,0.0001840332226252381,5.7763543749373045e-05,0.00021073975223526173,8.908074936181855e-05,0.00015885878573522764,0.00010009250180231193,2.6737747030527754e-05
yeeL,yeeL,0.0009530662165358921,125,0.00029171763149035923,0.00010685183542367566,0.00010290095908441813,9.870999955798798e-05,0.00010013318019074314,8.885979773558397e-05,1.8667941627686731e-06,6.111451285492465e-05,3.109124975230612e-05,6.982025628312446e-05
gadX,gadX,0.0009512125099956916,126,5.119946870343094e-05,0.00013070628034306107,0.0001402231412836664,8.055844285453178e-05,0.00013836242444835561,0.00021375687385448926,2.5331393237210608e-05,5.5888259464184185e-05,4.521494076259575e-05,6.997128504416583e-05
yehI,yehI,0.000949937623407376,127,9.294400639891186e-05,2.085318923812261e-05,3.597686490287003e-05,6.523895123624922e-05,0.00018987744226135617,8.549549031801119e-05,0.00011797603760792029,2.7237660414394416e-05,0.00013727142643352752,0.00017706655459601272
ynfN,ynfN,0.0009499336162773024,128,6.848394062111094e-05,8.78867911823212e-05,8.262116137647587e-05,0.00012311471475635573,0.0001354375783774018,0.00026349018694210607,2.5091837623983e-05,9.917081182922394e-05,2.064453172878116e-05,4.399206183954273e-05
wcaD,wcaD,0.0009468413879292671,129,0.0002619247430563776,4.9866049153985156e-05,0.00015034423684791848,6.630993122911338e-05,0.0001362344443807198,8.630668987751285e-05,1.5697491440039558e-05,0.00012456299853459867,3.550252346566063e-05,2.0092279943340824e-05
mdtF,mdtF,0.0009466196733921433,130,2.8342342389974324e-05,6.507117027988454e-05,0.0001242821340966988,0.0001261008872643703,9.093436626913203e-05,0.00016611512618680598,0.00020236427490163505,3.264997552982575e-05,0.00010410090055557049,6.658495918245983e-06
murB,murB,0.0009394112849589926,131,2.8374421549177313e-05,1.5528782039228813e-05,0.00018596656655542438,4.0109538606749985e-05,4.2989025699842676e-05,0.00014965411555352255,5.125230168594325e-05,0.00012179320813397516,0.0002868237438700887,1.6919581265039843e-05
acs,acs,0.0009392507435291314,132,0.00011550554999465567,1.213338602028131e-05,0.00013925624590764216,5.133207795512566e-05,0.00010833610445286239,5.539749198023954e-05,0.0002522207693911547,7.81109095753612e-05,0.00010979701154179518,1.7161196710013655e-05
ddpA,ddpA,0.0009380438004032145,133,0.00026936785232851,7.603837440961676e-05,0.00016877478454492938,7.934379618367406e-05,5.551149674630352e-05,0.00010162243260562503,5.856823131702399e-05,2.041156153576338e-05,9.346416959678103e-05,1.494110113498726e-05
sgcQ,sgcQ,0.0009379233718873195,134,0.00018454642750831624,2.2694214559605526e-05,0.00013896211371375666,0.00016239833712357524,0.00016576356806549295,2.053177846970575e-05,2.089590810140642e-05,0.0001288852178360617,1.99259278434806e-05,7.331987866591831e-05
gudP,gudP,0.0009375772130744414,135,0.00011437868329104042,5.3741521255168985e-05,0.00019377715072271316,0.00010096671518508618,3.082464718124971e-05,0.00014398904024458877,5.698193269227651e-05,3.9775280864469006e-06,0.00012573070438380183,0.00011320929003206899
citX,citX,0.0009356588854255006,136,9.613561895692967e-05,0.00010010880109622036,7.497794351362188e-05,8.17934214716256e-05,5.904643937071741e-05,2.9560756463266645e-05,0.0002599151957889788,1.645631591311214e-05,0.000130333953012716,8.733043983831222e-05
ylbH,ylbH,0.0009351172025901984,137,0.00012477043387312933,6.611586890704304e-05,7.949056108827869e-05,0.00011163334859540614,0.00013360495090540485,8.492638046985674e-05,5.745064839487208e-05,3.1714506058573113e-05,0.00024016796957553312,5.24253472210114e-06
yqaB,yqaB,0.0009320671093010064,138,9.531705445806388e-05,9.181191657118635e-05,2.988416017078216e-05,9.489347099577554e-05,4.2747277647120006e-05,3.739268706814917e-05,0.00019271605364606107,8.416955081351581e-05,0.00013820555967654835,0.00012492937825380403
glmS,glmS,0.0009319239748117435,139,9.565508915383994e-05,0.0002866821538914909,0.0001048362697117818,7.761599029682438e-05,4.7722730174581024e-05,8.121487916961737e-05,4.118093168612084e-05,3.551847768960498e-05,0.00013736212562735062,2.413532741053157e-05
ybhT,ybhT,0.0009299467980874459,140,3.0092008051785356e-05,4.672159476056921e-05,0.0001392624358506394,0.00014597182786360474,4.408018692874312e-05,0.00013835406836068334,2.287694976396245e-05,8.038373984169341e-05,0.00024825289376965173,3.3951092896113166e-05
trmA,trmA,0.0009289056216987919,141,1.2069167868908e-05,9.465435176971844e-05,0.00013130651459407566,2.9726911643736866e-05,4.975477967987034e-05,0.00010205791304704596,0.0001025205609843517,0.00017478393951578773,7.429039219363653e-05,0.0001577410904016606
torC,torC,0.0009267809204486935,142,2.717314615891457e-05,1.564093482822424e-05,1.8950227914466765e-06,0.00016316485559266,0.00020745210141415613,2.5417337606006255e-05,7.512505040268644e-05,2.4190295208548677e-05,0.00027853341062947603,0.00010818876581657452
aspS,aspS,0.00092433934076806,143,4.244894231069058e-05,8.883640631478386e-05,0.0001308838122869845,6.274245834945719e-05,0.00013060308277895868,3.070919783553528e-05,0.00014966900135292199,5.818295447614644e-05,4.6616192224514805e-05,0.0001836472928380665
flgE,flgE,0.000923663598784578,144,0.00013417947811645892,0.0003179994976983955,2.206976159385242e-05,4.90025059623406e-05,2.747308955053822e-05,1.3032239558390616e-06,2.6901565782029438e-05,0.00021200415390547518,0.00011653261624566291,1.6197705973985754e-05
yfcG,yfcG,0.0009236176858537716,145,5.159399111674443e-05,6.134447761510316e-05,1.3358313827069171e-05,0.00019284038050601263,0.0001394353808034648,0.00011588758124898798,0.0001730056701090757,1.9345147229041918e-05,0.00014232380072968349,1.4482942668588233e-05
yebA,yebA,0.0009208058902029364,146,0.00017191375751156234,7.866917691325675e-06,6.309721831167878e-05,7.84369560645349e-05,2.4286904489854292e-05,5.995530885870027e-05,0.00013773390229860954,9.760274225318381e-05,0.0002672719206470929,1.2640262076393894e-05
intG,intG,0.0009193329042122952,147,4.410669980054651e-05,6.896481524405506e-05,5.8333473630234816e-05,1.2148101221384477e-05,0.00031440450211341975,0.00012617719092245959,4.6456135660756734e-05,0.00012368670315548828,2.649005907515601e-05,9.8565223388794e-05
yghO,yghO,0.000918290499939584,148,7.071260042583578e-05,0.00012943669066945056,0.0001696578552253367,0.00022655735561358576,0.000108895489845555,0.00016687593707652884,2.5294262432000087e-05,4.527281871523815e-06,8.768084677888468e-07,1.545621831197872e-05
puuP,puuP,0.0009174028487543027,149,2.3542617032103518e-05,8.268910754741965e-05,0.00015073161906895753,0.00012926520910967477,0.00014765194431096463,1.670445514121365e-05,8.926766703943126e-05,0.00013966515495431083,4.596109841233258e-05,9.192397613789433e-05
ihfA,ihfA,0.0009174012734319179,150,0.0003183240775879659,6.11676668768599e-05,0.00014494326594070657,1.7833408363530278e-05,0.00010630242670711733,7.19632483595112e-06,3.8777053418851955e-05,8.61185243886366e-05,7.950525198959955e-05,5.7233273322698905e-05
yeaC,yeaC,0.0009167338366910178,151,8.432177402957489e-05,5.4608541960477394e-05,0.00010032013899183353,4.407586566113077e-05,4.217773606807193e-05,0.00014661300332092944,4.739707324146231e-06,0.00012386962721873445,3.8774105838132277e-05,0.00027723333627798695
chbR,chbR,0.0009155724576325765,152,0.00021639181986508245,5.47417729693638e-05,0.00012172459210490908,1.597669435804631e-06,0.00010306768349557743,8.499807244020934e-05,7.27582872151523e-05,5.51260915651992e-05,4.328317605966689e-05,0.0001618832924816114
minD,minD,0.000913145163741391,153,0.00014908816398709194,0.00014325577016429693,1.906453785198337e-05,0.00010539310264221268,9.145287908893037e-05,0.00021572768808944418,3.8744027690126325e-06,0.00010082868888246999,3.551872209274181e-05,4.894120817320703e-05
mdoC,mdoC,0.0009105961816358096,154,7.129241160181578e-05,0.00011466424956981983,6.144791582414625e-05,0.00010062601625920909,0.0001742350067305209,0.0002304651887482361,4.574619112668372e-05,7.65802107531293e-05,3.372499655457261e-05,1.81399446767601e-06
yjiN,yjiN,0.0009089343767955829,155,4.172434254312184e-05,0.00013138015207636705,0.00013608688889471597,0.00013923286984042442,4.869469546686443e-05,4.681977756952643e-05,7.895624164573219e-05,0.00014219143328527377,5.169885554953377e-06,0.0001386780899186035
ribA,ribA,0.0009071604339927842,156,0.0002292619571311849,0.00010938739582431392,0.00012634673901522152,1.2331478870102695e-05,0.00014115538465079663,0.00010975152033781114,8.220281259908646e-05,5.019706966711118e-05,5.315785650111405e-06,4.121029024704429e-05
pbpG,pbpG,0.0009057863925790585,157,0.00013436126947064496,1.979235949073179e-05,0.00014614908177520866,6.0630067886854525e-05,9.433893378067635e-05,0.00011450399502551937,3.4524760021676384e-06,0.00012150156603538686,0.0001158096562138646,9.52469868980037e-05
ydeN,ydeN,0.0009055025007334498,158,0.00019750033030517043,0.00012014475538943879,0.00016211171182454226,6.46154590213507e-05,1.41979716583845e-05,7.310682934345903e-05,1.8088269084381242e-05,9.699902164874447e-05,4.2535733913982035e-05,0.00011620241854399633
yceI,yceI,0.0009051273481522507,159,0.0001790616207260934,0.0001223935162341129,0.00010328193880333392,1.2615326289150941e-05,0.00015808372859166324,6.3250670275070015e-06,3.619795682641633e-06,0.0002035690477226651,5.131568229429025e-05,6.486162478079238e-05
sgcR,sgcR,0.0009040528422739744,160,0.00015492544042741154,9.460055183398703e-05,2.6705182313389584e-05,8.067183298881e-05,4.4633972018936726e-05,0.00014833137381733093,7.64066176481943e-05,8.857293387388884e-05,7.762104293119763e-05,0.00011158389442082781
ldhA,ldhA,0.0009037323677806872,161,0.00010932559564138025,0.00012171470887926701,4.8605875220770315e-05,0.0001426374330477233,0.00015514336846677817,0.00021227883620108918,3.41662528337129e-05,2.830136856898299e-05,3.9887870068425625e-05,1.1671058852557365e-05
mdtQ,mdtQ,0.000902156635592225,162,0.00021665922129640783,4.850432511508907e-05,9.236929128208947e-05,0.00017513292280239007,9.895549545167578e-05,2.593989929025885e-05,8.024968684687138e-05,0.00010857483768177843,2.5590976559728815e-05,3.017997926593533e-05
gspK,gspK,0.0009004284337252464,163,0.00012820647318350959,4.4135276872788866e-05,4.0325596950375054e-05,0.00015697189074434344,2.2035740247371025e-05,5.882634086824381e-05,0.0001246921301671037,1.2757964465903172e-05,9.120458298336018e-05,0.00022127243724224765
ymjC,ymjC,0.0008966275443380992,164,0.0001756280746897234,7.843963068500413e-05,4.75605264868633e-05,0.00012799141575992173,0.00010069164578431784,2.500308868109303e-05,0.00010717510312342891,9.073415396368676e-05,5.0797072752169864e-05,9.26068324118903e-05
rfaK,rfaK,0.0008960026951776021,165,0.00022381905717256474,1.6331886505478855e-05,3.268782984893921e-05,1.8139987126944083e-05,0.00017632561943400736,8.639332754681298e-05,3.670590584540486e-05,0.0001589718174980024,0.00010878727919929185,3.7839985000155884e-05
ydiO,ydiO,0.000894977267717295,166,7.797702740062305e-05,4.576173680655709e-05,9.527635386307227e-05,4.1502467714573035e-05,0.0003425355317621444,5.075299948205042e-05,4.4003287117479516e-05,0.000139912447515477,2.937667459505357e-05,2.7878741460264507e-05
insK,insK,0.0008932289159067218,167,8.203401676462847e-05,1.3049203853767727e-05,8.616008918911812e-05,5.450127827023914e-05,0.00010338454691008544,7.073450418800483e-05,0.00014771188380395008,2.098324217761135e-05,0.00021999939334898852,9.467075740032818e-05
rlmB,rlmB,0.000891844281894938,168,1.8686417649302133e-05,5.2373851128613e-05,8.657239927354743e-06,1.747081699186195e-05,0.0002966024660455529,0.00014512060915625717,2.6027575041955046e-05,0.00010268872963778463,8.89634745542972e-05,0.00013525310176195935
yiaU,yiaU,0.0008914268648256752,169,7.859434773370246e-05,3.756605826287114e-05,0.00010051003150871022,8.82558751451676e-05,0.0001030222843411257,0.00030668854721696705,1.4548348062219912e-05,3.533600711096182e-05,8.618304895743767e-05,4.072231648651153e-05
ycgH,ycgH,0.0008894264310360945,170,0.00012556596609292106,0.0002278167636638851,0.00013392841789795272,5.334911448310664e-05,7.867928876103042e-05,2.9950362551628184e-05,0.00014692585758991218,1.4468429052834855e-05,4.1804775135052324e-05,3.6937455807771114e-05
dinG,dinG,0.0008888558169836352,171,5.238735626978856e-05,5.626100899885213e-06,0.00020955210025929536,7.612075513630869e-05,3.230043902065317e-05,0.0001758171073799207,4.5946750474786086e-05,9.17058181705327e-06,0.00023125326045214358,5.068136527380056e-05
yccZ,yccZ,0.000888434832576885,172,0.00016005740642238022,4.988929195611763e-05,4.6815730364363984e-05,4.934835246495031e-05,0.00015202408918649592,0.00012079363911285007,1.723862012816549e-05,0.00014738506537022818,2.639683201439672e-05,0.00011848580555693642
ycjG,ycjG,0.0008873596060789337,173,7.966459802944522e-05,6.143702581950596e-05,0.00014550067639730228,4.255783921138078e-05,5.856838779078889e-05,2.089953186363955e-05,0.00014334421925639963,8.846109033277395e-05,0.00021353527883686852,3.339095854082886e-05
pntB,pntB,0.0008846646605637481,174,7.756363748995171e-05,9.194889775158246e-05,2.82658422201138e-05,0.00012514649685171913,0.00015206731904055993,0.00021565911501125295,3.291897793696453e-05,7.4095645824913e-05,4.7879901861334995e-05,3.91188265753556e-05
folE,folE,0.0008834467142408493,175,0.00017318168771530114,2.7389170917197667e-05,0.00021204726035326972,3.370663542787696e-05,8.758305465637217e-05,4.716419032515329e-05,0.0001687558101808814,1.620359788027117e-05,0.0001124940404475413,4.921266336984398e-06
yjcP,yjcP,0.0008796038009687876,176,4.4595697777829646e-05,1.8694314900116e-05,0.00011426610528887222,3.839881444612868e-05,6.782872078616937e-05,0.00017198550595549719,0.0001047413947394257,0.00014005803324924755,7.173443171035869e-05,0.0001073007821151426
yegH,yegH,0.0008787986155408569,177,2.2811089617768287e-05,2.420588040825416e-05,0.00014586145205472143,2.4116885991934435e-05,0.00016672936988192406,7.566580153089282e-05,0.00010545659167197444,0.00019696996206900206,6.360274148066209e-05,5.337884083372316e-05
mglC,mglC,0.0008764686673288566,178,0.00013073439165994522,6.97378712655033e-05,4.637562221092975e-05,0.00011048166865399457,9.18421813512833e-05,0.00017688095190854466,7.39021840642807e-05,1.0410099347946447e-06,9.620449432927447e-05,7.9268291950306e-05
yebO,yebO,0.0008762064749052597,179,0.00017794453711045618,8.429896136056206e-05,0.00016973701665667392,1.6229211709346436e-06,7.509223441881298e-06,0.00011956495493498979,3.4514102718577664e-05,9.392319498036694e-05,0.0001230616625565312,6.402989997428599e-05
yfgF,yfgF,0.0008750484402828422,180,0.0001465191956375905,4.9987239479093614e-05,0.0001380329010245826,0.00013282312917307367,4.378251851587656e-05,2.2116196643945054e-05,9.810141874573077e-06,0.00016302585908887268,9.60328871639846e-05,7.291837168125006e-05
ade,ade,0.0008746931003720899,181,9.761042517066939e-05,1.115888040955126e-07,1.4591509077728502e-05,8.942497067344791e-05,0.00010487656405639644,4.287131736568628e-05,0.0002632809355740156,7.08787069033925e-06,2.8466727336894812e-05,0.00022637119162281617
birA,birA,0.0008717741459582039,182,0.0001054650585766555,0.00010640202420614776,7.887412307061388e-05,0.0001262901651829492,7.914831344433734e-06,6.647168469583208e-05,8.510283707503351e-05,3.513866527675611e-05,0.00012307645706251805,0.00013703829946726405
mobB,mobB,0.0008696366482660228,183,6.320801634887045e-05,0.00011473480894285875,7.017778223252114e-05,2.1537859842866508e-05,0.0001527608800963538,3.6402247925218185e-05,0.00010136480157939849,7.11449066515459e-06,6.0006807454948845e-05,0.00024232895317783203
mrr,mrr,0.0008679618635722675,184,0.00011341471233305425,5.061462044265099e-07,8.111390922668248e-05,8.212418550895935e-05,1.7817365078274337e-06,4.806607907379475e-05,0.00010796957038912293,0.00015435250611821826,0.00018163900890704038,9.69940093031411e-05
mltA,mltA,0.0008629355210093369,185,2.721929849278399e-05,0.00010128330929939317,7.532846907324304e-05,9.629139050342604e-05,2.136131779582088e-06,6.474769728431741e-05,0.00014795994666574292,8.9529503722536e-05,6.743946677459484e-05,0.00019100030741371743
ddlA,ddlA,0.0008625134885787694,186,0.00016014178195616018,0.00010995831401473853,0.00011773649239492602,1.0641863691330098e-05,0.00011504762634539253,6.609379486053733e-05,5.6282957824282015e-06,0.00015686734655982255,4.3200552272589314e-05,7.719742070084477e-05
dcuD,dcuD,0.000861054993187868,187,1.2812610986762784e-05,1.664261725929601e-06,0.00010314955249265321,0.000173238416422516,3.234342626734382e-05,0.0001588413395692569,3.147080201937254e-05,6.789508195590131e-05,9.117709318791745e-05,0.00018846240856021444
yhdJ,yhdJ,0.0008608538352560096,188,2.243504271758754e-05,0.00010855987950192013,0.00010894640031521488,3.68263823784566e-05,6.59197789481654e-06,1.110431522739993e-05,0.0001631773863450204,0.00014321128064469967,0.00015711169311727718,0.00010288947711361673
aegA,aegA,0.0008600870169152559,189,0.00016969105465512735,1.9469982412032376e-05,2.0568895785578957e-05,0.00014271253607138308,5.7682692973174484e-05,0.00014346185466429303,0.00010364005261297241,5.9832107345313586e-05,5.922431264094077e-05,8.380352775443984e-05
ilvD,ilvD,0.0008598189146484959,190,1.3372553186787098e-05,0.0001292621581024118,2.633604205278193e-05,0.0001487187965927001,5.61582065850646e-05,3.809251040557844e-05,9.403424457302863e-05,0.00011990158721122728,0.00010062186497469887,0.00013332095096421718
potD,potD,0.0008571362260617485,191,1.531411975953007e-05,9.47157485329327e-05,3.29790274145518e-05,0.0002964875227673239,4.514699754331405e-05,0.00012758774401640003,3.22757386273427e-05,0.00011581538243155836,9.282109136842036e-05,3.99285360037468e-06
gspD,gspD,0.0008567782850803448,192,7.310298291422643e-05,4.7522239907526784e-05,0.0001276623510734267,0.00017972949422223424,8.247270330062354e-05,0.00021629485029731486,1.9487536011952873e-05,6.8947825169268905e-06,4.268868257419242e-05,6.092266226192003e-05
yfeZ,yfeZ,0.0008538270184604457,193,0.00012112051808375491,4.509465920809452e-05,4.026044204999453e-05,0.0001230754508392775,2.755564260751894e-05,0.00010265941145238015,2.1684794372033597e-05,0.00015393585822274193,0.000125064931803482,9.337530982116766e-05
phnK,phnK,0.0008535338386310427,194,6.139433364948795e-05,2.6627838780726378e-05,6.614576817118566e-05,0.00011965304429260576,6.625968621066634e-05,4.57402264633467e-05,0.00013813827023517565,0.00012107405147376385,3.649801465068456e-05,0.0001720026047033999
yfhR,yfhR,0.0008517202673334523,195,8.703189418589769e-05,7.691546683030933e-05,0.00022010859708126778,2.5019200079059474e-06,2.7497563294831923e-05,0.00013677954146041108,0.00015839410336650875,5.374363856344408e-05,4.8173547860842245e-05,4.057399468203352e-05
lsrK,lsrK,0.0008498285820030977,196,0.00015614882041621621,2.940018580535101e-05,0.00013577408228342312,6.915359487045394e-05,5.7348544746041516e-05,4.459195522526686e-06,6.673339388169562e-05,8.83886547258212e-05,0.00010242755636393002,0.00013999455338763842
pgm,pgm,0.0008497679345677108,197,9.939674126990875e-06,0.00028149399051574967,6.099061908933563e-05,7.378763180940094e-05,5.621569350750225e-05,0.00011868537586368218,7.520825352794212e-05,0.00012156751855013824,3.5836813967146184e-06,4.829549618025426e-05
yaeF,yaeF,0.0008478075841657306,198,7.995377752199642e-05,0.00010548702849477459,0.0001233379120219189,0.00013877298819361345,2.0478050197273333e-05,0.0001454179854133505,6.358849636696828e-05,8.91593002574128e-05,7.679253516718922e-05,4.819510531233011e-06
ompG,ompG,0.0008476557416821587,199,0.0001615028297171653,0.00045365362851446534,1.4749944552037861e-05,3.083756558410281e-05,4.672999872219958e-05,1.8878419135085327e-05,4.702209046006787e-05,5.695896604441463e-05,1.2481138609976556e-05,4.841160342643425e-06
ydeM,ydeM,0.0008472824532505981,200,0.0001912473401252648,3.636738951737428e-05,0.0001432291414030149,4.9642430764014604e-05,0.00010376669197204605,2.369790096785324e-05,0.0001322016902378475,8.070780545385937e-05,1.9020612167419228e-05,6.7401450641904e-05
ykgN,ykgN,0.0008449914071619521,201,0.00014899999814605946,1.3515846684502964e-05,6.406511229530214e-05,9.971432247107776e-05,0.00010910984193318523,0.00014900645986361412,3.630972211774825e-05,0.0001165120822844585,1.5262000878200457e-05,9.249602048780319e-05
yfdV,yfdV,0.0008398847428246085,202,0.00012894457891677875,2.272326508186466e-05,5.491780863424327e-05,1.4606780305286204e-05,0.00010926613493815815,2.9334944359022287e-05,0.00015682044731131175,0.00010528519047328891,6.0468788967281675e-05,0.00015751680383737295
murF,murF,0.0008397884559242336,203,5.687718935550047e-05,1.4962632057874738e-05,2.7327105603467744e-05,2.714310286676307e-05,0.00015482238944788265,6.612614253158992e-05,9.940660684336366e-05,0.00016018442884740855,5.753535635724898e-06,0.00022718532273465793
yddA,yddA,0.0008389676210180861,204,0.0002246702691027533,7.904991657434188e-06,6.714892661813361e-05,0.0001080491555193232,3.9848914960367374e-05,8.162294309974756e-05,0.00017605808887299557,2.5145682565370423e-05,7.796258571931601e-05,3.0556062902644794e-05
yeeY,yeeY,0.0008381819812659828,205,0.00016740818477827785,0.000126101113837977,3.9321759533723844e-05,5.3508059830098026e-05,4.197333647987207e-06,3.062615438545208e-05,0.0001754531444016864,5.5556519499763426e-05,7.941016125456218e-05,0.00010659955009645484
pyrI,pyrI,0.0008376320391964106,206,1.4972223623977176e-05,3.788353005418067e-06,7.380111587400353e-05,0.00015540195044172632,0.00011697305636106299,0.00010730801277762199,0.00011737034875363092,8.389850145163083e-05,0.0001293509112725656,3.476756563477311e-05
kefG,kefG,0.0008376263701277104,207,7.478424531410789e-05,6.623812989797322e-05,0.00010194678200499081,2.2431832932003157e-05,0.00012979491148750271,7.166129262699458e-05,1.1843463362332936e-05,0.0001162920622687787,0.00011454804266839578,0.0001280856075646308
ycbC,ycbC,0.0008358720648832988,208,0.0002178198083287244,0.00015412247389083955,3.670116426175713e-05,4.790417586196842e-05,0.0001209895325232514,5.464585122121454e-07,5.4510607439756554e-05,5.6304691983904376e-05,6.979782105627616e-05,7.717533102460869e-05
lplA,lplA,0.0008310220092176254,209,0.00013451564668877546,7.91970316131531e-05,0.00010610690957370253,4.4262819969876283e-05,7.159972434233663e-05,3.8887658072753146e-05,0.00012978936757266737,7.149644021205684e-07,3.9175291840034035e-05,0.00018677259514220636
sixA,sixA,0.0008305014788167385,210,6.30095456088815e-05,4.921448811179975e-05,0.00011734485075451287,0.00013728248178828214,2.920945949172895e-05,0.00018673219874941203,1.6109378795779107e-05,7.415821718740324e-05,6.909556210371824e-06,0.0001505313021185671
idnO,idnO,0.0008290138680086079,211,0.0001175501577657221,5.066045794563413e-05,5.556235518494479e-05,6.490704709015447e-05,0.00017138899592044227,3.055414119491697e-05,0.00023193195024091547,2.6001151248059067e-05,6.516649044431169e-05,1.5291120973506867e-05
yhhT,yhhT,0.0008287153176328776,212,2.2191043251507436e-05,4.1196448216041994e-07,0.00014177239176931658,0.00010060238456103175,1.949480601287908e-06,8.238601517791176e-05,1.5014522375075735e-05,9.69953618838941e-05,0.00024285434311344478,0.0001245378104172472
ydeT,ydeT,0.0008285600967593411,213,0.0002949907899238063,9.464494731665426e-06,9.032205438506478e-05,1.4838468765509232e-05,0.00010973443872361697,7.841391167299779e-05,2.5553057986876752e-05,0.00014835358932631647,1.4918608421238716e-05,4.1970682822248674e-05
hlyE,hlyE,0.0008284077101363247,214,0.0002802845046542736,0.00014305942498727618,5.14739348484581e-05,4.258118434516731e-05,7.619989712417252e-05,3.99703214176123e-05,0.00011530984015973149,1.7411638417152114e-05,4.7244627807187805e-05,1.4872336375293118e-05
yagM,yagM,0.0008277085134512166,215,0.00015915846980757962,6.961636754638287e-05,4.25141013505118e-05,5.8473111700801014e-05,0.00013581319546863494,0.00018186921487659834,4.884081076387208e-05,5.1763496967391764e-05,3.7806555492129024e-05,4.1853189477315145e-05
yhcE,yhcE,0.0008272474400785525,216,0.00013369408247300202,5.624556428673209e-06,7.49705685421616e-05,5.005387087664926e-06,3.811724667212168e-05,0.00017382405513224233,0.00010700779558560644,8.000585404241627e-05,2.839910874411354e-05,0.00018059878537055054
thiM,thiM,0.0008264015806099803,217,0.00020514747150419802,0.00011996220192270097,2.95756986032274e-05,3.891302593248514e-05,0.00010024696653761602,8.355635707087357e-05,4.889522262808977e-05,3.7960110996960547e-06,8.242299171067947e-05,0.00011388563360041386
yfcC,yfcC,0.00082547918034874,218,6.923918497788565e-05,5.930624659936829e-05,0.0001249625830943812,0.0001417072502381625,4.243332408499066e-05,8.874827984529136e-05,8.783207205097376e-05,4.112442075004464e-05,1.1069564526406262e-05,0.0001590562541812357
atpH,atpH,0.0008253745611998374,219,6.770676830540652e-05,2.9747862943468444e-05,0.00017880968775503165,8.113677579591189e-05,0.00011179786638440319,6.766065188457295e-05,8.377497353656876e-05,5.741278748475511e-05,3.382816782763353e-05,0.00011349901928208532
yagW,yagW,0.0008217137360816985,220,0.00016801705663676056,5.0436384042551086e-05,2.1744071894904845e-05,6.12181835687163e-05,0.0002051525886633846,3.3108066213142197e-05,0.00012090887662980319,3.852368010869081e-05,9.793216586611911e-05,2.467266245762579e-05
cmtA,cmtA,0.0008215009829371787,221,0.0001641443340224945,2.0392725438119507e-06,6.125040301220416e-05,8.990463946730943e-05,5.583152994241356e-05,0.00014274422272373292,0.00010945539695321401,0.00015057769650557657,2.6918613508681637e-05,1.8634874257739856e-05
yfjD,yfjD,0.0008187776752585652,222,5.5223028747143564e-05,2.3647119135171294e-05,6.412837287983041e-05,6.276846181341679e-05,1.5886147544721903e-05,0.00019139525578447465,0.00014514955467590893,6.363956968256182e-05,7.977770397100018e-05,0.00011716246102433568
rhsB,rhsB,0.0008187238382439168,223,2.6045643406827913e-05,2.9839398450255185e-05,0.00016647863062767444,2.7355962852535124e-05,0.00014249089653708087,1.1417820894059365e-05,8.686008625031653e-05,5.536732851088245e-05,0.00012534063099155365,0.00014752743972273126
mobA,mobA,0.000814982533066993,224,9.351069796801915e-05,7.820069925239422e-05,0.00013517100951791823,0.00012410488742158345,9.401394233363421e-06,6.580515998419244e-05,1.2018856588777574e-05,6.094594907905702e-06,0.00011061709382562387,0.000180058139367215
ynhG,ynhG,0.0008143739691779127,225,5.960497486479954e-05,0.00012012723350593765,0.00012180829653486083,4.130269982972381e-05,0.00022721460191217567,5.360823685766428e-05,0.00010116132596334211,2.0114001428338385e-06,4.125022445078993e-06,8.3410177121496e-05
trg,trg,0.0008135821841690864,226,3.2993241005408814e-05,5.083967183337044e-05,0.00011517067488793431,0.00016424867333695185,0.00010836255553569231,8.317146347398977e-05,3.034296217710867e-05,3.813152457675618e-05,8.32409835300676e-05,0.00010708043381180637
fepA,fepA,0.000812969037873557,227,2.034470581351427e-05,0.00010372935744260599,5.3523783676576746e-05,0.00011117987505232948,0.000202856657495919,0.00020776632922808508,1.1726167401695109e-05,7.4942320083850885e-06,8.065355472895498e-05,1.369437502549118e-05
nudB,nudB,0.0008123799704546299,228,0.00010293925958290317,2.198996729861503e-05,7.746610361990742e-06,0.00012914453578585398,0.00012724193742532332,1.4054828002804387e-05,5.702163154583039e-05,0.0001896608435198497,1.3100917139683231e-05,0.00014947943979177605
ydeP,ydeP,0.0008121751112495476,229,0.00026479538518691515,4.9723446244353994e-05,7.686114922093839e-05,4.561828888043997e-05,0.00022673730952356967,4.953417102490545e-05,2.066388051770654e-05,5.290911583370288e-05,2.080651755421204e-05,4.525847262803508e-06
sulA,sulA,0.0008109521566549012,230,7.708877698786313e-05,0.00013249515479287003,7.973811461576064e-05,8.423148441718573e-05,0.0001424093270728925,6.04791144334082e-05,7.354567446121306e-05,4.843677303879192e-05,9.448230678895998e-05,1.8045430045955905e-05
ygcK,ygcK,0.0008083860820519271,231,0.00012959149726571138,8.527592786995616e-05,2.32072157865936e-05,4.959620340276094e-05,2.0716759128625733e-05,0.00014854841261441808,1.5463483548523458e-05,9.941542052114023e-05,0.00015773703503993918,7.883412687425837e-05
yfaP,yfaP,0.0008050351068065409,232,5.607835689586818e-05,0.00012732733299920535,0.0001364716876287609,4.453945135983053e-05,2.9278253792201332e-05,0.00011636197395353443,3.2515877331731884e-05,3.6104221644692385e-05,0.000133894904109396,9.246304709131979e-05
yhgE,yhgE,0.0008038802572584353,233,0.00010310875758128808,2.216821359170567e-05,0.00013184728742440642,2.9109409049415415e-05,0.00010305541045898361,8.020670035829149e-05,2.2482025649609887e-05,8.941835662679552e-05,4.704606184879973e-05,0.00017543803466913956
zitB,zitB,0.0008032042376089009,234,7.801585508808494e-05,3.656860544947263e-05,0.00011952724390911495,6.250249896775822e-05,3.7866467810107155e-06,0.00029347355518573857,4.6138365890892486e-05,2.385233934950045e-05,0.00010957705096753198,2.9762076019796043e-05
torS,torS,0.0008029659506732925,235,0.00010971447354340277,0.0001468933748855244,0.00023522987226891313,4.9301829041150055e-05,3.3066664895594994e-05,7.190116548972858e-05,8.716992642068759e-05,3.996152805626572e-05,8.821157880329811e-06,2.0905958191695422e-05
yjeJ,yjeJ,0.0008017532820175597,236,5.0568863385068796e-05,8.609590541546364e-05,6.0096458901743e-05,0.00014414974203668545,0.0001227650107707395,0.00025536891576093617,1.646772287583933e-05,4.634392264774939e-05,5.566108903643021e-06,1.4330631319691486e-05
yeaS,yeaS,0.0008015790907305061,237,0.00019897037281427132,0.0002581992079076088,1.198224178363525e-06,6.254963278467741e-05,4.91015812816936e-05,1.2004881570927536e-06,4.4591431842244e-05,5.657533922132459e-05,8.892583820387733e-05,4.026697433935274e-05
frwB,frwB,0.000801039302929603,238,0.00013969987178319987,8.267115305908733e-05,0.00010137531335119763,2.4282340182564202e-05,8.222646760086898e-05,0.00010220881411094536,0.00015441062195579788,3.811458775310641e-05,1.2532935740149254e-05,6.351719739268619e-05
wzxC,wzxC,0.0008002851687755286,239,0.00022360024489548474,2.8937598318902494e-05,0.000152235623626558,2.8149279543119095e-05,5.080638934377485e-06,4.0788378067915566e-05,0.00013245082615572464,2.137203503519863e-05,8.081517543291602e-05,8.685536876533178e-05
yfdH,yfdH,0.0007986625510950369,240,0.00017517969956489378,2.2734501988429346e-05,6.827340031893393e-05,0.00012830090956603653,3.866718430382375e-05,5.394655285570223e-05,1.63885012184658e-05,7.069406817151058e-05,9.521437872339569e-05,0.00012926335438384533
nepI,nepI,0.0007986490282407943,241,5.343530905482317e-05,2.961344075439094e-06,1.349548180363691e-05,0.00010600045436413268,1.4791616351065403e-05,5.194472160144005e-05,0.0002063722894164102,0.0001788924428369721,2.6538763657427152e-05,0.0001442166050794475
yjgR,yjgR,0.0007981022630967591,242,6.36235586885382e-05,0.00015098987343572566,9.778959724493329e-05,7.201080561134278e-05,4.93246212481478e-06,0.00011276154756159451,0.00012920285825287722,0.00014815331254287089,1.5547179486932138e-05,3.0910681471296173e-06
ydeQ,ydeQ,0.0007977420195022755,243,0.00016231257231346736,4.85228539568239e-05,4.575693225077328e-05,0.00010367924770834205,0.00013550053479345704,0.00017584036432959758,2.2423557137040372e-05,3.3880721280538315e-05,2.4318310767368527e-05,4.550692496486709e-05
yadM,yadM,0.0007976427397192427,244,0.00011161190338129746,1.4617975351152087e-07,8.044510400814307e-05,4.132997797687554e-05,0.00016443448140843246,5.968218255986815e-05,0.000168823232152383,8.412574136768221e-05,8.12223222283269e-05,5.8216148827225105e-06
cadB,cadB,0.0007940745216147201,245,7.259190340036038e-05,2.9487109955563244e-05,0.00014488076846012706,9.237640961197345e-05,6.896998104227774e-05,7.00694716658754e-05,5.370036798349594e-05,1.285289135564865e-05,9.100781668297345e-05,0.00015813780145642478
ybeF,ybeF,0.0007940448681711233,246,0.00014189311186541583,8.274835671547453e-05,7.070286577926606e-05,2.692874434433373e-05,0.0001217044993612993,0.00015360852569729964,1.406942897052417e-05,0.0001110376046772226,5.590686010915229e-05,1.5444870651135033e-05
yegP,yegP,0.0007940119363644886,247,6.328062368642896e-05,9.69864502762494e-05,0.00010282373398492772,6.605810403217179e-05,0.0001687952495895154,5.024330295874792e-06,6.77536173998716e-06,3.461624626125185e-05,0.00010784553457962027,0.00014180630191846128
tmk,tmk,0.0007929251703101268,248,5.369123985418722e-05,8.70716022765572e-05,0.00011131542780396914,6.751656718023192e-05,6.166398662095489e-05,6.432869528608123e-05,0.00010477693315164936,8.257668554916484e-05,0.00011073895148240259,4.924508110492824e-05
menB,menB,0.0007918202108405888,249,0.00018790605328107164,5.994280173736148e-05,3.940510793275889e-05,0.00012103637784660624,4.454393274284137e-05,3.262688912712756e-05,5.2678320663898076e-05,6.5230714243445e-05,6.376087011462136e-05,0.00012468914315085728
rfaY,rfaY,0.000791543984194121,250,0.00010719659239129069,5.085547804640823e-05,4.280217861559981e-05,4.390164539617261e-05,0.00017496659211355494,9.627191828959061e-05,3.630790542999426e-05,0.00012812106188635712,9.851042447010493e-05,1.261018755504777e-05
yjjK,yjjK,0.0007896157023000844,251,9.499996345134032e-05,5.420385892168312e-05,7.807789250647471e-05,7.323761807691677e-05,1.9539123560198708e-05,0.00018970003021611022,7.80646025101145e-06,2.5006836071535776e-05,9.959543859159015e-05,0.0001474484806532232
yfbN,yfbN,0.0007890618039183563,252,0.00013964943829780635,3.10880875290759e-05,2.301092231676599e-05,0.0001320635994385759,4.297041836745137e-05,1.668841716256319e-05,0.00015393141548431213,3.276371917110375e-05,0.0001381363197203104,7.875946643039132e-05
yliF,yliF,0.0007849699928987304,253,4.0116128751077494e-05,2.6307524759951314e-05,0.00010647094662294136,8.409179412303104e-05,0.00010062332897302006,4.084143844995405e-05,0.00011465018291268022,3.144194202211509e-05,0.00020704430029692324,3.3382405987036524e-05
yfjI,yfjI,0.0007845669183985444,254,0.00013948025450664188,4.6108720338500945e-05,2.3787323293425167e-05,5.184933548217221e-05,4.182953465028529e-05,5.037178104528551e-05,0.00029207588734613053,6.229086906358358e-05,5.097720052222698e-05,2.5796012150292313e-05
yfjM,yfjM,0.0007843338648696333,255,0.00010545392099260473,1.1309648417503514e-05,3.422837884986231e-05,0.000125723425137197,0.00012244858508292492,2.3067951100649157e-05,0.0001570063663640101,0.00010241360529961404,7.053670075744899e-05,3.2145282867818495e-05
yaiO,yaiO,0.0007840066940389836,256,6.175370982479737e-05,1.3113965305817875e-06,0.0001522020332343744,8.274373421314586e-05,5.413302910607367e-05,6.981931260640686e-05,0.00016490544169558348,1.5515714667651484e-05,0.00016545487462341527,1.616744753695349e-05
yebB,yebB,0.0007805638184277649,257,0.00014301139343571664,4.656717027844949e-05,3.283104946535702e-05,0.00010564755865373806,0.00019835234685019117,1.4769802312101098e-05,6.872872971141735e-05,0.00010790849124626651,1.1340526767089922e-05,5.140674970743753e-05
pnuC,pnuC,0.0007794257198789761,258,4.568110429354554e-05,2.203196433995121e-05,0.00018503526972969039,0.0001217550518880465,5.716824152098796e-07,0.00011704532421352784,4.043493091723036e-05,7.559632351264798e-05,0.00011908791153142606,5.218615703770041e-05
yebC,yebC,0.0007792421346358596,259,5.533548198091969e-05,5.4926659355824065e-05,6.164430892030442e-05,1.4992029753977471e-05,0.0002044517265581675,0.00010506600797675379,9.991690261139079e-05,3.0594690722157624e-05,0.00015006230969380395,2.252017062560256e-06
adhP,adhP,0.0007791844891734389,260,1.7560097065756574e-05,1.5376414127252246e-05,0.00016583710809108844,0.00013177732388043107,0.00010625229443911342,7.809406448493753e-05,0.0001047632216020356,0.00010925147123055408,2.6517594279189763e-05,2.3754899973080143e-05
aas,aas,0.0007791495147475854,261,9.330765825200928e-05,3.579453319246684e-05,8.221506540593993e-05,0.00015238180785720742,1.2464793217397478e-05,0.0001870858110612273,3.822438659339223e-05,4.509923180005685e-05,0.00013016382846189054,2.412398905997458e-06
yggW,yggW,0.0007770893627085594,262,3.2821509607110806e-05,4.465239379098333e-05,0.0001201141900815785,9.440740034088911e-05,0.00017457246252052815,2.6230204328331223e-06,2.4634321475796082e-05,0.00011293917396934118,6.809024695837092e-05,0.00010223464353112829
uraA,uraA,0.0007767459367849295,263,0.00011376268319085828,3.58098551837604e-05,6.521938789801042e-05,0.00014910647291092142,6.697393640779855e-05,8.525743850351856e-05,5.827396946450357e-05,0.00010590113412529114,3.409889146559012e-05,6.234216763467703e-05
yqaE,yqaE,0.0007761744300420982,264,1.0373691295136788e-05,6.86310689272586e-05,0.00012937993591357298,4.862804249125819e-05,0.00028047284531446354,1.9337176716091553e-05,4.207333196518304e-06,9.06592441653746e-05,2.5280541177692386e-05,9.920455084473123e-05
tktB,tktB,0.0007757066632127558,265,3.7624306428632676e-05,1.0863095086412008e-05,8.999137364571124e-05,0.00011430279284006341,0.0001222306061125226,8.702655822950702e-05,0.00010026534276336393,7.740030935157017e-05,0.000106734648638382,2.9267630116590707e-05
hflX,hflX,0.0007756772671021211,266,0.0002550051627985931,4.976190165200115e-05,8.931624612452061e-05,1.994578393524202e-05,8.643951155818652e-05,9.416962609506343e-05,5.4374918859662096e-05,3.251100378219633e-05,4.4713268057225475e-05,4.9439844239430404e-05
pyrL,pyrL,0.0007738718883013774,267,6.461214280590088e-05,4.315727412523802e-05,1.658268566404491e-07,2.9709281203646834e-05,0.00013244501469634833,0.00017041204301743252,3.1539681684243705e-05,0.00015804164091392692,4.5808208933025204e-05,9.798077406497453e-05
idnD,idnD,0.0007727166831471653,268,3.873129450047604e-05,8.09746088620932e-05,0.00018460801600401802,5.10508225984447e-06,7.656378758132597e-05,7.780882299841627e-05,0.00016685752836142004,4.568687882667341e-05,1.919959345532906e-05,7.718107029756867e-05
gadB,gadB,0.0007704326649043555,269,7.362821992423232e-05,9.503673914836776e-06,1.9938213536791735e-05,8.62664346706401e-05,6.9143060050588e-05,9.650677373392947e-05,6.396524646705552e-05,1.977960905995582e-05,8.151674833809815e-05,0.00025018468520822764
evgS,evgS,0.0007695964464989503,270,8.292224573085354e-05,9.342302232616581e-06,7.397871010763356e-05,6.668891029389247e-05,0.00034329282997503914,2.4501664338987587e-05,4.5384486639242146e-05,4.3504975781503486e-05,6.261430377176749e-05,1.7366017627414237e-05
fimA,fimA,0.0007689556078635919,271,2.9508870888315686e-05,2.1328686708950422e-05,3.8463080966031596e-05,7.457674809515627e-06,0.00014501184540455865,4.123200662792129e-05,0.00010685386159563578,7.980187158288275e-05,5.3004246277556816e-05,0.0002462934630022233
ygfG,ygfG,0.0007678022995125067,272,3.861001558478416e-05,2.010475839100955e-05,0.00015875826661523586,1.4205097918167165e-05,0.00012765313568116209,8.091521176691999e-05,7.050953171391313e-05,8.45633630373098e-05,6.85399905071626e-05,0.00010394292829684243
yfaV,yfaV,0.0007669881076294675,273,4.726947697627823e-05,2.363466704207073e-06,6.254716370620137e-05,5.90673405340727e-06,0.00017620344395571016,3.5769021683679154e-05,7.971698095055166e-05,7.831563291499895e-05,1.8224815311066128e-05,0.0002606713713733676
ymgD,ymgD,0.0007652684527817564,274,5.581349216683248e-05,3.989796111486101e-05,0.00011611454794082855,9.346096890252942e-05,8.585717521986865e-05,0.00010851402196762566,3.9704906135335214e-05,0.00011466704059102345,9.213481739786724e-05,1.91035213449848e-05
gmk,gmk,0.0007634907075568185,275,4.498755645903931e-05,1.2738735218006265e-05,6.351322383684752e-06,9.815935054375275e-05,0.00014831453047721286,1.671223924303106e-05,0.00018375018084740297,0.0001293961345129863,8.768762956490878e-05,3.53930283067934e-05
ybgD,ybgD,0.0007629581833069286,276,0.0001680510545024721,0.00010481598119526853,4.9906466810694354e-05,2.7277916535322162e-05,7.776333337429581e-05,8.787521587541742e-05,0.00010084576046851773,2.962566406269571e-06,1.02051480881438e-05,0.000133254740050527
yfdK,yfdK,0.0007627977696804105,277,0.00011446876686222455,0.00010947180541623036,9.965315207344855e-05,3.615007025515129e-05,5.713958718315348e-06,0.0001106621232601446,0.00011814356540862515,5.0405768467914556e-05,7.5789616941247425e-06,0.00011054959752423138
apaH,apaH,0.0007626921561244094,278,9.782166724211292e-05,5.33193513133548e-05,0.00013911450185353423,2.5596107185314156e-05,4.080126132621292e-07,0.00017591080980452914,3.6457223230423404e-05,1.0370796818830683e-05,0.0001628006667524314,6.089301931061655e-05
rpiA,rpiA,0.0007615421286499515,279,2.8922290938695605e-05,4.412359326906498e-05,9.884596938435913e-05,9.838222369839487e-05,7.77426799958986e-05,0.00011381897518156052,4.98253094380006e-05,0.00013093016867522564,8.715124883495628e-05,3.179966923379537e-05
yedQ,yedQ,0.0007601239530411447,280,0.0001939974123945851,9.593038248353968e-05,0.00010950648937282264,3.572231571159461e-05,7.10846977428376e-05,4.283884843039459e-05,0.0001264345121318481,7.091752950520817e-05,3.907802811972075e-06,9.78396245634209e-06
hybC,hybC,0.0007597547247589178,281,0.00013955490905819692,3.626817771770833e-05,8.347352259905173e-05,7.853135486380914e-05,4.834853288487064e-06,0.00014689999822748917,3.912729797474478e-05,5.525446984797554e-06,5.1336029768593885e-05,0.00017420313427603932
trpC,trpC,0.0007595618259076085,282,0.00017483181485850727,3.477732119703413e-05,3.038535129781845e-05,0.00011598097428376477,1.926623387083021e-05,2.1910784258662212e-05,0.00018535039598409993,5.9243586224786205e-05,4.809023003875224e-05,6.972513389335304e-05
gidB,gidB,0.0007591196502235867,283,8.081683119466397e-05,3.1478427541401824e-05,7.552845371785235e-05,2.9158916281863295e-05,3.964839073021314e-05,0.00013758691796963247,1.711718602705121e-05,8.185508315515169e-05,0.00011397336714619162,0.00015195607645956515
chbG,chbG,0.0007586042125917302,284,0.00011588494651803701,7.483504688883935e-05,6.128750701622916e-07,1.2147844405556598e-05,7.586028102386668e-05,0.00011836726031987235,0.00010352248627696469,5.1546864447020656e-05,5.521173317771569e-05,0.00015061487446369493
caiT,caiT,0.0007585631602444246,285,9.438828985089259e-05,7.644928164147686e-06,0.00016128958950826198,1.0136163649365403e-05,0.00010314012733575536,5.969898748435584e-05,0.00015069356732144286,8.065373270845718e-05,8.048406611277184e-05,1.043370810897386e-05
basR,basR,0.0007581763821419847,286,0.00018931852163822302,0.00011586047085734913,3.5263046342860394e-05,4.005416160314002e-05,4.7063390476968074e-05,2.595150671642799e-05,7.501518945413729e-05,6.404093470425116e-05,3.020579955830798e-05,0.0001354033607903196
ydjG,ydjG,0.0007575646484400369,287,0.00013214308013801874,3.786309634630672e-06,9.310615943191431e-05,0.00017279468604784715,3.158495260696883e-05,8.749973663046958e-05,6.466730475508683e-05,7.08313704212694e-05,1.804697149523692e-05,8.310407727859445e-05
glnH,glnH,0.000755345375980619,288,3.4201632260680355e-05,2.2820781977545086e-05,7.161511391928848e-05,8.011113283016544e-05,4.1600941274634443e-05,0.0001645651290622871,6.716440304161634e-05,9.939867993851733e-05,8.65907847598434e-05,8.727677691604113e-05
malS,malS,0.0007505964042923536,289,0.00010570764693577689,5.499029457633476e-05,7.290823538963218e-05,0.00010373497445945625,6.16395357667886e-05,1.17284320602061e-05,0.00021194884157454754,2.3241395768670216e-05,0.00010451301379654634,1.8403396439460456e-07
ybfN,ybfN,0.0007501240176154076,290,4.940304416587039e-05,2.3631319776217778e-05,9.571314479534699e-05,2.224794802745392e-05,4.292034292207243e-05,0.0001342671719876531,5.612619254587384e-07,8.138109940810524e-05,0.00012636590826669447,0.00017363277634053456
yihW,yihW,0.0007485511764840323,291,6.687311248466017e-05,9.495282104064134e-05,0.00011203185048900009,0.00013196744034488816,8.323326564719163e-05,4.7097254021152745e-05,3.352266474909047e-05,6.854238488377801e-05,5.771522383081249e-05,5.261515899281738e-05
ybcY,ybcY,0.0007472417256303277,292,0.00016674235423175062,0.00019503815701116177,2.978795251797129e-06,3.954684571476003e-05,1.7076181849865624e-05,6.30876019520415e-05,7.1218701174044865e-06,0.00020170998110442622,4.869434691011454e-05,5.245591487005861e-06
yebR,yebR,0.0007440070740009991,293,7.338293247117594e-05,7.760888590511269e-05,2.905965738214852e-05,7.845387301997824e-05,0.00015626868746081052,1.4625121610065417e-05,8.199236679185028e-05,0.00010720024748520315,9.890089669069219e-05,2.6514405183962297e-05
dsbG,dsbG,0.0007439296037896322,294,8.475351866064563e-05,0.00013957552174212072,0.00017278719964773445,0.00011807540815750603,7.285826954018339e-05,3.4206695192787435e-05,1.4188187828850564e-05,9.307743768671516e-05,5.653835558205503e-06,8.75352977488331e-06
plsB,plsB,0.0007430616447691597,295,0.00015130322160786767,2.1478214554073555e-06,2.0602400897249266e-05,1.0291800204855903e-05,0.00010767438209542961,5.871882041794571e-05,5.974012164193068e-05,0.0001867132256107861,3.4470000422773904e-05,0.0001113998504149134
uhpT,uhpT,0.0007419880010607037,296,8.32068299095712e-05,3.723581276484823e-05,1.1305575199465668e-05,0.00015231608107024966,5.479416875279446e-05,2.1615843560516086e-05,2.394787398402083e-05,0.00011807267672574542,0.00011231514639502159,0.0001271779926984705
ydbK,ydbK,0.0007409473186218256,297,9.912234962686182e-05,1.4387791838147174e-05,3.5695391006144295e-05,9.702516509098418e-05,5.5154023266249286e-05,1.4488316154687688e-05,0.00015606336170633758,0.0002026998267942299,2.242757340856887e-05,4.3883519729614814e-05
glpK,glpK,0.0007406464850250531,298,7.964087891997334e-05,9.391855417740074e-05,6.577013805788022e-05,5.2047905970708696e-05,4.632361593906527e-05,1.1033492119393444e-05,0.00019400111467112114,1.8509274242604034e-05,6.881773448780218e-05,0.000110583776439104
aslA,aslA,0.0007406158500375576,299,0.00017739229341402602,3.598054108266253e-05,1.2167832720719054e-05,0.0001478408728010636,1.8756004528380612e-06,6.333300939531174e-05,6.997413173785223e-05,8.501110488157622e-05,3.810071414162707e-05,0.00010893974940988112
ppiD,ppiD,0.0007401703100528424,300,1.5007761693962144e-05,8.211755219334416e-05,0.00013615348347431944,2.2522496778603126e-05,0.00015754911489632346,1.4426176332278932e-05,2.31790518191843e-06,8.497840293864794e-05,8.263361059352006e-05,0.00014246380596992473
ilvI,ilvI,0.0007397151931114386,301,4.144226551631316e-06,9.296760440127224e-05,0.00010368234852708793,0.00010560049220883502,0.00011350900625030666,0.00010227821265707001,0.00011239341156527262,4.848483741052186e-05,2.3918027781104972e-05,3.2737025758335875e-05
yqeF,yqeF,0.000738038970922099,302,0.00014106171657351046,7.180327402764268e-05,9.678070581923356e-05,8.761748180664434e-05,0.00016378951676018338,2.8821546080805924e-05,5.524065320174834e-05,7.667702312097701e-05,2.2249848913824955e-07,1.6024555042215105e-05
yehS,yehS,0.0007369192862006218,303,0.00011130896047093682,1.2417485652399968e-05,3.1549490456111914e-05,9.918000100966786e-05,1.9167909367840562e-05,5.042233970417216e-05,0.00012239860293116066,0.0002791103262536847,2.8660725461592283e-06,8.498097808487877e-06
arpB,arpB,0.000736040997931815,304,8.282612661392008e-05,7.000962249614178e-05,2.4160758644292524e-05,2.755969705755197e-05,9.23537631607081e-05,8.709802195687936e-05,2.1796127705167973e-05,7.823779799980319e-05,0.0001727348929306847,7.926418936666524e-05
LELOBEKK,LELOBEKK,0.0007348429345199502,305,0.00012889385307632054,2.8931638126324732e-05,0.0002140795096205835,0.00012716630489732625,6.219313636845837e-05,3.181610652551538e-05,1.5890111867096256e-05,5.4911800757731366e-05,3.915546775084463e-06,6.704492650550935e-05
ydfX,ydfX,0.0007343954804212908,306,0.00011047118407429454,7.306209201698618e-06,0.00012246437460585295,6.151431439588419e-05,6.68806960906298e-05,4.757394567972172e-05,5.2971363018168516e-05,0.0002154053559135141,3.347460686098543e-05,1.633343058054105e-05
ydeJ,ydeJ,0.0007330657180580931,307,0.00010745401093574106,4.158644581238437e-05,7.868135803803822e-05,0.0001185013232570347,0.00011492115259441508,9.484398923502697e-05,0.00010535776748543484,1.2913122147468926e-05,4.856013835000383e-05,1.0246410202545107e-05
rimJ,rimJ,0.0007316216554927393,308,5.7084021013379483e-05,1.8386171168953712e-05,6.250057851656461e-05,9.962970008270255e-05,1.2801766388695471e-05,4.2261124569545076e-05,3.2983074087168326e-06,0.00023890372399028436,0.00010421347517971948,9.254278717417763e-05
lit,lit,0.0007308694245972292,309,1.2209253181679448e-06,1.5081459876696028e-05,5.827505565076259e-05,6.208283682045183e-05,0.00023319258639729591,5.033241360488687e-05,6.74177334532434e-05,7.410832889379333e-05,6.09152575685907e-05,0.00010824282701334058
rpoD,rpoD,0.0007297942061778129,310,0.00011329694169831078,0.00012093353087078871,8.263073498273523e-06,6.39448344305278e-05,7.751400892081956e-06,2.864608304976937e-05,0.0001544961798538994,0.00013610920923979328,7.838944802452072e-05,1.7963504619847238e-05
hyuA,hyuA,0.0007281362561141887,311,6.92358684517413e-05,8.628972103719759e-05,3.5714384174730206e-05,0.00015631932146601665,0.00013707552925001825,2.920473932032989e-05,2.7227332891237025e-05,2.096980648819147e-05,4.64845834098701e-05,0.00011961496962485617
yfaY,yfaY,0.0007276566700945696,312,7.21054044269408e-05,8.920351176960099e-05,0.00012228822784336426,2.718144789488696e-05,0.00010615603884845832,2.7887230895772936e-05,2.288193732389999e-05,8.9037000278135e-05,6.629739831101491e-05,0.00010461847250249538
yeeN,yeeN,0.0007275814969241446,313,4.7915890777351015e-05,4.501042553804011e-05,7.100499309125962e-06,4.400162892075133e-05,1.1718832384447124e-05,2.379944999627913e-05,8.618329444731035e-05,0.0003314279323382461,2.138719835173457e-05,0.00010903634486085877
vapC,vapC,0.000727509133593246,314,2.1134525763823196e-05,2.2519251242164567e-05,0.00010107293586503638,0.00013292044285985558,0.0001776631903713374,1.567163774235188e-05,0.00011649431578945215,1.6756651886050054e-05,2.2940707794596083e-06,0.00012098211129371533
yjfL,yjfL,0.0007274199210283774,315,8.508836913254056e-05,2.510635109861468e-06,0.00011020049137073183,6.249779050790686e-05,6.23117898288519e-06,3.864631795168374e-05,1.569151246709947e-05,5.2694500380959954e-05,0.00010269416295311783,0.0002511649621715904
pinR,pinR,0.0007232249275519573,316,0.00013433723354063513,2.7115875051428626e-06,0.00014506241432886983,3.1942170492758244e-05,4.996298133348977e-05,8.249655600399193e-05,8.206489060109994e-05,3.712331529605477e-05,5.4432625738639916e-05,0.00010309115271127482
yciX,yciX,0.0007225422771793211,317,5.750010009613441e-05,3.99831843600962e-05,4.170641511605185e-05,5.974786858441744e-05,6.151990363029118e-05,5.2860045644307966e-05,0.00014577476684994665,0.00010056898190547491,9.851843839586923e-05,6.43625725967313e-05
arnA,arnA,0.0007220116637325326,318,8.146873218001467e-06,4.360040487306226e-05,1.7826867883183182e-05,2.762138639923136e-05,0.0001443946852312702,0.0001411312606705187,6.179486674682381e-05,3.545332004860622e-06,5.557140535197409e-05,0.0002183785813536069
cyaA,cyaA,0.0007215242282324341,319,2.804074404009311e-05,0.00010211308226922107,0.0001299589467441757,3.7434772285980944e-06,5.996509224351256e-06,2.0895348824683987e-05,4.316300312538396e-05,0.0001134287410081109,7.797102009450442e-05,0.00019621335567331164
torA,torA,0.0007211258803468782,320,2.0309933967970462e-05,7.560146972287688e-05,3.208703637590786e-05,0.00017305317777864245,0.00010959625193871865,5.307315564243988e-05,0.00014390337772176196,5.575489124723911e-06,1.5070713235287925e-06,0.00010641891675030735
dapE,dapE,0.0007200454853736728,321,8.920045102871374e-05,7.60705378139895e-05,9.538338025138243e-05,1.4972814112200132e-05,1.2941241665415801e-05,9.839499076598394e-05,0.00016309696788943348,3.1244397741164705e-05,5.0413242216619585e-05,8.832746188876947e-05
glpT,glpT,0.0007199297835696139,322,0.00015791290479152918,0.00010701909130344254,6.536590955508993e-05,4.1822163781632794e-05,0.00010237587167120235,4.6908151992001825e-06,5.5112870490931247e-05,6.802661810111958e-05,3.416343053781995e-05,8.344010813764619e-05
cheB,cheB,0.0007197767403485042,323,4.9282935129278564e-05,0.00025424911412957803,3.916800891099919e-05,6.481580293836749e-06,5.1996138022779907e-05,2.0205030113444365e-05,8.879818332919132e-05,6.469074531374753e-05,3.831896237443963e-05,0.0001065860427312089
tnaB,tnaB,0.00071960482451773,324,2.9367267574018283e-05,3.611816758896074e-05,0.00014562698037597912,5.061362116701228e-05,8.145175083505093e-05,0.00010459134580761647,2.1987372359980368e-06,6.803781713152676e-05,7.763249165706519e-05,0.00012396664514450226
dcuC,dcuC,0.00071951939411392,325,0.0001601447607441393,5.3632897868412883e-05,2.401134892248014e-05,1.2561106590085146e-05,0.00015089534342324157,0.00011336778291821111,3.4203200801081225e-05,8.108953743255603e-05,7.633939075068585e-05,1.327402466302677e-05
ymdB,ymdB,0.0007186100403425441,326,4.866369349804832e-05,2.945210542914303e-05,6.926155187852687e-05,0.00010002817444186912,0.0001313835938343408,0.00013342543888334983,6.529690339449926e-06,0.00016142184698329554,1.858069780429299e-05,1.9863247250227704e-05
yjhA,yjhA,0.0007183293394751058,327,0.00012759408084337645,5.998917922150938e-05,4.958027450415987e-05,7.273445876583886e-06,4.56653873705818e-06,2.6849095202266968e-05,0.0002597581338159279,2.6676438533649773e-05,0.000100649096463703,5.5393056276870205e-05
rplO,rplO,0.0007174069770066369,328,0.0003257656409918513,7.138844547103395e-05,1.708989428325775e-05,7.119292885061892e-05,3.8766830854804934e-05,1.0562750299395653e-05,6.091783382235352e-05,5.384404793468813e-05,5.573284631847902e-05,1.2145758180153713e-05
ycdU,ycdU,0.0007171755308068421,329,8.714515799990645e-05,8.331558159583854e-05,0.00010570296880600364,9.779843300195502e-06,1.1670879939363672e-05,3.0464949681915622e-05,7.598173948340443e-05,2.921594231681662e-05,0.00013021181520581984,0.00015368665247757782
rpsE,rpsE,0.0007164063197880678,330,0.00019361082440225172,3.31988622589804e-05,9.826349649519843e-05,3.691347614876044e-05,6.0040418349805327e-05,6.237352382024443e-05,5.840959379769578e-05,7.617438284153647e-05,2.4433554217975523e-05,7.298818745561921e-05
yjiR,yjiR,0.0007152398883920512,331,7.946417106854632e-05,9.047341334162048e-05,4.8475198920662405e-05,7.24277743022328e-05,9.329666047431293e-05,7.114498145398455e-05,5.461199140669786e-05,8.887191731621218e-05,8.552322071614728e-05,3.09505593916344e-05
glcA,glcA,0.0007150767989840412,332,7.041054903281717e-05,3.435801335406727e-05,9.756529094305583e-05,8.76332692431636e-05,7.683311629493154e-05,3.385781494868868e-05,3.058529482014255e-05,3.992138844729288e-05,0.00022517684504167726,1.8735216858204404e-05
wcaE,wcaE,0.0007121556698503517,333,0.0001894512204334147,9.71787625929843e-05,9.039902969738459e-05,4.615015030211454e-05,8.364403573307155e-05,3.6913084101718888e-06,0.000124873072619931,2.264758710613438e-05,2.4275907397591033e-05,2.9844595557553822e-05
trpD,trpD,0.0007117967840377143,334,2.3707586195435175e-05,2.9621350265361457e-05,8.549645341633332e-05,9.544781373665267e-05,8.924421282789103e-05,0.00011556070265682424,5.1208231945817535e-05,0.00012370722749394157,8.880271324598001e-05,9.000492253477363e-06
nfnB,nfnB,0.0007110481135494481,335,5.057942524563552e-05,7.85555460638512e-05,4.6090016805032484e-05,9.605337801875754e-05,8.112774633481608e-05,0.00014918688405220264,1.0116137434780564e-05,5.6578663237492764e-05,6.976892450704002e-05,7.29913918498393e-05
fhlA,fhlA,0.0007110434583656482,336,5.2486943827795804e-05,1.250663920665444e-05,0.00010485605086362797,8.365552262000642e-05,6.932261866888671e-05,3.619199115208489e-05,2.561053477348812e-05,9.44929447049041e-05,8.733301276115116e-05,0.00014458719978704864
accC,accC,0.0007110085461354578,337,0.00010918505669100116,2.327895136194507e-05,7.4849234215921e-05,3.926659463896123e-05,7.177324895853897e-05,0.00026404776627156465,2.449447132386138e-05,7.328939548467947e-05,8.152419809158967e-06,2.267140737982584e-05
marR,marR,0.0007100139340810868,338,2.100541328750859e-06,4.4956019620059546e-05,8.626047302181148e-05,2.584391509663886e-05,2.6771010018101198e-05,0.00010293713424916175,9.211989812493296e-05,4.3710854469328226e-05,0.0001932720451944385,9.204204295786346e-05
ycaL,ycaL,0.0007092540221034765,339,8.720765320810007e-05,1.4757038689445095e-05,8.292269377563982e-05,6.723216550629877e-05,9.844480741505988e-05,2.9355591796567947e-05,3.8910938258844904e-05,9.567425243437277e-06,0.0002674783002032251,1.3377408006857632e-05
ybaQ,ybaQ,0.0007085155291266106,340,8.403479697839612e-05,1.1701890154635685e-05,0.0001576986285705531,0.00013813003860912228,5.907275148744438e-05,4.3581629075345514e-05,8.810532289239157e-05,5.933954051984903e-05,3.0971393863296583e-05,3.587953697557644e-05
yjeP,yjeP,0.000708264040693255,341,8.434541252332287e-05,0.0001286531516038519,8.335184082770757e-05,9.345948514818198e-05,1.1352387081433063e-05,4.692708483913894e-05,1.7707791720581928e-05,0.00010319232898415498,0.00012427740021411332,1.499715775076838e-05
envR,envR,0.0007081866325580584,342,0.00012915076686508797,0.00011390413668886143,4.944101476181955e-05,5.7668094463171786e-05,0.00011745970260937474,1.0921282807783235e-06,0.0001179228358881334,6.984586812292778e-06,5.0707010590270605e-05,6.385635559826782e-05
yfhM,yfhM,0.0007080928981295687,343,0.00013991013673737328,2.0140656124581533e-05,2.244278256281183e-05,0.00020712195741241424,5.113692648146267e-05,8.845307474708287e-05,1.2722832394938001e-05,2.2603998577770643e-05,1.786359206634968e-05,0.000125696941024784
bglA,bglA,0.0007072236353756306,344,0.00015116749519799265,0.00016327118559721006,4.5021850738523724e-05,2.4874748695112434e-05,2.08158296671515e-05,7.9267162950759e-05,4.25146147406828e-05,9.816958225416184e-05,7.049555343956219e-05,1.1625612094474428e-05
ydjH,ydjH,0.0007061943724534248,345,0.00013071734150912467,4.329456049823479e-05,4.927218960841219e-05,5.531628185303552e-06,0.00014866707597229668,3.2510938048783844e-05,6.387071070984946e-05,7.837913949322925e-05,9.796167567752301e-05,5.598911275066745e-05
hemB,hemB,0.0007056095336825433,346,5.568439653393608e-05,6.20826823078225e-05,0.00012403812759064663,6.152259182980181e-05,1.1212048147365805e-05,5.746144303332217e-05,4.1979389614566764e-05,9.752703748675531e-05,0.00015192575280334925,4.217606433497689e-05
yhcM,yhcM,0.0007055500611075707,347,0.00010615560147247194,6.357802109614892e-05,7.543521728799666e-06,7.970273084064368e-05,4.431311304207251e-05,4.394591666750667e-05,5.941479714213346e-05,4.5266736105302306e-05,7.182645854061924e-05,0.00018380316447187225
sdiA,sdiA,0.000705505746883607,348,7.384612260635652e-05,9.598945426313632e-05,8.437832141383717e-05,1.471852960202212e-05,3.934725029342472e-05,3.349297524034722e-05,8.116801060848456e-05,0.00011567089846059399,1.6842753637055643e-05,0.00015005143075834873
dacD,dacD,0.0007053308326658257,349,0.00010730021174828275,4.247347265951396e-05,9.632435575813317e-05,0.00011793678321602194,9.526353850875275e-05,0.00010505879228693908,6.880511822294188e-05,2.699821089119366e-05,3.714028100190852e-05,8.03006837213795e-06
ribC,ribC,0.0007046194520565653,350,0.00010254848177493175,1.527751649886409e-05,1.2524295647633336e-05,0.0001430104017808718,7.755253828095142e-05,6.746383824755882e-05,8.055475870356588e-05,3.688836035472951e-06,6.144130818892601e-05,0.00014055747689778933
ebgR,ebgR,0.0007041873335349488,351,4.416095977061827e-05,9.37221211094986e-05,0.00011605478236534435,3.81096583239051e-05,0.0001254454920301933,2.4167228487155483e-05,2.7738692561974716e-05,9.521333140474368e-05,9.063966405977055e-05,4.8935403421744725e-05
acnA,acnA,0.000702508143783199,352,2.863015250427697e-06,6.420955642284924e-05,8.25540882606947e-05,5.1567663488082065e-05,0.0001150355018234805,7.029321665297216e-05,2.3637754835154442e-05,1.2311668351048253e-05,6.21482398473994e-05,0.00021788743885109053
yijO,yijO,0.0007019396517505941,353,8.959362015952662e-05,9.70984514142343e-06,6.727479210048848e-05,9.830181929501079e-06,6.037212518355363e-05,0.00013796279716730023,5.068906655377998e-05,2.7660284642364505e-05,3.790091339859044e-05,0.00021094602547406572
yfjK,yfjK,0.0007015930951691039,354,0.00023216255353901744,7.81663020132892e-05,3.721912551512348e-05,1.5572367142330565e-05,0.00010620084533935598,9.04461507115427e-05,1.482129096184691e-05,7.83056827555769e-06,5.528791067011071e-05,6.388598100092916e-05
fdhF,fdhF,0.000700558724939303,355,9.75697097060777e-05,6.884208124906178e-05,5.8159893857845085e-05,2.4913024313030623e-05,9.517855129226553e-05,4.921127257999168e-05,9.608401475944656e-05,9.461595049445434e-06,7.132041003010286e-05,0.00012981817210203577
alaS,alaS,0.0007002139446392415,356,0.00011746147658429736,0.00019477571110642516,2.4657824871919604e-05,3.009588231737657e-05,5.279152284341949e-05,0.00010581429492013526,4.928377589134004e-05,4.083389058645392e-05,4.8561162420493706e-05,3.593840309738031e-05
pyrG,pyrG,0.0006990139197573807,357,0.00010985356415168276,4.1758645468710174e-05,0.00010657658715736861,7.172961450560778e-05,9.326342491450758e-05,2.517621469567493e-05,9.428262748412499e-05,3.407795391126782e-05,9.563728451133363e-05,2.6658002957102497e-05
yihT,yihT,0.0006971835797303492,358,0.0001179151823920016,8.548974988646254e-06,5.216129793765496e-05,0.00012502910655949904,4.430764223329971e-05,0.00013327002545319638,8.35405488687787e-06,4.2768628234004106e-05,3.814881205280198e-05,0.00012667985499236734
yihR,yihR,0.0006955554380260843,359,9.392377118574772e-05,8.709537595018294e-05,7.854578058534383e-05,5.2518230831496395e-05,7.625034045416888e-05,0.0001284539802654375,1.2285902418893567e-05,5.944537706408877e-05,7.685729092337057e-05,3.017938834735413e-05
argG,argG,0.0006952451629647016,360,2.273378317262133e-05,1.820479796810743e-05,0.00011850212854458338,3.4295307315657584e-05,0.00010432361256733076,8.346708266980159e-05,2.2481648164557e-05,9.335092620886364e-05,7.954019405646068e-05,0.00011834568229671813
sdaC,sdaC,0.0006932788114456391,361,8.875249791739229e-05,0.0002675799945325059,5.8713262448463825e-05,0.00010440829019489778,5.579856397307718e-05,9.397315370019269e-06,4.131739427774455e-06,1.3401025780634974e-05,6.201327440934238e-05,2.908284739153108e-05
yiaY,yiaY,0.0006929425711778115,362,6.551161976558066e-05,2.5500198586332504e-05,3.1668595574555516e-05,8.926766920776285e-05,0.0001294787161161673,6.971973669937131e-06,0.00015051634174543214,4.84211766661855e-05,6.173728864875146e-05,8.386899119710649e-05
yhhQ,yhhQ,0.0006924843701461848,363,1.4943072641168985e-06,5.3261351238515185e-05,0.00011091095324504054,0.00014134518973092544,0.00014719474565021195,7.5346851047529015e-06,0.00011034764585069277,3.6679368592098784e-05,3.13951092493548e-05,5.232101422047554e-05
ispE,ispE,0.000692463074805969,364,9.253629966488196e-05,4.160859282982462e-06,6.629658818653968e-05,0.00013527591520767285,3.732314095184994e-05,1.2361309870342692e-05,0.0001374460676368437,7.613709875487452e-05,9.06936666045398e-06,0.00012185642858952728
yhdA,yhdA,0.0006915151399322166,365,5.3127047422697674e-05,7.869147721599249e-06,5.4703627799691554e-05,4.5518881055608774e-05,0.00011594232906093865,1.4658511790532642e-05,5.955344460393212e-05,0.0001926803702675715,0.0001245116786995118,2.295010151013265e-05
eutA,eutA,0.0006911409933471717,366,3.593269377907699e-05,5.9329827990572014e-05,8.95607456034624e-05,3.2589651702299164e-05,2.9205666619661753e-05,0.0001302655032432165,2.6472812911052122e-05,5.797941452272806e-05,9.243161894590716e-05,0.0001373730580291955
yehA,yehA,0.0006890817490744416,367,0.00012212049291019492,3.6405389508307343e-05,8.692196534808694e-05,7.479802630504943e-05,2.499916683756986e-05,2.3249341592071914e-05,0.00015585655161996694,5.323939193008158e-05,4.247065759167367e-05,6.902076543143903e-05
glnD,glnD,0.000688529370630264,368,3.842678773886522e-05,8.086180549938002e-05,0.00012846974571160028,3.7079249616059697e-05,6.975603589258372e-05,7.072050314620538e-05,9.786317211956831e-05,2.7681859744861612e-05,9.458171354997848e-05,4.308849761116142e-05
ygbI,ygbI,0.0006874767705070125,369,8.612989154535867e-05,7.194643102119677e-06,6.5745389503988606e-06,0.00022314063220333543,6.442382594804541e-05,4.901230524672885e-06,0.00014106410722288586,3.1011878984403883e-05,7.043776906335184e-05,5.2598252962440003e-05
pntA,pntA,0.0006874108692591048,370,5.700279370944413e-06,5.489230861036836e-05,0.0001458973072231774,6.207123684201582e-05,0.00010058402005738343,3.127333190761821e-05,7.989967287293761e-05,0.00011904318445296136,3.096498800225294e-06,8.495302912147285e-05
adiY,adiY,0.0006867757517980275,371,0.00016570154458848252,2.6728235344123654e-05,9.38337698213561e-05,6.137746557695459e-05,1.1556747218734413e-05,1.8831643636392068e-05,0.0002029402438972557,6.822016260883305e-05,8.344592671248062e-06,2.9241346434647425e-05
ypfE,ypfE,0.0006858970332920951,372,8.897106872332145e-05,4.089273904613848e-05,0.0002444579063531305,3.0831234322542954e-05,7.27812803718082e-05,3.148333363160678e-06,7.713045994663114e-05,3.4284320799160514e-06,6.348222429462434e-05,6.0773354790821256e-05
amyA,amyA,0.0006837496011163159,373,6.85245294421732e-05,0.00015852463048350872,6.867213021778627e-05,1.7217634547192817e-06,2.9407044716182852e-06,4.843267298677958e-05,8.061288554789073e-05,0.00021188004611753138,3.0355330202054352e-05,1.2084908192254167e-05
slp,slp,0.0006835053798819612,374,8.037923026468415e-05,0.00014128766439214384,7.759496262606495e-05,3.320296249946833e-05,1.537652035095869e-05,6.317647272535794e-05,1.874707235599766e-05,7.541796849245813e-05,0.00015249699311606623,2.58255330587614e-05
yfgB,yfgB,0.0006833770144401295,375,4.201266596133609e-05,0.0001279789042198663,5.9034152179819355e-05,7.762794739388866e-05,7.407345476238513e-05,9.635702801077119e-05,0.00010377131332022082,4.6660527113737116e-05,2.981415047002556e-05,2.60468710080793e-05
dapB,dapB,0.0006820957879733774,376,4.9112321102559994e-05,5.369330626704578e-05,0.00015202679209012907,3.223633352519701e-05,1.8908643895431134e-06,0.00019606730802884025,0.00010385851989151236,2.0213266587814084e-05,6.801241545877963e-05,4.984660631956143e-06
dsbB,dsbB,0.0006818946472212969,377,0.0001646722645788739,5.461121342712896e-05,4.723344550185218e-05,9.863303583121698e-06,0.00012255812652548742,5.046114147773385e-05,3.800343237746312e-05,5.928184976886214e-06,4.016978809765251e-05,0.00014839374667509694
ygeX,ygeX,0.000681760725502177,378,0.0001136888907954361,7.828316737815055e-06,1.7869650011318242e-06,0.00013084481798441064,6.251296001516863e-05,0.00012455585614356803,0.00015334244995832008,3.114629124299042e-05,2.654791319243638e-05,2.9506264430899755e-05
mltD,mltD,0.0006812096051301601,379,7.096007877312122e-05,3.971326446377839e-05,6.374511664894496e-05,3.302647287502427e-05,6.561680228657408e-05,2.7771022634085736e-05,3.103556804160875e-05,0.00014491062051190747,7.425831818246346e-05,0.00013017234071265163
bglX,bglX,0.0006810553595992588,380,0.0001299660126113969,6.167017923541272e-05,9.227243106228369e-05,8.61588579144527e-05,0.00010426738981565333,4.819882228437025e-05,5.252244481323163e-05,6.727078097356526e-05,8.940152811116844e-06,2.9788288077775434e-05
ycgE,ycgE,0.0006809417809833216,381,1.8810610145506508e-05,2.038773958807125e-05,0.0001196534196023586,6.92051395717155e-05,0.00015435053064372136,4.685950185729304e-05,0.00013693912200971582,3.6321774093516656e-05,6.69705167549424e-05,1.144342671648051e-05
yfcH,yfcH,0.0006809074426640545,382,6.254885679090093e-05,5.329240825849247e-06,8.359325315740004e-05,0.0001205005493484321,5.9940980453111716e-05,0.00010428571043319995,2.412969495256352e-05,8.45381249644504e-05,0.00012927171340842378,6.769318329722954e-06
yliD,yliD,0.0006793836755913218,383,6.682434774758969e-05,9.784580725354188e-05,5.4127296898354174e-05,4.248013371076673e-05,1.1453316565603662e-05,0.00014780219864707022,3.46790312962957e-05,7.977534807848815e-05,8.937600289805199e-05,5.502019249555964e-05
yeiP,yeiP,0.0006786960949822561,384,6.888823029925595e-05,6.689172946060948e-05,3.242648189750876e-05,7.817051547771763e-05,8.558107122199277e-05,6.8248465023330404e-06,0.00017644737251469047,2.5103964243173815e-05,4.2693176246978545e-05,9.566870711799554e-05
ydeU,ydeU,0.0006782016434145442,385,0.0001463098308576005,7.035202558728555e-06,7.3043703043511635e-06,0.00010935263614289279,8.908566529208355e-05,6.890233848956889e-05,0.00010974471154758278,1.5909995223097394e-05,4.676129606532861e-06,0.00011988076339210562
btuD,btuD,0.000677605281058922,386,9.504249605699602e-05,2.451180675123685e-05,1.8652095602367867e-05,1.2568971237524742e-05,0.0002291144650727904,5.1297654580752795e-05,2.407255583421046e-05,0.0001663777481333166,5.4431116834870176e-05,1.5363709548560118e-06
rplL,rplL,0.000677134835397931,387,0.0002937504427044001,8.925926992080484e-07,5.966804331999349e-05,3.962599841665761e-05,3.711848417213437e-05,5.436409407808956e-05,6.349043601558336e-06,4.699926052603523e-05,8.57594979923357e-05,5.2607377887518545e-05
yahO,yahO,0.0006770269099343739,388,5.70197780322676e-05,2.511647191722008e-06,7.328919625355831e-05,0.00012855758062525692,7.053995667434368e-05,7.877424556594147e-05,5.86139805107928e-05,0.00010045313311062225,8.08130068159033e-05,2.645438515396551e-05
oxc,oxc,0.0006753771095576401,389,0.00011064606499533367,9.785764306265733e-06,3.3350356240618104e-05,3.133483575887707e-05,6.636389936021078e-05,7.880985472666996e-06,0.0001282569322001993,6.678144810695398e-05,7.33545967703923e-05,0.00014762222634612216
yebY,yebY,0.0006752698519651673,390,0.00014891735740032083,7.499598020494069e-06,3.165834605592564e-05,8.133873768989319e-05,1.0654924213177945e-05,0.00014029632153114832,4.185458018031235e-05,1.9637136960798607e-05,2.3251810426165783e-05,0.00017016103948693054
leuA,leuA,0.0006747980886024432,391,0.00011124852739304971,3.3199244447429e-05,0.00012459210389099073,2.258004532170239e-06,9.679007714645646e-05,9.602297195077246e-06,0.00020372001064746835,2.614639508871463e-05,5.9581316035708316e-05,7.66011222537848e-06
ychE,ychE,0.0006742613844828641,392,6.788519437898942e-05,8.688570895999675e-05,0.00013152309217004482,8.192116419067182e-05,7.10747539496223e-05,2.137946596998066e-05,5.97921638791659e-05,6.1234227285358e-05,2.7447847242346318e-05,6.511776645668811e-05
rutF,rutF,0.000674145199995573,393,6.811280607588646e-05,5.571657947856615e-05,2.625007557514718e-05,8.697433279249874e-05,9.772585604886458e-05,0.00012301928494444907,4.674158590996998e-05,8.885130852447674e-05,3.638873661523082e-05,4.436463403048334e-05
secD,secD,0.0006730345446022646,394,2.306672317954598e-05,2.219659699031548e-05,0.00012891283662096208,2.0925089705299633e-05,0.00015087887323871256,6.953222493285594e-05,1.1278565455618623e-05,5.806851413946101e-05,0.00011716130471588245,7.101381562361088e-05
fliN,fliN,0.0006726558388237196,395,3.761787503608971e-05,3.245882446184888e-05,0.00013220593648652454,1.241746684018541e-05,3.392919846124611e-05,1.1358132391145715e-05,7.868680257348625e-05,0.00012517190941831966,0.00017885343535230467,2.9956257802568575e-05
ynbC,ynbC,0.0006695813835293565,396,5.234643405015392e-05,2.41530152243142e-05,0.00017340645228657606,0.00010967053216164418,4.0004810996258734e-05,8.959310696836873e-05,9.524268661782144e-06,6.046066864504631e-05,6.515196440189967e-05,4.527013013331274e-05
ycbF,ycbF,0.0006694943545466542,397,7.197208096124763e-05,2.9152561646264003e-05,3.037666191195903e-05,0.0001058116108548928,1.0093709385339905e-05,3.96946165295181e-05,0.00014924215269289178,1.4548650813828634e-05,5.3093559896642526e-05,0.00016550874985406974
hisJ,hisJ,0.0006693495571513061,398,8.603491115230868e-05,4.32895226177281e-05,8.361212125976771e-05,1.672963594882573e-05,4.803829000670845e-05,4.95972623752893e-05,0.00011192813631414468,6.024712894148224e-05,4.350188721637228e-05,0.00012637066131867902
uvrA,uvrA,0.000668600431464582,399,0.00013947110446639667,5.841505840859414e-05,1.8983352053110904e-06,1.504980025245583e-06,5.0957932007476593e-05,3.1877164508870725e-05,7.965834287128158e-05,4.465091336028753e-05,0.00018427796884409157,7.588863176702651e-05
thyA,thyA,0.0006682413140118167,400,2.6807595847459564e-05,6.989708895643502e-05,0.00015993489887765092,1.0895108903702708e-05,4.490452682136725e-05,1.9242061317648228e-05,0.00018108956000992572,2.2715100669100136e-05,0.00012826502362825107,4.490348980276198e-06
degQ,degQ,0.0006679339907369704,401,2.090499551290765e-05,8.056137806616726e-06,0.00014307398085609648,5.9986373669831607e-05,0.00012642518744155815,4.877989002329853e-06,0.00010911583556733299,8.19804653408603e-05,3.043807730527175e-05,8.30749482341649e-05
yhcG,yhcG,0.0006679053179056969,402,6.431327522704976e-05,5.066271705839049e-06,2.694110847065365e-05,0.00010718584723903744,0.00016306495154221106,1.1354954946258388e-05,6.0422928294451153e-05,6.640723479020336e-05,0.00012020611702887542,4.294262866111762e-05
trkH,trkH,0.0006674845485457567,403,8.360116869992713e-05,1.76068708883542e-05,6.911099464082898e-06,0.000128657975758026,3.458176563115579e-05,1.613961031933565e-05,0.00016535296759278716,4.818155659798766e-06,8.520407593506803e-05,0.00012461085859722098
fdoG,fdoG,0.0006657285645565789,404,5.767118765788549e-05,2.4838720307018824e-06,4.5299169686359264e-05,0.00019498004437913462,4.917663480867912e-05,3.512848743707112e-05,9.118442416033359e-05,3.252285906577963e-05,0.00013858433005399667,1.869755527663742e-05
aceB,aceB,0.0006643570008851661,405,8.150373609034179e-05,3.169478084969604e-05,7.090236284750331e-05,0.00010853831929779763,0.00010924826625541372,6.882344522417064e-05,0.00011580180552792996,1.7797130823125673e-06,4.806891883797707e-05,2.7995652872023535e-05
ybeD,ybeD,0.0006637722206805902,406,3.1448011796530544e-05,6.066756321367579e-05,8.678007595176698e-05,8.496825184868636e-05,2.5608422464835676e-05,0.00018879542512319653,2.1712092922100132e-06,7.812053010390925e-05,7.661271539788037e-05,2.860001548789871e-05
guaA,guaA,0.0006634252863286414,407,0.0001077910749077204,1.97666682178772e-05,0.00016015758500148656,1.0326641829797886e-05,8.384976702872532e-06,7.120455944822798e-05,7.421398631797472e-05,4.543497722312246e-05,0.0001499025078476698,1.624230883189184e-05
napB,napB,0.000663282496350252,408,0.00017406307851782643,6.401065221030828e-05,0.00012039337362546966,9.531525912755594e-05,5.4584350789148933e-05,3.773696635172558e-05,2.5067902892852632e-05,2.0425999037722065e-05,2.402695494047054e-05,4.765795885717192e-05
cbrC,cbrC,0.000662120083466116,409,4.914980350939437e-05,3.5720780054450406e-05,3.6767686590203625e-05,3.6336697857820026e-05,3.225008865632119e-05,8.525279485626043e-05,3.863745109278789e-05,8.023761105076887e-05,0.00019847230093942414,6.929486885868504e-05
cueO,cueO,0.0006620226124438472,410,4.752518952407685e-05,1.6342067050930015e-05,0.0001158277424060763,0.00015407852542031512,4.8973713258706844e-05,5.143292593584955e-05,0.00010358411384615392,1.7970936417283578e-05,5.499201322213871e-05,5.129538536231641e-05
yddB,yddB,0.0006615169296322241,411,0.00019730117434233987,1.4035133200659066e-06,0.00012683851668131933,4.722523769238523e-06,5.1200145422773315e-05,4.001549421850676e-05,4.750802398280455e-05,2.3159775025106866e-05,5.5908046100559324e-05,0.00011345971676950966
pheT,pheT,0.0006614566507253002,412,4.676983064210395e-05,0.00020889788878974085,7.62860860068396e-05,9.652595008510305e-05,1.9901245221934743e-05,2.2253356781529666e-05,4.34044135092449e-05,8.67890822578961e-05,5.9616197454855844e-05,1.0125999760514864e-06
intQ,intQ,0.0006614080231622814,413,2.2523969680155752e-05,0.0001029508858146896,0.00016235964427673585,3.3239462315068205e-05,2.9638479839044647e-05,0.00016222972326162183,3.2280444423939647e-06,7.447823609111359e-05,2.6082533804643925e-05,4.4677043636814125e-05
baeS,baeS,0.0006605727703656843,414,3.94122511902496e-05,4.096230718222048e-05,0.00010204266413885782,0.00011472332872031608,4.334388047027815e-05,2.8255948921512408e-05,0.00011538445604268722,2.803920720750156e-05,0.00010038087897388032,4.802784751818076e-05
lpxP,lpxP,0.0006604261020271266,415,7.534983529369245e-05,1.1635443389399206e-05,3.44134468972927e-05,0.00010367861620588416,4.5588260919338853e-05,9.434746657292294e-05,0.00014954074175139876,1.702948560425707e-05,1.2439026438246951e-05,0.0001164037789546936
yfcI,yfcI,0.0006600095604533422,416,0.00014646227682448243,5.066903637904211e-05,0.0001530510884654171,4.3624432147000626e-05,4.624886228273177e-05,1.0136078978528662e-05,0.0001266521755524179,5.9979017540643454e-05,3.81658590460833e-06,1.9370006378469766e-05
yccM,yccM,0.0006580697389611774,417,0.0001477624834592612,0.00010875999798107174,6.307229888905139e-05,7.82450327284573e-06,8.91846921386156e-05,9.482515461184751e-05,1.4958942633115762e-05,8.585445013070041e-05,1.039879048880155e-05,3.5428425355866415e-05
yhjG,yhjG,0.0006578054161969569,418,3.4871679658515034e-05,6.40231015427681e-05,9.208031604468389e-05,8.712215792099904e-05,8.855562323539182e-05,0.00012153931012843608,8.770765040710601e-05,3.781111769318354e-05,1.0545588671990975e-05,3.354887089388244e-05
gloB,gloB,0.0006577811253175594,419,0.00011673039168754933,5.8580208084840535e-05,0.00012177783030419778,1.966705959669525e-05,6.216228452451233e-05,7.390839015288808e-05,1.7657561449996077e-05,7.994383000437707e-05,8.038636760040442e-05,2.696720191209843e-05
aroF,aroF,0.000657629728284321,420,5.275089882128982e-05,2.360848730176014e-05,8.780443095627344e-05,0.00013327099525460253,0.00012004237358538477,1.3350164778285649e-05,1.89843786299808e-05,0.00010792882829684005,3.507134332484691e-05,6.481782733505688e-05
rplJ,rplJ,0.0006574822890345468,421,0.00023902846074020596,0.00010496576509573527,4.368874595919941e-05,3.061229799919513e-05,4.673349343894617e-05,3.83748981422452e-05,1.8388478310625303e-05,4.5442040376976315e-05,6.12099542178025e-05,2.903815475361538e-05
fliD,fliD,0.0006571027348235157,422,2.9647539081568524e-05,9.206845812289361e-06,6.898947164705179e-05,0.00012993216240473544,8.404943143168567e-05,3.3318592569284792e-06,0.00010981517944484446,1.746030768286425e-05,0.00016990910937880345,3.476082868274428e-05
araJ,araJ,0.0006560179052618346,423,5.5384267477151034e-05,9.54526251097702e-06,3.0241743056270584e-05,9.66328867122623e-05,7.58993007973621e-05,2.6269009486734906e-05,4.829873752263204e-05,0.00010073670611574428,5.380346020362124e-05,0.00015920653137907915
sdaA,sdaA,0.0006554355879386548,424,0.0001468316549441055,1.662973411577992e-05,2.994147254961786e-06,3.16001117937721e-05,0.00013599596947766793,7.240433642328667e-05,0.0001236509159820342,6.831548110788029e-05,4.9279765662143076e-05,7.733471177023288e-06
yncI,yncI,0.000654685924742622,425,6.150982880755984e-05,3.038304536403975e-06,4.751151008608751e-05,1.2467181303778598e-05,0.00021210855980052754,0.00013594071221395502,9.572236168742517e-05,8.321595119061956e-06,3.974207576992274e-05,3.832379541789972e-05
rpoA,rpoA,0.0006546171724087165,426,0.00023636893438943766,3.186000733613529e-05,1.1396941939374571e-05,1.0651754838933148e-05,5.164411663538159e-05,8.782343269438427e-05,4.5660709159597954e-05,0.00010294809977755996,5.91424850493402e-05,1.7120690588571854e-05
pdxH,pdxH,0.0006544978378811524,427,5.2355968759336635e-05,1.5841406046645968e-06,8.703830407546185e-05,9.227054028004811e-05,1.488910251054834e-05,0.0001069810611237842,0.00018514393058347275,6.141422263044935e-05,4.717329156475746e-05,5.647275748629077e-06
ygaQ,ygaQ,0.0006544157635707785,428,0.00011836356725056106,3.430603489371102e-05,7.893176521447702e-05,0.0001489686993525048,1.9313619968646542e-05,1.096352865110414e-05,2.7195620925673067e-05,4.1891324256289966e-05,9.173516653771271e-05,8.274643652009821e-05
yhbT,yhbT,0.000653949504605953,429,2.0631913007572055e-05,5.754895408665158e-06,9.864071059053298e-05,0.0001597783001758108,0.00011072537675782605,5.858138923650594e-06,3.799006860746836e-05,0.0001145883344084748,5.2803212428548916e-06,9.470144548309739e-05
ybiW,ybiW,0.0006537692000043472,430,0.00014844427370862393,5.633521474887176e-05,9.253595841418034e-06,5.248415528513345e-06,2.3921369561105737e-05,0.00018942446161902788,2.637948394548393e-05,0.00012702244177460758,6.430571856829706e-06,6.130937141986527e-05
yfdE,yfdE,0.0006534309530524387,431,0.00012731421760401853,3.8873547056384105e-05,0.00011912014580917928,8.108541733774047e-05,3.7358190066145525e-06,4.593566349235641e-05,2.2250356039184064e-06,8.874799862236727e-06,5.808098214070581e-05,0.0001681853251392844
yeaX,yeaX,0.0006519374140301485,432,7.401387642786566e-05,3.1192855317565575e-05,0.00013687561507688366,9.269062022767154e-05,2.0948565441447913e-05,3.1844841799211835e-05,7.42196490699688e-05,7.815266132642436e-05,8.224522604973731e-05,2.9753503293371766e-05
fimC,fimC,0.0006509320368532678,433,5.1031950022256555e-05,3.509491167025093e-05,1.9441926805224372e-05,3.7017565756754626e-06,3.9552365249913644e-05,6.297997854905188e-06,0.00021048782048387735,0.00011986555583736416,0.00010245675346659777,6.300099888720234e-05
gspC,gspC,0.000650899858093002,434,9.593613493575197e-05,7.856450683104663e-05,1.2488855884207848e-05,8.242585743583163e-05,8.313231386492673e-05,3.992365236651268e-05,7.26590157726011e-05,6.309750150859832e-05,6.260417037173545e-05,6.006784912178962e-05
fadL,fadL,0.0006508054853457892,435,7.573436819727668e-05,1.1318750256773116e-05,0.00011376944858324405,8.953456893843495e-05,9.053357822606558e-05,9.0653194044695e-05,1.60505130950323e-05,9.490007095417474e-06,0.00014164320624927398,1.2077850659576148e-05
wzc,wzc,0.0006504499475721297,436,0.0001532448427098158,3.79742394028321e-05,7.067285674589386e-05,0.00012056419645455441,5.6521896992632816e-05,6.904303797706949e-07,6.449059677480107e-05,3.2908330961375226e-05,5.449709803563206e-05,5.888545911482176e-05
ybaM,ybaM,0.0006502800896426578,437,7.342067044986424e-07,4.3338086971011357e-05,0.00014255174976241354,5.638988814915023e-05,8.604660083603202e-05,0.00016171934666219572,4.3693617484415436e-05,2.515696828590625e-06,7.682330834131306e-05,3.6467587903037194e-05
pspE,pspE,0.0006498123819732228,438,3.067826333780048e-05,8.09631627221778e-05,3.920782598373259e-05,7.729040974431674e-06,3.0924104746291275e-05,8.768190831960329e-05,0.0002169881934077509,7.811368406435539e-05,2.837842105100563e-06,7.468835631197895e-05
cutC,cutC,0.0006496647654183108,439,0.00018778584858525517,1.7883829193531656e-05,1.6218371617544154e-05,4.093701280517638e-05,0.00013400747640317473,5.383401043144603e-06,6.925130967129493e-05,8.431014296770987e-05,6.720698156212344e-05,2.6680391569355803e-05
elaA,elaA,0.0006494940343520533,440,9.706309247831841e-05,1.9081830358560993e-05,2.2398909426200973e-05,7.422124573895069e-05,1.6955005904592017e-05,0.0001305427672946699,8.354032700429387e-05,8.78421240890115e-05,8.955295071952578e-05,2.829578133792924e-05
pinQ,pinQ,0.0006487575960049112,441,0.00010864433075268747,1.965766736695498e-06,4.388852608238931e-05,0.00010449162122427882,3.311627602954344e-05,4.960326521649357e-05,5.981727489948388e-06,5.953328290011407e-05,3.150742394956662e-05,0.00021002537562319403
zntR,zntR,0.0006482986558721788,442,9.043820657850433e-05,2.6447018511792277e-05,5.976363326254996e-05,2.3767814475644902e-05,4.89376400181773e-05,0.00016691211003516107,2.76702008176049e-05,1.735585318154001e-05,9.390852710371148e-05,9.309765188749268e-05
yciB,yciB,0.0006477503744795057,443,5.193085056516509e-05,8.03507813217365e-05,3.439355384046357e-05,6.455691356773087e-05,1.0490199661657488e-05,1.599919566891466e-05,0.000223112345805611,1.0991397894468342e-05,0.000118420466184524,3.750466996923418e-05
dcuR,dcuR,0.0006466588019053022,444,0.00012568115243281682,9.450031265535863e-05,5.2918399847747174e-05,2.0033725298772545e-05,8.803966293817701e-05,2.281494024118636e-05,3.5376114304298585e-05,5.668353433292422e-05,3.196757448681977e-06,0.00014741420240533886
tyrP,tyrP,0.000644687423468085,445,0.0001039704707928338,6.421629409409625e-05,0.00011435876607030266,1.1502663601749351e-05,7.217213881364101e-05,2.2155729069001928e-05,4.6633614250895955e-05,0.00011834056226292578,3.087433159255638e-05,6.046285292008193e-05
gspA,gspA,0.0006446777621779979,446,8.512797633983984e-05,7.051873231174955e-05,1.1070267769202862e-05,0.00011924355258410007,2.993721901589941e-05,6.517645186263244e-05,4.60390481240655e-05,0.00012629655825558238,3.210259315180673e-05,5.916536276311903e-05
rpiR,rpiR,0.0006439360711634162,447,9.039496632978357e-05,2.0259690838783654e-05,8.65002497934465e-06,5.3590008551420274e-05,0.00010481913736818519,0.0001086917730187726,9.111633286643652e-05,9.493511501413463e-05,7.096118217789317e-05,5.178400186620781e-07
recN,recN,0.0006436989294522211,448,0.0002012251863067491,4.075320632976668e-05,7.728122040791773e-05,7.655371242967398e-05,5.533298816695272e-05,2.8429170423036043e-06,6.322348312483481e-06,8.149621024185502e-05,5.9738692147448164e-05,4.21524480670707e-05
yiaH,yiaH,0.0006434778786056,449,6.054888807461763e-05,4.967406643696313e-06,0.000155841098290852,4.275052932073291e-05,4.88714375103773e-05,4.675083831627471e-05,5.012898278918115e-06,4.486123930167257e-05,0.0001541787493812295,7.96947934872289e-05
yafS,yafS,0.0006426967172265042,450,4.3673262154217915e-06,8.068977126644067e-06,3.517454940434559e-05,3.750022459474033e-05,0.00013241322369853163,9.053885695980883e-05,4.608107451849084e-05,2.9350239351708533e-05,2.9131424022104085e-06,0.00025628910295460224
ftsW,ftsW,0.0006424647060669393,451,6.139377253185199e-05,2.1348276768613554e-05,4.972618212701181e-05,8.215738332720806e-05,2.9056570774759316e-05,8.02692321571374e-06,2.7561019926955173e-05,0.0002230872106828304,5.378736752398195e-05,8.63199991880133e-05
ydiU,ydiU,0.0006424203365600346,452,8.521735494658308e-05,5.140774102259276e-05,0.00010083658326359978,6.453465098031616e-05,2.7624394015096956e-05,9.604530844634311e-05,6.782662292055239e-05,0.00010022918947744093,3.2984830117202457e-05,1.5713661370306936e-05
ybcM,ybcM,0.0006420586532965556,453,4.95101535270083e-06,3.6533722836217454e-05,5.888507044892498e-05,0.00011194675450123178,1.6624826991138478e-05,4.2087548615408675e-05,0.0001132807308592361,4.212623094102828e-05,0.00010605857341117135,0.00010956417933949764
ygeV,ygeV,0.0006420406806807021,454,0.00012159547556835816,4.7029865007079596e-05,2.4793236391861047e-05,5.6407000098034195e-05,8.708854821446638e-05,2.3856652988511576e-05,2.0880339855374183e-05,0.00021707087860889425,1.493685291387565e-05,2.8381831034247112e-05
ybaB,ybaB,0.0006413559073811733,455,6.43080574282547e-05,0.00012507296716042577,6.446629111555766e-05,5.7861944682553036e-05,2.4990035187749063e-05,3.892952594904692e-05,3.108536373249333e-05,5.6597767287701366e-05,0.00013038104888787378,4.766290594951773e-05
gapA,gapA,0.0006411389658945911,456,0.0002523207493932507,2.2064601486169926e-06,5.110967801218429e-05,8.90685048316281e-05,7.29617121568384e-05,5.337779370760779e-05,6.144838414041785e-05,5.113541631415725e-05,2.603878901574322e-07,7.249879299732272e-06
rpmF,rpmF,0.0006406950762897151,457,9.85820594469479e-05,5.150939024525454e-05,2.5325498055299836e-07,5.3433940640460395e-05,0.00010809942616556097,9.306366227784328e-05,0.0001357348209249567,1.2309830743403076e-05,5.078230288058834e-05,3.692638798414697e-05
yeiB,yeiB,0.0006390811573725681,458,0.00020352002699927847,7.552356543926885e-05,0.00012393777237091317,4.0954109047543315e-06,5.979115080544131e-05,2.093680188771664e-05,2.8626942354786208e-05,1.9651871740560995e-05,4.530990878039226e-05,5.768770608945585e-05
ycbB,ycbB,0.0006389807881746795,459,7.137274748390093e-05,8.072119986795834e-05,7.164399929594173e-06,9.502852499319322e-05,0.00010778456641351392,0.00012983671966884652,3.987407631586174e-05,1.806943685871926e-05,1.7041148207454103e-05,7.208796843563747e-05
yeaI,yeaI,0.0006389725627750516,460,2.057195529875674e-05,4.932919366909323e-05,2.1636918526851788e-05,1.1154567895031251e-05,9.408573928166818e-05,2.762920331988658e-05,7.551593221084558e-05,0.00012879045471923472,1.8664739755228143e-05,0.00019159385809845532
pgaC,pgaC,0.0006388592626558567,461,0.00013802562957020376,4.748255014257261e-05,8.406988457255335e-05,5.9630906031971294e-05,1.871186717294227e-05,0.00010008840885205148,6.064338861220301e-05,8.054543697461689e-05,5.9834009177961136e-06,4.367778980894588e-05
ycbR,ycbR,0.0006388531487177264,462,4.770753383573108e-05,8.596092088306952e-05,3.6221998980024e-05,4.105025709491656e-05,7.356258470262319e-05,6.0391028276878504e-05,0.0001810593294700014,4.756487282039367e-05,5.626968532553332e-06,5.97076541215351e-05
lomR,lomR,0.0006385363052527943,463,6.563582665156146e-05,7.209777201515724e-06,5.355798730552857e-05,1.1294870007384946e-06,4.634795704852756e-05,2.1533193066697658e-05,4.872132820893362e-05,5.6600448233163355e-05,8.82823698133704e-05,0.00024951793072275737
clpX,clpX,0.0006383778170059783,464,0.00016774415083855052,1.838145058836347e-05,9.7351004549861e-05,6.569177794387268e-05,3.5045232529762346e-05,3.082598298728654e-05,6.731983042652042e-06,8.240336067737392e-05,1.942495713483371e-05,0.00011477791671342197
elbA,elbA,0.0006375091813272279,465,5.924751069955072e-05,6.553577901253208e-05,5.196226109442017e-05,6.296887305873377e-05,7.407683906447334e-05,2.475719876027153e-06,0.0002597270811731736,3.533587072197111e-05,2.498053927648274e-05,1.1987073498632023e-06
ykgB,ykgB,0.0006374019733990365,466,7.237502121118619e-05,6.753830297228948e-05,3.087047850415856e-05,6.605224529119129e-05,2.441012829673836e-05,0.00015739497256721157,6.485294255786868e-05,3.9177933592230624e-05,4.159895998710774e-05,7.31309884190541e-05
ygdE,ygdE,0.0006369579467396393,467,5.566875366552514e-05,9.157621413537308e-05,3.384416422826058e-05,0.00011198473945732922,0.0001338617358944762,4.246200440955964e-05,3.481031598017222e-05,6.397465072044446e-06,2.613378571268916e-05,0.00010021876818420958
ycjZ,ycjZ,0.0006354412172198207,468,0.00014583992110411126,6.583840395850407e-05,5.766559874748916e-05,0.0001326046029392933,3.399402834234689e-05,1.9612230743236348e-05,5.150769960677587e-06,2.1298368689714736e-05,2.182057637002496e-05,0.00013161671636442246
cobU,cobU,0.0006347044921155258,469,0.00018612892426011688,4.172383821512214e-05,3.8750835919559646e-05,6.685915310661693e-05,2.5813541831744743e-05,4.237578790340007e-05,3.445254133494799e-05,7.200630344314588e-05,8.63614491803474e-05,4.023211692052413e-05
xdhA,xdhA,0.0006340834640345034,470,2.0862419876385265e-05,8.024135579488048e-05,0.000136439349671286,1.2900061739827391e-05,2.0699996077738496e-05,9.96082892842021e-05,0.00011843328130859867,1.801677237846662e-05,6.354797022990378e-05,6.333396767321465e-05
rplA,rplA,0.0006340622308871379,471,0.00023562434564435643,5.9207300878752276e-05,5.468337981677403e-06,9.335533378420102e-05,4.692330006359696e-05,3.501854431462388e-05,1.3011421086775667e-05,8.126119829285725e-05,3.767728501454905e-05,2.6515163825747936e-05
deoR,deoR,0.0006338041209888066,472,0.00012431566944612555,8.272640207490937e-05,2.5975102195528852e-05,2.980745869668795e-05,9.48241529660339e-05,0.00012361633878193046,7.975751702487324e-06,5.365487613343249e-05,3.784830293660986e-05,5.306006605506081e-05
yhjV,yhjV,0.0006331820408829425,473,0.00012404529468646697,8.283591433650713e-05,1.5259243853374075e-05,0.00010349511659385791,5.013139013794189e-05,4.186355739631126e-05,1.807783242180458e-05,5.592727471861396e-05,2.393593150366725e-05,0.0001176104852343975
pps,pps,0.0006327569679818593,474,2.7410073096961413e-05,2.626749714178222e-05,9.174777605012391e-06,4.446109820645104e-05,6.274233810069825e-05,5.705355975566859e-05,0.00015270185984902286,5.1277827095771325e-05,5.039361773813172e-05,0.00015127431939235953
gltI,gltI,0.0006321313826207675,475,9.217824271966037e-05,8.833736994701334e-05,9.098332647016678e-05,4.839822447618165e-06,5.239462974938927e-05,8.740135521887493e-05,8.91040393432914e-05,8.819138132359753e-05,1.3287815470194517e-06,3.737243385413623e-05
yncC,yncC,0.0006315883768543859,476,8.80663561480472e-05,2.74131538011411e-05,5.6837698941356416e-05,0.00025358677903880865,4.4725848782709187e-05,7.815708723887754e-05,4.7155035603092155e-05,3.5176005704480374e-06,4.003103649041952e-06,2.8125713080863582e-05
mrdA,mrdA,0.0006308005685455322,477,0.0001650194630280051,9.388785231812675e-05,4.3189507881238485e-05,5.486147472389722e-05,5.179701464940285e-06,0.0001383000189428282,2.3406999308211763e-06,5.958370585861968e-05,4.3222180180210155e-05,2.5215964216845177e-05
manY,manY,0.0006302497764907415,478,1.431539381347308e-05,3.986731273952202e-05,3.829616273101392e-05,8.252466648433225e-05,4.667261443158308e-05,5.7062731643966796e-05,0.00010371179610886348,0.0001878380696495026,2.107975370724716e-05,3.888127518123719e-05
garK,garK,0.0006298860534535897,479,5.103469248292891e-06,3.802990447903596e-05,0.00010784849916495284,9.538170126596519e-06,4.497009589717803e-05,4.376389107166431e-05,3.525848212794425e-05,8.335223782499551e-05,8.58029649820315e-05,0.00017621833853089785
cspA,cspA,0.0006283600383273447,480,9.670608218635897e-05,1.620838308199864e-05,7.76208976927322e-05,6.582364092306925e-05,6.916045243713896e-05,0.00012674744926550213,4.2307300200661374e-05,1.010897976290405e-06,0.00012240699632490613,1.0367938238686487e-05
syd,syd,0.0006274206688773978,481,5.575108783352379e-05,5.679171948616807e-05,2.6790575124444877e-05,9.304360289992032e-05,3.294775589968371e-05,0.00012920076763115354,5.670842076404499e-05,0.00011719852767777146,2.3995319584354534e-05,3.4992891976332544e-05
gcl,gcl,0.0006272165525259863,482,0.00011909690820214195,0.00013412636595523398,8.620509069323863e-06,8.671361085453054e-05,3.4921680574219796e-05,4.624122521400326e-05,3.642953793509253e-05,9.639086500095376e-06,6.539561137476206e-05,8.603201684658304e-05
yjaG,yjaG,0.0006251245577981587,483,1.089658737107775e-05,1.4041302572668512e-05,4.362381868143146e-05,0.00016958894275834665,3.7729634344582325e-05,9.449612280129368e-05,4.596110659876225e-05,7.343595306557196e-06,4.977230806121064e-05,0.00015167113930222834
yeiC,yeiC,0.000625094685581923,484,0.00013852951915449327,6.528344825888466e-05,5.0819312543429065e-06,9.258385737546894e-05,3.4016811688286683e-06,0.00012298333040786254,2.3834578275428172e-05,6.795043003083143e-06,0.00014593411109410238,2.0667185589428252e-05
yqiI,yqiI,0.0006244285513911835,485,0.00011376562248109901,9.523483793486392e-06,2.2617602776914076e-05,3.8390033866337343e-05,7.906239511031524e-05,0.00012454038978284017,0.00014839511725274699,1.6603540957745636e-05,1.8032292737863338e-05,5.3498072631835335e-05
yfaT,yfaT,0.0006232713963579085,486,9.717244479635173e-05,5.468042118065791e-05,0.00010532460923412712,1.853932600604397e-05,2.1800857486850078e-05,7.253273255332357e-05,0.00012294092565309892,6.912411747834788e-05,2.400264173257149e-06,5.875569779585029e-05
ycjV,ycjV,0.0006231117360407802,487,3.5547553566019206e-05,3.094255637998402e-05,9.223657797541468e-05,1.1047714474663409e-05,2.1956531514929154e-05,0.0001674994709167189,5.128165986101539e-05,8.306711140886783e-05,8.193534768879958e-05,4.759721225436801e-05
fbaB,fbaB,0.0006230867982539291,488,0.0002411674707515527,2.7536814650079137e-05,4.540049413558842e-05,4.991391134052276e-05,7.831202586673813e-05,3.836443286690981e-05,1.792619869873513e-05,9.577730615671636e-08,6.218801861033667e-05,6.218165402730964e-05
yhbN,yhbN,0.0006229277112634261,489,2.567450673918422e-05,1.0924637603614105e-05,0.00011427657900875087,9.722435160871605e-05,9.048260998776114e-05,3.2410324369645222e-06,2.2386839613112128e-05,8.378589598814626e-06,0.00022320996565931551,2.7128599007193028e-05
rfaL,rfaL,0.0006225138173847671,490,7.714673966260476e-05,9.4334345253151e-05,0.00011281607455330933,3.2021077833401357e-07,2.744974316472488e-05,3.512021959950596e-05,0.00012743291503139145,5.679499256778238e-05,5.801849186591084e-05,3.3080084908052454e-05
uvrC,uvrC,0.0006223546546353799,491,0.0001160305960691929,6.075991505381433e-05,5.7982437341314694e-05,2.339357812664696e-06,5.7190538018646615e-05,2.281091359480208e-05,2.9830405613009537e-05,7.867927622688693e-05,3.9832587585449454e-05,0.0001568986273195986
prfB,prfB,0.0006217988288220388,492,3.083332917749084e-05,5.3433583297979404e-05,6.624744794338093e-05,2.8280940322753937e-05,0.00013761637529422714,5.3341299904530195e-05,0.00010885311461580427,6.740263270317933e-05,1.7708785366351238e-05,5.808132019634155e-05
cynT,cynT,0.0006204261195962498,493,3.771316107961912e-05,7.543634729235082e-05,0.00013688205017477095,6.654126648072912e-05,5.286013328994684e-05,1.8077922512193683e-05,0.0001170945413983824,3.685197702025563e-05,2.2606171575476208e-05,5.636254877252492e-05
exbD,exbD,0.000619820828069317,494,5.8345737480241146e-05,1.4977866827821183e-06,5.210339551511398e-05,4.3589092332418e-05,0.00015803167273031963,5.565252571088819e-05,6.094131056117124e-05,5.635388461815539e-05,2.007579349631859e-06,0.0001312978430885954
yafN,yafN,0.0006196142498441841,495,7.418352914328315e-06,6.841249629999922e-05,5.2886086828026704e-05,5.134859926017568e-05,4.253900833771084e-05,8.637674774376623e-05,4.4522886897744344e-05,9.845864447873428e-05,9.091458665376256e-05,7.673684042993587e-05
greA,greA,0.0006186217670835757,496,2.5614845136713686e-05,5.931338466924146e-05,2.5266869840090325e-05,2.4631138971336895e-05,7.166208399714935e-06,3.2007945183337895e-05,0.00015282049824529815,0.00010516034688956228,0.00013149293483567543,5.514759491260461e-05
cysD,cysD,0.0006178987156295621,497,0.00021031238862679312,5.9185375819753976e-05,8.374706823567352e-05,4.327302353008824e-08,3.791543941772871e-05,1.0505634205120129e-05,7.186184872285854e-05,2.3329758529446133e-05,1.3690890918092217e-05,0.00010730703813056555
ydiJ,ydiJ,0.0006178389609908842,498,0.0001766737858179056,1.2557911528391335e-05,5.8108539785879074e-05,2.135005366372477e-05,0.0001278367417527919,6.9909331207312005e-06,4.6582640394439235e-05,5.645748706075424e-05,7.199917651833562e-05,3.928169134793115e-05
chiA,chiA,0.0006172354017171962,499,0.0001715440065536421,2.2754217365325618e-05,0.00012767920718336455,1.4762108032134205e-05,6.712681850675181e-06,0.00010450522083309328,2.9556298454271164e-05,0.000115398555320978,1.9431538947897355e-06,2.2379952228922287e-05
tyrS,tyrS,0.0006170313253420592,500,0.00010508528566397003,7.905950658537166e-05,8.217073411964135e-05,2.6488610835866763e-06,4.0503702458778356e-05,2.099255220521042e-05,3.391452093485202e-05,8.68019941937305e-05,8.396665219233896e-05,8.188751590457916e-05
yfbK,yfbK,0.0006169375489494623,501,0.00012820998767599834,9.725157268916732e-06,0.00011875408740416356,4.2508010621273216e-05,1.7400710845136842e-05,2.524377407589332e-05,6.255091426218923e-05,0.00011930255480823908,1.3992995907305023e-05,7.924935608034692e-05
yhcF,yhcF,0.0006166406931675208,502,3.238504191384351e-05,5.654678954933157e-05,5.2917708102710035e-05,2.0058807819388707e-05,1.4691912090347831e-05,6.388355130557405e-05,9.543019696833201e-05,0.00016549007790678033,4.2778553731906115e-05,7.245805377930671e-05
xylF,xylF,0.0006160757129983274,503,6.0362655835828925e-05,5.110516626358362e-05,6.292990723984702e-05,6.751020284889896e-05,7.328410306796211e-05,4.713750060345252e-05,4.729547582666007e-05,7.869384119271549e-05,5.869038333882833e-05,6.90664767805503e-05
cmr,cmr,0.0006143002852953825,504,6.649437327475936e-05,9.126030999476613e-06,8.949154790464087e-05,9.38053326801413e-05,4.3289089962523344e-05,0.0001325668460213585,2.0504566775185292e-05,0.00011265896060229667,2.214849963972327e-05,2.421503743527723e-05
malK,malK,0.000614171668795116,505,6.232348852006586e-05,4.3012452170226745e-05,0.00012630108383289475,8.26821657203604e-05,6.523736805266948e-05,6.455309335895749e-05,3.4940242419538796e-05,7.452282528592367e-05,3.2124215998297495e-05,2.8474733436181423e-05
fucP,fucP,0.0006140085676032414,506,5.193578493824189e-05,1.0198017013813404e-05,7.538898005407099e-06,0.00015716478927858192,2.3265822705101877e-05,3.938044767885438e-05,5.310130330974574e-05,6.058477098517747e-06,0.00019280246383244674,7.25625637425306e-05
barA,barA,0.0006128607433936461,507,0.00011476841629990657,1.7774974940700287e-05,7.030347234047742e-05,0.00012277863950239877,1.9286897970074354e-05,2.0630779342408716e-06,6.630321996631425e-05,4.792378012445953e-06,6.491124518801509e-05,0.00012987842123907253
ybfM,ybfM,0.0006125771531415871,508,0.000127615190514826,0.00014520377486316013,1.4721677026105844e-05,7.460127922361699e-05,2.6681817462875976e-05,6.388305420564325e-05,2.0143567145288994e-05,4.9437722082575895e-06,2.5339528533788407e-05,0.0001094434919580239
yceF,yceF,0.0006118581785351211,509,3.955652417062198e-05,7.65804946454002e-05,0.00011134435331994609,4.6700485568106946e-05,6.926714825093141e-05,1.606681601367191e-05,2.1109426782767296e-05,0.00010303795177597632,0.00010264914087465706,2.5545837133041916e-05
yhdW,yhdW,0.0006116320225025658,510,3.88913761848202e-05,5.264400032397298e-05,1.6721326518383133e-05,3.520170108514782e-05,9.149939213111126e-05,7.701854695331616e-05,0.00011588216396322476,0.00010768013279878358,2.6656638980424423e-05,4.943674356338131e-05
yjhB,yjhB,0.0006116126239721266,511,3.125304108992508e-05,2.8558282355602942e-05,0.00011502225118461461,0.00013083903433453969,3.0343783030644554e-05,3.855704825472205e-05,3.211271749994058e-05,0.0001177524547926295,8.574991952102331e-05,1.4240919084843137e-06
rplD,rplD,0.0006100994412226933,512,0.00020692335980856564,0.00016331986349253966,3.964034927823749e-05,1.1228140456292086e-05,4.2334420532560496e-06,7.031908235288306e-05,3.589107359645453e-05,1.2045976860685923e-05,4.12283112272329e-05,2.526984209654584e-05
ybgH,ybgH,0.0006099173541548963,513,0.00010801251485034341,6.488313435194548e-05,5.898247104277032e-05,3.4782251051357153e-07,0.00013316684979360042,3.656598469714768e-05,4.1820167038596486e-05,2.3555107670236944e-05,5.2036347827570966e-05,9.054695437217109e-05
yhjR,yhjR,0.0006098599201307292,514,1.9363368299479995e-05,6.107854312289621e-05,0.00014700193888368768,1.7971591357428965e-05,4.403619988710749e-05,7.594810436731444e-05,4.838398033997431e-05,5.921298221342107e-05,9.799229819711601e-05,3.8870913462303206e-05
secG,secG,0.000609786845468161,515,1.978938117634333e-05,0.00010376562016714139,9.416519988966923e-05,3.1975835860948864e-06,0.0001410861084028568,1.6278614279236465e-05,6.882006473975964e-05,6.741240183734069e-05,5.112818980842432e-05,4.414368158129433e-05
tdk,tdk,0.0006096791939528392,516,7.98233050873611e-05,8.047810337856551e-05,0.00010565628303696215,2.2556834776436383e-06,1.4986332502917578e-05,6.189702467957141e-05,3.6811416305794454e-05,0.00011628571401338852,4.209356639333249e-06,0.00010727597483130166
narU,narU,0.0006079819151281785,517,5.930248521478881e-05,3.804900311983233e-05,0.00012438954361273323,5.9726414932901586e-05,3.6340021756684597e-05,4.12217535430464e-06,9.095326454819381e-05,0.00010074865788057976,3.6618032104607276e-05,5.7732316603552425e-05
dhaR,dhaR,0.0006077882238245273,518,7.737286936190273e-05,1.1952272626263534e-05,4.383483321790072e-06,1.3210044925033595e-05,8.094749050322827e-05,6.248338312178831e-05,0.00017652667077287207,0.00011526149310357256,3.787727506014845e-05,2.7773241027927695e-05
yjbH,yjbH,0.000606685102969271,519,4.652786808950478e-05,8.08472647550672e-06,5.558338717497865e-05,1.5707124683075703e-05,5.610271581124827e-05,7.056507730149799e-05,0.00018004636419445696,6.924848978795638e-05,1.42379342400766e-05,9.0581415210969e-05
allB,allB,0.0006057247373443852,520,0.00011282023491734589,6.695172067570912e-05,6.150925578829137e-05,6.825224163412057e-05,1.9946144235765914e-05,8.029393158683468e-06,6.184629767008969e-05,0.00010915722119869911,4.0089041140374705e-05,5.712318692530523e-05
yeeZ,yeeZ,0.000605691128224975,521,8.14798012297404e-05,5.642523600162183e-05,0.00013589819493794257,3.264863712527138e-05,2.681284569021081e-05,0.00011549804396912508,3.0657839106086665e-05,8.930371179211668e-05,1.3051810620519039e-05,2.3915007752340572e-05
kgtP,kgtP,0.0006053092306261561,522,0.00011950689714826977,4.431739971892856e-05,4.340689778472376e-05,9.518506724472354e-06,0.00011645313854432374,2.6121985345904448e-05,0.00011568502789137297,2.137202263617607e-05,7.690466324171473e-05,3.202269159026964e-05
pqqL,pqqL,0.0006050515307723527,523,0.0002046313713046498,2.1687829737073226e-05,4.446768981795753e-05,3.5371524463944086e-05,0.00012191829639158851,3.887190247240677e-05,9.537780798767883e-05,7.830758734301198e-06,1.700918621830717e-05,1.788516364444563e-05
ycaM,ycaM,0.0006048230763601491,524,3.110974513864035e-05,5.6520953784169544e-05,5.676435546513e-05,8.879072342058618e-05,6.119903992500857e-05,6.177484227355793e-05,7.49667282207928e-05,2.962205338519792e-06,7.328510605868915e-05,9.744937673505471e-05
dusA,dusA,0.0006037325825299154,525,1.2620368253837534e-05,3.3833348618641475e-05,0.00013892103657042862,7.598201658344133e-05,1.936229631715287e-05,0.00015808792198371673,3.758162730769445e-05,4.369448400127908e-05,6.47327501735906e-05,1.8916732720132615e-05
cbl,cbl,0.0006036072208026751,526,0.0001820416643903597,3.07558616102792e-05,4.189814288620643e-05,1.9071656613683416e-05,5.707478930778544e-05,8.37998075068204e-05,8.33173810510024e-05,7.27266577617474e-05,3.2671979938826e-05,2.4927973596476196e-07
rho,rho,0.0006033735519322395,527,0.00019500235185279004,1.729323642217021e-06,4.784938876951995e-05,3.298118705152153e-05,9.053809880021938e-05,2.5647448001874954e-05,2.9364878127496162e-05,3.0674293054341615e-05,0.0001078420662197889,4.174451641246997e-05
yhbX,yhbX,0.000601482342113454,528,3.134593103313922e-05,6.486226937872163e-05,9.911729064938562e-06,0.00013708046335409482,7.409971535891788e-05,5.5428343832564036e-05,2.592024157401237e-05,4.09305265105892e-05,3.537076373126908e-05,0.00012653235827520714
etk,etk,0.0006013229272604208,529,0.00015328542266218126,2.8849681138374545e-05,3.558874637336882e-05,7.431762531856734e-05,3.051783174488845e-05,7.46388540030795e-05,9.133826133225344e-05,6.616896018200297e-05,2.4702433435421555e-05,2.1915111070282884e-05
proC,proC,0.0006011735640502792,530,7.777707959740133e-05,7.429613160426786e-05,1.0328745024484662e-06,1.9070629540820067e-05,6.1243393727187575e-06,4.399782324143803e-05,0.00011637327174187666,1.3491594243275113e-05,6.26005694068606e-05,0.00018640925079917235
ompT,ompT,0.0006009859850765533,531,3.849368050643083e-05,3.153663302757395e-05,7.05404638641249e-05,0.00013387109766141005,8.242074468367346e-07,8.125102575708773e-05,4.9590951025350266e-06,2.1988938400925566e-05,0.0001596350913839022,5.788575192572624e-05
pta,pta,0.0006009690412096062,532,7.385544613516312e-06,6.349914911608161e-06,7.118126486347456e-05,0.00010932704678311299,3.956138485939545e-05,2.653648141478218e-06,0.00011253288358344789,1.4096045983331472e-05,0.0002349115475847777,2.969759885463427e-06
bcsC,bcsC,0.0005998791773403027,533,6.848181575937408e-05,1.866042352007266e-05,5.3428901173721066e-05,6.009279246235792e-06,0.0001729395571868904,2.8763760482338908e-05,9.027645184318619e-05,0.00011186878447088663,3.110730215050073e-05,1.8342901507096108e-05
LELOBEKK_ynhF,ynhF,0.000599509661691603,534,0.00010734261804744888,1.1551302311867519e-05,5.765620630045716e-05,3.0992247300602046e-06,0.00014613994220658195,8.315803997638888e-05,0.00010275259430568613,4.3766873397451666e-05,3.748611877995577e-05,6.556741635704823e-06
maeB,maeB,0.0005988204002754274,535,0.00012486916205886462,5.0949894731042703e-05,3.906646644494501e-05,0.0001500969416225051,3.0266137416891406e-06,6.831433879422191e-05,3.063486294418904e-05,5.256240963221507e-05,5.314409718848671e-05,2.6155613117267994e-05
cytR,cytR,0.0005983312840681822,536,4.849481136555542e-05,2.6447220639428883e-05,8.662487094968525e-05,7.364224609003947e-05,0.00010135653200072118,4.060659835890906e-05,0.00014497783679447352,1.6135099873253811e-06,1.4138822048181288e-05,6.0428835833862705e-05
rlmL,rlmL,0.0005980048925029088,537,6.164511321591406e-05,5.749824213338826e-05,1.692368592846858e-05,3.172229174702755e-05,4.9956706951029645e-05,0.00012805693004893737,9.359569710936102e-06,6.25979938659494e-05,4.775229371393054e-05,0.00013249206518732725
icd,icd,0.0005971705145839957,538,5.467487512313209e-05,3.1389874663777604e-05,8.029682080834545e-05,5.001781146781382e-05,4.9953494893403934e-05,1.878953247493065e-05,5.389808013861041e-05,7.85768837554695e-05,9.746262339073688e-05,8.211051786777543e-05
eptA,eptA,0.0005970924365485417,539,8.766858511274493e-05,5.002631243966132e-05,0.00010560873781167274,4.554105479429895e-05,6.314038737600063e-05,8.156540767415001e-06,0.00019472305143765012,1.7039046504960572e-05,2.4172561610397183e-05,1.016158693740269e-06
rcsF,rcsF,0.0005955680796049664,540,7.132719838097613e-05,6.082440262248074e-05,0.00010988087888501755,7.551871996921022e-05,3.3229467625471084e-05,8.42342524481491e-05,0.00011110893802531203,2.3277073729111684e-05,2.042451592023359e-05,5.742631999004233e-06
yqhC,yqhC,0.0005955381295287296,541,2.8637023982251495e-05,7.185303915398598e-05,6.0507395769694545e-05,0.000236937140967407,1.949420239059539e-05,6.2917641122537515e-06,7.802276949156937e-05,3.8902647156344926e-05,3.180320990464401e-05,2.3088936599983263e-05
ydcL,ydcL,0.0005941189835670499,542,0.00011189568013854112,7.669961609916869e-05,1.540971113520689e-05,3.975914126939802e-05,6.982539213065906e-05,8.268397480683273e-06,7.422327936992004e-05,6.770361091325743e-05,0.00010122391407108428,2.9110240959131047e-05
frmB,frmB,0.0005939281592412493,543,0.00015002632751334467,3.9040907788934246e-05,1.8917204724278195e-05,2.3074215722823024e-05,0.00012474033146414666,1.06818324817852e-05,8.225398483203566e-05,4.167705051808771e-05,2.430673877325982e-05,7.920956542255412e-05
fliZ,fliZ,0.0005931426275255582,544,9.57959992521899e-05,1.7688680217534745e-05,8.5557207781573e-05,1.9022791642884663e-05,8.628820762437953e-05,8.460914106881935e-05,3.669126105168081e-05,7.736250952171045e-05,4.4701939888288954e-05,4.542488947649688e-05
aaeB,aaeB,0.0005926774929991253,545,0.0001468867477019882,6.1026279405460284e-05,0.00011353541206000366,5.185623000709307e-06,7.213612958743205e-05,1.8723450053173186e-05,1.0672798905876047e-05,4.092414010103432e-05,4.5025123285639174e-05,7.856178889780903e-05
camR,camR,0.0005926420743524529,546,3.8606615586966793e-05,9.536951834185016e-05,0.00013682911225743118,2.585480874598395e-06,4.795989434323861e-06,6.91828347570375e-05,5.889517997632319e-05,0.00010233841320417985,4.380268751753528e-05,4.023624240220672e-05
yddW,yddW,0.000591736344005253,547,0.00013103125932281383,1.204760758398607e-05,4.1418167066031604e-05,1.2317659154841526e-05,2.0584853711134742e-05,7.767398009885921e-05,7.298470707649613e-05,9.70925007291872e-05,4.473989155880694e-05,8.184571770309587e-05
ypjA,ypjA,0.0005916547918144712,548,7.750705586856126e-05,9.060436711666902e-05,4.626513844954578e-05,1.0188641013149416e-05,3.783949062667605e-05,5.6509292131504084e-05,1.7508962371501428e-05,9.1297688503063e-05,4.6599893056083164e-05,0.00011733426267771809
yieH,yieH,0.0005913283385099542,549,4.223007897800162e-05,3.093778284558864e-05,8.497970569971016e-05,2.879106612942311e-05,7.87205389969542e-05,0.00012014731909683455,9.301928075715384e-05,2.3178611297563917e-06,6.559981677505434e-05,4.458488810147748e-05
gspI,gspI,0.0005908623855148881,550,5.5232448772013876e-05,0.0001281120671159388,8.800643410652057e-05,7.640396160244061e-06,4.887632909499833e-05,8.226586766086441e-05,1.665510948647842e-05,7.160994353081375e-05,4.095760651654023e-06,8.836802893536183e-05
yihG,yihG,0.0005907210637806163,551,5.875480312695407e-05,2.0315952602638516e-05,9.298192776065284e-05,7.616550298807908e-05,3.202237273637315e-05,9.339434364547814e-05,7.103154932521897e-05,2.1326960637082365e-05,4.181996243444749e-05,8.290768852369162e-05
yegW,yegW,0.0005899499488752406,552,5.048638123215481e-05,4.2833424029711606e-05,2.0689470606423085e-05,6.787937225416958e-05,0.00013946078744764992,3.262105243438659e-05,4.626065064620815e-05,6.711951739526776e-05,0.00010624925317266658,1.6350039656602557e-05
purU,purU,0.0005888124550431012,553,0.00013131785761914675,9.835648389718277e-05,4.5042807480995067e-05,1.7539409927004338e-05,1.1590622928109462e-06,4.7767409006035995e-05,3.5522450419053146e-05,0.00012329043702582058,8.870325799236337e-06,7.994621157581517e-05
pepP,pepP,0.0005884996243364254,554,3.2750881002011114e-05,1.6800259863047332e-05,0.00010300524688309568,5.384642280909485e-05,0.00015534144008534452,9.0885975065342e-06,5.070193237209906e-05,7.559489258642534e-05,5.300702195818041e-05,3.836292927059285e-05
argT,argT,0.0005882652195439727,555,0.00014819873727285425,3.301618753385169e-05,9.086152337391987e-05,6.234347275393153e-06,4.255100460480782e-05,2.2985141498576258e-05,0.00012862136410324006,9.116398114596065e-05,2.3008286580624012e-05,1.6246461547447685e-06
argA,argA,0.0005880176087077421,556,2.314328837557742e-05,5.985960890967252e-05,7.522308529637021e-05,7.683990111869965e-05,3.063322072885773e-05,4.513624783424608e-05,9.417093175627661e-05,5.864333182868549e-05,7.208840408334201e-05,5.227958877601439e-05
glpD,glpD,0.0005878930652327648,557,1.2923528942690412e-05,2.8947416468523194e-05,0.00015773273362890106,8.46161433487392e-05,1.7231953713475318e-05,9.879597495198628e-05,3.900070461060253e-05,8.931086243903864e-05,3.527937138831172e-05,2.405437574049641e-05
ydgA,ydgA,0.0005878910427891599,558,0.00017033528059185363,3.379743115209115e-05,6.86487743404102e-05,7.938374323031763e-05,4.306296745617918e-05,2.7059515371038522e-05,2.9769486499888063e-05,5.4771385445409695e-05,4.19435507126629e-05,3.9118907989308944e-05
stfQ,stfQ,0.0005878320677038778,559,9.317615113434441e-05,8.211018487972622e-05,9.541164482292938e-05,1.4666444284132602e-05,3.674743812461706e-05,5.571168341681186e-06,7.350986019458599e-05,8.62335204127346e-05,1.9187647671347178e-05,8.121800783777908e-05
znuC,znuC,0.0005863297397076981,560,7.71185103556105e-06,7.387638019316373e-05,9.642397129165364e-05,0.00013539704900380608,0.00012011431354206083,7.946469586075981e-05,1.8286042453126186e-05,5.2711759870644275e-05,1.1196078128243238e-06,1.2240686440982535e-06
ygcP,ygcP,0.0005852473883187043,561,5.883529824217701e-05,5.231274583824944e-05,7.796718673016576e-05,5.993407639550302e-05,2.0064772333855242e-05,2.504275351461891e-06,7.443371022457893e-05,7.287486333293099e-05,3.228617941827347e-05,0.0001340342804515085
fecE,fecE,0.0005849389707353292,562,0.00011288510528069646,2.1633885877644927e-05,1.5874683704526917e-05,9.112627541199258e-05,2.881914427909698e-05,0.00012241907070214224,4.571889207412866e-07,6.263143933163982e-06,2.297421915654941e-05,0.00016248625346877441
purL,purL,0.0005834714360763416,563,0.00011897366940784539,5.2175836764542666e-05,1.1679173993992123e-05,3.40169238843478e-05,5.302557520112027e-06,7.164294183625169e-05,7.327581506074094e-05,0.00010222932607780839,4.3485690622784575e-05,7.068950090791598e-05
arcB,arcB,0.0005834007706445907,564,2.642829953659403e-05,6.650818891193143e-05,4.662199651516014e-05,0.00013137575523274763,2.865782634035272e-05,4.5250912959349445e-05,9.267064764765983e-05,6.231654507073409e-05,1.2218089677787913e-05,7.135250875227337e-05
potA,potA,0.0005832673482122968,565,2.863046946444399e-05,5.584072437521882e-05,5.235683903877288e-05,9.651442419237693e-05,7.255249358994965e-05,9.713050891423434e-05,6.8214787103973295e-06,1.9767568729170772e-05,6.056220837523289e-05,9.309063282249923e-05
flhA,flhA,0.0005829574733262269,566,4.476111137698719e-05,4.2630898814577253e-05,0.00011918047785429823,3.221635360508681e-05,0.00011663415307518898,9.407119552764892e-05,3.6105924619356496e-05,4.905144106062419e-05,3.27385171998581e-05,1.556740019260082e-05
yfiQ,yfiQ,0.0005828896569726073,567,4.42655987474133e-05,2.3882316108712295e-05,1.3400001781046548e-05,0.00016505478079851114,4.626617600101052e-05,6.003653056704546e-05,4.397884047506506e-05,0.00011855032951907148,5.9830422076083016e-05,7.62466089864855e-06
rhlB,rhlB,0.0005828815994107165,568,4.586020369499666e-06,7.503470140420102e-05,3.989016089173706e-05,8.244047413227015e-05,0.00017397795568532996,0.00014356205776976496,1.710636067140557e-05,2.3581456863964923e-05,1.7541308709141516e-05,5.161102913401771e-06
hycC,hycC,0.0005827648844306399,569,5.066065903940033e-05,1.9076784986403755e-05,1.6332193902366286e-05,2.3098642280371593e-05,3.206478120809904e-05,0.00012572205713412234,5.100421408994813e-05,0.00011113208996336616,4.38103078131508e-05,0.00010986315401341144
metI,metI,0.0005824592226883973,570,1.4135427922640932e-05,6.344173144504893e-05,7.817372137589391e-05,8.884385598508796e-05,0.00010395024370073574,7.090355951611879e-05,2.5878822629415136e-06,6.816920922291279e-05,5.512943589656067e-05,3.712415536045594e-05
cspG,cspG,0.0005824263110699632,571,4.973013644971494e-05,1.8377681141571288e-05,0.00010048195236486156,5.422317151940352e-06,2.9964505865502048e-05,4.918646689893447e-05,6.9286995748142636e-06,3.396694903669664e-05,4.500439244117883e-05,0.00024336321014474882
yghZ,yghZ,0.0005818969681532809,572,8.447538265242275e-05,5.88807401770076e-05,5.601993590657022e-05,7.17291861422062e-05,1.526502630867232e-05,5.558954197604866e-05,6.207400302555739e-05,4.6293748444184455e-05,8.97840235292843e-05,4.178537999132697e-05
dcd,dcd,0.0005816417998484357,573,3.9743822763281305e-06,4.829260848251458e-05,0.00012099313929921352,2.8040933525024117e-05,2.434145807677487e-05,3.0472447273561383e-06,6.641528329984092e-05,0.00010971456313812415,0.0001706234784480533,6.198708575205983e-06
rtn,rtn,0.0005811385795534382,574,0.00010353344343839662,2.1660748282063854e-05,5.219643506783582e-06,6.775049580691169e-05,6.282145810442034e-05,7.102423655539996e-05,3.3660917252688334e-05,7.653604470284342e-05,5.9438005873930935e-05,7.949358602999942e-05
allD,allD,0.0005810125662896936,575,6.730143276662387e-05,4.624533209684724e-05,2.880754589285401e-05,1.150539315354222e-05,5.104842323888471e-05,1.964182945521798e-05,0.00010678254046923566,0.0001005773470331613,2.3008379914875283e-05,0.00012609434226845142
cirA,cirA,0.0005805754627530237,576,5.1442272107459754e-05,2.7826160440001163e-05,5.30300194385939e-05,9.976494562681225e-05,1.5396803199140427e-05,6.734006801408556e-05,0.000170379210923441,3.7678457463897833e-06,5.487458750553849e-06,8.614067850654599e-05
ptrB,ptrB,0.0005802804421175953,577,8.06452923057746e-05,3.313598236029066e-05,0.00014550158252346173,2.6572358293880485e-05,3.1229675896657265e-06,4.671558496827447e-06,7.772740473805482e-06,0.0001039334569786127,3.3280694557260847e-05,0.0001416438085380157
ygjH,ygjH,0.0005799635136701181,578,3.068813227931629e-05,4.971019968086274e-06,8.084948202226912e-05,4.035461056152716e-05,3.613125067305619e-05,7.717589012437589e-05,0.00011424389484216801,0.0001285281136500839,4.73799069215193e-06,6.228312885708338e-05
ydeH,ydeH,0.0005799472366858412,579,8.679279047920932e-05,8.62159448528015e-05,3.1454826967352385e-05,1.7042883165020588e-06,6.01632728932774e-05,5.263471620339016e-05,2.2297776435501664e-05,7.79373373544191e-05,8.962070572875447e-05,7.112557745463311e-05
sbp,sbp,0.0005797048026888513,580,9.120601766102409e-05,8.037291479612547e-05,7.070374193993326e-05,6.605850517509986e-06,3.124007876224768e-05,5.023346125348966e-05,7.318921007488191e-05,4.674126867151575e-05,9.784234383129471e-05,3.1569915180828746e-05
chpR,chpR,0.000579410999083676,581,3.0107612239149513e-05,8.499250719222195e-05,5.220800947477093e-05,5.2413206911807506e-05,2.7004004786203304e-06,8.052110290859767e-05,5.825763960970667e-05,0.00010724970886884457,7.875073969039176e-05,3.221007170956512e-05
mscS,mscS,0.0005792364041843644,582,0.00014709192936789806,4.521202965066452e-05,8.503601020638906e-05,0.00012375185775236131,3.0219906097554002e-05,4.6097699161184666e-05,6.2776063802552065e-06,2.9148869239792313e-05,2.2249609143923846e-05,4.415088718434133e-05
tetR,tetR,0.0005792142173346026,583,0.00029310870657325616,6.921833805498784e-06,4.1047500264349824e-05,3.677236985128398e-06,5.091371355137518e-06,5.951778923204464e-05,1.292757456801019e-05,7.640148441636533e-05,1.6333420215817605e-05,6.418729991899414e-05
LELOBEKK_rpsL,rpsL,0.0005784702994253928,584,0.00017398332644900873,2.7215356036123333e-05,2.590299654910601e-05,3.232111783004104e-05,6.27662706526088e-05,2.6785983001732515e-05,6.021948674022918e-05,3.880737776230465e-05,7.198402244243205e-05,5.848436196180651e-05
rrmA,rrmA,0.0005775499100739464,585,9.085692863765755e-05,5.971412724647208e-05,1.9387145689535037e-05,5.536601583476132e-05,6.189388400480498e-05,3.065416167519556e-05,0.00010122911739647751,6.874788336380112e-05,1.8251314733134152e-05,7.144933149210715e-05
caiF,caiF,0.0005775359399562107,586,4.2393101583189e-05,5.459791919947732e-05,2.2017134791894564e-05,9.871113956115491e-05,4.957889576843199e-05,9.996482226518652e-05,2.1048231311062297e-05,0.00010745326733493643,7.79232405830679e-05,3.848187557809881e-06
ygcL,ygcL,0.0005772820487514724,587,0.00010957585067876351,3.2581886612027977e-06,2.615477762671368e-06,4.698154064549666e-05,6.221198427096922e-05,1.2059604918925268e-05,7.676629928170389e-05,9.34298110467107e-05,4.5233335617251295e-05,0.00012514995586777774
yhfZ,yhfZ,0.0005772352466999953,588,6.458584607845666e-05,3.337240419102577e-05,9.078587832849534e-05,7.572755166603348e-05,0.00011808899619288479,3.327616803027931e-05,1.782073276968665e-05,4.7996880431933264e-05,8.499214020972682e-05,1.0588648801473183e-05
pfkB,pfkB,0.0005767818126530285,589,1.8208343435407176e-06,9.4843164472353e-05,8.511382773652319e-05,8.78400358461317e-05,5.0980596063555843e-05,7.536853810093732e-05,3.043935562119783e-05,9.012339684966991e-06,7.574644905703307e-05,6.561667172678877e-05
yhgA,yhgA,0.000576692956055697,590,0.00011916195403767466,6.132798851872779e-05,7.586643921624231e-05,5.591662011137061e-06,1.2634484037012833e-05,6.971584322515138e-06,8.087761307739475e-05,7.3955542742437e-05,4.7841594551247446e-05,9.246409354130804e-05
yfeC,yfeC,0.0005765809788946206,591,5.99543377393462e-05,4.8625845554691195e-05,3.322122774381683e-05,2.473453481075473e-06,5.51118337972675e-05,7.865922043553878e-05,0.0001353318312078962,7.82508975900288e-05,5.8757211340481336e-05,2.6195120004478277e-05
ruvA,ruvA,0.0005762517821845973,592,9.5119028045487e-06,9.170993891078232e-05,0.00012321969153217228,1.090618924984439e-05,4.75636212647182e-05,1.819576178674423e-05,2.4124660462909445e-05,0.00011138965356782871,9.392358708224087e-05,4.570677552280817e-05
ygdH,ygdH,0.0005762383124530701,593,4.109008334187682e-05,2.9911484977215263e-05,6.30690849509392e-05,3.534648653753797e-05,0.00011190802816145234,8.442700863992089e-05,9.888352829886602e-05,2.2166647598324678e-05,4.689328860303776e-05,4.254267134389913e-05
fruA,fruA,0.0005760357594173723,594,8.696273978001552e-05,2.0796717548999547e-06,4.877806636553242e-05,8.126898114259929e-07,7.613622856255307e-05,0.00012268129139697353,3.880584503215711e-05,6.0022214156137094e-05,5.6791995726379955e-05,8.296501683129766e-05
yhbO,yhbO,0.0005759985265408959,595,2.931538695286395e-05,3.942491341458088e-05,5.141592926357997e-05,7.242067366611486e-05,7.909753924679006e-05,0.00011574364736308141,9.732877945087632e-07,4.0658338055335924e-05,6.201679907459715e-05,8.493201170944305e-05
osmY,osmY,0.0005754867671116305,596,0.00021900026234576833,7.93320476861153e-05,2.0540204863265468e-05,3.4218269389778276e-05,4.877117310945535e-05,2.270721474649155e-05,1.2993124494533732e-05,2.590589522696013e-06,8.31620106745657e-05,5.217187027896075e-05
rpoH,rpoH,0.0005754246463785598,597,0.0002638623596630262,1.1183773217130619e-05,7.002414415769601e-05,1.7623602325268764e-05,6.982090162352103e-05,4.724409340771428e-05,3.656159513681832e-05,1.5054921787961349e-05,3.600196649884526e-05,8.047288560577898e-06
phoQ,phoQ,0.0005746115302669364,598,5.5577681590602236e-05,1.0896549344271073e-05,0.00010948506678403266,2.4545807506541847e-05,2.8505616199117877e-05,4.309850447377702e-05,0.00010111130286238612,1.819253522565488e-05,7.341305489621077e-05,0.00010978541138434194
mlrA,mlrA,0.0005731351271150311,599,8.210195913962734e-06,2.1792370681486286e-05,8.844068232577515e-06,3.52931695617018e-05,0.00011833578765792147,7.420933961137847e-05,9.70850551706898e-05,7.615556100647273e-05,3.74713170817829e-05,9.573826219705738e-05
ompF,ompF,0.0005729712746517881,600,0.00011146226594525915,2.3002613015359277e-05,4.0736134781364195e-05,4.73634196044944e-05,2.9260300761134023e-06,9.993464712310895e-05,2.6740393880647385e-05,0.00014559746495903007,6.952653611127468e-05,5.681769155136589e-06
yfjN,yfjN,0.0005726726419750636,601,4.676516448681305e-05,3.220083471392986e-05,8.24554343578658e-05,1.2984587085633424e-05,2.731436539996176e-06,8.098569363834729e-05,1.952446317269285e-05,0.00013841184196275523,0.00014469279932128817,1.1920386695741748e-05
bcp,bcp,0.0005724814430534849,602,4.1270739667532135e-06,7.318499662556831e-05,1.2297146037648821e-05,0.00017067672077718935,8.432428517904158e-06,1.4011746811459707e-05,7.798594486658946e-05,5.32493983202193e-05,0.00012300756086297207,3.5508426267180455e-05
parE,parE,0.0005724574759480958,603,1.632685330890408e-05,4.6671067244639464e-05,5.4383712226236075e-05,7.383621436911866e-05,3.570111174825216e-06,8.439879093074951e-05,2.0385317378591333e-05,8.31869457055103e-05,6.44512857440737e-05,0.0001252471778654475
glnE,glnE,0.0005718875331392224,604,4.1047601193782415e-05,1.81988037380039e-05,8.692844139241284e-06,1.8438393081211016e-05,4.456190009582426e-05,0.00010919800297705906,1.3296109198741751e-06,8.418539883492747e-05,0.00010025940404780201,0.00014597557411149685
nadA,nadA,0.0005713007443470609,605,3.790265663762902e-05,2.8179651216229032e-05,7.786404919779991e-05,7.517073800635091e-05,2.673535771659068e-05,1.5983884971693386e-05,0.00012852615501774426,7.089069079956564e-06,6.22012877447091e-05,0.00011164789475835813
feaR,feaR,0.0005711684510087238,606,6.448497637296056e-05,8.236930681314555e-05,8.651074332741328e-05,5.367364200998397e-05,2.3630316735236338e-05,3.370930764301181e-05,5.354996189838857e-05,8.541127563482193e-05,3.4810917013353483e-06,8.434782887242645e-05
astB,astB,0.0005710674313966573,607,7.140993060650418e-05,2.7580178753171343e-05,7.980807718375431e-05,8.0487233603731e-05,1.9695998293259805e-05,0.00011093459309160688,1.2352803420708845e-05,0.00011172002534519172,2.9871217554950958e-05,2.7207373543778255e-05
kil,kil,0.0005710028123559107,608,0.00016808694102206153,4.900107049083641e-05,0.00014681101885795033,3.0177084237148895e-05,6.455013476987753e-05,3.0868749150311464e-05,1.4437399205320657e-05,5.564647576276607e-06,2.9704907702773807e-05,3.180085934335348e-05
yqjC,yqjC,0.0005709011702263723,609,0.000297970744069385,4.53347102619165e-06,6.916627019500161e-05,1.7604692707610754e-05,3.061770619084103e-06,1.4004750118392878e-05,2.1146764438876605e-06,2.6853733922939785e-05,8.798769333288771e-05,4.7603367790991156e-05
slyB,slyB,0.0005703953644380797,610,0.00017656578595469879,1.2808462558358829e-05,4.726265337399454e-05,6.764549775661571e-06,2.9133367052556684e-05,3.6188663464439813e-05,7.741572874569677e-05,5.046780542843943e-05,4.9343394039417115e-05,8.444495404481612e-05
ubiX,ubiX,0.000570262678283812,611,7.947117522410209e-05,1.5336332405941097e-05,7.751492324247568e-05,7.856079811986345e-05,3.6889577322005874e-05,5.990714183965161e-05,3.332824715592482e-05,6.080647408604e-05,3.5126178084334235e-05,9.332183080347323e-05
yfhH,yfhH,0.0005701499169326418,612,4.93735018700826e-05,9.750205231675522e-05,8.854846003331183e-05,6.677811618367275e-05,1.0418894492109449e-05,5.806871546588034e-05,8.553240725732153e-05,5.0873419153052076e-05,4.941639544997941e-05,1.3637954710476575e-05
dacC,dacC,0.0005700314118552875,613,7.680151068587877e-05,0.00012542378223089382,5.9923599988301794e-05,2.794071245083385e-05,2.5318671350633638e-05,6.146021321759004e-05,5.829678968100357e-05,3.7489757354094924e-05,9.14412641985873e-05,5.935110697469881e-06
yohC,yohC,0.0005693964973841346,614,7.835365038971981e-05,4.718781784120435e-05,8.488621812218058e-06,2.15343396066027e-05,4.7463942726989174e-05,1.093944150119974e-05,5.082549048204818e-05,0.00014546642848569597,6.759212581202703e-05,9.154463872642966e-05
yggT,yggT,0.0005693707446052587,615,0.00011903234232948414,5.031306799601352e-06,1.980330949766602e-05,7.890076477403691e-05,2.966353941776759e-05,4.8585171816323576e-05,9.728606270976893e-05,6.051893426495328e-05,7.539684898463701e-05,3.515246401101977e-05
fimH,fimH,0.0005690878965872925,616,1.5365508319686778e-05,3.587383025722498e-05,6.523825179859014e-05,8.563156972692486e-05,7.331143476580629e-05,9.7388162460144e-05,3.7354228054958403e-05,5.196060929484119e-05,1.9371086254179264e-06,0.0001050271932836979
pyrB,pyrB,0.0005684124231562069,617,6.501948175520511e-05,5.979106173684305e-05,2.8286733823145963e-05,6.318506445270893e-05,2.594888077234589e-05,4.761519240023014e-05,0.00019331000174277994,1.7043255321967368e-05,6.298014276890816e-06,6.191473687408969e-05
ygjN,ygjN,0.0005683974393621745,618,2.8628374465473086e-05,5.3383486841799344e-05,0.00011092838540108035,3.144217185483086e-05,2.913082493078566e-05,5.63129861938989e-05,0.00011223243048794417,7.24951331609357e-05,6.041254212626699e-05,1.3431103899159408e-05
yqiC,yqiC,0.000568136910148574,619,3.3777780638510186e-05,6.731506598062099e-06,4.757006521279303e-05,2.5278085957228807e-05,2.081096992049978e-05,9.198145687327286e-05,0.00012447942814207226,7.013175358473376e-05,4.011422330622419e-06,0.00014336444089077887
pcnB,pcnB,0.0005681213893425985,620,1.2968032593152354e-05,3.80847478522263e-05,0.00017286292910043954,8.002371429594973e-05,4.183031165572316e-05,2.658312351065994e-05,1.2111336095927004e-05,2.0598821451947786e-05,2.735372946644046e-05,0.00013570464332013227
ydiV,ydiV,0.0005680394536271754,621,9.783895801637277e-05,1.7201616532072936e-05,8.704867197967686e-05,3.905253182636153e-06,6.402217114542905e-05,3.073173475890631e-05,0.0001186082383727263,3.135834123954728e-05,7.06831129833282e-05,4.664135541647945e-05
grxB,grxB,0.0005680365532970855,622,7.169338428194493e-07,4.984156742552651e-05,0.00010412175037831232,2.2144185215062004e-05,2.9356666924659644e-05,4.4108736540908916e-05,5.951889455674117e-05,0.00010657523761307119,7.014156347310409e-05,8.151101732688031e-05
ygfH,ygfH,0.0005672638437006478,623,7.395052395811012e-05,6.656951733018156e-05,7.610904938469741e-05,4.935091131417521e-06,1.5239919367420417e-05,7.824900592405555e-05,0.0001684543172983973,1.6947827996459233e-05,3.2167839700694054e-05,3.464075160921473e-05
ymgA,ymgA,0.0005669900579790368,624,0.00019540837313574455,7.360923714616057e-05,2.0859351461670342e-05,8.583082855829085e-05,7.467166332742664e-06,8.550276012415624e-05,2.4577621265939154e-05,8.118924723766672e-06,3.79585851145364e-05,2.7657210116029457e-05
yegI,yegI,0.0005663908551505048,625,5.9891132753951434e-05,2.508879151763408e-05,0.00010191788407806647,1.8590020563822665e-05,4.189653553549589e-05,7.53586624487187e-05,0.00011641577958465513,2.184463238274427e-05,7.175325408110654e-05,3.363416220430963e-05
yhiL,yhiL,0.0005663561785892163,626,4.786555742093253e-05,7.337319789846624e-05,3.6716473291490525e-05,4.210212531205639e-05,0.00012172315053423944,7.23568229910967e-05,0.00013415147271822258,1.1740058290745108e-05,2.7157667582857727e-07,2.605574345613812e-05
puuR,puuR,0.0005653320712921095,627,5.634171110946932e-05,5.798103136147154e-05,7.75424647027225e-06,3.748410842696131e-05,1.4560716763483088e-05,4.3053941436133175e-05,0.00010080522246604952,3.472660188368741e-05,4.791377335413484e-05,0.00016471071802044704
ylaB,ylaB,0.0005650524527905327,628,0.00011529142737622664,0.00010297304981751691,7.827796813640099e-05,1.4203660715437612e-05,3.656311278663682e-05,3.0511513045744333e-05,8.048788347017281e-05,4.4559189940011356e-05,3.1146017084329847e-06,5.907004579395237e-05
yfeW,yfeW,0.0005649223025644085,629,0.0001248053035589066,5.5772296297235784e-05,1.1192538550602665e-05,2.370735598086685e-05,4.228215223675614e-05,4.214939821791849e-05,8.62107514023069e-05,2.9663997314509108e-05,6.136006974680299e-05,8.77784392585029e-05
wbbL,wbbL,0.0005647569673091984,630,0.00011617535492766719,6.798227178971438e-05,8.287600297876061e-06,7.782281758195759e-06,3.786568308682357e-05,0.00012796254805543317,2.2580491597035564e-05,4.465073636161895e-06,2.81812505526618e-05,0.00014347441160762907
rfaZ,rfaZ,0.0005639095274388634,631,1.8637771554526575e-05,3.999836862039314e-05,0.00013185366677548744,3.351264610701543e-05,2.7000784095259077e-05,3.464836623748764e-06,3.13780494719161e-05,9.240053881245621e-05,0.000167279461970214,1.8383403407846685e-05
arnC,arnC,0.0005638743859990975,632,2.853079953985216e-05,1.6562369219671294e-05,4.681648037788603e-05,9.016624895947943e-06,7.96316978201974e-05,9.029644361518258e-05,3.272060439381066e-05,1.497843391131432e-05,3.405956272306446e-05,0.00021126136950217064
gor,gor,0.0005631265923160956,633,6.473473477059693e-05,0.00012388326594683853,7.33911537541738e-06,0.00010749678930425447,4.7814949577390094e-05,1.5432115454122324e-05,1.6456741796476054e-05,1.4401322166796041e-05,8.296544680994133e-05,8.260211111426252e-05
moaA,moaA,0.0005630530428697523,634,1.0979839478821826e-05,5.519739671692921e-05,0.00014270098156849285,4.250744709955703e-05,6.872575646587188e-05,9.34088797428702e-05,7.90939755816131e-05,1.4594338805792332e-05,4.2762102946302045e-05,1.3082324463501762e-05
ycgY,ycgY,0.0005625619805116716,635,2.6088975312706274e-05,1.583832167311216e-05,2.1457829132255303e-05,5.197529535563733e-05,8.545992729567503e-05,6.483030509417421e-05,8.933288582515875e-05,2.0338373502655705e-05,7.092814344583421e-05,0.00011631192387446272
cyoB,cyoB,0.0005621525643268766,636,6.120148480692021e-05,6.56697153747138e-06,5.342445461289163e-05,2.4701905370750453e-05,0.00010078091155958986,6.43418202072256e-05,2.1923602941023243e-05,8.566513613580354e-05,7.996387213790083e-05,6.358240501729981e-05
rplT,rplT,0.0005619790198570271,637,0.00014910663002123354,2.745174935519953e-05,5.278682236976804e-05,4.993185948721806e-05,3.8716919297550234e-05,1.4700627902303077e-05,7.051627148013884e-05,9.648601312178649e-05,1.9054910654415524e-05,4.322721616741374e-05
nadK,nadK,0.000561597702087783,638,2.4379743365279778e-05,2.574011573009156e-05,7.444851110354404e-05,6.183009543705498e-05,1.7870841498215083e-05,8.038562321380527e-05,0.00013548567296614117,1.7719346843305762e-05,5.208862409473223e-05,7.164912783561307e-05
nrdB,nrdB,0.0005611864735911498,639,6.128332258173464e-05,1.6794388948959705e-05,5.52389465217022e-05,8.469875633794114e-05,8.775789276731622e-05,8.525974825845832e-05,0.00012748761764513658,5.8154779045503105e-06,2.2223195718148818e-05,1.4627126907201787e-05
sufB,sufB,0.0005608154410232989,640,8.904854783021795e-05,6.262376231612304e-05,5.69850469752252e-05,9.988231742520072e-05,4.559562204397485e-05,3.3951215801784314e-05,5.5009034086265455e-05,1.7172565951516319e-06,4.4460500041879246e-05,7.154213790747643e-05
garL,garL,0.0005604846394344363,641,6.497530278044805e-05,4.287321280413299e-05,1.1834058534024304e-05,9.195780321791881e-05,0.00013512857204136055,7.566768339140018e-05,4.218530012595663e-05,6.009565519196291e-06,6.09222749034256e-05,2.8930866116572924e-05
LELOBEKK_gpt,gpt,0.0005598662145291287,642,3.4197806132736076e-05,1.3514296538814247e-05,5.18616604345531e-05,6.517718999741968e-05,4.476104233579436e-06,7.97122179757647e-05,2.616189405279255e-05,7.392543102231664e-05,0.00011328974320646893,9.754987093468332e-05
tdcB,tdcB,0.0005595849830747269,643,8.695393700812344e-05,4.400331633891823e-06,9.960085435534925e-05,6.176762683672313e-05,2.3715479625116318e-05,3.3922494958243883e-05,3.473302926538957e-05,5.655591402852762e-05,9.173711665333816e-05,6.619819871002367e-05
edd,edd,0.0005588755704268233,644,8.391419902271227e-05,8.315696988756768e-05,0.0001071582211973481,5.134510364377119e-05,3.398552811348192e-05,4.250761343679907e-05,3.951062314853139e-05,5.0062102672617644e-05,3.49394145518732e-05,3.229579475212085e-05
LELOBEKK_galK,galK,0.0005565278014226873,645,8.430184637652887e-05,2.5581477863755146e-05,6.639896391273034e-05,2.3719815089656547e-05,1.3138907757706336e-05,0.00011954283872661476,4.033276391252699e-06,6.462982800073358e-06,4.9854889218591644e-05,0.00016349280328577766
yqeH,yqeH,0.0005547533708554165,646,4.2831937967832965e-05,4.3454793595873736e-05,8.650556912447384e-05,7.40459062494188e-07,0.00012508128080158202,2.753988907834457e-05,0.00012022057457399668,1.983182959682187e-05,1.5396705304767836e-05,7.315033174922876e-05
rpsK,rpsK,0.000554009514561518,647,0.00016236218254822365,4.250487371215965e-05,1.146350322773843e-05,5.409691394836059e-05,7.069833950339073e-05,5.6750688060579504e-05,1.9971099978884648e-06,1.1439578617685585e-05,0.00010179912608637522,4.08971988591163e-05
rhsA,rhsA,0.0005536881595349969,648,6.883227833211322e-05,5.069556993218738e-05,1.3231449304320802e-05,4.984677955738866e-05,7.080507791285901e-05,9.285764221521223e-05,2.8161841560297584e-05,4.437404880258018e-05,0.00010444650738110315,3.0436964536934553e-05
fliC,fliC,0.0005527914396071371,649,3.2678105598158264e-05,4.592622277001866e-05,0.0001187234096697919,3.204199733451917e-06,3.2170279232436664e-05,9.594291654456055e-05,8.300666325452897e-05,7.139565438551385e-05,1.1157271620885411e-05,5.858671679779096e-05
nhoA,nhoA,0.0005523177413061033,650,8.2014746083539e-06,4.849180988066957e-05,8.680553603737682e-05,5.934047600600403e-05,6.044783743262663e-05,9.520228294770403e-05,2.382746857200868e-05,0.00011488997424666224,4.799750349569329e-05,7.1133780790041066e-06
yaiS,yaiS,0.000552126341554454,651,8.061002821978785e-05,9.937604299937172e-06,5.141677101794423e-05,3.4258620689477425e-05,5.287943051195833e-06,7.024750688690562e-05,0.00013388167272484428,5.359665236930256e-05,2.960004313656372e-05,8.328949915849531e-05
glnK,glnK,0.0005520525387180462,652,8.882536502229751e-05,5.974112237382494e-06,3.492574103275826e-05,4.2437888499050504e-05,1.3015444827642308e-05,5.54639900217971e-05,7.418782685951152e-05,1.078102818116118e-05,2.5392500455507025e-05,0.00020104864158093834
bdm,bdm,0.0005510785522805337,653,8.500242966457562e-05,5.439146021503988e-05,4.3483203714490884e-05,8.357093872641931e-05,9.628369536793198e-05,2.550953662081051e-06,3.038564379968908e-05,1.6957736375495534e-05,5.314823417753771e-05,8.530425657727272e-05
ptsI,ptsI,0.0005509729755784856,654,0.00016823182274656776,7.891426425023864e-05,3.250123542038239e-05,2.418839979816119e-05,3.749268826617349e-05,2.6863980978444943e-05,1.9113896004359687e-06,5.833160320417569e-05,8.049195343097042e-05,4.204563788293519e-05
csiE,csiE,0.0005485012689121644,655,3.7720683069752655e-05,5.8036939294455724e-05,6.417609898603107e-05,1.2710485444285153e-06,8.94748574708839e-05,4.142764964627106e-05,6.908758500836172e-05,4.1872389793494284e-05,6.569854766072172e-05,7.973546943776378e-05
araG,araG,0.0005466801593363357,656,6.07142461724922e-05,5.887547845345679e-05,3.23466412546591e-06,7.297768179793133e-05,5.39775703115264e-05,6.841108764662849e-05,0.00011637725235899587,4.276804273564021e-05,6.611499876239863e-05,3.2291369717999257e-06
secY,secY,0.0005459458145816945,657,0.00018260941734309205,4.8818669776481116e-05,3.647038108492126e-05,6.203062950590384e-05,5.962295095633356e-05,2.3541090666153673e-05,5.269271371789571e-05,9.129320961916174e-06,1.3828248738641843e-05,5.720239183035529e-05
yiiX,yiiX,0.0005455975270587686,658,9.438894027261749e-05,0.00010380882438488648,3.015754243283284e-05,7.203631617488591e-06,0.0001120669574580378,5.944841455137875e-05,5.332921211975293e-05,3.0754072689414e-05,1.644107835155569e-05,3.799885318080407e-05
yegJ,yegJ,0.0005455926967016765,659,9.415083475119544e-05,3.493076898304343e-05,8.125684099500887e-05,2.6385795136643626e-05,4.107344979269342e-05,0.00010063071944471504,4.959294609190189e-05,3.1310959805191844e-05,6.71003021068043e-06,7.95503514906025e-05
fucU,fucU,0.0005455759039069175,660,7.551400996875786e-05,1.3830355158071196e-05,9.229568447899124e-05,5.6379581560101254e-05,2.38184253156391e-05,4.3901431437808126e-05,6.912603321285418e-05,4.7928278244494617e-05,2.8128984536381033e-05,9.46531199938189e-05
wcaA,wcaA,0.0005454865135216912,661,0.00010653980166994881,6.564679262406369e-05,1.678904076637965e-06,3.490325943047214e-05,1.5877699181200445e-05,0.00014114425582520526,4.891401518162026e-05,1.1133028918821625e-05,3.091316881167838e-05,8.873558780204251e-05
icdC,icdC,0.0005449450998030752,662,1.2243664723041714e-05,9.281905720688376e-06,8.559739263571042e-05,4.212923832857136e-05,3.4595179718077005e-05,6.298108033285776e-06,4.79100157233394e-05,0.00018061013374934422,1.5055851124208705e-05,0.0001112236100468082
rpmC,rpmC,0.0005447023615047275,663,0.00025637397503125567,3.0816525537913776e-05,8.7840874986776e-08,1.1275950309383085e-05,5.083971177434528e-05,7.694313851423538e-06,7.535621321659843e-05,5.6899653508148304e-05,4.384666161777776e-05,1.1511515782894887e-05
yecT,yecT,0.0005441296950497212,664,7.081139120607334e-05,4.484325158173789e-05,6.236979905040393e-05,9.71372675053368e-06,6.446576957684359e-05,7.100235862487912e-05,0.0001076023210135597,6.164176843125849e-05,1.2656722032324316e-05,3.90225867821072e-05
mntH,mntH,0.0005439613896245222,665,0.0001442819200579464,1.7473025722785478e-05,0.00014552892346895063,4.614291787068284e-05,8.630322927440041e-06,5.854131201341675e-05,7.656698276938071e-05,3.2108987549625895e-05,5.8255937532303475e-06,8.861403491063092e-06
ygcB,ygcB,0.0005436515382847347,666,0.00010503537727417022,8.659831716912439e-05,6.970199021406366e-05,1.8227961720185365e-05,3.119545662491852e-05,7.898607999568203e-05,1.5578098193338506e-05,6.657652039624423e-05,3.7195844403680716e-06,6.803215225663978e-05
katE,katE,0.000543490302459331,667,4.5137567048716364e-05,1.2423108067223077e-05,0.0001074636639787529,4.666195763430622e-05,2.6520123623034556e-05,3.430163804859767e-05,9.521239793383116e-05,2.0711260889878642e-05,0.00010881296239078553,4.624562284420495e-05
yegE,yegE,0.00054321395076173,668,6.828976200330226e-05,3.1711279334780094e-05,1.4579413326642464e-05,3.624770669186058e-05,2.4927503837762297e-05,7.033992751740497e-05,4.013146793281613e-05,6.898528093430581e-06,0.00012410828006622555,0.000125980081957505
rfbA,rfbA,0.0005431311514774279,669,0.00015900042905810425,2.6870715312705182e-05,0.00017197940323513788,4.979545831249056e-05,9.03198530378773e-06,6.518134923750752e-05,4.7172542419343214e-05,1.9377638920863743e-06,6.989115317269527e-06,5.172389388995723e-06
frc,frc,0.0005427637892327242,670,0.00013900838059009986,1.595787003800068e-05,4.441814386106076e-05,2.458208827178723e-05,3.0031961706333243e-05,9.354580700757777e-05,8.498789322741999e-05,4.8993198630456834e-06,4.557630270416017e-05,5.975602196323885e-05
tauD,tauD,0.0005421956124843087,671,3.467988216210422e-05,4.882034705262046e-06,0.00010605736661930842,0.00010324982421868283,4.554928371317388e-05,0.00011173276879117075,1.4690830335034877e-05,6.984190795073573e-05,1.619253337747959e-05,3.5319180611356246e-05
yciF,yciF,0.0005417195965371911,672,5.7282894739684915e-05,3.538154298584288e-05,2.6594041794451638e-05,3.459997425071674e-05,5.992011655558532e-05,5.9053588893638815e-05,0.00011073192511481287,6.54201384804245e-05,1.7454122219146105e-05,7.528125150288734e-05
glgP,glgP,0.0005408612252243319,673,0.00010104932325647064,6.472452519316044e-06,4.065559395451138e-05,1.2081965204877703e-05,2.0586981823444797e-05,5.899370396703632e-05,0.00010980151225815048,5.2000664828301105e-05,6.519861153518925e-05,7.40204158770342e-05
ydjI,ydjI,0.0005401911276551027,674,7.346964439221831e-05,2.5751882137175353e-05,3.685985630411115e-05,0.0001352343646136777,1.834773098090947e-05,6.657331563826673e-05,2.8935866227565934e-05,7.433955963915522e-05,6.812375618130214e-05,1.2555151540720745e-05
degP,degP,0.0005401757797424075,675,1.260483529429313e-05,2.0786570685226083e-05,6.287346337900316e-05,2.55175191478034e-05,4.950452896751453e-05,3.660630138427661e-05,0.00013004570389141496,7.196556455167398e-05,0.00011010208784996767,2.0169204591234002e-05
glmM,glmM,0.0005401145189805149,676,5.579688219067932e-05,2.5053219360642215e-05,2.321839837051611e-05,4.168925560685429e-05,1.278466644390556e-05,0.00012816587765804378,2.995860978729178e-05,0.00011077719698317231,5.187859037256311e-05,6.079182220684642e-05
fliY,fliY,0.0005399221392021703,677,0.0001362537184176343,7.001272335160703e-05,6.669206906220938e-05,1.663937847505923e-05,1.597072999835901e-05,2.2028342386102204e-05,3.943005412376963e-05,7.282599201911922e-05,4.395804240974684e-05,5.611108895856343e-05
yjjM,yjjM,0.0005397704666971349,678,5.253431753804651e-05,8.757145952872215e-05,6.8230422698997875e-06,1.5825805121696704e-05,7.40654604650124e-06,0.0001379148879448,5.700186816670227e-05,5.894723484397073e-05,4.939242326380228e-05,6.63528819729932e-05
rfaF,rfaF,0.0005394366587560104,679,7.966249837049622e-05,4.89301371721188e-05,7.859438748162762e-05,2.225589088488865e-05,0.00011297321672981738,6.395725572167459e-05,2.608728360993144e-05,3.863641431203801e-05,4.409044831245388e-05,2.424912616096378e-05
yagN,yagN,0.0005393348144364685,680,6.0744434079924694e-05,4.609817984761035e-05,4.4598898928660305e-05,2.5988532407324898e-05,4.667765673206751e-05,0.00012803066329303834,6.819977892805772e-05,2.523281287858458e-05,4.5444409765289314e-05,4.83194475759108e-05
yjbI,yjbI,0.0005390693231638281,681,0.00010084366865097665,2.359671566483653e-05,4.290217183070958e-05,4.468093933969108e-05,7.009785410148134e-05,4.171048026226489e-05,0.00012154834451692063,4.184460538045942e-05,2.6028417337116653e-05,2.5816126079371307e-05
yhhS,yhhS,0.0005386901273300229,682,3.443088932561158e-06,0.00011937567667225308,7.627629875446138e-05,3.0566120004336165e-05,1.5749952783943272e-05,0.00013506482424149638,7.004342184736766e-05,4.394980967065325e-05,3.7982352457754237e-06,4.04226991771752e-05
sppA,sppA,0.0005381026028469739,683,4.955279004630857e-06,5.070138892071973e-07,7.050964325978634e-05,7.536559998822049e-05,2.8868352900995795e-05,3.240321329149675e-05,5.4836112555642996e-05,0.00023071540372967528,1.5160060466837663e-05,2.4781923760480678e-05
yneJ,yneJ,0.0005375683908304563,684,2.3116179548109626e-05,1.284441072175965e-05,0.00010933143178676163,1.9829806342431986e-05,9.820712085568962e-05,0.00012149619386969392,5.9479970811671766e-05,1.5236536654371308e-05,1.851359786787372e-06,7.617538045317944e-05
yedW,yedW,0.0005369805039666698,685,1.7187030263277673e-05,0.00011709282977299316,6.784702461687504e-05,5.5936736071613025e-05,2.7101074426727555e-05,1.2174800145399847e-05,6.014225063566289e-05,3.6698474581752416e-05,6.588527614572308e-05,7.69150073066451e-05
aroP,aroP,0.00053685628310544,686,5.246214012231711e-05,1.3137901005546115e-05,3.933449036963652e-06,0.00010713293937414603,9.069889234208346e-06,7.53140827327018e-05,2.2590792743532835e-05,0.00011253732985908629,6.168496865467821e-05,7.899279034225959e-05
pabB,pabB,0.0005367591976584083,687,7.481874858487959e-05,5.6410075815326765e-05,1.7589379962686643e-05,1.4240715045702752e-05,4.654130526008987e-05,0.00019295089741936275,5.510548206129988e-05,3.510956050776486e-05,4.146045135505227e-05,2.5325816462430013e-06
sgcE,sgcE,0.0005363702308536582,688,3.719537952997944e-05,2.437422339740343e-05,2.0884962576931576e-05,4.357842212609534e-05,9.26490756788466e-05,9.470301948068112e-05,4.4430303562989775e-05,6.607390655001416e-05,5.279243272215121e-05,5.968850522856553e-05
gapC,gapC,0.0005355345087591132,689,9.929770923050437e-05,3.4256285020003284e-05,2.6974604264125332e-05,5.2959163714305166e-05,9.692870149174619e-05,2.2265778300248873e-05,4.079571366014753e-05,6.967662549706742e-05,2.0352614912280296e-05,7.202731266868476e-05
ubiB,ubiB,0.0005352979317473666,690,3.2234730627266455e-05,6.389283886057131e-06,7.653475886910544e-05,8.018896089362747e-05,4.4691627968751546e-05,1.5662126568190644e-05,4.923590668233563e-05,6.95239247748011e-05,9.826759400015749e-05,6.256901747707362e-05
tus,tus,0.0005350946826456111,691,1.00511963506239e-05,0.0001011033131402562,5.122150051389911e-05,6.568909910441993e-05,1.2631220464146737e-05,4.170000132960571e-05,3.2291299320939223e-06,6.35914010442311e-05,0.00010560163641583516,8.027618435049937e-05
ybiN,ybiN,0.0005343884498441557,692,6.194834889870639e-05,9.72320033990814e-06,6.137859518434614e-05,5.986543440707138e-05,7.501041536904316e-05,3.2608114495919266e-05,7.991530303932284e-05,2.030436104651907e-05,5.855633665552516e-05,7.507834040779416e-05
cysB,cysB,0.0005341164853615691,693,4.0853946092948094e-05,1.0674545746440453e-05,4.080172214671801e-05,5.407744796252761e-05,6.559704876123156e-05,0.00010464822262032057,2.5544359136990568e-05,6.583501174580697e-05,2.3778918767304087e-06,0.00012370628927185485
rplW,rplW,0.0005341146749009405,694,0.00021101242675445667,1.973823641202377e-05,1.0716878732181931e-05,3.6022338475850065e-05,7.2282498778089835e-06,5.9290242085635755e-05,5.617950977416887e-05,4.039105117936309e-05,5.80983423056849e-05,3.5437399303766463e-05
phnJ,phnJ,0.0005339106867739788,695,0.00010397871164055768,5.9749453044303515e-05,4.105146252799415e-05,4.3453496306697975e-05,0.00010168403801708674,3.766548761427788e-05,3.447088559565143e-05,0.00010239544317880997,5.881134898068087e-06,3.5805739505313406e-06
gspJ,gspJ,0.0005331441739785093,696,5.854178786775352e-05,2.829279597670082e-05,8.692033472873761e-05,2.7994495854219172e-05,9.63091214932744e-05,0.00011438005397319747,2.673606365441872e-05,3.465039739393395e-05,9.91454090185446e-06,4.940458213441915e-05
ydhZ,ydhZ,0.0005329354692024264,697,5.982035855981805e-05,2.188007495217919e-05,1.3797579383526294e-05,7.71506292722404e-05,0.00011411041755675996,6.532701403721855e-05,7.560242539528207e-05,3.3744587582337665e-05,7.010216245911085e-06,6.44921662171531e-05
ydiM,ydiM,0.0005328097453955634,698,7.852464761185601e-05,1.3934004652962444e-05,2.2899664137599433e-05,3.613486901241451e-05,3.969114781996057e-05,0.00010316274254833198,7.05794881557261e-05,5.584754436338991e-05,7.701155896847802e-06,0.00010433448119647455
glgC,glgC,0.0005323115722538501,699,7.707589170193871e-06,9.07738861202478e-05,4.6465811746813305e-05,6.692316232513089e-05,4.74621249081457e-05,1.653583255769355e-05,5.7957346680010926e-05,6.666463516325936e-05,3.813321055918388e-05,9.368797302317084e-05
ynfF,ynfF,0.0005321141786900532,700,7.620627151561228e-06,5.408383726750957e-05,0.0001021845537993823,8.824654129567328e-05,0.00014172813593862576,4.186460961764851e-05,4.3355112282301947e-05,2.019554286808055e-05,1.3792709881365397e-05,1.9042508587904557e-05
crr,crr,0.0005316031024755625,701,0.00018294525081586605,9.532338971790622e-06,2.2069223043100507e-05,8.054619136599206e-05,4.487310101069133e-05,5.682145433973669e-05,1.6360125772624895e-05,7.069275710598135e-05,4.1700314315736406e-05,6.062345734042512e-06
fis,fis,0.0005314786562939157,702,8.580724946528499e-05,0.00010386804347887721,2.869924750049823e-05,4.186924976851793e-05,3.1260875523423626e-05,1.0793936555583588e-05,3.3515287988443565e-05,0.00011857160471540565,5.0429771763215544e-05,2.6663389534665404e-05
rraA,rraA,0.0005314034741279274,703,3.2779369102256306e-05,9.645146415152058e-06,1.4773315838905787e-05,7.555902527539362e-05,9.55258679661195e-05,7.642108948567102e-05,4.851354917642855e-05,8.4904658762217e-05,1.3766380198031312e-05,7.951507190775227e-05
alkB,alkB,0.0005312752151689969,704,8.402109899630657e-05,4.3319137033813695e-05,4.2506059447691964e-05,5.810294886904411e-05,7.637815013300295e-05,1.5923106202178297e-05,5.2886659892143954e-05,5.49445291700623e-06,2.1670883893532796e-05,0.00013097271778427638
yhbW,yhbW,0.0005307015477677754,705,2.6494552872423543e-05,7.006224630228053e-05,7.51165954810783e-06,0.00010565432638383286,6.320400755386088e-05,8.062890754218309e-05,2.2526726633491523e-05,4.7715478097927275e-05,6.177030449246999e-05,4.513333834119792e-05
speA,speA,0.0005303938946974496,706,6.246483793902037e-05,3.212518836085298e-05,1.7435544237796195e-05,1.6867091886209646e-05,0.00011844548735192754,0.00010321881340152432,3.755612578859702e-05,5.001575085417043e-05,4.132138095354342e-05,5.0943673923807605e-05
dcyD,dcyD,0.000530290345359388,707,2.1066573200670273e-05,4.673853985200284e-06,2.8569299125317442e-05,7.805552378508105e-05,0.00010331005396015504,1.111845147213715e-06,4.5103385099618195e-05,0.00010994818592041503,5.4238678156913056e-05,8.42129469788039e-05
puuD,puuD,0.0005288757198176946,708,6.0437865624528854e-05,2.868250783338544e-05,5.6329021433828e-05,3.66554118630658e-05,5.951841086653905e-05,0.00015264865631045316,7.797214061378608e-05,2.1583750863950304e-05,1.2919557274216944e-05,2.212839713394103e-05
proP,proP,0.0005287826162388719,709,9.745053734172268e-05,1.6707815221525927e-05,5.566964142190045e-05,9.260198338936704e-05,1.5551227985584703e-05,5.826622449883884e-05,4.401263560412118e-05,8.125095142517863e-05,4.7048060160053074e-05,2.022353919057936e-05
yjiO,yjiO,0.000528596524356602,710,6.97429003578192e-05,6.089689282583225e-05,5.3129852303668714e-05,5.081442450101769e-05,5.142853593498681e-05,8.409534174289333e-05,3.6107374807568044e-05,6.225100287173589e-05,1.5473161978094456e-05,4.4657037032985575e-05
aaeR,aaeR,0.0005285314083910657,711,1.726628621393506e-05,1.8539217917287656e-05,5.1575422601699674e-05,3.1501489545878385e-05,3.238013427904884e-05,2.9113654645405834e-05,6.094782340140381e-05,0.000126968261709149,8.707019192729752e-05,7.316892614995995e-05
torI,torI,0.0005279913887511658,712,5.213127989482153e-05,1.993028142423557e-05,2.430866757249209e-05,4.73374510919458e-05,8.682351767577712e-05,0.00010771886717813247,3.400598392578067e-05,0.00012010020798236499,7.528100088078222e-06,2.8107031917537346e-05
yegT,yegT,0.0005275786288266185,713,5.841908818869192e-05,0.00011279898395295358,8.103478811909532e-05,4.97575587800865e-05,4.7884529549758614e-05,2.9493502119934004e-05,2.4470740765392204e-05,3.323126153245783e-05,2.9355740070748305e-05,6.113243574750019e-05
yeiM,yeiM,0.0005271132576195375,714,9.935221148221075e-05,5.547757973936305e-05,5.2894766966355326e-05,7.444419954299525e-05,7.19502721553974e-05,3.322929404232133e-05,4.8171262962775775e-06,2.5313878940677276e-05,2.7118707156125747e-05,8.251522129781385e-05
ycgZ,ycgZ,0.0005260599650732112,715,0.00017283283307435515,3.105895874907552e-05,2.9970616440474047e-05,5.3474328166476385e-05,1.046377477848934e-05,2.951979420160861e-05,8.199801486244595e-05,5.82454653254618e-05,1.0545493174969589e-05,4.795068629985472e-05
ptrA,ptrA,0.0005253977501684341,716,0.00014507708975453583,5.930917454559938e-05,2.840468656629073e-05,2.5214886739439353e-05,3.6082909878954886e-05,2.091339002297966e-05,7.051003775211185e-05,5.865798833197418e-05,3.5028469415335884e-05,4.619911716121238e-05
rplE,rplE,0.0005252331983764975,717,0.0002487195470296255,1.960611801547042e-05,9.832473029446055e-05,5.208308686328828e-05,5.2115213398578476e-05,4.901881895823817e-06,8.402010647308244e-06,7.2694881081842145e-06,2.903991138628444e-05,4.7712107374734826e-06
glgA,glgA,0.0005249529741431221,718,2.78357456026733e-05,7.29801274397582e-05,4.184380290920655e-05,4.585258316541339e-05,5.1807595331194356e-05,5.296354368808239e-05,0.00014374474140258823,5.246345468746436e-05,6.153658124785125e-06,2.930772179195632e-05
zapA,zapA,0.0005248000563635953,719,4.0746477609581644e-05,8.064517348704598e-05,6.707126079989386e-05,2.3680652945224622e-05,4.443929054506992e-05,1.2376850345893461e-05,6.516936534851124e-05,2.558018847422202e-05,5.870360783250737e-05,0.00010638718897564515
lpp,lpp,0.0005245116723058958,720,4.97869232828076e-05,3.086275379733256e-05,3.8909552340701574e-05,5.895580622120105e-05,8.107050176698294e-05,3.0180094581576345e-05,1.7993094707206204e-05,5.434446702651832e-05,0.00012671902440281402,3.568945417875528e-05
folC,folC,0.0005244076930125531,721,5.87723591307421e-05,5.7161822549672875e-05,0.00015395245843056776,6.824817360702013e-05,2.4307098416906487e-05,5.852539368256909e-05,1.86954190784171e-05,4.4064301312317386e-05,3.425397770464435e-05,6.426689099695678e-06
rpsA,rpsA,0.0005236833154867047,722,0.00021735601714563348,2.4111871438702435e-05,1.9165482515183747e-05,2.1299391727271074e-05,4.191862931344808e-05,4.867775693692206e-05,3.3003064553422214e-05,2.528275532026674e-05,7.765116994475366e-05,1.5217176591101161e-05
fumA,fumA,0.0005233332423709762,723,7.20846343835665e-05,6.468489872237086e-05,2.253081111043918e-05,5.3552780871269384e-05,0.00012352782496149732,5.524610401434306e-05,9.959794217947958e-06,8.24844262523705e-05,1.2623835924083647e-05,2.6638131913087795e-05
yijP,yijP,0.0005227572915839634,724,6.206621716348484e-05,3.9397827840326125e-05,0.00010614437204638855,3.476271023987238e-05,2.6651575068989877e-05,2.4155558635932545e-05,5.957765379846931e-05,5.652310810962785e-05,7.701256700324614e-05,3.646570167762578e-05
eno,eno,0.0005227525380504319,725,8.162664588065179e-05,3.5892971483204884e-05,2.7221497808551812e-05,9.299068663111186e-06,2.4763398855959233e-05,5.297375341457169e-05,0.0001213597362107566,6.302645325930828e-05,7.013961203351085e-05,3.644940044080566e-05
ftsH,ftsH,0.000522691313776161,726,0.00019679170415614597,1.0142733656314749e-05,6.049534192892198e-05,3.27699958551224e-05,6.527992572430304e-06,2.400752797004658e-05,4.004427749408398e-05,1.75724245438703e-05,6.761698246935075e-05,6.672233312987406e-05
rpsH,rpsH,0.0005225978782927282,727,0.00013417276541627602,4.6597864318169276e-05,2.717306042127606e-05,3.512660809942714e-05,2.15178191173045e-05,1.4747580817794296e-05,7.314285902005947e-05,5.075895155005608e-05,2.9897238873152604e-05,8.946313065921276e-05
yfeT,yfeT,0.0005224363695591669,728,1.616091085086854e-05,1.9467717810505956e-05,9.245153717650083e-05,3.883383350750872e-05,5.084675162122071e-05,3.061890778093491e-05,0.0001280638207386013,4.308736023079815e-06,4.585698330784447e-05,9.582717074210175e-05
yaiT,yaiT,0.0005220230568459959,729,6.333129493078327e-05,9.06242023590711e-06,5.3622042790482315e-05,7.274059102343971e-05,9.445300281405487e-05,6.12147969563077e-05,1.6114923230203575e-05,9.104604506103541e-05,4.865358998077321e-05,1.178434982300877e-05
cysN,cysN,0.0005217026912362352,730,7.082545135725661e-05,0.00012357324455112862,8.655879974397077e-06,3.956986601143205e-05,5.157196599756667e-05,1.7863395068822112e-06,9.766905559998293e-05,3.9495096520507895e-05,4.6697031988079086e-05,4.185875972900201e-05
aroA,aroA,0.0005216462667622602,731,1.405343665875022e-05,4.642753589026521e-05,9.021519349764732e-05,2.7172986851151683e-05,9.231915041330296e-05,2.059866706250812e-05,0.00011431060206546623,1.5290098535872124e-05,7.016815718564607e-05,3.1090438601650376e-05
ldcA,ldcA,0.0005213491857867326,732,7.086955599698221e-05,4.4194014625269594e-05,0.00010267513075681002,1.9569646274029218e-05,1.8743380051030607e-05,3.1321623702898404e-05,0.00010425471416276306,4.9698261075832154e-05,5.242218398298567e-05,2.7600675158131707e-05
rrmJ,rrmJ,0.00052100415497266,733,0.00014454144988566205,1.2185681469856015e-05,3.4413230835121163e-05,5.7223209236534726e-05,3.6824517796735276e-05,2.1244807369105103e-05,5.690543691721868e-05,0.0001437836171343652,5.917371854199749e-06,7.964832473862072e-06
tgt,tgt,0.0005207797727961626,734,2.1551364747481273e-05,7.11461440944884e-05,2.5610136416490182e-05,9.216335586537754e-05,5.798483481872316e-05,0.0001510580921303074,4.2572800346386257e-05,3.7934227935945095e-05,8.271944285195151e-06,1.2486872155768054e-05
yfaL,yfaL,0.0005205861332657308,735,5.0762943019350616e-05,3.333509405559826e-05,3.1538786853484335e-05,4.26380505293797e-05,8.90575530539652e-05,0.0001246442766721618,5.7566417882291024e-05,4.052935374082558e-05,4.931416910836121e-05,1.1994883503130587e-06
ybgA,ybgA,0.0005202483641065826,736,6.479550614333245e-05,6.67378296255626e-05,6.365164940777332e-05,7.15973975365225e-05,6.598811932250165e-05,5.288924611211184e-05,4.484683731034553e-05,4.3348894195830024e-05,2.7404394553885383e-05,1.898848989871732e-05
ydjZ,ydjZ,0.0005197518047499258,737,1.2057120013445794e-05,4.4217397573609085e-05,6.894474636307865e-05,3.9611734514639226e-05,4.892360600208375e-05,0.00010482850392305558,0.0001376309429358231,3.437967034791587e-05,9.38173524708494e-06,1.977634782918982e-05
gyrB,gyrB,0.0005191699744279284,738,4.455826056356704e-05,5.989792727775476e-05,7.589034964346368e-05,2.4258486868222222e-05,6.338602654855562e-05,2.0799584488788703e-05,0.00018491685107290467,7.131334385971573e-07,5.834507137355137e-06,3.8914847388719416e-05
ypdF,ypdF,0.0005189166709903486,739,7.606374504842554e-05,4.4622315046601336e-05,1.4566522111563067e-05,3.481055194667331e-05,4.160968142672499e-05,1.8857438596696019e-07,3.9934750253864596e-05,6.6155539880445075e-06,8.848160197620709e-05,0.00017202337480627715
ychA,ychA,0.0005188594735047226,740,3.20782365906619e-05,5.6016951222895814e-05,6.144130253665915e-05,1.2625757295736664e-05,3.518262869148786e-05,0.00012126214442320929,1.148045712688056e-05,6.630038701823002e-05,8.775585637922043e-05,3.4715752219740905e-05
folK,folK,0.0005187734933254378,741,1.389756249561491e-05,4.758834370938676e-06,1.694495467568999e-05,2.166884468696141e-05,4.400652321289259e-05,8.837857719468486e-05,6.330077687550886e-05,2.2475436829114667e-05,8.459071056632059e-05,0.00015875127241771135
hemX,hemX,0.0005182183881908267,742,3.19218862142456e-05,3.1754558805950454e-05,2.402929527664279e-05,7.221962087794417e-05,6.714184773984517e-05,1.4875099981956947e-05,4.453073743710351e-05,5.054302624112488e-05,0.00010090158724266133,8.030072837335181e-05
yoaG,yoaG,0.0005172435175355087,743,3.55500672675813e-05,0.00012521964940385275,5.268532972368835e-05,8.526987752511198e-06,4.649876306810223e-05,8.390795474560654e-05,2.421011612073687e-05,5.738143020939052e-05,2.5995631950690058e-05,5.726758729334887e-05
yggJ,yggJ,0.0005170972909628074,744,1.6918905558741035e-06,8.673222029528774e-05,0.00012075250686976643,3.813533696223174e-05,2.9362763994254366e-05,1.4055212573774564e-06,3.9648559660937145e-05,0.00010261341031123502,7.537172847506908e-05,2.1383352580774355e-05
umuD,umuD,0.0005167534960065164,745,2.338917490528503e-05,1.0003796083572228e-05,9.545436857441804e-05,3.260538166214009e-06,1.6236656790731026e-05,9.015647532275354e-05,1.2422485189985137e-05,0.000136692645720914,5.809984462550412e-05,7.103751062713926e-05
mug,mug,0.0005161454181978125,746,0.00012093437391287594,1.388802769128733e-05,6.383203897651228e-05,1.2245310750622468e-05,1.2783084336033858e-05,8.623512771819323e-06,4.430882340678612e-05,9.781315507923658e-05,0.00010914992014589473,3.256717112674388e-05
cysK,cysK,0.0005158930464752158,747,4.319322537446323e-05,2.3325319713908222e-05,7.951079320579123e-05,6.486854069850709e-05,3.805402807999508e-05,7.520063067110632e-06,0.0001266221623577148,8.20722095345642e-05,3.1695928585168116e-05,1.9030775857993133e-05
LELOBEKK_mpaA,mpaA,0.000515679047511102,748,2.4757384757483273e-05,5.7757036560638756e-05,3.88523905525339e-05,0.00010340707046411289,4.850089402320849e-05,8.589559664696266e-05,6.744210798707773e-05,7.001344748701769e-05,1.7295647313141267e-05,1.757471718925327e-06
sbcD,sbcD,0.0005153045952238924,749,0.00011351907340291876,9.619360333547369e-06,2.979796861604198e-05,4.2847576733736375e-05,9.669224707998263e-05,1.916994210339415e-05,0.00010136876860473393,7.431046933998456e-06,1.1540628865667695e-05,8.331798254987104e-05
ssnA,ssnA,0.0005152957772292007,750,3.870064685239668e-05,1.823261932329361e-05,0.00011027713842156546,4.588605375887928e-05,3.098656547771588e-06,0.00015818036768741332,1.648405046018961e-06,2.3135121835508595e-05,5.641655696358379e-05,5.97202107927694e-05
rplI,rplI,0.000515120171717854,751,0.000120721551944319,2.602505455526863e-06,8.162250447864157e-05,1.2265797828361487e-05,2.8076861523003806e-05,2.7293476499031456e-05,3.834814145902174e-05,4.5459647280888766e-05,8.09567428843137e-05,7.777294236474562e-05
arcA,arcA,0.0005149987281451687,752,0.00014207870408439172,1.474502812309718e-05,4.033842360653946e-05,3.2720997609359794e-06,3.753982904616695e-05,3.270225293923147e-06,2.3174645734731483e-05,3.3013813444869586e-05,7.394298225452287e-05,0.00014362297679599035
yhbS,yhbS,0.0005149115366218205,753,4.812457870278011e-05,1.641072177536276e-05,3.2745250552578284e-05,6.35460323017342e-05,4.8052886310882756e-06,3.650814464954689e-05,4.129110766187787e-05,0.00019269962157174376,6.507964055518092e-05,1.3701150219927346e-05
yhfL,yhfL,0.0005144892001184804,754,4.824083483895072e-05,5.7110503936790626e-05,1.2565137703720286e-05,7.738208440816822e-05,7.030472477129271e-05,7.789380394999212e-05,7.719001323939016e-06,3.125527776525517e-06,2.8853473435483274e-05,0.00013129410797361793
pgaD,pgaD,0.0005142484076737389,755,6.496558204458588e-05,3.9476564978632894e-05,5.1300484993054e-05,7.824772381678007e-05,8.75652780400356e-05,5.058968702994178e-06,4.870741812930862e-05,2.7266513637606646e-05,3.969363177803534e-05,7.196624155270565e-05
bglF,bglF,0.0005139350510965509,756,8.80972151769799e-05,4.656896121779233e-06,5.081555073975581e-05,4.096740064039349e-05,0.00015203875001695358,4.154474746050211e-05,2.380599727536392e-05,5.048103280599706e-06,7.876488751428451e-05,2.8195502869938704e-05
glpA,glpA,0.000513847693351221,757,4.075957647967968e-05,2.807759475869445e-06,1.559634848956828e-05,2.021587888031207e-05,6.133158046085965e-05,0.00017507626616322056,1.5457679134946072e-05,4.296220510120829e-05,5.5756980925110906e-05,8.388341824044603e-05
nadE,nadE,0.0005136822094876828,758,5.682344960438538e-05,2.568715258875742e-06,4.060068487932496e-05,8.188656388752528e-05,5.737834618477705e-05,2.7675354855903344e-05,3.800958822573298e-05,8.893869910666623e-05,1.6802705090368567e-05,0.00010299810239412332
arnB,arnB,0.0005136617583485073,759,8.259297160524579e-06,3.951992634031037e-05,4.581295085607396e-05,5.16767889180982e-05,3.982284651784686e-05,6.328178223169215e-05,5.90610359653086e-05,7.378235844489043e-05,4.302583480525863e-05,8.941893710850342e-05
LELOBEKK_lexA,lexA,0.0005135679763279341,760,0.00015630924649393904,9.052195943227129e-06,3.2230002094378004e-05,2.6365820939278873e-05,6.40065809225341e-05,4.936709150044875e-05,8.25046187388201e-06,4.197901573585508e-05,7.239152894289894e-05,5.3616031881492146e-05
yaaA,yaaA,0.0005135467506406387,761,4.85503507580907e-05,9.0341674221443e-06,0.00013223946606515525,5.114615721012319e-05,0.00011062486751441442,0.00012968963019480896,2.418020724310201e-05,3.3770800075633263e-06,1.941441774422563e-06,2.7633824508139247e-06
glvG,glvG,0.0005131969128321357,762,7.036885397233237e-05,6.925320674648734e-05,0.00012228848511720592,8.738392123297651e-05,2.0424990891856838e-05,1.7396849953472764e-05,7.221251515190333e-05,2.6299186266735987e-06,2.2917144945025932e-06,4.894645664472431e-05
hcaT,hcaT,0.0005129458344852682,763,0.00011309187670021445,7.271493095838163e-06,3.523714254566603e-05,3.516355360337124e-05,7.618847102704164e-05,4.017951269962615e-05,3.84698119360168e-05,4.944099229811412e-05,7.693416606492785e-05,4.0968814514451815e-05
araF,araF,0.0005124928149477827,764,0.00012599677248070637,1.8667682433497027e-05,0.00011019292273821818,0.0001083058844717489,6.953582371816481e-06,3.386477511501079e-05,2.57865727485374e-05,3.7723153062742935e-06,5.88939596367041e-05,2.0058347645269102e-05
aceF,aceF,0.000512466559704085,765,6.559074968280217e-05,8.935380854496131e-05,3.9964717250871135e-06,1.9059445805567793e-05,0.00011996785930817835,5.0325419108948816e-05,3.1817614667046594e-06,1.6123384030836228e-06,9.752887092687666e-05,6.184983473187449e-05
dgsA,dgsA,0.0005113478805830877,766,5.748846217011597e-05,2.3307729062599682e-05,4.208706486133479e-05,5.8469086158993716e-05,3.899547316729264e-05,1.0186743759422249e-05,0.00013628809643024766,7.170568384146439e-05,4.209279226471319e-05,3.072674886690336e-05
caiB,caiB,0.0005111987505720548,767,3.127180089424496e-05,2.1099980787255657e-05,1.675899523449416e-05,0.00011142498651142872,6.761415707533292e-05,3.6277900709359194e-05,3.9146566402293185e-05,8.467598751899858e-05,3.724154663351103e-05,6.568682880513648e-05
yafL,yafL,0.0005106256649510096,768,5.9247620890566564e-05,4.987609371296181e-05,2.777521235968815e-06,4.276611742165581e-05,5.019682241123642e-05,5.3950323106742205e-05,6.869094459825142e-05,6.843094471372315e-05,3.537976482166455e-05,7.930951203823891e-05
nlpI,nlpI,0.0005106140486657996,769,0.0002048621777103531,9.355325531761794e-06,3.8563041216329573e-07,2.863942993884469e-06,3.6033953091854176e-05,8.858119723507938e-05,6.758956953760388e-05,2.9283762799902423e-05,4.147376553950275e-05,3.0184723813694356e-05
hyi,hyi,0.0005104107574505004,770,2.8873048809614438e-05,6.899079343911297e-05,2.5039409123006122e-05,4.858911240905204e-05,3.972494217284416e-05,0.00015141457739588991,3.204466457733847e-05,1.3218356195070443e-05,7.877599011179065e-05,2.3739863216781174e-05
fdnG,fdnG,0.0005102269049197148,771,4.133080819830223e-05,6.6971344844188704e-06,9.011174063119498e-05,3.747393616986629e-05,1.2514196263584634e-05,4.99230046352319e-05,1.1870134611833927e-05,6.115241153810488e-05,0.0001109444331371317,8.820910525004536e-05
fabB,fabB,0.0005102188101464074,772,2.2607362856802743e-05,5.7080747116571275e-05,4.029987561741347e-05,6.134697875739359e-05,2.7916609624486957e-06,2.8456554337549882e-05,4.611353044240098e-05,9.615111477279004e-05,4.6683227433598254e-05,0.0001086877578494385
ygfB,ygfB,0.0005101081187209845,773,7.770415803031865e-06,4.721818759157638e-05,8.420928552486224e-05,0.00014573747916463286,3.562657372878739e-06,5.972774545371538e-05,7.790950772470001e-05,1.587483090827101e-05,1.6213912803019628e-05,5.188409637429635e-05
kch,kch,0.0005096370571234292,774,7.150257201454246e-05,2.0229914158180217e-05,3.195622727369217e-05,5.139023621248123e-05,0.00010369764011241133,1.1953615174883875e-05,9.431155344179311e-05,1.489568600980523e-05,3.276345394590043e-05,7.693615877973907e-05
rpsQ,rpsQ,0.000509500988403504,775,0.00019793612422261617,3.653816757823667e-05,2.8111093107173087e-05,2.4410442956752382e-05,1.0408257260952583e-05,0.00011396342381787674,1.3306640132607208e-05,1.3955986213078204e-05,4.8031069316954325e-05,2.2839783797256586e-05
ydiI,ydiI,0.0005094417674579424,776,1.2324840437822222e-05,2.111338198633637e-05,0.00010363773054993212,2.3867076854731394e-05,1.9487534657127966e-05,1.453398367340264e-05,2.4171889189620914e-05,0.00012540644497289777,2.9471258184461996e-05,0.00013542762695160896
acpP,acpP,0.0005093739620273572,777,0.00024118584850939625,1.7067330040301425e-05,3.615403222511248e-05,5.269234394120243e-05,4.943557009556581e-05,2.920451098281905e-05,4.742631695376712e-05,1.1964359222398346e-05,2.0829834932465905e-05,3.413815124328468e-06
yeaV,yeaV,0.0005093092769343138,778,9.996482386452962e-05,8.118399759255999e-05,8.186274670936651e-06,1.3718098614088271e-05,4.9551057486725965e-05,3.8861166741493056e-05,1.0734348280628603e-05,5.500296296111491e-05,0.00010839213605933749,4.371441066289926e-05
cheZ,cheZ,0.0005090811427498898,779,2.331771669360816e-06,2.3521350395121383e-05,7.425159567898023e-05,8.359376810478791e-05,6.222593593751775e-05,4.434665647085719e-05,6.5439296218591e-05,8.894279780888962e-05,2.8509031107709915e-05,3.591893935807388e-05
rbsK,rbsK,0.0005090379712613846,780,2.3586083075876745e-05,3.305789350464806e-05,7.282348766251645e-05,0.0001240684698390573,1.665921147475591e-05,5.581081853259282e-05,1.3860563330125499e-05,5.362838509175528e-05,2.792152047190678e-05,8.762153827814984e-05
dctA,dctA,0.0005088989328892137,781,0.00010132998117278061,4.2539442721644474e-05,0.00010264952170714896,7.583788850309691e-05,1.7863905876838983e-05,5.178349875975275e-05,2.4216860602212825e-05,5.991502429058223e-07,8.37894566076079e-05,8.289226695224429e-06
prpR,prpR,0.0005088294096492066,782,0.0001113695993058387,5.659661263718912e-05,1.2078694856761472e-05,8.114325450004559e-06,7.31450330688777e-05,3.327440621438905e-05,1.8296510739049803e-05,3.1574262630946504e-05,3.883292679483191e-05,0.00012554703795131787
vacJ,vacJ,0.000508729754602221,783,2.172344691925258e-05,3.908469382196367e-05,5.0631485246434746e-05,7.189600093842482e-05,2.641377942496881e-05,1.351334838609515e-05,1.2223903003474522e-05,9.162530647866248e-05,0.00010651875756747617,7.509903281546807e-05
yfhL,yfhL,0.0005081675072790892,784,7.189979502266841e-05,4.100336741445971e-05,2.7374455249160773e-05,7.570286826742585e-05,2.8156479981149945e-05,8.248471515780662e-05,2.4128385967942414e-05,7.569790005479872e-05,3.74917610100641e-05,4.4227779153612684e-05
ygaC,ygaC,0.0005079364162206164,785,1.713581643071568e-05,1.4035916176509777e-05,8.819777067291021e-05,8.600642479945039e-05,5.5552281233688274e-05,2.1089118036601964e-05,2.8187284405394952e-05,8.792320073766785e-05,7.808046222652198e-05,3.1728141501155416e-05
rpoE,rpoE,0.0005071483919424001,786,8.819894666208557e-06,6.498580944725304e-05,4.170139695931761e-05,3.867603898494346e-05,0.00010563087429634699,1.0947374743375056e-05,3.780041656987861e-05,5.0501514458273314e-05,5.022104858641504e-05,9.786402323038835e-05
mngB,mngB,0.0005069573362690862,787,9.72421705015271e-06,3.093700792508287e-05,2.9141498964713865e-06,3.3262756019915516e-05,5.349190676304415e-05,0.0001109799764786011,0.00014264988926016692,3.907508602111819e-05,4.878178143494077e-05,3.5140565419592574e-05
smg,smg,0.0005061601499752303,788,0.00010633715996859431,1.1506532867626882e-06,4.960709328058244e-05,6.46171273114914e-05,8.077182023364e-05,2.2392820572691252e-05,0.00011191434423371075,3.891034202179151e-05,3.435513890950962e-06,2.702327517501509e-05
ggt,ggt,0.00050555849861647,789,3.7686432506726544e-05,3.014491713996119e-05,9.40234366338163e-05,8.736068586866264e-05,9.345144088596479e-07,5.5562051383190564e-05,2.3077374923000284e-06,4.788886444945546e-06,0.00010943837130166696,8.331146543634055e-05
ompW,ompW,0.0005053211265950265,790,2.339132655113748e-05,4.267871351446674e-05,0.00010978126850833091,1.3142499550252337e-05,1.599149147701544e-05,5.9216115273504165e-05,0.00010905370746270178,2.4811075858368412e-05,8.975840990771648e-05,1.7496518491532786e-05
fecA,fecA,0.0005050702009525986,791,0.00016144071325241798,8.970525459894461e-05,5.7026466065169645e-05,1.8175056065699058e-05,1.076136897609369e-05,2.1538677594922415e-05,2.9488758220824217e-05,6.480754402624427e-05,3.305408389357808e-05,1.9072278258704625e-05
ykgH,ykgH,0.0005048009264244593,792,5.4071737734035514e-05,1.8830610262071096e-05,3.6438004991863957e-05,5.213076592578271e-05,2.4523037053754466e-05,5.54447843935431e-05,0.00011326848719920993,9.238135145865272e-05,4.5259714121265744e-05,1.2452433284280117e-05
yfjS,yfjS,0.0005046695470672265,793,1.237036314322918e-05,0.00010047922873535788,7.213621802206121e-05,5.982900048015135e-05,4.813814371655428e-05,5.647656471789004e-05,2.306613559659894e-05,1.4518128277493505e-05,7.806044866491171e-05,3.959531571297842e-05
yoaD,yoaD,0.0005044919505716552,794,4.865497989949941e-06,1.9473402788429727e-05,9.286719202335493e-05,7.4985335560559444e-06,7.146322043289917e-06,3.7920211887999736e-05,6.733332089224276e-05,1.2986410846687851e-05,6.20311562461018e-05,0.0001923699022975425
rplC,rplC,0.0005042901715462274,795,0.00014552752747051652,0.00010127034166112279,3.198767824447919e-05,3.705427908746214e-05,7.741860411182649e-06,3.410383746579537e-05,4.9702050027742155e-05,4.058655302369453e-05,7.572109520303751e-06,4.874393463392833e-05
wbbK,wbbK,0.0005041906430331975,796,9.297339278720655e-05,8.96268727746416e-06,5.941686314595133e-05,0.00011152406668548336,5.7713287041482164e-05,2.7814786449704867e-05,1.7563046848145834e-05,4.45983224911015e-05,6.910176446550293e-05,1.4522425841154869e-05
zwf,zwf,0.0005041329033167701,797,6.490963467186694e-05,2.8057385919574437e-05,8.177846430629983e-05,1.3503001369926658e-05,9.70123544629032e-07,3.148590582760583e-05,9.337364759842278e-05,9.898210288335615e-05,1.871821234101558e-05,7.235442485407292e-05
gspO,gspO,0.0005032068384258875,798,4.829100351657218e-05,2.7936930894305984e-06,0.00010843205127512277,5.330617344684949e-05,2.062712878372893e-05,6.2254060176739255e-06,9.553353829765651e-05,8.082326214592358e-06,0.00012534181895598444,3.457369882827631e-05
ygbN,ygbN,0.0005029663129237109,799,1.688099989101329e-05,2.5858988883777848e-05,0.00010161364420727244,6.61899848504393e-05,2.556451723470484e-05,7.416591289183699e-05,2.157443549923251e-05,6.666076459301018e-05,1.3081199236330207e-05,9.137586563609336e-05
dacB,dacB,0.0005028946358724578,800,2.1483159503281948e-05,5.268682757915063e-05,0.00013311339240123642,7.612505549946344e-05,1.116446087720695e-05,8.767790295936094e-05,1.5712863173219053e-05,5.624130650184581e-06,6.266044670716724e-05,3.664639652218656e-05
yecG,yecG,0.0005027116734756952,801,3.2271814358130785e-05,2.1874768612108164e-06,0.00014074507924654393,3.748490743702916e-05,7.051639630045597e-05,2.26169202604884e-05,0.00010697350197314265,3.039248951916541e-05,4.425177630896289e-05,1.527131121056524e-05
cusC,cusC,0.0005021081420790327,802,1.9967367498569984e-05,5.920380432503592e-05,5.85928043065703e-06,0.00011779877148107477,0.00012115350863942453,7.775120037969868e-05,5.61332455850257e-05,3.876374494049506e-06,2.5009424713954602e-05,1.5355164531541892e-05
ytfK,ytfK,0.00050199355548902,803,0.00011528839265598916,5.0946126738408556e-06,6.655553941814004e-05,5.5199320492201616e-05,4.707147278356909e-05,7.771110634224682e-05,1.8582647145580748e-05,3.141342614946721e-05,3.689412910155141e-05,4.818290872643306e-05
xylG,xylG,0.0005013951270154799,804,5.947784865944762e-05,4.114148003881964e-06,3.8485891381795025e-05,6.039564777496221e-05,6.936807556285845e-05,0.00017105652470496329,1.7491050964441694e-05,2.2791736932122075e-05,3.766110962472552e-05,2.055309340628208e-05
yhjK,yhjK,0.0005013698185800536,805,1.6650963568775762e-05,3.746925957941596e-05,5.194435551301914e-05,3.961588278361562e-05,8.181190967052434e-05,6.395506490625526e-05,4.136643509796404e-05,4.786079381190514e-05,3.78588437204352e-05,8.283630992814309e-05
speC,speC,0.0005012994696680706,806,5.9974648712835584e-05,8.361906349073609e-05,8.240314835487593e-05,1.9585248939263866e-05,8.301556212474232e-05,5.040505985872916e-05,5.2532898192778865e-05,2.8645369249849902e-05,3.3471026572031907e-05,7.647444172226982e-06
ycbU,ycbU,0.0005012084363615023,807,7.397751065291256e-05,1.2882145234907337e-05,2.48019742882064e-05,6.832513721618565e-05,6.557059468358355e-06,3.6894343250852915e-05,7.85745467447339e-05,0.00010001993446210876,6.595625092300666e-06,9.258015995093574e-05
proQ,proQ,0.000500570294650741,808,7.789890399721722e-05,2.8910067100979144e-05,8.496937988474639e-05,8.000686161865527e-05,2.0814652496198302e-05,4.664504542830635e-05,4.7022029121276775e-06,3.995763641967455e-05,0.00010211093087858417,1.45546139142519e-05
erfK,erfK,0.0005002948757464685,809,2.624085312418461e-05,1.4310535332656447e-05,0.00011660976394332433,7.72717926724396e-05,0.00011999832414245346,9.148236768998476e-07,3.596099437121752e-05,5.3415495179069924e-05,2.0284661197710452e-05,3.528763210651241e-05
yphA,yphA,0.000499244847539888,810,5.426442490732072e-05,7.502362731254416e-05,3.792471018643027e-05,0.00013838981950032735,6.808037103809076e-06,3.4919987904550424e-05,2.6088173454579033e-05,3.660132272556151e-05,1.457558395460839e-05,7.464916049015702e-05
yccF,yccF,0.0004987779675489933,811,1.4512267396576028e-05,3.055516706886204e-05,6.949598774774091e-05,9.462734916604682e-06,1.4093869849691388e-05,0.00015217392875598607,4.329073355735004e-05,7.03735122006117e-05,2.7963102847204057e-05,6.685666320836648e-05
ybaW,ybaW,0.0004985208217945257,812,6.483525992598076e-05,9.986406429215748e-06,1.3418200219479391e-08,3.9293421087456406e-05,2.8925796372351417e-05,4.2473232376260396e-05,9.438230956264314e-05,8.282971217735321e-05,4.928647970464523e-05,8.649478595839991e-05
yrbG,yrbG,0.0004984644289181424,813,2.0151521951247445e-05,1.0575926719596955e-05,0.00012587983699240184,2.3608484854158987e-05,5.266479681815715e-06,0.00010310594912645315,1.8095544534142937e-05,6.541664996012389e-05,4.786311358401023e-05,7.850092151419126e-05
aldA,aldA,0.0004964534252681926,814,2.3772252786956934e-05,2.391264426299929e-05,7.850051319794062e-05,8.573748788738164e-05,3.4883417013202085e-05,3.876746854146608e-05,2.7611636930296964e-05,3.192121554170761e-05,0.00014011478236977126,1.1232006736470174e-05
yehT,yehT,0.0004964190521510109,815,4.0196964935406615e-05,2.4708855285214086e-05,1.0768473919911356e-06,7.412987996128227e-05,4.163441643597549e-05,4.9733803818291015e-05,7.879059841685232e-05,0.0001814375432710471,3.2254378164909712e-06,1.484704818459844e-06
ybhK,ybhK,0.0004963703508163201,816,7.140776147703686e-05,5.485841193466563e-07,8.713087814691487e-05,8.872702207274408e-06,2.5873160246474735e-05,4.277847778997224e-05,2.5095627293973272e-05,7.31675755210871e-05,0.00010701158738285073,5.448399663138916e-05
narX,narX,0.0004960241832587601,817,6.498246138275039e-05,3.464509871254925e-05,6.028304926351674e-05,1.9044307645173502e-05,2.494093006584606e-05,9.413778104613572e-05,8.498442170137992e-05,1.3550694424553885e-05,1.6746365493625784e-05,8.27090735232289e-05
yphH,yphH,0.0004954795550313678,818,5.150973939746019e-05,6.354993570061309e-05,3.2708048441313216e-05,0.00010943470324037856,8.516241396705449e-06,6.174181487393057e-05,8.230014128035483e-05,3.660812930998999e-06,2.667763264118726e-05,5.538048512842565e-05
yfjW,yfjW,0.0004952255416260948,819,2.3531176843380328e-05,3.495011307737532e-05,7.640640741331584e-05,3.392831559942373e-05,4.212302635759506e-05,5.146070649323366e-05,7.235156741210711e-05,4.089426872126227e-06,0.00011971381452523189,3.667098703230559e-05
rpsD,rpsD,0.0004952130751124456,820,0.00019960422960380343,3.805000979989604e-05,4.376664043974242e-06,5.537663917861003e-06,9.535775501294226e-05,6.266241727949442e-05,5.600063701017914e-06,4.228698619800458e-05,3.110503893222089e-05,1.063224662323072e-05
yiiS,yiiS,0.0004952078904574145,821,5.2301746683086305e-05,4.6361882348978006e-05,7.453712431826279e-05,6.950719134994752e-05,5.085573762109806e-05,5.6300530922061936e-05,2.542118442528485e-05,4.5724123945397414e-05,2.1276298767099528e-05,5.2922070076198214e-05
dinD,dinD,0.0004952059719067921,822,8.428167354799193e-05,1.994006483025964e-05,1.8379295846265032e-05,4.182510657710318e-05,6.128979625217197e-05,7.275017534889176e-05,9.18445152343947e-05,8.000309853195343e-05,4.115266832585159e-06,2.0776978905175302e-05
galU,galU,0.0004951364947207967,823,0.00010919048226775952,1.1238440082928268e-05,3.44242220457259e-05,4.242207583940427e-05,2.7750864472191815e-05,4.7371596515110674e-05,6.846611098700037e-05,1.4560068737173091e-05,7.942981810579952e-05,6.028281566770337e-05
yeeE,yeeE,0.0004944419648310668,824,2.645182706294282e-05,6.89154260860758e-05,3.0802782247636194e-05,1.539207304668613e-05,6.750209638212612e-05,6.92402543913529e-06,0.00012394807552829038,5.8274750708176786e-05,2.360884481223616e-05,7.262206351776106e-05
htrG,htrG,0.0004943408864820073,825,1.934760576856843e-06,3.370903171983834e-05,8.757324283299602e-05,9.480719104701087e-05,8.039906638811496e-05,3.531297029016397e-05,3.671272852164524e-05,5.1539864154810395e-05,2.107663489854388e-05,5.127539605202674e-05
livK,livK,0.0004942359404322922,826,6.433542859744955e-05,3.6111809342732956e-05,0.00010381552120704366,1.8322864749572637e-05,4.9335410346510685e-05,2.4492007657195484e-05,0.00011056956625385814,2.8579993702242845e-05,1.1426572962612207e-05,4.7246765613074066e-05
ddpD,ddpD,0.0004938628567747939,827,6.3934949114716e-05,2.9059917072956305e-06,2.2359105882732046e-05,7.025330608205427e-06,5.737603288289358e-05,0.00013286223766609183,3.909959366154598e-05,3.3357527130060826e-05,1.3504848494647803e-05,0.00012143723962660477
hmp,hmp,0.0004933635337362304,828,1.8293488557311823e-05,6.913221924190439e-05,3.120816055266095e-05,1.3357995931222021e-05,0.00010574565323107832,4.555694192266062e-06,4.9257624155643076e-05,2.7931156069010577e-05,5.638976050762785e-05,0.0001174917812975054
ygaM,ygaM,0.0004932045295875628,829,0.00021558211409195309,3.160297523724699e-05,2.709420793785658e-06,7.775632333105867e-05,6.254886481588752e-05,7.332098769215065e-06,4.289982975866815e-05,2.608066392656203e-06,3.2426940987601537e-05,1.773789540948998e-05
groS,groS,0.0004931803277342632,830,5.69909351486079e-05,1.3620996190088086e-05,5.31042460098702e-05,1.796963621871831e-05,0.0001089166958649537,7.102462870084265e-06,8.704049401582958e-05,9.815274161405122e-05,4.434880941892382e-05,5.9333103831360975e-06
nusA,nusA,0.0004930787583630439,831,9.776993234781137e-05,2.001382557702928e-05,3.6435392313153825e-05,5.147822509164166e-05,3.292739895370066e-05,1.3511021453440957e-05,2.586655372132572e-05,9.485883135943387e-05,1.0655849007682466e-05,0.00010956172853782415
yjhS,yjhS,0.0004921825081587977,832,1.2516037633712847e-05,1.2954999210121384e-05,3.6526268602118983e-05,9.506555698461364e-05,2.2219158682215624e-05,7.449762747894996e-05,3.5188462382361406e-05,6.689121860728593e-05,4.200818898801101e-05,9.431498958940684e-05
prfC,prfC,0.0004921632475160443,833,1.9678141391680462e-05,2.994083876533574e-05,7.277775064607863e-05,8.939594721912935e-05,5.730665023486364e-05,0.00010135893998104106,4.441806517263754e-05,8.63264528090381e-06,3.053891962529556e-05,3.811534919907861e-05
yhfK,yhfK,0.0004915314248420662,834,6.52752788396986e-05,2.320249460041281e-05,5.001932895552442e-05,7.19810039772128e-05,5.0699514485673265e-05,3.4519865376004e-05,9.298457042770471e-05,3.3038505404827977e-06,4.017858379522308e-05,5.936693384412972e-05
rhsC,rhsC,0.000491343027957804,835,6.797704743502007e-05,1.685661125595588e-05,3.7689846862374224e-05,3.616654362422583e-06,9.259794000189804e-05,5.626471259981591e-05,4.96302660582653e-05,7.870331459430263e-05,3.122390989767281e-05,5.678272489007652e-05
yqgD,yqgD,0.0004912698999670838,836,5.524695337886168e-05,1.7808837059615327e-05,7.668432605231109e-05,2.819706442584728e-05,4.425044644390714e-05,5.5883239837452483e-05,2.7161958984415667e-05,0.00015028579821160147,9.987408997394225e-06,2.576386657567744e-05
molR,molR,0.0004912496288752778,837,5.794269294404042e-05,8.420551866721333e-05,3.6070941485160997e-05,7.404534643288767e-05,5.6388248179252935e-05,4.579737141189196e-05,4.407844224869844e-05,7.02818274879032e-06,3.3744446008535565e-05,5.194843874880618e-05
yjhT,yjhT,0.0004911056945975343,838,2.6320347147219935e-05,1.6567458787099924e-05,2.2815358884826294e-05,9.929059158111673e-05,0.00010829212648402199,3.5089151554600286e-05,0.00010462396106050428,7.4798322131441e-06,5.949721260316223e-05,1.1129654281838431e-05
wcaI,wcaI,0.0004910808382491835,839,8.515939269915793e-05,1.877682664529661e-05,4.264281555911827e-05,9.463813622806138e-05,6.47260501522817e-05,5.6385343644431185e-05,4.862106170441671e-05,4.7462548781126404e-05,1.650669401819643e-05,1.6161968817096876e-05
xthA,xthA,0.0004909358853120479,840,1.109993163210926e-06,5.939481001019804e-05,2.449003109892135e-05,6.300205436930768e-06,2.2630491509184066e-05,2.5384839309139956e-05,0.0001183985663421054,4.151927218928814e-05,7.075791459259011e-05,0.00012094976166047918
ptsH,ptsH,0.0004907431445979572,841,2.7445631155625863e-05,8.15004088794241e-06,1.7737716734799908e-05,3.6439839534637814e-05,2.490113915430416e-05,5.027854951268431e-06,4.398255817710142e-05,9.543371623533984e-05,0.0001479503586757734,8.367428909116389e-05
wcaM,wcaM,0.0004903446734181826,842,6.156586606951933e-05,4.4225142052840795e-05,9.830725186295643e-05,1.0137059924042572e-05,5.374199987973518e-05,4.010420229129042e-05,1.1773811316181167e-05,6.455804822942721e-05,4.605642300241342e-05,5.9874868789776126e-05
fusA,fusA,0.0004899662986174292,843,0.0002707148580439785,4.286469080508726e-06,2.2225530133237674e-05,5.3574233194535505e-05,2.2407130244674354e-05,2.1401109073754203e-05,1.6656885713682882e-05,3.672083347199037e-06,6.699095195222718e-05,8.037047833631065e-06
yeeA,yeeA,0.000489757118263315,844,1.666979712363784e-05,2.194607364093047e-05,0.0001292557699587204,6.497347060547235e-05,3.7021679123141834e-07,1.0956888259811924e-05,2.0315232794090985e-06,6.534003540807093e-05,9.749828889190276e-06,0.00016846351430684024
yiiD,yiiD,0.0004892143391920059,845,3.579489201286527e-05,3.180725465307618e-05,3.552656828235446e-05,7.171842193496023e-05,6.740310903744242e-05,5.405428204991331e-05,3.195147137568376e-05,2.9394007718805003e-05,9.443354499752783e-05,3.713078712937745e-05
pepT,pepT,0.0004885452567495185,846,0.00015877015740504313,1.2940608387329818e-05,4.584360689324196e-05,5.032038324874927e-05,7.532147321733204e-06,2.0028950177049182e-05,5.66226120337604e-05,3.844234860452753e-06,5.469524948949842e-05,7.794730693266043e-05
gatD,gatD,0.00048807005569303174,847,9.583008123090897e-05,4.2787884539887186e-05,2.2891242076242794e-05,6.012124387306506e-06,9.897310958160619e-05,2.8587642133578192e-05,4.1834304510716115e-05,2.718214775915771e-05,8.625381123790914e-05,3.7717708235718924e-05
yqjK,yqjK,0.0004875750508526242,848,0.00023152866190007546,3.936491209840468e-05,6.698190021193054e-05,5.331262464094351e-05,2.3983965122950424e-05,2.1652693416652628e-05,1.995917764728446e-05,1.1700219366007172e-05,1.456970865030155e-05,4.521187798073775e-06
yebG,yebG,0.00048731886675885256,849,0.00014726856618923364,4.4879549753973446e-05,9.26011752418779e-07,7.506172872375327e-05,7.043704494520133e-05,5.940442809206372e-05,5.5602836668321356e-05,7.522489624974565e-06,2.5446269193661164e-05,7.699418152512832e-07
chaC,chaC,0.0004865771247561703,850,5.2370720675206125e-06,0.0001456352222793209,3.062440819840409e-05,8.097803340052848e-06,3.920954194216958e-05,0.0001288688436009424,2.2461880242861535e-05,2.1578003352254105e-05,4.34776032909767e-05,4.138674644166755e-05
ycfM,ycfM,0.00048653898493349165,851,0.00012947502733919673,3.8222396450256176e-05,9.762265625157693e-05,4.3082745059845134e-07,7.275533587435444e-05,3.141538421139805e-05,2.4258903868058537e-07,4.84312973583261e-05,7.988583323221786e-06,5.9954887635882415e-05
gadC,gadC,0.0004860562529983268,852,0.00010893486664109874,4.2987603428188135e-05,0.00011417018676634459,3.5832305071979428e-06,2.6833872689992365e-05,5.914941410242956e-05,3.985605484064752e-05,4.770843779441251e-05,3.3954037437835466e-05,8.878548790179955e-06
tsr,tsr,0.0004858549814836867,853,9.029863429880007e-05,2.5790342390791014e-05,8.709535182869181e-06,8.160157730214197e-05,2.3930007990775454e-05,8.347328003916757e-05,6.0485823911544155e-05,4.038981350375891e-05,4.985061780363907e-05,2.132534906019927e-05
ghrB,ghrB,0.0004852984711910395,854,2.639680978070716e-05,1.6918645626067138e-05,7.773326369316287e-05,9.098752336791217e-05,3.785898349105786e-05,7.948991495179064e-05,2.5773531817302123e-05,8.167849274967861e-06,4.975230687390237e-05,7.221964231416936e-05
dsdA,dsdA,0.00048479760400526467,855,2.9649534914166635e-06,5.422852836569025e-06,8.390442553513025e-05,6.887926320165316e-05,1.1728003223018478e-05,5.472908656443799e-05,5.0676603399173164e-05,6.803974357071397e-05,3.386655842297707e-05,0.00010458611376017491
lon,lon,0.0004846600980581049,856,0.0001244191491764425,4.6778263286815444e-05,9.823726036498248e-05,2.5500504521846924e-05,3.261109370940525e-05,1.8308764989701507e-05,2.8542899996948107e-05,6.809569632946637e-05,2.3728060212073212e-05,1.843840547042315e-05
ydeR,ydeR,0.00048430046434838316,857,4.347173522938691e-05,4.561189519174731e-05,4.513309648576189e-05,0.00010026008150169497,8.446573822013896e-05,2.149415171593745e-05,4.642838869233634e-05,6.388756465008006e-05,1.1451047671477484e-05,2.2096764989821794e-05
aceE,aceE,0.0004842623379554679,858,6.736736133038897e-05,5.205123790886916e-05,8.049880174262666e-05,5.9753155017391925e-06,2.357805294782255e-05,0.00011150731945876397,6.594631491700675e-05,2.6007260919057082e-05,3.6271742066919664e-05,1.5058931162273895e-05
maoC,maoC,0.00048385162424354334,859,5.692170168163263e-05,3.2957076455448726e-05,5.163647725261591e-05,1.643960344785279e-05,1.3924304742005255e-05,9.355525993123101e-05,1.2315556303371883e-05,1.3605998103928635e-05,7.720564849889344e-05,0.00011528999782656312
yjjG,yjjG,0.00048350626431787507,860,3.3942042471006795e-05,3.7844016826632134e-05,0.00013482424996264064,1.3330557253195192e-05,1.0807255301412052e-05,1.0116518086691413e-05,8.288987427523698e-05,0.00010057145528485366,9.362581817354765e-06,4.981771303885132e-05
rpoZ,rpoZ,0.00048337550283133524,861,4.517644325488174e-05,1.4783619027132982e-05,9.572434908486555e-05,4.599023315473975e-05,9.336237378101393e-06,5.915690184400036e-05,3.00457564178201e-05,3.866269901265342e-05,6.444990351335726e-05,8.004936014378263e-05
phoU,phoU,0.0004832615740762821,862,1.1968300963307366e-05,8.495651670198475e-06,0.0001389237183086819,0.00012082246648989515,1.8144212563441683e-05,3.5609647540765716e-05,2.28573441793923e-06,2.5318239042950135e-05,0.00010970242286901606,1.1991180210086404e-05
ybcS,ybcS,0.000483087419086039,863,2.75083241034034e-05,3.016497994113217e-05,9.354615791725302e-05,0.0001120015614501415,1.4415285327854148e-05,5.593413993572262e-05,7.288699712518198e-05,5.540896098642296e-05,1.6299819715440465e-05,4.921192583486638e-06
talA,talA,0.00048227830576460406,864,0.00016742480063319015,9.240560024445513e-06,6.7896236229883525e-06,9.70294987631027e-06,2.492355768421436e-05,3.930720496216836e-05,4.1109514482723014e-05,4.441662773023694e-05,8.061272576465103e-05,5.875074098367601e-05
ybbP,ybbP,0.00048221504621996083,865,7.834168420282215e-06,4.546513102465316e-05,9.53157221268453e-05,1.1439370391376845e-06,7.60809794799072e-05,4.601812547901148e-05,1.424770113316509e-05,6.104216086540855e-05,8.3103308885739e-05,5.1963811765811184e-05
corA,corA,0.00048151060285996355,866,7.75178678579965e-08,3.2488942720620514e-06,5.775950985910974e-07,4.196212949906118e-05,9.031190026261929e-05,2.9720283482416493e-05,0.00017120639624087271,2.308278592981199e-05,8.248067180826993e-05,3.88424283984007e-05
yqeG,yqeG,0.00048142839517299925,867,3.33202798673739e-05,8.483030708576755e-05,3.608449408958889e-05,5.3992064586784225e-05,4.1199492085029086e-05,8.16609730453467e-06,7.5605949223976744e-06,2.1724462646427706e-05,6.008445809750046e-05,0.00013446614448759517
ydeA,ydeA,0.000481156815334861,868,7.051057320219106e-05,7.104087572167863e-05,2.829360016047751e-07,2.3578960033659626e-06,8.254245304166604e-05,0.00010368680267197776,9.575469047786518e-05,7.002241908900328e-06,1.797746654939639e-05,3.000087975621477e-05
cld,cld,0.0004803288798594646,869,7.653226582318344e-05,8.015951334144965e-05,8.183616842343452e-05,4.0254326737187786e-05,6.553535830103102e-05,1.505623169319272e-05,6.760841539896512e-05,4.0159459177743205e-05,7.884087029979798e-06,5.3030539332973295e-06
elbB,elbB,0.0004799239119403633,870,1.837630327793869e-05,9.525179701419986e-07,4.268814732332923e-05,3.0280951970059617e-05,8.42637865069528e-05,7.192660391396442e-06,5.9987383145663884e-05,5.276994197721723e-05,0.00010823070828301538,7.518151109464802e-05
galE,galE,0.000479763953276654,871,2.226117924735935e-05,7.702660957383389e-07,6.37896407902499e-05,0.00013298517298307035,3.182861798529122e-05,5.4711914780801976e-05,5.353509560835045e-05,2.2999148878326586e-05,8.091112908999364e-05,1.5971787817472114e-05
yrdC,yrdC,0.0004786447312168043,872,1.9828474444570362e-05,2.009891150656312e-05,2.9877764634273374e-05,2.6045678347971902e-05,4.864572957879511e-05,6.763902131884322e-05,0.00015461004944591415,8.033769479994134e-05,1.3381719457617288e-05,1.8179687682314407e-05
nhaR,nhaR,0.0004781259403648954,873,7.455817852514386e-05,7.027763837063542e-06,5.2793412916341264e-05,4.115997384880031e-05,3.644343560282974e-05,4.6386081114211484e-05,0.000154460794749883,5.925628372056759e-05,2.810017702170896e-06,3.2299983478837696e-06
malY,malY,0.0004777417168103194,874,2.898476148328982e-05,3.709239712917758e-05,1.4252000321194318e-05,8.299193539633262e-05,7.896453179974249e-05,4.15337606236304e-06,8.765573482330198e-05,2.4369438382187444e-05,8.804958707126466e-05,3.1227954341465457e-05
yqeA,yqeA,0.00047732288948626353,875,0.00012653189578736273,8.82532196371968e-05,4.9193232885361374e-05,5.801868443820885e-05,1.1154759230097444e-05,1.6011077916411787e-05,6.980787853615674e-05,2.9709468337106804e-05,7.503156598625316e-06,2.1139516119735734e-05
infB,infB,0.0004769765647763848,876,0.00015095982976874467,5.3254494937273635e-05,6.33086639793131e-05,4.637099945663475e-05,5.9550173105931366e-06,3.8844163913355826e-05,8.333853350498168e-05,2.306904052705495e-05,6.347217723579343e-06,5.528603654853731e-06
ydeO,ydeO,0.00047652265327086216,877,7.008158272370189e-05,7.299996155419136e-05,6.242040050533799e-05,4.487283918761773e-05,1.6390521004205704e-05,2.7191753557423242e-05,3.147011231943437e-05,0.00010431712137106368,3.847660958426718e-05,8.30175146361903e-06
frmA,frmA,0.0004765225566546891,878,4.584150078028421e-05,3.862228625007123e-05,3.609202035329272e-05,9.299450142655481e-06,2.312892260810345e-05,7.975531493802582e-05,3.383014852532647e-05,0.00012218551874186606,3.0348643536075725e-05,5.74187507789879e-05
rplX,rplX,0.00047610128523497625,879,2.448553406187781e-05,3.6030310182183153e-05,5.050456132814235e-05,5.872280758717336e-05,3.0490165730526736e-05,7.340556373636787e-05,9.33136289392179e-05,8.610989493247243e-05,8.42758660911005e-06,1.461123212790458e-05
znuA,znuA,0.000476096811172703,880,4.864953403524922e-05,1.797474538320028e-05,6.691230067090985e-05,3.859645414241045e-05,6.822572146658286e-05,2.6954995520108813e-05,2.383921204379605e-06,0.00010238116101795444,1.8289693849724255e-05,8.572828388218324e-05
yjbM,yjbM,0.00047575194131641973,881,3.4383055789436336e-05,4.620367251644523e-05,5.9568773147289415e-06,0.00012536329376848634,1.0462204974263947e-05,5.515631359795514e-05,2.442891428450665e-05,3.480767105146716e-05,4.767559980629779e-06,0.00013422237803850022
napA,napA,0.00047548054178184836,882,7.208232556203954e-05,3.052676364238921e-05,1.986896223502286e-05,3.5666970407853276e-05,6.723342709221283e-05,3.8879927698870975e-05,5.667717261287438e-06,6.656599756897993e-05,0.00011756881139706028,2.1419638916131992e-05
yjbJ,yjbJ,0.0004751824420597909,883,0.0001835330521152805,5.651071160756681e-05,8.106546337566652e-05,1.720351925056677e-05,2.1014071368088992e-05,1.8410940227486984e-05,5.480510251412871e-06,6.824128819579434e-05,1.4737381179579244e-05,8.985504488347882e-06
ypdJ,ypdJ,0.00047470842937370316,884,5.545112944749536e-05,6.815610492247646e-05,2.0673797297111033e-05,3.661931100066989e-07,7.18971521070527e-05,4.406468017953327e-05,5.055800914767091e-05,5.117975347832452e-05,1.645993753283918e-05,9.590167215119298e-05
ydfW,ydfW,0.0004746038466209389,885,4.585310631215155e-05,1.0117223046146763e-05,1.6653061525897537e-05,2.725900003543389e-05,4.00798182310723e-05,0.0001575854157238967,1.9376032481959893e-05,8.735222571585334e-05,1.190237229098465e-05,5.8425591257542286e-05
ydiB,ydiB,0.0004745358654659099,886,8.66828160089687e-06,5.57840166501348e-05,0.00011517977623558223,9.707949051156551e-05,5.3575596317767946e-05,5.295351594731251e-05,3.068736324900616e-05,3.4317848223341816e-05,1.1228411039531168e-06,2.516713562634889e-05
yfcU,yfcU,0.00047439845288569597,887,8.048982205601662e-05,1.1848179066956552e-05,3.699641902289166e-05,5.134911882035285e-05,2.61894742555045e-05,0.00010511283606703936,2.129188969066913e-05,3.770744270523833e-06,5.508353981750392e-05,8.226642981823755e-05
dnaE,dnaE,0.00047396160624298,888,2.0697214528806403e-05,7.5918174434357796e-06,0.00010347271626824255,9.113608340097234e-05,1.1794418051058712e-05,0.00012090777931101092,8.82885725191732e-06,5.054594566008967e-07,7.229383667355488e-05,3.673342385738017e-05
yedD,yedD,0.00047329102004807863,889,6.69795764384659e-05,7.452006319174755e-06,2.6833742625488964e-05,9.31433473429891e-05,4.619247703303517e-05,1.0862548615497354e-05,6.905981733263422e-05,7.076881006400314e-05,7.925306857604039e-05,2.7456257007496564e-06
nadR,nadR,0.00047316286789262,890,1.7617537390277766e-05,5.33808717655908e-05,6.322808428954871e-05,7.781904029847535e-06,3.100076315125527e-05,2.0860096066420556e-05,0.00021237046910939838,3.816518229602759e-06,1.36396193763468e-05,4.946700448433143e-05
ycaP,ycaP,0.00047302217521787664,891,1.3446111895467252e-05,3.220252951254311e-05,7.614414969495417e-05,3.216241403254013e-05,0.0001354768512149579,2.346810902591002e-05,1.1286618595720795e-05,2.22642606173142e-05,6.629088661848401e-05,6.028024400998503e-05
yjdA,yjdA,0.0004729403724239045,892,4.953838225071363e-05,5.670829015414157e-05,1.3031001348395267e-06,2.1693864754498725e-05,3.896284662938323e-05,7.899577499725386e-05,4.2783825531055895e-05,9.961450897922659e-05,5.48974139789319e-05,2.844236501385956e-05
fhuB,fhuB,0.0004723443903252422,893,7.549724115847021e-05,3.524766519839823e-05,3.5929077630798634e-05,9.051922385355422e-05,3.5720447931363323e-05,1.1049462453598563e-05,3.792792777023866e-05,7.63917742039536e-05,1.5104034380105765e-07,7.391052978106569e-05
gntP,gntP,0.00047208699511143204,894,8.654376752531968e-05,4.471558851402221e-05,3.487753052889154e-06,0.00010408811391386365,2.7384004491024225e-05,1.4232562665097967e-05,0.0001259619536284932,1.8135860694352122e-06,3.895739558090085e-06,5.996392569319664e-05
yafT,yafT,0.00047186857291432586,895,6.698276406354827e-05,4.8428560674130405e-05,3.4158541938791193e-05,5.346496967364602e-05,5.7867795163814344e-05,1.8847317297058146e-05,3.8578851003025924e-05,0.00010881610809374897,3.0815316024977945e-05,1.3908348981584609e-05
mgtA,mgtA,0.00047086075379360965,896,8.770725106597933e-06,9.275583863928791e-05,0.00010337554931221908,6.851303794096722e-05,2.742726993991369e-05,4.31321348405139e-05,1.2423667815764588e-05,1.2852065224478178e-06,1.3266950718341758e-05,9.991037295755577e-05
yobH,yobH,0.0004707779279902717,897,1.7770826184276948e-05,3.811788423315617e-05,3.7034659332488114e-05,0.00011334923122690386,2.4208037800894098e-05,3.4468094422210965e-05,5.4534491113785805e-05,0.0001271954032332275,1.906039144842035e-05,5.0389089949079104e-06
elaD,elaD,0.0004704867115646784,898,1.4093588709997843e-05,4.060894199506165e-06,3.748782466342773e-05,9.435513207612075e-05,2.2808113758896765e-05,9.172078128379779e-07,0.00010081302320265742,0.00013154837376518682,3.235917772827349e-05,3.204337564777344e-05
lpxM,lpxM,0.0004699743067720063,899,8.023003762284613e-05,5.613779793475944e-05,1.6029840919474833e-05,4.707110648920821e-05,2.4793835420466896e-05,5.693869114197552e-05,2.0531900333391052e-06,7.492571017362827e-05,4.2196506490734465e-05,6.95975905455734e-05
yhaB,yhaB,0.0004695160275702746,900,2.6597810828689048e-05,3.52213761155654e-05,5.465074409273206e-05,0.00010005617600176788,4.6559113312770495e-05,3.105157233459214e-06,5.1866693193762185e-05,3.401922441806939e-05,3.213955754399093e-05,8.530017482946799e-05
yddM,yddM,0.00046929275361511184,901,1.5581526053752705e-05,7.512138809675101e-05,9.279661389314519e-05,1.0860866100469651e-05,1.4386758718088486e-05,4.283078898011281e-05,6.9440861577328e-05,3.977605856614438e-05,5.113238216716526e-05,5.736550946215436e-05
lysP,lysP,0.0004691580635285269,902,8.469300096307453e-05,3.109697143142098e-05,2.1586937900287314e-05,2.0029634133634035e-05,5.659915577352918e-05,8.03466509458848e-05,2.2374473028383315e-05,5.553493274854781e-05,4.030167155130796e-05,5.6594635052457005e-05
btuR,btuR,0.0004690809358148449,903,4.490135837622979e-05,2.842317994080652e-05,4.832420253585233e-05,8.008033180008423e-05,3.910418414460789e-05,6.460652999797567e-05,3.51403620259131e-05,4.92483000877812e-05,7.726413355388565e-05,1.988353351708488e-06
perR,perR,0.0004690156192884069,904,6.4272995594084e-05,3.345447491522721e-05,0.00013366016977234236,2.2344639195230357e-06,2.2725128747402225e-05,2.3323905437274856e-05,6.962429050896212e-05,4.5779315444044234e-05,4.210896278521992e-05,3.1831912164326894e-05
cpdB,cpdB,0.00046839638706528026,905,0.00010184654127014521,3.6222442358490238e-06,6.286951739776077e-05,2.649243733622924e-07,0.00010509222805371452,1.405812272067999e-05,2.126403231157785e-05,0.00010116014610993527,1.6837275355567478e-05,4.138135523668789e-05
dapA,dapA,0.00046830558272684694,906,0.00010300322810244256,5.0715852668577886e-05,1.1208733588934764e-08,5.603984361176762e-05,1.1601809039524272e-07,0.00010987517533679264,3.8355706692243896e-05,7.403313076086626e-05,1.7614556651009725e-05,1.8540862079162164e-05
kdpD,kdpD,0.00046772658824345884,907,6.867730295289433e-05,4.22459315291939e-07,2.878368587467479e-05,2.2414261483930096e-05,7.387430268425467e-05,5.609937932065619e-05,8.430212178359289e-05,0.00010510230984340432,9.108394028995962e-06,1.8942370955763583e-05
rhaR,rhaR,0.0004671295945215437,908,7.714650114527492e-05,1.238246762125218e-05,6.2754179988346e-05,8.180252003785464e-05,2.8955391295234305e-05,2.3894339430149835e-06,5.8303344060785614e-05,6.010081372522797e-05,1.910724851267739e-05,6.418769419187571e-05
modF,modF,0.0004670374516204788,909,1.0709623862933232e-05,6.991247096765245e-05,7.591749190306702e-05,7.584061428795986e-05,1.6585037898876943e-05,9.049162171131198e-06,7.42859079757928e-05,2.8046721682098808e-05,6.052098232875167e-05,4.616943854221483e-05
folA,folA,0.0004666346216119997,910,7.443138287641776e-05,2.9497251949146668e-05,8.23319103932616e-05,0.00010649259257643079,2.3171222420893897e-05,1.5030691699575469e-05,2.6971553434733286e-05,5.216255014339817e-05,2.0825049746770168e-05,3.572041637137189e-05
tfaE,tfaE,0.0004662630080726188,911,1.1895590473921918e-05,1.2675577766109888e-05,2.007986389082233e-05,0.0001206953005298531,2.0340532327758495e-05,3.447221580632248e-05,4.651472083691589e-05,7.891411197085735e-05,4.995863678503117e-05,7.071645768502618e-05
alr,alr,0.0004659315853488964,912,3.0173319392859363e-05,5.336166780535928e-05,4.1249130691363755e-05,6.223079276493123e-05,4.727806015759764e-05,4.681160216249123e-05,6.60968437175952e-05,4.944476675485133e-05,7.4956940772166216e-06,6.17897078246307e-05
kdsD,kdsD,0.0004654126504254295,913,5.3632977148743644e-05,5.153232646727233e-05,3.3284486076992113e-06,0.00010658033569739382,2.9862537054638703e-05,2.789330447856328e-05,2.7806458016766974e-05,8.339534215240332e-06,9.904076790982328e-05,5.7395960829287886e-05
acrF,acrF,0.0004651728299547057,914,3.948613612514909e-05,7.326385010885732e-06,8.403275396834771e-05,1.2555859905094915e-05,3.1032712177516454e-05,5.5994219295895536e-05,8.275302795251442e-05,4.5286773194911396e-05,5.4127142955256396e-05,5.257781936913402e-05
rpsB,rpsB,0.00046503636992782334,915,5.6566959657246816e-05,5.622157848878029e-05,2.6151115480615367e-05,1.87992271317333e-05,6.087406323953889e-05,3.134204109117099e-05,2.8422089969022416e-05,5.514985799134512e-05,5.9379693175641386e-05,7.212974370272875e-05
yccE,yccE,0.00046501855238700976,916,3.61500012683732e-05,3.0464248734397826e-05,0.00011230572367062796,2.028042131784634e-05,1.981108311128567e-05,7.653480010795669e-05,3.520323580341819e-05,3.843402901988101e-05,4.395070218101453e-05,5.1884307172208344e-05
racC,racC,0.000465017633608876,917,2.9021761747473566e-05,4.388609319205327e-05,6.0018364953652985e-05,2.689277072110747e-05,4.0127477377608984e-05,9.817829548546949e-05,1.8574484396330832e-05,6.385712123735634e-06,4.793776490147364e-05,9.399490870997015e-05
frdB,frdB,0.0004646087469088688,918,3.2744111606502335e-06,1.978934024581181e-05,5.679123662514744e-05,5.484468345237435e-05,5.578900365031816e-05,7.298023036420236e-05,6.28973189201014e-05,4.517332357717056e-05,5.285001877323452e-06,8.778419703576905e-05
prfA,prfA,0.0004645451475076757,919,2.964374562924414e-05,2.8377079420027086e-05,2.2730820469459155e-05,5.5133692454163415e-05,3.4297479706322144e-05,3.5737078745784673e-05,9.961856207785981e-05,5.301735708051129e-05,2.4003425845486868e-05,8.198590607881711e-05
psd,psd,0.0004642699146069557,920,2.3573606819195515e-05,4.149251950990991e-05,7.958479651146639e-05,6.025419739531157e-05,2.7146980976288825e-05,2.446801407949801e-06,5.488210903836361e-05,7.765305480439354e-05,4.517743709974694e-05,5.2058411044329604e-05
potF,potF,0.00046370659874539987,921,4.024168733338893e-05,4.232862770543011e-05,5.016075428204171e-05,0.000113174560577639,1.2174612555368038e-05,7.912626643311125e-05,7.933498671806345e-05,1.5658711341063125e-05,5.3150296209424565e-06,2.6191362178351797e-05
ygcW,ygcW,0.00046364430568475185,922,0.00011951355789373698,3.7492497539354855e-05,4.35890780639262e-05,3.108753631233035e-05,8.690393184088017e-06,2.4985548800238674e-05,1.257519807397255e-05,3.455349533754442e-05,4.1270095353782754e-05,0.00010988690512577706
tolC,tolC,0.00046334021713497137,923,1.9970290621785968e-06,1.8294181217838337e-05,4.1729892510732224e-05,5.3558689977249554e-05,2.9439349926331808e-05,9.32938648420257e-05,0.000109368440769192,2.220195671736256e-05,1.4120553696986791e-06,9.204475674236184e-05
phoP,phoP,0.00046298233494997235,924,4.506607790208225e-06,6.373193552570598e-06,3.893716106275586e-05,7.53265541574105e-05,5.079850940604908e-05,6.906146703455981e-05,4.496517886989384e-05,7.289946051863376e-05,8.53953068621915e-05,1.4718895695699127e-05
yddJ,yddJ,0.0004627280326709493,925,3.1533872559340073e-06,5.426438250996017e-05,3.716036605735239e-05,4.157840836779036e-05,6.974978083997048e-06,2.4168928929033646e-05,7.96413890797715e-05,1.6273541567553096e-05,0.00015821736020159315,4.129529061796394e-05
smpA,smpA,0.00046269408950463177,926,2.2395959935550243e-05,3.189617724560078e-05,4.9215435992583456e-05,9.549383087204088e-05,4.115690983511892e-05,7.403215063654715e-05,5.178130935208688e-05,2.1059098271789153e-05,2.6736840020725203e-05,4.892637734258907e-05
flgF,flgF,0.000462362104050693,927,2.557991736941962e-05,3.0185748596759542e-05,0.0001032770410871255,5.2278256460713306e-05,4.018036373215103e-05,9.535025624445334e-05,8.387674426522856e-05,2.237096489376578e-05,4.981837838727186e-06,4.2809735623491264e-06
treC,treC,0.00046168045702123174,928,7.547997994118721e-05,4.49715657149417e-05,1.1186333524609605e-06,0.00013096100756037506,4.867377844295777e-05,5.16967265939282e-05,2.546066280920944e-05,1.9745120998906896e-05,1.5697141192222494e-05,4.7875840415042034e-05
accA,accA,0.0004615167414532646,929,7.739330405301228e-05,1.2523031082875604e-05,2.057896650742654e-05,4.036481981587286e-05,4.8493685974387704e-05,2.0541183250281e-05,8.833677209706027e-05,5.196692879278152e-05,7.490955432721038e-05,2.6408495552356456e-05
metC,metC,0.00046149777043333584,930,2.0014275912548266e-05,1.271132109323665e-05,0.00010386512675282412,4.990211317907488e-06,3.631599074467049e-05,6.263682663631929e-05,4.103678878229986e-05,2.9768453367614748e-05,8.377809067957142e-05,6.638068514634345e-05
motB,motB,0.00046146970143404154,931,6.445362372875675e-05,6.346410330008729e-05,0.0001021688389827122,3.7072611812579155e-05,1.1709417759679168e-05,3.8996450815811504e-05,8.161175221650526e-05,2.266044877569572e-05,2.851141453339753e-05,1.0821039508816971e-05
ydbH,ydbH,0.000460543860213344,932,6.150091103679845e-05,8.767612572269855e-06,5.5126567422270933e-05,6.090558126152246e-06,2.3522129102261423e-05,7.218359981770021e-05,3.073584090926553e-05,3.292682884877606e-05,2.455239553773198e-05,0.00014513741684011737
fepE,fepE,0.0004602895224659434,933,3.522353504913904e-05,7.622169440703772e-05,5.681273346480082e-05,7.258141541922425e-05,4.147783292969268e-06,2.3066040323362104e-05,7.663724024884507e-05,3.908131325947559e-05,6.18270800856947e-06,7.03350589925201e-05
yraK,yraK,0.00045997299295891784,934,1.9798043158965218e-05,7.180917233103803e-06,1.6322262717522088e-05,0.0001389015303134912,2.178010602401798e-05,2.0803960259721518e-05,1.862969342325373e-05,5.357325562024967e-05,0.00015879210136276472,4.191122845827928e-06
yfcV,yfcV,0.000459763103706307,935,5.7103906094290166e-05,5.751773247822989e-05,5.460389096364978e-05,3.653233552763755e-05,6.087037736920877e-05,3.23202105757819e-05,1.7633765948478798e-05,1.4250677777851565e-05,9.17327089799525e-05,3.719749799122603e-05
yeiA,yeiA,0.0004595626973475074,936,4.170999025448317e-05,2.7634691806188324e-05,4.4700055216136035e-05,6.936042472099195e-05,5.513043272826196e-07,8.572692240962324e-05,5.5833392609705135e-05,3.709669190510887e-05,2.6225204095136974e-05,7.072402000285107e-05
yijE,yijE,0.00045949056864889566,937,1.3716223437306316e-05,2.6585754988897664e-05,6.861100645978601e-06,6.147654312037417e-05,7.772867448402423e-05,9.880136625509746e-05,7.342113626386624e-05,1.5521105321300935e-05,7.18701145322677e-05,1.3508549599782314e-05
fdhE,fdhE,0.0004590261434284373,938,5.463395305757456e-05,2.16533865905488e-05,8.532759338826342e-06,8.977817492962796e-05,6.587468471123405e-05,8.088847834827742e-07,8.690694422160994e-05,6.114047553892469e-05,2.7247998737565443e-05,4.24488815190427e-05
ytfG,ytfG,0.00045896311818304446,939,6.130401024102128e-05,4.126988488899015e-05,7.08212161059496e-05,2.9009267066045564e-06,1.1528744174396646e-05,8.732009489690408e-05,3.582405404875992e-06,7.675924714286837e-05,3.41678699026518e-05,6.930871871878197e-05
lpxA,lpxA,0.0004584277872369501,940,6.273140835517858e-05,1.567206289102154e-05,6.35660393136649e-05,2.397524529699942e-05,2.888240549677555e-05,9.008249801746738e-05,6.079521638115197e-05,2.6248382290173787e-05,2.3275472746784116e-05,6.319905644773284e-05
ynbB,ynbB,0.00045831426620886716,941,4.981484705397957e-05,7.327873778273085e-06,4.42100837268539e-05,7.26514669899612e-05,5.893591370653446e-05,1.806007458384185e-05,0.00015131624737659265,1.1097736780553487e-06,8.821456869662747e-06,4.6066528445112344e-05
sdhC,sdhC,0.00045826060852434966,942,3.178685816545673e-05,1.5804340981566045e-05,3.11711388579054e-05,2.681634711922411e-05,1.6759024772815357e-05,3.564981224970689e-05,9.189440422248776e-05,9.371475173590168e-05,4.270877396789825e-05,7.195515645138745e-05
yiiU,yiiU,0.0004576813404801559,943,3.589384115855876e-05,2.0466650730105795e-06,5.297740523726259e-06,9.148701982910181e-05,5.0337819457437354e-05,1.2741519810716669e-05,0.0001501781016523606,2.6779889875950263e-05,2.8520157774408733e-05,5.439858532488484e-05
motA,motA,0.00045759540729557594,944,5.653410515127453e-06,4.2751831146980556e-05,7.565252089234479e-05,7.063107530674743e-05,5.999153707586489e-06,3.506755383549097e-05,7.059449701352038e-05,1.4151412047529586e-05,4.440857051181775e-05,9.26853823184305e-05
ydjN,ydjN,0.0004571536264594451,945,5.7171384829173606e-05,1.625158612924789e-05,2.6779090402926134e-05,0.00014376006124372978,3.6852329965256506e-05,3.486789520542614e-05,9.417328528934332e-05,9.719276272576352e-06,3.584491031546086e-05,1.733806806304527e-06
cybC,cybC,0.0004568740624493042,946,3.3448268257134926e-06,3.6650983043535636e-05,7.756298775868389e-05,3.421248455212269e-05,2.9082124131055848e-05,6.622525089645508e-05,2.1266632400071064e-05,0.00012152396455235615,3.9640197595489375e-05,2.736461069382097e-05
yraQ,yraQ,0.00045681929280630174,947,3.0542368740048525e-05,1.4885994448151065e-05,4.5212677023707035e-05,7.554546486898114e-05,2.0609441000931416e-05,2.109745071412945e-05,3.0225495819300103e-05,0.00011174366383569508,2.8705457969904824e-05,7.825127838545308e-05
bioD,bioD,0.00045649353392188217,948,6.990117117824749e-05,7.591529744865685e-05,4.092465736035888e-05,7.681543287010668e-05,8.918436948570001e-06,1.905531888448568e-05,3.6291632381252916e-06,5.3561470500185807e-05,5.354696394276818e-05,5.422562155037732e-05
prsA,prsA,0.0004563345546143192,949,6.919210158405958e-05,8.353837995897892e-05,1.7730972602740934e-05,4.802824819158746e-05,2.490590242804999e-05,3.4174833779854995e-05,8.435628106868722e-05,4.972450753246089e-05,2.9018499924623802e-05,1.5664827543275396e-05
glmU,glmU,0.00045606959481860895,950,0.00012478103394194197,3.544783835958935e-05,2.8852148291238542e-05,1.9696868621890496e-05,3.872562832133923e-06,3.765218538379148e-05,8.169788732962295e-05,3.470745785755957e-05,5.1375113142975724e-05,3.7986499057864985e-05
yqjB,yqjB,0.00045579062168857516,951,1.718287158047015e-05,1.361244079241876e-05,8.307997646200459e-05,6.61143184613552e-05,2.0126072459065563e-05,4.9546827567196686e-05,3.666157983352557e-05,3.5273910006718606e-05,2.7368352622316847e-05,0.0001068242719035032
dppA,dppA,0.0004551594563544282,952,7.370492039021841e-05,3.9719763641562694e-05,1.3819358109480569e-05,3.279669897759522e-05,6.644320611363609e-05,5.2703614393972574e-05,1.943647627126654e-05,9.530594054386025e-05,3.2108907541683187e-05,2.9120570371152685e-05
fdnI,fdnI,0.00045424388731506475,953,3.277344799217025e-05,0.00010319577784265345,2.3128203563972383e-05,6.393023251581077e-05,1.9382863118681922e-05,3.8569319843962e-05,7.379534414466283e-05,5.674823668412601e-06,2.4784379363305908e-05,6.900949526143259e-05
galS,galS,0.0004534366042182877,954,3.61541488309287e-05,6.688310530941378e-05,8.404081082202965e-08,6.852877791029842e-05,2.4980510380498804e-05,5.436501124990017e-05,0.00010272035890467717,2.2157470923308935e-05,4.26756116939509e-05,3.488756820448875e-05
yfbM,yfbM,0.0004527825871085671,955,2.2501958989733493e-05,4.013350582825232e-05,9.233425844885162e-05,1.647682739054918e-05,1.5512924464125846e-05,7.04499639463556e-05,5.729565567127709e-05,5.5043386190937615e-05,8.294355759058716e-05,9.054858789706242e-08
dnaX,dnaX,0.0004522368847077585,956,3.6516093437370316e-05,1.08357324154164e-05,0.00017304092612735234,3.4406892859323574e-05,4.1357174953935864e-05,5.239607434437664e-05,4.2829117154216876e-05,2.0033848646409696e-05,1.1271410936383245e-05,2.954961383297354e-05
cfa,cfa,0.00045190934992646965,957,0.00015467271133260592,4.806986702754859e-05,1.537713301001864e-05,1.8173834243832989e-06,3.199166266427419e-05,3.5637419515281466e-05,2.8802006514261982e-05,2.8382693448724607e-05,2.3858932948679666e-05,8.329954004069133e-05
atoC,atoC,0.0004518883761790779,958,6.139602461697538e-05,1.7831859540508e-05,5.6073670828030565e-05,1.4114176485448218e-06,1.430875743213804e-05,0.0001074105387641885,6.974441905876581e-05,9.853797829748516e-05,2.4662243194579396e-05,5.114667978622067e-07
yhiQ,yhiQ,0.0004518807462857542,959,1.6161031828276583e-05,5.497441239397941e-05,1.3994335223892245e-05,8.262772563570722e-05,1.3500824718056133e-05,4.0735756354703426e-05,9.277706600189095e-05,1.1774440006285237e-05,8.173616844070712e-06,0.00011716153727889231
queF,queF,0.00045164903262561584,960,4.339341800585859e-05,1.584242678056403e-05,2.7440878055656034e-05,6.143664790486733e-07,2.5162019555486524e-05,1.9725810433808033e-05,8.316289365291369e-05,6.854572053892681e-05,8.505619237284632e-05,8.270530675050717e-05
pyrC,pyrC,0.00045138325512557314,961,7.631220116179494e-05,5.450708582553421e-05,7.057057088160308e-05,1.4479051051644253e-06,1.599312639745066e-05,2.249455064062846e-05,6.347248098909407e-05,2.187970670731538e-06,7.100188684015095e-05,7.339547661342079e-05
torD,torD,0.0004513772519680249,962,1.164578736871955e-05,7.5283867002802445e-06,7.978057294514929e-05,8.838912237336762e-05,2.559083733193258e-05,0.00012675960270797432,1.4663523795594057e-05,1.2754443558549484e-06,6.87811552959751e-05,2.696281909317715e-05
ydgD,ydgD,0.0004512658364150582,963,7.231822924832041e-05,2.7157698189145514e-05,1.2319160511236411e-05,4.894634573650046e-05,9.570296709736413e-05,8.463523890128882e-06,7.955804043627587e-05,4.385694653695074e-05,2.9553139887838644e-05,3.3389784881297076e-05
rfaE,rfaE,0.00045123616328097526,964,6.509783536712876e-05,1.8388212204310927e-05,2.2475746209118467e-05,4.641211088585507e-05,2.5450643657255564e-06,0.00011255705547807649,3.907463863802778e-05,3.339106224041687e-05,1.8660917232529134e-05,9.263352065978616e-05
hycI,hycI,0.0004507198960401421,965,9.714228236956188e-05,4.268796309093004e-05,5.1698728255021146e-05,2.717215021581727e-05,1.7338889582361224e-05,7.90120379856838e-05,5.795761990215765e-06,2.655872934752137e-05,2.5230263594194524e-05,7.808308960883505e-05
malQ,malQ,0.00045049064212045073,966,1.90221237701473e-05,1.8687316056296e-05,4.151163204625883e-05,4.305024568219246e-05,8.183530188621205e-05,4.305851493862329e-05,3.12364437967063e-05,0.00012843855853442293,3.7288106470583766e-05,6.362398939007858e-06
fabG,fabG,0.0004501863820533454,967,0.00014047780396946887,6.2914097599432135e-06,9.058597128539658e-05,1.7179067136564133e-05,1.4975534496345361e-05,7.41473581138539e-06,4.179401811645196e-05,8.492895083285998e-05,4.2265056650742734e-05,4.273833994187127e-06
gltA,gltA,0.00045003032557684047,968,0.00011721931729459016,3.4262997270457795e-05,5.6838946049714906e-05,8.851048677823104e-05,9.012398965798088e-05,2.3804355573776075e-05,7.561896408800615e-06,1.5198675131504647e-05,9.075283803827346e-06,7.434377607957008e-06
nfi,nfi,0.00044999494713188236,969,3.101568072227247e-05,6.127640074377616e-05,1.4802769145351794e-05,7.864300148652305e-05,6.432216815761977e-05,3.288070889771078e-05,7.540955408203624e-05,4.2361376546624925e-05,9.782226852508445e-06,3.950106049745874e-05
yqfE,yqfE,0.00044983593393159546,970,4.5292414146147505e-06,2.4151668217058234e-05,0.00013730297008387722,0.00011151509691340129,2.747536854359853e-05,1.908610363978185e-05,2.6889664315812825e-05,6.561777982791193e-07,5.0592588689274465e-05,4.763705431589724e-05
rseP,rseP,0.00044979511385073744,971,1.5853449682323847e-05,2.2564335843133847e-05,1.2985712447623063e-05,8.539104932067014e-05,4.0003191043226855e-05,4.9797337814740886e-05,5.430933991048164e-05,4.5677924339193027e-05,5.758186001429564e-05,6.56309134350485e-05
ybgC,ybgC,0.0004494971176606019,972,8.271502603021265e-06,3.4858731515604644e-06,2.1134312963743823e-05,3.251110971913909e-05,2.6465497158182313e-05,6.957480983861542e-05,8.050023574789612e-05,4.8241901555079155e-05,9.492812073103056e-05,6.438375419233369e-05
yieI,yieI,0.0004487100155192159,973,3.430576987968892e-05,7.396715334739626e-05,6.68981804220926e-05,5.070734842326702e-06,2.3494902835714734e-05,1.5097589963184093e-05,1.6653211069913217e-05,3.2791878953104566e-05,0.00013499787709137496,4.543271711441987e-05
yhdE,yhdE,0.00044865133073032203,974,2.2532595325678525e-05,3.025145740821601e-05,4.371305908675717e-05,6.237082646897499e-05,5.282591692974711e-06,0.00012164706732307742,6.030027203192224e-05,2.4553990980732377e-05,6.685440615763565e-05,1.1145064254352936e-05
yddV,yddV,0.0004485165069462895,975,5.857601764926671e-05,6.2108083278984454e-06,3.866156527074635e-05,5.69112380085083e-05,4.4794101843625125e-05,0.00011474021357316541,6.617836329778467e-06,8.507327892072734e-05,2.4382391654245922e-05,1.2549055368327422e-05
yojI,yojI,0.00044825628314594095,976,4.865483904066723e-05,4.296924507780994e-05,4.3222794952710335e-05,8.819624631212271e-05,2.2762747325392792e-05,2.4354747434876393e-05,7.2166471788605e-05,8.781548630571491e-05,1.4002407851011204e-05,4.111297057030413e-06
lamB,lamB,0.0004482198274607711,977,9.79929442100404e-07,7.234171974881939e-09,9.480208830684689e-05,8.225988918333468e-06,1.995371160809139e-05,2.968007673431218e-05,6.378999713909846e-05,8.934715039588574e-05,0.00012943639558071198,1.1997255163415684e-05
rfaJ,rfaJ,0.0004480291034278694,978,7.332705248722909e-05,3.901275391101041e-05,5.5785044138298304e-05,1.088277407561201e-05,4.6358855593108066e-05,5.319229124574756e-05,5.299900171964528e-06,2.8978450106037226e-05,3.298750759912713e-05,0.00010220447409973512
chaA,chaA,0.00044782322798620926,979,0.00010677637404998495,9.605044755945025e-05,6.275620638533071e-05,3.440084299802546e-05,5.24842798587959e-07,1.6139796473485685e-05,3.767410488955367e-05,4.808292290968345e-05,1.8746783374504892e-05,2.6670906547602262e-05
ygeR,ygeR,0.0004469832467608821,980,2.9629514821970025e-05,8.184970547031789e-05,6.998687077791118e-05,1.7728359161338942e-05,7.046733883051708e-05,6.88100749042887e-05,7.098392578335529e-06,6.518601641523298e-05,1.7800980990692896e-05,1.8425992810276855e-05
rpmI,rpmI,0.0004467126488011113,981,0.00010509591303283439,1.5662954889936896e-06,8.477314921079001e-06,2.840375396449028e-05,8.589641196096028e-05,2.021564636198392e-05,6.190631472218367e-05,9.030089751384867e-05,3.7177870836591186e-05,7.672229998146183e-06
nikE,nikE,0.0004466800522739163,982,1.50756131218792e-05,2.5081585170487484e-05,3.836262272224439e-05,4.5090031332560234e-05,6.495100062362865e-05,8.338817798630475e-05,2.8590742986670503e-06,8.979295329733008e-05,8.043142987336149e-05,1.6475638474529927e-06
yaiV,yaiV,0.00044649634601879684,983,3.63809352115337e-05,4.593663650460274e-05,5.861702872081292e-05,6.492495704143281e-05,3.180713548434054e-05,3.5733690100856835e-05,4.6232511540313174e-05,4.719853480413176e-05,4.7570168740442314e-05,3.209474787033001e-05
LELOBEKK_uidA,uidA,0.0004464938183693462,984,8.396401257767016e-05,0.00012960891796415765,2.538208874441507e-05,1.6205222558670554e-05,5.765504819775537e-05,3.6322591891318715e-05,8.785154064191737e-06,6.8454819545945844e-06,1.54797203559074e-05,6.6245580060665e-05
galP,galP,0.00044582979843680784,985,1.4017637024489554e-05,2.7107912774777125e-05,2.0692685196579957e-05,1.4701237926834071e-05,4.881454178290401e-05,3.0289110111509423e-05,4.9273008966070766e-05,0.0001319654155278643,6.710943832177683e-05,4.1858810804001756e-05
ycdY,ycdY,0.0004457128654917808,986,7.471175596786498e-05,4.2593580879781826e-05,3.423550206773398e-05,2.3013006926178013e-05,4.9191198795517344e-05,7.383623605123709e-05,6.868643097545998e-05,3.5387175053746555e-05,1.5178883218554336e-05,2.8879095555706647e-05
ygaP,ygaP,0.0004453748814566779,987,1.6206666635318718e-05,8.207402810539606e-06,2.085040871610286e-05,2.643977429047024e-05,7.420698125229228e-05,2.9651298003809788e-05,0.00012257161765173098,5.624710178908631e-05,6.835021070485266e-05,2.2643419602474423e-05
emrE,emrE,0.00044494116128047966,988,1.9902022785157215e-05,1.7960896814302613e-05,8.317318592752816e-05,3.4095145752189436e-05,9.996267553454736e-05,4.73639990059968e-05,3.740778728388678e-05,2.1794381903045583e-05,1.1715971173753766e-06,8.210946915645031e-05
yfaH,yfaH,0.0004447573498943583,989,2.8536554608118158e-05,5.8687516557488985e-05,1.1133170054245147e-05,1.4724993779742273e-05,7.856864594259687e-07,8.504869625538958e-05,7.859193891949961e-06,7.488541924044703e-05,3.9943771381546394e-05,0.00012315234766600483
pphA,pphA,0.0004447259685898253,990,5.667215234370656e-05,1.3281183341100157e-05,4.8719010149731837e-05,6.920180680099754e-05,3.229554453384732e-05,2.3118161573078743e-05,5.545646567766484e-05,2.3490071573965152e-05,6.233768767217434e-05,6.0153884923558806e-05
gnd,gnd,0.00044456729930913806,991,0.00011333943928443605,3.090253520709919e-05,2.345139962208188e-05,1.0739471550630712e-05,7.097587640029567e-05,5.167396092884314e-05,7.3062297126586315e-06,6.81119290720691e-05,3.6814243121442924e-05,3.1252214409580746e-05
ftsA,ftsA,0.00044454824954874355,992,3.7488713765858264e-05,5.2582244526041247e-05,6.937937951444019e-05,3.834203221730699e-05,5.887507268980959e-05,3.740398730319274e-05,7.892986701397486e-05,2.7817322825368012e-05,1.532349633731519e-05,2.8406133355436413e-05
yejK,yejK,0.00044397555220907934,993,1.1338977365477407e-05,4.80145098741332e-05,1.2085939263589225e-05,5.805776663032817e-05,5.984544453310347e-05,6.0194232370201524e-05,3.415794270749667e-05,7.199851554708098e-05,3.7219494396280456e-05,5.10627295213882e-05
sohB,sohB,0.00044379517899299667,994,2.6512426158066183e-06,2.547943481895047e-05,4.42320140313105e-05,3.2914450397889385e-05,0.0001075098905324902,3.4178088246600006e-05,6.945138361877503e-05,3.7596923683529434e-05,5.4299431343733074e-05,3.548231970391192e-05
yebF,yebF,0.00044377760248745713,995,0.00011180734120594435,5.10246332983833e-06,5.2209307242527055e-05,3.00075658955197e-05,5.887600437935571e-05,7.103836249976783e-05,1.0354269788491719e-05,5.253896562997424e-05,2.4894278959212533e-06,4.935389462011694e-05
ycjM,ycjM,0.0004436941954244089,996,2.1049230405705086e-05,8.604904385649655e-05,1.45640645130269e-05,3.636150605958126e-05,8.735069025998397e-05,4.760428606323393e-05,1.363160934379951e-05,4.203068414006058e-05,8.221144667618957e-06,8.683193611490216e-05
yfeY,yfeY,0.0004434134480606,997,4.6657862231866096e-05,5.777107842438038e-06,2.644993841751431e-05,8.182202804703335e-05,3.6333682890639455e-05,2.5947277851173653e-05,9.411121482844732e-05,2.953956977690772e-06,2.7894594255652456e-05,9.546578471814461e-05
ydcW,ydcW,0.000443383890952044,998,4.2290790970568045e-05,5.596361670375521e-05,2.055941247950328e-06,4.9819861258441266e-05,6.315572579176629e-05,5.909563806876226e-06,5.704604455373373e-05,7.239990442169763e-05,8.025769355197991e-05,1.448474864527538e-05
ribD,ribD,0.00044294070337523464,999,5.551924896929991e-05,8.67771202489214e-05,2.362078346222516e-06,3.51803863975363e-05,3.114206598591936e-05,9.098864228048497e-07,6.4860550288395e-05,9.38099339554575e-05,3.507973980478229e-05,3.729969295589548e-05
yibA,yibA,0.0004427625499743642,1000,1.2481297673446423e-05,5.376309533902657e-06,2.674414571593031e-05,6.015734614054082e-05,7.64289103855268e-05,7.308783758064411e-05,0.00010184829218915177,2.427552370853829e-05,1.5423571930138748e-05,4.69393151165443e-05
ymdC,ymdC,0.0004425092816251292,1001,3.865457186762049e-05,5.544327776115852e-06,8.14329921607226e-05,1.9735570767957334e-06,3.5396189033933646e-05,9.323004461638258e-05,2.6552879929171952e-05,6.530868733567035e-05,4.107165234172157e-05,5.3344379486994484e-05
ymdE,ymdE,0.00044196232954578227,1002,1.563578202937037e-05,1.86244626717893e-05,8.673500542759937e-05,5.368378747903455e-05,7.442998083870014e-06,9.310243012328794e-05,4.4673687889569936e-05,4.5724086561825244e-05,5.7836704615845624e-05,1.8503384663589995e-05
argR,argR,0.0004419268157624545,1003,2.56878002505615e-05,9.963686720656097e-06,8.056334229861557e-05,2.763837645837537e-05,2.8536704178584088e-05,0.00015427076076434323,7.072876251815287e-05,1.531066229130225e-05,2.589393401305523e-05,3.3327862688082764e-06
ydiZ,ydiZ,0.0004415280507795706,1004,9.730373504536389e-05,1.2142150680968394e-05,5.5628067251894744e-05,2.8065365771689836e-05,9.271270156687509e-05,5.952982782023518e-05,1.6409421436895213e-05,1.9709809772344825e-05,4.2046718570917926e-06,5.58222995762116e-05
yidX,yidX,0.00044152555206103367,1005,8.805051152778181e-06,4.052088981094821e-05,6.207176389379728e-05,6.886100371661994e-05,2.401291413554383e-05,7.188158446788445e-05,2.3318228999284988e-05,6.581210576746922e-05,2.3077802953594564e-05,5.316420716311304e-05
proV,proV,0.0004415162088373892,1006,2.425129823160101e-05,1.3713705838408889e-05,7.872305473184341e-07,1.5006655413981739e-05,9.710087324525539e-05,6.76142452921483e-05,8.571002680867797e-07,3.018711671673155e-05,3.589219494873227e-05,0.00015610578833512488
rplR,rplR,0.00044137684474061464,1007,9.239540964030757e-05,2.466394744345164e-05,3.837090592651154e-05,5.935915738705199e-05,5.8190142443112986e-05,3.525383800287034e-05,5.737955334670876e-05,1.7289995665180915e-05,4.959436380392869e-05,8.87953108149019e-06
tyrA,tyrA,0.0004408648325504064,1008,4.395549116735646e-05,4.455619258737076e-05,2.5312492622609935e-05,9.082935835461774e-06,7.5061694884445674e-06,2.777431588522591e-05,6.097678925822856e-05,7.921567673499647e-05,4.294145051684525e-05,9.954331845386668e-05
rimM,rimM,0.00044076284337263804,1009,8.443042629054573e-05,9.827331520505654e-06,3.6671021631192594e-07,1.2293343237309952e-05,1.3302939079724431e-05,1.1214050504973164e-05,0.00010660272526385436,8.991567612047715e-05,4.744050698981801e-05,6.536913414911767e-05
yedS,yedS,0.00044025526404186885,1010,3.592178496695807e-06,3.5704812234659145e-05,6.857660294237677e-05,8.795316184778262e-05,5.112085809683021e-05,7.113743441700381e-05,3.697968646284021e-05,2.1556852744140198e-05,1.3741713139832986e-05,4.989196365970706e-05
yncE,yncE,0.0004401307574757739,1011,2.8697677271031436e-05,3.644028427436159e-06,5.3459602556685406e-05,1.8344087714054925e-05,4.3949425093059415e-06,0.00010218638963236623,5.7393592193989055e-05,6.283719971897628e-05,6.376779882897636e-05,4.540543862295205e-05
dcp,dcp,0.00044003198630244127,1012,4.613917098891299e-05,1.495788207543092e-05,9.045263939639044e-05,5.035533684604064e-06,0.00015704445097090156,2.8081155890288303e-05,2.7009216415351197e-05,3.716475188280071e-05,8.46631190386339e-06,2.5680873093897688e-05
proA,proA,0.0004399989398940578,1013,6.396256219387263e-05,5.73365541316666e-05,2.9770232460641724e-05,6.975570426539102e-06,0.00011604425088571768,3.764511825092098e-05,1.253937094504445e-05,4.356421228210701e-05,3.328608554412278e-05,3.887498277342485e-05
rihC,rihC,0.0004399759008191688,1014,4.62258258380833e-06,3.3006596655936906e-05,9.521688354739691e-05,3.106473846895371e-06,2.6170853281107906e-05,5.951316955015988e-05,9.432237761005173e-06,0.00013482732927051733,3.587980114212022e-05,3.8199973180220794e-05
yjjN,yjjN,0.00043985659999476077,1015,6.951051663332628e-05,2.5513391595897356e-05,2.2965042647027245e-05,7.197651753702737e-05,9.962181604457677e-06,6.488531031062086e-06,5.739108938717025e-05,2.7499410878489708e-05,3.381039891183998e-05,0.00011473951976846278
cdh,cdh,0.00043956683772603894,1016,2.2721091359689763e-05,4.2908168121099e-05,7.742598917246547e-05,6.119147310918832e-05,2.6403923399953727e-05,3.0689155670316336e-05,7.085062465790121e-05,2.556583512717195e-06,0.00010005418788274029,4.765640839967635e-06
glpR,glpR,0.0004392691359371844,1017,2.4512437179606286e-05,7.031354327848804e-05,5.503545424208463e-05,4.5206202816333e-05,4.0178163137967443e-05,2.2689851913613183e-05,5.66229101849636e-05,2.4173200054111982e-05,3.883198826150292e-05,6.170538486851327e-05
ymfS,ymfS,0.00043914053082640093,1018,3.9760434525991325e-05,2.223401335567169e-05,2.7392452103092188e-05,4.928397328382912e-05,3.282600503232443e-05,9.296691988548506e-05,3.207654879221042e-05,5.652106055504774e-05,4.57106637307007e-05,4.036845956204825e-05
ansB,ansB,0.00043908865773507574,1019,3.368960240348657e-05,5.610215243134279e-05,2.5038435323459832e-05,0.0001258214788238247,2.4455851126650945e-05,2.667121244441423e-05,3.3343242486057095e-05,2.0798709484040318e-05,6.69156764992102e-05,2.6252296712589125e-05
ydiQ,ydiQ,0.0004390714934752978,1020,1.6238944915509976e-05,2.508664167444519e-05,3.314156501520228e-05,7.738741967838141e-05,8.372056677539085e-05,8.802498196731459e-05,9.565522587733851e-05,8.409723776572391e-06,1.1216598585640836e-05,1.898252095017343e-07
yghA,yghA,0.000439060674653816,1021,9.203761708693551e-06,6.703510745011024e-05,9.37354589534803e-06,9.882297540479549e-05,3.586791431438848e-05,1.0797757696180541e-05,7.808145045620668e-05,4.6445628627566254e-05,1.0670220261300787e-05,7.276231283922597e-05
ybhI,ybhI,0.0004390243202318805,1022,3.9888429402888824e-05,9.339094186945396e-06,2.971207247124717e-05,4.584907564353633e-05,5.912881156553782e-05,4.476053486970946e-05,7.589339614003508e-05,6.456483853319942e-05,1.4749041140447684e-05,5.513902627833329e-05
grxD,grxD,0.00043886343541531584,1023,5.5597200214499686e-05,5.66246190156784e-05,8.52082899343697e-05,6.456760857202859e-06,5.458274782717607e-05,2.9542035828786308e-05,3.403529316935428e-05,1.0054673931569803e-05,5.058330879506258e-05,5.617850584161614e-05
bax,bax,0.0004387564033393524,1024,3.6468728981709744e-05,6.840753721618852e-05,1.6569409786687402e-05,2.100193334292465e-05,3.130174953523138e-05,5.064655963236683e-05,4.080367629398731e-05,0.00010734056554413774,2.6543560877926785e-05,3.9672682128192095e-05
agaD,agaD,0.0004387438710171984,1025,4.707508026937559e-05,7.812031818787913e-05,4.271493513223141e-05,9.380407573491295e-05,9.240552478563993e-06,6.12637168155998e-05,2.277351314788173e-05,5.296114657224497e-05,2.7610342362900204e-05,3.180190315608616e-06
yiaF,yiaF,0.0004383619186711907,1026,1.9507967646344303e-05,6.533162699991354e-05,3.346211763508085e-05,1.868007631696908e-05,1.8570744163341395e-05,5.013797101252637e-05,6.770757575358329e-05,9.390107477912376e-05,2.8701653551510333e-05,4.23611108127977e-05
yecI,yecI,0.0004383279997892934,1027,7.145816444134133e-05,5.935798741072199e-05,1.6962725414945046e-06,1.8288245275404476e-06,6.550591012862766e-05,2.7524195589999376e-05,6.919543317523226e-05,3.330931746393211e-05,5.2135295648778884e-05,5.6316598861624875e-05
ydjR,ydjR,0.00043641063605409804,1028,3.962972324752195e-06,8.079144673532422e-05,6.53229596994652e-05,3.6305056435522826e-05,0.00010656714187234883,7.4854026248274315e-06,6.625654866415874e-05,2.0721414223146754e-05,4.3012564348064205e-05,5.985129126487666e-06
pspC,pspC,0.00043626667960022255,1029,0.00018651101324046202,4.0040597078048525e-05,3.0120665918505698e-05,1.7884428976729122e-06,1.0430502879113695e-05,5.460264069495431e-06,1.2860571085575566e-06,4.935240845563552e-05,4.819340859046901e-05,6.30833193622622e-05
tdcR,tdcR,0.0004360875565758685,1030,6.265861016980186e-05,1.1094912808899254e-05,2.5867639555562825e-05,6.154499029518718e-05,4.4926117743600456e-05,8.66024716127864e-05,4.987695230985634e-05,1.4288690451631986e-05,3.002114233438329e-05,4.920602929415892e-05
aceA,aceA,0.00043569465846212226,1031,5.29781367512547e-05,7.91810356716281e-06,2.231055851352547e-05,5.532837902311118e-05,4.490326024965527e-05,1.3551943950385196e-05,9.763881496712353e-05,6.24104122086212e-05,7.310835142636712e-05,5.546697804915844e-06
sapD,sapD,0.00043421657475955925,1032,6.0471803269238165e-05,1.7631562513049166e-05,2.3381642228696478e-05,2.230340248153416e-05,3.677807207361912e-05,3.2072463338327694e-05,7.399256266807938e-05,0.00011474980731072402,5.472109590956222e-06,4.73631492853349e-05
LELOBEKK_araC,araC,0.0004336231909904851,1033,7.574152312629256e-05,3.0174077708686646e-05,8.516524057150707e-05,8.947500872280787e-06,3.579778677194018e-05,1.8955530430903113e-05,1.920979513683661e-05,9.501545060846532e-05,1.0483360748120328e-05,5.413292501545255e-05
ftsX,ftsX,0.00043351069354183303,1034,2.546902439669376e-05,2.089562690239958e-06,2.6633971854565252e-05,6.834163252798434e-05,2.47983524948365e-05,0.00011488512227532192,9.943318684321993e-06,0.00011328900224469959,3.05029940116127e-05,1.7557712361557087e-05
ilvB,ilvB,0.00043342562647527035,1035,4.953332081500176e-06,4.1285413572523086e-05,2.3827887980985662e-05,2.439714993837593e-05,7.026000407906994e-05,2.5450603731252344e-05,0.000125763664090773,2.9677056387052224e-05,7.496846143748575e-05,1.2842053176252225e-05
yadD,yadD,0.0004329731159803578,1036,4.0530065754526254e-05,7.652553635873068e-06,6.703848853327375e-05,5.040951112026937e-05,4.6551504629826385e-05,3.4764456148691934e-06,4.3239768501044706e-05,5.755509158873756e-05,9.222697851588287e-05,2.42927080860546e-05
yhjJ,yhjJ,0.00043210960734730176,1037,6.793099165999965e-05,3.276603462846646e-05,4.185358609304584e-05,6.903968079724739e-06,8.234122560937929e-05,0.0001062353942094133,1.7814424132918747e-05,3.1556454837538795e-05,6.177708699177268e-06,3.8529819397637744e-05
aidB,aidB,0.00043205824825850656,1038,3.939545692353593e-06,2.63589590517126e-05,1.813503035919845e-05,1.4121301247752901e-06,3.0059408425923322e-05,1.0147870739868173e-05,8.033439611995813e-05,2.341950272448677e-05,0.0001154623231378938,0.00012278908188233643
yfiE,yfiE,0.00043197941001679984,1039,0.00012464552636135793,4.460189199280462e-05,1.9997088492861268e-05,3.335276962717802e-05,4.965475791515011e-05,5.3974135876734426e-05,6.102489771637854e-05,2.6351959811109422e-05,4.182785402370276e-06,1.4193596820855207e-05
yieK,yieK,0.00043187551887252055,1040,2.6566238136617365e-05,5.586525699888903e-05,1.2529005835049246e-05,5.836448835738191e-05,0.00011495622797389779,4.434668086954363e-05,2.9237696564684728e-05,6.150000060003312e-05,1.978111572210865e-05,8.72880781431504e-06
ttk,ttk,0.000431610902346797,1041,2.2095217865462115e-05,3.2810179238476437e-05,6.404231157461812e-05,1.8396792334770666e-06,8.299108703266495e-05,0.00012830548709088474,2.0611640206742735e-05,3.0465668745186737e-05,1.84066350041737e-05,3.0042996355110434e-05
pspA,pspA,0.00043139074607288704,1042,0.00025041884589559405,1.5008116705813658e-06,1.6388290391094112e-05,2.8465266658816404e-07,3.507358611823017e-05,2.5896239933103487e-05,8.758673800203536e-06,2.6341816103541327e-05,4.023398137294819e-05,2.6493848121002687e-05
tap,tap,0.0004312243436287069,1043,7.147024388454314e-06,2.2597632295918298e-05,6.772014312568514e-05,2.020857941869018e-05,4.39501951589079e-05,3.951402904316988e-05,7.360337728347675e-05,5.1376334785383414e-05,4.731353211040251e-05,5.779349601861856e-05
ygjK,ygjK,0.0004311200720437474,1044,4.175672133137441e-05,4.0913138293323685e-05,1.2900646470103307e-05,4.782441438549708e-05,4.9045195574012425e-05,6.383623309843219e-07,5.6162785649044765e-05,8.950560339390569e-05,8.656084433760185e-06,8.371712018174151e-05
csgA,csgA,0.00043040046866478976,1045,8.688517410759254e-05,2.496730690253112e-05,2.128842162648004e-05,5.4663601371303315e-05,7.827479977403627e-05,5.37212013912073e-05,2.078902547762613e-05,4.249231908204227e-05,4.326255383837896e-05,4.056065093591759e-06
deaD,deaD,0.0004303157124572108,1046,0.00010728984158238227,4.5103688531240816e-05,4.335008542640313e-06,1.7997450984631035e-05,2.570477951762778e-05,3.264325029331218e-05,4.7569185217235895e-05,1.4646109567759371e-05,8.910272313818407e-05,4.592367508219707e-05
yqhA,yqhA,0.0004301914734172876,1047,6.165262327586934e-05,6.10968151351383e-05,4.827705953764987e-05,4.154945712422727e-05,5.764414229545316e-05,2.722562726095477e-05,1.2725490562461639e-05,1.5421407125980234e-05,3.27186071839895e-05,7.188024391556352e-05
sufD,sufD,0.00042997262010987353,1048,0.00010041402801634321,2.749286487707819e-06,1.2029604937292687e-05,0.00010185209079914786,3.5861696212763114e-05,6.119652436318734e-05,8.417893676486824e-05,7.703143282028515e-07,2.7803858403854855e-05,3.1162797965056004e-06
malZ,malZ,0.00042982637586742346,1049,3.6112459596608576e-05,3.563707167158803e-05,2.4736283809359974e-05,6.495733817945016e-05,4.92351734649549e-06,3.705891039660421e-05,5.050387019706471e-05,7.683311111032189e-06,6.749826405133123e-05,0.00010071534950788884
glcC,glcC,0.0004297401529702001,1050,2.9117670037283736e-05,3.470764659059126e-05,5.3753644279352456e-05,2.256683140294523e-05,1.4097420601936803e-07,2.5263832826520358e-05,2.781056863707593e-05,9.49996866261901e-05,4.124090531268898e-05,0.00010013839305153274
yeeF,yeeF,0.0004296318841414976,1051,3.024397480636022e-06,1.4468303133397125e-06,4.1378028249513334e-05,8.489545801061761e-05,1.1409363022350008e-05,9.03233898789525e-05,6.661755740362753e-05,8.569391106683571e-06,8.819894721276761e-05,3.376852146300979e-05
yjcB,yjcB,0.0004293588687817529,1052,8.560862463533968e-06,7.748897839109796e-05,8.1061105334533e-05,5.555050302144347e-05,1.1131062494104843e-06,9.697948547263419e-05,1.511165944004336e-05,6.188294508201741e-05,1.0979322630339578e-05,2.0630900696699472e-05
mcrA,mcrA,0.00042910653717874025,1053,8.676271349800712e-06,2.3670648701488934e-05,8.809932646660486e-05,2.5895604202609835e-05,2.006279325248739e-05,0.00012216937284482559,3.06356923890496e-05,4.6976296540070865e-05,4.5712589001161496e-05,1.7207942430640922e-05
fliA,fliA,0.0004291035503422456,1054,7.69661321955562e-05,5.332925082499503e-05,0.00011639165427128753,6.4644621374611144e-06,5.4984746904517104e-05,1.6291609560455036e-05,5.328560994362021e-05,2.1573527055173998e-05,5.82831281318559e-06,2.3988244635993637e-05
yedP,yedP,0.00042846970124715047,1055,4.612409923117602e-05,3.585874120078276e-05,2.5336590068721704e-05,5.995540298136022e-05,9.940687426498232e-06,3.158882645384412e-05,7.94124258022801e-05,6.374742798623418e-05,3.4372677379878475e-05,4.213282271637463e-05
ycbK,ycbK,0.00042765096468705025,1056,2.951602081318664e-05,2.947206969952673e-05,4.066163798963261e-05,6.202734961249577e-05,2.603151408696613e-05,8.890348604987263e-05,3.544400633092243e-05,4.4125443825361325e-05,3.964862769800793e-05,3.182080858107806e-05
yihX,yihX,0.0004276350221931126,1057,0.0001486690446965522,2.6217138077477793e-05,7.159751136914851e-05,4.911646737681498e-05,3.267802858337539e-05,1.5773121633560974e-05,2.9305553958339532e-05,2.9315198350388733e-05,2.2783945363540185e-05,2.1790127839143192e-06
ybhN,ybhN,0.0004272415264103815,1058,2.5393556850624647e-07,5.31752048781674e-05,2.127110561466402e-05,6.163471665487204e-05,7.987681458336145e-05,9.064272184610418e-05,4.212475061647487e-06,5.844039894242837e-05,1.925149661881751e-05,3.848265664181288e-05
yajR,yajR,0.00042720116961824186,1059,2.5294526052774643e-05,5.591197326825287e-05,3.369831286067692e-05,3.2112156988228054e-05,5.9874926428650296e-05,3.975609805470513e-05,4.258226798831225e-05,4.2433582173615e-06,0.00010244908364205957,3.1278466117220594e-05
hypB,hypB,0.00042706911296662106,1060,2.0818172281313544e-06,4.3238840847749354e-05,8.093262908259528e-06,3.4369188058306926e-05,2.4466469822092634e-05,8.02390357219505e-06,9.953901476306062e-05,0.00014879011625463633,3.1490285916433434e-06,5.53174709205459e-05
ycfT,ycfT,0.0004270609521894351,1061,0.00010024142731702288,3.000549779589717e-05,3.874263187550333e-05,1.632911670947103e-05,1.5962698485205822e-05,8.590708295360242e-05,3.201473929790328e-05,6.498290225174259e-05,3.085929998213017e-05,1.2015555520956378e-05
mcrB,mcrB,0.00042655126249625217,1062,9.884090178908528e-05,6.885276134398864e-05,4.822657802771491e-06,2.96865473729669e-06,3.088875828084138e-05,2.3900113284938472e-05,4.745563620829594e-05,1.7978093069254945e-06,4.799966880926595e-05,9.902430093284283e-05
ydbD,ydbD,0.00042644335290736396,1063,8.847896774558673e-05,2.291934634527672e-05,4.223171437855011e-05,3.9626591890124474e-05,7.29786619429014e-05,3.954217290468735e-05,1.806644171928698e-05,2.4045731697666077e-05,6.889988767644847e-05,9.65383660683558e-06
rssA,rssA,0.00042587284214070655,1064,6.150907141053171e-05,2.902532586809691e-05,7.270383868374848e-05,3.208889734611812e-05,8.380114377347601e-05,5.131774376085634e-05,5.027772948846946e-05,3.035157494964112e-05,1.3000843040121203e-05,1.7966738196472004e-06
ygfU,ygfU,0.00042574414327745916,1065,3.2203851403133335e-05,1.8533090779349343e-05,9.964715612995128e-05,9.772911844199491e-06,6.165671806078052e-05,9.198035756309943e-05,5.889559175777382e-05,6.009880216003015e-06,9.91360080483315e-06,3.7130984718335754e-05
fldA,fldA,0.00042569656663468745,1066,9.504712495646153e-08,2.8102900938340478e-05,1.3845385415008594e-05,5.3347307481962434e-05,7.321604853907406e-05,7.198332825090707e-05,3.5397999198167335e-05,9.80026236027797e-05,1.8265946644320212e-05,3.34399794391711e-05
yjhR,yjhR,0.00042562429232870924,1067,3.263111987039807e-05,5.8980998991025524e-05,4.476794827398355e-05,2.7239085887338387e-05,5.7368146854828974e-05,6.841730396931946e-05,4.8594449569177454e-05,6.097637118473658e-05,9.876557790458992e-06,1.6772309937442273e-05
xdhD,xdhD,0.00042555949640086914,1068,2.7697783203568822e-05,6.495034080434509e-06,2.2768500532768332e-05,2.979979387828283e-05,2.6912669427162323e-05,4.274586759483345e-05,6.167758341726395e-05,9.361193471386637e-05,5.730226357655723e-05,5.654806597613133e-05
ybjN,ybjN,0.0004254148756499053,1069,0.00010152072011858582,5.606715987510244e-05,6.795354177214472e-05,7.080477026225289e-06,4.02469072384551e-05,1.4465363931776904e-05,5.023298906938486e-05,3.074297767834633e-05,5.002234416735662e-05,7.0823947725271885e-06
rfe,rfe,0.00042515605827221696,1070,3.6513584231333844e-05,2.365996550663088e-05,2.842576122614643e-05,3.0189138823375682e-05,4.0629445032205166e-05,8.00063556517257e-05,2.3293961519926002e-05,2.813709126337232e-05,4.582806551732143e-05,8.847268950017953e-05
tatA,tatA,0.0004247022309268071,1071,5.895731118141162e-05,7.122522010615792e-05,2.7999872571167543e-05,2.095338909002324e-05,4.7872139067506526e-05,1.5659340053136056e-06,6.969568499333094e-05,6.51936508930518e-06,5.586403706592165e-05,6.404927775666888e-05
pflB,pflB,0.0004244446336558021,1072,3.2792014610153765e-05,9.67949316602033e-05,7.199715085187069e-05,3.48712820057326e-06,1.9823730143672766e-05,3.10638706572289e-05,7.506202363229444e-05,4.454329826423383e-05,1.997137026705879e-05,2.8909115368512426e-05
yrbL,yrbL,0.000423203515339093,1073,0.00019317207962095157,1.3697437889616304e-05,3.797460195908815e-05,4.2035910355915e-05,2.5836944386837372e-05,2.1170824663300723e-05,4.663494148444638e-06,6.045678557419391e-06,6.15234802857955e-05,1.7083063471724332e-05
ybjP,ybjP,0.0004227439602345833,1074,4.6461780583144395e-05,5.346476659694248e-05,1.7710799324588376e-05,7.902304422712636e-06,8.472363177089689e-05,0.00010048064573041941,1.2576654129566202e-05,3.9180528751305626e-05,2.4064902514651147e-05,3.6177946410356154e-05
yiiG,yiiG,0.0004227427233470049,1075,6.070381584599898e-05,6.139698486440825e-05,7.637141170287641e-05,8.37215076974405e-06,1.4256872222079397e-05,6.563985459612847e-05,4.871555485431958e-05,3.40737601613757e-05,1.349126653742439e-05,3.972105179264969e-05
metK,metK,0.00042271934864272694,1076,3.488488678100477e-05,4.1429091954610246e-05,3.951060672611103e-05,2.5485108327803014e-05,6.570555587365297e-05,2.6836733946801943e-05,2.0089717304674007e-06,0.00010735036630265258,5.622061050976573e-05,2.328741648985728e-05
ypjC,ypjC,0.000422683888857988,1077,1.527685903635769e-05,7.440388562550528e-06,2.5269977268388956e-05,0.00015909144482390111,6.20179147453392e-05,1.4620436846118426e-05,4.072204069819525e-05,5.490159246229909e-05,6.12680166871315e-06,3.721643274612461e-05
yhhI,yhhI,0.00042189581200597145,1078,1.8826671680240326e-05,4.694912071415984e-05,4.047690612325246e-05,5.289676371335795e-05,2.1634554283241226e-05,4.889366097432726e-05,1.3459423578180924e-05,8.195858954013553e-05,1.1465123200216941e-05,8.533499819885904e-05
fucK,fucK,0.00042063774635650174,1079,8.919559996950351e-05,2.0897153653208345e-05,2.009152697271406e-06,7.107589954786706e-05,3.5236012489599794e-05,9.117402063648987e-06,2.198628625360135e-05,6.785004599761472e-05,0.0001005328373601271,2.737356324059462e-06
gutM,gutM,0.0004205817589764103,1080,8.379430385631324e-06,5.430523913180385e-05,3.1267239638731965e-05,3.055181845251937e-05,7.634876916294949e-05,6.557922065526213e-05,1.196844806168655e-06,0.00010761900562765855,1.5821315962477336e-05,2.951287515320763e-05
seqA,seqA,0.0004200295538037293,1081,5.9113753199756486e-05,3.578840419790694e-05,8.197610456711242e-05,8.235022065502982e-05,7.933245457793876e-06,7.396766651402472e-05,1.7699752903115695e-05,1.262358396807743e-05,3.831959384704737e-05,1.025722849386455e-05
nhaA,nhaA,0.00041970996227081304,1082,5.152506547811743e-05,0.00010195651137038397,5.0522983566150084e-05,5.305813830727824e-05,3.83139878070608e-05,6.040643356762471e-05,1.7502285462296588e-06,4.5255313354762146e-07,4.5050118712482834e-05,1.6673941781937745e-05
ycaC,ycaC,0.00041931483701361456,1083,1.447838605523636e-05,1.1707071013157223e-05,6.565331095046192e-05,1.7455000909959497e-05,2.9660848053685433e-05,8.336136259706554e-05,4.8385420157795896e-05,8.223901861230261e-05,8.125842786589319e-06,5.8248575877360774e-05
ypdI,ypdI,0.0004189745513694883,1084,5.485587546604328e-05,1.9089645734261018e-05,5.6426122062379435e-05,3.319464124334623e-05,3.933496653066814e-05,4.563006884992093e-05,2.51603646084898e-05,7.923211390104214e-05,3.876173900878602e-05,2.7289013964551276e-05
kduI,kduI,0.000418571468633142,1085,6.819535263114063e-05,1.752783895110782e-05,5.2868720231363416e-05,1.711724914897119e-05,2.0374888408935233e-05,0.00010946066403081989,4.6952868537563146e-05,3.560679991605886e-05,1.2722790595678897e-05,3.774429618150291e-05
ygfJ,ygfJ,0.00041848784964173267,1086,5.8244338962359144e-05,4.011785122301389e-05,7.60086482813283e-06,5.343698498478733e-05,5.0335038110593476e-05,3.1851757639367314e-07,6.500011055372636e-05,7.975276541893951e-05,3.571913646330826e-05,2.79622415204782e-05
murI,murI,0.00041838015939594977,1087,1.8333015712373174e-05,3.6814409230689615e-06,8.433526999089577e-05,2.1891360165143475e-05,7.360764089464897e-06,1.1218578042901957e-05,1.4130868008485288e-05,1.7823640614146676e-05,0.00013359648897326784,0.00010600873287620175
oppD,oppD,0.00041793252719364836,1088,2.479792304416545e-05,6.323619178984575e-05,4.5302056005798795e-05,9.287035285095776e-05,1.305885510760838e-05,4.560015032585795e-07,3.6073667001971245e-05,1.390287416765581e-05,1.7134770525712607e-05,0.00011109983519667402
LELOBEKK_malE,malE,0.00041765990253600136,1089,6.0038786795931125e-05,3.489369047297689e-05,5.5931476629800905e-05,6.831630988789517e-05,1.0772015828666692e-05,0.00010563346018238183,4.335385966413641e-05,2.2004139455567294e-05,9.439378167504145e-06,7.276785451140964e-06
ybgS,ybgS,0.00041731739559568474,1090,0.00013092152372795864,3.265076342801241e-05,3.2399270193365104e-05,4.844475850222733e-05,3.280868391205183e-05,1.8096138622746194e-05,2.9954650030368133e-05,5.265270714795598e-05,3.380424173330389e-06,3.600847585766876e-05
recB,recB,0.0004173101703936297,1091,7.088812472099242e-05,1.3685990580591683e-05,7.046318093521412e-05,3.730785111891954e-05,2.8386354731259187e-05,1.2838381336094812e-05,6.547899117499399e-06,5.686579428155959e-05,7.739721763569488e-05,4.2929375935804054e-05
rpoN,rpoN,0.0004172069271433895,1092,4.802644702196272e-05,1.9962542354843514e-05,4.417474725394975e-05,4.4850247186011323e-05,3.0128181190083265e-05,7.948696219896785e-05,1.8103250749817546e-05,2.3450402917135658e-05,5.9600930734604126e-05,4.942321553601377e-05
ydcQ,ydcQ,0.0004165094723261112,1093,1.6810184782947342e-05,5.454582005154245e-06,1.610675038998703e-05,4.206926912367815e-05,1.0803206493856724e-05,0.00014284991643144268,1.1687003051176436e-05,5.023872256080903e-05,7.144851419318979e-06,0.0001133449860677406
speD,speD,0.00041639587851331257,1094,7.162534156969272e-05,1.6343007293464846e-05,1.6922371757541805e-05,3.172168213274695e-05,9.900181273107176e-05,5.19957701203899e-05,6.706472891700006e-05,2.283453280142782e-05,2.0567158163591654e-05,1.8319473026385106e-05
yeaM,yeaM,0.00041615289824658246,1095,1.2882238499107487e-05,3.827461865550178e-05,1.2207298605821476e-05,1.8514854717255715e-05,6.369351351910585e-05,4.0531780028654185e-05,6.25047594887009e-05,1.5864420288709965e-05,8.768118075344329e-05,6.39982336902818e-05
xylB,xylB,0.00041531550380706923,1096,2.099473234890055e-05,1.63000420922818e-06,3.703203461838446e-05,0.00010423801049710034,2.820258996319628e-05,8.600033172424406e-05,6.03994677414687e-05,1.9076314154899396e-05,5.6330505777900035e-05,1.4115127717472588e-06
lspA,lspA,0.0004152695450987682,1097,4.303876816626769e-05,6.930291172130424e-05,4.3960437663048366e-05,1.2116534735592205e-05,4.382536135077797e-05,1.5579966646101557e-05,3.7282505434446466e-05,4.2006693444375724e-05,2.0608989007687707e-05,8.754737692916623e-05
kdsA,kdsA,0.00041521715497382436,1098,0.00013845899835157892,2.7595690785486378e-05,3.734657723856137e-05,4.089979863850117e-05,3.268962925044926e-05,1.3972690761258263e-05,3.785298038298652e-05,2.9146096863515186e-05,5.1155582348032915e-05,6.099110353454466e-06
yeaG,yeaG,0.00041518453709649117,1099,3.620217255963742e-05,1.6998670802121314e-05,0.000113310512832432,2.5372025220159095e-05,9.878536147010958e-06,5.0081054649979336e-05,9.655082497917361e-05,1.1580335375479335e-05,4.164464796232186e-06,5.104593973426587e-05
yeaJ,yeaJ,0.0004148918951263223,1100,2.865056453859241e-05,1.1641805230895131e-05,4.380338023326554e-05,3.523427855554651e-05,3.9588491694012906e-05,7.517341169234862e-05,4.680170074787194e-05,7.761853250327192e-05,2.4148833383690843e-05,3.223089654682648e-05
dmsB,dmsB,0.00041486201770409996,1101,3.218733887511892e-05,5.4286290533928304e-05,3.811821295721263e-05,9.198927537311997e-05,3.954462458451458e-06,3.2096029924816666e-05,6.3381172206098e-05,5.1673198804197996e-05,2.257266880711666e-05,2.460336776403927e-05
sbmC,sbmC,0.0004147136071343311,1102,0.00010006878475146015,3.506322598736015e-05,9.951487086504332e-05,4.333530966061351e-05,3.9028027055953865e-05,6.346382767750118e-06,1.8216110060556114e-05,1.048935888483218e-05,3.838979769796303e-05,2.4261739402798673e-05
mrp,mrp,0.00041464394683999635,1103,2.786091770408133e-05,3.6638225001681854e-05,4.261856112854174e-06,4.711329703976138e-05,8.74719291691531e-05,8.115006178250479e-05,6.482165582787514e-05,3.842852910341842e-05,4.531546727597846e-06,2.2365928371068348e-05
yigL,yigL,0.0004146411231468075,1104,7.197809003248608e-06,4.6997147756458386e-05,3.343522562784689e-06,8.836010951202006e-05,2.9789770471246623e-05,2.9637182308405376e-05,9.472057065214716e-05,4.129001897254806e-05,3.5140436971867726e-05,3.8164554936080774e-05
rpoC,rpoC,0.0004144984467987185,1105,0.00013407469209243458,7.394068478734434e-06,2.2250045002342045e-05,5.3724777023978535e-05,6.441627911811207e-05,3.0942749577085264e-06,6.69454395825986e-05,3.4333817943140836e-05,1.4487375436614081e-05,1.3777677163054746e-05
yrbD,yrbD,0.0004140374446844746,1106,4.120325773555409e-05,0.00013007372007396172,4.3299410590205285e-06,8.67028252726867e-06,2.9317713973633596e-05,0.00011007718700758018,1.158160416638336e-05,3.267200751161509e-05,4.391687572830828e-05,2.1948549011490254e-06
acrA,acrA,0.00041390584835935347,1107,9.336538040622141e-05,3.398606562558707e-05,6.809208990329066e-05,3.1778003646237385e-05,4.2083877242789e-06,1.3697528175872103e-06,6.906517210884293e-05,1.550291660037941e-06,4.499488402013915e-05,6.549582044713086e-05
ydaU,ydaU,0.00041385127478059446,1108,4.224000896482083e-05,7.077739223402306e-05,7.44438543040136e-05,1.4629423633159189e-05,5.130862464798308e-05,1.4733897207958037e-05,4.083335649215968e-06,6.936578885832768e-05,2.395206387296732e-05,4.8316885408125604e-05
LELOBEKK_tisB,tisB,0.00041363878838641445,1109,2.5520845787053065e-05,3.9308667237719075e-06,1.226727730900007e-05,0.00012360845769931,8.5663942593988e-05,7.218704766709476e-05,9.627879464322727e-06,5.0857233081551656e-05,6.233080825224009e-07,2.935192997779997e-05
ydbJ,ydbJ,0.00041348839034655905,1110,1.3140240850228338e-05,3.750382183037081e-05,4.226989472158395e-06,4.450785564236444e-05,5.208652970764098e-05,6.704887040449959e-05,6.976631880191104e-05,7.017600347261678e-06,4.5616364501019725e-05,7.257379878910411e-05
iap,iap,0.0004134075911183447,1111,4.119864520567805e-05,5.4964122562187945e-06,1.8918888822477177e-05,2.8883026947368678e-05,0.00010426538019544197,8.842161161153201e-05,7.340526812309567e-05,5.221544177652776e-07,1.4260103593911677e-05,3.803609994485538e-05
ppk,ppk,0.0004133306156700118,1112,2.2773417045485338e-05,2.8918515283925985e-05,3.5047486260329404e-05,4.800243038196304e-05,1.8481771317401477e-05,7.086398444097727e-05,5.501143196811607e-05,1.6716600316850895e-06,8.081359830943317e-05,5.1746320630694984e-05
idnR,idnR,0.00041254256553725354,1113,6.084794073754714e-05,7.643981229160538e-05,8.579204664632361e-05,3.983276698840489e-05,3.550867038596338e-05,2.172294263600515e-05,5.3439411117684866e-05,2.6299486574456704e-05,3.20216383109303e-07,1.2339271776153084e-05
mngR,mngR,0.00041242561121893973,1114,2.27488279810112e-05,4.473666685590249e-05,4.731897366077764e-06,6.822213390447403e-05,9.004643118608448e-05,4.68024461860578e-05,5.4815661480430705e-06,3.8247694731305356e-05,2.2946083335179672e-05,6.846186352480392e-05
blc,blc,0.00041233641482666777,1115,7.632982955606534e-05,3.525129873153605e-05,2.5447580545485663e-06,4.5441379290194014e-05,6.025178958386438e-06,2.2927202088219642e-05,5.892310026145982e-06,5.8426119055187535e-06,0.00014031782055229058,7.176402566376239e-05
yncH,yncH,0.00041229738388006456,1116,1.4507728959345888e-06,8.58851743285089e-05,8.294084453282368e-05,9.437554252927262e-05,3.080383918695554e-05,1.7560021486544777e-05,1.74005467673045e-05,5.735914263913137e-06,1.8871905598445435e-05,5.727282229036144e-05
gidA,gidA,0.00041157173979764134,1117,1.907886211292296e-05,7.765367944266726e-05,4.4728174232876664e-05,2.9255397780257193e-05,6.9535713415042446e-06,2.8281135712381812e-05,5.242333080813109e-06,3.547122825556136e-05,0.00010019348197208787,6.471387586656886e-05
yegR,yegR,0.00041152190465065374,1118,2.7991057870298092e-05,3.258469680221009e-05,1.6259907654588406e-05,4.077446348848069e-05,2.7424430986127714e-05,9.145847649993243e-06,7.159007323616611e-05,0.00013635927771982417,8.412089462929667e-06,4.0980059780035527e-05
yffR,yffR,0.0004107677943633729,1119,2.257960978459561e-05,5.69964597557918e-06,9.206835958068111e-05,1.3170349008005538e-05,1.4386169430330384e-05,8.273488756197094e-05,4.298739754525487e-05,8.2763335857668e-05,2.5631125211835575e-05,2.8746914407451758e-05
ydiP,ydiP,0.0004105806838030041,1120,0.00011050361680003156,3.529281053104335e-05,0.00014141436382824889,2.2597521258555357e-06,3.242617705274164e-05,8.167851423336655e-06,1.0441727201364588e-05,2.194352730492824e-05,4.575298404468046e-05,2.377873490773188e-06
ygdI,ygdI,0.0004098035635450406,1121,0.00012439209019637034,2.909929445681862e-05,3.511420107212588e-05,1.718929511786603e-05,6.690480504845582e-06,4.808519103887483e-05,3.982760231378681e-05,1.1759758282968597e-05,5.7944318098130816e-05,3.9701332463253066e-05
mdh,mdh,0.0004097857089318412,1122,5.6193338082974975e-05,3.248826415432198e-05,1.1823003796568769e-05,6.092544349154824e-06,5.334749254243858e-05,5.919480003356235e-05,7.745948972796642e-05,3.0577642927928116e-05,3.355864427538114e-05,4.905048904154407e-05
yehC,yehC,0.0004094283496469845,1123,8.171954591622486e-05,4.171986344836386e-05,4.03419426547299e-05,1.013569561303572e-05,2.4461313990909253e-05,9.395683179080104e-05,1.8128421357123966e-05,3.1281101893613204e-05,4.349715647997484e-05,2.4186476502207885e-05
yqjD,yqjD,0.0004093687922766843,1124,0.00019984219575414227,2.7210298922989506e-05,1.4810089960362617e-05,2.316412132669323e-05,5.7234159037229095e-06,1.2340462055732926e-05,2.1644253137462372e-05,1.8673358039799196e-05,7.280955170621264e-05,1.3151045469566687e-05
cysI,cysI,0.0004089427512393327,1125,6.540767242179268e-05,3.2136092181375026e-05,1.199211288896285e-05,4.069053472136365e-06,1.2252322727920472e-05,1.0712729861821631e-07,6.450004409189807e-05,3.4629707001549824e-05,0.00012704521007498204,5.680340908009719e-05
mutS,mutS,0.00040893333966247035,1126,1.9737200002071102e-05,1.7687221840266018e-05,5.421961285549802e-05,0.00012202485151658533,1.6753211786051953e-05,2.8094792422388387e-05,6.896466812727274e-05,6.46889828650372e-05,7.92323755265828e-06,8.83956069464131e-06
yhhZ,yhhZ,0.0004088821210360619,1127,4.910370503838756e-05,5.329172730756596e-05,5.911150639371557e-06,0.00010044406316965278,2.90207593229087e-06,6.231802961526102e-05,3.429013398402807e-05,3.1275906563511965e-05,6.0315808403849315e-05,9.029520382142797e-06
yibF,yibF,0.00040871723782516306,1128,3.1947805987982895e-05,1.3485520218641665e-05,0.00011241748347075268,4.3932390693896776e-05,6.843194519712658e-07,8.480268968816838e-05,4.9768208723556134e-05,5.335103306401861e-05,1.567691259961852e-05,2.6508739265561283e-06
entB,entB,0.0004086757033404827,1129,2.0750388479323484e-05,1.2883735386990664e-05,1.4519507758065448e-05,3.70068502267157e-05,7.184290512155446e-05,5.784941732264872e-05,3.956834425451226e-05,0.0001374415175398839,4.048271629234333e-06,1.2764765621553826e-05
ccmG,ccmG,0.0004086230749342487,1130,0.00010227372826468422,5.315647781384068e-05,3.078265310379406e-05,6.86426687572164e-05,3.142257296514185e-05,3.920324366275894e-05,3.963507322613914e-06,3.763157258465392e-05,1.4324222895607194e-05,2.7222427563937486e-05
rpsN,rpsN,0.00040847452125703464,1131,1.3886940021365353e-05,2.2945547442066174e-05,5.729460001694923e-05,1.2423675389855655e-05,5.7465759536044126e-05,9.007915623021292e-05,3.500513585281541e-05,5.129352919411199e-05,6.440322671674615e-05,3.6769508568676816e-06
rpsC,rpsC,0.0004081457811446555,1132,0.0001375886509258839,1.2739439539718161e-05,2.8539713486933596e-05,8.733434174596139e-07,2.5154156627994056e-05,2.1991370603332348e-05,7.069913231335604e-05,1.708890913685858e-05,5.760867640719964e-05,3.586238868591953e-05
cysG,cysG,0.00040804068734833404,1133,4.6160187558659764e-05,3.711685101640793e-05,3.42176568730831e-05,4.97103412225032e-06,3.707352550668961e-05,2.5739979136736864e-05,5.18564186985567e-05,8.197540450680753e-05,8.391419140162492e-05,5.015438527517354e-06
nlpD,nlpD,0.00040803066401713764,1134,9.732385880148906e-06,4.740531289195451e-05,1.8607625139953837e-05,0.00013277398060263746,8.414899431223194e-05,1.3190044228865374e-05,4.997393618735062e-05,1.2733323817910166e-05,3.4727283967526036e-05,4.737776988558829e-06
yciQ,yciQ,0.0004079966762635156,1135,3.380430821790224e-05,2.012084427065693e-05,8.68116039217472e-06,4.054601508799919e-05,0.0001126426453145812,4.677603035951919e-05,4.54842656791604e-06,6.033163109527161e-05,3.729847737419893e-05,4.324713758329558e-05
ybgO,ybgO,0.00040778108991749166,1136,0.0001083454676170931,4.9754507113661256e-05,1.755554934917785e-05,3.533283708876023e-05,3.657897746100301e-05,4.6539440848261565e-05,4.8423792606106636e-05,2.8805944675515865e-05,3.5976357457479716e-05,4.6821570043249874e-07
dos,dos,0.000407720691223571,1137,7.309751084361098e-05,7.006691661008941e-06,1.0269959021125896e-05,3.934670381539819e-05,9.482650795039536e-05,6.57318027481874e-05,2.4719253660703043e-05,1.9353530082180247e-05,5.177085625503262e-05,2.1597875185928303e-05
mdoD,mdoD,0.00040764717499945386,1138,1.9197831077551896e-05,1.2567883223575384e-05,5.758821146799616e-05,2.282066409861084e-05,2.2944148017780798e-05,2.9983967685418362e-05,3.528214707149761e-05,2.047956087352145e-05,0.00011759666204633818,6.918609943716317e-05
LELOBEKK_lacA,lacA,0.00040762697528084845,1139,6.546067137758511e-06,3.728708522413479e-05,2.2187338075237536e-05,2.056248439810249e-05,8.283121740955937e-05,2.0387901556657186e-05,3.77145290148904e-05,8.88883357540381e-05,4.133899314815029e-05,4.988302356231984e-05
ygiW,ygiW,0.00040755103086604315,1140,5.105968375765985e-05,3.1748588580377716e-05,4.504175925406153e-05,7.280064131864067e-05,1.0807599613719315e-05,1.7455018314618222e-05,2.5540643088636853e-05,3.6458355839198075e-05,3.925182486261109e-05,7.738691623651988e-05
torZ,torZ,0.00040718815427593524,1141,0.00012596806961247817,2.9725192896499556e-05,1.4542741454626648e-06,3.19179491671691e-05,1.5260123857984507e-05,6.005596843304882e-05,4.389227840611827e-05,7.213200848268407e-05,1.3990909900479965e-05,1.2791379374010132e-05
ybeZ,ybeZ,0.00040716141731760274,1142,2.1920109444362925e-05,1.8096230757803664e-05,2.2855092489516253e-05,6.125814250498424e-05,1.3593134673243743e-05,6.725658515864176e-05,4.003813446232725e-05,4.392856669756407e-05,4.1088685652542233e-05,7.712673547661659e-05
yafC,yafC,0.0004070612697759966,1143,3.933403776445559e-05,3.6517936038992935e-05,7.388202884279523e-05,2.12404273733217e-05,8.692387320049876e-06,1.881727021158544e-05,5.556467583908961e-05,3.8323845246409084e-05,5.621785192482105e-05,5.8470809214476075e-05
ydcD,ydcD,0.00040690048345712126,1144,4.433025508257835e-05,3.471304483451955e-05,6.275975491710555e-05,7.38908940386285e-05,4.7059501489704585e-05,3.3270694115918816e-06,5.226202797800165e-05,4.014910276828253e-05,3.1420229488994276e-05,1.698860344771431e-05
dgoK,dgoK,0.00040680775716091965,1145,4.417096645592179e-05,7.641891429638336e-06,4.6346315689777514e-05,3.156097463246711e-05,4.000654308232889e-05,9.554696677924308e-05,5.9704735453186766e-06,6.962687627853208e-05,2.3978233233198085e-05,4.195851603449411e-05
relA,relA,0.0004067826379681741,1146,3.7769387569631645e-05,2.1418662544977893e-05,2.7133248355024957e-05,2.2177087505035422e-05,7.629248215138183e-05,5.26480003410544e-05,2.3048978097773605e-05,2.2256503212104752e-05,8.307941632883723e-05,4.095887186235241e-05
yhaO,yhaO,0.000406605268914077,1147,8.981747407648671e-05,1.1328148077132195e-05,1.6637807722893107e-05,5.46331647567144e-07,1.921012018281327e-06,1.4535783180759839e-05,0.00012227043175572675,9.001774497098443e-05,4.580932248415017e-05,1.3721212980095248e-05
yajC,yajC,0.0004065064120278118,1148,5.313032118571908e-05,4.0752076301986924e-05,6.182529192890829e-05,2.2759331934194822e-05,5.605202317612901e-05,1.2972639194278909e-05,9.229682182991658e-05,1.0116362449433964e-05,2.295471105876966e-05,3.36468329684746e-05
ruvB,ruvB,0.000406344086632303,1149,2.9445472668643663e-05,8.221982471450149e-06,1.6720216446443616e-05,0.000124240468939981,2.0897886772156465e-05,5.145370834796844e-05,7.356310807585149e-05,5.0605097575965056e-05,3.850780806789028e-06,2.734536452705406e-05
yfgH,yfgH,0.0004062591116118697,1150,8.201365646528107e-06,3.551150637346999e-05,2.2381171306580484e-05,4.1021983267779236e-05,3.319054747130745e-05,5.3357895996117355e-06,7.363379580419109e-05,8.704499867452567e-05,5.8890339565058275e-05,4.104761390281768e-05
rpoS,rpoS,0.0004059616213775693,1151,0.00010125803821110931,1.4313058678017914e-05,1.049446061583527e-05,3.00328412824935e-05,5.883329789376239e-05,7.595053761584495e-05,3.582675505009235e-05,2.5342080942687277e-06,4.317209234853506e-05,3.3546331587609814e-05
yabP,yabP,0.00040579340780837886,1152,2.0422950820234028e-05,5.970811299694694e-05,4.50495605481475e-05,6.727733599064123e-05,6.01055456340051e-05,1.4551822287379778e-05,6.149279785278934e-06,7.721500382391644e-05,3.490085078502828e-05,2.0412945136800597e-05
dnaJ,dnaJ,0.00040577936174911655,1153,5.4145204978889044e-05,4.029459955139247e-05,8.435831792027158e-05,4.148196393344141e-05,1.6478737126791315e-05,3.2942178945274915e-06,5.7156761846576445e-05,5.544812636529363e-05,4.173237363683176e-05,1.1389058495101379e-05
ybeT,ybeT,0.00040512768254047176,1154,9.003227471960876e-05,3.1498779852477086e-06,1.8021459744123118e-05,2.0399109527513658e-05,6.229462201256107e-05,4.315906408347827e-05,4.4452143283202815e-05,5.1768828851577585e-05,5.1327881848303403e-05,2.052242048485536e-05
yceG,yceG,0.0004047679050895416,1155,5.656711072402277e-05,5.033603904407844e-06,7.325193018942079e-05,3.69303177542256e-05,2.0831057365092746e-05,1.0345481486565352e-05,3.419545927560241e-05,4.121763935655825e-05,2.9622877978572635e-05,9.677242705507323e-05
yehQ,yehQ,0.00040474172302023154,1156,3.68501669078011e-05,3.258255739445386e-05,1.6518557986951898e-05,7.21306296304301e-05,4.8775655849091025e-05,4.623859671234571e-06,0.0001079701787116583,2.0423406396730434e-05,3.187805167651764e-05,3.298865879536256e-05
ihfB,ihfB,0.0004047356477419398,1157,0.00010175588547439348,1.7483078335448793e-05,5.227543072961381e-05,6.330229890489873e-05,2.314394108387912e-05,4.0313065667487044e-05,4.038910307495259e-05,6.148391758390535e-06,3.61721384371866e-05,2.3752314275689158e-05
dusB,dusB,0.0004045150016330421,1158,7.855733927977374e-05,3.732631752040211e-05,5.637026698651564e-05,3.606324009333796e-05,9.403894435175498e-06,3.0456276450854257e-06,3.428551731861828e-05,4.335482593725527e-05,6.389282153229707e-05,4.22151508845811e-05
gatA,gatA,0.00040389086899130953,1159,2.9847551574272652e-05,2.207293949635208e-05,8.900806686271342e-05,1.7421012695057487e-05,1.1017036843573936e-05,2.525401974810665e-05,8.235481881535016e-05,6.344080307855673e-05,1.8446327726803048e-05,4.5028292150523374e-05
yffS,yffS,0.00040387852355989096,1160,2.873155485968279e-05,1.905824275976129e-05,3.778533006568806e-05,0.00011339366243390862,2.8608762158113952e-05,8.614911989600047e-06,8.521752002679584e-05,1.0403417478424852e-05,2.4758345310382043e-05,4.73067764775334e-05
asnB,asnB,0.00040384906900578607,1161,1.7171600236603146e-05,2.8374986530193565e-05,2.993930795698161e-06,4.0060323714422895e-05,3.84388369544819e-05,6.948305593134304e-05,8.3607323477758e-06,6.890931273881958e-06,0.00013172003882538,6.0354632396005596e-05
fabF,fabF,0.0004031247610060593,1162,2.928260321938513e-05,2.7131963099964364e-05,2.226727593452913e-05,2.564581677623598e-05,6.542145385840307e-06,7.665590840774153e-05,2.9367474609284408e-05,5.844804747720463e-05,7.728636956897375e-05,5.0497156526900024e-05
hslO,hslO,0.00040312323569682243,1163,4.407526709364179e-05,5.533057332434235e-06,4.085236336281702e-05,2.8379698073184775e-05,5.033865105560947e-07,0.00010304816498809756,2.3441171769681915e-06,9.952174759819209e-05,6.807056703077618e-05,1.0794866530154485e-05
ycfP,ycfP,0.0004029326084320391,1164,7.9903567580576e-05,1.3543574794678587e-05,6.900386697766478e-05,3.00584541720989e-05,4.168041699841585e-06,4.332947649848429e-05,1.1649077461974868e-05,5.282522842384711e-05,6.80031159571244e-05,3.0448204865748623e-05
asd,asd,0.000402479485561894,1165,8.854457330101977e-05,7.983317440686432e-05,5.005420180087575e-06,7.960943544671433e-06,6.871418992617465e-05,6.890922944315344e-05,2.1344634423624083e-05,8.415904139012792e-06,4.671507194946658e-05,7.036344247819434e-06
exbB,exbB,0.00040232843671047765,1166,9.011864805904516e-05,2.9204866210527663e-05,8.055052193234198e-05,1.4434631914601674e-05,3.9673168353050865e-05,2.3541277186438184e-05,4.73658544211939e-05,1.6440244132087347e-05,2.928951905417032e-05,3.1709705447020614e-05
yadH,yadH,0.00040121875531951733,1167,3.891059795906338e-05,4.3990442572770665e-05,4.928289228082731e-05,6.108713748280428e-05,2.8162651454758213e-05,1.7236165089330263e-05,2.572707091939054e-06,8.972849299709853e-05,4.487142088275381e-05,2.537624750817179e-05
nusG,nusG,0.00040118391130585304,1168,1.7951634941393467e-05,5.8560826810897134e-05,9.296740133869161e-06,3.2985596995649994e-05,4.395870508491179e-05,2.479619132946952e-06,0.00013633787788932704,2.5908274078156942e-05,4.113778771180539e-05,3.256684852689516e-05
mdtB,mdtB,0.0004006010297417188,1169,2.6362390488613445e-05,1.1255342836566341e-05,4.194491353861912e-05,4.100252192941885e-05,6.553963091747156e-05,9.743884349089448e-05,4.243977773810219e-05,5.522446719282247e-05,1.3868866501188616e-05,5.5242751080217456e-06
ygjP,ygjP,0.0003996932483560964,1170,5.833485014849364e-06,4.751172161330538e-05,5.559460966609063e-06,0.00015707501320618724,3.951980431947896e-05,4.5194372558400974e-05,1.8969222975150233e-05,8.4751172443678e-06,5.19712397615405e-05,1.958381069620689e-05
dxs,dxs,0.0003995907840127297,1171,4.922419655375485e-06,4.3912587483779596e-05,3.1651799972067016e-05,5.2712897253173355e-06,1.371746341679555e-05,7.753192752073826e-05,2.7949719486624294e-05,0.00010652805241722449,2.8138037466419213e-06,8.529172058816571e-05
ydhO,ydhO,0.00039902390800934396,1172,9.938466693999962e-06,3.3899787175138314e-05,5.32066978300577e-06,8.741220257675331e-05,1.7538032280843736e-05,8.831581574785903e-05,2.655935552719216e-05,8.087852274011455e-05,2.8890207134218353e-05,2.027084835021877e-05
yiaD,yiaD,0.000398507351031411,1173,5.680058963391326e-05,2.4153693713682466e-05,5.251174532786428e-05,0.00011056134443473658,4.0193263749188e-05,4.657592467366577e-05,1.2894854427788147e-05,2.578841482050677e-05,2.1313565106497286e-05,7.713955143568493e-06
yedK,yedK,0.00039845617798923923,1174,4.922541788591139e-05,3.972200179173615e-05,5.5169054709367e-05,6.435694839946391e-05,1.4299224568261315e-05,4.077412929429869e-05,2.4169558197017795e-05,6.706783268920645e-06,2.9435587721457363e-05,7.4597472152805e-05
ymdF,ymdF,0.00039815609058495874,1175,5.463610004500715e-05,1.951734837770055e-05,2.6399499617312798e-05,7.668166097391199e-05,3.3887396290084714e-05,3.022047299142264e-05,0.00012640089823365416,1.9832894905340335e-05,5.997799031986679e-07,9.980039247325765e-06
phoH,phoH,0.0003979390209264226,1176,7.567746394863271e-05,3.447685034291911e-05,3.890781983042415e-05,9.100944249179161e-06,1.4250644470230367e-05,1.4411557186892626e-05,9.446484585533084e-05,2.6073994939709206e-05,5.764294797485223e-05,3.293195212825217e-05
livJ,livJ,0.00039789756882670105,1177,0.00010002708198635923,7.656338708551745e-06,3.905540889847311e-06,3.38065543536869e-05,7.203153323004018e-06,3.075685360700808e-05,6.797145297419071e-06,4.743578451359743e-05,0.00010725483474338731,5.305428140383996e-05
fabR,fabR,0.0003978143162580311,1178,6.502687422708104e-06,1.3202044611947491e-05,4.28727754896379e-05,0.00010104821655283437,5.4896582466684596e-05,5.287277178214335e-05,4.387920683343564e-05,4.268520589748729e-05,1.4031622819907093e-05,2.582320238124524e-05
pgi,pgi,0.00039735046314639947,1179,4.077377912922338e-05,4.547391233632065e-05,5.754578526085608e-05,1.9583148673379714e-05,0.0001286348891740377,4.015161933400658e-05,2.09647733852499e-06,1.0052548605209453e-06,4.992584966474779e-05,1.2159747374781666e-05
modA,modA,0.00039718364304817017,1180,4.793865582937325e-05,3.92046568362577e-06,1.3752826610305671e-05,7.264044389094673e-05,8.561075907604599e-06,5.681409662542128e-05,8.120141139815794e-05,6.991400357868322e-05,2.368240546208597e-05,1.8758258061965747e-05
yqhG,yqhG,0.0003968389032889659,1181,4.0603893659387584e-05,5.4677269486501967e-05,7.80773467516207e-07,7.056165388240838e-06,6.291083803185334e-05,3.827714689481376e-06,0.00010265137802305416,3.4825441759902e-05,1.1952904221349409e-05,7.755252456167905e-05
adhE,adhE,0.000396749044681961,1182,2.8080396688489063e-05,8.409490077500657e-05,5.075792642215637e-05,5.931123001967858e-06,3.614655672582208e-05,1.8718742382864834e-05,2.9874402512796892e-05,7.097600874624702e-05,6.466954368563662e-05,7.499443740973656e-06
yfiB,yfiB,0.0003965448815081548,1183,1.8156187294227128e-05,1.472658104900134e-05,6.399293627508297e-05,5.325362467550534e-05,1.1679069711874138e-05,4.901829701046347e-05,9.09667380016619e-05,4.0463914322943626e-05,8.014827685755706e-06,4.627270548163923e-05
etp,etp,0.0003964619836375873,1184,1.8199756585429347e-05,5.420330149947643e-05,5.2209776521347414e-05,3.5250269444067495e-06,1.9019602207175198e-05,8.187250395294264e-05,5.677150906446689e-06,8.409034616385174e-06,7.372245327215436e-05,7.962337713182335e-05
pheA,pheA,0.0003964594539364696,1185,6.719342168279295e-07,1.6672673712094293e-05,1.9539383072563485e-05,1.975913984979563e-05,8.105332424005487e-05,2.7385705547282676e-05,3.515729039354656e-05,4.299008263239077e-05,8.141351790254727e-05,7.181640236936612e-05
yghY,yghY,0.0003964256854865061,1186,7.507809723961804e-05,1.9739642318007768e-05,1.8808382423700366e-05,2.6444510736645555e-05,6.02038375085579e-05,3.8191968613328556e-05,6.84085916318555e-05,7.491998172859148e-06,3.8935986605715256e-05,4.312267023621806e-05
yhdL,yhdL,0.00039636167213560604,1187,2.065216664355224e-05,6.772975114622736e-06,4.566522430180665e-05,6.37733358098437e-05,1.28388140691572e-05,5.38038582280415e-06,5.3449374945484724e-05,5.7153370721897834e-05,0.00011635325205181567,1.4322772654621097e-05
uspA,uspA,0.0003960343434239839,1188,8.718332333729326e-05,3.2844498132701435e-05,8.010430119020981e-05,1.1187353699256444e-05,2.1715140756830343e-05,7.600545148240816e-06,5.019901418450425e-05,3.5186189942473234e-05,3.2084223863362783e-05,3.792975316911153e-05
csgG,csgG,0.00039567920422046884,1189,7.132709931391498e-05,6.710367227612505e-05,4.305982892414445e-05,1.9729093269537835e-05,3.4092201676190056e-05,1.651977616385455e-05,2.5627966613626173e-06,3.2237155225030464e-06,7.371713115140411e-05,6.434388926143213e-05
LELOBEKK_galT,galT,0.0003953058583769971,1190,5.4538061327527555e-05,3.6255926052365546e-05,3.198422065171895e-05,1.1745061438184262e-05,8.611292793351745e-05,4.472979549970657e-05,2.5971627453686213e-05,2.49309148005156e-05,6.493986619827897e-05,1.4097457021496008e-05
argO,argO,0.0003952892688975311,1191,4.7368186142718845e-05,8.060116547582062e-05,3.3039218653470873e-06,1.8573045606935605e-06,3.709244744368605e-05,5.2976609846653546e-05,4.56036810432602e-05,2.386457397267137e-05,6.494890681808774e-05,3.767247172859204e-05
tar,tar,0.0003952621601141176,1192,8.175942717918496e-05,1.2605298172190745e-05,2.403191354494422e-05,2.0814293824135728e-05,8.846098600776415e-06,2.9727782109521907e-05,2.6702595871139878e-05,6.84952446364156e-06,7.520725876832411e-05,0.0001087179675802581
ygaT,ygaT,0.0003949628027378114,1193,5.467028262102912e-05,4.363450688958833e-06,2.209797393791656e-05,4.464453114012642e-05,2.3811077610147275e-05,7.051777828562924e-05,3.6355891659391816e-05,2.639009201492134e-05,3.258866058225488e-05,7.952306419743592e-05
shiA,shiA,0.00039484761111227725,1194,4.191800873287072e-05,4.385344786378414e-05,7.750442221597074e-05,1.2909619925042923e-05,2.0921216296730084e-05,3.4223199830553825e-05,9.855911287639882e-05,3.2450295708069626e-05,2.6576207078524176e-05,5.9320805843321515e-06
ynjE,ynjE,0.0003945068409054736,1195,3.768094945796178e-05,6.229221900580932e-05,3.8527809402909834e-06,3.667288745825894e-06,9.331228409155326e-05,1.2640384416138512e-06,0.00011596798360369605,2.6018883298345556e-05,2.085540934318602e-05,2.959500397719083e-05
ftsZ,ftsZ,0.00039440734305648653,1196,5.469811342494449e-05,7.586806549229843e-05,4.1666179283324024e-05,1.9245944110864312e-05,2.689914564657567e-05,2.174585889445134e-06,5.1953412399863874e-05,3.9524760150329695e-05,5.4528031595883425e-05,2.7849105062957433e-05
recJ,recJ,0.0003943189203136581,1197,9.747169454072874e-06,3.9804700937137156e-05,7.05157321818515e-05,5.1307181934367266e-05,1.6625302716961667e-05,7.649173384094366e-05,8.705552211819837e-05,3.3068222255893624e-05,2.4877005630523974e-06,7.215654311179539e-06
imp,imp,0.00039391512324536866,1198,4.8237293625669296e-05,1.5472488367857222e-05,3.715142215671995e-05,2.4132900586773893e-05,5.7548262166211644e-05,8.544298799062735e-05,7.751289106701768e-06,4.4759765122053194e-05,5.327654146807833e-05,2.014217265467601e-05
nuoM,nuoM,0.0003937786846772271,1199,2.0535930043171714e-05,8.66592711521796e-06,5.9613805923856554e-05,1.2002877040518677e-05,1.3071344718147169e-06,7.689305195534847e-05,1.6038870014821228e-05,7.9226919273481e-05,2.708315491502491e-05,9.241101392397187e-05
ycbV,ycbV,0.0003936064677013679,1200,1.5775711757187535e-05,6.979123490993944e-05,6.558211543034002e-05,4.3384837467111385e-06,5.180377517622738e-05,5.269429131801956e-05,6.260113292516078e-05,7.692457504931192e-06,2.7628523762408546e-05,3.5698741170442283e-05
cho,cho,0.0003934552752355403,1201,1.218392539791026e-05,6.391296718601972e-05,8.60692576255972e-05,4.489973429002119e-05,2.6160073930093106e-05,2.3267821850768632e-05,2.1906362079191125e-06,6.815103702519097e-05,2.7700854494158485e-05,3.891896722786163e-05
LELOBEKK_fdoG,fdoG,0.0003931334689076476,1202,7.801758573200498e-05,2.6626333653462103e-06,8.679019681068366e-06,2.5503533727612256e-05,4.678765335768409e-06,3.246712646599423e-05,8.608493290829762e-05,7.704676741418027e-06,7.41939196973649e-05,7.314127525277265e-05
allR,allR,0.0003928292961668102,1203,4.920553480272378e-06,7.005858557970457e-05,3.847825641624834e-06,7.017545113595105e-05,3.7772964881836624e-05,2.1190875994553834e-05,1.3424038657297626e-05,7.098020042485845e-05,8.215409775336619e-05,1.830470261734457e-05
napD,napD,0.0003927536799476423,1204,5.922745628198008e-05,5.231459655353345e-05,2.611102954995957e-05,5.80795408465861e-06,3.562033315195018e-05,9.002406742965399e-05,2.303331862981976e-05,1.9503686585198983e-05,6.08383979432243e-05,2.0272839737663433e-05
glk,glk,0.0003926406993752424,1205,0.00012156247173282,3.937591007088956e-05,7.98774847395917e-05,3.282766618637238e-05,9.484974412511825e-06,2.2091619610113975e-05,4.0927964889040855e-05,3.203919198206962e-05,5.276358658160885e-06,9.177057093671613e-06
yliB,yliB,0.0003926097643265377,1206,1.1844525384631586e-05,3.3500551163047766e-05,3.252849050442453e-05,9.678848494825954e-06,6.2993759909143e-05,0.00010255456076146823,7.70623793556885e-05,4.1802960701557014e-05,1.2845698188450554e-05,7.79798986330059e-06
paaK,paaK,0.0003924668703712172,1207,4.201226662351274e-05,1.566542704990936e-05,1.546228533499779e-05,1.389993193919367e-05,5.301438824723895e-05,6.916300808194388e-05,8.68057135240192e-05,2.364085778681924e-05,6.561567641454487e-05,7.187315369037549e-06
xylR,xylR,0.0003923518469112746,1208,4.597633325005997e-05,1.359506498485523e-05,5.2881976487474584e-05,1.0059260526231906e-05,5.520255799158825e-05,8.866805059595365e-05,5.1039731490580073e-05,1.721551420683942e-05,2.870286739941705e-05,2.9010489978274444e-05
zipA,zipA,0.00039132859134888043,1209,0.00015673766599836618,2.596035660267306e-05,3.9237894174327705e-05,1.2740803629295078e-05,2.6801308834358094e-05,3.407709703719861e-06,4.8963587042498534e-05,1.1439143253931056e-05,1.9502721122452077e-05,4.6537400987258783e-05
pgaA,pgaA,0.0003913165917736158,1210,5.440110993371409e-05,4.234970900119494e-05,5.664555032306695e-05,3.2164994697923556e-05,5.055780366055098e-06,2.7152552266600947e-05,1.6974505752348896e-05,6.680540839518951e-05,1.3853592879343514e-05,7.591338815817828e-05
ymfI,ymfI,0.00039076558689611363,1211,1.9396008940550755e-05,3.262514790107947e-05,3.8462740521517064e-05,2.7556981298623643e-05,1.2652052632996116e-05,2.778007772159172e-05,7.110330845901694e-05,4.51359275428523e-05,2.570878152734174e-05,9.034456035054385e-05
lrhA,lrhA,0.0003905850931543564,1212,7.3154189922135494e-06,3.767041977309721e-05,8.139952469478488e-05,3.256014596991625e-05,6.258008386719712e-05,4.4066863828369995e-05,1.4941228452096472e-05,6.107428147737456e-05,2.0407041093980218e-05,2.857008500532615e-05
ybeX,ybeX,0.0003900078674563859,1213,4.883487522429881e-05,4.492603424013071e-05,5.512041619831823e-05,1.5441552829676426e-05,2.826126051795995e-05,3.672040991690227e-05,6.810058715798657e-05,1.819194495923777e-05,1.275417744522993e-05,6.165660896664524e-05
amiA,amiA,0.0003899448606345194,1214,5.8675456559376225e-05,1.6816606199506567e-05,6.69235352907507e-05,3.094177686155919e-05,5.583089918611123e-05,5.918967170643338e-05,2.2662114420236795e-05,4.297584819393502e-05,1.0218122692596178e-05,2.5710829524014108e-05
fxsA,fxsA,0.00038987239313458954,1215,7.063354570241412e-05,2.2770458470249904e-05,5.632907780323523e-05,4.25973862273457e-05,9.069570961640015e-06,1.317572489218514e-05,9.711629200179196e-05,1.5125976565429525e-05,5.328560514206117e-06,5.772579999609183e-05
ubiA,ubiA,0.0003894248662330745,1216,6.794380333361599e-05,5.462301966515944e-05,2.2506281013788168e-05,5.321434874770205e-05,4.1230809890097644e-05,1.6273443869612677e-05,2.97215909734836e-05,8.860143930808194e-05,1.525803382516179e-06,1.3784326049016837e-05
nfrA,nfrA,0.00038885078373501595,1217,3.795349050616402e-05,3.2731409848326085e-06,5.960666960168452e-05,4.317695453239298e-05,2.020714399081546e-05,3.448827027406463e-05,2.837034060383563e-05,6.218860267173623e-05,4.953581003217193e-05,5.0050360537317906e-05
narZ,narZ,0.0003887055221018233,1218,0.00018178617259246405,3.92714549291481e-05,2.522223011970944e-05,6.564983179977592e-05,1.6973980256743187e-05,1.8227385585762804e-07,2.040086191179932e-06,9.12892080810252e-06,4.4355842961327265e-05,4.09472858751529e-06
ybbC,ybbC,0.0003882267689679207,1219,4.54304214514329e-06,2.0800073190574885e-05,1.513897166464697e-05,6.25566762455066e-05,0.00012170506345023362,4.3967218360430196e-05,2.207868502350494e-05,4.979070965484505e-05,1.661684659545948e-05,3.102948263757562e-05
hha,hha,0.0003878745630300784,1220,1.4686611462526162e-05,4.117593472966199e-05,8.639390757575937e-07,5.444645011015532e-05,0.00011377864557007366,5.1622393313445806e-05,2.8983401519466713e-05,1.4072768104158518e-05,2.7660254940260793e-05,4.05841642045719e-05
cstA,cstA,0.0003869656577399121,1221,6.534162882551921e-05,1.0553158826977978e-05,8.519766761960663e-05,2.8344070842541348e-05,6.881283883131276e-06,2.9540659351783152e-05,7.936741598157558e-06,8.966582588587591e-05,5.4274150730279e-05,9.230470176040045e-06
wbbI,wbbI,0.0003865998218162075,1222,2.9306605922008077e-05,3.13752820831851e-05,3.373943157515994e-05,6.088587391780755e-05,2.1683892719812867e-05,3.06271959295604e-05,2.9840815099356143e-05,1.634921344909259e-05,6.288600468833057e-05,6.990550643189425e-05
yjtD,yjtD,0.0003865666308067276,1223,3.180707128582626e-06,5.190123802698693e-05,1.624794445363525e-05,0.0001115421411264952,4.650064496406588e-05,4.966500658574807e-06,2.754747926628613e-05,3.4245098792317116e-05,5.718827095224447e-05,3.32466054375392e-05
yfjO,yfjO,0.0003865355513053178,1224,6.453893657099393e-05,4.257229186999003e-06,2.5922317363823908e-05,5.162538734158029e-07,5.627651972361593e-05,3.429996482445267e-05,3.648609988740787e-05,7.841735202798409e-05,2.279423335251766e-05,6.302664449410688e-05
ydfE,ydfE,0.0003864647745827325,1225,4.001242788109147e-05,1.5389834839370544e-05,0.0001160158750697156,1.4045298929432076e-05,2.9091702284953593e-05,5.209187423521688e-05,4.4007415218432087e-05,6.824211069406856e-05,6.103724853992854e-06,1.464510576458799e-06
yajD,yajD,0.0003863419869250614,1226,7.526074619593495e-05,1.5761216489019776e-05,6.688633074537022e-05,3.150300697796202e-05,4.1914188485618164e-05,2.454970191395732e-05,4.470932962009436e-05,5.912178074884549e-05,3.665071836298745e-06,2.2970613911960305e-05
ilvM,ilvM,0.00038616579468222096,1227,1.424160585221342e-05,2.6434439863613762e-05,9.560496414041441e-06,0.00011148924358451943,2.5851106975256693e-05,2.8610843902966847e-06,6.205663705814467e-05,1.0937120963441812e-05,0.00012272040820982425,1.3651370868748662e-08
fadE,fadE,0.00038606803099015276,1228,8.343102866628379e-06,4.9176539825182024e-05,3.2257752917039923e-06,2.189156158003009e-05,7.838102227704051e-06,3.321829166613734e-05,9.40298167569674e-05,0.00011181638530883691,2.8534089630621482e-05,2.7994365836341103e-05
lpxC,lpxC,0.0003856069468708984,1229,6.754064794640486e-06,6.467460737305031e-06,1.8005212284728185e-05,9.79498025296922e-06,3.0383404723158772e-05,0.00013367887683258,1.2233055780510037e-05,1.7282151618892742e-05,2.6212425814431755e-06,0.00014838649726467076
mokC,mokC,0.00038556067068722664,1230,5.33330720948955e-05,6.303510718187348e-05,2.0426464287926102e-05,1.8399314356420267e-05,1.698584857033513e-05,8.825666323874165e-05,1.4433718975846028e-05,1.4284910826824017e-06,6.668920557260282e-05,4.257278532590321e-05
nrdD,nrdD,0.0003846386967764348,1231,5.337180477648084e-06,4.210002159177314e-06,3.287033897936525e-05,4.339441708744431e-05,8.379957092091352e-05,5.494478254754994e-05,4.851893744825557e-06,2.2873470302754527e-05,6.0967735257279656e-05,7.138930529947663e-05
ylbG,ylbG,0.00038461420228335963,1232,6.979845911719116e-05,2.8191756237437206e-05,3.854381203887475e-05,1.9950279876709567e-05,2.132506332389803e-05,1.8388916857743347e-05,2.4442976229795743e-05,5.8531114441031886e-05,8.478560976988924e-05,2.065621439078875e-05
yliA,yliA,0.0003844916764544274,1233,3.0467611847540553e-05,2.8832642170929972e-05,5.4598818624666266e-05,5.117853387918873e-05,5.45459994227113e-05,2.02688280773076e-05,3.332143137057924e-05,6.439854774956131e-05,8.618288567228228e-06,3.826097474471416e-05
yjdK,yjdK,0.0003843469679142361,1234,2.1610443900444765e-06,6.659350106706285e-05,8.093742967938664e-05,2.094946955759917e-05,3.2381291256869446e-05,4.756043301207311e-05,5.652910891230612e-05,3.9349594680479704e-05,1.1358833247273362e-05,2.65262621111412e-05
yhcH,yhcH,0.0003840485399737275,1235,4.3803494198110646e-06,2.746895635413163e-05,5.6980645324013525e-05,7.397539942982525e-06,2.3317775859011088e-05,6.331228244143108e-05,0.00010001217581037435,5.054983704569359e-05,3.904072353947529e-05,1.158825423680337e-05
rcsC,rcsC,0.0003838190698192234,1236,6.837818269779509e-05,1.3938531825329346e-05,2.1832834719036343e-05,0.00010984118982262071,2.8143527435351667e-06,2.81353898689649e-05,1.843568263237603e-05,6.829492187907802e-05,6.463513339967458e-06,4.56844702905204e-05
thrS,thrS,0.0003837152539671627,1237,4.7971040707750395e-05,2.1603586466880826e-05,5.22756080594753e-05,2.9867359044729204e-05,6.067857517841644e-05,6.908775612205814e-05,7.094308897282561e-06,7.134918293432975e-05,1.75266844202516e-05,6.261152135988458e-06
ybaA,ybaA,0.0003834666027401831,1238,3.7379480904816744e-05,2.3983504243996203e-06,4.8703757392896445e-05,4.124017736269829e-05,4.9502672244283644e-05,8.570014868299912e-05,4.209101406369021e-06,2.0762999148350873e-05,3.9301622372831144e-05,5.426829280053823e-05
relE,relE,0.00038338063372101843,1239,2.6415583576796286e-05,4.0682147433867545e-05,8.79173197499575e-05,1.6339793869012856e-05,2.7506731535139963e-05,9.672226786590139e-05,5.654722035684471e-06,3.416218559085535e-05,2.502742180755381e-05,2.2952460256249305e-05
recA,recA,0.0003832908872497237,1240,4.866543316517017e-05,1.9221213932073297e-05,2.8313071235367778e-05,2.1495352347424996e-05,2.2985675294903463e-05,4.7187690732183094e-05,1.6808454205445975e-05,1.4497455471785194e-07,8.981750205457093e-05,8.865151972786619e-05
torR,torR,0.0003831817860714825,1241,2.0718488132305485e-05,3.787365176514257e-06,5.286605118564939e-05,1.7156064102514647e-05,5.7401978225851676e-05,4.1910302930080214e-05,3.429215787590061e-05,8.485914164004807e-05,2.153593438153384e-05,4.8654302421084274e-05
ygcE,ygcE,0.000383162447203852,1242,6.0358660908237045e-06,4.783332606643648e-05,8.494318698962682e-05,1.3079592842920334e-05,1.7011867666847252e-05,1.3248804410608103e-05,2.0514991861968745e-05,6.781836315239553e-05,5.9090240727774295e-05,5.3586207394450766e-05
yiaB,yiaB,0.0003831189606647036,1243,3.4648259314701925e-05,2.7115221620184895e-05,5.545709638967161e-06,5.476096103432324e-05,3.0124395941905068e-05,7.533129717067429e-05,4.266205237266333e-05,3.5601498316489025e-05,5.2609806958283456e-05,2.4719758296511227e-05
yrbK,yrbK,0.00038294625557090786,1244,2.7973652282852428e-05,3.118551646587981e-05,0.00012877846000807102,1.654104120683798e-05,1.5274342707973608e-06,2.742076148616139e-05,3.391368664657582e-05,2.2146713198866526e-05,5.9682667881240705e-05,3.377632212362486e-05
tolQ,tolQ,0.00038283026373123094,1245,3.487339277280604e-05,2.4868397971677798e-06,1.7783525077477824e-05,2.9913708980706906e-05,4.273281189669006e-05,1.0166589795803844e-05,8.908174190982142e-05,7.551462239470634e-05,2.4349222225954618e-05,5.592780888009615e-05
yjiC,yjiC,0.0003824768364341808,1246,0.00013285857721193425,4.062642868067324e-05,5.954143601545335e-05,2.7768974873519857e-06,3.68420332421038e-05,3.849970956441542e-06,8.447072766217626e-06,1.518115824747537e-05,7.73408447212039e-05,5.012417105325768e-06
yebT,yebT,0.00038235803009061215,1247,1.3025072226333355e-05,2.5676359700418817e-05,8.267099262660817e-06,1.0525220416671968e-05,2.5058019404628203e-05,9.755381136798568e-05,1.543261584237574e-06,2.344507302742965e-05,5.6410682321630664e-05,0.00012085343077861546
metG,metG,0.00038230439491100795,1248,4.7102297741410896e-05,1.6667732094094268e-05,5.4971233400693134e-05,5.95269434575557e-05,3.0909409462498824e-05,2.0070588405684757e-05,6.329286911637643e-05,1.045567122372828e-05,3.8553337790498957e-05,4.075431221846673e-05
lsrD,lsrD,0.0003822101657956789,1249,1.119642339715569e-05,1.0834313080718638e-05,3.59937292347263e-05,2.6098729884106415e-05,3.450943539251769e-05,1.3029152297659588e-05,7.318948442891143e-05,6.169592607816997e-06,6.324199851800676e-05,0.00010794730695405941
ypeA,ypeA,0.0003818715928001576,1250,1.512125210166018e-05,4.484056533645135e-05,3.8934548355861116e-05,4.67049886201485e-05,8.269249020951112e-06,7.326855751685697e-05,6.662692928552217e-05,5.514335984022712e-05,7.509045570141821e-06,2.5453097152337243e-05
entD,entD,0.0003817155761569667,1251,3.917344919632141e-05,3.329773319320087e-05,1.9381288579787944e-05,5.73784223755985e-05,7.515299054880252e-05,1.4037440560317036e-05,4.423612115494069e-05,5.1620933260058694e-05,1.7980853079184886e-05,2.9456344208754138e-05
rfaC,rfaC,0.0003816622437726913,1252,8.841695900730135e-06,3.581366165141113e-05,9.871906461178204e-05,4.9396863970582e-05,0.00011071638563875138,2.0984323309140325e-05,6.550231617847273e-06,6.81798072509016e-06,1.7750025842966836e-05,2.6072010504389985e-05
cheW,cheW,0.00038164475190692886,1253,6.983259046331318e-05,1.624608042693333e-05,3.893805013668712e-05,2.7957688356852367e-05,3.998580000540926e-05,6.57343270538913e-05,5.213163511059817e-05,6.4437893882057325e-06,4.130219060067715e-05,2.307260036436122e-05
ppc,ppc,0.00038150329385152715,1254,1.4442701457307614e-05,7.514533313384093e-06,2.8551342168751058e-06,1.5533094863208745e-05,1.767627415871964e-05,7.30408587230751e-05,5.0295513301053564e-05,7.798748080342366e-05,7.999915784015274e-05,4.215854517432686e-05
yliJ,yliJ,0.0003812964760116809,1255,2.2689901803483996e-05,2.9807921744583313e-05,4.95213349500434e-05,1.0868648184155457e-05,8.611111401733286e-05,3.2855066089358846e-06,0.00011077290392591573,2.4330412687885332e-05,3.1502018193439584e-05,1.2406713895905381e-05
clpA,clpA,0.00038122319343641026,1256,0.0001712881150050519,4.125482276893858e-05,6.222267392590843e-05,8.9510666823255e-06,3.902594066401634e-05,1.227191847403174e-05,5.597302146419501e-06,5.254157632559703e-06,1.4346046793441038e-05,2.1011149343717496e-05
ravA,ravA,0.0003810848519062356,1257,2.1667964027087505e-05,4.777540388678319e-05,4.110493598638434e-05,3.337588716161509e-06,2.5678347158265924e-05,6.18096158928884e-05,0.00010093877828730882,9.661579177495454e-06,1.3493705215517016e-06,6.77612682523088e-05
yeiI,yeiI,0.00038092186755554454,1258,3.3808037119068716e-05,5.094577958155457e-07,2.7201686850177522e-05,3.767537775977467e-05,2.421899405918526e-05,3.968674779983289e-05,5.2088030981715084e-05,3.606013109754186e-05,4.599257100355449e-05,8.368083308887851e-05
ykgF,ykgF,0.00038086346045866653,1259,3.682972230298294e-05,3.2756935324378186e-05,5.316367563474852e-06,7.843368819970477e-05,1.3164275009725482e-05,7.859220324750176e-05,6.770445620883434e-06,1.8015742808926767e-05,9.634790993929906e-05,1.4636170441789238e-05
ydfT,ydfT,0.0003806018669078502,1260,2.5904003070701552e-06,2.8179908005487597e-05,1.5043962433719133e-05,5.743241766147162e-05,4.4301459402900665e-05,5.7416629884276235e-05,9.82679295464811e-05,2.9046453386872014e-05,1.550668437777558e-05,3.28160219017961e-05
yajO,yajO,0.00038020959695635355,1261,0.00012240751654737838,5.955973952317376e-05,5.3097271370160525e-05,2.1832290057096008e-05,4.6904156784327386e-05,4.171406935776709e-06,1.627897795618878e-06,3.470607654506165e-05,2.6146780327820352e-05,9.756461069939914e-06
ilvC,ilvC,0.00037998289234169094,1262,1.0074103177077175e-05,3.008944535668867e-05,6.123709580326778e-05,3.2849873777690608e-06,5.09692591639363e-05,8.132016856577402e-05,9.033513370760961e-05,5.967850789643647e-06,2.8745332508235078e-05,1.7959515891689616e-05
yfdC,yfdC,0.0003796351962644792,1263,2.463725593163122e-05,2.7470265267214918e-05,1.328659993823995e-06,2.2028174367109825e-05,9.008006901967445e-05,1.847451884860249e-05,9.714279718557825e-05,1.343949460296038e-05,4.7020318359312105e-05,3.801364268857156e-05
artI,artI,0.00037895796907926147,1264,3.8358162250726093e-05,2.8332602605452997e-05,1.729658203091864e-05,5.713988559227704e-05,2.5077778760023967e-05,8.878522632602876e-05,3.047719471731648e-05,3.4595157166991644e-05,3.28567117186576e-05,2.60386679108682e-05
ybfG,ybfG,0.00037875088677258897,1265,1.812816435489808e-05,2.3500038145859937e-05,7.020988737266686e-06,7.70365921758257e-05,3.298650523153069e-05,3.506068580048196e-05,2.3263800284164754e-05,3.4167444946383455e-05,1.2345220951048608e-05,0.00011524144614512912
iscU,iscU,0.00037817684123546885,1266,2.8315269635656228e-06,2.928660750551971e-05,2.0891114015969484e-05,5.2851930391614756e-05,2.2437057510287733e-05,4.127976750522914e-05,0.0001284290566358009,5.853652461028135e-05,3.724399382073196e-06,1.7908856715126953e-05
mtlD,mtlD,0.00037796549518654267,1267,3.734007930793909e-05,2.399288650525553e-05,1.4084164125093337e-05,5.508829091629629e-06,2.2475670809062155e-05,6.089078283580474e-05,4.7065423108710636e-05,6.476384803772166e-05,3.393060691158965e-05,6.791320445373621e-05
rpsS,rpsS,0.0003773058636566328,1268,9.487065690121724e-05,1.0845860256160313e-05,1.2297795707610928e-05,4.781744171845151e-05,6.141003630659245e-06,3.374025489226365e-05,4.6150023312522265e-05,1.3187966850359708e-05,6.085104080591016e-05,5.1403819581477747e-05
tonB,tonB,0.00037713816403380326,1269,3.7706984884215586e-05,1.3019988147052161e-05,9.575095028131899e-05,1.0682784260549255e-06,9.470730532948187e-05,1.4288676599838286e-05,1.5711185240228324e-05,5.990206093917371e-05,4.399093283501031e-05,9.918013514291222e-07
yhiJ,yhiJ,0.00037709264838716193,1270,6.536608327686214e-06,1.6258642494378595e-05,8.92204367570547e-05,1.944201066466954e-05,1.6407853922850274e-05,6.161442309868502e-05,2.2537719303480864e-05,3.767216008121367e-05,9.950923686881063e-05,7.893556868332465e-06
uidC,uidC,0.0003770464219942953,1271,4.840212194878235e-05,3.6982706355977574e-05,4.9273266478282244e-05,2.74532279392278e-05,5.090538028907834e-06,1.2216714844787611e-05,6.835445427004262e-05,5.2691398915436715e-05,2.5301256033247098e-05,5.128073717960351e-05
nudC,nudC,0.0003768341774818465,1272,6.395664217402691e-05,4.021038338892007e-05,2.2800279855845053e-05,3.598645085025678e-05,6.407738755034817e-05,3.93545266013843e-05,4.7170083034570116e-05,1.6377901438890546e-05,7.731744054943298e-06,3.916877853266125e-05
sodA,sodA,0.00037680255771779813,1273,0.00014982866703285965,1.854458843114416e-05,8.319060718104255e-05,1.0166941698585646e-05,3.513426604722466e-05,1.2919411630463376e-05,2.1802363429213202e-05,5.7915128693949684e-06,2.4734738933562353e-05,1.4689460464307535e-05
accB,accB,0.00037668818580239855,1274,7.829653191898085e-05,3.081796275358529e-05,2.2868761173161734e-05,9.504619100290683e-05,4.7971635348478735e-05,5.3616813629583774e-05,8.44088549943841e-06,2.5408459848879373e-06,2.7024007507709258e-05,1.0064550983665753e-05
rfbD,rfbD,0.00037606882897955505,1275,3.084456521991496e-05,2.5311189731216353e-05,7.714908973011563e-06,9.560757722161763e-05,8.477225719378237e-06,6.796664767996869e-05,3.282042676591087e-05,1.6488529667672446e-05,5.716618428753454e-05,3.3671573713329756e-05
serA,serA,0.0003760382898461644,1276,7.147114522362186e-05,6.642608233475723e-05,6.043357849724432e-06,1.538488775323642e-05,5.686909891230377e-05,1.0040620828251912e-05,1.043675686255559e-06,4.855785918283239e-05,3.113941744679765e-05,6.906214462838321e-05
topA,topA,0.0003759619543808331,1277,5.294176736436826e-05,8.953103303945177e-06,4.5694162201717145e-06,3.218559252332663e-05,5.4799355530066685e-05,3.653476835530344e-05,1.1176060467391537e-05,2.4661082867032392e-05,3.157766151239234e-05,0.00011856314623683488
ybjL,ybjL,0.000375726799921549,1278,6.0022967480924336e-05,4.3748944100509965e-06,4.769050104668865e-06,2.7390522504613066e-05,3.870186040928753e-05,1.9289448269069218e-05,3.296846414927125e-05,2.779601915681304e-05,0.00013456302264888654,2.5850550787964152e-05
yigG,yigG,0.0003756460942155675,1279,2.4222002534254615e-05,5.518438043804588e-06,4.3789759660435336e-05,3.570627386393897e-05,6.394892737081448e-05,3.062624956491987e-05,1.4831553979476452e-05,9.942074806824966e-05,8.452044606836862e-06,4.913009652283666e-05
hisQ,hisQ,0.00037553452418095777,1280,2.7306959992942164e-05,8.304470210472916e-06,4.809614963158875e-05,0.00012078813588262232,6.501763116655849e-05,1.4444473332462087e-05,1.1444071243754874e-05,7.778454542340103e-06,4.308995234790578e-05,2.9264225830310303e-05
hipA,hipA,0.00037545841529399327,1281,6.725786877072606e-05,4.173288357751299e-05,3.898616743435995e-05,6.342603863262405e-05,3.493744807132746e-05,1.2968396993883795e-05,5.167776825270356e-05,3.7397082418328396e-05,4.252974517020252e-06,2.282178662550671e-05
yedV,yedV,0.0003751897725236723,1282,5.6348215650513976e-05,3.5747221880387398e-06,3.823690163390481e-05,3.488932552169643e-05,3.5002263762365486e-05,2.5627413335760872e-05,4.976364213175745e-05,3.361899486177633e-05,2.2848664041368742e-05,7.52796293964895e-05
bipA,bipA,0.0003750861351058336,1283,8.984481769245038e-06,7.002446268457411e-06,1.936010636495592e-05,4.339226099273941e-05,1.769989441681329e-05,2.9809504812320565e-05,8.57190428812236e-05,2.0430890052023968e-05,8.06960576915125e-06,0.0001346179017789032
flgK,flgK,0.00037506640904554387,1284,9.613603668420881e-05,1.0806169972761412e-05,4.632500207229839e-05,1.0860333394567605e-05,2.529645060764012e-05,2.1976382532818306e-05,7.21056423291588e-05,5.089191873388142e-05,3.7953290114419874e-05,2.715182603789091e-06
hchA,hchA,0.0003748521647142979,1285,3.346482319630261e-05,7.330584960419636e-06,7.042849394480002e-05,3.985268875861986e-05,1.6459994499396052e-05,4.8832845205954734e-05,7.987017437203062e-06,8.134562172696264e-05,3.2745886192994407e-05,3.640420879164485e-05
bssR,bssR,0.0003745821298376014,1286,8.633757345355698e-05,1.3347159141064226e-05,2.0998664780118704e-05,5.677057688448184e-05,6.532840125833263e-05,1.6055476394045339e-06,4.258860138148269e-05,4.942385891198232e-05,2.0786681424736255e-05,1.739506496244119e-05
yfaQ,yfaQ,0.0003745108370317402,1287,1.4621951579846239e-05,1.4150858190037577e-05,5.380350234942342e-05,4.496355709265549e-05,0.00011039424541749777,1.5148881263628378e-05,3.796591193887322e-07,4.9518735909810225e-05,4.303072297496007e-05,2.8498723134492293e-05
ypjK,ypjK,0.0003743793654567209,1288,2.1251673641431615e-05,2.4643864038018546e-05,9.264989874267997e-05,2.0158382674900007e-05,4.6733814179437684e-05,6.140138199851568e-08,6.56773488201516e-05,1.9056393206045877e-05,5.329146039233097e-05,3.085512837972613e-05
dnaG,dnaG,0.0003741158899562236,1289,2.255564432690975e-06,2.205880746448572e-05,6.421376184879205e-05,5.959882257796819e-06,3.016966851114115e-05,2.5390556367036154e-05,9.349072802082421e-05,3.840273712393607e-05,2.4029833277886968e-05,6.814435065163342e-05
groL,groL,0.0003739505024308713,1290,4.187344212750834e-05,3.31632615944568e-05,6.65943008678861e-05,3.451511211557692e-05,1.3348679733530155e-05,4.985195047851922e-06,5.2461251709152366e-05,3.3873682559023156e-05,5.193572367116332e-05,4.11998530047222e-05
yibD,yibD,0.00037285581405076067,1291,1.2124052844425392e-05,4.303058352801985e-05,9.1225767321337e-05,4.16027864860481e-06,4.08515154482648e-06,2.3460562978161365e-05,1.0688197114411917e-05,4.6650576136873055e-05,5.785781257802924e-06,0.0001316448626762979
ynbD,ynbD,0.00037259068303261534,1292,5.11753450276885e-05,2.2529460416187164e-05,2.1100329129737778e-05,8.1271859054886e-05,3.672015669834566e-05,5.167380714923122e-05,3.145433646209148e-05,8.272144025149206e-06,4.547060627253649e-05,2.2922638796761813e-05
smpB,smpB,0.000372265819845621,1293,3.738232899101765e-05,7.481987942133706e-06,0.00010892123716702564,4.5031015588118635e-05,2.494143773789022e-06,5.73689817752362e-05,3.042135637793566e-05,5.782563769538881e-05,1.1360767142233862e-05,1.397836339274184e-05
yohL,yohL,0.00037216361924099594,1294,5.2770376757836834e-05,9.13276462627981e-06,7.110277638226259e-06,5.9886285610438344e-05,1.2032571763622375e-05,4.483977775083155e-05,4.5230711780293646e-05,9.114807676580227e-05,1.9892737912882398e-05,3.012003863478243e-05
intB,intB,0.0003721083783911506,1295,4.076614287653594e-06,9.895035564650535e-06,3.6704648671267646e-05,4.7641674139706853e-05,4.944177170633474e-05,2.200163262592988e-05,1.3565905137928379e-05,9.356259719856058e-05,4.1680114957284666e-05,5.353838410183368e-05
argD,argD,0.00037195134348393317,1296,8.71908891221593e-05,3.657252006061873e-05,5.1994944458304035e-05,5.813650861742741e-05,5.68426850213932e-05,4.671994767707039e-06,2.6811673395623803e-05,4.3552422947366074e-05,3.1346401915263397e-06,3.0430649018072908e-06
cysH,cysH,0.0003717745480624492,1297,6.521932650307378e-05,2.5665840674865166e-05,2.8671745815194583e-05,3.2044566450357527e-05,1.237959111234697e-05,3.171959255408882e-06,5.9244215461121306e-05,3.91338754449638e-05,6.341279952793096e-05,4.283062781718624e-05
yghX,yghX,0.00037148256674471883,1298,0.00010328969911646908,3.856595565037326e-06,3.835148418212973e-05,1.3893801854158996e-07,1.309721127630112e-05,3.215940484457067e-05,2.335305594602002e-05,4.023596865901645e-05,8.201419209005915e-05,3.4986017046573625e-05
csgF,csgF,0.0003708918425749587,1299,1.1542508393227043e-05,4.198179608849754e-05,8.29191281838879e-06,3.3982175820457065e-05,2.5172710047613197e-05,1.873962553644289e-05,0.00010469138621131612,0.00010604163207783321,3.943656015534209e-06,1.6504439565648623e-05
ygjG,ygjG,0.00037066881893073095,1300,3.639534558982544e-05,4.171606017949271e-06,1.0187901561138357e-05,6.746372284559192e-05,5.5262597134877576e-05,2.5677744341782985e-05,4.0242861988369035e-05,6.2541779115552295e-06,1.0161515751593015e-05,0.00011485134578804805
yfaD,yfaD,0.0003701859597440626,1301,3.1326964274381715e-05,7.045900873764049e-05,2.6415945433146295e-05,4.7367472682722996e-05,2.549938914112209e-05,4.318429117739083e-05,7.547759835282014e-06,4.592297369133223e-05,4.546363000677725e-06,6.791579177036623e-05
yeaL,yeaL,0.00036990760507014746,1302,1.1531799138929623e-05,1.392487123145259e-05,5.260836252897429e-05,4.461976839564283e-05,0.00011171561567178471,1.4538846291665734e-05,1.5036941259636752e-07,4.9625803609885884e-05,4.292172982483868e-05,2.827043896437681e-05
hscA,hscA,0.0003696736234348916,1303,1.9954092951935525e-05,5.080124448728802e-06,4.367810004437668e-05,4.2855158340535286e-05,5.9833721639195464e-05,1.2572110938333805e-05,8.530514369430949e-05,1.6300217189107343e-05,5.323898191463092e-05,3.085597227373832e-05
yiiT,yiiT,0.00036952821598610036,1304,6.865399196123492e-05,3.0976089952398194e-05,4.809130412125329e-05,3.6882637181536616e-05,3.576473571644494e-05,4.01973862045019e-06,3.973000145837951e-05,5.3215431669848044e-05,1.56687779834972e-05,3.6525507321057404e-05
thiI,thiI,0.00036951769598036154,1305,1.787823355344934e-05,5.139263281846454e-06,3.936168420107111e-06,0.00014637697147997268,1.0410172962069221e-05,8.955094858692712e-06,6.082958133255322e-05,2.3844639973409537e-05,3.716444302185663e-05,5.49831270964047e-05
yiaG,yiaG,0.00036937502563913466,1306,0.00012329717868852334,2.6709112993109557e-05,3.874546579568199e-05,1.804107165211377e-05,5.0378917398126186e-05,2.752466776404742e-05,2.879771370417678e-05,1.7273901659900913e-05,5.3889876449461545e-06,3.321800833850859e-05
mltC,mltC,0.00036919637328327844,1307,2.6637084310400406e-05,1.68816379656091e-05,3.3724607632662296e-05,6.353127752988952e-06,4.2247959917463094e-05,2.2787023446346763e-05,2.4617895552348315e-05,5.928141035055835e-05,6.62221432664308e-05,7.044348308847034e-05
ompN,ompN,0.0003691262840997784,1308,7.464539167747316e-05,6.642452975639068e-05,1.7876981018069242e-05,1.511995044927213e-05,3.5146086831967756e-07,6.622902012379009e-05,5.7679406333606954e-05,1.178278263286223e-06,2.8193855212707284e-05,4.142741039686288e-05
ygaU,ygaU,0.00036910137898790447,1309,0.00012184400592609465,5.0892550022827204e-05,5.886716594800753e-06,1.900912408298926e-05,3.981107684134549e-05,1.389891502937166e-05,4.417721803080586e-05,1.3094814108840126e-05,4.427957226148413e-05,1.620738608934536e-05
yhaV,yhaV,0.0003690266133348133,1310,2.2778974152701736e-05,3.964639515626982e-05,8.914871766067174e-06,1.5831919080621753e-05,4.680869555579789e-05,9.108026484696119e-05,4.0384671844391594e-05,3.1050871843064156e-05,5.385863164466898e-05,1.8671317444268945e-05
ilvA,ilvA,0.00036899116708944096,1311,5.306212915967091e-05,1.0740469047704679e-05,4.906803003195693e-05,9.118888685660827e-05,4.2455048093807277e-05,3.3181380344132694e-05,4.048930929033999e-06,2.4970309072142086e-05,3.279566345340438e-05,2.7480320100979744e-05
gyrA,gyrA,0.0003688762692577835,1312,5.3520155754278575e-06,3.028188772699019e-05,0.00011084786082503736,1.3141978706201911e-06,5.389986457883411e-05,1.189138480776785e-05,3.982960857868838e-05,8.101005532091736e-05,8.617420038521547e-06,2.58319739349787e-05
xapB,xapB,0.00036852705429569425,1313,5.852731112716475e-05,9.70977125954892e-06,9.66004637867919e-05,2.4323302157352193e-05,3.204557300646755e-05,5.7320611431817733e-05,4.10787550265704e-05,2.9277601108599533e-06,1.094783140808854e-05,3.5045674981032236e-05
yffQ,yffQ,0.0003684336630439061,1314,4.2974790235598596e-05,9.282556237129321e-06,8.148514128344043e-06,3.234603700121129e-05,7.292856650170205e-05,3.990197375410632e-06,2.7601977726453407e-05,3.601802851360303e-05,5.277395184764941e-05,8.236904347680433e-05
grxA,grxA,0.0003683386363620935,1315,7.83331963055575e-05,1.1482572311111621e-05,7.020745631284698e-05,2.5481372770466603e-05,5.559536447220143e-05,2.9702428212939843e-05,3.8874424673074546e-05,2.4968434563863097e-05,3.2165781340886835e-05,1.5276053991450946e-06
yebW,yebW,0.0003680562395253868,1316,2.179360723290359e-06,3.126489777059412e-05,4.5980245584050014e-05,2.9818331874024886e-05,1.7248613948270462e-05,2.319131124460568e-05,4.956509557580207e-05,7.595930617057585e-05,1.3923250822763186e-05,7.892582581141016e-05
dhaK,dhaK,0.0003677940701649014,1317,9.190671386277268e-05,6.897523282135796e-05,2.0520271318909126e-05,2.496198356540654e-06,9.786574796890514e-05,2.0393981994906058e-05,2.1080824037526025e-05,2.135186905988725e-05,6.1471099214516954e-06,1.705612082264477e-05
polA,polA,0.0003676960254174142,1318,3.121716587864891e-05,4.208994499589269e-05,3.955171307083586e-06,4.641439501696823e-05,6.50580662924407e-05,3.745701428274524e-05,4.707903923802571e-05,4.99270650134933e-05,1.7224075189045416e-05,2.7274088203070404e-05
trmI,trmI,0.00036766763989526835,1319,8.278699846832167e-05,2.6266549513711134e-05,9.570899757825855e-07,4.5537831302282126e-05,0.0001005709103375635,4.747716088530104e-06,2.8927269609605254e-06,4.446124191081579e-05,4.959527603196913e-05,9.851299305331775e-06
yjgJ,yjgJ,0.00036696967205346467,1320,3.7652622032511984e-05,1.4838131006318948e-05,6.470142721952701e-05,6.470946878439308e-05,4.0526962177461984e-05,7.861745837031244e-07,4.071894710710174e-05,3.8139860027588576e-05,6.37149488726455e-05,1.1811302422127461e-06
deoB,deoB,0.00036674436374070803,1321,0.0001338929841137725,3.116477804998817e-05,4.288534680356273e-05,4.011871090813238e-05,5.574855473972307e-06,6.500172098988249e-06,2.599217823176938e-05,3.544279679745389e-05,5.655204026733621e-06,3.951733723633483e-05
LELOBEKK_trxA,trxA,0.00036664807796091796,1322,4.717337398854995e-05,4.4138334857816575e-05,3.064986789962036e-05,1.9934286200005528e-05,1.5098163591985671e-05,2.323286679129769e-05,4.483441245924218e-05,2.8392362135099236e-05,3.653520275738515e-05,7.665920727991566e-05
yggD,yggD,0.0003666178076377681,1323,3.363076421501625e-05,5.956637026921707e-05,1.0054524662518526e-05,1.5915705846001726e-05,4.8816257880178354e-05,3.598736591429706e-05,9.455545209588592e-05,4.341770904183702e-05,4.121805002675258e-06,2.0551852710140955e-05
caiC,caiC,0.000366525636080731,1324,8.443265299783806e-05,6.6275176531333984e-06,3.392993591220493e-05,3.4544239359380115e-05,6.705891904182895e-05,3.36484170424946e-06,4.465661373812808e-05,4.482455582961849e-05,4.069074517329472e-05,6.395614671054768e-06
amn,amn,0.0003664784758580665,1325,6.081243049926608e-06,2.616691564626541e-05,8.027684432411705e-05,2.6115127698391364e-05,2.299301074477454e-06,4.2775476741323715e-05,6.983448273728242e-05,1.2946588552224935e-06,0.00011069534948756376,9.3907624349621e-07
yibJ,yibJ,0.00036621963915545435,1326,2.3023640743921733e-05,4.875326549078133e-06,5.5825218602128256e-05,8.359277385287067e-05,4.027527073186246e-05,1.2263945971096499e-05,9.991165512436421e-06,4.693696042575778e-05,7.91164742338401e-05,1.031886253246234e-05
nupG,nupG,0.00036606808852655994,1327,5.67384602282045e-05,6.425959357749736e-05,2.1472202142781603e-05,1.5626665213481832e-05,3.434475222538064e-05,5.076597397294434e-06,1.4895132543342867e-05,0.0001145398272083868,2.351866521384969e-05,1.5596192776340187e-05
ybeU,ybeU,0.0003656620664132495,1328,1.4745168224940968e-05,1.204395032774202e-05,2.3041916091307852e-05,0.0001027497208412814,3.1846802568081274e-05,3.5232883333134914e-05,5.383899520943749e-05,5.495804928306728e-05,3.3813968826050665e-05,3.3906117082056193e-06
alx,alx,0.00036563080194868095,1329,1.3395015204097383e-06,1.1089575024903695e-05,8.517152715527169e-05,7.089424584951413e-05,2.1359373628358118e-05,4.000237868842405e-05,5.051393647852224e-05,2.63119176846481e-05,5.096566045711719e-05,7.982685461512003e-06
fimB,fimB,0.0003652046655904394,1330,3.4518852582911026e-05,6.348164796112242e-05,7.253421246236926e-06,5.508402315923698e-05,3.2771362336912924e-05,7.189378534457828e-05,2.9060957097857636e-05,5.914362165521764e-06,3.932575437281187e-05,2.590049932324958e-05
osmC,osmC,0.00036513886802117803,1331,7.92849720967667e-05,9.48287198710466e-06,3.049778652788178e-05,4.474174459249871e-05,2.3924985291888293e-05,2.0104797760371193e-05,6.73461357193231e-05,4.359499904560423e-05,4.564105101499271e-06,4.159646989824007e-05
manZ,manZ,0.0003650810592472772,1332,0.00011599810035613385,9.85674772685405e-06,5.3796026752446305e-06,2.205178701768287e-05,4.2619610962423705e-05,7.342822865916947e-05,4.969730177406532e-05,1.552923204598029e-05,2.7601658158822762e-05,2.9187898709001904e-06
yidC,yidC,0.00036499676306557554,1333,2.8685739595154916e-05,8.125791990124517e-06,3.2384769192617546e-05,4.6580294165866394e-05,1.7626293014036395e-05,6.547427034744832e-05,3.2254330502876186e-05,5.7657535059430106e-05,5.916203500317881e-05,1.7045704194842385e-05
cheA,cheA,0.0003649944365090312,1334,2.5691132757312503e-05,3.27626573303703e-06,4.4528784838268305e-06,1.765188503820258e-05,4.0439448841541886e-05,7.718204513646502e-07,0.00011077671774892392,9.665199472957225e-05,3.720905922137472e-05,2.807323350387478e-05
ybgF,ybgF,0.00036491255520178706,1335,8.25995137807932e-05,5.096727360193572e-05,5.728591318628362e-05,3.3187988379040016e-05,1.473611689133141e-05,3.019065056459313e-07,3.819861307099294e-05,1.9443676452562422e-05,3.852453416536075e-05,2.9667019167841006e-05
glgB,glgB,0.00036479503865165285,1336,2.842666898962155e-05,7.036294359460207e-05,5.730016180777455e-05,3.868411704807026e-05,6.616686240089904e-05,1.8622067859816188e-05,3.281883672467638e-06,4.164450768859284e-05,1.3341840106867366e-05,2.696398548294132e-05
gltX,gltX,0.0003641966936933676,1337,1.2256311192419778e-05,6.55608834373311e-05,8.260800547828592e-05,3.959667985909157e-05,5.395183927867568e-06,1.4420013632673425e-05,2.2532047523043637e-05,4.4860209751958716e-05,4.523953125443659e-05,3.1727827636259334e-05
codB,codB,0.00036417632365046474,1338,4.361132048177912e-05,4.023523255843583e-05,1.3877451301032965e-05,4.8634124928119176e-05,1.4649910577168309e-05,3.9432814551958826e-05,3.519746581039228e-05,9.618379941218827e-05,2.0265888032223047e-05,1.2088315997166862e-05
rnc,rnc,0.00036400993266656235,1339,1.2962047260295489e-05,2.486520346418408e-05,3.088521750392496e-05,4.5596602237950944e-05,4.813109113136632e-05,6.420825549286827e-05,2.8690388833225646e-05,2.631118297723841e-05,1.5657597389822637e-05,6.670234637568563e-05
ispH,ispH,0.0003631761592318402,1340,1.9829552394784506e-06,3.876236155978396e-05,4.9999341747334445e-05,2.9404870023448654e-06,3.726738213033502e-05,2.283740443352109e-05,5.2533459603449666e-05,1.0721775303408735e-06,0.00012641403534730891,2.9366554637942883e-05
ulaE,ulaE,0.00036291741699912293,1341,2.582884055541598e-05,1.0336765566403593e-05,3.23878901828624e-05,3.1806032777317915e-05,2.7632498263670018e-05,2.2710865944064014e-05,6.12465155840132e-05,5.4482954046952765e-05,1.6240033796491878e-05,8.024502028193118e-05
xseA,xseA,0.0003627166840194147,1342,3.956102375847616e-05,2.8764197705118398e-05,3.4426518241246675e-05,2.8788061405457782e-05,1.5736690398157896e-06,6.205807784835716e-05,6.098240650663713e-05,2.2089166857233733e-05,3.6467720502659666e-05,4.8005842154412224e-05
rplQ,rplQ,0.00036240486554480866,1343,0.00012951864004126547,1.8506929482061558e-05,5.854304627366023e-05,4.0158555131048264e-05,1.8128637726186446e-07,2.3831562802315876e-05,2.2639817757369227e-05,1.926817718602917e-05,4.184237250637874e-05,7.914477987418235e-06
yciA,yciA,0.0003622594604776948,1344,4.629035707660102e-05,2.7324047256565954e-05,3.495917975522209e-05,3.393446125165403e-05,4.62374851739246e-05,4.548574208791176e-05,1.1006430206601413e-05,2.68036210984089e-05,5.192905911740721e-05,3.828907745339778e-05
yneH,yneH,0.0003621056577636879,1345,8.262649219822036e-05,5.03837875067755e-06,4.010818779903977e-05,2.744002747460697e-05,4.561536337192781e-05,7.199899339766496e-05,2.4315252462880723e-06,3.910873405013193e-05,3.4493736242415446e-05,1.324421923271495e-05
zupT,zupT,0.0003617792955202429,1346,3.508066476268114e-05,1.2409562792739043e-05,1.0104334577114003e-05,7.109858231613768e-05,3.7735663287895674e-05,2.7202418638168197e-05,1.5531513676545307e-05,3.8828895742266644e-05,2.424672305170974e-05,8.95409366749855e-05
ydjL,ydjL,0.0003617528894137228,1347,3.40230644763808e-05,2.418808586679745e-05,3.92743449333223e-06,8.408982339134082e-06,8.412249460058192e-05,2.149379986681804e-05,3.631026976382087e-05,6.191975441548825e-05,1.5714881221824216e-05,7.164412236954496e-05
ybaJ,ybaJ,0.00036149055134201237,1348,2.5458179114992295e-06,2.8758552410957843e-05,6.197503850563437e-05,5.626593263654485e-05,8.874500445837204e-05,3.281185876292223e-05,4.8910280184384196e-05,1.7276327473066356e-05,2.378107888926025e-05,4.206601093709955e-07
gldA,gldA,0.00036102244674053195,1349,1.1531405319539306e-05,1.984869283592983e-05,7.919939494685903e-05,3.730483603351581e-05,4.9010749815598554e-05,5.531519346916597e-05,1.3667007060927863e-05,8.58763677748171e-06,4.980604767139914e-05,3.675148281011471e-05
nudI,nudI,0.0003610148575859628,1350,4.9933581032587045e-05,3.8862432306494674e-05,3.0263389805616643e-05,1.0778530724844883e-05,3.984409737741275e-06,2.8895113402528792e-05,1.6089050749217184e-05,0.00010536469064727402,1.6138730529245885e-05,6.07049286504124e-05
yciT,yciT,0.00036085763854237904,1351,8.744863320739587e-06,3.518433404936421e-05,8.661275737974299e-05,4.6123408949925795e-05,1.7220566981125629e-06,6.774079621377522e-05,5.485396738781632e-05,1.7591644817914986e-07,7.006153933818371e-06,5.2693384160904834e-05
dnaA,dnaA,0.0003608435839819551,1352,7.483944075060239e-05,6.345741498623087e-05,3.0649568114014826e-06,2.521232403057701e-06,3.839079143249816e-05,1.664224841878426e-05,6.848143862018344e-05,2.0397252169363283e-05,2.7256686167225776e-05,4.579212222260777e-05
paaH,paaH,0.00036061026521045785,1353,3.3728064791090263e-06,1.5995986179814523e-05,4.466286860424757e-05,6.918521539303637e-05,1.3844644437993998e-05,4.4206621819551026e-05,4.201555230837271e-05,6.123527181203758e-05,8.844560218079173e-06,5.724673795821585e-05
rspA,rspA,0.0003605777053893059,1354,3.0371893334607424e-05,6.314125410152399e-05,9.38263727958363e-05,2.0263937701858245e-05,1.1865944204674127e-05,3.292689238009692e-05,3.0890358465896734e-05,2.4845170466567115e-05,2.017691510690969e-06,5.042819042755406e-05
mglA,mglA,0.00036035409546364693,1355,0.00012228240600287577,6.81728290176671e-05,3.177009423730653e-08,1.4780051524556403e-05,1.0999485421431877e-05,8.956704578823083e-06,3.0138953519945837e-05,2.6581342154176795e-05,3.831651195247727e-05,4.0094041197455514e-05
glcB,glcB,0.00036032317635653356,1356,4.48151700569647e-05,4.36788610713767e-05,8.176284803136262e-06,2.55234840523159e-05,1.7367396268223288e-05,6.460754669123005e-05,4.538939649533057e-05,2.9527452648367915e-05,6.340857865320478e-06,7.489672640426769e-05
ybcL,ybcL,0.00036024557219022096,1357,3.057705951439451e-05,1.6506242223924726e-05,6.461594309309408e-06,5.349480253003736e-05,5.1156126110051285e-05,3.440890717535315e-05,5.3771158416327816e-05,1.950170539209551e-05,3.348852106916744e-05,6.087945544955976e-05
hycG,hycG,0.0003600955469662939,1358,2.1184520650574174e-05,5.50494488830882e-07,3.751583833231235e-05,5.9171321878975696e-05,1.4456043290435808e-06,7.831909549009402e-05,9.976411022760518e-05,2.727911911155168e-07,1.8327575669847077e-05,4.3544194707895466e-05
damX,damX,0.00035953709388024683,1359,5.109250833217094e-05,1.6482150483386574e-05,6.276845196233768e-05,5.7463757439979256e-05,7.877121678589648e-06,5.047732112134396e-05,2.699674867889293e-05,1.6003336067377884e-05,2.2199569353979218e-05,4.817612876218875e-05
pdhR,pdhR,0.00035935045081401647,1360,2.555848487994521e-05,5.434602722212367e-05,7.854071712498565e-05,6.126629651059012e-05,6.624727932424991e-06,3.038230014535727e-05,1.8708161340430797e-05,1.5045876495028976e-05,4.97032972931302e-05,1.9174561869999562e-05
dsbC,dsbC,0.0003589378390815019,1361,2.9755259420369442e-05,3.770354318693116e-05,2.4119594800423847e-05,5.358400593529255e-06,1.2996238462813565e-06,1.1864755996544353e-05,2.376826692269938e-05,7.944470131900246e-05,4.991395129569979e-05,9.57097417000209e-05
coaE,coaE,0.00035865746402696477,1362,1.69958143171606e-05,3.69475772333395e-05,2.9359515216373147e-05,5.679597811319825e-05,1.6678686056859858e-06,2.1830932770742684e-05,0.00011115587348443569,2.6329215105360623e-06,3.116300626118816e-05,5.0107976514304666e-05
xni,xni,0.00035850409023929726,1363,4.363234758760485e-05,4.491173085241033e-05,4.760941569789121e-05,3.671550840570033e-06,3.368712957411895e-05,3.135492338085262e-05,7.157690017028382e-06,8.594585644323052e-05,3.388233437169673e-05,2.6651111473893673e-05
kdgR,kdgR,0.00035819624659306294,1364,1.198684690009973e-05,2.1305873439824553e-05,1.288798707017173e-05,6.339293720162356e-05,8.060326327363868e-05,2.746024210430823e-05,8.783670609144957e-06,6.903344550447466e-05,1.0488104663720709e-05,5.225387582605607e-05
obgE,obgE,0.00035751697811646407,1365,5.9159272127672346e-05,2.0318591240305467e-05,1.840693737617337e-05,3.246769032088917e-05,5.210626312196835e-05,3.362440934143214e-05,7.646233486465917e-05,7.96665340846688e-06,3.95968234450251e-05,1.7408002869872078e-05
hybB,hybB,0.0003573029380399638,1366,3.022063209850089e-05,3.852469409964041e-05,2.271534519124594e-05,9.694522163049377e-05,7.976152650354845e-06,1.8526044985514535e-05,2.257528682707272e-05,3.782690827677355e-05,3.525740027881662e-05,4.673525200155051e-05
cspE,cspE,0.0003571954900975128,1367,2.1699711006504012e-05,7.090609182313757e-05,2.7925546151464204e-05,1.4447002390953626e-05,4.10346974837155e-05,4.859101034863043e-05,4.7906664485519477e-05,1.7266139304965116e-05,1.7655499072263228e-05,4.97631280303596e-05
ivy,ivy,0.00035692708496229094,1368,5.223014671703892e-05,9.924595774514394e-06,3.455710853635759e-05,8.575698251223278e-06,2.2350192923459744e-05,6.722388511291925e-05,2.8761869156838913e-05,6.47040265054793e-05,7.144965943024023e-06,6.145459604143553e-05
yliC,yliC,0.0003568450450059361,1369,1.4968713831098774e-05,0.0001052545447533051,5.743150507425477e-06,4.2070479933070685e-06,5.755455516674803e-06,0.00010111389660910724,8.041114036395493e-05,2.7111983718073428e-06,1.3387000182880269e-05,2.3292896876375166e-05
yfeA,yfeA,0.0003567089835554742,1370,7.128576691255475e-05,1.9411697904209373e-05,4.3757794826607297e-05,6.0768808405500515e-06,1.837304205743838e-05,7.1568272819956804e-06,9.748749965011373e-05,5.3525567869688955e-05,3.493555896197523e-05,4.698347250340816e-06
valS,valS,0.0003566419378769974,1371,9.409227052551759e-05,2.261894719610208e-05,1.5179940614747373e-05,3.345821055281096e-05,3.255389835294777e-05,4.791227210131809e-05,4.522323238077184e-05,1.0690753695388143e-05,3.35494884954028e-05,2.1362923961990766e-05
panE,panE,0.00035644835769918677,1372,2.1209504285977156e-05,5.8311819008725407e-05,6.098018359738424e-05,2.144692526795951e-05,7.713103798347386e-05,2.5218361229281982e-05,3.0607461725569684e-05,4.648567355654815e-05,8.761112802053083e-06,6.296278242213638e-06
nrdE,nrdE,0.0003562916386383554,1373,0.00010561936544560559,1.4218326391839644e-05,7.123101770711485e-06,2.8335679242777694e-05,1.3844642909235262e-05,2.9460507397605332e-05,1.0973110321718662e-05,6.950510962717688e-05,4.115423657280192e-05,3.6057558958882974e-05
ypeB,ypeB,0.0003559401654155264,1374,3.330262454675051e-05,2.1707243321777526e-05,5.9075556865683116e-05,4.6115211294679075e-05,3.0875512694333316e-05,4.495201951271575e-05,2.0019722620686524e-05,1.1276953887864803e-06,4.406216381208884e-05,5.4702415358025256e-05
gcvR,gcvR,0.00035516493922270817,1375,9.211159612483136e-06,4.278131559191537e-05,6.528315827146672e-06,0.00014254072116847544,3.1767330852598325e-05,9.216815345212883e-06,3.2836257367705044e-05,3.527765342967435e-05,5.0410891639412125e-06,3.996428086355569e-05
lsrB,lsrB,0.0003550500948349539,1376,4.376342053264611e-05,1.5886550340363088e-05,3.818903040294726e-05,3.542836963001822e-05,3.3503636806293563e-05,2.0477948031920424e-05,1.530498061237791e-05,6.88376137650807e-06,6.421059211971654e-05,8.140180498216272e-05
yeaQ,yeaQ,0.0003549290676916748,1377,0.00017422804848883804,1.2555566743572791e-05,4.9512690787179916e-05,2.498026384239436e-05,1.0386342179129603e-06,2.5225789589923056e-07,2.47045255627865e-05,1.3752226793550684e-05,2.495146682009333e-06,5.140970667753091e-05
dnaK,dnaK,0.00035455552984954786,1378,0.00011080402656508969,3.96005881007745e-06,4.810433958778178e-05,2.8308589319484656e-06,5.5266849936405946e-05,4.941675458233369e-05,4.274086359012007e-05,1.0116314575290807e-05,1.006694011158237e-05,2.1248523158917575e-05
lpcA,lpcA,0.0003543111872368872,1379,0.00011769548933018881,6.831805899064896e-05,3.7657250074540206e-05,1.3917139333440887e-05,4.412752598950378e-05,8.436605058786496e-07,5.153127892050302e-06,2.9262899987890353e-05,2.0967731055166928e-05,1.636830407757825e-05
mukB,mukB,0.0003541013794684437,1380,5.047594717724332e-06,3.969155858436059e-05,3.0808432000696575e-05,3.61569334397785e-05,4.350467473402388e-05,6.45534302795126e-05,9.220884147436633e-06,3.4984740784593493e-05,3.153853729597223e-05,5.859459348434485e-05
yajQ,yajQ,0.0003537501491979616,1381,9.772093514052434e-05,2.511182609405505e-05,6.427689995283946e-05,3.284372791000306e-05,2.631554532192262e-05,3.976676620465658e-05,2.6548492761153337e-05,1.8623678601246204e-05,9.476943918395136e-06,1.3065333293165813e-05
leuS,leuS,0.00035362350331867587,1382,7.851303978908088e-05,5.74350047028917e-06,4.304059103661429e-05,5.06640324803804e-05,6.919116985667035e-05,2.1443045477902295e-05,3.968014559518042e-05,2.886250357896733e-05,1.636370283925981e-05,1.2177219433088614e-07
yehE,yehE,0.00035361176067501873,1383,1.4808928989935926e-05,1.9232130991381867e-05,6.23948211243014e-05,3.7016694210508746e-05,3.276783679521549e-05,4.9293520022669034e-05,3.577393384271375e-05,4.342781047704819e-05,4.101296387061533e-05,1.7883120350629037e-05
chaB,chaB,0.00035343793248764744,1384,3.7540708375151e-05,2.0303423308072353e-05,8.348486678088751e-06,1.1536369914145833e-05,4.199716053898789e-05,5.092257562699282e-05,1.3073458193367606e-05,1.624616926464047e-05,9.332143288632138e-05,6.0148147701879326e-05
relB,relB,0.00035343651761498825,1385,7.658612764143936e-05,4.310093249854464e-05,5.834442467619809e-05,4.2563844622665244e-05,2.446112786736638e-05,3.2029842173439325e-05,2.7368063243349058e-05,1.0185448717793225e-05,3.6389901800377313e-05,2.4068043738156432e-06
ssuA,ssuA,0.0003532895045233422,1386,7.152517792340561e-05,5.495469830057527e-05,2.0732659424923084e-05,1.7517067467293758e-06,7.863694708822525e-05,5.058747924377624e-05,1.7472821191294457e-05,3.922816655796775e-05,2.305586661348649e-06,1.6094261385096546e-05
yeaP,yeaP,0.0003528870821609471,1387,4.431455170106348e-05,8.36846970165268e-05,6.86458303114315e-05,1.4993250884431499e-05,3.743102413057811e-05,2.936996852766156e-05,2.6785218410829748e-05,1.9397493978388275e-06,2.0569876417431665e-05,2.515291536315396e-05
otsB,otsB,0.00035228248262344234,1388,0.00012226968395413814,9.220842857133515e-06,2.1993907041519802e-05,4.8359481786933166e-05,1.6570670910456367e-05,2.1624942939657547e-05,8.541793264396345e-06,5.5190569878296664e-05,4.589770713158532e-05,2.6128828593255277e-06
rplF,rplF,0.00035216377862894453,1389,0.0002197161045910428,1.2228702236587843e-05,6.701278772205736e-06,1.3601229090476314e-05,1.0669553331486156e-05,8.399238063430399e-06,2.6978255061139516e-06,9.31533036987789e-06,1.4539013885154446e-05,5.4295502782569e-05
YFP,YFP,0.0003521415915501456,1390,2.9205582636422506e-05,3.462462956974972e-05,7.105787023281538e-05,5.035054091723005e-05,2.496563562508973e-06,1.9405200746535244e-05,6.39012801935304e-05,3.914162083557973e-05,3.226134549237535e-05,9.696957363398284e-06
yceA,yceA,0.00035193721050033925,1391,4.2120346201558107e-05,1.811911651316598e-05,5.5989190683378174e-05,2.712036987842512e-05,4.812262005411162e-05,2.026560055675952e-05,1.3146148617488942e-05,1.5471581256021794e-05,3.0382612455314262e-05,8.119962428411576e-05
rspB,rspB,0.0003518449618863159,1392,7.757223933372048e-05,2.754035910145858e-05,1.0157415561079787e-05,5.459376788358286e-06,3.2519943338470203e-06,2.6911759029228638e-06,0.00011443270798931212,6.969850348296388e-05,3.7984068950517585e-05,3.057120442135338e-06
yfgL,yfgL,0.0003512559276929894,1393,1.433126989104135e-05,2.8830782144837006e-05,7.366834370804972e-05,3.506819705503683e-05,1.220273336363584e-05,6.415016583118631e-05,3.866548462838555e-05,5.293882364533024e-05,1.8025502492524696e-05,1.3374624932961815e-05
yecP,yecP,0.00035119741650585637,1394,1.5456013298546982e-05,4.0437847715843274e-05,4.521250086994542e-06,6.592564683899491e-05,3.0017153525982418e-05,4.68644046948783e-05,2.5954402568597353e-05,3.198161758647272e-05,3.5939732244827316e-05,5.4099347944718534e-05
yieP,yieP,0.0003511648284730366,1395,7.0668018459542e-05,1.7669765629319543e-05,2.5825208751169617e-05,5.895639526579399e-05,3.5580665845111626e-05,3.298822582160638e-05,3.8337590272337826e-05,4.339436075389909e-05,1.908388362674171e-05,8.660714047514825e-06
ycbG,ycbG,0.0003510902117772126,1396,3.514748115268736e-05,2.417534695361199e-05,6.378390908048004e-05,1.5380858594572923e-05,1.651547714589765e-05,3.214103050622049e-05,5.239925572890692e-05,5.224749121906644e-05,4.746886816321293e-05,1.1830493232555862e-05
hemH,hemH,0.0003508650191054644,1397,4.688809576519522e-05,4.6609555921301845e-05,5.4876246096418906e-05,3.0712807290912826e-06,2.2261333747607034e-05,3.1315340373767895e-05,8.352472574612901e-05,2.748616750571026e-05,2.523298818054355e-05,9.599285039699388e-06
glyA,glyA,0.0003508164850148134,1398,4.3774931052232644e-05,5.7103209124053224e-05,1.1701398772807429e-05,2.5642272926790993e-05,3.190622462086398e-05,2.0907273794287587e-05,4.9098974235391534e-05,3.5973470860822293e-06,4.042011511303999e-05,6.666473828926377e-05
yqjG,yqjG,0.00035068231342204624,1399,2.3702998538452815e-05,1.4869421628267475e-06,3.534454121407287e-05,7.48341026653464e-05,8.989274758386443e-05,1.1432708722709683e-05,4.186857458370304e-05,3.3795085484121684e-05,1.4178569478901436e-05,2.4146042988047183e-05
ynbA,ynbA,0.0003504171541983257,1400,3.353627420971675e-05,5.655176534917893e-05,9.667743725477548e-06,4.5217934825228557e-05,3.082006900558904e-06,5.599826046311396e-05,9.267228653097605e-06,3.9451693963894107e-05,1.3040603979320308e-05,8.460364212873905e-05
tolA,tolA,0.00035030518005037915,1401,3.7998183909879965e-05,4.32694419748342e-05,3.2426777125197083e-05,5.489572477723295e-05,2.363532032282621e-05,9.93541224761654e-07,4.050993723661028e-05,0.00010481954874980303,8.564475488502733e-06,3.1922292407310867e-06
recT,recT,0.0003502608470439309,1402,6.966427882744196e-06,1.38746161976561e-05,3.008718907193392e-05,2.5653419821047223e-05,3.5206125851325272e-06,6.060101452740978e-05,3.420986356712503e-05,0.00011469347366542315,2.6361614883656704e-06,5.801806823709327e-05
yjfM,yjfM,0.00035024950510031125,1403,4.496604252287679e-05,3.67725824197539e-05,2.2178179634647015e-05,3.542462379295319e-05,4.417267363015994e-05,1.5384165850488877e-06,3.5341064976428195e-05,1.592353448023905e-05,7.910419542965329e-05,3.482819162855102e-05
yfcF,yfcF,0.0003502052094101098,1404,4.0457524417435654e-05,1.5254016662703e-05,8.872145584747361e-05,5.544079671849233e-05,5.733226979180059e-06,1.2439379409765984e-05,3.748199337615436e-05,3.7903313358874465e-05,2.6181947568221037e-05,3.059155507180923e-05
citA,citA,0.00035006662533266093,1405,5.845985157474835e-05,3.482312266549057e-05,5.232665857728917e-05,4.087139019141553e-06,7.763334133540243e-06,6.964931705984967e-05,4.3523342164535546e-05,2.6188488476311382e-05,4.564991680472123e-05,7.595454857033243e-06
fabA,fabA,0.00034990846658773493,1406,3.7665923650905014e-05,1.8790101881963296e-05,1.4115897744482897e-05,2.4728026584145243e-05,1.6819324922159368e-05,6.162927976776995e-05,7.637157179845131e-05,1.2194764403607209e-05,3.334898561980441e-05,5.424459021444625e-05
spoT,spoT,0.0003489974276447062,1407,8.32250733133482e-05,2.0826434621188706e-05,2.4172163823159592e-06,2.4465049714173066e-05,3.0567345218087956e-05,4.126975327141742e-05,6.10414331828746e-05,5.2581437534798834e-06,5.892629663680729e-05,2.100068155101313e-05
ymgB,ymgB,0.00034894038520032206,1408,0.00012156260000382924,2.170752458596894e-05,4.765543475375746e-05,7.833507890908456e-06,6.588235576247566e-06,9.244454152430113e-06,4.5784571214627215e-05,1.0096299086986658e-05,6.473584412753452e-05,1.3731913808031897e-05
sufC,sufC,0.00034886035815259714,1409,1.3751752772502093e-05,6.44632998671018e-05,4.537718886074524e-05,1.9753898553588498e-05,6.692436125133273e-05,1.4894081985446833e-05,2.3274979960725757e-05,1.9856869334712487e-05,1.5992449507678264e-05,6.457147605876342e-05
basS,basS,0.0003487167017566435,1410,3.6056727957777515e-05,4.492654187024372e-05,2.3475028127101832e-05,1.5127857240689154e-05,6.34622792452927e-05,4.561575276646753e-05,5.399964322015394e-07,8.282731452596388e-05,2.583873213387948e-05,1.0846471457026145e-05
ynfC,ynfC,0.0003486371570504809,1411,1.915428445002445e-05,3.5382295396149566e-05,5.418710868859348e-05,4.821912741117007e-06,3.1533187815516474e-05,6.206404341244135e-06,4.170793122586901e-05,5.710640969527736e-05,6.374237746845208e-05,3.479524522823737e-05
yjdJ,yjdJ,0.000348445524323296,1412,4.574200167682206e-05,2.6720007218926727e-06,5.463820624123814e-05,1.954639838624435e-06,2.1787240508227808e-05,2.9636981696108924e-05,0.00010742995350464677,8.21439140350257e-05,2.2284053940396394e-06,2.121807066698533e-07
rhtB,rhtB,0.0003484304559335709,1413,9.459071770765877e-06,2.6560211787515527e-05,2.545664365056339e-05,1.4918264700077338e-05,3.975755784984999e-05,1.7246015301330482e-05,6.400622932954983e-05,3.425204598810337e-05,4.903923433585254e-05,6.77351812199625e-05
ygeK,ygeK,0.00034806141614955393,1414,3.0116463496482034e-05,4.101293955924007e-05,9.611922620104945e-05,1.5231437100148974e-07,3.580788803837915e-07,8.846448033780797e-05,3.3024428561028415e-05,2.8291938733326206e-06,4.341656778486767e-07,5.555012519137941e-05
slyD,slyD,0.0003477650501694127,1415,0.00012517076413823947,8.125987871544757e-06,4.527744210657671e-05,5.509123605185418e-05,4.981772643917936e-05,5.927816048242043e-06,1.4588316311501138e-05,2.7498538426225354e-05,1.3810188983126342e-05,2.4570337929234236e-06
insG,insG,0.00034772268818576176,1416,4.129129020083301e-05,5.466816010244438e-06,6.430127887935421e-05,1.5834413538997633e-05,2.0018443311809686e-05,4.197496085157421e-05,8.802837052791163e-05,1.3622441049373048e-05,4.468351950150338e-05,1.250115431416046e-05
yeaY,yeaY,0.00034724628579648327,1417,1.2820819221782932e-05,4.3923772606653485e-05,3.4576985738987197e-05,1.260421291349405e-05,3.54146271665806e-05,4.2118544754947964e-05,1.166300738052976e-05,1.9870513496898574e-05,0.00010819812260139343,2.605567991521524e-05
rplV,rplV,0.0003470263629792776,1418,0.00011957762804031242,3.281334126232571e-05,3.6554930849235416e-05,9.43292718819956e-06,8.828438499951694e-06,2.5634703438958726e-05,3.7420775387191176e-06,9.137175917192245e-05,7.28862594372266e-06,1.1781931045929822e-05
pykF,pykF,0.0003462922234858077,1419,8.38355542742667e-06,1.2162527676938589e-05,3.0133025398999985e-05,5.5887453127638203e-05,5.3361754129176525e-05,5.247049252451623e-05,5.156762650249502e-05,1.6934287090633934e-05,3.286938517781639e-05,3.252211643016611e-05
hupB,hupB,0.0003460864121312999,1420,5.452615862640423e-05,3.4127464103882014e-05,1.4359155124735796e-05,5.893113890098623e-06,3.422966642043946e-05,9.005560282939456e-06,6.17572846780033e-05,3.660780192137442e-05,4.13966506397739e-05,5.418355644364874e-05
hfq,hfq,0.00034568277329118384,1421,9.782107790406899e-05,3.472168826913336e-05,1.295062404047741e-05,2.7852860234764685e-05,1.5044209242471166e-05,9.302072275899617e-06,3.632956372768155e-05,4.656168786149013e-05,5.170967625353749e-05,1.3389313481659496e-05
cydD,cydD,0.00034523158697855386,1422,0.00010358299321613916,8.865691937523688e-05,2.105278915861668e-05,1.5925198606366024e-05,3.6811181804094897e-07,5.812989784440649e-05,1.220769159449114e-05,1.822563039869331e-05,2.181964868084053e-05,5.262706285722725e-06
sfmF,sfmF,0.0003451558215142839,1423,1.8398246493865205e-05,1.3884771667744775e-05,1.7193268090734135e-05,5.759441666725758e-05,1.4358868900878828e-05,0.00010140168849591489,2.1928045665025374e-05,3.81289161352148e-05,5.85572400341028e-05,3.710359363545509e-06
yefM,yefM,0.00034512152797332456,1424,9.747988674498478e-06,6.532674922828284e-05,5.129405874887453e-05,5.367621150789133e-05,5.920017502492983e-05,1.1150228999359599e-05,2.135722989425782e-05,1.701717555870644e-05,2.261148871217529e-05,3.374022162434837e-05
rplS,rplS,0.00034508295007681055,1425,6.086166983815765e-05,4.046704269042938e-05,8.945153529407102e-06,1.7920082441751855e-05,1.3600107442417348e-05,2.1002262094507735e-05,1.793641969583119e-05,2.4189225187301953e-05,4.1825420897537804e-05,9.83355662594685e-05
uxaC,uxaC,0.0003450238974032737,1426,5.651185648222214e-05,4.348478561077539e-05,1.2554803971841015e-05,6.8282112159239595e-06,3.6685998270344e-05,1.5433755474679698e-05,2.8341614351449706e-05,0.00011999595183257206,1.668705590228765e-05,8.49986429117802e-06
plsX,plsX,0.00034501438840282166,1427,1.2053511265174629e-05,1.314134559548837e-05,6.675506594023425e-05,1.9458507721390574e-05,3.372565199095944e-05,5.113140117202794e-05,6.353341593286355e-05,5.963546857883734e-06,6.993746243860351e-05,9.314479488195624e-06
glnS,glnS,0.00034491216390377776,1428,6.604676199297256e-06,5.2530883420750026e-05,2.471952668636144e-05,1.6030976949322713e-05,1.112123166648386e-05,2.0692405009127846e-05,3.935235402733911e-05,7.034223042878436e-05,4.1188771544123376e-05,6.232910797218777e-05
rplN,rplN,0.0003443062512871461,1429,8.567035455804475e-05,3.23959710378796e-05,6.237016183204662e-06,1.2728105877176378e-05,1.8330838908619982e-06,5.514957332943795e-06,6.47735701668132e-05,2.752763551496649e-05,7.211545808193326e-05,3.5510098643322023e-05
ycjY,ycjY,0.0003440387103434063,1430,4.237427555253855e-05,1.4030559952692244e-05,4.386992111878793e-05,2.5713483874000386e-05,7.822018475654172e-09,6.4869132722705e-05,3.819471491649808e-05,1.3771907869121713e-05,4.698943014548246e-05,5.4217462173104285e-05
pppA,pppA,0.00034402893160801287,1431,3.129669100888059e-05,3.241223928618834e-05,4.9570559376396855e-05,4.1650487642399425e-05,4.917536028451718e-05,2.22339174793838e-05,1.8505122050371108e-05,1.6672322184582486e-05,3.456266577904857e-05,4.7949566516244524e-05
ybjI,ybjI,0.0003439147313001482,1432,3.27751385473539e-05,2.5671108039411675e-05,1.056729319243312e-05,2.3600320463242614e-06,4.226066477471988e-05,6.829440170468866e-05,2.5606715510987358e-05,0.00011447821796350918,3.455590762256645e-07,2.1555600444494496e-05
slt,slt,0.00034351567992835675,1433,1.8783472456068898e-06,5.5488259552369257e-05,5.626469828347591e-05,6.06936156127565e-05,6.1968048813875726e-06,3.0420171340502882e-05,7.248777249200554e-05,1.2788985622536183e-05,5.562377269873281e-06,4.173464762784274e-05
yjgN,yjgN,0.0003435144038704133,1434,9.949121472027574e-06,7.947081151409096e-05,7.06021135673982e-05,6.383641057069801e-05,2.9836070804890116e-05,4.927548789107885e-06,8.65162110604031e-06,3.4923640605690493e-06,2.262323250293234e-05,5.012510948265888e-05
yagB,yagB,0.0003431336845393939,1435,4.1345290709512525e-05,4.278978407198176e-05,5.343613979369764e-06,2.171727204900355e-05,4.945559942593338e-05,1.490763604498865e-05,4.612068558580395e-05,5.4546318359817955e-05,5.527564989610631e-05,1.163183441687607e-05
yqfA,yqfA,0.00034300157807871744,1436,0.00011741468930666867,3.280020099289701e-06,2.2582695685207367e-05,3.969452373934716e-05,3.194083742614601e-05,1.2974469909570377e-05,9.288291002020254e-06,7.154198127532864e-05,1.3411097750048111e-05,2.087297188509113e-05
ydfK,ydfK,0.0003428224719226766,1437,2.140559956678429e-05,1.611112454739727e-05,5.6874075141783554e-05,1.7226481367767936e-05,3.532823114079137e-05,8.706419106141099e-05,4.996336450657808e-06,4.16562932333362e-05,1.8770080514611475e-06,6.028313136128606e-05
yfeO,yfeO,0.0003422367103463001,1438,3.4300292590016614e-05,4.115504554638907e-05,2.4450089315894478e-05,2.8678682826541222e-05,6.372091575410119e-05,2.3132614066421502e-05,1.972908158060266e-05,3.084096105127234e-05,5.977331184656192e-05,1.6455715768499088e-05
talB,talB,0.00034190862024235827,1439,2.30877314514606e-05,1.1593555764891657e-05,2.6381831233281825e-05,0.00010070715404784776,3.6301836927072584e-05,4.3099256895989136e-05,4.2195039802070655e-05,2.782625855835444e-05,8.30167319502296e-06,2.241428236636669e-05
ptsN,ptsN,0.0003416278636592119,1440,0.00010312094121123234,1.74260954524939e-05,3.6671103028383705e-05,5.165756516480066e-05,1.5151539642964835e-05,1.4580000403243678e-05,1.821980010840315e-05,3.5476352169659615e-05,8.743045449775936e-06,4.0581421028254046e-05
crcB,crcB,0.00034139508424992575,1441,6.42024260900638e-05,8.19855895720893e-06,4.7019544426607175e-05,3.9042254535178237e-05,3.149410870861082e-05,1.8274622171807138e-06,8.118723809971199e-06,3.834468943650674e-05,6.856574576145975e-05,3.458157030713837e-05
dnaQ,dnaQ,0.00034096817697474495,1442,7.1483635934991e-05,4.3434691575568166e-05,6.212080846671149e-06,3.46709642937099e-05,1.7682211955875287e-05,2.5165402110620243e-05,0.00010197996222416755,3.534749404992631e-07,2.3944814521817957e-05,1.604093857082443e-05
ycbW,ycbW,0.00034071929512761556,1443,2.5466003299331267e-05,1.02525984278708e-05,4.147278588195807e-05,3.3304545281124065e-05,4.300485738761957e-05,4.00697427565085e-05,8.415011224295146e-05,2.9574037130927898e-05,1.522646805327094e-05,1.819814466605299e-05
suhB,suhB,0.00034070402724520235,1444,1.393117538206989e-05,8.477984462964018e-06,9.874556319528773e-06,2.3587336109227485e-06,1.5806573855075117e-05,9.811266391812966e-05,8.3726434936157e-05,1.349927831640268e-05,5.378687544612268e-05,4.1129750997829806e-05
yihM,yihM,0.0003405979585438522,1445,1.779539148544215e-05,3.1527911766496245e-05,2.123352845268501e-05,1.0933739132400045e-05,5.416392927046255e-05,1.7533105981818854e-05,5.1719974947852e-05,1.2290449039848571e-05,4.7833671481634186e-05,7.556625698521256e-05
xylA,xylA,0.00034006486441346534,1446,4.1107962429303514e-05,4.974903111765343e-06,4.088002903906254e-05,9.210940246163771e-05,4.136692641581607e-05,5.767150701926751e-06,3.968483205062047e-05,1.0825617198168635e-05,4.42348945059927e-05,1.9113146499171665e-05
yhiR,yhiR,0.00034005577376924315,1447,9.659496477046202e-06,3.371364397008146e-05,2.146376705536983e-05,1.498329740553817e-05,2.1958651142454716e-05,2.7651219913864622e-05,8.893068369534164e-05,3.414630625923427e-05,5.6441876856430764e-05,3.1106830993881464e-05
ycgB,ycgB,0.00033981926540986715,1448,4.341290716950783e-05,3.6180801357198964e-05,2.3668353326883337e-05,6.061597793017636e-05,8.5921567519528e-06,1.5288889695586847e-06,4.996690433216013e-05,8.037603878580247e-05,1.110113462973115e-06,3.436712332365349e-05
astC,astC,0.00033964631596947864,1449,6.867784377523345e-05,7.537235000742667e-06,4.59906779641172e-05,2.5515613818657312e-05,3.194099312369687e-05,4.957950334048398e-06,2.989934296063561e-05,3.433207252704678e-05,1.6810646539235273e-05,7.398393992606508e-05
rplU,rplU,0.00033946285001994246,1450,7.405164329846525e-05,1.568838757582961e-05,4.375780498575987e-05,4.941398722850371e-05,4.109024836211527e-05,4.424724140524931e-06,2.6971966630231865e-05,3.0631788259684207e-06,5.2508516297824425e-05,2.8492392674719097e-05
mreB,mreB,0.0003390530391133041,1451,2.254195037299868e-05,2.4101230793058593e-05,6.575335139987288e-05,2.4562690757686063e-05,1.2092692756061018e-05,7.469409863441428e-07,6.231571910736067e-05,4.9821717441954576e-05,3.324595341584299e-05,4.387079208212443e-05
cmk,cmk,0.0003387281516498868,1452,3.781546025268229e-05,5.8745240935280456e-05,4.537623231262106e-05,7.3343696956901475e-06,2.4126653362951153e-05,4.214004426677423e-05,6.138973935699387e-05,9.294655727552238e-06,1.779560328667609e-05,3.4710152452665283e-05
yfbQ,yfbQ,0.0003385493988997115,1453,2.6446319446344957e-05,1.1133209583687231e-05,8.26837822113416e-05,2.401295605320847e-05,1.758698796997282e-05,7.439627905569238e-05,7.108532950853762e-05,6.758538718437913e-06,6.202298307087374e-06,1.8243698045401112e-05
ycfH,ycfH,0.00033847531614930723,1454,2.490278234113296e-05,1.8487288590796243e-05,4.757922640623211e-05,3.552207214145262e-05,1.828771771489752e-05,2.4592137379294983e-05,5.762112756729176e-05,1.572274377422897e-05,6.22212107585553e-05,3.353900947542474e-05
yghJ,yghJ,0.0003383410818053945,1455,2.0307862604702664e-05,8.414905809121396e-06,1.5585515435868158e-05,8.022973728451081e-05,2.8495754424867454e-05,1.4425612895263338e-05,3.35724777667688e-05,4.7595203003767985e-05,7.139481210420452e-05,1.8319200476319416e-05
pitA,pitA,0.0003382789036240503,1456,6.403457414463878e-05,2.556601840112891e-05,5.007029004944459e-05,4.786267547762103e-06,2.7225086866158327e-05,1.954494376314687e-05,4.2631536156631474e-05,3.282484614210428e-05,2.9433804260073122e-05,4.2161536292961806e-05
rcsA,rcsA,0.00033809025117114897,1457,1.3532068130874029e-05,4.760761039970702e-05,6.0293616944962924e-05,6.305060612227904e-06,2.5855814511233873e-06,5.04477952496149e-05,1.397624656991682e-05,1.1522802821839997e-05,6.34845676126664e-05,6.833490137821565e-05
htrL,htrL,0.00033804392229198606,1458,5.884380211739135e-05,1.9911970949919942e-05,1.6862490707288187e-05,7.153819368838919e-06,5.4800585872332865e-06,1.7655411127887498e-05,6.093323992710206e-05,8.786616604515369e-05,2.7429534643379927e-05,3.5907428817791253e-05
tdcG,tdcG,0.0003376728044429313,1459,8.287346666754477e-06,6.1010951634043757e-05,3.935684988052923e-05,4.51663422104823e-05,1.7746368895904477e-05,1.9319579485196383e-05,3.135060655464905e-05,4.1743124434092475e-05,4.0532637549760826e-05,3.31589971315183e-05
gpmA,gpmA,0.00033756487760143466,1460,5.475994053188457e-06,3.909008338991349e-05,3.6570753913079235e-06,5.320136675297559e-05,4.380055841122826e-05,3.604979098168255e-05,2.132007551378086e-05,3.125646500390511e-05,5.3640482908831326e-05,5.0072985194621126e-05
hcaE,hcaE,0.00033737315994784004,1461,6.77432036728154e-05,3.499781979266593e-05,2.249371482735708e-05,4.699282632927021e-05,8.548880724240333e-06,4.335778654170212e-05,5.0285777789979873e-05,2.707824137900116e-05,1.56448973834501e-05,2.0230011507357863e-05
mdtK,mdtK,0.00033633959142983534,1462,0.00012915202480849797,2.5545925153625912e-05,1.4836296764961699e-05,1.5810671222114104e-05,8.053933833417178e-06,4.083363128169906e-05,2.5206577927114346e-05,7.194568668961479e-06,4.349540422526726e-05,2.6210557544176336e-05
ydcI,ydcI,0.0003361567345949319,1463,3.050015275380113e-05,2.0177634469512433e-07,5.358154100173837e-05,3.286188322781261e-05,7.69080690611294e-05,5.852934404475603e-06,1.4839061461318226e-06,1.367011615089432e-05,6.543201240785952e-05,5.566434309639398e-05
ynaA,ynaA,0.00033610590648621086,1464,2.321988373819045e-05,1.7717039514707787e-05,8.843763868376327e-05,2.490949905436103e-05,4.771356361587133e-05,1.7507905655711334e-06,5.702862677080053e-05,5.468606008190589e-05,8.359077531086381e-06,1.2283726929953128e-05
ybfF,ybfF,0.00033573602023555764,1465,6.342266208497806e-05,4.892421292440825e-05,6.374394103785222e-05,3.832418473685239e-06,3.943628396903866e-05,1.828503385576987e-05,8.651692240640516e-06,5.274310176788968e-06,6.953513826857648e-05,1.463032720381939e-05
ydfJ,ydfJ,0.0003356368615637375,1466,7.524104131034859e-06,9.816667244070806e-06,4.414158659158347e-05,1.594672296733209e-05,4.818395893226278e-05,6.919963998534914e-06,7.731175771031022e-05,2.823555514177492e-05,6.69899588939398e-05,3.0566585952893646e-05
apaG,apaG,0.00033530919610014914,1467,1.490331329094122e-05,1.4205241525389602e-05,1.4985051400446324e-05,3.69448254587797e-05,8.50040238031048e-05,6.1013629057676554e-05,5.403437402133952e-05,2.27241511258452e-05,1.8448645604798036e-05,1.304594081182816e-05
yeiJ,yeiJ,0.00033497002023654283,1468,9.650835469136118e-05,5.164589017831479e-06,7.353731970316982e-05,3.77329241379488e-05,3.86957493379207e-05,2.3718848615553786e-05,4.033978094658103e-06,6.797206800645972e-06,4.161798667976712e-05,7.163063157685845e-06
yrfG,yrfG,0.0003349229148798349,1469,3.865626723732497e-05,8.383075454596993e-06,5.675909440279703e-05,4.8338947362043736e-05,3.05617094379592e-05,4.577578825916554e-05,2.0472777579398724e-05,2.9806338858336057e-05,2.062001854899744e-05,3.5548897739215194e-05
yodB,yodB,0.0003349030063368829,1470,6.920632881759234e-06,1.7807094802833777e-05,5.989038164659041e-05,5.9011350801890007e-05,6.544043418659572e-05,8.021504812464457e-06,7.392038939410101e-05,2.4896362283982893e-05,9.8836987941031e-06,9.111156732562262e-06
yfdY,yfdY,0.00033474226948006886,1471,4.800508433517983e-05,2.9583596843889078e-05,4.9141788729596774e-05,4.491573352749747e-05,1.4893593248981388e-05,2.2471517892643327e-05,3.553113928956907e-05,1.876738480436302e-05,3.55030178113213e-05,3.5929412997027617e-05
rhsE,rhsE,0.00033461698080808734,1472,2.030009415687073e-06,9.516325616406929e-06,3.25346079372884e-05,2.668144646593834e-05,5.050817840204588e-05,4.016399841049737e-05,1.7936324464414384e-05,6.877818354873656e-05,2.503249725477498e-06,8.396465682159494e-05
rimL,rimL,0.0003346080195864586,1473,4.958493330734943e-06,1.4855046789320498e-05,1.9397434834307366e-05,5.5645137873990104e-05,4.9398395416036086e-05,2.474681785575581e-05,7.330957727856544e-06,6.933651508420644e-05,2.390876949934187e-05,6.503045117490902e-05
acrR,acrR,0.000334567264280603,1474,1.373888786799602e-05,2.1938512849021814e-05,3.1793404889413804e-05,5.901903752841464e-05,2.813294439783537e-05,1.3447261984070753e-05,5.703103336149681e-06,3.9111567783143214e-05,2.185617815499296e-05,9.982636548956472e-05
glnA,glnA,0.0003343316837654991,1475,9.808797744425736e-06,1.5971775647021922e-05,2.5974785844691335e-05,5.084307936119845e-06,1.757653111965196e-05,1.3396762680253537e-05,5.6935094664416317e-05,9.631046727839879e-05,1.1120199289251404e-06,9.216114092159448e-05
elaC,elaC,0.00033433004874726673,1476,8.239190069366205e-06,9.797711839878236e-06,1.7958383727566608e-05,5.088816407597739e-06,2.6609949277456784e-05,5.072304119358346e-05,7.018576954672515e-05,5.216062057788898e-05,1.3959401258897799e-05,7.960716484830581e-05
uvrY,uvrY,0.00033426745823053334,1477,1.379261478390561e-05,1.4941707580231367e-06,0.00012312123750274318,1.9050072082313104e-06,1.0380697475970062e-05,1.8905879929463426e-05,4.216038833610091e-05,3.904831681562404e-05,6.583203068770006e-05,1.7627114732771578e-05
ytjC,ytjC,0.000334124730766957,1478,4.225948384908589e-05,2.0113214540503075e-05,3.0595277320614234e-05,2.5498679316163287e-05,2.2172015545334e-05,4.815006321085279e-05,2.9865967272406346e-05,1.3102094942476416e-05,6.807475225758694e-05,3.4293182511934065e-05
mutL,mutL,0.00033411520988034006,1479,2.255016931127493e-05,3.1017968336859717e-06,1.8153533363055972e-05,4.0296391302437855e-05,4.1286685160266065e-05,2.787122938202459e-05,0.00011488431292121527,1.7696628674148724e-05,1.287197836249039e-05,3.540248456974033e-05
rsxC,rsxC,0.0003339744863481444,1480,1.113792166843916e-05,1.2127708650950931e-05,3.0930066761165244e-05,1.9160776653915187e-05,1.2613351274328828e-05,0.00011767493913835004,2.985442529446515e-06,3.9593506128628136e-05,6.041127225739477e-05,2.733950128552558e-05
tig,tig,0.00033396779663263476,1481,0.0001100980965823861,6.74791753847408e-06,2.5531968144973102e-05,4.871066315012457e-05,1.290047843571547e-05,1.4737002940292908e-05,9.713410543121162e-07,4.843724255120253e-05,2.302219814380757e-05,4.281088809134636e-05
csrA,csrA,0.0003337923331047216,1482,0.00010393104355782765,1.7027285606877647e-05,5.330611482203722e-05,3.8611403720896835e-05,9.009581744760077e-06,1.9226830412154098e-05,1.023404946905975e-05,6.221153033123699e-05,8.867288126549143e-06,1.1367205313322268e-05
rne,rne,0.00033365169138335293,1483,4.59018143087201e-05,2.9515880953575376e-05,1.9770671662609583e-05,6.603157639637454e-05,1.4942959451337639e-05,3.383309043317091e-05,2.6240244408592356e-05,6.499044723727586e-06,4.116190782932063e-05,4.97545012159243e-05
ispU,ispU,0.0003333744920775836,1484,7.37082147468649e-05,3.6053278224629725e-06,2.0119342495620574e-05,2.7820313969983182e-05,3.1102058998850654e-05,1.2850944392117631e-05,3.6594326505310855e-05,3.384828192077328e-05,6.65473221368458e-05,2.7178359088753754e-05
deoA,deoA,0.00033337002626356645,1485,4.127326448812417e-05,3.6654550589951715e-05,5.0998285209027004e-05,2.6522491057306404e-06,3.7753698359245113e-06,5.6620994660726e-05,2.859960738292185e-05,3.441533941455394e-05,7.045147221581108e-05,7.92889336079556e-06
ybfL,ybfL,0.000333207668748357,1486,7.761579147509119e-05,5.367712825484953e-06,9.499321119911847e-05,4.691364142614054e-06,3.1919155100196294e-05,7.176210809894909e-06,3.3515684803925704e-05,1.0490812303315108e-06,6.55191864615726e-05,1.1360270700127312e-05
ycgL,ycgL,0.00033309100259150425,1487,1.1034559642876993e-05,1.3352375728489058e-05,6.767997671494448e-05,2.9488569650662293e-05,3.5203866890844605e-05,2.8873915305676212e-05,4.8134416640580255e-05,4.21733847720613e-05,1.5413560976427897e-05,4.173637626894117e-05
msrB,msrB,0.0003329416051388079,1488,1.827090458411419e-05,4.561477917971195e-05,2.7130899451899276e-05,3.061085252306528e-05,5.203570901217392e-07,4.20917503132417e-05,1.6046959374990144e-05,3.0273340122330033e-05,2.8980910180872244e-05,9.340085231846135e-05
ycbZ,ycbZ,0.0003329367127469173,1489,0.00011945953910507227,8.92911493696314e-06,2.9689159438230674e-05,6.6172852475846676e-06,5.281639634155318e-05,5.1657634181593684e-05,3.1120133125081766e-06,1.7095412759250158e-05,2.6575737579724987e-05,1.6984419844436386e-05
ypjD,ypjD,0.0003327436797897618,1490,1.3089849055695644e-05,1.5781880569068543e-05,3.96658987135415e-05,1.9701995786163433e-05,3.401867279024304e-05,1.583179528524137e-05,5.1370553701021723e-05,8.30777452154437e-05,5.948943751517623e-05,7.158511581665891e-07
ycdM,ycdM,0.0003326492787782429,1491,1.7127657705845675e-05,3.948710550598229e-05,9.21926162088057e-06,3.5229272842256964e-05,4.737370575028176e-05,8.600056717651572e-05,2.6060810660777758e-05,3.103876196680506e-05,4.473686201787136e-06,3.6638449347109994e-05
yeaB,yeaB,0.00033263064117137407,1492,1.2422836656083265e-05,1.8793069066237492e-05,5.430190124453676e-05,7.70704914598689e-05,8.451421438673917e-06,1.58255225699453e-05,0.00010916292275659493,4.001834900206937e-06,2.3904045640062513e-05,8.696595439164076e-06
rseB,rseB,0.0003320641384837531,1493,3.414166116846956e-05,5.0000248489959575e-05,1.8503031074152978e-06,1.6778995244695581e-07,4.4371220703209505e-05,2.142453251066098e-05,5.8209103072456946e-05,4.7594196322553224e-05,2.7273130942798286e-05,4.703195221378277e-05
yrdA,yrdA,0.00033204104657871835,1494,5.175196958117373e-05,2.4979717626702304e-05,4.826150208263394e-05,2.2694401772107815e-05,9.547528180043922e-06,5.2277713162135264e-05,4.5111973001615445e-05,9.377282891486321e-08,4.842336093889848e-05,2.8899107404492617e-05
betA,betA,0.00033188666404550667,1495,3.936542561874368e-05,4.9225307771147276e-05,1.1230949880405109e-05,8.321755859297961e-06,5.111934466096906e-05,6.280740407163054e-05,4.155489379467989e-06,7.058008174792218e-05,2.0435301479160297e-05,1.4645603576762598e-05
fbaA,fbaA,0.00033160240526526965,1496,0.00013277989559873937,3.3138598812080596e-05,5.60756136680158e-05,5.3625504068966555e-06,1.7612020308148775e-05,1.4811024851692475e-05,1.1995961020185498e-05,3.437559326918997e-05,3.611753537931749e-06,2.1839393792388813e-05
elaB,elaB,0.0003311464291168677,1497,0.00012642584789971932,2.1364622991282044e-05,3.013494459524297e-05,2.3844296595213264e-05,3.8044760714777544e-05,1.8174616740870846e-06,1.867499386021053e-05,1.697010424534571e-05,2.222139612192378e-06,5.164725692879687e-05
ydbL,ydbL,0.00033010244163738246,1498,2.7280601420005038e-05,3.668867323819434e-05,9.0052383487764e-06,1.5010210013188762e-05,1.0189468214270266e-07,2.794680911564372e-07,9.575588562469764e-05,1.0565444420035308e-05,4.391909772315633e-05,9.149592807602946e-05
nudE,nudE,0.0003290804432261234,1499,5.209365435659735e-05,2.4313985036861343e-05,5.695185145819698e-06,5.397994942923121e-05,4.549138213031406e-05,5.926917926207043e-05,5.359283571240363e-06,1.360575875708066e-06,3.339265726531382e-05,4.8124591152967075e-05
yjgH,yjgH,0.0003288023278738261,1500,3.0382442331885948e-05,7.737353405010907e-06,1.0265865244541643e-05,5.97829908459459e-06,1.4127214422146605e-05,4.8342975492442234e-05,4.348772737243453e-05,7.727332595711822e-05,6.0235640344240125e-05,3.097148421941133e-05
nrfB,nrfB,0.00032875189667113053,1501,1.907702555637922e-05,1.5015134867824797e-05,3.9324406988746874e-05,1.5949760575915937e-05,1.9165573417703186e-05,5.169784483453704e-05,1.7669693192773137e-06,4.7058415755648864e-05,1.5709022689515927e-05,0.0001039877426655814
fabZ,fabZ,0.0003284180418106649,1502,3.584434300591534e-05,4.0711612593456644e-05,2.053829421977745e-05,2.954828800679909e-06,4.1868728881529805e-05,3.9998593941338825e-05,7.722236967203532e-05,3.8271701615639115e-05,2.9798165631868323e-05,1.2094034484240883e-06
aphA,aphA,0.00032778098569395756,1503,3.737235096290202e-05,5.959135518419621e-05,4.5864510641510264e-05,2.3291979567933903e-05,1.2735095292543785e-05,3.8780480715471e-05,3.96375980005967e-06,4.5980397494275915e-05,1.327127359962495e-05,4.692978243543981e-05
uvrB,uvrB,0.00032722671274342696,1504,0.00013230733268886625,1.2764501710698436e-05,3.0448669390967316e-05,1.1024307378839199e-05,7.111177586822517e-06,4.855976967333309e-05,2.8541242106866725e-06,1.9259655182667065e-05,5.464183558598587e-05,8.255339334560611e-06
ycgG,ycgG,0.00032696779892642984,1505,5.842598884182355e-06,6.286651883593034e-06,3.4944995553572905e-05,6.004827652741158e-05,2.9082004952785202e-05,2.88603352313445e-05,3.918015830294667e-06,0.00010553848253156152,2.7618895378811247e-05,2.4827542152872866e-05
gspM,gspM,0.0003264763304238181,1506,8.097003101450719e-06,3.0401683518617502e-05,1.3519998353049555e-05,9.212450062169736e-05,5.758965224447931e-05,6.72255890802362e-06,2.175739365962168e-05,3.420656803533924e-05,1.5068908911812214e-05,4.698806306972687e-05
yfbU,yfbU,0.0003264408388813097,1507,6.736979156477645e-05,7.633500625367475e-06,1.7965220462397475e-05,1.2178329390372902e-05,7.520709676495435e-06,6.889888784594474e-05,3.129159581957505e-05,6.189150087835615e-05,2.2057802071811558e-05,2.9633500546212418e-05
fdoH,fdoH,0.0003264357979110989,1508,2.085351778050058e-05,1.2727249427038149e-06,7.398635620928395e-05,4.486091775121309e-05,2.4360610026708307e-05,5.971155722365087e-05,6.314236216702043e-06,4.986413887454514e-05,2.567602491971145e-05,1.953571396607959e-05
yggV,yggV,0.0003263045117437909,1509,8.145939476493898e-06,3.10655453926691e-06,4.164273858366266e-05,2.592232527072368e-05,1.4363591192209253e-05,2.9274282172443358e-05,4.465528471121064e-05,3.18082058006282e-05,3.084768713407798e-05,9.653790286307434e-05
rffG,rffG,0.00032609841288400973,1510,3.8473084631558125e-05,5.400758435516514e-05,4.558009441074564e-05,1.1677103571395836e-05,2.1027247520692636e-05,9.986317619260022e-06,3.139658263932686e-06,4.504618461750328e-05,1.0523988869288303e-05,8.663714902446805e-05
insM,insM,0.0003258530225235012,1511,4.532135989304815e-05,3.0922973168062327e-07,4.772315335022822e-05,4.649591748239773e-07,1.3473539845599551e-05,6.764150849984062e-05,2.4039087353978182e-05,7.815089772552075e-05,8.604405861919548e-06,4.012488108686164e-05
gspE,gspE,0.0003257612803173147,1512,1.2111539180125878e-06,7.185987417646823e-06,5.546869518927098e-06,3.8619182494803636e-05,1.793088194154163e-05,9.059958884834535e-05,4.8097822627456175e-05,3.6267270692762195e-05,7.595270338310624e-06,7.270725251950859e-05
yjdC,yjdC,0.00032558987237195407,1513,5.486826956487602e-05,2.7600418793437954e-05,1.0826379661941758e-06,4.0651286035388755e-05,6.690024871266669e-06,8.376798898146786e-05,2.6461339100056187e-05,1.5545439394966905e-05,3.740035615062591e-05,3.152211151367367e-05
ysgA,ysgA,0.0003253656185352729,1514,5.389814670247932e-05,1.3230584238099347e-05,1.1498331172876475e-05,3.422979938774463e-05,2.6658883634180056e-05,0.00010053850197903312,2.149779845563418e-05,3.77805568946747e-05,1.1757094440306305e-05,1.4275921630244796e-05
yhjY,yhjY,0.00032517946948175516,1515,3.96702038847729e-05,5.221801650893324e-05,1.4829877091958927e-05,2.0530532107290455e-05,3.694082672960138e-05,1.3458721876823644e-05,8.322719424063182e-06,2.1056592540654417e-05,0.00010046528313604532,1.7686696181611698e-05
macB,macB,0.0003251218488230409,1516,6.236887972271451e-06,2.92101895136213e-05,3.451544812008349e-05,6.302653557438321e-05,7.492283830586686e-05,3.45953938660744e-05,2.431479704445989e-05,3.898442900661664e-05,4.856643004718407e-06,1.4458686414945235e-05
sseB,sseB,0.0003248415828756883,1517,3.9447914251867175e-05,4.065306114766564e-05,3.145097345458386e-05,1.0607545278562092e-05,1.1069044211485496e-05,9.173383241424417e-05,1.5137669169437804e-05,2.1517201206257924e-05,1.436847095227386e-05,4.885587078931022e-05
ycbT,ycbT,0.00032467586331871677,1518,8.530086726304106e-06,3.543102916607182e-05,2.371843600556047e-05,5.3020912021878094e-05,3.425884904167774e-06,7.590050849979583e-06,5.775493751821057e-05,4.8759667131412984e-05,1.2373826587766338e-05,7.407103240736502e-05
yeaH,yeaH,0.0003245885535635151,1519,2.9824666103693726e-05,5.3853039817570046e-05,5.055139119080244e-05,2.499457209371413e-05,4.1707951927362334e-05,2.4277592905077558e-05,2.1012665332029713e-05,5.117048091030513e-06,1.751379767985716e-06,7.149824633424899e-05
yjiM,yjiM,0.00032428805603255907,1520,3.469541217029208e-05,1.5328042546965625e-05,4.0754496154079244e-05,1.248045382179893e-05,2.726420251055762e-05,4.331327195689896e-06,5.4101779475134194e-05,3.15568110956067e-05,4.2026522101005686e-05,6.174900896142907e-05
surA,surA,0.0003239837793553495,1521,6.353313212904778e-06,5.90822086391941e-05,3.251030012479405e-05,7.49315900753631e-06,8.524324173715764e-06,2.7781343404585774e-05,2.04292305718293e-05,3.8001384476020104e-05,3.610811906169315e-05,8.770039668307615e-05
yicN,yicN,0.00032368893146995405,1522,1.6383287815039765e-05,4.4364650583189085e-05,5.578546077168887e-05,5.02784821165515e-05,1.15777538130619e-05,4.487662147114414e-05,5.700138501507352e-05,2.455379749925565e-05,2.037080018854928e-06,1.6830412366094708e-05
idnK,idnK,0.0003234904082280479,1523,2.0391900717560157e-05,3.3943793825501776e-05,1.0170346451299055e-05,3.123672066531879e-05,5.059619494857422e-05,5.146997762843978e-06,3.067285681806588e-05,2.782508741399773e-05,3.659784570226485e-05,7.690866392262146e-05
rsxA,rsxA,0.00032324920503782505,1524,6.5109868969953085e-06,4.272830815120524e-06,5.98193149393393e-05,9.999824849060621e-05,2.281512422727443e-05,2.162668155476116e-05,1.8417627837724104e-05,4.956890670311392e-05,3.3951474105208814e-06,3.682433616236923e-05
sra,sra,0.00032285083527698914,1525,3.3416999214368575e-05,1.0209760428089016e-06,0.00011416503443508039,2.0009268034928648e-05,1.675886058109087e-05,5.866004853058684e-05,3.760738234598109e-05,3.159975088893336e-05,3.038324320209694e-06,6.5741908830007e-06
osmE,osmE,0.00032265952300993575,1526,5.323551308047108e-05,2.0511860495677833e-05,5.162981664666724e-05,3.979724955848601e-05,9.468410797448853e-06,7.826174688591736e-05,1.6016140633686852e-06,2.657132537073441e-05,4.235324476099641e-06,3.7346661635064646e-05
bcsG,bcsG,0.00032225677947886127,1527,8.661407835828432e-05,1.9133088837267916e-05,6.25395389347568e-05,2.920183482559843e-05,1.4238093820763609e-05,9.824892730669553e-06,2.683557424404733e-05,1.0319251303861071e-05,1.955400472063817e-06,6.159502595154844e-05
ychO,ychO,0.0003219561824758184,1528,2.7416950316164617e-05,3.556392440239879e-05,4.072216998315983e-05,1.5224557369406548e-05,2.5439220041566084e-06,3.4247858545450085e-05,8.488840460556298e-05,3.066567630633805e-05,4.357126391599595e-06,4.632559255158131e-05
serC,serC,0.00032170808869153234,1529,0.00010214420586142256,3.053931180787787e-05,1.7604744762157347e-05,1.739053585954627e-05,1.653885120708899e-05,8.211081070276765e-06,2.6314675810036945e-06,4.0443734184784005e-05,3.887092577606415e-05,4.733323058131073e-05
yoaC,yoaC,0.0003216268236679478,1530,0.0001423822405899055,1.974468793328226e-05,3.169873670189225e-05,5.536947447961213e-05,3.4406036444587246e-05,1.3086679717412458e-05,8.653202796862885e-06,1.2900619086200314e-05,1.7329703876426145e-06,1.6521755305501098e-06
rpsG,rpsG,0.00032129547930452416,1531,4.8970809396807844e-05,2.17542292563352e-05,1.1258962769621483e-05,2.8659253560648285e-05,3.777787112085981e-05,3.9807053108043916e-05,3.330151053345129e-05,1.139319623900069e-05,1.0829216037871453e-05,7.75433772818842e-05
rluA,rluA,0.0003209791254129354,1532,1.645974974499615e-05,3.091334275486439e-05,7.153077374429132e-05,4.248513806856325e-06,4.3374902065263874e-08,1.8390612824387975e-05,6.08156646376108e-05,4.7238257602000275e-05,1.561362659718808e-05,5.572520879867486e-05
narP,narP,0.0003209327578090593,1533,4.6288635378248036e-05,6.466867073700234e-06,8.226351867089507e-05,6.883489728357285e-05,1.6775960280392585e-05,7.402607575953869e-06,1.2671697089263054e-05,6.429751921071028e-06,1.3527606214378393e-05,6.0271216321584167e-05
ydhU,ydhU,0.0003204253423648768,1534,9.8037590954944e-05,1.5553244853252398e-05,7.607393695479871e-06,6.0339360704482206e-05,2.4068236376053012e-06,3.520179206609321e-05,2.453555243695432e-05,3.331812185767485e-05,3.125029879323932e-05,1.2175163365151318e-05
yehM,yehM,0.0003204129245848492,1535,5.405355705901096e-05,3.949534937842209e-06,4.9609466219095216e-05,8.192143168247787e-06,6.020379004876151e-05,3.191657815294923e-05,9.608964321565671e-06,4.212573936952812e-06,4.198510200916604e-05,5.668121473125772e-05
dppC,dppC,0.0003200791514261817,1536,2.889332586725804e-05,1.7603602739016295e-05,5.7686045724848085e-05,1.0610999065927133e-05,7.301726594256555e-05,2.7034669834091408e-05,2.641984923067808e-05,1.9858739349114536e-06,2.6874079475135268e-05,4.995343961175036e-05
ybfD,ybfD,0.00031999016171126117,1537,2.596208257181777e-05,3.0749977341138283e-05,8.27687561348579e-05,2.0191392735258414e-05,3.0467629566485876e-06,6.343125490310165e-05,6.394698573757775e-05,2.4037736480587575e-05,3.3824986833798187e-06,2.4727141668934614e-06
ygiC,ygiC,0.0003199890504572305,1538,7.670217825947243e-05,3.27681090556841e-06,2.742684674822684e-06,7.824805185840098e-05,7.585406116706497e-05,1.7953993668559506e-05,7.1968307297268985e-06,4.335302692399427e-05,1.4596791847077109e-05,6.462042254322822e-08
aaeA,aaeA,0.00031980122107084683,1539,2.9525521224400117e-05,7.665207890716173e-05,5.3600191712219825e-06,1.561222498197055e-05,3.4196652320121994e-05,6.233360872261432e-05,6.826278323873132e-05,2.117749514463846e-05,1.1460685744763146e-06,5.534768785510045e-06
yrdB,yrdB,0.0003197844658874723,1540,2.2793214565209414e-05,4.0298620926374946e-05,9.265737787773422e-06,1.9564141315329573e-05,5.48242839062067e-05,7.86575823803934e-05,2.5917316466698034e-05,2.191738509797181e-06,3.4695905764430756e-05,3.15759242652589e-05
rpsU,rpsU,0.0003195640032921968,1541,7.729241393230874e-05,1.823161494280834e-05,4.451127230750304e-05,6.426685535576909e-06,3.27427017078702e-06,2.9120325090288896e-05,1.187683994991278e-05,3.948926280662078e-05,4.144785993497483e-05,4.7893458621415445e-05
yegZ,yegZ,0.0003194628387555674,1542,5.141834386395932e-05,3.749937135327155e-05,1.6786735014898217e-05,6.095317626113762e-05,6.6968055150533256e-06,1.8541179777689986e-05,2.6665294162516902e-05,5.009059337804115e-06,1.5765955503418706e-05,8.012691796581766e-05
avtA,avtA,0.00031943452307789,1543,1.1734397494232534e-06,1.5870545994754656e-05,8.329397637500202e-05,5.707029230655308e-06,1.1023011174059453e-05,7.423000702689118e-05,6.468340137024991e-07,5.012793964476043e-05,1.7080539917307432e-05,6.0281199951333744e-05
creC,creC,0.00031877856408734945,1544,5.774979747190402e-05,5.859310319295973e-05,6.503026804835064e-05,5.405719687577399e-06,2.9691934315510675e-05,9.178354460244955e-06,1.653729216158887e-05,3.93512457446575e-06,4.159235415252441e-06,6.849773475949492e-05
idnT,idnT,0.00031830236207270744,1545,8.259440592191528e-06,7.455041533794586e-06,7.032320085069711e-05,2.3246949751559276e-05,2.1986605834879154e-05,2.8501293675370705e-06,1.1620319334977077e-05,6.589189082617287e-05,1.4237015152733947e-05,9.243176882816482e-05
melR,melR,0.0003177612824986997,1546,1.0936817252324212e-05,3.986467127498633e-06,4.4129041698097114e-05,3.10253080899235e-05,5.378673879789516e-05,2.05419198426109e-05,2.7261618354080296e-05,1.8984665642250117e-05,9.279805939800506e-05,1.4310646296014699e-05
ybeY,ybeY,0.00031768938764034144,1547,7.921844277268386e-05,2.2624189276015275e-06,3.331690338716367e-05,4.7964250365369485e-05,2.7299523533898187e-05,1.3347060947044882e-05,4.989971427623866e-05,2.1636077225435398e-05,1.7920391352860327e-05,2.482460485204541e-05
yghW,yghW,0.0003173196513826507,1548,1.3474588173513383e-05,1.496644007043e-05,7.781599826669321e-05,5.625417892621378e-06,1.351519793384129e-05,5.7365115269094526e-05,7.505581305896376e-07,6.213341568856808e-05,4.749221037470044e-05,2.4180709582598743e-05
yebK,yebK,0.00031715035925181876,1549,4.2577497642406976e-06,5.3395384158414063e-05,6.381988688903181e-05,6.23385302194996e-06,5.1050360001190934e-05,7.178525633768909e-05,1.4349247281412111e-06,9.361788378173847e-06,4.5568961869601995e-05,1.024219410338513e-05
ygjM,ygjM,0.0003166652862698155,1550,1.5858673016402174e-05,1.8774563509976298e-05,2.5130786286540758e-05,4.573614362586119e-05,5.241394648538506e-05,1.9956356765007012e-05,3.638033487217152e-05,4.025559102590918e-05,1.5397355666290058e-05,4.6761535016272254e-05
citB,citB,0.00031624624859339983,1551,5.771849513173965e-06,1.1223681631174556e-05,3.9452672591010774e-05,3.674115615169458e-05,2.76465435398766e-05,2.259297850920569e-06,1.4883470118168659e-05,8.765508596413873e-05,3.629054172259144e-05,5.432194951064997e-05
hsdR,hsdR,0.00031551536725516274,1552,2.245317330070376e-05,1.532944281623829e-06,4.296168876202009e-05,2.3488671921053972e-05,7.747048421437819e-05,1.9236737360410428e-05,8.437946744584065e-07,5.008122224334458e-06,2.6579207651505045e-05,9.59405428646745e-05
metF,metF,0.00031494864072376463,1553,1.4028506937330874e-05,4.1418408083948585e-06,4.3231047786960295e-05,3.8091857701342483e-05,1.2078409633020485e-05,5.307632257894149e-05,2.082523759725705e-05,6.240577058961368e-05,4.998618788948087e-06,6.207102830195537e-05
yfbR,yfbR,0.0003147203825922605,1554,2.9137483040258863e-05,6.620705504717989e-06,7.150548845315656e-05,4.263050913996314e-05,6.182872745475827e-06,1.7997645171446138e-05,1.861134124822317e-05,7.013659397962239e-05,2.5080953847977844e-05,2.681678946141857e-05
rfaG,rfaG,0.0003138241364625155,1555,3.136816599076152e-05,4.803073938277824e-07,1.2330410168062533e-05,5.885679432405915e-05,6.631826212386622e-05,3.449189930563312e-05,5.772462690212568e-05,6.696281016948354e-06,3.5917672912997386e-05,9.639716324233691e-06
dmsA,dmsA,0.00031376363801231095,1556,4.7278387122786405e-06,1.8726360843096875e-05,3.5915750492973916e-05,2.2148954870602068e-05,5.71624540374013e-05,1.1030878732361482e-05,0.00011038101451269623,2.8001613177117824e-05,1.4378251477132721e-05,1.1290521156649923e-05
yjgB,yjgB,0.0003136866049856567,1557,7.58791117287863e-05,2.2483079336150752e-05,3.140748621778179e-05,2.5328662879572803e-06,2.3723048128375237e-05,8.884618780415878e-06,0.00010953707383432618,2.3432263121185737e-05,2.8465738485465035e-06,1.296048370213107e-05
rcsB,rcsB,0.0003133375540805665,1558,3.048806142664656e-05,9.368929297898755e-06,3.0491991402126043e-05,7.904144733276515e-06,2.546593220430198e-05,8.051613145343657e-05,4.117950906900734e-05,1.6730120456194987e-05,2.513819192154327e-05,4.6054542116134416e-05
ybiY,ybiY,0.0003133274224859405,1559,5.036685116706043e-05,5.003904446830319e-05,7.617644244162569e-05,3.2002369036973644e-06,2.5495259173996638e-05,6.474580543247761e-05,3.1009009351070463e-06,3.196236515830874e-05,1.9350051728779202e-06,6.305511632485941e-06
argC,argC,0.00031308789299470355,1560,5.44588988230799e-05,1.9035219565866526e-05,4.420306142732383e-05,1.165165208537227e-05,5.727680279430018e-05,1.8971898243319672e-05,7.86867339979876e-06,2.7224610503277498e-05,5.6770771493960554e-05,1.562630465840433e-05
mtlA,mtlA,0.00031298719596479515,1561,6.569587758545448e-06,1.965599268499428e-05,3.776360389870003e-05,1.4970538177389667e-05,3.458423653833341e-05,4.651290751352727e-05,4.810340786884724e-05,6.53070486145407e-05,1.4954414614303974e-05,2.456545829561314e-05
atoS,atoS,0.0003129572210760959,1562,3.1491972047310896e-05,1.3227098279317634e-06,4.094373435840465e-06,4.8727469621702274e-05,6.745612744885027e-06,9.021252198582988e-05,7.651547207279189e-06,1.7545879439072007e-05,4.221958687097924e-05,6.294554789526517e-05
agp,agp,0.00031257399872238194,1563,6.579932482545519e-05,2.4681408296887737e-05,5.8508548592523455e-06,2.5339204974915588e-06,2.6723706682626488e-05,6.0306212404213814e-05,4.857923942183602e-05,5.727078367925022e-06,2.1598518322829405e-05,5.0773735043864394e-05
crp,crp,0.0003123667100971657,1564,2.0097606906442644e-05,3.079135504307266e-05,7.200563818087823e-05,8.815152907160144e-06,6.21976472642412e-05,8.014359203583271e-06,4.55463988673669e-05,2.0826712373180312e-05,1.1235477271747763e-05,3.2836362079492584e-05
yhbU,yhbU,0.00031220205349559427,1565,4.398956701502294e-06,2.717571357088824e-05,4.259044949513511e-05,2.1474095013298293e-05,7.888589818319593e-06,8.980798233565568e-05,1.2113719342542734e-05,2.6448950121227705e-05,5.3142941394913405e-05,2.7160655702111254e-05
ypdB,ypdB,0.0003111046572668282,1566,1.996960389067428e-05,4.2597479621010624e-05,4.4430598440745024e-05,3.560342612300693e-05,6.277789246169884e-06,7.0500630940369e-05,6.616731266488372e-06,2.055953345183616e-05,5.210788289551211e-05,1.2440981391015806e-05
LELOBEKK_pheS,pheS,0.00031096460935373213,1567,5.132271883195458e-05,3.351531739075074e-05,1.924587385707249e-05,5.3973683961820875e-05,5.418798838178074e-05,2.2519315414865573e-06,2.319491620731553e-06,6.419102876022818e-05,1.3617344592510215e-05,1.6339230415396233e-05
flgN,flgN,0.0003109606628452114,1568,7.182038006551331e-05,2.0061103661504778e-05,1.97478994535848e-05,3.265248219315632e-05,1.951052658984947e-06,3.482049824821808e-05,3.55631900865251e-05,3.4470429229114424e-05,1.3948167240285349e-05,4.59254600083243e-05
bolA,bolA,0.0003106928467063774,1569,5.9786518414960286e-05,6.327834077899991e-06,3.7108170638509085e-05,2.222377496444584e-05,4.8882393976561385e-06,1.031836533668827e-05,8.033492870206038e-05,4.018586969774915e-05,2.123434914549396e-06,4.739571056185884e-05
iscA,iscA,0.00031067966263372893,1570,0.0001133907619544533,1.0647387179733112e-05,2.2834621851497608e-05,1.014785929271586e-05,9.015591597193743e-06,4.013385536463211e-05,3.146848771329964e-05,3.743141098258031e-05,1.0549616647133113e-05,2.506007005049016e-05
speB,speB,0.0003094190432176576,1571,1.4283786018856943e-05,5.474115991893368e-05,3.512356031185031e-05,2.1015987021540645e-05,5.984662906282913e-05,5.279210921628342e-05,5.490423389761738e-06,1.4309238145412478e-05,3.4329921093119945e-05,1.748622903906935e-05
yafM,yafM,0.00030906198704553446,1572,3.265268129016742e-06,2.5422175034878493e-05,1.0155184712700635e-05,8.182153198966716e-05,7.506163494402172e-05,2.558759432229141e-05,1.5666497995721615e-06,5.882951493607093e-06,2.0314167722337262e-05,5.99848288974418e-05
nrdR,nrdR,0.00030850902891736617,1573,1.0332785582514252e-05,3.108878208074889e-05,8.56182873902795e-05,9.525768418055178e-06,1.946817495139786e-05,5.1924373470564146e-05,7.781057770316485e-06,1.3756723020034636e-05,6.777496426628743e-05,1.1238111967167791e-05
trpS,trpS,0.0003083656843023447,1574,8.784446324539397e-05,1.2927173910259816e-05,5.467166447457845e-05,4.0263103831872635e-05,4.0027333343547414e-06,1.8157798618467465e-05,5.090830683663003e-06,7.617353716175191e-06,3.7207454963094635e-05,4.058310752448482e-05
yehB,yehB,0.00030826921669498,1575,3.0046906848539255e-05,3.974120718701358e-06,2.438759615591004e-06,7.560432252169523e-05,9.815260192664999e-06,1.5954954177743897e-05,4.112248735864727e-05,3.44388931734017e-05,3.493319181216259e-05,5.9940320275832756e-05
hybO,hybO,0.00030821416816700025,1576,3.99698970645628e-05,6.045383945875463e-05,1.0170132749362793e-05,1.7847056763886852e-05,3.267798475550136e-05,2.753418048623211e-05,7.05679011842069e-05,7.76767389495094e-06,3.8869575992142176e-05,2.355925817399652e-06
pgl,pgl,0.00030622669333162854,1577,7.6809993868525e-05,5.056531067451552e-06,3.5588821866691e-05,2.96173845637032e-05,5.263298727017127e-06,3.669315905274374e-06,5.0002153116812876e-05,4.556308458174904e-05,3.9654598303961133e-05,1.5001511330443223e-05
yihI,yihI,0.0003061598926175259,1578,4.981796809779377e-05,2.0407399678187798e-06,2.2877749783290882e-05,8.817310815728434e-05,2.9516448548321177e-05,3.3475058555782806e-07,8.900479254614063e-06,3.592513768671875e-05,5.387293279679684e-05,1.4700577739329498e-05
nuoB,nuoB,0.0003059823720053226,1579,2.6432597506174618e-05,1.6726463107354777e-05,5.8041009424632795e-05,2.5598954675371163e-06,2.7511359194649865e-05,6.117485095401523e-05,2.0905509133102554e-05,6.090121404102939e-06,4.268022702255332e-05,4.386033879119934e-05
hns,hns,0.0003054078889753992,1580,0.00010781015194465849,8.362516018417543e-06,7.399230240593129e-05,6.186069453932959e-06,1.6425220589409015e-06,2.772001805170767e-05,5.034607797395041e-05,1.2246651726650744e-05,1.697843391102822e-05,1.231454301809934e-07
ispG,ispG,0.0003053705651651569,1581,1.2071978583776558e-05,1.52644828878447e-05,7.378868706854037e-05,4.741901784711529e-05,1.2671908343262892e-05,5.60686406433095e-05,7.412101880880435e-06,1.8263407641721293e-05,2.2026868151318845e-05,4.038347211738699e-05
yncD,yncD,0.00030489549028992635,1582,8.962089967626407e-05,9.262388113936226e-05,5.656662054944807e-06,4.958513017564199e-05,1.066332706323486e-05,2.7086196031505635e-05,3.763967699204008e-06,4.783087526480124e-07,3.792103367858766e-06,2.1625014329261905e-05
ompA,ompA,0.0003043974398238767,1583,5.021183754642552e-05,5.6524591283332256e-05,1.3590952224292082e-06,7.553346349843544e-05,2.850169429252712e-05,4.146179005064223e-06,5.218998519466885e-05,3.319086032300131e-06,3.811046134019723e-06,2.880046161467422e-05
hyfR,hyfR,0.0003041858837205968,1584,5.019110322757916e-05,5.760264387693567e-06,2.279721277896016e-05,1.5803439854614653e-05,1.0761290674699595e-05,6.904748573339268e-05,1.4213990721049972e-06,2.4060159752062856e-05,1.847924513308673e-05,8.586428310640245e-05
ybfO,ybfO,0.0003041072822909921,1585,2.2113248813829196e-05,3.4071615783086725e-05,6.160024419960781e-05,1.4774482159608922e-05,2.79411868006895e-06,2.333706791291709e-05,4.6329764319929324e-05,2.497900140965924e-05,2.860379578009964e-05,4.5503943232185216e-05
pdxB,pdxB,0.00030405050046974897,1586,1.2798245586760665e-05,4.87979547718325e-05,5.675203277868658e-05,6.511575680243115e-05,2.2674020301508433e-05,1.8241090525055798e-05,1.2202849806815486e-05,2.9714927395637824e-05,7.89775965615679e-06,2.9855862844863654e-05
hycH,hycH,0.00030322021189990744,1587,8.26926375982155e-05,2.386241423484002e-05,7.584825605765163e-05,9.824768964399957e-06,5.6285683944526384e-06,4.173998279016987e-05,3.829035706164809e-06,1.228276914905472e-05,3.360202205876813e-05,1.3909756946190105e-05
yijD,yijD,0.0003030527931882799,1588,4.2073549784851104e-05,1.595946411524278e-06,1.580258239280763e-05,6.979820629703899e-05,2.8754456765821736e-05,5.790574598874828e-05,7.50852207392704e-06,3.19876131065983e-05,2.4787167964630873e-05,2.2839002402331697e-05
yccJ,yccJ,0.00030302781915622325,1589,4.029644239660134e-05,5.3355624167005244e-05,6.577943905927762e-06,6.395874016586827e-05,3.617240447825381e-05,3.235370586521532e-08,3.3600328208258596e-05,1.6041885228362307e-05,1.2083319228097552e-05,4.0908777671983154e-05
dfp,dfp,0.0003029676740160864,1590,2.223669848819553e-05,3.730776038214176e-05,2.7614152109755462e-05,1.39430002288542e-05,1.5715473639041278e-05,8.363916455681947e-05,6.207880906546347e-06,6.235641541909462e-05,3.176434393600156e-05,2.1827843496361175e-06
oppA,oppA,0.0003024124694049509,1591,1.4134972337515844e-05,2.798759476030002e-05,4.571902665495925e-05,2.7838184558067356e-05,2.2225785156962807e-05,5.5043824797150745e-05,3.627813390531421e-05,4.489132833393468e-05,2.6364590210630766e-05,1.9290286901152047e-06
ypdA,ypdA,0.00030203533841166775,1592,5.35637497940047e-07,5.829139530111786e-05,2.05584423135471e-05,2.671810679832339e-05,2.9409640145025573e-05,3.860050989424947e-06,0.00011128224968555955,1.3277813143016682e-05,2.1831955390891916e-05,1.6270047146820676e-05
spr,spr,0.00030185945673807306,1593,2.398705945987479e-05,3.6039314226273905e-05,3.3739741663383164e-05,1.348442242909307e-05,4.4951794455468924e-05,5.036478806664372e-05,4.240845335065241e-05,8.787793876744232e-06,3.433817755857422e-05,1.3757911651364624e-05
proX,proX,0.00030165996902237815,1594,7.779020506134922e-05,3.8480495565269184e-05,7.325090505305623e-05,1.6575670662368163e-05,4.898246010199708e-05,9.625361230549343e-07,1.5333110416701614e-05,9.683629024403813e-06,7.272596527257713e-06,1.3328360486920166e-05
mipA,mipA,0.0003003326721714425,1595,6.62164180479985e-05,1.801011238608086e-05,1.1943109528007858e-05,2.104598695623654e-05,3.0053276068495133e-06,2.3916059764392873e-05,2.3846144140449866e-05,4.322306544640337e-05,8.704319457447479e-05,2.0832537205483546e-06
truA,truA,0.00030031599512996823,1596,4.4389924352726114e-05,1.1811647917134887e-05,4.856506348447998e-05,3.480659129847806e-05,1.1651538537725252e-05,1.7510587950454802e-05,1.0976268504511515e-05,5.514096557495425e-05,1.2050593425420358e-05,5.341281408408302e-05
raiA,raiA,0.0003001590913369036,1597,0.00013005406137378206,8.970352406175209e-06,2.155864867356472e-05,2.042103058339671e-05,4.631561849236613e-06,6.477091532542813e-05,2.0761389871665804e-05,2.7522609581918083e-05,7.179421978146722e-07,7.505794739215384e-07
agaV,agaV,0.0002997896873668798,1598,2.307007480352671e-05,3.291732908922042e-05,2.8166812159028466e-05,1.500374633013044e-05,3.839811834398509e-05,1.004365379481239e-05,5.894196167121968e-05,3.1400959529152325e-05,4.413272335751418e-05,1.771430828829009e-05
rpsF,rpsF,0.0002991143299083758,1599,0.00011576169232332624,2.2195347477415344e-05,3.063791554781046e-05,2.4830664949850004e-06,1.291582171445773e-07,2.8465980769118832e-05,2.2752615554609717e-05,3.7611988652685112e-06,2.3767033860207513e-05,4.916032079848956e-05
ygiL,ygiL,0.0002987205863749666,1600,9.514997978337091e-05,1.8611361344303927e-05,1.535188532493174e-05,2.330248033972308e-05,3.2262509298756268e-06,3.238740666208807e-05,3.315060071341154e-05,1.4879888731451624e-05,2.1960402500093496e-05,4.070033004571656e-05
tolB,tolB,0.000298603373952056,1601,8.015756458093936e-05,2.7015870816854793e-06,1.1044358126694305e-05,4.088897284459266e-06,6.017411149404941e-05,3.661178227697897e-05,1.4754682198784823e-05,1.989760095105344e-05,1.571166620828553e-06,6.760162333658236e-05
yohN,yohN,0.00029858942381261135,1602,4.357411480364251e-05,3.919846314056718e-05,5.37978970041825e-05,3.614778999259701e-06,2.0056455405263788e-05,4.000611224486132e-05,1.7863770204480805e-05,4.375174017583713e-05,1.1039717282585946e-05,2.568637455193049e-05
fkpA,fkpA,0.0002985279419236115,1603,3.224088674956488e-05,1.5605911737408384e-05,5.8985983404501344e-05,4.2928623683695895e-05,2.3749596215125074e-05,4.1571397972472724e-05,6.008460615989297e-06,3.16552022978026e-05,2.6348160192743465e-05,1.943371905430789e-05
lepA,lepA,0.0002982143641661465,1604,1.6271689792123805e-05,2.1119318975830793e-06,5.795194915666488e-05,4.443943750323754e-05,4.850036269196559e-05,5.4199392172130606e-05,4.448970042969623e-05,2.016702945188659e-05,2.58389133543743e-06,7.498979735420769e-06
nuoC,nuoC,0.00029808760171097244,1605,2.277594133953718e-05,0.00011868429899709448,3.3755903358261363e-06,3.4265829116323384e-06,3.7667279857405584e-05,1.5892605466020954e-06,5.6223670666388616e-05,2.843459710826825e-05,1.9456758721185208e-05,6.4536212270325535e-06
dps,dps,0.0002980808107832868,1606,5.885973713174644e-05,6.998783167719509e-06,2.2015510253546397e-05,9.929525105272469e-06,5.202683030658004e-05,6.7176973574629955e-06,2.625013345312299e-05,7.421456939225308e-05,1.933268243608455e-05,2.1735342179498336e-05
nrdG,nrdG,0.00029802120052371106,1607,6.515006317160083e-05,5.141595082028785e-06,2.5171053886422102e-05,3.073562250498189e-05,3.0139260872408766e-06,3.140789761502221e-05,1.0843110755302424e-05,5.920669078201946e-05,3.182307876569192e-05,3.5528161873400524e-05
ytfL,ytfL,0.0002975694765200485,1608,4.223989170947795e-06,1.6989106908928053e-05,4.9818553927437844e-05,2.427790506918367e-05,5.974281719300331e-05,4.164922079494793e-05,4.420505861477433e-05,1.146951589101501e-05,2.5576791409125554e-05,1.9616517540684963e-05
dcuA,dcuA,0.0002975543513809997,1609,3.1383717659785576e-05,5.577440384509266e-05,1.0313556814133463e-05,3.4887746338729865e-05,7.476344674972765e-05,1.0743758080692159e-05,1.0853068437191384e-05,3.6458629332293285e-05,2.44138876116106e-05,7.962136511743066e-06
yfcO,yfcO,0.00029747287880315775,1610,2.091004462379714e-06,2.200943662591467e-05,4.286118366406312e-05,8.029797287659906e-05,3.3789683974326285e-05,2.7647835503259895e-06,4.2035421992196e-05,2.7068808651898212e-05,2.903316533283522e-05,1.5521417672619455e-05
cysU,cysU,0.00029746417619003055,1611,3.78800406101357e-05,1.5391883319480596e-06,1.249209360283228e-05,2.9283041751844465e-05,3.3462379953517826e-05,2.0445030751701907e-05,6.704144935620356e-05,3.048372878518537e-05,1.9581632204483393e-05,4.5255590842177985e-05
ymfK,ymfK,0.00029721340640224443,1612,6.707729270644418e-06,2.525596259293714e-05,1.1899947095388182e-06,5.8131470198320705e-05,5.541098711555263e-05,1.2004452135629803e-05,3.583056142349105e-05,2.7881537537193376e-05,3.636438299407482e-06,7.1164273119529e-05
dnaB,dnaB,0.00029710199532651644,1613,3.7148840199606196e-05,2.7640158963413538e-05,2.4484655459062926e-05,1.767104008133232e-05,5.822653755970838e-05,7.273555074029691e-05,2.76589045780817e-05,9.089125939907827e-06,1.746696521874122e-05,4.980216586365457e-06
hflC,hflC,0.000297072936936699,1614,2.827391040064404e-05,3.0007063479971208e-05,7.176227069694215e-06,7.159556853013948e-06,2.301356524027005e-05,2.405408266878211e-05,1.8574828313850166e-05,4.025024908242745e-06,9.351966095923415e-05,6.126901704299643e-05
mutH,mutH,0.00029692994987750795,1615,3.1030189710582394e-05,1.3920317826509398e-05,4.354091429226106e-05,1.4891075162376266e-05,6.25748554055468e-05,3.758173734123255e-05,4.661093826447378e-06,5.474755255586165e-06,6.380327972602592e-05,1.9451731330940008e-05
tolR,tolR,0.0002968928589925869,1616,6.312044811915498e-05,2.26636500296022e-05,3.707057285162997e-05,3.170088824894803e-06,3.8222556761163805e-05,2.9054276586198016e-05,1.991318185364239e-05,4.4256529791150184e-05,4.2852252786187615e-06,3.513632889653175e-05
phr,phr,0.0002967336606974995,1617,1.4506091241757927e-05,2.6585321927129565e-06,6.087373725794193e-05,2.9826139584999018e-05,0.00010694044371665759,1.448048220559818e-05,3.1391851757365236e-06,6.960099331096068e-07,5.618879081243194e-05,7.424248576553843e-06
trmD,trmD,0.00029587811354506323,1618,0.00010590290612976167,1.3896694200875498e-06,8.479561431272783e-05,2.1409162360591176e-05,4.778991962114635e-06,1.1747664509878754e-05,4.172788249571341e-05,3.869076084800607e-06,1.537761449002287e-05,4.8795317793646915e-06
degS,degS,0.00029581955849653483,1619,2.3981065679029923e-05,8.603108148842892e-06,1.9156416262246373e-06,1.020066993669285e-05,2.2798418376800673e-05,3.6465257096093456e-05,5.606646875179391e-05,8.982016510762332e-05,3.291794742690106e-05,1.305081634653214e-05
frlC,frlC,0.00029511871422387723,1620,5.607604522803506e-06,3.966980099783587e-05,6.98165910556737e-05,3.6507359908432736e-05,1.8103810953104734e-05,3.2215535215039436e-06,5.436250340227171e-05,2.2590772574590814e-05,4.3379154461341286e-05,1.8595628263189325e-06
hokD,hokD,0.000295003924674489,1621,3.7426363717310614e-05,1.0650440710534774e-05,3.0911770747720105e-05,1.982406817942548e-06,4.856655713478804e-05,5.633492963057052e-05,5.454549703581087e-05,2.2345804636984497e-05,1.9126215834199084e-05,1.3113938408627954e-05
yggL,yggL,0.00029496724194962574,1622,6.79278911410072e-05,2.1708416236072854e-05,5.7335543792423245e-06,1.257611928069577e-05,1.764980349182986e-06,2.7031477154610568e-05,6.762578966342253e-05,4.2233042665047006e-05,2.2585573217093656e-05,2.5780397863250792e-05
yaeQ,yaeQ,0.0002947448015011959,1623,4.620079524444272e-05,1.643715465723764e-05,9.629267692860038e-06,2.143732377979002e-05,2.793827019624205e-05,9.408482662508716e-06,1.5587345127938308e-05,4.9800669175447e-05,4.895502345821987e-05,4.935046950650958e-05
yeeD,yeeD,0.00029462535141464756,1624,0.00012312057753814166,2.9597532232309624e-06,3.5539505408382476e-05,6.611172576524371e-07,2.3675558088876137e-05,7.827160980082185e-07,3.62083902578468e-05,8.447508273721567e-07,1.8361197438119526e-05,5.247178527701725e-05
yafU,yafU,0.0002945446464149301,1625,4.443439396905986e-06,2.105334182658665e-05,6.742890579782784e-05,5.2496862745035074e-05,9.81371467254717e-06,7.4413520503959506e-06,3.7131067807149124e-05,2.0147245364769888e-07,3.825212851564798e-05,5.6282361149186614e-05
pck,pck,0.00029437314656546165,1626,2.4174659016344746e-05,8.815767113805057e-06,1.5732751361799877e-05,1.6599846630458456e-05,5.6270827022112524e-05,6.560569699808045e-06,0.0001128226378837843,2.0979901349930766e-05,2.484525307038898e-05,7.570933417028942e-06
malG,malG,0.0002943601676317832,1627,7.416255290207268e-06,2.9979497280500244e-05,1.1299874370212142e-05,7.243645541118325e-05,5.094442067060923e-05,1.6584939327711936e-05,1.309969049272186e-05,6.014241216280098e-06,5.6294980901221407e-05,3.028981267113577e-05
kbl,kbl,0.00029409151410427864,1628,6.820614134932031e-05,1.1932027860457221e-05,2.8886645270588838e-05,3.360648914341306e-05,4.468567093078374e-05,2.1306306872027475e-06,2.2501320247464825e-05,2.2699704977187562e-05,5.63998999700892e-05,3.0429836677711317e-06
aroM,aroM,0.00029397565686555303,1629,3.942091781903832e-05,2.713393575160407e-05,7.213438696873863e-05,2.793016890098106e-05,1.0801798561129824e-05,9.481277413789124e-06,1.0893762206696702e-05,7.33735933147496e-05,9.609400537726928e-06,1.3196415391098806e-05
nlpE,nlpE,0.0002937916315061161,1630,6.208180407145832e-05,1.8414065968160039e-06,8.047797890975552e-06,3.423453506262164e-05,5.563391016497424e-05,6.029728348367466e-05,4.954916028363775e-05,7.98932601430756e-06,1.2290496904934249e-05,1.8259110327161924e-06
ushA,ushA,0.0002937872175888708,1631,1.7281962996929062e-05,5.92102446291862e-05,2.996461831739333e-05,3.1296451613342066e-05,1.66343007203631e-06,2.9395121164567632e-05,3.959838681770681e-05,1.3238245507167687e-05,1.3408199128756916e-05,5.87305573417848e-05
yibG,yibG,0.0002933565796131312,1632,1.6863076385816605e-05,2.6963812002493516e-05,7.097550531802587e-06,5.4444414104797005e-05,1.4107805699636156e-05,1.2225626155471037e-05,6.361412836223377e-05,1.920096728224668e-05,4.292253588084818e-05,3.591666320778565e-05
rhlE,rhlE,0.00029319236187866804,1633,5.807747644032741e-05,5.644038427605992e-05,1.680820304594103e-06,6.491662204470765e-06,2.5353908131769653e-05,4.8467006606296234e-05,3.2267014917507606e-05,3.7658951226288036e-05,8.502383079612388e-06,1.8252754691741908e-05
miaA,miaA,0.0002925781932855189,1634,4.641333520782979e-05,6.346746501426308e-05,4.065602955837421e-05,2.845414906368576e-06,3.3805601530742655e-05,3.569178840751715e-05,3.210854060456971e-05,1.5249271327832398e-05,1.9355004147251624e-05,2.9857425807696704e-06
yadG,yadG,0.0002919827130983201,1635,2.095161811133617e-06,1.0719505789229481e-05,6.672365371872377e-06,6.109784068330777e-05,9.528788409084267e-05,7.734934656028809e-06,3.580082649676771e-05,2.4347781880079376e-06,3.6544979436868755e-05,3.359443657426102e-05
lpxK,lpxK,0.00029163629507812427,1636,7.929122082674244e-05,2.0342818561276313e-05,2.9232232631504118e-05,2.7604876093492862e-05,2.2611508611821175e-05,2.4920631501051706e-05,4.231368234373699e-05,7.660792197623553e-06,1.5143316459918902e-05,2.2515215850956216e-05
gltF,gltF,0.0002906562666453635,1637,1.0894838041752346e-05,2.3309449991862667e-05,5.0483014800360025e-05,4.8840359979924714e-05,5.497384367838205e-07,1.26821243843689e-05,2.1958924790403773e-05,8.011187143746058e-07,0.00011777879338689346,3.357904118639169e-06
trkD,trkD,0.00029003180366887093,1638,1.4781954046393115e-05,2.5411286985847116e-05,1.320747936368892e-05,2.3503344570661834e-05,1.77726056065222e-05,2.376463305373012e-05,9.755261518742261e-05,1.4528086239160858e-05,1.4753894629539201e-05,4.475590398590494e-05
yahK,yahK,0.0002898395252204314,1639,2.4715292843281595e-06,1.8668984731171962e-05,4.081951201765464e-05,1.4601167005288992e-05,2.726699249965546e-05,3.266935075364693e-05,2.1030849647746155e-05,2.931202773052549e-05,5.648825063145286e-05,4.6510860918960735e-05
rffM,rffM,0.00028954980509094633,1640,1.423296325056748e-05,1.4596606449088192e-05,4.2056036299357006e-05,3.835592415821034e-05,3.823675901410285e-05,7.670038510735209e-05,7.805521273745703e-06,1.1159890827705484e-05,3.8666043621562375e-05,7.73967508925483e-06
ycfL,ycfL,0.00028941477002242087,1641,5.634209198667241e-05,3.788639423152189e-05,2.0083508609580725e-05,3.27667547858638e-06,1.3411843763185854e-05,1.976295557654108e-05,3.386575774712417e-05,6.148285810951967e-05,2.591508238896214e-05,1.7387602130726516e-05
aspC,aspC,0.00028903844988349654,1642,4.2266987534395294e-05,1.1311732106024774e-05,3.1805014993337095e-05,2.1567135745599415e-05,6.215628108166117e-06,6.406309855656757e-06,4.71952554085102e-05,4.501087668299832e-05,6.20752022872872e-05,1.518430716152135e-05
glpQ,glpQ,0.0002889306012756313,1643,4.190760904695062e-05,1.0573326494701621e-05,1.6733797697003183e-06,8.671445856605e-06,5.3065364156318755e-05,6.372833221535482e-05,4.766854551207874e-05,2.618889038490436e-05,2.4312203374957388e-05,1.1141504464059647e-05
ypdC,ypdC,0.00028886505190570897,1644,1.2343861792389431e-05,2.0675129076699644e-05,4.46821196263691e-05,3.5269664503806544e-05,2.6049927319126334e-05,2.9468844295049638e-05,6.394192308536501e-05,4.444977843378152e-05,1.3629941798784965e-06,1.06208095932433e-05
sfsA,sfsA,0.00028829341910757824,1645,5.944159921902316e-05,3.0737863552957014e-05,7.60578766494703e-06,7.032345647478064e-07,4.3547785113587913e-05,2.12249324634817e-05,5.755537649678089e-06,7.488000748538403e-05,4.167669749512398e-05,2.7199738986475327e-06
yejA,yejA,0.000288104034556288,1646,4.827417406974636e-05,6.260114010008804e-06,4.8409046678202224e-06,7.40497379188383e-05,3.156659572650216e-06,1.0207188821383887e-05,1.6567939057554318e-05,2.104861871895815e-05,5.7652987615346156e-05,4.60457101039816e-05
gph,gph,0.0002881033186990111,1647,1.2821914795416992e-05,5.037953275144332e-05,1.1276814174028708e-05,1.3941880609872958e-05,2.8770891697229358e-05,5.217914467766079e-05,3.20438185505774e-05,2.5935560728633513e-05,2.954861793281126e-05,3.12051427813368e-05
ydeE,ydeE,0.0002878587537509195,1648,1.0989049075281852e-05,4.685734220676563e-06,4.961797891860203e-05,4.6408678733868195e-05,5.218200778872383e-05,2.9493369579520034e-05,2.6879685812651935e-06,5.438659828084964e-06,5.4933876778506823e-05,3.142143024639e-05
yhcO,yhcO,0.000287729875937148,1649,4.7496305688190785e-05,2.322115444423224e-05,2.999597288263413e-05,9.558252465523789e-06,2.4799725311277077e-05,4.1786339884112055e-05,2.6399277588936737e-05,8.63845314491546e-06,7.874065057499623e-06,6.796032946982609e-05
yhhW,yhhW,0.00028747216580233577,1650,8.621567754470562e-05,3.9172926678344625e-06,5.171853530276284e-05,1.398678066599831e-06,5.341778159413007e-05,2.268920274406347e-05,9.884299598203485e-06,2.1181134828773935e-05,1.020769640446428e-05,2.6841867050797743e-05
yrbB,yrbB,0.00028740674443584124,1651,1.3141364864609661e-05,7.857395064101725e-05,1.745820057623064e-05,3.51502392509377e-06,1.6676544912850195e-05,1.8709880463818143e-05,5.9521905801036263e-05,1.1351684979007541e-05,3.7874648766781755e-05,3.0583539505396034e-05
queC,queC,0.0002868810843629191,1652,6.229269011602301e-05,1.5637281154062183e-05,2.5876309682213078e-05,1.3988578744964598e-05,5.903255945807936e-06,2.7325802846546073e-05,6.774911045212168e-05,1.944018506944329e-05,3.327723889128763e-05,1.5390631460449657e-05
pnp,pnp,0.00028639073589345335,1653,9.691002460786485e-05,9.369607284905265e-06,2.818346547380963e-05,4.667930061494972e-05,2.319503782376792e-05,1.573692968038837e-05,3.397326928323094e-05,4.190308792111489e-06,2.3447692954885748e-05,4.705099377539353e-06
livH,livH,0.0002858774117343658,1654,6.451890830321902e-05,2.268713090855356e-05,1.6080446531245795e-05,3.6576153261170096e-05,3.674414943133873e-05,8.770833863757707e-06,2.7918579560242014e-05,6.750471074142345e-07,2.396050656295654e-05,4.7945656204468085e-05
poxA,poxA,0.00028576188580305617,1655,4.316517977403857e-05,2.308565025304501e-05,2.375566831920191e-05,1.8033611836804726e-05,1.001124581339634e-06,2.4168366896124284e-05,3.81597742287401e-05,1.5621253525678507e-05,5.207081744478946e-05,4.6700438943293974e-05
htpG,htpG,0.0002854148195942386,1656,1.6075604026295965e-05,2.7416502896094715e-05,2.759868507063916e-05,1.5556695018509695e-05,6.37577839551817e-05,6.302785894207634e-05,1.2111568420814901e-05,1.5718067434322308e-05,1.5954597458629784e-05,2.819745637167408e-05
ytfA,ytfA,0.00028527722079853187,1657,1.913656516553767e-05,3.1544257641407766e-06,1.2076998832701119e-05,2.6754741502924164e-05,4.65673828367964e-05,1.708112373761739e-05,5.7214945357209525e-05,1.5320830954723176e-07,6.792441466422926e-05,3.5213414627828365e-05
yodD,yodD,0.0002848984858803751,1658,4.727490182774859e-05,1.822284230668048e-05,1.6061022857568e-05,7.04678219326999e-06,6.807905553196018e-05,1.0955742960154849e-05,9.391125192606695e-06,5.49386463904214e-05,9.084002223236338e-06,4.38443643967286e-05
hslV,hslV,0.00028483190906912763,1659,0.00011433404307203122,5.049282451276519e-06,7.670686398251886e-06,3.367027120323618e-05,3.6605093765338595e-06,3.8880455050568394e-05,1.0313166004380116e-05,4.545951929877827e-06,3.892796961469883e-06,6.281474662150175e-05
pepQ,pepQ,0.00028466380544851734,1660,3.524585001486996e-05,3.626174378387085e-05,2.5676865276910953e-05,2.9234915956688153e-05,1.8821719441387678e-05,2.1672645945348075e-05,2.34981769185329e-05,1.68987069496502e-05,3.4996125916934575e-05,4.2357055244323975e-05
agaB,agaB,0.0002846224780863003,1661,3.326805820276545e-05,2.212577024611517e-05,2.8321968772733213e-05,1.3160261149273396e-05,1.4298140861905188e-05,6.523657232088943e-05,4.8812508757458945e-05,1.3439894220877741e-05,2.5739259916260605e-05,2.0220043638021175e-05
yobD,yobD,0.0002841136069064275,1662,6.185139223983072e-05,1.3345742643485677e-05,4.644908726745102e-05,1.6409882085816256e-05,1.6298494560612243e-05,2.774626157244448e-06,5.428336669247429e-05,4.456273412603288e-06,3.348558743615244e-05,3.4759154410757174e-05
lysA,lysA,0.00028379909165498503,1663,5.876191243765508e-05,4.249361480866093e-06,3.588997224022023e-05,1.424144276996782e-05,1.8275116363803823e-05,1.5702485325157273e-05,4.2148578605288035e-05,7.05596692817407e-05,1.889711242314571e-05,5.07344072714029e-06
yjfJ,yjfJ,0.00028361454066309205,1664,1.256571508556605e-05,2.7601455764853648e-05,3.699848580831075e-05,3.608508273052188e-05,3.249836780472106e-05,1.4426873490987022e-05,1.130293060141364e-05,2.1490228182557236e-05,3.591237562454202e-05,5.4733025569618735e-05
gshA,gshA,0.0002832008777358595,1665,4.393294819609911e-05,4.689736549373258e-08,3.968717688758959e-05,4.676446651255168e-05,3.872022408494833e-05,3.820324368839349e-05,1.541336860913212e-05,2.817350117611337e-06,2.753119886963519e-05,3.0084003404404934e-05
treA,treA,0.00028314861305198666,1666,7.319887014519704e-05,4.1892147313255085e-05,1.9241681610794324e-05,4.61485382008101e-05,1.584192618974869e-05,2.7070347794146486e-06,7.521489865126458e-06,1.443991968440505e-05,1.7176445702355173e-05,4.4980559560880046e-05
yeeW,yeeW,0.0002831174241323448,1667,4.388170872127248e-05,5.163055690620737e-05,1.2831680554489842e-05,5.455844181450341e-06,3.8680667771708754e-05,1.5818309502417117e-05,8.684149574553463e-05,1.4068309777774863e-05,9.899473266907161e-06,4.009377704582219e-06
dmsD,dmsD,0.00028280882099773925,1668,1.769493571863377e-05,7.625074619485845e-06,2.610564617543467e-05,2.27214651913052e-05,8.299330206583199e-05,5.992779306184138e-06,3.590322673960674e-05,4.317781951131699e-06,2.2501742905267492e-05,5.695286632485773e-05
rpoB,rpoB,0.0002826554191326943,1669,6.209506645023822e-05,2.20914867434455e-06,5.9930005584472016e-05,2.7365408424387585e-05,1.9309670361800945e-06,2.9799225411178405e-05,1.8485687179396035e-05,1.2031027561019134e-05,4.2047551626463304e-05,2.6761331185014946e-05
mukF,mukF,0.0002825622814315333,1670,3.240397707842848e-05,3.944799931238314e-05,2.2577256451009958e-05,1.090338636656833e-05,3.417982552599001e-05,4.513186182483015e-06,4.5681790028161467e-05,6.620652837513901e-05,8.668032380864694e-06,1.798029973050517e-05
bglB,bglB,0.00028244653069765135,1671,4.088662114199831e-05,2.3083818402980468e-05,2.041605926724953e-05,6.667677468753252e-05,2.6232145520243696e-06,2.1696408612538733e-05,1.9053784676009338e-05,4.8147696196507845e-05,3.0089110083835764e-05,9.773043076974489e-06
gnsA,gnsA,0.00028237610280642834,1672,7.786035787705232e-05,1.592067309714529e-05,2.9844837191341274e-05,2.6201278477002148e-05,2.9019786892705067e-05,6.837191120298342e-06,1.1187263636138058e-05,1.2712537385252962e-05,4.178453669157906e-05,3.1007640437913805e-05
pyrD,pyrD,0.0002820298498754314,1673,2.1894995567957867e-05,3.134778564563648e-05,3.0238049739415346e-06,4.002673219463512e-05,2.6653451761693515e-05,9.076656318796522e-06,3.309681233121768e-05,4.999536609970009e-05,6.040706490276409e-05,6.507180079088506e-06
frr,frr,0.0002818195349417312,1674,6.107106640485423e-05,1.5261780847297932e-05,4.89930450254848e-05,6.468494933535138e-06,4.797479007214941e-05,1.5883310468225588e-06,6.344714355672864e-05,3.819961966697583e-07,3.443346634083191e-05,2.1994205173568777e-06
yjgP,yjgP,0.00028166270932174843,1675,1.607989406308943e-05,3.241276316885359e-05,7.213642599611351e-05,2.8281038587897193e-05,6.645023604673812e-05,1.3291782326522574e-05,6.9330189052606945e-06,5.469227813698554e-06,1.3163091028388218e-05,2.7445231385186526e-05
napF,napF,0.00028151531882450524,1676,4.6040932341953756e-05,3.035898810795104e-05,4.636589112451719e-06,9.461731021693892e-06,3.950945359362618e-05,4.5236208048583615e-05,5.21717643378688e-06,3.830686145575869e-06,4.946941331479478e-05,4.7754140704087525e-05
ycjW,ycjW,0.0002813941423737122,1677,4.292421592063282e-05,7.712382495595376e-06,4.651833436672866e-05,7.900731747337886e-06,2.220899265732667e-05,2.0441332802066e-06,5.623391800615271e-05,5.1272601178040766e-05,6.6192618943589975e-06,3.795957082733168e-05
afuC,afuC,0.0002811267491515568,1678,2.4251193269698607e-05,6.779198938426958e-05,6.779307798196019e-06,4.496015112170685e-05,4.4376482858383516e-05,2.1822258510967206e-05,4.909502616747908e-05,1.9207712378658693e-06,1.7177933101000047e-05,2.9516357019900172e-06
ydiY,ydiY,0.00028094565472567006,1679,4.574501837609801e-06,2.660931557430266e-05,3.8162243819195755e-05,6.507360920145063e-05,8.146606911563763e-06,1.9521522697565896e-05,4.716296009902492e-05,1.6257096212926224e-05,2.1075920176841666e-05,3.436187819518871e-05
metQ,metQ,0.00028092577149833555,1680,2.9825497050922397e-05,6.044557680510139e-05,1.1352809013556232e-05,3.7235689072967074e-05,4.4063280100881726e-05,2.9677158364668524e-05,4.7698231681398365e-06,6.860025309385428e-06,3.8678992241493686e-05,1.8016920371219248e-05
yghF,yghF,0.0002807131600205759,1681,8.82688465007262e-06,1.3179570940537788e-05,4.004107324562604e-06,2.8155800200443566e-05,8.228429716898694e-05,1.4739183199986779e-05,3.4662688861028835e-05,3.187490931067418e-05,4.748129071937012e-05,1.5504427644912472e-05
rpsR,rpsR,0.00028059191024925055,1682,9.652256844112221e-05,3.189677719665144e-06,3.7470812739984036e-05,2.1810402846427586e-05,7.2096476107790095e-06,2.406556099307902e-05,4.976419883509843e-05,1.230030612483417e-05,1.2677724255987591e-05,1.5581010682273366e-05
rpmG,rpmG,0.00028058304750589944,1683,7.392522097788887e-05,1.8784795337905227e-05,2.760821262862635e-05,2.3601023236512124e-05,1.5342325092015485e-05,6.25725847932391e-05,2.9810067407664194e-07,2.2208732185775427e-05,2.6644452729933313e-05,9.597599849926915e-06
ivbL,ivbL,0.0002803038221700547,1684,5.6902481673154967e-05,1.4241139586874794e-05,5.513743470102403e-06,2.627840728507786e-05,1.9601035574518535e-05,7.4078586692047e-05,2.7443335293227405e-05,3.8196517299732196e-05,2.9851146869955225e-07,1.7750063826620016e-05
yaiW,yaiW,0.0002794624494995509,1685,1.3720542802771371e-05,2.3266530975624723e-05,6.003543552116208e-07,3.259868440525254e-05,1.2346220588746633e-07,5.302076519081263e-05,5.889521166812909e-05,3.2374249599472417e-05,2.0723431249507006e-05,4.413921704688202e-05
ligA,ligA,0.00027929567649543583,1686,3.16954802712654e-05,2.0112839129009344e-05,2.0314192417675268e-05,4.1105496600787876e-05,9.206256975185764e-06,5.183429567244322e-05,2.9861624621231197e-05,5.7930643217117667e-05,7.862253155963793e-06,9.37259443475629e-06
nikA,nikA,0.0002790395778329961,1687,3.0325681304495122e-05,7.709173359661372e-06,1.1477964404549726e-05,8.284288826766828e-07,7.146009841664763e-06,4.530314704746731e-05,7.781500578650631e-05,3.016847499268625e-05,3.458694473422904e-05,3.367874747905955e-05
der,der,0.00027860039325995433,1688,3.2344493626158856e-05,7.815832292200244e-06,1.4946069343422379e-05,1.1301604808473822e-05,4.273643603728924e-05,4.0236537917173036e-05,1.1522917571784827e-05,5.5247590904152826e-05,5.4209333086477225e-05,8.239577672821838e-06
flhB,flhB,0.00027819435532482116,1689,1.2194645360781414e-06,5.53016209876621e-05,1.687606897221637e-05,4.18138265111019e-06,3.301831378289121e-05,1.6999985383618656e-05,6.233276044671809e-05,2.7040855684571355e-05,3.694168962715047e-05,2.428221325280456e-05
gatR,gatR,0.0002781507597510091,1690,1.2784483315537167e-05,4.58933331586902e-05,1.558810936870699e-05,2.8604511712357483e-06,8.368632633390777e-05,2.432455602621734e-05,3.814325994166816e-05,1.41546142855759e-05,5.667889826340171e-06,3.504773632312965e-05
yejE,yejE,0.00027727350993745476,1691,5.9347662825294033e-05,4.207755776833839e-05,5.349203827198927e-05,3.1563168256080715e-05,2.7616085190554827e-05,1.1537162835171823e-05,1.1405745754458505e-05,2.2722592006714867e-06,1.0443200260502652e-05,2.7518629574393015e-05
ackA,ackA,0.00027715846116178,1692,3.203014075740897e-05,5.3560605947277396e-05,1.9857512997763304e-06,2.7817316905499103e-06,5.3751047019176795e-05,5.228851476530186e-06,4.7550408995292614e-05,2.8546644873373035e-05,4.9520070640541546e-05,2.203208461853251e-06
allA,allA,0.00027712947744518103,1693,2.5935625434418833e-06,5.050868733470417e-05,3.5646620045445784e-05,1.4485794322565514e-06,4.519182077349396e-05,8.779699888863011e-06,7.240496040830852e-05,1.75207139629929e-05,7.642544185033655e-06,3.5392288870640586e-05
yfgI,yfgI,0.00027649964940316046,1694,7.943875129016201e-06,4.155579794998458e-05,2.4721370582967457e-06,2.8667468835450013e-06,5.5325155251933084e-05,3.091367501292175e-05,3.2146817014541663e-06,1.4516264445193165e-05,6.075109693195787e-05,5.6940219038857866e-05
ribF,ribF,0.00027602675772253686,1695,2.8794402640813625e-06,3.6828081287143616e-05,3.585400895242629e-05,5.9366915042280995e-05,3.5025757017054746e-05,5.5074603872333704e-05,4.370091630382611e-06,1.0921635758501632e-05,3.0295437861418276e-05,5.410786036913574e-06
LELOBEKK_yedR,yedR,0.0002758293047943161,1696,5.9072441332338e-05,3.8905260792541045e-06,3.1710348103481356e-05,5.007664343180764e-05,1.439203450720085e-05,5.056549344612887e-05,1.1641780239736853e-05,1.7446229501210641e-06,5.014252741728179e-05,2.5928872869655613e-06
plsC,plsC,0.00027573913916312747,1697,2.7894116080672785e-05,1.78380960835957e-05,1.1979300909169133e-05,1.949465787831828e-05,2.2909950305972135e-05,7.408016975433134e-06,7.185017792363111e-05,3.286017694231188e-05,2.4422085257589607e-05,3.9082560806433745e-05
yfbV,yfbV,0.00027552727510603416,1698,5.8069568399194014e-05,5.281095799560256e-06,7.540025362655507e-06,6.734344014129218e-05,9.201567419511138e-06,1.6634306392169835e-05,4.9714621615572904e-05,4.613829089924358e-05,1.3323305252390033e-05,2.281053824444736e-06
yahB,yahB,0.00027532092280572996,1699,5.955991588170603e-06,1.1012806191941324e-05,3.32451803248588e-05,1.308290316792649e-05,5.166843238303217e-05,1.1944873787044882e-05,5.184281632855287e-05,5.1998210893602894e-05,1.8125149356001376e-05,2.6444558784598558e-05
yafW,yafW,0.0002744972722007584,1700,1.2530557241815156e-06,4.622842648282065e-05,3.953701257171642e-05,9.100583557614975e-06,4.369218679577795e-05,3.341884189412953e-05,5.087321791393284e-05,1.9442416140431286e-05,7.295679042639335e-06,2.3655852077513944e-05
helD,helD,0.0002741579540155906,1701,1.2189191404349877e-05,3.23262636985835e-05,4.1956847473808255e-07,5.961514499923957e-05,4.778870633767101e-05,4.061047381443315e-05,1.8044291933955304e-05,6.509461637232521e-06,1.85187836118358e-05,3.813606810355184e-05
yraH,yraH,0.00027375124609001916,1702,8.735977986018117e-06,6.88064248247104e-05,1.9383625078021733e-05,1.1980577598180236e-05,2.8644497420239674e-05,6.482129540874324e-05,7.90232302307002e-06,3.473040108924501e-05,1.0350088281907583e-05,1.8396035379883164e-05
ampR,ampR,0.00027352104647836135,1703,2.340226962794997e-05,2.950088818700924e-05,4.1672271783431755e-05,2.0029664563164414e-05,4.0391712911897586e-05,2.2044633335863386e-05,5.8960423616346175e-05,5.852532374094954e-06,8.935443918654969e-06,2.2731206159948857e-05
pepD,pepD,0.00027328214042016493,1704,0.00010481395996061698,5.8837658117698344e-06,2.285974143795314e-06,2.0174881570280534e-05,4.06707439134368e-05,9.110024876450535e-06,1.0977451341360328e-05,3.494277613729492e-05,3.3412686281033916e-06,4.108129403705629e-05
gshB,gshB,0.0002730824176311402,1705,1.6992116553641077e-05,4.292329288252803e-06,3.787298470101525e-05,4.0601181842031016e-05,4.529576431066074e-06,3.7807482579634543e-05,2.2027764327460675e-05,2.68947125817844e-05,2.978672435417842e-05,5.22775449720759e-05
yciE,yciE,0.000273070905232324,1706,1.3680870595005972e-05,2.1485119308594056e-05,4.12036693902153e-05,4.490745042330871e-06,4.811673922685361e-06,3.737060987776125e-05,2.190613426419892e-05,1.715112603183744e-05,5.6036740533473786e-05,5.4934216266221036e-05
yjiP,yjiP,0.00027263701975213086,1707,2.1825140304069173e-05,6.463546246155237e-06,1.2017370691535615e-05,3.938532824616059e-06,3.916231329907644e-05,3.9194878379840595e-05,9.403291176862128e-06,8.508740209744568e-05,8.90779514170234e-06,4.663674959082753e-05
nrdI,nrdI,0.0002724707358985793,1708,8.31333513248873e-05,4.821541430008957e-06,9.707238963255573e-06,7.579127723427856e-06,1.3818530091923814e-05,1.0753524151866799e-05,3.372681683484985e-05,8.055055460444071e-06,9.217532299249835e-05,8.700226925416722e-06
ycaJ,ycaJ,0.000272093908058009,1709,1.5453773801457205e-05,3.456804566670645e-05,2.511525010623716e-05,1.5919195894885096e-05,4.048572998471307e-05,7.222469019710198e-06,3.3740043109182794e-05,1.681871833845869e-05,4.927507405119522e-05,3.349560808546308e-05
mtr,mtr,0.0002711155797981588,1710,1.5061205529440649e-05,2.001277187300615e-05,3.0393716652898804e-05,7.790501328950997e-06,1.2401913258101713e-05,2.4532696089000434e-05,4.776775990008717e-05,4.282195044197832e-05,2.8996134879356888e-05,4.133692984533767e-05
yoeF,yoeF,0.0002710696595502118,1711,4.883275798793016e-05,1.0695169705875351e-05,1.535651002267356e-05,8.308629745911139e-05,2.056569083586973e-05,9.65212630465121e-06,2.3614438574389212e-05,2.2217568206718175e-05,9.515643445031063e-06,2.7533457007961922e-05
sirA,sirA,0.0002709033436452308,1712,6.084314844420285e-06,2.8428708753738648e-05,2.9227289689181738e-05,3.7162906402259897e-05,8.096589506557932e-06,4.032064125496176e-05,5.539091316395335e-06,4.491754084240101e-05,3.537747221501808e-05,3.574878882029613e-05
sodB,sodB,0.0002697263362669706,1713,6.433031689323537e-05,6.860905155277741e-06,5.416610753455957e-05,1.9926606455446637e-05,1.175713740380521e-05,6.509949275505951e-06,2.797736681544553e-05,4.1482998863945495e-05,7.426374738543648e-06,2.9288573131205463e-05
yjbB,yjbB,0.0002694002972672661,1714,6.644838182586481e-05,1.8214033522084497e-05,1.2625973763120804e-05,3.52444798560762e-08,3.1388985034096315e-05,5.004795926141778e-06,4.808115751600231e-05,7.884784272197083e-06,3.525644180050902e-05,4.446049912739335e-05
ybhF,ybhF,0.0002691068711188959,1715,2.2480898311614617e-05,2.4946014467176234e-05,3.477523969092505e-05,2.09781394074268e-05,1.0825863132505829e-05,1.431708351342238e-05,9.148101318962373e-06,3.436086657875113e-05,4.8829055049810254e-05,4.8445609648301244e-05
yecS,yecS,0.00026900922905681395,1716,1.6100703146598738e-05,1.811725346136048e-05,5.992234813013575e-05,5.4424046075135636e-05,8.317930620154767e-06,4.250001551624851e-06,4.9959731875845844e-05,2.5610007204016687e-05,1.1216980043172805e-05,2.1090226948768412e-05
truB,truB,0.0002684811014441328,1717,7.477417405773356e-05,1.6457112987801397e-06,5.46740311851453e-06,5.983904539021269e-06,1.16501455560177e-05,1.1954549525121124e-06,8.214210627988209e-05,5.9313901558497886e-05,2.0410298353782932e-05,5.898001729390593e-06
clpB,clpB,0.0002682460712966449,1718,2.8202521561556854e-05,3.187234808594531e-05,3.893916327888045e-06,2.0160816187342528e-05,2.028426725404408e-05,5.299706852094812e-05,4.221886657258896e-05,4.2521200972933535e-05,1.625994430545078e-05,9.83512150794664e-06
sgcB,sgcB,0.00026805924918201434,1719,2.9554681376642153e-05,3.32085542812398e-05,5.822489415366083e-05,5.275494292619748e-05,1.1549850953340614e-05,2.656100224590716e-05,1.3190174177899867e-06,3.3875834449557205e-05,1.0236105326892436e-05,1.0774366050786666e-05
yedA,yedA,0.00026781682548640914,1720,2.6382694739317323e-05,2.612733565966183e-05,2.351441411962275e-05,4.459034188087782e-06,1.5729841619629e-05,2.3714157086117e-05,2.4281196861256802e-05,1.96003871811513e-06,4.187233300187411e-05,7.977577949272743e-05
dnaC,dnaC,0.00026768804277668587,1721,4.299363826530385e-05,4.437639187069941e-06,4.295667337957364e-05,1.4661910902892885e-05,2.123312793561686e-05,3.996197413683926e-06,7.095631843289941e-05,3.529326995258484e-05,7.5639774910304675e-06,2.3595289816030065e-05
cobB,cobB,0.000267506804612452,1722,2.368041576511927e-05,2.2010623002091524e-06,4.150737662726028e-05,3.1844459652888684e-05,8.683615985430477e-06,9.16104037489814e-05,2.8355038375760545e-05,1.9802250682538642e-05,1.350954351415865e-05,6.3126379601049245e-06
ybaL,ybaL,0.00026738942487864397,1723,2.8204343859012966e-05,5.104836549064473e-05,4.478992935109763e-05,5.171963655063166e-05,1.3312320523032278e-05,2.3335598597987184e-06,1.7055141066085722e-06,3.789809557657382e-05,5.5548114867058166e-06,3.082284807453778e-05
yfjP,yfjP,0.00026730169981172567,1724,1.4555540836061957e-05,2.9038522451748963e-05,1.490612746563943e-05,2.2519317271550587e-05,3.868109603821539e-05,2.0261298625479994e-05,4.504051338040755e-06,8.655959138876742e-05,2.909875468804122e-05,7.177399708179949e-06
yajL,yajL,0.00026668530698045187,1725,1.0254620053270459e-05,0.00012113614846674838,1.0992892385053637e-05,1.667787850314248e-05,6.393294681866363e-06,1.2872719313402575e-05,1.988188951007773e-05,8.22563056432631e-06,5.97850412349028e-05,4.6519226766117615e-07
ahpC,ahpC,0.0002666340647256982,1726,5.0038659371784316e-05,9.922682056894239e-06,1.1379630699517063e-05,3.4137401307413585e-05,5.143443330630877e-05,2.5328232346058966e-05,2.829688109835527e-05,5.077000779055266e-06,3.803404132112915e-05,1.2985102439181578e-05
coaD,coaD,0.00026645564778128,1727,4.3973775768255475e-05,3.977730006376032e-05,1.0582464285377238e-06,3.952411829911144e-05,4.734828284716202e-05,3.412418415709457e-05,7.78928335152576e-06,3.8282762601679735e-06,2.6823681619420876e-05,2.220849898624385e-05
pphB,pphB,0.00026643599087221835,1728,2.9923484001037987e-06,2.3547620664746483e-07,7.142002269277911e-06,2.5131908050731867e-05,4.2757935122679754e-05,3.96760000586643e-05,1.1473153147004893e-06,8.422077395287083e-05,1.6807731106997547e-05,4.6324500389544354e-05
rpmH,rpmH,0.0002663553754609795,1729,6.414714916817078e-05,1.4414131204040641e-05,5.567792341605124e-05,3.521562503270863e-05,2.049726853843518e-05,2.8631617031399367e-06,7.177768817781724e-06,2.025252984130206e-06,2.798765769599067e-05,3.634943690053047e-05
ydfH,ydfH,0.00026624045014860616,1730,8.993005399502978e-05,2.8906908091305047e-05,2.60373419638461e-05,4.585093453731092e-06,2.4853759800907765e-05,3.8103811347478377e-06,7.164122497184332e-06,1.187151843637302e-05,2.923328327831764e-05,3.9847987497163576e-05
ydiS,ydiS,0.00026610414183983656,1731,1.6256175512979125e-05,1.1392897839590976e-05,1.2024026605387082e-05,4.175155861958636e-06,2.649554302098881e-05,8.554826071656291e-05,2.4367277226917894e-05,2.5593855459907556e-05,1.8923892463150377e-05,4.132705713239316e-05
leuC,leuC,0.00026605464560596577,1732,8.278871119889833e-06,9.72267558631166e-06,3.383572056121307e-05,2.2372740595749578e-05,1.2915833364725116e-05,3.5910272761461604e-05,6.962718341273466e-05,6.131843252044994e-05,8.756791653399844e-06,3.3161240300304475e-06
yggN,yggN,0.00026584402488941144,1733,4.6452291164312606e-05,2.5955460377867147e-05,3.302832546500713e-05,1.3208367561264132e-06,1.3712175047695504e-05,9.166808094935522e-06,4.4619230840029296e-05,4.447724218385734e-05,3.515780315735255e-05,1.1953851802227908e-05
sfmC,sfmC,0.00026487175940096124,1734,3.6397882453284366e-05,1.4944914770328605e-05,7.117152924868626e-06,1.9606080173452267e-05,5.5233613092799806e-05,3.1502782975383396e-07,4.575734284763714e-05,1.6034782649341703e-06,3.839134017995648e-05,4.550492686394598e-05
racR,racR,0.0002648351544351571,1735,5.9703371303070356e-05,1.025977756295329e-05,2.1006627425107353e-06,8.47611196596602e-07,5.803640672917421e-05,6.239006084363367e-05,1.2201578001485179e-05,1.971671130685707e-05,1.1670172700611472e-05,2.790880204826449e-05
ddpX,ddpX,0.00026413129515182564,1736,1.5392735110202637e-05,4.070627990736347e-05,5.9251701711068564e-05,8.106098546545348e-06,6.447174494670006e-05,1.621643445774847e-06,7.921888962603476e-06,3.431684258531125e-05,2.7618640934380272e-05,4.7237190018756855e-06
yhdP,yhdP,0.00026403835934869373,1737,5.357828001041289e-06,1.5955932355819793e-06,3.2421448579590453e-06,6.274864537857159e-05,3.594741850762796e-06,6.191350266174915e-05,9.273400690846593e-05,9.743997315522863e-06,2.2053499218485954e-05,1.0543999205530906e-06
rluD,rluD,0.0002639416329011852,1738,6.016557402565643e-05,1.3456240398452468e-05,4.9372453701198614e-05,1.218374509217822e-05,3.799716207126971e-05,1.8974508212287166e-05,5.3262298331616554e-06,1.2267298315942066e-05,3.93741896428518e-05,1.482423160818701e-05
flgL,flgL,0.00026359318867025987,1739,8.330902153474131e-05,1.0212003824549482e-05,2.4399563704470483e-05,6.082505704763447e-06,4.2452949555762015e-05,2.266683934707358e-05,4.089783269844541e-05,1.4420096474576555e-05,1.1152558839855006e-05,7.999816986022588e-06
yaeH,yaeH,0.0002635721962230506,1740,4.9638451728703185e-05,1.5626508023179137e-05,3.7944646177021065e-05,3.987895489946686e-05,3.831986574805316e-05,9.253347019057828e-06,3.2883338146131305e-05,2.0755947207990862e-05,3.5231537062046177e-06,1.574798356724259e-05
yjgM,yjgM,0.00026348687639373916,1741,1.7278231039363503e-05,3.891568054900136e-06,1.4395669345802729e-05,4.298993876657341e-05,1.8191108849863543e-05,7.586268869744804e-06,2.142608595585619e-05,3.291166400185064e-05,1.1327060525991559e-05,9.348928098379264e-05
bfr,bfr,0.0002626328047919922,1742,0.00011881380812862983,2.566614034187064e-05,8.666669730371111e-06,2.2061484328529896e-05,4.127324188112473e-06,2.5596929926968075e-05,1.6927792548221186e-05,1.4671132676280708e-06,2.2426032448663434e-05,1.6879509882997503e-05
yejM,yejM,0.0002626129259639715,1743,3.662755270835038e-05,1.1046725344834994e-05,2.059248219879717e-05,4.011093420467891e-05,1.9591480788864632e-05,1.0577848909084828e-05,3.0450280355347974e-05,7.4029815023370345e-06,7.56121155023096e-05,1.060052444936602e-05
ybfE,ybfE,0.00026236735416668584,1744,5.76324187577928e-06,2.6323006897720244e-05,3.232937436431747e-05,4.654614421292733e-05,1.8316700479660193e-05,1.1665478891554004e-05,2.044472384098656e-05,3.0343164228868197e-05,5.424706622974063e-05,1.63884531451319e-05
yfbH,yfbH,0.00026215267343327505,1745,2.002862544903856e-05,1.1191940900045837e-05,2.6336926475399688e-05,9.762837499229792e-08,3.945934701394235e-06,2.57919784593604e-06,4.4849210079263424e-05,2.9926101478311927e-05,7.088592027385998e-05,5.2311187855033044e-05
sohA,sohA,0.00026212343228818925,1746,4.58987560079909e-06,4.957984370430566e-05,1.7392916246330006e-05,3.630165235043203e-05,3.843793080182851e-05,4.0999424352498065e-05,2.5782882023720044e-05,2.970889153965639e-05,1.8692506881084987e-05,6.375087875344394e-07
ydcK,ydcK,0.0002620621601343432,1747,1.4321679648477968e-05,1.313157060676523e-05,6.395769550613907e-05,1.0926802894465722e-05,1.019558050926105e-06,7.304975420642347e-05,3.982789158550892e-05,1.7513126244452687e-05,2.4080110400040994e-05,4.233970991143059e-06
rffH,rffH,0.00026183182668399954,1748,2.6496898902448063e-06,5.066173251120204e-05,2.225838575691837e-05,4.755950358745083e-06,4.420590566047988e-05,2.1519709559144932e-05,5.517099671518894e-05,1.7002745224330332e-05,1.1516257589178082e-05,3.209045341856706e-05
ecfK,ecfK,0.00026171448143323634,1749,0.00011189615948374323,4.62034238527119e-06,5.5988896944616744e-06,1.55406488006784e-05,1.6876095570336171e-07,2.8838859964818463e-05,6.699823689507727e-05,1.9018602067979398e-05,1.9150021126556928e-06,7.118979072847655e-06
cynX,cynX,0.0002614314376708536,1750,8.281558870645807e-05,3.781943575699532e-05,2.2721069183620416e-05,8.96833827200229e-06,7.151475970493723e-06,1.689674093316401e-05,1.8682199975429168e-06,1.6703481147518043e-05,4.9391760457561385e-05,1.7095327245497412e-05
mscL,mscL,0.0002613295763352581,1751,5.511941034137756e-06,1.0314841553127841e-05,5.248079236552443e-05,6.637250152665834e-06,5.984291869810278e-05,3.692011271402371e-05,6.172937802773389e-06,3.3184309569453845e-05,4.236362405834559e-06,4.602811003961395e-05
ybjC,ybjC,0.0002608449601817011,1752,9.522093591774058e-05,2.246671011010986e-05,2.2189644135596062e-05,3.084673511750387e-05,3.3907434065926885e-05,7.168115741430956e-06,1.4440988697720592e-06,1.206000839395817e-05,1.7460353457520192e-05,1.8080924372142476e-05
cyoA,cyoA,0.00026047282778334527,1753,4.281506010891657e-05,2.1278326438804755e-05,1.282348189488521e-06,1.0875019365624292e-06,6.597868651185737e-05,2.0400023047230937e-05,2.8888574576412523e-05,4.289414565647633e-05,3.552801441534698e-05,3.2014690224886427e-07
appA,appA,0.00025981837999177187,1754,4.7424224965279903e-05,1.0086897528071971e-05,0.0001171330547907074,9.789364516957872e-06,1.6406902751674893e-06,2.5493956939890444e-06,1.3056088853022758e-05,1.8152116250294858e-06,8.50736755099529e-06,4.781608419255064e-05
pssA,pssA,0.0002596899550538567,1755,1.0804466625018378e-05,3.775215184434637e-06,1.5164425180575414e-05,5.88920871692128e-05,3.1061464264678825e-05,4.946112958719923e-05,4.9350556598319945e-05,1.9525500912539024e-05,6.777870388544175e-06,1.4877239143334333e-05
yccU,yccU,0.00025824135303692525,1756,9.972020670283813e-05,5.8513168271746475e-06,3.678879855135165e-05,1.6353429667147545e-05,2.0063655057058124e-05,2.0155124540683997e-06,1.672475254776788e-05,1.5111220783093317e-05,1.8095963632410848e-05,2.7516496814014704e-05
yceB,yceB,0.00025807685767256295,1757,3.3984363525512046e-05,9.088930584831609e-06,7.021212770898691e-05,4.043489210541062e-05,7.873477153462124e-08,7.52507960433423e-07,2.570317294489663e-05,1.6343089025972256e-05,4.03150235063595e-05,2.1164015538625297e-05
phnA,phnA,0.00025785647661201363,1758,8.036003413976716e-06,1.1416188198350442e-05,3.1871304847581376e-05,1.4124766115110574e-05,2.0772376798013195e-05,3.667072613100546e-05,0.00010077670094478865,2.8004109754177126e-05,4.256443501054617e-07,5.758656058904598e-06
ycdK,ycdK,0.00025784988319147285,1759,4.321130669737032e-05,4.438743981673711e-05,1.830419897494619e-05,1.2234565518976249e-05,2.21135080637899e-05,3.2377523394091195e-05,1.8183420125616793e-05,4.039918383135532e-05,1.7461417204860653e-05,9.177319563729113e-06
pmrD,pmrD,0.0002577115536556094,1760,5.401091569881493e-06,9.061779610953678e-06,4.3980397133028423e-05,5.5007991707248646e-05,7.349070270548434e-05,2.6558930460792977e-05,2.2142982599333305e-05,8.344854811442367e-06,1.161895556181465e-08,1.3711204101882372e-05
ygiT,ygiT,0.0002573654325727146,1761,8.790026969986381e-05,8.59927314215738e-06,4.1796041938946095e-05,9.617407385670716e-06,1.624824080764287e-05,3.268974832612786e-06,1.5705234802916357e-05,2.3047043764722523e-05,2.5935523688571137e-05,2.524742250961088e-05
ydiT,ydiT,0.00025692770182822444,1762,3.413491209464855e-05,1.4710734043600131e-05,4.4550802567298594e-05,2.22286204851966e-05,9.884510742429114e-06,1.6620929855098925e-05,4.258666221343185e-05,1.3938410044226913e-05,3.897950375652264e-06,5.437416940664154e-05
pfkA,pfkA,0.0002566263496547994,1763,1.948097393831944e-05,6.137806132178319e-06,3.669509337524573e-05,2.148019047670349e-05,2.5508154713461545e-05,2.9472123393895005e-05,1.2970526885076397e-05,2.983069724432423e-06,4.281556601802548e-05,5.908284499746154e-05
fkpB,fkpB,0.0002565881728834484,1764,7.868650607168046e-05,1.642199211737426e-05,6.930549777239523e-06,5.66511867112568e-06,3.536681698302084e-05,1.9870936820207758e-05,2.2129162481506976e-05,2.602828982769492e-05,2.143133132094594e-05,2.4057468812652067e-05
yjiT,yjiT,0.0002564553730912075,1765,7.188680341258801e-05,1.972657710216026e-05,4.274368082152422e-05,2.7191029412360786e-05,2.2632942599106403e-05,3.79698931332039e-05,2.2395782807742535e-05,2.7370977877189016e-06,6.194371291724268e-06,2.977194723078271e-06
clcA,clcA,0.00025620725537945017,1766,1.8768240772979002e-05,2.4872970864383032e-06,6.06175362730907e-06,5.36706595086917e-05,9.508253152023115e-06,5.0234212796754597e-05,4.7200647300818315e-05,3.7002231694729153e-05,1.2400280374311331e-05,1.8873679065395566e-05
abgR,abgR,0.00025562714931208003,1767,5.489982305221986e-05,1.0513990169920104e-05,1.1591979508447996e-05,7.313251180493665e-06,1.5860356790117417e-05,1.0017429287030993e-05,2.7944956411338397e-05,4.695066768304048e-05,4.83938424643162e-05,2.2140852765154916e-05
ycjD,ycjD,0.0002540959496221056,1768,4.244724305806521e-05,4.000339917069595e-05,2.567276842243915e-06,3.776797606159772e-05,8.869230535419447e-06,5.1088812403456386e-05,1.661822651153269e-05,2.813792724775246e-05,1.6771125813783066e-05,9.824731977558787e-06
yliI,yliI,0.0002537703466146158,1769,7.278857837292787e-05,1.0996006755582878e-05,1.238881637019977e-05,6.414906324512161e-05,2.1559691413900988e-05,3.802732305023432e-06,1.4838966037874153e-05,6.798474322993672e-06,3.517841958968428e-05,1.1269598201307103e-05
ftn,ftn,0.00025356359812104195,1770,2.465669706561531e-05,1.8989775371765963e-05,3.773890354643069e-05,1.9297998409440418e-05,2.8164674196607555e-05,1.771535959887318e-05,3.928100649983086e-05,5.603757374872835e-05,8.089293524000827e-06,3.5923161597487896e-06
visC,visC,0.00025342903161374857,1771,1.637796044660458e-05,3.533437664262184e-05,6.570075832402958e-06,9.888152889539595e-06,1.3654709296058965e-05,1.0401409241065756e-05,8.167508693588675e-05,1.3242526531824678e-05,5.230645942396195e-05,1.397827437378148e-05
yjeS,yjeS,0.0002531654445139661,1772,1.4384143610395573e-05,3.519628612238214e-05,9.096262491382028e-06,1.9782508199857723e-05,4.738937553524963e-07,6.45285528651411e-07,2.2087804167971942e-05,9.034568012384445e-05,2.1298489637401444e-05,3.985509087672685e-05
garD,garD,0.0002529011863417086,1773,4.122695693116819e-06,4.286755638965639e-05,9.36284519426698e-06,3.70600348784918e-05,3.3424399568591725e-05,4.091906689983464e-06,6.59517202878013e-06,4.221623651489221e-05,7.174882473226262e-05,1.411514651666411e-06
purH,purH,0.00025286143227802,1774,2.2939279085467273e-05,9.362620419916755e-06,4.357554125051818e-05,4.584960189681053e-05,1.1276220287085509e-05,1.466401845203402e-05,9.198823279607404e-06,7.579986977135793e-05,5.232844361577361e-06,1.4962613473645044e-05
ygbT,ygbT,0.0002527205565506964,1775,7.549349580508511e-06,5.32407331883442e-06,1.0297503238076144e-05,4.392279404419049e-05,1.6534427706451086e-06,5.4813250795188706e-05,1.805024613686065e-05,6.849251158012325e-07,6.581615040263717e-05,4.4608821147953965e-05
dicC,dicC,0.0002526017140002605,1776,2.0708677720194863e-05,4.333047296128256e-06,2.7107094171836714e-05,2.820388379433259e-05,2.640573980061761e-05,3.7310634631574214e-05,6.888832679212316e-05,6.211943580790482e-08,1.709163166521159e-05,2.2490558692433554e-05
yebQ,yebQ,0.0002525197438341358,1777,3.430090045521112e-05,4.039617279556321e-05,7.757137411232924e-06,5.551230008209251e-05,5.700608062424027e-06,3.2575614178207376e-05,9.769081358362361e-06,6.585050812218638e-06,5.359424665712655e-05,6.328632021697143e-06
mhpA,mhpA,0.00025202153449089697,1778,3.103774163870494e-05,2.4053385542039346e-05,1.267155054793122e-05,1.3682762671884652e-05,1.800032051835326e-05,3.977186873334231e-05,2.5213378587516355e-05,1.2116615015641046e-05,6.524296094216546e-05,1.0230950293318393e-05
yjeO,yjeO,0.00025135321782899134,1779,1.015942567010508e-05,2.4261356465355935e-05,4.520361382343252e-05,3.2952846604398116e-05,1.5341884148839927e-05,3.569390064802378e-06,3.602798750392473e-05,1.7910494373050357e-05,3.740108619913189e-05,2.8525132975950403e-05
ybfP,ybfP,0.000251086281682757,1780,4.4697801558094736e-05,1.4427912975854984e-05,2.346410469609829e-05,1.540170031263621e-05,1.769431189418097e-05,2.8514336796116693e-05,3.36396937741815e-06,7.900509839157704e-06,6.435941509091124e-05,3.126221914228805e-05
ygcG,ygcG,0.000250988199579345,1781,1.2687261884224337e-05,9.900388321336184e-06,3.753510665441705e-05,3.8074644069334394e-05,6.4666486669182415e-06,3.9744933632918126e-05,5.942368713017429e-06,1.7126334349255488e-05,6.689770606973522e-05,1.6612807218188532e-05
gspF,gspF,0.0002508112331732233,1782,5.121300699504268e-05,2.3800090123842517e-05,3.792910224963166e-05,1.0595468759828006e-05,4.383151920478257e-06,1.895387540862319e-05,4.281887959891021e-05,1.4270432124783675e-06,5.166307947809644e-05,8.027535426291899e-06
ycdT,ycdT,0.0002507131286053831,1783,2.045712027158893e-05,2.583420017637575e-05,4.521788325588858e-06,1.3763704265123243e-05,7.484540032923184e-06,3.481103339519863e-05,5.4181861920828853e-05,4.373829832695712e-05,1.0451953515179024e-05,3.5468628375619455e-05
rcsD,rcsD,0.00025047839707015036,1784,8.375990144917664e-06,2.9328432083491387e-06,4.329015343608141e-05,1.0565400548412897e-05,1.1826746777138493e-05,7.582052377193488e-05,6.768196376618247e-05,4.182860330450728e-06,4.481646290774403e-06,2.132026879590827e-05
ybaE,ybaE,0.00025008627329630475,1785,4.1852292942986924e-05,4.509292386920361e-06,9.350464638364374e-06,5.945891838885362e-05,3.3574900498175803e-05,5.94558050869027e-06,5.956223682333273e-05,4.7212490573407836e-06,1.8510691340671997e-05,1.2600646710967853e-05
hslR,hslR,0.0002500095624548976,1786,4.2804280773323176e-05,1.9240550523969922e-05,3.108774024986102e-05,2.812651738278689e-05,8.014015458586324e-06,1.1834037050717085e-05,2.454543493109797e-05,1.7036434435645143e-05,5.9758814036154476e-05,7.56173761275553e-06
gst,gst,0.00024998774824805956,1787,2.3156949853840686e-05,3.320571233569159e-05,5.969211998703392e-06,2.7263039760798606e-05,2.2261354719620338e-05,2.7996390490530306e-05,1.663430261821828e-05,1.565215802381984e-05,1.955692122251399e-05,5.829170722432248e-05
yfiO,yfiO,0.0002499279757143887,1788,9.83404326010885e-05,3.2272011613007535e-06,1.976569759010353e-05,3.138330184319841e-05,1.9984716567633972e-05,1.2792635849066488e-05,3.258687458129233e-06,1.961298334685427e-05,1.1421317363954521e-05,3.0141001933059017e-05
cbpM,cbpM,0.000249549566903337,1789,9.2439305417274e-05,1.419608215758748e-06,5.148096407977984e-05,1.6932518980075674e-05,5.978875624221371e-06,1.1521634502175455e-06,1.9354262449369506e-05,3.886086652352098e-05,2.177336480714788e-05,1.5763735597141874e-07
yfbS,yfbS,0.0002493461883828975,1790,4.931465357339525e-05,3.565346264507693e-05,8.581063492771902e-06,6.265002734292099e-06,1.537814545963114e-05,3.945995745924871e-06,3.102989380699557e-05,9.908055898176618e-06,3.162395110873741e-05,5.7645963917895705e-05
potH,potH,0.00024924522113134,1791,5.719125444996924e-06,2.8041011670806026e-05,2.6203801441455043e-05,5.8140173514020266e-05,4.677287410366027e-05,1.1526002146496411e-05,9.881056696026101e-06,7.547740574276621e-06,3.320090868884539e-05,2.2212526850756988e-05
yejB,yejB,0.0002489908513179007,1792,3.8627049736703527e-05,1.54122055441939e-05,4.797056347409987e-06,2.5378008885984996e-05,4.754941936277684e-05,1.630496487544588e-05,4.481953221787593e-05,2.554079749523382e-05,2.376402045408316e-05,6.797796398192703e-06
ispB,ispB,0.00024700574752193206,1793,4.5946704957797045e-06,5.409133306118305e-05,5.489660260484205e-05,3.691789751662049e-05,1.0889687097491525e-05,1.7202207520842414e-05,3.4533640394745435e-05,1.134650474318045e-05,1.542465280911901e-05,7.108551278127917e-06
narQ,narQ,0.00024683957069948924,1794,1.6056023826108383e-06,7.312882167259484e-05,3.598579547122348e-05,2.8089516509900156e-05,1.5788909966198728e-05,2.0621743999235285e-05,1.7765678794909203e-06,2.8709195614707798e-05,1.4596756721535387e-05,2.653666048199181e-05
LELOBEKK_psiB,psiB,0.0002455151204072482,1795,6.873081157665125e-06,4.110329453513105e-06,5.173676385191912e-05,2.3643337737292547e-05,1.693706713524274e-05,1.1658148598423045e-05,4.258487267604002e-05,2.565328971190881e-05,3.529454446199152e-05,2.702368562325217e-05
kefB,kefB,0.0002455042282408621,1796,2.065329910434863e-06,4.9370437806910696e-05,4.368914930859895e-05,7.33299736080988e-06,1.65262675378028e-05,1.1875016711333937e-05,1.7567997568857844e-05,3.120029134079187e-05,3.335526874800748e-05,3.252147194731377e-05
modB,modB,0.0002451961317770921,1797,3.179164988105314e-05,5.116794333266363e-05,1.174653168032496e-05,1.4117787812655409e-05,1.602109183020781e-05,4.431929378996145e-05,2.6990341164412394e-06,1.794966995306071e-05,3.190743518695052e-05,2.347569419377325e-05
fliH,fliH,0.0002451530523195661,1798,3.06489536201863e-06,1.0627581056933976e-05,7.593854513593759e-05,2.1537161728292495e-05,1.6374650883758704e-05,4.152899739589043e-05,1.1167048458989749e-05,1.7308483883013893e-05,3.78122695912597e-05,9.793418823471014e-06
yedI,yedI,0.00024484774155416006,1799,7.525672274078337e-06,1.9112527026080945e-05,5.13767004981658e-06,1.1470819614735004e-05,2.5809244043524043e-05,3.722082833930069e-05,1.078132801070082e-05,1.7807197633838176e-05,8.004420229971663e-05,2.9938252262368848e-05
yhbC,yhbC,0.0002445896335652861,1800,2.0334707319762676e-05,1.5856020304646391e-06,2.5750400487863253e-05,2.9822990513983656e-05,9.307263150676107e-05,2.8345581574522234e-05,1.0349113236718071e-05,2.4338471432757703e-05,6.94620185168418e-07,1.0295515277284353e-05
rbsC,rbsC,0.00024443990668204704,1801,9.887353400169712e-06,4.07805352483022e-06,3.7385916598779396e-05,2.2775955762562194e-05,8.106821909893921e-06,1.3833000833238199e-05,3.8673833404215736e-05,2.4923262991491637e-05,5.963437163276964e-05,2.5141336624096377e-05
ykfC,ykfC,0.00024351077211024754,1802,5.770690695440141e-05,1.8554591801093498e-05,7.754158403610653e-07,1.864077488802647e-05,7.90590918504415e-06,5.475970575368441e-06,4.5747966137207936e-05,9.47827587076592e-06,4.303541320445628e-05,3.618954765352237e-05
marC,marC,0.00024310421708795797,1803,5.843528846718648e-05,1.0679679490125796e-05,3.1098948366613504e-05,1.033802145072523e-05,4.0477647836379545e-05,1.8984846065624898e-05,3.3001250865186126e-05,5.408912712732732e-06,2.7435703282234648e-05,7.243918551149015e-06
yjhP,yjhP,0.00024299269263172452,1804,2.249114431808942e-05,4.767208210452262e-06,5.6723957907904276e-05,2.6658904233655716e-05,8.611303264936334e-07,7.054519752370468e-05,4.566902172750094e-06,4.546809508270769e-07,4.37592283776852e-06,5.154764415007887e-05
yheS,yheS,0.00024242365899950337,1805,1.99219731713191e-05,4.836854579671079e-05,2.5374456983511248e-05,2.391304094098948e-05,4.053795661202754e-05,1.1760938923789564e-05,3.306375900217303e-05,2.0038127399841335e-05,1.283736026430669e-05,6.607499904834615e-06
ycjT,ycjT,0.00024226644548115385,1806,1.9483040136653356e-05,1.3781542075638458e-05,9.593287198693399e-06,1.7577420890251194e-05,3.498654157692366e-05,4.046013824429849e-05,3.023195786403919e-05,5.081307052037336e-05,1.2673743375933007e-05,1.2665703598349694e-05
sufA,sufA,0.00024196214131866673,1807,2.6499002066256632e-05,6.248728816610112e-07,1.478332811235405e-05,8.570695328427165e-06,2.1732336963105244e-05,1.9067138865064296e-05,5.433981987503979e-05,2.1451384965725847e-05,3.931583118589145e-05,3.557773107514123e-05
ygcI,ygcI,0.00024142316023536563,1808,1.280466916384056e-05,1.3777345465733733e-05,3.690937066848539e-05,3.56250375941634e-05,2.783994748899734e-05,2.1753470866269674e-05,3.454716707787216e-05,2.528637701539906e-05,2.928160312452752e-05,3.5981717700767755e-06
ompC,ompC,0.00024107380623274746,1809,9.524925566535697e-06,1.1903131816802974e-05,1.7518396796919707e-05,1.0243397152382499e-05,3.935321948991621e-05,2.6889940477546e-05,1.2155828748734668e-05,2.9589290543520514e-05,4.31057128215959e-05,4.0789962818793306e-05
ygbM,ygbM,0.0002409342637666766,1810,1.9734109250557505e-05,3.128677035084479e-05,1.3088653717340416e-05,8.908281361719969e-06,1.5751226430189098e-05,8.15930902870732e-06,2.1364011906023165e-05,5.133560686170236e-05,3.40491832614714e-05,3.725711159812056e-05
ybcK,ybcK,0.00024026526931490466,1811,8.980934070180802e-06,4.893683828474343e-05,8.760726859268154e-06,8.657561328792645e-06,4.6879363833004614e-05,2.4899080620916357e-06,4.390168815934462e-05,4.232532240310798e-05,7.953907785428476e-06,2.1379018528942306e-05
yfdF,yfdF,0.00023997883586354804,1812,7.282285165755351e-05,3.181561573030266e-05,2.18343458253885e-06,2.8201786096294568e-06,3.912861674220444e-05,2.1788142557097876e-05,2.275058589925087e-05,1.2228723578400548e-05,2.1081444875369355e-05,1.3359241631200515e-05
yjeE,yjeE,0.00023952362779385228,1813,7.794533220377337e-05,7.9557667068834e-06,3.394838381446948e-05,1.7480204546611369e-06,2.905626369971048e-05,2.2702190812815788e-05,3.454233517504295e-06,2.244897081734985e-05,1.4417609647047334e-05,2.5846856119637147e-05
hepA,hepA,0.00023946531152152156,1814,3.399138064889635e-05,4.2842337097295106e-05,4.0756218519947716e-05,3.5547597102519023e-05,1.2364902463145765e-05,3.982300066973522e-06,4.275635325718936e-05,1.5911713572315525e-05,2.928985053413684e-07,1.1019610287897813e-05
yjcH,yjcH,0.00023813830456176816,1815,1.619802600100306e-07,6.3840553938186555e-06,4.762012686049431e-05,1.1525563662242502e-05,1.782257961575961e-05,5.858649102510266e-06,4.261244078777869e-05,4.3179140262864983e-05,2.2939198176251717e-05,4.003457044003739e-05
ydiA,ydiA,0.00023806033179524374,1816,1.0350263492573896e-05,1.5671695060199757e-05,3.904616634435574e-05,1.4411630559972616e-05,3.01422029219915e-07,1.0992661734579487e-05,2.1752397044930877e-05,8.36677835342111e-05,1.5358181406590725e-05,2.650813058860964e-05
hokE,hokE,0.00023801507595240556,1817,6.561470846233407e-05,4.5077008391417444e-06,1.6494499783496725e-05,4.1792313766950893e-05,2.9952765310766342e-05,2.751169866813599e-06,2.97121881004016e-05,1.1158245707007314e-05,3.184354175998702e-05,4.187942355506282e-06
phnN,phnN,0.0002366396384725804,1818,1.9654245224244467e-05,5.104744331097604e-05,3.201065219495265e-06,5.321329227102557e-05,1.594054399804396e-05,2.4893550518712296e-05,3.2131185439973166e-05,6.508504505764454e-06,1.6508046192995804e-05,1.3541761791349336e-05
secF,secF,0.0002365765289738759,1819,1.645255438009404e-05,8.104706625758766e-06,1.2325823216953763e-05,2.7410585311570818e-05,3.864575704310172e-05,1.5984367564723692e-05,2.0631276623023454e-05,4.2019428150159876e-05,2.9425621179067718e-05,2.5576408879422037e-05
cycA,cycA,0.00023645201777180817,1820,2.7022392209211984e-06,4.243028514808602e-06,4.150863298129716e-05,1.0866533142401392e-05,3.111881406395182e-05,5.2309308728705825e-05,1.0357094686033768e-05,2.1051560094639077e-05,1.4327400258907915e-05,4.79674060801414e-05
yjgL,yjgL,0.00023626986077913774,1821,4.179264672329062e-05,1.259275068969884e-05,1.2123673370230912e-05,7.038568858608855e-06,1.9506308506241413e-05,3.486347506299164e-05,1.7608262770376216e-05,5.494767184192581e-05,2.888289955887569e-05,6.9136033968977476e-06
cdaR,cdaR,0.00023613378404469765,1822,1.4430329157591334e-05,8.624750913259493e-06,1.6647791929430474e-06,3.356593383714494e-05,1.4439887823115374e-05,2.169484644687225e-05,1.9600554400236553e-05,1.5768278527828086e-05,6.849682209228464e-05,3.7847601653421906e-05
rnt,rnt,0.00023564749086977168,1823,8.688260154827867e-06,1.0179892750299434e-05,1.8773579098519132e-05,3.7630294269467996e-05,1.9503933560581778e-05,3.239617622797482e-05,5.411750076619043e-05,2.2376920729387847e-05,1.362223440316789e-05,1.8358698909354483e-05
yfeK,yfeK,0.0002353430013238119,1824,2.4009736240194854e-05,1.102605401351035e-05,4.251458917772029e-05,1.907438071114291e-05,2.949923734103808e-05,1.0487280262238882e-05,9.8410798786097e-06,1.8802288342627803e-08,2.2128238698782805e-05,6.674360271223138e-05
nagA,nagA,0.0002351916002881204,1825,1.9420311995154494e-05,1.6198961240785323e-05,1.1864283178276896e-05,4.761464495490942e-05,2.657862025117722e-06,7.378119959200886e-06,9.74311826395073e-06,4.43467268171622e-05,2.3329874112793845e-05,5.263769774076886e-05
sgrR,sgrR,0.0002349488929612869,1826,2.628381698901157e-05,1.4535435732252538e-05,9.869958202007946e-07,1.2666849895034541e-05,4.870449064309745e-05,3.5520332835827796e-06,6.0928154777470676e-05,9.469076539972467e-06,2.610840628360852e-05,3.171363299705557e-05
sfmH,sfmH,0.00023438092009536046,1827,6.286233633324896e-06,1.929181740406543e-05,4.276144654190067e-06,5.74166269413654e-06,3.995288915356835e-05,4.1924501917717356e-05,3.08194391535236e-05,2.6052998535413254e-05,1.6220667608292406e-06,5.841316618859173e-05
ydiK,ydiK,0.0002340516737491582,1828,2.2851577323626417e-05,3.325039678567991e-05,6.490472598178119e-06,5.446669377569263e-05,3.3937554205603234e-05,3.4763892917544684e-06,1.272630657419209e-05,1.91387599864913e-05,1.0748880633984478e-05,3.696464257395554e-05
fumC,fumC,0.00023396877323420494,1829,1.8546877595257812e-05,2.682625414156487e-05,8.493533444435183e-06,1.2332635080460065e-06,2.773955167728848e-05,3.040439204048105e-05,2.0398305868526525e-05,8.786661563894831e-05,1.0527387080308916e-05,1.9325922393477856e-06
rpmD,rpmD,0.0002338072235747149,1830,0.00012154003725928667,2.133468029072345e-06,1.888343732872643e-05,1.812660216973109e-05,3.078651439046889e-06,2.9524849355893778e-05,2.3094319311662706e-06,9.177809170657249e-06,1.5554496032429016e-05,1.3478440858705145e-05
cydC,cydC,0.00023287363517139048,1831,2.9037577913762083e-05,4.291670456624151e-05,1.530382046633671e-05,3.6406790719223615e-05,2.263151499162608e-05,8.905534317440284e-06,6.3252894908863565e-06,2.6700482190676024e-05,2.930802507034597e-05,1.533789544485187e-05
yfiR,yfiR,0.00023284928577620118,1832,3.548590769748567e-05,1.0616174754188098e-06,1.3393888827623708e-05,4.994305549757302e-05,1.6920674879616808e-05,5.3774236218662856e-06,7.784147538760492e-05,7.69857463669656e-06,1.1495423058523647e-05,1.3631244693791752e-05
yeeX,yeeX,0.00023243132676153307,1833,2.0342336424976103e-05,2.504994966697468e-05,1.3429295293038693e-05,1.3444308296273386e-05,5.410347873248521e-05,2.135176832159356e-05,2.5457789626157484e-05,2.901853576222287e-05,1.4204650480423738e-05,1.6029214157387365e-05
ldcC,ldcC,0.00023221889069513434,1834,8.670413125058957e-05,1.6580506546726582e-05,6.521707410686666e-06,3.0800859651331e-05,1.747976139878832e-05,1.6412142591342557e-05,1.4196460928183478e-05,1.281306273103319e-05,6.978140694447732e-06,2.3732117492005253e-05
ybbK,ybbK,0.00023207206488713912,1835,4.142678952895378e-05,2.644387493865129e-05,3.714948603376126e-06,1.0399159064674557e-05,3.462508238869605e-05,4.0154848849572325e-06,7.513542553759972e-05,3.7413700378559614e-06,2.3658748893764543e-05,8.911181008609856e-06
nfo,nfo,0.0002303842818888566,1836,1.4011654494892944e-05,7.302096251357679e-06,9.339215357180761e-06,2.6458326183999647e-05,2.6616098607616973e-05,3.0118770663465585e-05,1.4597122170828422e-05,1.7346307132743886e-05,4.9514011947014206e-05,3.508067907975649e-05
lolB,lolB,0.00022928060246615525,1837,8.563377612769553e-05,1.4663968295747679e-05,1.9731675026712718e-07,1.750627853995524e-05,1.0714009680445797e-05,2.5720591252691474e-06,3.9570269792131183e-05,8.386392758550544e-06,1.3787088435159012e-05,3.624944296093399e-05
trxC,trxC,0.00022843708048835232,1838,4.4506365046253436e-05,8.624833487572306e-06,1.3373939587252053e-05,3.310648876114519e-05,8.381747604436945e-06,2.5616558008506518e-05,1.2664316918140263e-05,4.306566657439311e-05,5.697697462354416e-06,3.339946703829806e-05
aroB,aroB,0.0002283632060082771,1839,2.6962340194115364e-05,1.6693559486770952e-06,7.879811746479671e-06,2.9957272700538594e-05,1.3481142664562663e-06,5.834904796805918e-05,1.2672080264124789e-05,2.769639791478651e-05,3.900676413104213e-05,2.2822020873997496e-05
thrC,thrC,0.0002272828267393642,1840,5.8226201616812277e-05,6.2300522815141955e-06,4.446083511228922e-05,7.023230848279206e-05,9.705657295544854e-06,6.579080778503627e-06,6.485316918894493e-06,9.784235032223462e-06,1.3385947218297253e-06,1.4240544498960293e-05
ybiS,ybiS,0.0002265904035465013,1841,2.999040008646351e-05,2.606285646013656e-05,7.025000116830891e-06,3.707575855551659e-05,9.809110685770688e-06,4.6053574993391084e-05,2.0236394516483142e-05,1.543038366313042e-05,3.17175215051532e-05,3.189402963625175e-06
yafF,yafF,0.00022619707563993253,1842,5.166658475415674e-05,1.084669724591487e-06,6.109196820719263e-05,3.8997851012838086e-05,1.2872015180684444e-05,7.98666402839017e-06,6.024696606328016e-07,9.85911823639942e-06,1.594087689255706e-05,2.6094857942489707e-05
pflC,pflC,0.00022597738092894803,1843,1.4351345112598504e-06,1.1247376619982015e-05,4.6735643760105786e-06,2.1671356955462777e-05,1.8171802053251919e-06,2.306761191864294e-05,2.336818591162775e-05,1.5767797473301066e-05,6.486821516911467e-05,5.80609577882212e-05
ygfM,ygfM,0.0002259294440463993,1844,3.6413965652063254e-05,5.925169301444763e-06,2.1227655879083556e-05,1.4768314153755722e-05,2.7520023395042614e-05,2.4106352657849513e-05,2.8393782197761326e-05,2.3900409730208934e-05,2.5168435459042753e-05,1.8505335620146885e-05
yddL,yddL,0.00022534090698125736,1845,7.382834989697668e-05,1.649116361403947e-05,1.2041015769622984e-05,2.7747076366988143e-05,1.9603191374425762e-05,1.4334331172524375e-05,5.237168586989315e-06,6.663130566495169e-06,3.6559379998225413e-06,4.573954163337293e-05
livG,livG,0.00022530009195942938,1846,3.388919703193766e-05,2.715746709485215e-05,1.5934206702873816e-07,4.472916186875929e-05,1.4740654862527464e-05,2.497229267676685e-05,2.449339062370407e-05,1.4448667532156288e-05,3.0311286259347676e-05,1.0398631942349216e-05
yegQ,yegQ,0.00022422646344905632,1847,1.6740647785705026e-05,1.932037342812418e-05,7.199441766176591e-06,1.0122267517687956e-05,7.104256778066103e-05,1.8762088688790498e-05,2.0622266618255373e-05,2.064876559495485e-05,1.2472453486879465e-05,2.7295590781821374e-05
add,add,0.00022407300563701525,1848,0.00010658470615666539,9.761729307397157e-06,3.6881432227146945e-05,2.8195373820638736e-06,3.2843754945121446e-06,1.6334790223244283e-06,7.493615533592618e-07,2.159862846023314e-05,1.6947402435170754e-05,2.3812353598142142e-05
ymjA,ymjA,0.00022286964291103872,1849,1.2502453896051153e-05,9.93472003663114e-07,1.2708906319091612e-05,1.9145565892969214e-05,1.2195581783322404e-05,1.863609298336778e-05,7.091125555910628e-05,3.894343459398203e-05,2.3259781717602235e-05,1.357309816188287e-05
pspB,pspB,0.00022258645844287658,1850,1.1463165934301064e-05,1.537784583429867e-05,2.754746099288571e-05,1.004460806501169e-05,4.747511155055599e-05,8.89079068370548e-06,2.1862353855267535e-05,2.564021987899204e-05,1.0301090678975984e-05,4.398381096888241e-05
iraP,iraP,0.00022223087053245105,1851,4.986397352211994e-05,3.1567442499433335e-06,1.585962863614882e-05,5.578097692621353e-05,1.3942336170383248e-05,6.943757765124222e-06,2.714559714902814e-05,5.316539220200897e-06,1.4190716976812625e-05,3.0030599916476287e-05
yahD,yahD,0.00022175927546318745,1852,5.388613271081482e-06,1.3441118362277767e-05,6.501171694467123e-07,1.7443878604541137e-05,2.759491856566824e-05,2.039700299079289e-05,4.911991739834815e-05,1.850603149740152e-05,4.780515406403012e-05,2.1412523539599417e-05
galF,galF,0.00022131148239939115,1853,3.619210704348907e-05,8.019895037953922e-06,1.4298469612545312e-05,4.060850845482694e-05,1.7568996791841018e-06,5.1346759841915624e-05,2.6769499342182865e-05,2.229209070121613e-05,1.0684754415997935e-05,9.342498270079254e-06
malM,malM,0.0002210203941549836,1854,3.107823004653967e-05,1.2011881702075815e-05,1.4368374441949222e-05,4.274160192780465e-05,1.2836790551776147e-05,1.469245598973696e-06,5.106977508452378e-05,3.175672866369708e-05,1.088733147740053e-06,2.2599032989903478e-05
leuO,leuO,0.00022085900657656333,1855,3.315769972116198e-05,3.833229588605868e-06,3.871503134943896e-05,1.5650311863541896e-05,9.466351370894197e-06,3.1354322148527532e-06,3.73401236380235e-05,5.097692062153414e-05,1.1189548958453824e-05,1.7394357250056218e-05
otsA,otsA,0.00022074750034486036,1856,2.9681932353384262e-05,3.546527532052325e-05,2.2940482338244887e-05,2.2136562287589495e-05,2.600997723103416e-05,2.5416157933805914e-05,3.2879299145310744e-05,7.56927247376328e-06,6.008028108995816e-06,1.2640513152208557e-05
crl,crl,0.00022034797758039318,1857,3.865685195702204e-06,4.549242240603717e-06,1.2709560587327543e-05,4.606657187501088e-05,1.3046152255975955e-05,6.296175616202161e-05,8.391332823451404e-06,5.869293777430915e-05,5.684504353027213e-06,4.380234312963515e-06
yadB,yadB,0.00022026292924301176,1858,2.542821164247974e-05,3.1383304238636204e-05,3.033329132135298e-06,2.7703489519535522e-05,3.928057069534196e-05,2.4210522729302823e-05,2.0918992694502482e-05,1.997161281867846e-05,2.5133159808428628e-05,3.1997359639706605e-06
yfbP,yfbP,0.0002191854920790247,1859,4.9788614012730314e-05,3.359785707528141e-05,5.3353292555306596e-08,1.4677879071285852e-05,2.1493506029784982e-05,4.072277048619761e-06,6.526069258647e-06,1.3340234664355897e-05,3.897864114458012e-05,3.665706048118408e-05
lysU,lysU,0.0002191096661175024,1860,1.4272607852820099e-05,2.903090007820518e-05,1.2312475550224531e-05,1.0457433913403303e-05,2.7786156396352366e-06,5.1661334518702613e-05,3.469292704691982e-05,1.646589434619959e-05,3.9117221122896935e-05,8.320256048495091e-06
gmd,gmd,0.0002184592728741252,1861,2.8709888463481458e-05,1.194273400775558e-05,4.472964461299058e-05,2.7037734124265995e-05,5.224298056670856e-06,1.5700629571567112e-05,2.1403600244624853e-05,3.457249964684513e-05,2.4667086015401537e-05,4.4711581305220705e-06
serS,serS,0.0002183373868684284,1862,1.6121730914964072e-05,1.6340654000428157e-05,6.1106456213451945e-06,2.5701229849315413e-05,8.521195354059007e-05,2.1966061009284897e-05,6.393235637067855e-06,2.8377268656941383e-06,2.9531723410867405e-05,8.122426018871226e-06
pgpA,pgpA,0.00021811168561099598,1863,1.3770342615865364e-06,2.337237132163792e-05,1.8610659579087689e-06,1.4445029793453545e-05,7.818907329315598e-06,2.4963261400187985e-05,1.618257145445315e-05,8.037834879914902e-05,4.3215830865457665e-05,4.4972644278457725e-06
metH,metH,0.00021802597085959568,1864,6.85391173172075e-06,1.3974585551040044e-05,2.8872797651023646e-05,4.393393999712182e-06,6.0382735539350326e-05,5.435317837282034e-06,4.618635969775448e-06,1.5699060362099525e-05,5.9599452107336957e-05,1.8196080110254754e-05
yigA,yigA,0.00021792701785500247,1865,3.3928540551213583e-05,3.4522488309091634e-05,3.253340314988648e-06,1.5685255677825266e-05,1.2354408079634124e-05,4.1465382708743755e-05,9.66050132617189e-06,1.8377398901106564e-05,1.4435799865733103e-06,4.723612199965369e-05
yfeS,yfeS,0.00021767715778599079,1866,1.9770860172639594e-05,2.893916393047801e-05,5.231224557858063e-06,4.37042073641e-05,1.9797863021559473e-05,6.243756618821599e-06,5.363886018050509e-06,4.794363744284899e-05,3.253963297502449e-05,8.142925684610037e-06
yebS,yebS,0.00021579527624297364,1867,4.169757827931048e-05,1.8350664724240626e-05,2.462202674894577e-05,3.40086048239505e-05,1.4516838467719905e-05,2.6838014607976673e-06,8.891669782598063e-07,3.60118401291551e-05,1.3059405600274907e-05,2.995534903031886e-05
hypE,hypE,0.00021552627067174962,1868,4.521669005731221e-05,1.3131303731917423e-05,9.075355937599736e-06,4.835616900584398e-06,1.8955770918458445e-05,6.511748003563756e-06,3.874875908725942e-05,4.787618340491799e-05,2.208609575766489e-05,9.088746872471358e-06
ygjO,ygjO,0.00021427829418638124,1869,2.0602924941194193e-05,7.809314958115325e-05,7.561929312585458e-06,2.615838496183831e-05,2.075817941840337e-05,7.670612450154893e-06,2.5009653420802448e-05,3.633250769479762e-06,2.1793146104696893e-05,2.9970632260726617e-06
prc,prc,0.00021406503075661993,1870,6.0174197529757745e-05,1.3652253293227991e-05,1.1100755479153019e-05,8.029243950872251e-06,3.1326451306994025e-05,1.1034148638476144e-05,2.2146613017881064e-06,1.6569323587336617e-05,1.1839917927109473e-05,4.8124077741904584e-05
cydB,cydB,0.00021357959155493796,1871,7.799233618459997e-05,2.0533130375807706e-05,1.8389383298820976e-05,1.9931517479622798e-05,5.234200499397004e-07,3.105039525515748e-06,2.439922647228461e-05,8.790480077089502e-07,1.6510210505251684e-05,3.131627965538579e-05
yjeM,yjeM,0.00021328406823035897,1872,2.0003106331762337e-06,3.359719843526154e-05,6.608504859200211e-06,2.6382496653295752e-05,4.683151608930624e-05,1.8051017727542033e-05,5.626070834064942e-05,1.9220329959856125e-05,3.822048955940757e-06,5.099365761306511e-07
yncJ,yncJ,0.00021326629780311313,1873,2.5282322626965916e-06,2.7422054567119575e-06,3.965556985453645e-05,9.55464470477831e-06,7.248468314036923e-06,3.2014670673773064e-05,6.46670565257777e-05,5.89724881044615e-06,3.940576398262506e-05,9.552437217730954e-06
yjiZ,yjiZ,0.0002129121043050877,1874,3.3377192917500367e-06,1.692383573012381e-05,3.277884768298082e-05,2.3693693279738002e-05,4.599923389058411e-06,2.1890209446586555e-05,5.42720422433782e-05,9.668420144968935e-06,3.0918065042871084e-05,1.4829348053631826e-05
yjfI,yjfI,0.0002128962156319418,1875,2.961691530069026e-05,8.20417698241586e-06,1.0345715845541228e-05,4.761069001558585e-06,1.1470593421712762e-05,6.238558406955645e-05,4.645592600684968e-05,1.8432193968788845e-05,4.70059231469609e-06,1.6523448720131992e-05
fixX,fixX,0.00021259427115835386,1876,3.899049804388741e-05,1.4731228080836566e-05,2.899856621744567e-06,1.3852338409918749e-05,1.2544273920739864e-05,2.3160282089009756e-05,9.993666296577642e-06,1.3976914909515412e-05,4.3911144084611884e-05,3.853406870151199e-05
gpp,gpp,0.00021220098030621197,1877,8.96793086923716e-06,1.640281603559787e-05,9.098967265465325e-06,9.663361583748646e-06,3.1700870567944005e-05,3.461681567872104e-05,1.2024745908199155e-05,3.9455296500688924e-05,1.3583294889865509e-05,3.6686881006744324e-05
yfgM,yfgM,0.00021204766011560322,1878,1.3804977147030288e-05,7.950971342963925e-06,3.9553112322475464e-05,9.016821652404431e-06,2.2710608002345174e-05,3.329450973554706e-05,4.241336270089636e-08,1.1608824056217384e-05,4.848117258204636e-05,2.558424991187223e-05
yncB,yncB,0.0002118791599746519,1879,2.307628625274588e-05,7.42815462769113e-06,2.89737047049871e-05,3.778778485357109e-05,1.8691871264680453e-05,1.810657765075881e-05,1.0689734875429173e-05,2.2978691038717994e-05,2.7078664636847004e-05,1.706769006922326e-05
yfeN,yfeN,0.00021158544779100038,1880,4.577419698546727e-05,4.4148636074123614e-05,5.297840238226864e-05,9.232098895369137e-06,8.561797570454804e-06,2.1709903733090694e-06,3.2572052079381274e-06,1.743220293906814e-06,1.9998685246170327e-05,2.372021476199261e-05
yciM,yciM,0.0002114470850344545,1881,3.8868725958121824e-05,2.6249275315912244e-06,3.1029163486884536e-05,9.36499614333174e-06,7.399387823532484e-06,3.02882468154306e-07,9.774446661213278e-05,1.1333638374292231e-05,7.746451356419438e-06,5.032445279993911e-06
ffh,ffh,0.00021051168069877825,1882,2.6915288667349704e-05,6.1643033778798185e-06,9.985889790190264e-06,1.9658563597296684e-05,2.3178111734340558e-05,1.9167543869097576e-05,2.5570163507789404e-05,6.420316728141982e-06,4.699148648335041e-05,2.6460012943341854e-05
ribB,ribB,0.00021051137868921462,1883,7.563763640622457e-06,2.0590059771205954e-05,2.442902972983584e-05,3.652788165989049e-05,4.5479839065413655e-05,3.9802017929990435e-05,2.0110959024333345e-05,1.3058104391091548e-05,1.6565469451392038e-06,1.2931765316917014e-06
ycgM,ycgM,0.00021046347980108602,1884,1.936015341352675e-05,3.955638047860889e-05,2.3112476043759765e-05,3.486147631317925e-05,1.7218412105097114e-05,7.477075699665871e-06,2.8641733130536662e-05,6.535151131244153e-06,2.682671860542064e-05,6.8739028800469254e-06
hisC,hisC,0.00021008887370214583,1885,7.522768827851684e-05,3.642473692786462e-05,1.562330611230144e-05,4.71865214271305e-06,7.053366210053926e-06,1.673621818332244e-05,2.3423818544831914e-05,3.1049209764971228e-06,2.2737592274526023e-05,5.038574051518414e-06
rffA,rffA,0.00021002245774984614,1886,1.5669617913721897e-05,2.1482384791532935e-05,1.3246842184252216e-05,1.006449363161089e-06,4.89393542182318e-05,2.1184698384425254e-05,8.135809019724972e-06,1.6549271808884567e-05,4.717627159176681e-05,1.6631758474144592e-05
ynjD,ynjD,0.00020975655988124647,1887,1.4316063629222652e-05,7.226945170789232e-05,1.5054127422126924e-05,9.321447100452558e-06,1.3959470076116173e-05,1.2239868914980682e-05,1.805149408568877e-05,3.306383248636318e-06,4.5032960550383806e-05,6.205293145746279e-06
yeaR,yeaR,0.00020968503775394064,1888,2.027521491693847e-06,4.4726532435852733e-07,2.6405679692088476e-05,2.458540962690432e-05,3.149308013052349e-05,1.4456552167142759e-05,2.8616040662116942e-05,4.095139189407957e-05,4.477508148091373e-06,3.62245886169413e-05
selD,selD,0.0002095652987891824,1889,6.758192086074569e-05,2.6220495286013475e-05,2.4644045313764242e-05,7.799931758950087e-06,1.529926332525441e-05,5.114761721677235e-06,2.9480712689262697e-06,5.0029669535996765e-06,3.5944507051118676e-05,1.9009335249132675e-05
yraM,yraM,0.0002094036632648154,1890,3.5241778114536945e-05,5.313077845095338e-06,1.8112689474232368e-05,1.3044718341278904e-05,3.3159329110598825e-05,3.4028180037695485e-06,1.6376995389961947e-05,1.9121973953712678e-05,1.191499945548569e-05,5.3715283576143155e-05
slyA,slyA,0.00020912303403371633,1891,6.0112602025772566e-05,4.009013222122083e-05,1.4516200727454799e-05,1.192502499564704e-05,1.2091832655667528e-05,1.5347503671628694e-06,3.0384727172308794e-06,2.1881806869712526e-05,3.261770705757073e-05,1.1314504396276569e-05
hemL,hemL,0.00020906626554950916,1892,4.967814846830537e-06,5.46066304145664e-06,4.286829699208834e-06,1.029816840307301e-06,9.755593221347408e-06,5.868323542350573e-05,1.470594324237356e-05,2.9262779184873256e-06,3.003176923478492e-05,7.721832208120688e-05
hcaR,hcaR,0.00020898650719665342,1893,2.035131511563836e-05,6.960962415695584e-06,8.24506868188871e-05,1.1183234278572256e-05,4.58034661915312e-06,5.7154881139277755e-05,4.486718388949248e-06,9.796516932849976e-06,2.2455183124833275e-06,9.776327175146712e-06
narL,narL,0.00020778859736316708,1894,4.253405539792936e-05,3.902810086239386e-05,3.635206697837937e-05,2.3162327026967663e-05,3.156074385583175e-05,1.710734766469518e-05,8.45443510916593e-06,1.244948235470887e-06,4.853625499365339e-06,3.4909467329677525e-06
prkB,prkB,0.00020738602807740436,1895,6.563641153788328e-06,7.450328543632648e-06,4.41247081925665e-06,2.7745775012234628e-05,1.1994127680020052e-05,1.8573329332657848e-05,6.80340507235977e-05,8.339763515042607e-06,3.8358618378635415e-05,1.591392291853846e-05
nagZ,nagZ,0.00020647758188161537,1896,5.466996326968163e-06,7.361049610360962e-06,2.1987638251060728e-05,9.191627463440771e-06,7.592275104538057e-06,4.963768883158281e-05,6.832493879140731e-06,3.2162276643035595e-05,2.6062676519331104e-05,4.018285925215645e-05
ydaY,ydaY,0.0002058074289807785,1897,5.247009343483773e-05,3.1427639717145734e-05,8.167414376730626e-06,3.23227232803373e-06,1.163281060614479e-05,3.3993734812588574e-06,2.7598516864176542e-05,5.415078620858848e-07,4.61859694549882e-05,2.1151830855376376e-05
agaI,agaI,0.00020532131114053652,1898,3.525070202599484e-05,5.633574789683271e-06,1.236279476889467e-05,1.7411348019543003e-05,1.441346575532492e-05,1.805428353293443e-05,1.3062197838489773e-05,2.311099088252382e-05,5.143760753553669e-05,1.4584345991611109e-05
nemA,nemA,0.00020529423300885794,1899,5.332736217258251e-05,1.3928382270868771e-05,1.3568270757383964e-05,2.720312053328394e-05,6.522744837930857e-06,4.1285948736916016e-05,1.6873327266871324e-05,1.4243142250405995e-05,1.0725631573645465e-05,7.6163026089690755e-06
LELOBEKK_yshB,yshB,0.00020301457880603818,1900,4.48380457741594e-05,4.875055263619021e-06,1.3867358046829527e-05,1.4990856405981359e-05,1.49849875816454e-05,3.6840045569218076e-06,6.339986822546077e-05,2.454844917528394e-05,1.2588622387833534e-05,5.237331388303439e-06
hcaC,hcaC,0.0002016499694169523,1901,3.348958852903748e-05,3.824609018667924e-05,2.28127451719718e-05,1.366916034615587e-05,1.5539855955169212e-05,3.099531737724649e-05,2.0185810733376592e-05,4.4593064342985675e-07,1.4016959126150173e-05,1.2248511347735578e-05
treF,treF,0.00020044442075074884,1902,7.755877417690297e-05,1.3885105052969343e-05,3.555464535970953e-05,5.499147190547585e-06,6.417163224270805e-06,1.647677326256626e-05,1.4779349661083113e-05,1.575953137972208e-05,7.589962516972368e-06,6.9239689260048106e-06
yhhF,yhhF,0.00020015172320922553,1903,3.078163732462604e-05,7.132575936424141e-06,3.281382177102682e-05,6.225026413329799e-06,1.2812104025021472e-05,2.484234718066488e-05,3.1415225346248196e-05,5.893364003693511e-06,3.788242240176798e-05,1.0353198806422685e-05
ydhC,ydhC,0.0002001170824884507,1904,1.572769012473326e-05,3.839474015541575e-05,4.480076006339278e-05,1.3686411115793793e-05,1.0225225783499401e-05,7.060992661380094e-06,3.059989159725805e-05,7.687890727471828e-06,1.3591123079576503e-05,1.8342357179929237e-05
glcE,glcE,0.0001994443866101561,1905,1.244223988098008e-05,7.631855887952293e-06,1.743997058057542e-05,1.1072701930936278e-05,4.7486631199854414e-05,3.175812702830077e-05,1.6521633277321197e-05,3.7045181462705026e-05,1.2128016746934243e-05,5.9180286145963296e-06
yhcC,yhcC,0.00019835628573936748,1906,4.25563355908252e-05,2.3653155293337883e-05,6.5066591609671405e-06,1.1253598498865517e-05,2.046010355642051e-05,1.1984332439345926e-05,8.072771852820407e-06,1.6913380739247884e-05,1.0271702982822441e-05,4.66842456247146e-05
sbmA,sbmA,0.00019739826034797522,1907,1.1865165650804352e-05,4.3103933618055557e-05,5.844721212862784e-05,4.672835783998941e-06,1.756673145871714e-05,2.2827977138280073e-05,5.539730400394605e-06,4.120129796224588e-06,1.91268115506099e-05,1.0127732822262223e-05
LacI,LacI,0.00019724499188780535,1908,2.8117261316057973e-05,1.7025493899428236e-05,2.7622921053850157e-05,1.1541094548427984e-05,3.2497958086064075e-05,1.3204962724767444e-05,3.8794411679166175e-05,7.021966883621544e-06,1.1538037302896505e-05,9.88088439352523e-06
flxA,flxA,0.0001970519530708447,1909,2.7148404742067835e-05,1.2233786151925604e-05,3.306949570635633e-05,1.4595191790967351e-05,8.716478088759256e-06,2.430835784365386e-06,4.477719827450454e-05,1.2849357111028148e-06,3.183592038269669e-05,2.0959706438098923e-05
yiaK,yiaK,0.00019695058052618836,1910,5.6142726764480925e-06,2.2975393290182305e-05,3.192634186969676e-05,1.0953174300131467e-05,3.5938816571831025e-06,1.938405431482272e-05,4.083927071401738e-05,9.714614814770987e-06,2.238548700732851e-05,2.9564089881607047e-05
lpd,lpd,0.00019558410079255361,1911,4.096993151185189e-05,2.420393284170415e-06,3.4673390545907766e-05,5.112572595556047e-05,2.9790068819033908e-06,1.951491406997257e-05,7.0302701842450065e-06,6.9684462020550315e-06,1.2500348989419115e-05,1.7401673167467944e-05
yraI,yraI,0.00019552796392762405,1912,3.204404109545526e-05,4.915317014196423e-06,1.284095945742158e-05,2.089389899335555e-05,3.0780296512303934e-05,1.5283306840903762e-05,3.421751761677607e-05,2.3646005975079047e-05,8.269894258036953e-06,1.2636726164095481e-05
cysJ,cysJ,0.0001954017621817988,1913,4.992473181554317e-05,2.1872734997850353e-05,8.610885593225615e-06,2.6963536975163663e-06,4.545174046655633e-06,3.668033562785556e-05,2.525305084398725e-05,1.470988419403861e-05,2.7292249136870743e-06,2.8379386451439162e-05
yniB,yniB,0.00019476187292406756,1914,1.753190933776698e-05,2.782597024693395e-05,1.8823844205733005e-05,3.3738247123363132e-06,2.6244539955699057e-05,3.730810345355587e-05,2.2577260137218415e-05,2.3470201197970686e-06,1.130047448749139e-05,2.7428926267535518e-05
csgE,csgE,0.00019373638998009367,1915,5.546388221199916e-07,2.4004506189360355e-05,5.6596913231210764e-05,1.5537870560648343e-05,6.9291255467679146e-06,2.9390200250250685e-05,3.1327595588210984e-06,1.2509530406253103e-05,1.3007452377197875e-05,3.207339303746352e-05
atpA,atpA,0.00019278043923757183,1916,1.7066128552963832e-05,2.777714690568722e-05,1.0383885979132951e-05,4.0424190259281126e-05,2.0712633831247664e-05,1.5858810382046288e-05,1.651937549364996e-05,1.9589912441629338e-05,2.3204722080933292e-05,1.24363331100015e-06
purK,purK,0.00019267895146052788,1917,4.633833214152935e-05,1.609214811896417e-05,1.9389817479630074e-05,3.119800273192767e-05,1.6758124671950577e-05,1.090856854208888e-05,1.7651386954164997e-05,1.6207054872093993e-05,7.98620976370927e-06,1.0149306184468867e-05
essD,essD,0.00019214810123152517,1918,5.189531827479634e-05,1.1833964844137216e-05,1.8868757677316215e-05,1.3924795898335541e-05,4.349445586625006e-06,4.3721778041008645e-06,1.5888427509389266e-05,3.108897682170141e-05,2.9942124500703284e-05,9.984112314420007e-06
yhjX,yhjX,0.00019107484914530944,1919,1.1569783233065809e-05,1.712613109896005e-05,1.696936462543547e-05,2.5782216599095305e-06,4.940586286878387e-05,1.76926630100103e-05,5.893521909799396e-05,7.149056457835292e-06,6.028952707900104e-06,3.619594385415056e-06
spy,spy,0.00019101520961873434,1920,4.256715394877194e-05,1.8458222996901088e-05,7.526915671253532e-05,6.121888323061333e-06,1.4118559074715138e-06,6.2224728937009705e-06,2.279529515465943e-05,1.6244983702135991e-06,1.1917873183989911e-05,4.626792127429212e-06
hemA,hemA,0.00019063572813867656,1921,1.0156658708717033e-05,1.5735594110280643e-05,1.1120136135679593e-05,6.850864962775398e-06,2.373033827085357e-05,5.609652738825396e-05,5.1853779377664734e-05,1.0930204990357603e-05,3.6221670616337455e-06,5.394571324603077e-07
ydhR,ydhR,0.00018956376232081364,1922,3.069832679946865e-05,5.636140313480591e-06,6.527368670117613e-06,4.2813048277118e-06,5.437752071504922e-06,1.1008517932106434e-05,1.933502874337943e-06,4.531886428731107e-05,6.702147802613412e-05,1.1700506518640499e-05
pflD,pflD,0.00018773946030534557,1923,7.828737864715219e-06,5.305390838519904e-05,4.002846022197086e-06,1.4230936352182974e-07,6.00859739975777e-06,1.582703064676012e-05,2.5201575665642853e-06,2.7576800204486124e-05,1.141160665468966e-05,5.9367466197454436e-05
tpx,tpx,0.00018704266905367545,1924,3.114294280067604e-05,3.3218617067408884e-06,5.597982767669807e-05,1.0198637693093653e-05,1.5856368151259707e-05,9.424419067258183e-06,2.1859026145687166e-05,9.03910984574748e-06,1.2334085633735923e-05,1.7886390332778325e-05
GFP,GFP,0.00018634019593540162,1925,2.67069938469586e-05,1.214887506624056e-05,2.2121071366424882e-05,9.277261555097774e-06,2.6752395308060517e-05,1.8322717849090166e-05,3.988420788873643e-05,7.462477981996959e-06,5.626958156270199e-06,1.803723691652552e-05
betT,betT,0.00018623425745265036,1926,3.2701801282340064e-05,1.2018866286421169e-05,1.2053829359227904e-05,4.5340387576586774e-05,1.1356272368152618e-05,1.3683911854464055e-05,4.543975310566996e-06,2.547545051317672e-05,9.8691604150535e-06,1.9190602486660572e-05
lgt,lgt,0.00018615471492753146,1927,1.5661336931551572e-05,9.598706533658378e-06,2.551178953861436e-05,1.5499781278222634e-05,2.4025006362676568e-05,3.397140360137823e-05,2.8725055502770308e-05,3.633828669991922e-06,1.805804289968449e-05,1.1469763608982984e-05
yadR,yadR,0.00018568072574577264,1928,9.475100455786567e-06,2.0839888617888692e-05,8.834870248836122e-06,7.603249137621279e-06,3.7169251465789214e-05,1.564459540230813e-05,2.95612032801083e-05,1.1026831200355023e-05,3.4293323489377624e-05,1.1232412447701653e-05
osmB,osmB,0.00018535393808520663,1929,6.984402601964486e-05,1.039917676950523e-05,1.095526927091315e-05,5.263770357871415e-06,2.1336221412220762e-05,3.446922731416666e-06,1.8697125890209116e-05,9.494754798163922e-06,1.844038517675574e-05,1.747628565850576e-05
yidR,yidR,0.00018488254322422668,1930,2.792389473954168e-05,3.2862723781923592e-06,3.444730285904081e-05,1.4335730651834522e-06,2.3803478580011713e-05,1.1134856580042433e-05,1.5559863962557696e-05,1.3288502621849015e-05,4.5983446358942575e-05,8.021352078864955e-06
phnE,phnE,0.0001845567141128095,1931,1.80021933087521e-05,3.7912235320661746e-05,3.05228833305285e-05,2.4600584858442494e-05,2.463314224757808e-05,3.493247335383507e-06,1.781142381446667e-05,2.2419939923381094e-05,1.5972768554322517e-06,3.5637871181830334e-06
acrD,acrD,0.0001845103715839516,1932,4.021790329461673e-05,1.0874487744998935e-06,2.5308097804631306e-05,3.27872124534346e-05,1.7123508931926165e-05,1.1179777545588383e-05,1.6223827244231758e-05,8.25692424120106e-06,1.56975709943511e-05,1.6628100299470593e-05
yafQ,yafQ,0.00018446119543666145,1933,1.0214623726620061e-05,9.338179615860086e-06,1.8028858471901518e-05,6.449745730538377e-06,8.298018939265855e-06,4.1954756429287295e-05,1.3816015328757745e-05,5.30805787896142e-05,1.0788959175126319e-05,1.2491459229690002e-05
gspH,gspH,0.00018426105762269672,1934,1.6017496761675777e-06,7.138368227589551e-06,3.1233656551219245e-05,1.802579435241269e-05,5.621468992511929e-06,1.3978368711528124e-05,8.62868149006966e-07,5.643210159899217e-05,4.378671668086015e-05,5.5799646824083185e-06
nagE,nagE,0.000184222568839115,1935,1.433073336463855e-05,2.834873567715064e-06,4.5236199253940074e-05,3.780824324602861e-05,2.5465126780634107e-06,1.0533452619523857e-05,4.6745336594627754e-05,5.733298450662782e-06,1.1115154363499918e-05,7.33876470041497e-06
cobT,cobT,0.0001831913371028554,1936,1.789692279913522e-05,4.203346382663631e-07,1.733410798929779e-05,4.434721214779612e-06,4.304708957377145e-05,2.2315191738229026e-05,8.92754590351565e-06,1.7960699587237368e-05,2.4057280977452853e-05,2.6797442681170066e-05
lepB,lepB,0.00018178904752891355,1937,2.9913792520660563e-06,2.7464651406023638e-05,1.718239237522233e-05,2.9615701202829803e-05,2.9077801610292274e-05,6.431301937305153e-06,2.106106664319021e-05,1.65859019852166e-05,2.3420232599455345e-05,7.958618517312152e-06
yfcS,yfcS,0.0001816521971932097,1938,3.5097815860569e-05,2.5697862363588113e-05,4.715605988974573e-05,8.41908972967788e-06,1.2440119101266789e-05,7.792601165677817e-06,1.998763579480767e-06,1.7103762919552347e-05,2.1224615886944402e-05,4.721506696706837e-06
yncG,yncG,0.00018162697857063633,1939,3.0579527791526835e-07,8.013824178201261e-06,2.9755404991043562e-05,1.9296292942567345e-05,4.592481342704629e-05,1.634197333011528e-05,5.271702793693078e-07,1.5900839668884783e-05,4.282943871791578e-05,2.7314257575774545e-06
yjfO,yjfO,0.00018150267632745254,1940,6.317478022777505e-05,1.5648302542932867e-06,8.28413582547424e-06,3.430552353748196e-06,3.4321497683256476e-06,4.201075317672283e-05,3.540109920720292e-06,7.468326148983662e-06,2.1728073222114806e-05,2.6868965429294533e-05
recC,recC,0.00018129422147356768,1941,2.5686225662219303e-05,8.44601919783492e-06,1.456996431801187e-06,3.418424367559261e-05,1.8813437161710007e-05,2.5146834372849654e-05,8.88899373338072e-06,3.7278473048662235e-06,1.608130630740557e-05,3.88623176259075e-05
cydA,cydA,0.00018118619027861877,1942,1.9103732137587928e-05,2.4818925746898375e-05,3.988428046939931e-05,1.110668762311672e-05,4.4949475334263574e-05,1.5018789674504671e-05,6.096760537232589e-06,6.2199078233162224e-06,4.644305334127052e-06,9.343325598172356e-06
hisL,hisL,0.00017920983088309166,1943,3.4026896710866523e-06,5.8238788566500925e-06,1.356056318785229e-06,9.899591575351225e-06,4.1057039983436765e-05,8.256263924509833e-05,1.2803024458638051e-05,8.088317599728719e-06,5.512800966628129e-07,1.3665313077653772e-05
yggC,yggC,0.00017869876215777765,1944,2.6981327694737595e-05,2.068561027412892e-06,2.509268764434248e-05,1.1172659601071391e-05,2.9999395059405625e-05,3.904169974404399e-06,1.999341360498452e-05,1.272830872714348e-05,1.8988754438411685e-05,2.7769484385863605e-05
yfiF,yfiF,0.000178151759074004,1945,3.790392313356083e-05,6.204614182712755e-06,3.8380389821649915e-06,1.1497639185452556e-05,3.876699765088907e-05,1.2194710186964267e-05,2.0126251837872554e-05,1.0749811726974797e-06,2.0665699524495034e-05,2.5878903217194503e-05
yieF,yieF,0.00017729027963713084,1946,6.248618215721466e-06,2.178567320221624e-05,2.5715344075335667e-05,9.096270622378633e-06,7.375787794819104e-06,2.8170811217191975e-05,3.6398562277512304e-05,2.251248969462395e-06,2.358951736315189e-05,1.66584458993412e-05
cspD,cspD,0.00017698550991259243,1947,6.333628845199755e-05,1.0068654085991518e-05,1.2405425028154265e-05,1.674692797216715e-05,1.5379072143635256e-05,8.68660261355049e-06,6.357610005853869e-06,5.563498162565019e-06,1.9721023143525375e-05,1.872040830515196e-05
focA,focA,0.00017609498358748916,1948,8.236440540692598e-05,8.284037369714034e-06,3.609298171121552e-05,7.836995779631924e-06,7.080947049905619e-06,6.202487490345256e-06,9.562255585762987e-06,1.3026483095061588e-05,1.5070307912207661e-06,4.137359307705497e-06
yohM,yohM,0.00017351408384895362,1949,2.1767554225567518e-07,1.5798745798362368e-05,4.614991348734399e-05,2.3851921727755067e-05,2.950556283180124e-06,1.8060395429290047e-05,2.2586724460426403e-05,2.5190296156569934e-06,1.915575432676495e-05,2.2223367177918025e-05
rssB,rssB,0.00017334383847805696,1950,2.0887392019761713e-05,5.302831613344173e-06,2.508434133668563e-05,4.60368629752529e-05,5.852895643419159e-06,1.3475675079621634e-05,2.937129005382935e-05,1.7328305232710103e-05,8.2703738015297e-06,1.7338707219026161e-06
yacF,yacF,0.00017237880653892356,1951,2.680962114633605e-07,2.0757796894457243e-05,6.62986316656061e-06,3.2226651420290063e-06,6.498215333596772e-05,5.267196328452738e-05,1.1721772707656371e-05,7.138240305029748e-06,2.974319527064112e-06,2.0119359641680303e-06
map,map,0.00017162558646635588,1952,1.5551242376075557e-05,1.283548270964161e-05,3.366143242433556e-06,3.840110004333544e-05,3.869656224676894e-05,2.71774552766876e-06,1.1003266748158697e-05,1.794598446874281e-05,1.9989033553502903e-05,1.1119025550027612e-05
dgt,dgt,0.00017138384390167767,1953,4.186595285557464e-06,1.4284663221844283e-05,1.6096339840300953e-05,1.3640842782827741e-05,2.879895608996003e-05,1.2986440753305547e-05,1.8813454865931434e-05,3.525392660881465e-05,1.8957403320892764e-05,8.365221132242807e-06
gntK,gntK,0.0001694857271566722,1954,1.1989070015213838e-05,1.7831935510684018e-05,1.3168900212102199e-05,3.652471144797945e-05,1.0195107616460732e-05,3.972475718336872e-06,1.2909535895826265e-05,3.161463760018389e-05,1.0133277714549763e-05,2.114607542533518e-05
uxuA,uxuA,0.00016769864208693576,1955,3.143699797664563e-05,1.2540556361470752e-05,1.5821170453636845e-05,2.4595963489730782e-05,2.256885009455351e-06,2.032427097403814e-05,3.7253725510597573e-06,3.869860236487082e-05,8.875508630229218e-06,9.423314275798429e-06
dkgB,dkgB,0.00016708443790832515,1956,2.2519746847897544e-05,9.838793655660754e-06,2.6077308913263618e-06,4.249225921830792e-06,2.6040476848668134e-05,1.804377298957202e-05,2.9825339706771922e-05,3.881161790161089e-05,4.4820356711364425e-06,1.0665697473850267e-05
moeA,moeA,0.0001669604244575322,1957,4.612221768746157e-05,1.6701914333499177e-05,8.289077113238302e-06,2.6906931735954476e-05,1.2458685260008724e-05,4.0617582469886435e-06,3.3538585621331596e-05,6.983035161454654e-06,7.675893956957718e-06,4.222325340637336e-06
lar,lar,0.00016490334689356042,1958,3.135628579370868e-05,1.4320776266448692e-05,1.2114698500752757e-06,1.4837513277464208e-05,2.593568002169207e-06,1.2459349127156908e-05,5.40556927054232e-05,2.343511751470983e-06,4.702606450010729e-06,2.7022573669632536e-05
ykgD,ykgD,0.00016385542042916603,1959,2.777453868417504e-05,1.2947359147751581e-05,1.1928717377324741e-05,1.813043500371362e-05,3.4243720676867674e-05,9.248308875956105e-06,9.019218981465281e-06,1.011742794969148e-05,1.3908101112270798e-05,1.653759261994974e-05
fruR,fruR,0.0001635916770231254,1960,1.2970033013595363e-06,2.9227756427845518e-05,1.3000937129309592e-05,2.793266580743883e-05,2.159863399117548e-05,1.7582815827777207e-06,1.0428052406639159e-05,1.89059781831892e-05,3.0435554736906902e-05,9.006813456483486e-06
eaeH,eaeH,0.00016234271762057592,1961,2.371191726360437e-05,1.2654414098560493e-05,2.2345001664904136e-05,5.574769107250753e-06,2.1884799288336163e-05,6.277672649070461e-06,8.618838701549623e-06,2.086313516648535e-05,1.3388731560974944e-07,4.0278282365204816e-05
tilS,tilS,0.00016183239446027615,1962,5.846055837910699e-06,6.440551065410455e-06,2.3809089444535612e-05,2.3485234430052705e-05,1.9193571312013805e-05,1.6943367063507472e-05,1.1187602716998224e-05,2.935908542953759e-05,1.4177035319063988e-05,1.139080184124562e-05
LELOBEKK_atl,atl,0.000160998344230204,1963,4.180456908615733e-05,3.7770881392237947e-06,1.2171405275970397e-08,2.0735327570646437e-05,1.2039784266742541e-05,3.698103494319222e-05,1.8634658744443688e-06,6.168675290236686e-06,4.709317359350352e-06,3.290691029493429e-05
yejH,yejH,0.00015867391708445725,1964,1.1540500799097558e-05,5.137776947639258e-06,2.575149601969095e-05,3.2420647701006095e-05,1.406390804912603e-05,7.6120157862563965e-06,5.321592916300743e-06,3.08790623058583e-05,9.293830004396133e-06,1.6653086555085766e-05
lolE,lolE,0.00015825498575331855,1965,1.2169848332295067e-05,3.829408416599136e-05,1.7681494806378552e-06,1.910333960395865e-05,8.209797559420697e-06,6.20556223748392e-07,1.686581444615758e-05,3.5251225597388845e-05,2.186663882128836e-05,4.105531522431735e-06
ybeR,ybeR,0.00015598762525590072,1966,3.919455981227742e-05,2.1409046536300215e-05,3.575705002120426e-06,8.430155363002039e-06,2.7129765330991605e-05,1.3332655634464583e-06,1.124008638457801e-05,3.2726295469301223e-06,8.071846011784414e-06,3.233056570447002e-05
yicH,yicH,0.0001551526873555036,1967,5.7187423210408165e-06,1.093365872742292e-05,1.599841721148373e-05,1.708379741241652e-06,3.4379512187662424e-05,3.298021031127582e-06,8.352400220480133e-06,1.789144626720842e-06,2.1917742774727806e-05,5.105666851359571e-05
ybjD,ybjD,0.00015394434538457935,1968,2.3050944502079874e-05,2.4761759429991033e-05,1.1760624707797142e-05,1.8669059004370217e-05,1.6248476345385202e-05,2.474733936340865e-06,2.139802915654852e-05,5.251801411345177e-06,2.095446677310612e-05,9.37445011761519e-06
fieF,fieF,0.00015350224735640743,1969,5.086137527750701e-05,7.655441022908694e-07,4.1873443942029626e-05,3.7545609079715526e-07,5.056560008481225e-06,2.1622455485261955e-05,1.1184221115951929e-05,7.2689461073558e-06,1.074360691354894e-05,3.7506383131829393e-06
hemG,hemG,0.00015257321944508434,1970,5.5959604355531044e-05,2.764325741373404e-06,4.999194527061368e-06,1.8145702419907483e-05,6.626817859146337e-07,3.256333750070615e-05,3.49156836580933e-06,1.7604132582890755e-05,1.3654898310978438e-05,2.7277738549117024e-06
tufB,tufB,0.00015220912994180487,1971,1.15263053627392e-05,8.04924678725087e-06,2.4754545280435697e-05,4.069486173316291e-06,9.793734498414056e-06,1.4123564796168447e-05,2.4547769452538436e-05,3.1693514018020344e-05,5.003580268864992e-06,1.8647383304056514e-05
glpG,glpG,0.00015127983494090408,1972,5.3285129826665656e-05,1.0484498374247782e-06,2.3165611477166335e-05,4.87844680702601e-07,2.7485055743595724e-06,1.7811035336601747e-05,9.48083230299068e-06,6.059937773928875e-09,7.163133800414381e-06,3.60832321668044e-05
yfdS,yfdS,0.00015118672565165057,1973,2.7901639460957204e-05,8.641875506340473e-06,9.478693351976317e-06,1.1229073506707707e-06,4.325378141276912e-06,2.921909897230146e-05,2.3014362854206853e-05,1.321357086433814e-05,8.681859098232776e-06,2.558734005134966e-05
potB,potB,0.0001509594866974575,1974,3.483639256076015e-06,5.008784553754163e-06,1.1628414808150625e-05,4.190506905499819e-05,3.116144677176716e-05,4.102022247003292e-06,1.28091908484906e-05,4.885152768722553e-06,2.9876008399453083e-05,6.099757989041831e-06
yhbJ,yhbJ,0.00015034241557261978,1975,2.3787683963286985e-05,2.222922357143897e-06,2.2070669395014178e-05,2.2046007662474047e-05,1.3179340003383499e-05,2.457956051252686e-05,4.596083538746367e-06,2.667121510654145e-05,6.732679489149463e-06,4.456253544353066e-06
yifN,yifN,0.00015033719248664894,1976,1.2144991737477101e-05,5.6367459251212394e-06,4.2114549722603006e-05,1.4676991027820493e-05,2.127190669519527e-05,1.5874396894205715e-06,2.3909002676867314e-05,1.1351427821782527e-06,1.76470760109415e-05,1.0213346219024211e-05
yabI,yabI,0.0001497365209822443,1977,1.9125529124715984e-05,4.062155751171522e-05,1.238712471482132e-05,8.010236640274212e-06,2.3901854161697183e-06,2.574563108700079e-05,7.768836259668486e-07,7.598412819529431e-06,1.956773133007626e-05,1.3513228711974497e-05
nudF,nudF,0.00014908488467882763,1978,4.4042625246852756e-05,5.9462695575373905e-06,8.593526130991324e-06,4.944390847120328e-06,3.983142732515445e-05,8.833195466140432e-07,2.8540802880989954e-05,9.362812614370982e-06,5.318580720750234e-06,1.6211298084461932e-06
gntX,gntX,0.00014815402476688397,1979,5.819883565151353e-05,1.2551699574451053e-05,1.8430602450349216e-06,1.1836135874575724e-05,4.268545080745567e-06,9.198924965904435e-06,7.977941132926865e-06,3.0238215926328942e-05,7.28798653373209e-06,4.752679781670857e-06
srmB,srmB,0.00014746241135054396,1980,5.5807590226332215e-05,1.34505923116656e-06,2.6020945751768585e-05,3.6252382969947915e-06,1.479184007509823e-05,3.5763063829955284e-06,4.141138087991174e-06,2.0105106036102016e-05,1.1303472109720014e-05,6.74571515237482e-06
ydhW,ydhW,0.00014726314724021027,1981,2.552273989176824e-05,1.6133570323510843e-05,1.4230940729299024e-05,1.0574274017591042e-05,1.498673993808764e-05,1.924472051495237e-05,1.3524090092466371e-05,1.5297040061396013e-05,9.793467855307951e-06,7.955563815830807e-06
gatZ,gatZ,0.0001467732105111949,1982,1.2648898343103543e-05,7.738445731404427e-06,1.7197134737586273e-05,2.424764150525518e-06,8.370009829425627e-06,5.497031190120307e-05,1.0615336627982783e-05,8.116569001641195e-06,5.934811947369502e-06,1.8756928240952955e-05
bglG,bglG,0.00014222753022732787,1983,8.04715167168833e-06,1.9815820093490903e-06,2.3941707227046908e-05,1.0390090614066117e-05,7.28516008429329e-06,1.2543966624531437e-05,5.087155230575634e-06,2.9605841942185775e-05,2.644947234872962e-05,1.6895402474861683e-05
nuoJ,nuoJ,0.000138420685796278,1984,4.024867250819157e-05,5.610457002134116e-06,2.9606932325501318e-05,4.247700328977403e-06,1.2273546997239354e-05,7.57542629127185e-06,9.76440879234612e-06,1.488445638612883e-05,2.724239657529833e-06,1.1484845506957596e-05
purA,purA,0.00013370605134540377,1985,5.703014932238308e-06,1.3886217337674967e-05,3.95623631927165e-05,2.7862038958307686e-06,2.4122670981587136e-05,6.5182674577988214e-06,9.812599139031883e-06,1.5101330077443713e-05,1.0470954629818535e-05,5.742429701263163e-06
gudD,gudD,0.00012726922940371163,1986,4.474438728070705e-05,7.182530716441822e-06,2.535842395037745e-05,1.0316765134428501e-05,1.8230910526524455e-05,3.6951581848267565e-07,2.3529514036834774e-06,4.981024377890364e-06,9.735757612648605e-06,3.996962582527235e-06
yhdU,yhdU,0.00012578490866458987,1987,2.2161664611074765e-06,7.335296027366334e-06,1.4099836394662077e-06,3.659385756259116e-06,6.048903244052541e-06,1.4767733373459211e-05,2.2664094352819562e-05,3.4217154175345584e-06,2.1588399011330033e-05,4.267323138119483e-05
sdaB,sdaB,0.0001242648997372976,1988,5.632094295891706e-06,3.811848794050497e-06,1.2756547208386372e-05,2.4640663024855086e-05,1.0853360863233978e-05,4.382413216549305e-06,1.0975617279033915e-05,1.622538093658961e-05,7.67553341686387e-06,2.7311440701843274e-05
yfeU,yfeU,0.00012347919753466952,1989,4.271123543637163e-05,3.8443524905340545e-06,4.416125267520163e-06,1.6738226485284955e-05,1.0295644143455612e-06,1.2471204298641926e-05,4.81114419013863e-06,1.7848691047846065e-05,1.8305508854736906e-05,1.3031450492495955e-06
dam,dam,0.00012242075698286415,1990,5.737494264327441e-06,2.5364502083483224e-06,3.5998427213158726e-05,2.1516252147463928e-05,1.7561290814075382e-06,1.4463923198341205e-05,1.8432882403529395e-05,9.493253651682986e-06,4.004896918896485e-06,8.481047895708125e-06
nirD,nirD,0.00011872248627498226,1991,2.4115330211669246e-05,9.992815886169921e-06,3.644987028018369e-06,5.189598170749602e-06,3.36747362010224e-06,1.7454109820489233e-05,2.5665642945415613e-05,6.872565685772236e-06,1.2553548421799343e-06,2.1164608064415882e-05
pabA,pabA,0.00011428468142014757,1992,4.205722455003285e-05,1.2148166377528616e-05,1.4499208076619922e-05,1.60950831390558e-05,2.985821482001941e-06,2.424467520675186e-06,3.795592824945511e-06,8.405241742697146e-06,3.670607429503974e-06,8.203268277086606e-06
ydjK,ydjK,0.00011194934854443044,1993,3.2930886485276446e-05,8.488517596037298e-06,1.9545098250628787e-06,1.6422626845389705e-05,4.253845571680628e-06,7.112471871439402e-06,1.1471626687548281e-05,2.257986126398946e-05,2.0029696462854305e-06,4.732032751720901e-06
LELOBEKK_appX,appX,0.00011150903396181064,1994,2.5242090277116217e-06,1.9347811762217683e-05,1.9295328202418233e-05,2.221900152578768e-05,4.2317918408480535e-06,2.214179870257696e-06,4.835753746258415e-06,1.7806170013295758e-05,1.1696766919860362e-05,7.338021053155139e-06
greB,greB,0.00010894593219296115,1995,1.7523476057428465e-05,7.36330743907517e-07,8.460480220568335e-06,1.0727891544809284e-05,5.6965013894377325e-06,2.2248001362496387e-05,1.6985439731559856e-06,5.6904945604348775e-06,3.81920143038573e-06,3.2345010910336846e-05
iscR,iscR,9.534886510200274e-05,1996,1.124836235621885e-05,2.4561927685194174e-06,3.0264204027745047e-05,3.845211621786932e-06,5.639512661746414e-06,1.4883202146501794e-05,1.133869283633481e-06,2.03467879613324e-05,6.519403435799188e-07,4.879581930938474e-06
sieB,sieB,8.401012154489606e-05,1997,1.702361790364181e-06,3.513378079249297e-06,7.512806129252255e-06,1.2513974427984679e-05,2.6958536805407564e-05,5.03660628103536e-06,6.707667193999564e-08,2.7648232143281168e-06,1.1746218558955914e-05,1.219433958637869e-05
def,def,4.8959652347142156e-05,1998,1.3717188443853952e-06,8.414656809377876e-07,5.6329386101115525e-06,3.9242109401262917e-07,2.832560501364172e-06,1.6264168892992635e-06,1.2071604265007511e-05,9.918989042168618e-06,9.804062702087252e-06,4.467474717767975e-06
