gene,gene_clean,score,rank,mode1,mode2,mode3,mode4,mode5,mode6,mode7,mode8,mode9,mode10
tyrT,tyrT,0.003017953459831435,1,0.0024530187544540344,0.00030939972739956297,2.635131103738618e-06,1.9599015552051044e-05,4.0507736267718265e-05,5.961281111057556e-05,1.2556129418290181e-05,4.3382291578712e-05,2.31552709906235e-05,5.408659195612879e-05
rpsD,rpsD,0.002961139238969731,2,0.002052864178773393,0.0004776079218558495,0.00010859742109961032,3.675302447555199e-05,0.00010747720369000249,1.8286445435421953e-05,2.2515413045007265e-05,2.7276795277884208e-05,9.055855533147873e-05,1.9202279985531792e-05
rrfB,rrfB,0.0029444069275364284,3,0.0017967494462507324,0.0008800567276673413,2.3927909241780188e-05,8.248273963933465e-06,4.342265457853128e-06,2.9358076297146284e-05,5.657009197364677e-05,3.2144870871062556e-05,2.475856877284431e-05,8.825069704008726e-05
rplO,rplO,0.002884367569266973,4,0.0020518860901260405,0.00041012066778646635,8.499493201718273e-05,4.0034718218294804e-05,0.00012988416738757914,4.91313835108557e-05,3.876009251367228e-05,4.1815823432944955e-06,5.664713390847365e-05,1.8726801455113355e-05
rpmC,rpmC,0.00287376019975046,5,0.0018918851743208722,0.0005393544814517378,0.00015954386647560088,2.0745519524271038e-05,7.812399516624246e-05,4.941905370113493e-06,6.73632265790932e-05,2.776784375264582e-05,6.838964365248886e-05,1.5644543457394234e-05
tff,tff,0.0028699774780637666,6,0.0018620657190642988,0.00031877632676426116,0.00017826451838126196,1.7397187758001874e-05,6.241510464305345e-05,0.00014265521776807906,4.5491923918528796e-05,0.00012173678649725701,7.788916326255978e-06,0.00011338577694276844
rpoA,rpoA,0.002852412308190213,7,0.0019304752219347207,0.0004470770205433566,0.00013701965081760076,1.2602018955761339e-05,0.00010994162703660414,5.102416346654693e-05,5.07959244116652e-06,4.45460931450622e-05,0.00011343200548343698,1.2149143659562239e-06
rpsK,rpsK,0.0028112853105219794,8,0.0020727388805241043,0.00041491932220249616,9.764070856257803e-05,5.7603260868979376e-05,6.932657465183648e-05,6.6806697650969156e-06,3.473609672523863e-05,1.832686710633222e-05,3.0341213868683417e-05,8.971716246634037e-06
rplC,rplC,0.0028075074148283937,9,0.0018669822066415093,0.00046662243276621846,0.00010520132015874049,1.8692628702809496e-05,0.00014937927781322088,3.395974348258909e-05,3.044169558405654e-08,1.5222492771470775e-06,0.00013237851921902652,3.273859507154841e-05
aspv,aspv,0.0027765886530703257,10,0.001878353090443245,0.0005331438876810188,3.754583610175859e-05,6.321939223880706e-05,4.428889882159649e-05,3.532149085273696e-05,3.62033272015545e-05,2.6778299325415985e-05,4.1877217645538804e-05,7.985721275865354e-05
alaw,alaw,0.0027493749791202026,11,0.0020641581988098344,0.0004244111297848416,5.0816067307610965e-05,1.5344761050672353e-05,2.6534724835061184e-05,1.555541927232823e-05,1.5160735997400602e-05,4.0887685326433186e-05,1.1997927471976455e-05,8.450832926404355e-05
rplD,rplD,0.002713317410596262,12,0.0017327264011675284,0.00040443764344490966,0.00010684480744843454,0.0001089263182574117,5.583013716459878e-05,6.681884755290471e-05,5.773081754650722e-05,1.0159740856735206e-05,0.00010504674999097821,6.479594716625288e-05
rplL,rplL,0.0026277903285655277,13,0.001830446456115334,0.00042785076144855966,9.85792021409712e-05,4.484589038794729e-05,4.596293243333323e-05,6.959652121517547e-05,7.667779058728081e-06,4.258060887758517e-05,1.4051222070226636e-05,4.6208954817667e-05
thrU---thrToperon,thrU---thrToperon,0.0026100424143339087,14,0.0017083945679004387,0.0002981274849948509,8.150384365557259e-05,6.753719532454021e-05,4.545288769873278e-05,0.0001259210275088368,6.308937846045119e-05,8.365938431239829e-05,0.00012278985982531348,1.3566784652774211e-05
rplW,rplW,0.0025028181775641274,15,0.0016616911952047973,0.0004576929541472187,2.0168526860599365e-05,3.228610895160885e-05,9.764953940380343e-05,3.206282612900325e-05,7.746558415729143e-05,2.0217463950456466e-05,9.752892392525605e-05,6.055054834092162e-06
serV,serV,0.0024974879334924076,16,0.00155315773799106,0.00047041452034140007,3.4915729008221974e-05,7.254772153022329e-05,6.922316225922106e-05,5.7059565390854174e-05,6.590147026722556e-05,0.00013261643565047645,1.3037579397308227e-05,2.861401165641701e-05
csrb,csrb,0.002477376862904031,17,0.0014864712321456274,0.0002852404804091654,0.00013654786978800265,0.00010913453608760594,7.027628187452869e-05,0.00015209275307862753,1.943733751627946e-05,0.00010204279261737437,3.589441036002659e-06,0.00011254413835081722
rpsN,rpsN,0.002457602183576083,18,0.0016038070219339094,0.00044948224751967643,4.761939307283698e-05,2.690906753043822e-05,6.232549372712369e-05,6.84894480271575e-05,7.0659811574728925e-06,4.639188451263353e-05,6.916466171971767e-05,7.634698437511631e-05
rplR,rplR,0.0023008855541863734,19,0.0015530668124686812,0.0003635747614193227,7.270522190987097e-05,7.739695186264562e-05,5.0206770280769785e-05,2.2822966263790077e-05,2.9436956138843255e-05,6.504607399997248e-05,5.177610683735057e-05,1.4852933005126824e-05
rpsA,rpsA,0.0022544964637496445,20,0.0015834559809083156,0.0003878327443593913,3.8844645725479024e-05,4.248447682806148e-05,2.5417981627136283e-05,3.088362428921632e-05,1.4813726837767724e-05,2.8938003177774914e-05,8.95792905799478e-05,1.224598941655392e-05
rpsE,rpsE,0.0022395567890958782,21,0.0014402093218489672,0.000396684859156028,0.000111792440101297,4.867782802089612e-05,5.114940211530955e-05,3.683159536564934e-05,2.8483755889738885e-05,5.4358963932517936e-05,2.5618971232167022e-05,4.574965143330688e-05
rplE,rplE,0.002163632133742269,22,0.0013865675009031172,0.00039395052217014096,8.002546878694572e-05,4.172963429150811e-05,3.1459714506881434e-05,1.4397151581639172e-05,6.952935399551483e-06,3.3279899464625934e-05,0.00013276578686462944,4.250351977322995e-05
rplF,rplF,0.0021506808498230725,23,0.0014580833783303373,0.0004543632385982662,6.631678776093678e-05,6.156046077624451e-05,6.686582182715828e-05,1.7492375918402582e-06,1.1370500253399346e-05,9.3288476463392e-06,1.3122975056947488e-05,7.919601981603293e-06
tetR,tetR,0.0020148255662423955,24,0.001601461798208821,5.6102029177370724e-05,9.610864889558312e-05,7.41375410937911e-05,3.230662239456095e-05,1.546347905178539e-05,8.194339191183233e-05,8.845353662293123e-06,8.434735926094548e-06,4.0021965920263284e-05
rplV,rplV,0.001985328385245817,25,0.0012959127096828843,0.00027059206577031747,0.00010231159620152205,2.964013659208932e-05,4.1694200736694815e-05,6.823801111319648e-05,5.4307979031713806e-05,7.11362582542503e-05,7.079707158222102e-06,4.441572070492687e-05
rpmD,rpmD,0.0019818297775702136,26,0.0012539289294220555,0.0002539081052636497,4.610533965616176e-05,6.937492154687787e-05,5.104873139024389e-05,3.396777758291678e-05,4.912802065987622e-05,7.443807627905774e-05,6.42554393228977e-05,8.567443644647613e-05
rplN,rplN,0.0019769171228250465,27,0.0012578835003631357,0.0004061203538600399,2.487951229103827e-05,7.847058429365759e-05,1.803927704953918e-05,7.240606127030826e-05,1.9907151816893893e-05,3.795569037104212e-05,4.0367914855587094e-05,2.088707665380466e-05
Unnamed: 1,Unnamed: 1,0.0019469351246779417,28,0.0009861564268576586,0.00037534417634445656,1.9597387391154596e-06,2.216969989397193e-06,0.0001270766214976929,8.40603013749004e-05,0.00010151013946763256,4.772895468574719e-05,9.767668605652415e-05,0.0001232051096648167
rplJ,rplJ,0.0019329911469467538,29,0.001346300007420494,0.0003585379192684612,1.7304781138564892e-05,5.821998392849114e-06,6.359458463910514e-06,2.85742359550121e-05,4.25269365657011e-05,6.13649255723998e-05,1.001690967687859e-05,5.618397449248262e-05
rplA,rplA,0.0018609171873956538,30,0.0012024815371022835,0.00038169359809926934,3.155224874978164e-05,3.122331905836166e-05,6.015402423491458e-06,3.338087350184057e-05,0.00010952653278887204,4.8673727072610085e-05,8.750345201510464e-06,7.619603397632944e-06
secY,secY,0.0018601433181106757,31,0.0011992022042467989,0.00030676807463535114,4.391562179593613e-05,5.72838326936127e-05,5.059787330003771e-05,2.5273189340862647e-05,1.2189048379784632e-06,7.944255838862503e-05,8.275316532690761e-05,1.3687893544565692e-05
rplX,rplX,0.0017563047876930668,32,0.001066469836681624,0.00032886347180520177,0.00020072608203468309,2.4375856810870544e-05,2.8712523864576615e-05,1.4229565998188929e-05,2.453812215747989e-05,5.3663877039289694e-05,1.0442421487953347e-05,4.283029813198591e-06
rpsM,rpsM,0.001745378519489771,33,0.001109143784273097,0.00021562057337239383,3.593618861452278e-05,8.977099363723203e-05,9.628811492718005e-05,1.0011891639793221e-05,8.84511197669889e-05,7.049332322240922e-05,1.0303335128813968e-05,1.9359194907340388e-05
phnC,phnC,0.0017120598585073203,34,8.038917802817348e-06,0.00019146145490101614,0.0003079354010779303,0.00011657284912382539,0.0003315144724526,4.693662622782073e-05,6.7589141343677e-05,9.871784085653258e-05,0.00020217592261939592,0.0003411172321017047
fusA,fusA,0.0016855647105976255,35,0.0007687706167025062,0.00034975622119167127,2.5489385455836292e-05,2.3818109526737436e-05,7.100459280504152e-05,2.8859280449166148e-05,0.00013147168614099718,0.00011413841256802541,0.0001243662039627241,4.789020179491975e-05
INTR_alaXW,alaXW,0.0016802334557410818,36,0.0008100198673783644,7.197318730299467e-05,0.00011593293593796275,8.419705264644785e-05,5.763683164226647e-05,0.00014078023196109992,0.0001367725237344666,5.247387870876471e-05,8.078271193018992e-06,0.00020236867523569526
insH-1,insH-1,0.0016735958870609333,37,0.0009167987151318702,0.00015448992214972052,0.0001289694134711257,5.935862245384705e-05,0.0001119289811533117,9.25381494532516e-06,7.429301356264016e-05,6.225500721366022e-05,0.00014464317181724188,1.1605225162190926e-05
mCherry,mCherry,0.0016718387692073588,38,0.0009431152678069133,9.898551284322198e-05,3.037892071162438e-05,6.233210913601393e-05,0.00010517289395050652,6.610077439232334e-05,0.00012290485697983707,3.194926468075873e-05,0.0001389057928673666,7.199337583879333e-05
ampE,ampE,0.0016565879428278088,39,0.0008526821592885947,4.9927636848546613e-05,0.00012926968881499517,0.00010399315290060196,0.0001047828406527973,0.0001883350168167687,6.699819714476641e-05,5.781708047230977e-05,0.0001014480164128058,1.3341534756223187e-06
ybdR,ybdR,0.0016316202373543394,40,0.0006402793480888039,7.940459090792386e-05,8.39688801951841e-05,0.00014987077843442616,0.00011684663016592729,0.00013081115897548698,3.089126330205059e-05,0.00011445478965949839,0.00015690566937522082,0.00012818712824981724
ydfK,ydfK,0.001585221135587605,41,0.0008734341623158632,7.949376143767452e-05,8.741381550633275e-05,8.735893901467633e-05,0.00015501354982253853,0.0001060390827760255,3.880706924054187e-05,1.8415843071498846e-05,0.00012388440044359955,1.536051195885383e-05
rplS,rplS,0.0015734280641142638,42,0.0006543590792209807,0.0002108749556580503,0.0001482047817036614,2.5908270839078842e-05,0.00015858134217654272,4.1640982136896266e-05,2.3476397439218404e-05,8.183200788780247e-05,0.00014117963052906422,8.737061652296854e-05
rpsH,rpsH,0.0015593776404544957,43,0.0008240209399011971,0.0002909889558741324,6.373784146632953e-05,4.053999730327653e-05,4.4221792541254537e-05,6.829433908757324e-05,4.781120553076184e-06,0.00010049176564352804,7.85903834014267e-05,4.3710504682701636e-05
rplI,rplI,0.0015513400058155163,44,0.0010454289115728614,0.00023195443360142317,7.770590320700518e-06,3.235296070412832e-05,1.1673894134262436e-05,3.699985335248997e-05,4.274889749990131e-05,2.6262386334166434e-05,5.177078496838736e-05,6.437729332719523e-05
hsdM,hsdM,0.0015338404639334224,45,0.0002660309051929408,0.000196152451160897,0.0002038910524094098,7.448150634237179e-05,5.198586837211105e-05,0.00013814727009670385,0.00011693581642552566,0.00017611760519606277,0.0001233490465802866,0.0001867489421571131
rpsC,rpsC,0.001524257395524546,46,0.0006024179769206757,0.00032524092694621274,0.00012929286913614362,4.257380836776776e-05,6.081936110444304e-05,6.992581508276463e-05,0.00010956286790098775,4.8937512308059543e-05,0.00010466283676773066,3.082342098976065e-05
deaD,deaD,0.0015226205618672948,47,0.0009562498401945519,0.0002487242603418825,2.7001017398528206e-05,9.73184719959237e-06,5.0846544358806865e-05,0.00013547548114329315,2.410826059599466e-05,3.4963327747580944e-05,1.3994121907450043e-07,3.5380041667989605e-05
yecT,yecT,0.0015097625820605916,48,0.0009170270753043424,0.0001528774882945238,6.514125110966679e-06,0.00013083226026268393,1.0049238450685363e-05,1.8117375462742863e-05,8.554219046503021e-05,1.8035197754178205e-05,0.00014742962802365476,2.3338002931783108e-05
chbR,chbR,0.0014916220274303522,49,0.00048550504549453604,6.285241731039245e-06,9.558129489131802e-05,0.00010066190389378949,0.0001628559831419653,0.00013684911070623655,0.00013868396877351498,0.00014162615546338373,0.00018759406860606762,3.597925472850127e-05
ycdZ,ycdZ,0.0014742112551805338,50,0.00011697884552749306,0.00018213644635082894,0.00014078437446286428,9.180871945356295e-05,0.0003384800596470236,0.00016605239527489393,9.529136779484371e-05,8.965978479855393e-05,0.00010319166148362148,0.0001498276003868479
rimM,rimM,0.0014707159252857727,51,0.0007187099506966882,0.0002550108204057447,0.0001161911981224053,8.409016506431057e-06,5.6934063169129555e-05,4.088170811653432e-05,1.931432397824403e-05,7.476620354331295e-05,0.00015026770678320706,3.0230933964075596e-05
phr,phr,0.0014672112275622125,52,0.000516726717100507,0.00014524716992193266,0.0001179667317311015,9.732284184148123e-06,0.00017667993427628923,5.297421655019265e-05,8.301389028906522e-05,0.00013387930125472342,0.00012425796744087734,0.0001067330148133753
nuoK,nuoK,0.0014648339986692268,53,0.00028344843312287806,6.706329629497176e-05,9.926959627287161e-05,0.0001288683132577487,0.00015213505092563276,0.0002487657021107013,0.00022008038033026372,2.9195395583434117e-05,0.000151138966624508,8.486886414621666e-05
dmsB,dmsB,0.0014601262484581767,54,0.0008584307453516013,6.628455686692728e-05,0.00011430219086512497,6.0332708083286826e-05,1.6453934512957537e-05,0.00015344386434050752,0.0001466825555639203,3.166417368523663e-05,4.0552335381154794e-06,8.476285650499062e-06
ydaY,ydaY,0.0014579467759068111,55,0.0006982766769277508,5.477258738338565e-05,4.74213294648735e-06,2.5584803421681733e-05,8.317227456561509e-05,9.186985028808278e-05,0.00013998387343637432,8.766935671252748e-05,0.00018791326251070008,8.396195771420586e-05
rpsQ,rpsQ,0.0014541016976453592,56,0.0008493972232679453,0.00018844536875263466,2.8799627202934164e-05,5.527152974790633e-05,4.177779883967979e-05,0.00012356619903645686,3.916625808193948e-05,3.0405215789904572e-05,1.9131972428460547e-05,7.81405044974973e-05
rpoB,rpoB,0.0014535718253934863,57,0.0007884910415088699,0.0003759303050224271,6.949496485943754e-06,1.2326751953598336e-05,3.2758126527834556e-05,2.3921715415047356e-05,7.111128175612739e-05,6.172053470223588e-05,5.670442549636812e-05,2.3658146525033927e-05
pgl,pgl,0.0014341649809020845,58,0.0006529115475503102,9.743763051226896e-05,0.00015843317745172433,7.008629637401254e-05,9.541642790772715e-05,0.00014136537664695772,2.6410800748676828e-05,0.00013050704221237753,4.898952777330182e-05,1.260715372472733e-05
rstB,rstB,0.0014331199656021482,59,0.00040972328647456816,8.994885659506517e-05,0.00012059004930011931,0.00014731160808334273,9.181385741993027e-05,0.00012569291170587407,9.268289525072692e-05,6.293457041378506e-05,0.00011308470943409852,0.00017933722092463826
yecJ,yecJ,0.0014282959019599898,60,0.0007353975904232463,2.3482165224126295e-05,6.27113606195632e-05,7.766213308770344e-05,8.36711309994658e-05,7.293375669857018e-06,0.00010439435006522711,0.00011705549182319393,5.468587187087673e-05,0.00016194243217673002
glpT,glpT,0.0014228010979080307,61,0.0005653018625173638,4.556965540694351e-05,4.9111124105481884e-05,5.310833983494591e-05,8.853733104041906e-05,9.44711046408059e-05,5.6418623318429045e-05,0.00014885522823417156,8.583331011992712e-05,0.00023559451868954278
yihP,yihP,0.0014226806186689984,62,0.00047025829552283486,0.00011641176712387806,0.00021380478617321645,1.7053333033495005e-05,0.00011553081754710022,4.062287632059093e-08,0.0001592945048663363,0.00010146912795810613,0.00012091802387006067,0.00010789933969764978
ompA,ompA,0.0014199478982520198,63,0.0005123697339131417,0.00024002014479972939,0.00020323026688774968,0.00010928285174748115,1.4890607067027704e-05,9.31628845009123e-06,0.0001604846488113247,5.222034779456603e-05,2.5039096579818414e-05,9.309391220108975e-05
ebgR,ebgR,0.0014163970671128327,64,0.00040564542046659735,9.181528020708059e-05,0.00010427813903046708,8.947768917215267e-05,0.0001371621274951053,0.00012316342339817977,8.032324155631871e-05,0.00010741807895496818,0.00022656294005517184,5.055072677679112e-05
udp,udp,0.0014027215388256917,65,0.00028596293557556896,0.00017535306283830251,0.00016140553224284964,0.0001917284621153446,8.760522124425934e-06,4.143141675726571e-05,0.00010386181041778976,0.00025114206652246634,0.00010537078250604069,7.770494772563755e-05
rne,rne,0.001402561354365568,66,0.0005742977903280027,0.00011622281771910779,0.00017839613473694563,7.249160488886288e-07,5.282876568338326e-05,0.00010742956266123049,5.396960369223496e-05,0.00010725196113476267,0.0001671764550851821,4.426334727582946e-05
narP,narP,0.001401781424436633,67,0.0006175261304476785,0.00010805347628066933,7.446913443885517e-05,5.651967870003984e-05,9.120356985124878e-05,7.61590378531182e-05,1.5715766122592606e-05,0.00019928985928739304,6.743724639670326e-05,9.540752505833442e-05
mscL,mscL,0.0013884212125934172,68,0.0004598493534481159,8.486997169021413e-06,6.453357613066248e-05,0.00015133740335860672,1.88958622609043e-05,0.000261637765768307,6.83826621561812e-05,0.00021346090690360777,7.974450888021023e-05,6.20921765178004e-05
cpxR,cpxR,0.0013880774290799154,69,0.0005571909417791867,0.00010986821905638367,8.628242432346644e-05,3.630386319849512e-05,1.9305323701362243e-05,4.379802151744012e-05,0.00018061161647597618,8.778676440583662e-05,0.00013090338585708652,0.00013602686876468197
torA,torA,0.0013876183772506669,70,0.0006096179063651937,4.8836830321064886e-05,6.753910978120716e-05,2.6370900059951276e-05,1.3117348858512968e-05,0.0001277252026069609,0.0002433120511696826,0.0001754145259496008,1.761917656359042e-05,5.8065325574902325e-05
rplQ,rplQ,0.0013800647416213196,71,0.0008138857682604046,9.61963830959457e-05,1.7310321984516888e-05,1.960240831930689e-05,8.679556564606114e-05,5.052589312679608e-05,7.333371844652173e-05,0.00010892714920035232,4.610472707266498e-05,6.738280646874903e-05
yjcP,yjcP,0.0013797523615429255,72,0.000767875434595042,0.0001769369302016745,4.3490088194615374e-05,8.96587042921961e-05,4.1589418522654444e-05,5.051320251291369e-05,7.651335662340032e-05,1.5232795456673916e-05,2.2304817332622e-05,9.563761381113318e-05
ydcW,ydcW,0.001379303623276241,73,0.0008334847671617796,0.0001799929906645029,6.226954720356926e-05,2.6573274026050513e-05,2.2067838303133357e-07,7.032584086527039e-05,2.9788157826287196e-05,1.6037359771460754e-05,0.00010181841654603293,5.879259082825602e-05
folP,folP,0.0013771613857013565,74,0.00029711035817194887,4.513113002531959e-05,2.6865830438797322e-05,0.00024011315571606967,0.00013287691727752952,0.00014097699469254146,8.610281221968929e-05,0.0001649186733027161,0.00012849457602439078,0.00011457093783235387
fhuD,fhuD,0.0013760263462184361,75,0.0003637309709279416,4.186740144312146e-05,0.0002153757413554606,9.579445129231728e-05,0.00010084716165238473,8.826088206032932e-05,0.0001313758099672709,0.00014264304425459556,6.415649397113104e-05,0.00013197438929388368
pepQ,pepQ,0.0013721820997289501,76,0.0003978318294510145,6.417879872905582e-05,0.00019694470259210367,0.00010159982930045086,0.00012668717390648744,0.0001338793074477463,4.5839796182706094e-05,6.934109935888761e-05,0.00016374808322913782,7.213147953136013e-05
recE,recE,0.0013701061376410733,77,0.00034098975892126414,0.00016589347178149751,0.0002162235067190286,9.478751156765967e-05,0.00013921553235513303,9.815827658597991e-05,8.49894901830237e-05,1.81359382697204e-05,6.492174378871993e-05,0.0001467909074690462
rpoC,rpoC,0.0013701021923328413,78,0.0006388815384561419,0.0002710734213060709,6.13867818291588e-05,5.182386987481423e-05,1.7161985550449282e-05,1.1062329864974767e-05,6.260194443067005e-05,3.0395723622221537e-05,0.00011782980236930766,0.00010788479502903235
ykfC,ykfC,0.0013677074530052747,79,0.0006469683647528717,0.00013086960172924915,0.0001584650814669634,0.0001480149859638817,5.753647226545368e-05,0.00012390835112212456,1.522966730444576e-05,2.0111374616328742e-05,2.661884851399083e-07,6.633736529881631e-05
rpsR,rpsR,0.001362164914058373,80,0.0005666016699531236,0.0001286775622159834,0.0001271496621483214,8.157332802407988e-05,2.5381864918859847e-05,9.822337118807442e-05,2.9553573889661375e-05,0.00013849291272352178,7.781079669049338e-05,8.870017230625404e-05
ycjY,ycjY,0.001360893474092407,81,0.00048532465391004637,0.00010651701194062423,0.00011564780101884862,8.561599248057415e-05,0.00010249127687934301,3.2831291755779724e-05,0.00018377219763807638,4.676265918287809e-05,7.418231747378338e-05,0.00012774827181245314
yafU,yafU,0.0013601329774461858,82,0.00048752113378604467,0.0001259649910312865,7.370123233509575e-05,7.084699150802047e-05,0.0001909412443600305,2.9670466566258998e-05,0.00012123616333790463,0.00010765436366489709,3.7651678320310914e-05,0.00011494471253633635
torT,torT,0.001358607814626749,83,0.0005318764086078482,6.575350218606392e-05,2.2809887060589183e-05,5.13355872838142e-05,2.655961989914073e-05,0.00010998504311616384,0.00014606721964634934,0.00015008086226253053,0.00011032695273521886,0.00014381273182903037
ygeH,ygeH,0.001355372412410894,84,0.0006104890101190541,7.361611766782109e-05,0.00015387808763870156,5.862016288278334e-06,0.00016708760348280643,6.458944124301833e-05,8.728524576243604e-05,0.00011301684330813371,7.471435303016602e-05,4.833693870478169e-06
macA,macA,0.0013520768489543881,85,0.0004138587502173719,5.523314971430765e-05,2.315172594110576e-05,3.990964724312305e-05,0.00011661968253661891,6.53816959408274e-05,0.00010655096826234014,0.00019367320397347082,0.0001571509292515892,0.0001805470958736331
npr,npr,0.0013457816453401501,86,0.000246681140923585,6.73247074919833e-05,0.0002775785626459032,0.0001283129278679232,0.000185209796602839,2.8856109093607872e-05,2.0576341279915563e-05,2.104139617263075e-05,0.00023514812771623572,0.00013505253554552647
ffs,ffs,0.001345105725934533,87,0.0005215700464375249,3.196041449863054e-05,4.0572515979519565e-05,2.425432193281866e-05,0.00016104057770721628,0.00011943689953037788,8.490728201011097e-05,2.9530147084537197e-05,0.0001969349749104354,0.00013489854584336193
yfeY,yfeY,0.0013405581045144994,88,0.00027080183123300955,0.00014166242792814713,0.00017528048340633025,0.00023277796144483465,0.0002151931170796563,4.9358440124640635e-05,1.925098296579423e-06,1.2803056511733492e-05,7.212085655211679e-05,0.0001686348319374513
dbpA,dbpA,0.0013391166295080798,89,0.00039976081538461056,9.49445154928523e-05,0.00011619766051614036,0.00013191533521283647,5.858396422017054e-05,9.236395709648161e-05,0.0002490135220245298,4.979079716124681e-05,7.062670506684597e-05,7.591935733236541e-05
fabR,fabR,0.0013304318598348444,90,0.00017320818578233887,5.082841635692633e-05,0.0001922835500489113,9.751684225718327e-05,0.0002353536289233847,7.586606202068779e-05,8.76289447605108e-05,9.026125945633475e-05,0.0001286408943976471,0.00019884407583091956
yfdY,yfdY,0.0013285506021873327,91,0.00040287514761617506,1.3326309415991764e-06,6.875796546953626e-05,0.00014713187733840258,0.0001793548372779033,0.00015935398106984024,3.9386020056534584e-05,1.4251623457882546e-05,9.113194916398732e-05,0.00022497456979547143
hyaC,hyaC,0.0013258242239496461,92,0.0003679575306762701,9.45888087237626e-05,0.0001247420758457337,0.00016176448856278987,0.0001423125933727787,9.705652317723419e-05,4.724298630071809e-05,0.00011926366367277312,1.4954376101276116e-06,0.00016940011600745828
ypdD,ypdD,0.0013250481410835785,93,0.00046476221197384957,2.3674420489623017e-05,0.00013101847735289492,4.4064939467105554e-05,0.0001771766122363208,0.00021462094794223177,6.341378985446732e-05,2.3255986648607738e-05,0.00010651671190041996,7.654404321805776e-05
prpR,prpR,0.001323769188118802,94,0.0004897431639243364,4.954822458111548e-05,4.945110841797336e-05,0.00022917850570843373,9.019728829746684e-05,8.899654634172132e-05,0.00010375874594377789,0.0001680034187091549,3.8618008794458965e-05,1.6274177400363283e-05
ybhO,ybhO,0.0013228482422689162,95,0.00066708177068176,9.469458714576195e-05,0.00012459279724768657,3.5640878586488255e-05,8.875464962309387e-05,3.485173506431678e-07,1.5983678604215466e-05,0.00011040138232522857,2.625514734115404e-05,0.00015909483336288462
infB,infB,0.001322847119368315,96,0.0005924913721258796,0.00023488548659424908,4.371560602236846e-05,7.040410983568155e-05,0.00013043478715904185,0.00010041001936959316,2.392020229986475e-05,2.431414674131861e-07,6.885268091320272e-05,5.7489713581020903e-05
glnE,glnE,0.0013198341487307725,97,0.0005042722465913573,8.324502032758938e-05,5.071731959859195e-05,0.00010643911174360485,0.00013855698590668633,0.00012375416442140765,0.00011151844812506235,0.00011818630362238018,6.961512893022273e-05,1.3529419463869706e-05
ybgH,ybgH,0.0013198167906218509,98,0.0005210697286333727,4.611234376604929e-05,7.626960709418342e-05,6.169525532949436e-05,1.381663796561085e-05,0.00015971562906400068,0.00016778658104517889,7.173820330567383e-05,4.621058852246657e-05,0.0001554022158958204
ytfI,ytfI,0.0013173055356668387,99,0.0006116331149824189,0.00015777761506853975,3.420620963146075e-05,6.889402217381081e-05,0.0001410379810734805,2.616802436484961e-05,9.116449674137978e-05,1.2595254957130351e-06,2.7724907057060437e-05,0.00015743963907812519
purA,purA,0.0013172970740119487,100,0.00012669811875492878,0.00026401729799457294,0.00010562507345899322,0.00016272439909479654,9.179393529084815e-05,0.00022980150562958198,7.042475667868515e-06,8.250617589227855e-05,0.00014521822450436854,0.00010186986772371162
yfdP,yfdP,0.001314936835691589,101,0.00022368121336328067,0.00011911587677582734,0.00013069274968648776,2.017533485853861e-05,0.0002151857559684694,0.00011105928087789926,0.0001495370351726748,9.696334994355769e-05,8.123866934719847e-05,0.00016728756969765484
yddV,yddV,0.0013134593894468254,102,0.0005312337170477012,0.00018577823556284063,0.00019740362866883712,0.00015473787271313714,4.468163671658584e-06,2.5204837112321845e-05,2.65034254048461e-05,4.1918999546704995e-05,2.6255741755650207e-05,0.00011995476796312783
fliG,fliG,0.0013108754784978483,103,0.0004562073988758462,0.00010761839064713409,9.683137670551344e-05,3.194883208624704e-05,9.68832194483612e-05,6.9569116605903e-05,0.00011462340039838089,0.00016321172015484685,8.455361394050906e-05,8.942840963510634e-05
ybhH,ybhH,0.0013098613741941187,104,0.0006048424482048731,2.6059667143452755e-05,0.00011903942519939322,0.00012110397281261693,0.00010689965004162758,7.46741080351998e-05,9.041678372030408e-05,9.689129760054224e-05,3.687569128079028e-05,3.305833015531866e-05
yedD,yedD,0.0013095761707490126,105,0.00038189803287383065,0.0001939612097618957,0.00017568346549568455,0.00016432988040620966,0.00015616842896293496,8.89722709622405e-05,7.505225281197979e-05,9.417474893172375e-06,2.977971953321892e-06,6.111518262774232e-05
ftsH,ftsH,0.0013084109570981944,106,0.0006868524161899267,0.0002979893907345245,2.025782161757319e-05,6.831943859624593e-05,2.3799579249828377e-05,3.464537536124389e-06,3.972156939298782e-05,2.026798149537463e-05,4.319461764507854e-05,0.00010454360464053045
yqiJ,yqiJ,0.0013054745322915694,107,0.00044623135655937085,0.00014181879808548777,4.3337443533167484e-05,0.00012253036042128535,7.42507248427629e-05,0.0001442350667956434,0.00012835083015848807,0.00013523814219906926,2.5819918103850067e-05,4.3661891592443864e-05
yijP,yijP,0.0013049541224044723,108,0.0005086950066697835,3.036077630653702e-05,0.00020499073666894446,7.149358792924683e-05,9.059737870190127e-05,9.913938902209492e-05,0.00010766975549699541,1.1333005689737869e-05,0.00012642879885378392,5.424568706544712e-05
mgtA,mgtA,0.0013038877648345914,109,0.0005418409587124052,0.0001643294162205806,9.464185213508563e-06,6.292424307143826e-05,0.00011449813954147394,0.00010298976149871555,0.00010580974054810477,0.00011619811121666481,6.314961262690686e-05,2.2683596184792868e-05
yeaH,yeaH,0.0013010049435421285,110,0.0004367290837720971,9.7170393648178e-05,0.000176273830912254,0.0001274393026485873,6.323819754554953e-05,4.246487341147077e-06,9.840186402083709e-05,7.133037082650965e-05,0.00011205278804898673,0.00011412262477798196
yodB,yodB,0.0013009231941704953,111,0.00046909057143554506,2.1988584423078904e-05,0.00016550049513248895,0.00017422787202999582,1.6009369330539594e-06,0.00012186641179449498,6.465738512707784e-05,2.5541107315732403e-05,0.00011301241698359931,0.00014343741299542787
mug,mug,0.0013001511139448948,112,0.0002894447080961696,9.132765177972615e-05,0.00018614833950481016,0.00018503246198469698,0.0001103928935535263,1.667542185501418e-05,0.00010469828029259166,5.562336559561864e-05,0.0001607949502450597,0.00010001304103768172
ydiO,ydiO,0.0012996057860485894,113,0.0007247947922341277,3.3409545493317805e-05,5.48042097888063e-05,0.00010519749246126993,7.591070452273949e-05,5.0257151857129515e-05,0.00010791182919151211,3.9290832527526245e-05,2.776064323598496e-05,8.026858473617538e-05
ycaN,ycaN,0.0012950758095766931,114,0.0005849829438582904,2.3347326779910726e-05,0.00010337038664011368,0.0001512772589260408,3.891684899947204e-05,0.00011848767590416608,5.1971629930880896e-05,0.00010266368165165658,2.2834535411421314e-06,0.00011777460334501975
cpxA,cpxA,0.0012948429686217321,115,0.0005157287205479688,0.00010302151425043018,4.617179279072357e-05,0.00016653042799282658,7.832658109551866e-06,1.831914146016187e-05,0.00013658670242964202,0.00015989996238761092,0.00010991038072630635,3.0841667926510086e-05
recF,recF,0.0012923277797913437,116,0.00042945458195184453,5.9532276270171154e-05,0.00014737275334233616,4.106061829596169e-05,5.5385288651159316e-05,0.00020333706966678324,4.0268373401316724e-05,0.00014157162874445898,0.00012024233390706399,5.410285556024786e-05
yeeD,yeeD,0.0012921806000534706,117,0.0002810378036320614,0.0001557816344561203,0.00014291025916602935,0.0001430844024289908,0.00013530625436145076,8.619493685558036e-05,7.585336333227257e-05,6.485129808736815e-05,0.00010889343388682109,9.826721384677607e-05
yfdG,yfdG,0.0012919462009340894,118,0.0004048208761631891,4.2574875046336906e-05,4.078944006387649e-06,3.764442574088421e-05,9.686335399562123e-05,0.0002347147786785708,0.00016099120802672367,4.1700829110480254e-05,0.00011040435544185812,0.00015815255472403724
dgoK,dgoK,0.0012875022074385753,119,0.00043556553448885894,1.2286386774222252e-05,7.722878797280895e-05,0.0003009449625072617,5.652225217071326e-05,5.782268627853845e-05,0.00011277067506273734,4.147371856697689e-05,0.00012846078303783276,6.442642057862473e-05
thiM,thiM,0.0012848856812603365,120,0.00023592347604167838,3.7892122024970954e-05,7.545763043275143e-05,0.00027344469188170505,0.00015549107760628954,0.00015285318772911567,5.8415562547160996e-05,0.00015887319306513056,6.357031974645199e-05,7.29644201850819e-05
ybgQ,ybgQ,0.001284730254413759,121,0.00035821209015754284,0.00015446305838188898,0.0001591165182154317,0.00011494627433590044,7.406053845310226e-05,0.00012454925712939682,7.750882767301794e-05,7.81611260657807e-05,0.00011025712953408195,3.345543446761538e-05
yicN,yicN,0.0012841786296512296,122,0.0005198119149038177,5.717556073081292e-05,0.00010278723850071747,8.444801967769234e-05,0.00010920809905145131,0.00015545592714348678,3.800725791340399e-05,7.731976397537777e-05,3.8703249930725115e-05,0.00010126159782374422
nusG,nusG,0.0012840174719818227,123,0.0006839549158517608,0.0003456307988560246,3.678992394718156e-05,2.274896040557541e-05,3.193517273045929e-05,5.319496864557237e-05,9.547309044116993e-07,6.309424150934672e-05,4.68844387518453e-07,4.524491474397189e-05
ogt,ogt,0.0012837667877582198,124,0.00042126528019691725,6.680292692483826e-05,0.00018137246861202563,7.762932052508827e-05,0.00015300424656382224,7.224376801929182e-05,0.00010919435792571886,1.1983127957588839e-05,6.948332149420647e-05,0.00012078796953872217
iscU,iscU,0.0012836360595363126,125,0.0005955018694958947,0.0002947821496528209,3.141822770860804e-05,6.079127002432262e-05,6.503473095749519e-05,3.1898401601110716e-05,2.6566765260567703e-05,8.074146760109535e-05,3.1312660531300745e-05,6.55885167030966e-05
ycbJ,ycbJ,0.0012825283066788514,126,0.0007065529501035198,8.992776116243122e-05,5.108904605500709e-06,0.00010057531952414357,8.213270446859416e-05,2.758373258186018e-05,4.823982551101031e-05,2.683524073330942e-07,2.6388617485028314e-05,0.00019575013882942995
malQ,malQ,0.0012815216119027642,127,0.0004614234267888388,5.864873685422124e-05,5.976565813485497e-05,0.00010091817464448058,0.00010348174393951724,0.0001638225306400806,7.011514469504489e-05,7.545072074790692e-05,4.02431371842128e-05,0.00014765233827360633
rfbC,rfbC,0.0012811026213620993,128,0.000652121744124289,5.7558111875910446e-05,5.769786769180293e-05,3.524281331777552e-05,0.00017250152401444006,3.117131068586008e-05,0.00011242043885506254,0.00010484373352295898,2.400941051607048e-06,5.5144136222392496e-05
acpP,acpP,0.001280889970362565,129,0.0006881576836824835,0.00023890003845854313,2.1526335513643168e-05,3.611117636711258e-05,7.695678248510946e-05,9.528977030525712e-06,6.0443516847895046e-05,6.122080538180212e-05,6.46592755070742e-05,2.338537908837607e-05
ampG,ampG,0.0012797393161903964,130,0.000498654450333146,2.581331095642839e-05,7.314398534416973e-05,0.00011212216762040712,7.259436686388869e-05,9.665397181558717e-05,9.823741652551342e-05,9.682124197351338e-05,8.290162329725239e-05,0.00012279678146048987
caiB,caiB,0.0012773005131023947,131,0.000480784848920045,7.716145870793194e-05,0.00011791146072880145,9.411487320266754e-05,0.00018016819093898072,1.0935956461932695e-05,7.686809357532138e-05,7.275993014258494e-05,1.0604910116934948e-05,0.00015599079030719428
pstA,pstA,0.0012757598610086973,132,0.0004601927586483732,7.425566179133328e-05,0.00012907206050072098,0.00014700853254526644,9.10165480795044e-05,0.0001820400447700394,2.4170225550125703e-05,7.125197582417973e-05,3.944514691878392e-05,5.730690638037018e-05
rfaY,rfaY,0.0012752901100920595,133,0.0004260323851984463,6.27475960450564e-06,0.00016604409726273778,7.894827225183425e-05,0.0001243036956201972,0.0001333438824481989,7.195786058244245e-05,9.008309609178902e-05,0.0001386767131711789,3.9625347860729196e-05
glnL,glnL,0.0012724675746599238,134,0.0003270384663308231,0.0001305276616253298,0.00012016266622315563,0.00015263946166073624,5.850269396990949e-05,0.00014983685909273787,3.268788102012883e-05,0.0001035873482814783,9.741187860026637e-05,0.00010007265785535808
ybdB,ybdB,0.0012675564761745746,135,0.0002136534963432563,5.9556839177081445e-06,0.00017172615712790192,0.00020197178818087512,0.00019778636226321298,0.00012063165280016723,0.00010154992774813886,7.601790239531606e-05,0.0001036822205789002,7.458128481909791e-05
tpx,tpx,0.0012654096211151301,136,0.0003438997698001601,5.021021358947848e-05,2.9224208643403214e-05,0.00016467444221635925,0.00010288077785682777,0.000130898091168574,0.00022741153303129682,0.00010165819255600086,7.294458956845747e-05,4.160780268457215e-05
yfjH,yfjH,0.0012642670474109904,137,0.0005320550732798091,6.307766620707077e-05,3.379489886381308e-05,2.2768639978118842e-05,9.318656772495106e-05,0.000177988114055001,0.0001463721804275922,7.803090237101263e-05,6.280821314450965e-05,5.418479135911231e-05
ygiC,ygiC,0.0012639153223232996,138,0.0006230596649734824,7.486237954918619e-05,1.1345698120241397e-06,4.41934596796224e-05,8.517902557887904e-06,5.730453621033446e-06,0.00014513980715828053,6.672177028664549e-05,3.4648781368023836e-05,0.0002599065333171132
yecR,yecR,0.0012631661195815253,139,0.0006857940269845323,3.678765728577608e-05,3.382562425002182e-05,0.0002052499623259129,5.513140544705273e-06,8.984744561340582e-05,6.410708541916717e-05,2.597117818094694e-06,4.484674731284285e-05,9.459731202706632e-05
yieI,yieI,0.0012630701670468148,140,0.0005778405766552056,1.3919351906252141e-05,0.00011363980851079584,3.935612587347064e-05,4.4527093083648885e-05,0.00011735078156489369,7.783145353986897e-05,0.00011676503694004561,1.3426387708765381e-05,0.00014841355126386793
ybhN,ybhN,0.0012627672184785802,141,0.0005423828754530163,8.50968279593499e-05,9.780946311862369e-05,7.354584972370949e-05,0.00012989478542390007,3.923143993214561e-05,0.00013605399416889504,3.417363896513283e-05,6.096150294192507e-06,0.00011848219343961487
yfjU,yfjU,0.0012622263828113137,142,0.00030987114044379204,0.00028532646298797546,0.00011063111009749024,0.00010055277399675815,5.5145402670317576e-05,0.00015755948960777453,8.30094486792905e-06,4.7114564762894345e-05,9.313655212771075e-05,9.458794124867143e-05
emrK,emrK,0.001261035849782782,143,0.0006064089734550696,5.4263391877041896e-05,0.00013287451258517318,2.7477491666240224e-05,3.525348018993448e-05,0.00011857725210519955,0.00010710077622965613,7.37349591319935e-05,4.689449578906685e-05,5.8450516753406665e-05
napB,napB,0.0012602323242426458,144,0.0006254627202727416,5.977082754257454e-06,0.00016027018282478055,3.1344712861919e-05,1.4002426598471094e-05,1.65734618354796e-05,0.00010837687440598023,1.72428070912164e-05,6.745273136656325e-05,0.00021352932423123687
yddM,yddM,0.0012573156544187227,145,0.00023384480235037026,7.8690168009692e-05,0.00022060228263076113,0.00024672903636065727,1.3199898903729867e-05,0.00015167156427056615,0.00011650190918923173,7.010824794135377e-05,5.184789732159582e-05,7.411984744076487e-05
ylaB,ylaB,0.0012569885365110117,146,0.00038450034265361915,6.209471782881049e-05,0.00015285261797979514,0.00014468108732371677,0.00011459380633377044,0.0001728556153063646,7.437390815509105e-05,3.639021528650788e-05,2.9321972701160157e-05,8.532425294217602e-05
dacB,dacB,0.001256755287016411,147,0.0005744655691325445,5.938359281992688e-05,0.0001415958910307058,2.466759079184833e-05,0.0001125053142437351,5.531611809833392e-05,6.628114854342093e-05,0.0001264562276064781,1.8338376825443702e-05,7.774545792397356e-05
yedN,yedN,0.001254844357583187,148,0.0004996268056739895,0.00010460817903222054,8.405539979399654e-05,2.020811784305216e-05,8.302839386040153e-05,0.0001834480250962692,0.00024693667081045716,8.209691483629407e-06,8.014567811902e-06,1.6708506177269038e-05
yeaG,yeaG,0.0012547216746533103,149,0.0006780460883593388,7.838112550281048e-05,5.323937504688175e-05,0.00012476691768820134,1.1828520766754539e-05,2.6522623470334155e-05,0.00010666699783077956,8.533177281852829e-05,3.9583932490759424e-05,5.035432067892188e-05
nudB,nudB,0.0012544096700037354,150,0.0003421870041175232,0.00018581537537360097,1.6863861282529615e-05,0.00023185086525126828,0.00014321988542038757,9.631109415139642e-05,4.2601423445207054e-05,9.128376548450455e-05,5.6904220852306064e-05,4.737217462501175e-05
yraR,yraR,0.001254228172643754,151,0.0003744383758373535,0.00017967568126031389,0.00010803920682034858,0.00011823554830521243,3.7764624544853286e-05,6.705010931957908e-05,0.0001054197098618173,9.707100663267053e-05,0.00011114661840076611,5.5387291660839126e-05
yedW,yedW,0.0012536366266208904,152,0.0004872826557478329,0.00016278181601980175,0.00011291882496399843,7.760974128250534e-05,5.871861742992767e-05,2.4041467191279674e-05,2.104005529604925e-05,0.00012333026903432856,0.0001091505613424724,7.676261831269448e-05
rpiB,rpiB,0.0012525697694883134,153,3.2729823333706975e-05,0.000123050212799121,2.550367678824451e-05,0.00010591936354838756,0.00020943788530532843,0.00014458757744407634,0.00022181087840899232,0.0002595191543591693,4.5001435290579865e-05,8.500976221070704e-05
hslJ,hslJ,0.0012522998060342824,154,0.0005852673237348522,9.340289415211888e-05,2.687499208779275e-05,8.141039049944179e-05,1.166500032004268e-05,0.00011545160741761903,6.77808316730694e-05,7.859456831921248e-05,0.00015431386367972162,3.753833415041167e-05
elaA,elaA,0.0012511691932037472,155,0.0003291898950986461,0.00010249227346190292,2.3698775323884026e-05,0.0002207405933031624,2.622628740522855e-05,5.172989928301138e-05,0.00017835291972833503,0.00017464238568064153,2.183399015179454e-05,0.00012226217376714048
ybcS,ybcS,0.0012508691900114824,156,0.0005242380003105211,0.00013583100249348214,7.178876057135711e-05,4.41545363604201e-05,8.899068159843879e-06,0.00018821336462497608,0.0001339840473496551,8.273387347412563e-05,5.842200166053705e-05,2.6045350065641984e-06
yphB,yphB,0.0012501146285966908,157,0.00032502686009705213,1.8567483358825652e-05,2.4179828046812013e-05,0.0001943592707312656,0.0001225664424566079,0.00015199483393692255,2.809225279618543e-05,0.00018377009858366476,6.913338199025677e-05,0.00013242417659909797
ybaQ,ybaQ,0.0012463829045599728,158,0.000683395699268182,6.916447385583051e-05,9.364285803019931e-06,0.00014874646203010512,5.188156061897676e-06,5.195711834264298e-05,7.1758301866671e-05,9.15751359235294e-05,1.2544882882003936e-05,0.00010268838852609003
dusA,dusA,0.001243693385697108,159,0.0003979042670409178,8.822530736262217e-05,2.175220332825383e-05,4.623368613401059e-05,8.29129945060448e-05,0.0001419710098359456,0.00014623717646766835,4.158634006322899e-05,6.987182970775603e-05,0.0002069985712506599
glmU,glmU,0.0012410398348610666,160,0.000333774000482197,7.688509930416731e-05,0.0001786739735233394,9.13190919856348e-05,0.00015062285701830666,0.00018573457304243513,3.6000424032265376e-05,9.965246308906559e-05,4.8315815252436964e-05,4.006153713121836e-05
kch,kch,0.0012394881802966814,161,0.0005430821703510847,5.105993449044065e-05,0.0002209468549641673,5.943642507361019e-05,5.204261652058816e-05,1.705656049036518e-05,2.2610284924209716e-05,6.909938160538493e-05,7.881206267745413e-05,0.00012534188919937654
inaA,inaA,0.001235993484207653,162,0.00048702169824544326,4.211363625044075e-05,8.169598887868117e-05,0.00011750785340324724,0.00011038437417036974,6.531641437470805e-05,9.64908696291452e-05,3.393239804812974e-05,9.103791630466377e-05,0.0001104923349028237
ddlB,ddlB,0.0012340078774674946,163,0.00028231276033061607,4.1289801483293074e-05,0.00019216152088261638,0.0001059818258688054,0.00016530858717061716,6.733536041288152e-05,8.040618260784692e-05,0.00011008909821433641,9.083322281254037e-05,9.828951768394112e-05
yqfA,yqfA,0.0012327115905970553,164,0.0005690471262146721,9.563663869978797e-06,6.848034650447458e-05,9.613586717313327e-05,3.0647670021332605e-05,9.556896691605431e-05,8.637183111360684e-05,2.960842130117396e-05,0.00019287171404540817,5.441598343722065e-05
sdiA,sdiA,0.001231813027781006,165,0.0005142120142722752,0.00011512112203672573,8.209142019460457e-05,8.48284239492042e-05,0.00010271352696822245,8.230309741433809e-05,2.0382788063241006e-05,4.3695488094594176e-05,7.265675310950585e-05,0.00011380839367829473
yadM,yadM,0.0012303829208152731,166,0.0006351008939886203,6.665108876732023e-05,1.7320208745912764e-05,8.354866242299373e-05,1.561634797149304e-05,0.00012852693308896022,4.4238434530764356e-05,6.754604653017338e-05,8.912534223750027e-06,0.00016292177054528506
galR,galR,0.0012293141074717242,167,0.0003992707849480449,7.288590236073441e-05,2.904034657388441e-05,0.00011022695971302917,0.00010469445063907447,0.000141171569293887,0.00014835611403263038,0.00010109648508164184,5.6792237676607576e-05,6.577925715219018e-05
fis,fis,0.0012284114041370337,168,0.0005949128240881131,0.0002621863134755514,7.755075751782802e-05,3.7911604114270586e-06,4.446125544395775e-05,7.979224255305121e-05,5.487716896842876e-05,1.7675473365406276e-05,2.8544846276755663e-05,6.461936203651455e-05
ilvC,ilvC,0.0012272093994088824,169,0.00045464196966379385,9.502769611058138e-05,0.00010797053103160173,0.00021185929202608496,7.983562340703687e-05,0.0001267578463894511,1.4746853998035797e-05,9.194884738303164e-05,2.8884448383680703e-05,1.5536291015584167e-05
yliI,yliI,0.0012259538301817984,170,0.0004513782531994875,3.449906678861036e-05,6.247546697963633e-05,8.570832529720934e-05,0.00017617948350964242,0.00017511052276432152,1.0388203449459341e-05,8.997649740024878e-05,9.644168031851979e-05,4.379633047466286e-05
garD,garD,0.001223645460944733,171,0.0006064494855060528,9.63298293056329e-05,9.890434716100731e-05,1.8878089851365858e-05,6.483708145632975e-05,8.298873708844667e-05,9.409598653902353e-05,1.2081893375917448e-05,0.00010850791554886252,4.05720951120944e-05
adhP,adhP,0.0012183126921852226,172,0.0006322590408091656,0.00018117043348854286,8.523075078308244e-05,8.462558112377196e-05,5.6609999040726177e-05,5.9448614804694605e-05,2.021128381984389e-05,4.82755967409335e-05,1.7543593617672515e-05,3.2937797956788705e-05
rspB,rspB,0.0012178431901125153,173,0.0004362561326861231,0.0001320927932453216,0.00013623455046509841,8.985372708747181e-05,5.177103991813514e-05,8.189770133996236e-05,5.819350041051148e-05,0.00010988163536882885,6.001303520834599e-05,6.164907438271659e-05
aceF,aceF,0.0012166331380991458,174,0.0003283051361516214,6.711610325767568e-05,0.00011210551233136403,0.0001508335136012309,9.985511078007673e-05,3.0368389255954426e-05,6.756714740596734e-05,0.00014998888630967408,9.372302202308715e-05,0.00011677031698249384
grxB,grxB,0.0012164591102943433,175,0.000655297005542898,4.113444842209365e-05,0.00016174649651879954,0.00012462592626782672,2.503131921606456e-05,4.271099371890093e-05,4.8235772296136115e-05,2.4164675366529585e-05,9.008635492198476e-05,3.426118023109614e-06
fucR,fucR,0.0012155163413096292,176,0.00040360021741254516,5.2459313421242986e-05,0.00010198712415521925,0.0001121322378048875,7.787243095897169e-05,0.00011724877133087631,0.0001426483528556181,3.763948414931965e-05,8.284942482043787e-05,8.70789844005106e-05
ydiH,ydiH,0.0012149800375191732,177,0.0002748626345989779,4.998162016269357e-05,2.665147925208159e-05,9.998025445925762e-05,0.00018159620477729453,3.423657626564516e-05,2.850079529805907e-05,0.0003179542550121566,0.00010637283304971228,9.48433846432947e-05
nupG,nupG,0.0012126443702525614,178,0.0006184367660659011,8.24929193175141e-05,3.90893813639596e-06,8.012010541918849e-05,5.7054672608048826e-05,6.558799334395135e-05,1.2271922584821616e-06,5.899096344340441e-05,0.00013315130134927794,0.00011167351831039692
yadH,yadH,0.0012118287408999767,179,0.0005370772411548715,2.670618499806548e-05,2.1325402440798798e-05,0.00012190239562220074,6.734473489226892e-05,0.00010830845857998117,0.0001349770469246228,7.975695008015341e-05,5.397601990575659e-05,6.045430630125725e-05
yfbH,yfbH,0.001210477617830761,180,0.0005750007700608178,2.9868273620350067e-05,0.00010248258680238123,0.00011457492874331002,4.059345824440543e-05,0.00011646327431397982,4.836947255347328e-05,8.88339840211638e-05,1.6229319872592233e-05,7.806154959828748e-05
yrfF,yrfF,0.0012096648417679247,181,0.00033697467634284314,1.6219186179113794e-05,2.5749334308945697e-05,0.00014932692751218273,0.00013144475426979732,0.00011155919246006101,2.1661561844796068e-05,0.0001083830042925662,0.00018280086096171116,0.00012554534359590777
yehI,yehI,0.0012084066698072155,182,0.000519340884611565,3.388879714090352e-05,0.00014893554440442572,5.8803855072658776e-05,6.970805472181198e-05,0.00018419807325323337,0.00010062376661159559,3.602479351437821e-05,3.6584373481795845e-05,2.029852699484717e-05
hofB,hofB,0.0012080456155327372,183,0.000571202456749316,0.00013223142137363522,0.00012464544712321565,9.334203045122004e-05,4.4567812689252695e-05,4.241102864220202e-05,5.761047040546703e-05,3.313395021489772e-05,6.705574603916634e-05,4.1845251844364255e-05
kptA,kptA,0.0012077903373597404,184,0.00036983884447678374,3.632434534514473e-05,2.247398930804481e-05,0.0001022282028215588,0.00011805446633769225,0.00010723342373487355,0.00010934733861862035,5.3476169306276634e-05,0.0001464228462586239,0.00014239071115212156
yhdX,yhdX,0.0012071755024513206,185,0.0004229912184599233,0.00014879141554584224,8.54408140582685e-06,5.2192863902609285e-05,1.821449839481497e-07,0.00012188960638348867,0.00013552936632302325,7.485158160914095e-05,0.00012947146316438272,0.00011273176067313517
nuoH,nuoH,0.0012068568975786794,186,0.00017488170283826108,1.647806439236094e-05,0.00013816182167493838,0.00018509453359392264,7.222290759491857e-05,5.027618770553417e-05,0.00011385582399318162,0.00011966940724752606,0.00016856003097963514,0.00016765641755840072
slyB,slyB,0.0012047400831477944,187,0.000531593013146144,0.00021114646430381496,3.4314151209875395e-05,6.944957066567768e-05,2.4570866302898886e-05,6.580901705175395e-05,1.0092142835603926e-05,0.00010850915546151383,8.844385043624777e-05,6.081185173426392e-05
fabF,fabF,0.0012040320921426835,188,0.000657345696517034,0.00022476182072353826,5.854666145715565e-05,5.9866116394218725e-05,1.904392509944744e-05,1.593944420999064e-05,2.0503637522432714e-06,2.1601755187417736e-05,9.351362252891811e-05,5.136268627271957e-05
ymfI,ymfI,0.0012038059391785273,189,0.0005568419047317477,9.428164406999952e-05,7.025429291193411e-05,0.00018626619975377668,1.8951769377143638e-05,3.3727093496005884e-05,3.9310849635981485e-05,7.732481569539172e-05,9.428950413428706e-05,3.255786537225938e-05
ulaE,ulaE,0.0012032697869163794,190,0.0007235613252399844,0.00011024261479849218,3.1527781750493924e-06,1.8966177035440565e-05,4.881202644191003e-05,3.273797706573129e-05,6.506676396474077e-05,4.8566903470918334e-05,6.451637705180944e-05,8.764684367230284e-05
rpsS,rpsS,0.0012022251706898062,191,0.0008144075478242101,0.0001664345122380653,2.5848190756619387e-05,3.678009554274683e-05,2.6178566779208316e-05,6.25845353987719e-05,1.3588662735086317e-05,2.649005108772749e-05,2.2834289912414437e-05,7.078718414956076e-06
ybiY,ybiY,0.0012012485755731165,192,0.0003683063927386422,0.00012870259433188998,0.00011939309957865423,2.1945720160750974e-05,0.00013673767189131,0.00012061725354558877,5.8019357223284036e-05,1.223971324501326e-05,5.8465799273487866e-05,0.0001768209735844952
yaeF,yaeF,0.0011998235383510177,193,0.0005523545116149688,0.000198425465968479,7.015142968699927e-05,3.85958657093499e-05,2.4083786842965898e-05,4.581181986697682e-05,7.130186429335195e-05,0.000107238316989098,5.5199469659377285e-06,8.634053041289032e-05
yfaQ,yfaQ,0.0011996310937586732,194,0.00044553939811575396,0.00010127063972599718,4.701772932450798e-05,0.0001598691822159315,9.998308819265119e-05,0.00011940323214937113,5.573560863060314e-05,6.49412545011013e-05,9.555540988901009e-05,1.031555101374553e-05
rplT,rplT,0.0011991456262998568,195,0.000654932124170676,0.00012121007933023678,5.411628972095243e-07,5.265689330944914e-05,3.717561279153066e-05,4.4687326197489085e-05,4.28169471797995e-05,7.359901896030774e-05,4.1114947255831445e-05,0.0001304115142073269
yrdB,yrdB,0.0011991336385422963,196,0.0003853753888161053,1.683667775351957e-05,6.756429122339306e-05,0.00011869324408575226,2.4961592939535972e-05,9.414931105888114e-05,0.00017067771636555966,4.483920617557966e-05,0.00018306284205967603,9.297336806429355e-05
sufC,sufC,0.0011978170137804897,197,0.00028265270659462156,9.150954975297288e-05,0.0001062999283067926,0.00021703801546764026,7.737623483586832e-05,7.007752794058119e-05,3.850103515465865e-05,0.0001261326644056801,7.689370421904932e-05,0.00011133564710262481
yeaY,yeaY,0.001197579237304378,198,0.000529340445379644,7.908520696576346e-05,0.00010694323290963863,5.570576282184664e-05,0.00010443605721513506,1.6167476737220972e-05,5.613482298586881e-05,4.196377732744338e-06,4.7153650285254044e-05,0.00019841620427126207
ynjI,ynjI,0.0011919396788781468,199,0.0005580365296756245,1.4247496277800243e-05,0.00017353208433062945,7.939445634476824e-05,0.00012066593323357542,1.9899883729288062e-05,7.924582540873091e-05,2.962460630497e-05,7.933439271777027e-05,3.7958470854989647e-05
yjgM,yjgM,0.0011909275531063208,200,0.0003984338197523443,9.270811449318561e-05,0.00012213869538431164,1.9510313334772875e-06,7.343417501102191e-05,6.171993022454204e-05,5.727043411619521e-05,0.0001450201165142022,4.811830612575481e-05,0.00019013293015128559
yafO,yafO,0.0011887397548762503,201,0.0004280937204930972,4.3779496958824775e-06,0.00020404612178107474,0.0001961472767228598,0.0001121314517264259,3.3962296042058744e-05,2.732243907093686e-06,7.921927744495873e-05,5.846360530226648e-05,6.956581176053236e-05
dld,dld,0.0011886334686413466,202,0.0002400492896970623,5.4080227747742646e-05,9.875954303106214e-05,0.00017095708538842865,8.720510518970788e-06,8.780351603050931e-05,0.00017132032172522974,0.0001672150018057432,0.00012384440889614135,6.58835638004563e-05
ydiS,ydiS,0.0011877822408672902,203,0.00043569412147045997,6.397383146531105e-05,0.0001327476333463496,6.232257938153162e-05,2.52030634002901e-05,4.744183333839132e-05,0.00017530033850705632,8.819984037089027e-05,0.00011955658778953451,3.734241179747532e-05
yhfK,yhfK,0.0011873120412637906,204,0.00040141992304526894,0.00010677736695115726,9.604897771632374e-05,5.926253457759272e-06,7.398876794525179e-05,9.050077045687234e-05,0.00015756742619659107,7.350403301812305e-05,8.350081954870347e-05,9.807770292773973e-05
ilvM,ilvM,0.0011868484680541266,205,0.00037730448746919936,1.597926246734267e-05,0.00015153431051972594,0.0001132646653873275,7.868493762233849e-05,0.0001656623566842553,5.244299166899259e-05,0.00010475471845759861,9.247092339671407e-05,3.4749814380632275e-05
aaeA,aaeA,0.0011853814711775947,206,0.00046703797757365376,7.57477558790773e-05,5.5043698149645085e-05,6.841475211611341e-05,0.00016486612068169568,0.0001110391261286693,9.026510023884631e-05,8.779002242625569e-05,5.187015583272903e-06,5.998990240036534e-05
rpmA,rpmA,0.0011849950746603162,207,0.000390023546695691,0.00020075493773144985,5.5428801320610024e-05,2.6090443150006463e-05,0.0002135793320972522,2.8957662330861994e-05,1.8142862824383237e-05,1.6944217190612997e-05,4.850111732595364e-05,0.000186572153993495
yedX,yedX,0.0011845197465181353,208,0.00028747039446595237,0.00011060571142873617,0.00014353397864977805,0.0001427505327717315,0.00013936514448076304,2.8688762260901365e-05,0.0001598036883218478,4.7111484114638246e-05,5.898648628595814e-05,6.62035637378288e-05
yeaN,yeaN,0.0011841628496653774,209,0.00036769389694571236,6.515136312625818e-05,9.850811617884977e-05,6.133015242493538e-05,0.00014022742231119972,6.0532809462228206e-05,7.992529758812507e-05,5.8207740438935656e-05,0.0001301112458940545,0.0001224748052950788
yijD,yijD,0.0011832367928242982,210,0.00031506782799822503,4.070925861487318e-05,0.00013149065723569553,9.134778599652912e-05,0.00012772767990079255,1.5850038967368732e-05,3.8097215882389525e-05,8.840775033893284e-05,0.00023515164007673677,9.938693781275513e-05
mutH,mutH,0.0011813537078168353,211,0.0004807481710645291,4.938495633026911e-06,2.4647669334075977e-05,8.710723601278637e-05,5.277415766570216e-05,9.325040131093814e-05,3.668217336153629e-05,0.00023720011481430178,2.1049158959866013e-05,0.00014295612966007246
yphG,yphG,0.0011809737353140678,212,0.0004682287261087375,0.00015215859317831306,0.00010155764728709536,9.213298471062812e-05,8.496723877197352e-05,4.367523275705267e-05,2.6922107274858393e-05,0.0001728616421947473,2.476796803728205e-05,1.3701594993379693e-05
ydiK,ydiK,0.0011797551188111003,213,0.0004500697419436811,7.561109609163197e-05,9.82453797855729e-05,0.00014247347572055567,5.889251061289758e-05,0.00015412703744290595,5.030706836824222e-05,4.6988448145582274e-05,3.477073348968311e-05,6.82696272103473e-05
allC,allC,0.0011788060325567439,214,0.00039148422673542405,2.193469155913694e-06,3.7120491542240915e-05,7.174965123513909e-05,0.00013716273037271971,0.00012531690228289224,2.870624825458561e-05,0.0002053508066015023,9.361585815118097e-05,8.610564822514509e-05
yhhS,yhhS,0.0011784974416169814,215,0.00037226030543591605,4.728275416301792e-05,0.0001274137660353703,0.00011032546516113316,0.00010401281797575796,0.0001323103091878648,6.033255191625612e-05,0.00019201905115877755,4.1186279173055114e-06,2.842179266558196e-05
recC,recC,0.0011777031614955856,216,0.0004313911405161895,2.2780013472983646e-05,2.7124008579843768e-05,5.331078640053682e-05,0.00013696925671271678,2.3791335424666842e-05,4.810670989982733e-05,0.00017261124879900237,0.00016502415300259063,9.659450868722788e-05
visC,visC,0.0011767115071134504,217,0.0003787670279788126,9.710597475110642e-05,5.607061368156331e-05,9.231102918978369e-05,0.00023029447892977052,0.00013096058633939442,7.290146797461086e-05,5.7654763551473365e-05,8.517143762770765e-06,5.2128420954164416e-05
cadB,cadB,0.0011763362190484546,218,0.00045243222865367765,0.00011344199713011607,0.00010853526572435031,0.00017363796793034195,8.240513872455777e-05,0.0001103874100995377,4.726956609390865e-05,3.5847415012461074e-05,2.9726174001201756e-05,2.265305567830144e-05
yceH,yceH,0.0011758796554630913,219,0.00047721302085491197,8.87452161240382e-05,0.00013514486740735367,0.00012303086934227877,9.161843444483121e-06,0.00019656146008201168,1.7526421660205458e-05,3.8641666656308585e-05,5.6599498103912484e-05,3.3254791787587234e-05
fliC,fliC,0.001175680848500555,220,0.00039383786065135635,0.0001593094077379811,0.00011605199318245871,0.00014074567154458837,8.295182693796964e-05,0.0001336726779913812,6.87217785808023e-05,2.0676350913864712e-07,3.664354422424213e-05,4.353932414063645e-05
pin,pin,0.0011756095978922333,221,0.000246863523723856,7.32902724196197e-05,0.00021166573181825393,0.00014063139403550667,0.00010872346588186214,0.0001677753108007397,5.010613200430462e-05,0.00013847576316608506,8.395846853667095e-06,2.9682157188338177e-05
hyfD,hyfD,0.0011752760596057486,222,0.0001964263254694841,0.00015527722505613947,8.163532724666168e-05,1.6279920645538545e-05,4.0061093993141654e-05,4.437193209444577e-05,7.334174753166113e-05,0.00020621017190197163,0.00013249341377420408,0.00022917890189250054
tfaE,tfaE,0.0011740028309825976,223,0.0006872665533339201,9.111306021914138e-05,8.959210594380977e-05,6.580067795594251e-05,6.177179821822622e-05,6.599158902289303e-05,1.610488179138017e-05,3.95081822012237e-05,6.460263158598721e-07,5.620795598020077e-05
yfjX,yfjX,0.0011725790052706936,224,0.0004135049543493476,4.863720707595131e-05,2.998170177907721e-08,7.313513341087338e-05,0.00012449079344619012,0.0001138191002162241,0.00017440866250285252,3.781960841386018e-05,5.6729218409188215e-05,0.00013000434574442704
fruR,fruR,0.0011704820423901882,225,0.00024127793927194226,0.00020670171093049508,4.853443949784062e-05,0.00021035387434318253,5.044347974528966e-05,8.679295857533326e-05,0.00015548636921592786,0.00012199123470552686,4.2281408900491724e-05,6.618627204158306e-06
ppc,ppc,0.0011700696410940283,226,0.0005061529495396011,2.7150879596516946e-05,5.3302317091019565e-05,6.428124607351393e-05,0.00011691110223408547,0.00011278055254474798,8.05418266855776e-05,0.00011917299993290883,1.37763544969328e-06,8.839813194636378e-05
sstT,sstT,0.0011665171541363603,227,0.0003877756226911157,3.150656649940315e-05,9.692616177631146e-05,3.36804628251742e-06,5.694175427597165e-05,9.443070472592774e-06,0.00014655273989112825,0.00024258855317133338,2.45358062105627e-05,0.0001668788328654239
leuO,leuO,0.001164318529227729,228,0.0005518340443202174,5.524507740429133e-06,3.737069774126815e-05,0.0001419488620792496,0.00019709270311298749,5.6255560382409464e-05,2.7739911814354645e-05,5.2898652010269926e-05,3.2276846843854475e-05,6.13767431826888e-05
arcB,arcB,0.0011638852136076096,229,0.0003276908260731555,8.033572332034985e-05,4.738310103997611e-05,0.0001287589102349192,6.408717035534787e-05,0.00010411866666609145,0.00015008321550058276,6.708341132682642e-05,0.00010134783127027396,9.29963578200864e-05
ybdM,ybdM,0.0011634610779382446,230,0.000324195962825264,4.910997903482274e-05,5.627395392827119e-05,0.00010078377341095492,1.5618819856185818e-05,0.00011931613678822138,9.827051854122395e-05,0.00016271772377280126,0.00016202139767352623,7.515281210697305e-05
ybbS,ybbS,0.0011630936849905107,231,0.0003767799719920192,3.8321761633203155e-05,4.713055185661274e-05,0.00016350893629636705,0.00011749835903029126,0.00014385741034938552,6.2640882640092e-05,1.4090850003817395e-05,4.339299612711571e-05,0.00015587196506160688
rhtB,rhtB,0.0011628665556169947,232,0.00024512647387005634,0.00016211922935319676,2.7438927976070153e-05,5.4053507981156595e-05,0.0001566058639310488,0.0002625614409362904,5.635054611146697e-05,5.787455867796558e-05,8.983694329778847e-05,5.0899063481954714e-05
ybhA,ybhA,0.0011612719688258416,233,0.0006485859261157615,1.7852620403502864e-05,3.913177530888963e-05,0.00018358115708922386,4.700019130439476e-05,2.096866228580448e-05,5.0904796058296944e-05,4.6858226849790615e-06,4.233816374407036e-05,0.00010622285383091801
pqiB,pqiB,0.0011612535388932405,234,0.0003583122655075607,5.174451230484462e-05,0.00019811015956240144,3.585069238040733e-05,0.00013429171656635503,0.00017870188124339222,1.790471895443715e-05,6.625933087633527e-05,9.797795539458595e-05,2.2100306102920855e-05
phoU,phoU,0.001160918438409844,235,0.0003542626746850543,0.0001301875106462981,6.99603902559824e-05,1.5499811004471525e-05,0.00019969632020820234,0.00010455774222992133,8.214532520969335e-06,0.00012104914152925143,4.9887814640595045e-05,0.00010760250068909831
cstA,cstA,0.0011594196836897468,236,0.00040508423593463977,6.33415942818903e-05,2.6862462242663232e-05,1.1758909214069754e-05,3.0070465757246873e-05,8.5842705767546e-05,8.658578069933227e-05,9.062235792488765e-05,0.00016306729139465962,0.00019618388047281125
nhaB,nhaB,0.001159032715660323,237,0.0007019496100390236,0.00019275263970997488,1.3193982765679466e-05,2.9016475939471283e-05,6.419075730657125e-05,7.152992154127165e-06,1.333409258781947e-05,9.735892869913769e-05,5.794042721151639e-07,3.950383218640317e-05
puuB,puuB,0.0011587100604871408,238,0.00038886874749714416,2.0857048342029195e-05,3.496133395707883e-05,0.00017325535252416644,7.878243291971106e-05,0.00012526481929664462,0.00010552972225709937,7.814306654875205e-05,0.00012758302615182275,2.5464510992692413e-05
rffD,rffD,0.0011582884082003268,239,0.00040253236314968343,0.00011255186502802794,0.00010491491620863204,8.176531168344007e-05,0.0001712611232999445,5.998883879371639e-05,7.061028661263182e-05,0.00012166908716866967,3.0211755411490965e-05,2.782860844089797e-06
yrhC,yrhC,0.0011564524797552998,240,0.0003252803410586182,6.896138229944914e-05,0.000155281944084297,8.736204070318687e-05,0.00010343602443815312,5.166042089329981e-05,9.068538693652705e-05,4.124756285689415e-05,0.0001510167197173956,8.152065676747911e-05
yrhA,yrhA,0.0011533580453983042,241,0.0002870287176887699,0.00010550377309356511,9.17520769975489e-05,0.00023493148226216167,6.332080975060147e-05,0.00019699036217764836,6.515315368421408e-05,6.423852807556383e-05,2.255916503002592e-05,2.1879976638204863e-05
chbF,chbF,0.0011515737263939907,242,0.0005818646150477155,1.9158331758428372e-05,0.00013403932968970926,8.45253258974191e-05,0.000172334899200971,5.798812994441192e-05,1.20684195688962e-05,2.0063357108415722e-05,2.9296433996496034e-05,4.023488418152728e-05
ydiI,ydiI,0.001150947145104318,243,0.00046192848722835604,3.830666846238164e-05,6.80800473111876e-05,4.901392596790245e-05,0.00014715040903013547,0.00010835294842065635,7.452413749968001e-05,0.00010979007406777245,3.649197424157823e-05,5.730847287466751e-05
aroE,aroE,0.0011503002295381796,244,0.0004810836141315076,0.00012883314037840057,5.1287132163144156e-05,0.00018285660347315406,4.011922597855685e-05,4.0276867055544325e-05,5.2595766694383525e-05,1.1919022292476507e-05,0.00011276112274770371,4.856773462330839e-05
fdrA,fdrA,0.0011493413628819874,245,0.00044374591727279917,0.00010984338065379517,9.097529221992526e-05,9.776400532127784e-05,6.203251551870648e-05,6.764863149504748e-05,7.189453075644948e-05,5.309249053090386e-05,6.811269686691728e-05,8.423190224616554e-05
ygfH,ygfH,0.0011490077195757335,246,0.00042262799408611677,2.4823997621186747e-05,6.409970008576156e-05,4.88431986559632e-05,0.00015913887926692744,6.909900188728641e-05,3.647650601986664e-05,0.00018013007884847636,0.00012184327685567976,2.1925086248468624e-05
pyrL,pyrL,0.0011481926982220283,247,0.00021746075063348231,1.3968666293173854e-05,0.00010419018707649216,0.00014785002821354816,0.00013278177151584622,3.873298985044344e-05,6.0496312637070906e-05,0.00015257023655135642,0.00016039353177600555,0.00011974822367460917
alsB,alsB,0.0011464262330250768,248,0.000371088755702995,0.00017884731499396246,0.00013901314229482532,9.255636979924927e-06,2.8091192318407824e-05,0.00010126769241477884,9.647535342635025e-05,0.0001161578294046611,2.334509916174011e-05,8.288421632743088e-05
cydD,cydD,0.0011463080497109918,249,0.0005876786910931548,5.45815132209642e-06,3.205494352745755e-05,7.459440237513993e-05,8.668525203675993e-05,7.346068132987818e-05,3.135676152135768e-05,1.4730662189392551e-05,2.169393939063788e-05,0.0002185945649251169
xapA,xapA,0.0011460902631425184,250,0.00039436446968153587,6.865707501953627e-05,6.16259525561652e-05,7.803446665423692e-05,8.04108798022624e-05,0.00022297615258389975,4.143587932669833e-05,0.00010191550974480945,8.180648484436085e-05,1.4863392929013521e-05
ybdG,ybdG,0.001145317259592589,251,0.000528311928004005,2.864785248725454e-05,6.284260125013217e-05,5.9220397618727324e-05,1.8498422681515383e-05,7.786655879121408e-05,3.38261283090734e-05,0.00014792457895281789,6.853223487394546e-05,0.00011964655662390379
gntP,gntP,0.0011451129575569797,252,0.00039097196923781896,4.445915345631873e-05,3.7746615478164346e-05,6.056068997755765e-05,5.097690238644911e-05,0.00020871428886490775,0.00022412924582966635,2.3699024959662373e-05,5.5190544498045906e-05,4.866452286838841e-05
yfjD,yfjD,0.0011424951784498247,253,0.0006258792776666493,6.931342059348507e-06,0.0001179088041438479,2.757071047043894e-05,0.0001492001158138223,1.2994157282109989e-05,2.546450589461683e-05,7.31013277551171e-05,7.882660686249624e-05,2.4618330501377792e-05
hyfJ,hyfJ,0.0011416823590512885,254,0.0003964201309272757,0.00010537828793285581,5.308327932617114e-05,4.482626567953466e-05,8.905152627132238e-05,1.723848541912774e-05,0.00011807983628171244,8.365296952335252e-05,8.818549761173236e-05,0.00014576608007820373
paaY,paaY,0.0011407644970710894,255,0.0005626253295173637,1.6234146647227026e-05,0.00010134954039282425,0.00017903245178901953,9.205418900098641e-05,3.654552090162226e-05,8.668187772796729e-05,8.552530457554489e-07,5.4498102665405907e-05,1.088808538291768e-05
yheO,yheO,0.0011402153292516296,256,0.00026888676069720995,0.00019767986844256843,0.0002024236732247395,0.00014177029233175905,9.388322508638148e-05,4.5822336442667525e-05,6.524760693382506e-05,8.158359489675405e-05,8.014063377269104e-06,3.490390781845527e-05
tynA,tynA,0.0011401468516457989,257,0.0004964341575489055,1.2392319258465972e-05,0.00014766314170170972,5.73060502041967e-05,0.00010840197587261844,7.287223554140088e-05,0.00016090566161260474,1.8102099505327067e-05,1.990483222360804e-05,4.6164378176961664e-05
menE,menE,0.0011397075500196468,258,0.0003604716843822195,0.00011592304996643813,0.0001872230734719911,0.00013426100791540257,7.42767764702891e-05,6.626688207830335e-05,1.7987925323634958e-05,1.3918892482324726e-05,7.165507078265092e-05,9.772318714639232e-05
ygcI,ygcI,0.0011394286388114782,259,0.0003137434553072552,0.0001109966322586518,5.922295033655626e-06,6.45358884985633e-05,0.00014307711102496664,0.00012720267408781647,4.261556786665412e-05,2.827484731825846e-05,0.00014829655050982646,0.00015476361690582995
yjhV,yjhV,0.0011391257383027095,260,0.00046025514398146576,0.00010997694960849123,5.2070636441257566e-05,0.00011420503447919562,9.938151272350556e-05,3.436049721631863e-05,2.28062757116276e-05,6.740592466753251e-05,9.17177838665337e-05,8.694597960678152e-05
ypdA,ypdA,0.0011389991562462583,261,0.0005985905881080092,0.00013490583236711842,8.94155402798276e-05,6.347052553931092e-05,5.345189170519135e-06,6.573439543645183e-05,1.9123416066831348e-05,1.3203241972201174e-05,3.701238363564914e-05,0.00011219804367033947
manA,manA,0.0011389423669300976,262,0.00025791266232600015,8.587490583205875e-05,0.0002119023041438722,2.8173547404901575e-05,6.55168772879546e-05,9.96331027589649e-05,1.9956214846123128e-05,0.0001119600230964498,0.00019723040679895485,6.078232243481775e-05
pstC,pstC,0.0011387549077969885,263,0.00024083997314033341,8.175817669267992e-05,0.00010774824377630841,0.00010113383583703707,0.00015167821361945343,2.7214529353598306e-05,5.6415485234692014e-05,0.00021551600543106482,0.00011322153764266267,4.3228907069158324e-05
fimI,fimI,0.001138088084725281,264,0.0006068977511553671,9.597738365708491e-06,6.785439507142851e-05,0.0001331340581018712,2.581246427628763e-05,3.925288128282024e-05,7.0331250025368e-05,3.9470824334860585e-05,9.419035744999649e-05,5.154636466157277e-05
ydiM,ydiM,0.0011379712594453714,265,0.0004064720974038916,4.573369395910514e-05,4.388872500733908e-05,0.00027409137992069204,0.00013286042815352934,3.0111997944345822e-05,0.00012703066471438912,2.1875811128065007e-05,2.6044450891948455e-06,5.3302016124819286e-05
nagE,nagE,0.0011374197196137481,266,0.0004484656525477447,5.5167523070499385e-05,5.9934433448602605e-05,3.110316615919297e-05,0.00014522414493044018,6.302012627669193e-05,5.8350858965258854e-05,0.00014916602674938298,4.5796160561318676e-05,8.119162690461579e-05
btuD,btuD,0.0011373593148208323,267,0.00030529901109138864,6.943590042440474e-05,0.00016547182080604638,4.4617112637386455e-05,0.0001128111767430238,0.00011626461010414125,3.9691256624772305e-05,0.00011638811506017501,8.236145769071193e-05,8.501885363878163e-05
ydeA,ydeA,0.0011372529881283535,268,0.0003696052775330844,0.00011110619379607922,4.583755106576799e-05,0.00015418072506993702,0.00012775990670432883,3.490289717601081e-05,8.034065547271219e-05,6.789298762867507e-05,0.00010851562725606283,3.71111664256951e-05
yeaK,yeaK,0.0011372289910196371,269,0.0005696949961378056,7.334673033681225e-06,1.875807706791846e-05,3.868982652020337e-05,7.205261114209164e-05,2.0600457391674285e-05,0.00015411071879918256,0.0001613317255208275,8.008967010189247e-05,1.4566235304359945e-05
rpiA,rpiA,0.0011366368859597443,270,0.00038558046422177425,8.998221554634311e-05,9.69931527526359e-05,0.00010144648515475756,7.594004351379366e-05,9.124079521041238e-05,1.7615346598036397e-05,6.204010836585972e-05,0.00015045779988243196,6.534047471369927e-05
frlC,frlC,0.0011362101363367298,271,0.00043894672320905277,0.0001524423299158846,8.359444964189024e-06,7.812596133977855e-06,5.489764409719829e-05,7.687230890059157e-05,7.77948286116432e-05,0.00016942181426442816,0.00010917170343737003,4.049074280239412e-05
idnT,idnT,0.001136185064591295,272,0.0004675209762629234,0.00010040302960121336,5.38804079004969e-05,7.874487832473109e-05,0.00013852357960175552,3.894834888768988e-05,8.200225306384309e-05,5.163512934524724e-05,7.399365641102149e-05,5.0532805192373114e-05
wcaE,wcaE,0.001135846983510479,273,0.0005055424311780766,6.571297330742527e-05,7.88826782692467e-05,8.529376024192788e-05,0.00022056313672467868,1.049637478199396e-05,1.5878672100937045e-05,8.389296715872914e-05,3.789910884801623e-05,3.1684880899447696e-05
pspF,pspF,0.0011343745932493633,274,0.0003161843995913471,0.00019452645413197797,0.00019214103245925087,1.7179016879818753e-05,0.00010112880696244742,0.00015425920103688548,3.880205061756703e-05,2.7373680589488802e-05,3.3658942932421924e-05,5.912100804815803e-05
csiE,csiE,0.001134309599738109,275,0.00045876371234391904,0.0001181075041052244,0.00012147336754311197,3.440220253192986e-05,8.7242307423786e-05,7.785590663929553e-05,0.00010577926652948107,4.236631895681289e-05,5.352095638513029e-05,3.479805727941813e-05
rsgA,rsgA,0.0011329802568271973,276,0.00024410060356630913,5.679350397245704e-05,8.801947810133688e-05,7.173037995001473e-05,7.38806364484764e-05,0.00012673470790979186,0.0002552223868120368,5.728607539145923e-07,0.00012167253715949333,9.425316215336648e-05
tfaS,tfaS,0.001132348937183253,277,0.0003735889155903198,7.342827715803069e-05,0.00016060953064205493,9.462470589207528e-05,5.2749919763556854e-05,5.6602447859877945e-05,7.728180463891566e-05,1.69267272155545e-05,0.00015069888928907586,7.58377191337914e-05
mglB,mglB,0.0011321571370149102,278,0.00025634098011517487,1.2307448704946694e-05,0.00015178235066440728,2.1202708129595317e-05,4.8448627931865455e-05,0.00019959137373600245,0.00016360286715766674,7.3946775843619165e-06,0.00010294989016241795,0.00016853621282847145
ydiA,ydiA,0.0011312444245587454,279,0.00042621782792627127,4.628652229724689e-05,5.868847635442338e-05,5.699986889556115e-05,0.00010095870420738388,1.6625208136944228e-05,6.687875782865937e-05,0.00013045372393398038,0.00016894273637359068,5.919259860468421e-05
treR,treR,0.0011307304297703419,280,0.00023258133946182732,6.42421923585563e-05,0.00023422326519440835,2.13784213849259e-05,7.032329637695583e-05,6.0047423547404644e-05,6.219710090707206e-05,0.00018701121757151658,3.9415005786444215e-05,0.00015931116718123064
ydeN,ydeN,0.0011303673918988564,281,0.0005174587169129945,5.8559846550695815e-05,4.6547109928430996e-05,0.00010902915629597134,4.846686931533e-05,0.00023261497269458825,5.882436911618428e-05,9.30155496569486e-06,4.15253980580942e-05,8.039398060872022e-06
ivbL,ivbL,0.0011302432620425716,282,0.0004921831786394882,5.765735383248159e-05,4.0058730310518496e-05,4.0259208664111735e-05,9.199899519739884e-05,0.00020006343417448957,3.98530165916033e-05,4.8566420028055504e-05,9.101106963189279e-06,0.00011050181764123542
lysT--lysQoperon,lysT--lysQoperon,0.0011297170780020507,283,0.0001853087528639764,0.00016708402656612039,3.2789890275982822e-06,4.9797085218442e-05,0.00013515574225243332,0.00011079428991306102,8.621479665978961e-05,0.00012002533738035213,0.0001393367436551591,0.00013272131446511853
ybiC,ybiC,0.0011288372905314265,284,0.0003635259486297426,0.00012908533129602883,0.00011676413152488027,3.42509339135709e-05,0.00013780630754740218,3.0896217497240735e-05,3.443759168591004e-05,0.00013682906561797968,0.00013090699323277743,1.4334769585893874e-05
znuB,znuB,0.0011267097942833208,285,0.0003735427030374249,8.152922203156024e-05,9.785711538565014e-05,0.00014190224350398988,5.029978651054639e-05,3.08435845445089e-05,4.7968790494188966e-05,8.520846913436532e-05,1.1039100484592595e-05,0.00020651877915649333
yjjZ,yjjZ,0.0011265638174436327,286,0.0006129844807207599,0.0001395698642386834,6.699852315853204e-05,9.138486824123827e-06,1.67987380476717e-05,0.0001029547746805708,6.293204266354011e-05,4.1068956972323144e-06,4.761855744905291e-05,6.346145396346555e-05
rpsG,rpsG,0.001125071669698949,287,0.00044836411038370834,0.0002638152959206094,7.010515758057024e-05,3.4698685755374048e-06,1.6651267930485263e-05,2.6066562565344515e-05,8.481833359211388e-05,0.00012310086525421733,4.944082486926374e-06,8.373612540943643e-05
gcvH,gcvH,0.001124925508281765,288,0.0002970592134216403,0.00012473186017115937,3.973135149635252e-05,0.00021501805019899932,0.00016494877065322756,5.174115930219047e-06,0.0001064147582988372,9.325660085658504e-05,4.8765377988971095e-05,2.9825409265773466e-05
kefB,kefB,0.0011245486006970526,289,0.0005195077393007876,8.356774254588892e-05,3.322084747013411e-05,0.00011556608658447383,0.00010610079708020848,4.01483470930756e-05,5.9152752792508036e-05,4.7617084483701225e-05,2.1823685312188987e-05,9.784351803408571e-05
mdtF,mdtF,0.0011216300828412065,290,0.0006601082949594447,2.0342639201424598e-05,6.73322655116939e-05,3.684699186185412e-05,5.778425872457948e-05,0.0001088187936321875,8.666008921127217e-05,2.2982186999036676e-05,4.3066163185601585e-05,1.768839955411186e-05
ycgN,ycgN,0.0011200906651696511,291,0.0002520900090522446,0.00020033716618563286,0.0001463662779582456,8.651034749191442e-06,0.00010298837082919858,6.0011586038427704e-05,2.726714165140134e-05,9.692506872723745e-05,3.315497167609444e-05,0.00019229903830197717
yahI,yahI,0.0011193981697496793,292,0.00036353367787979703,9.349688838295181e-05,6.432373128842465e-05,0.00010474113699032504,0.00013429636842453418,5.130377092521683e-05,6.1024324038984065e-05,0.00011436860885805656,3.499284080771369e-06,0.00012881037888061783
obgE,obgE,0.0011189147491898943,293,0.000293216995705824,0.0002062194778728764,1.1794164303533116e-05,0.00015978216617009022,2.0594528231000092e-05,2.2116913695816086e-05,0.00014965850061169204,3.0682118430992235e-05,0.00015905032021126304,6.579956395680717e-05
surA,surA,0.0011173409154568747,294,0.000285946741819385,0.00010011504523999456,0.0001908702633684526,0.00011837324219782627,3.435490206128341e-05,1.7480697246210648e-06,0.00025973176449654015,5.8197384504247674e-05,2.3114064157304316e-05,4.4889437887219475e-05
dacA,dacA,0.0011158326761996856,295,0.00037597891284348685,0.00018782606970703486,1.0522712627802527e-06,9.685042410611543e-05,6.562919939815109e-05,9.619525656393578e-05,1.3602839152299053e-05,9.553652989797504e-05,3.127840447275993e-05,0.00015188276879514746
yehM,yehM,0.0011149007948568375,296,0.0004529185544982481,6.976241609102913e-05,2.9853957325820152e-05,0.00020402115097492587,3.6610552088780024e-05,0.00011987814616296485,8.099435989120437e-05,7.237780823134756e-05,2.181246124234313e-05,2.6671388350174236e-05
yafT,yafT,0.001114773295255445,297,0.0004017287392862157,8.601448391506491e-05,0.00011421031193821765,0.00011480301056351516,0.00012787243208777893,2.510454910709205e-05,7.039615601966994e-06,2.4340364777157452e-05,0.00010168335613679925,0.0001119764318416369
fimD,fimD,0.0011144192340111078,298,0.0005119228210536102,0.00010586446025790923,3.798044911827581e-05,9.370259130806044e-05,1.7893984139834607e-05,2.4992183645953378e-05,1.6131251234768292e-05,0.00012016942233346691,0.00012090419307201387,6.485787784721482e-05
imp,imp,0.0011141009091301798,299,0.0006529205080230273,8.436738389481892e-05,6.207206254429766e-06,7.622718412270623e-05,3.2687544879572154e-05,6.93071098059816e-05,4.5920220658651494e-05,4.3153843807890414e-05,1.605248229616344e-05,8.725742538693837e-05
rnb,rnb,0.0011140718922950797,300,0.0004159014841982632,0.00028051697803502506,0.00018868492526049504,2.5666075936684842e-05,1.3617971603236893e-05,7.467973811678355e-05,1.8738353900991123e-05,2.9666455995030225e-05,7.912470195754798e-06,5.868743905281517e-05
ykgN,ykgN,0.0011138467522148914,301,0.0005593302811444491,4.123869039245697e-05,0.00011187045514883305,0.0001235567649317116,4.2488644467783715e-05,5.660650358333773e-05,3.5839817366220626e-05,5.967775281178932e-05,8.967556104343585e-06,7.427028626396564e-05
vapC,vapC,0.001113298506242085,302,0.00021695550820736607,0.0002481173901411866,0.00011810819134898764,5.5559107787013935e-05,0.00011215102110430056,7.46922031577735e-05,4.505649924929871e-05,0.00010384759193389885,8.285309182014022e-05,5.595790149211875e-05
proQ,proQ,0.0011125369141506498,303,0.00010705451078340534,0.0001555811566115577,9.184809203318778e-05,8.365327021160573e-05,0.00018732681626911846,7.734359757799113e-05,1.099786035974604e-05,9.939096866007099e-05,0.00020524777205016122,9.409286959380546e-05
yedQ,yedQ,0.0011121646141693,304,0.0004875463603670706,1.478365917124721e-05,4.920179129098152e-05,7.837813544183678e-05,3.742829948030278e-05,0.00013547015137765214,8.171566819161972e-05,1.227033240756443e-05,3.2311891618115856e-05,0.0001830583248229087
ygiL,ygiL,0.001111986894570554,305,0.00038366380365990546,1.3992473363926862e-05,5.3196729871794334e-05,0.0001297196361750928,3.8639534039104084e-05,0.00010839577879640509,0.00015122426647405933,0.00010760184582378025,0.0001066346433558921,1.891818301059361e-05
acrF,acrF,0.0011118107386917325,306,0.00033682034748150477,9.038128927791265e-05,0.00011936320614597063,6.075800683500565e-05,0.00010730970811009169,6.559589208854187e-05,5.7802138423713355e-05,1.1819269811761258e-05,0.00013176598285327882,0.00013019489766395175
prlC,prlC,0.001111255452065033,307,0.00044737133418840526,0.0001874677027697559,1.832428048425843e-05,4.0198358494999105e-05,5.7452071590411176e-05,1.0787647675313577e-06,2.7665364199341922e-05,8.212613051144964e-05,5.091273272070957e-05,0.00019865871233817068
mokB,mokB,0.0011102527732970147,308,0.0002578015573326419,1.1372531619570264e-05,8.40028296654861e-05,0.00029779341948358277,5.7730325103126356e-05,0.00016909753314007234,3.8979819448886955e-05,1.0276353378035914e-05,5.400555471235919e-05,0.00012919284941325277
yjgP,yjgP,0.0011099948451156704,309,0.0002938819937255901,1.2485719618602182e-05,0.00021133402216834315,0.00013352094817187178,0.00011796079711204095,0.00011867246371189591,3.185720286307485e-05,8.742266556642443e-05,3.388350359701085e-05,6.897552858081633e-05
zur,zur,0.001109718791175462,310,0.0004995481487907607,5.952975650258626e-05,0.00013124198370930557,3.998297529304629e-05,0.00011710810215291635,5.3275966425097975e-05,8.160175940449547e-05,9.112838325834561e-06,6.309865306674055e-05,5.521860750467809e-05
yidL,yidL,0.0011083590689239622,311,0.00046342166097182913,2.743376542422729e-05,4.7718943378145214e-05,6.0856122496220695e-05,0.0001540452240857979,1.882474078609067e-05,9.824670972387175e-05,2.2323347454470316e-05,0.00019024510737257312,2.5243447230736052e-05
yqhA,yqhA,0.0011081961238271223,312,0.0006029866101078649,9.995004810321082e-05,0.00011390097019130275,8.005952031018307e-06,4.9810613225083e-05,6.0977440857982115e-05,4.44787352089503e-05,2.407582368536426e-05,7.431721904285798e-05,2.9692711373487917e-05
nei,nei,0.0011076597777020338,313,0.00020159115233630995,3.081697013723319e-05,0.00013348847829319324,4.177247992192525e-05,0.00013995792714207182,0.00014862001473823653,6.6460188980189e-05,7.580390709109197e-05,0.00024017587851672903,2.8972780545053816e-05
potH,potH,0.0011073043600750272,314,0.0004990861093912737,0.00012683363540252638,0.00010509845587180207,1.849029439436705e-05,8.230745659835835e-05,7.407689399100183e-05,9.586365877025295e-05,4.6280467035405735e-05,2.0190246308943417e-05,3.9077142311095395e-05
argD,argD,0.0011064588472600129,315,0.000604083495307337,9.516945352935456e-05,2.6460400134599007e-06,3.564644256374135e-05,3.410727985235644e-05,4.0962620335458455e-05,4.440122318844801e-06,4.5959819993378237e-05,8.076246408802808e-05,0.0001626811092580541
appY,appY,0.001103258711823572,316,0.00020923953363226905,7.915568488706153e-05,0.00011713043269505803,0.00028941496311886324,6.299140480394174e-05,1.7980097151179046e-05,0.0001639637765087631,8.354720582252914e-05,5.868636006335476e-06,7.396697719757185e-05
atoB,atoB,0.0011030654049246998,317,0.000510214249676436,2.4395492953821903e-05,4.154274493923955e-05,4.377955418398747e-06,6.271204629783647e-05,3.552280036308985e-05,0.00013548529242339523,0.00016415143037907916,3.0818936460753224e-05,9.384445601264943e-05
kdsC,kdsC,0.0011025073669902376,318,0.0002738008828210136,0.00011344793577584684,4.653082910720279e-05,0.00013936525424912432,0.0001010744858142691,0.00014882379341624448,0.0001627361001600007,6.051927564528785e-05,5.216950094798713e-05,4.039309053260775e-06
hslO,hslO,0.0011022219936595132,319,0.0004387036905150884,0.00019673600647458493,1.1309886951995462e-05,1.5653645356741822e-05,0.00011165189392019743,0.00016467734630872164,4.286624837777781e-05,3.6895194728658686e-05,2.9344261315005413e-05,5.438381971074158e-05
ycjX,ycjX,0.001101997015829252,320,0.0004396513253326382,7.993251946252198e-05,6.145742804185823e-05,5.3797483904986455e-05,6.293157329140936e-05,2.4989531032823896e-05,0.00029735871226828543,4.9933598509962874e-05,2.7557588714710303e-05,4.387255270055242e-06
yjdC,yjdC,0.001098950614259792,321,0.00031895425267957695,6.856879715505617e-06,9.612181987127301e-05,3.436241356670482e-05,4.6642441086052474e-05,0.0001418366218857686,9.717950308161907e-06,0.00014910498576816054,0.0001542423377927913,0.0001411109115857967
truD,truD,0.0010988810723769119,322,0.00027952300707641183,0.00013696900410779136,8.212708257955357e-05,0.0001462781548009405,9.953310429665162e-05,7.010182765489203e-05,0.0001084571976541586,1.4095767614914132e-05,0.00011301081240171218,4.8785114189885955e-05
rrmJ,rrmJ,0.0010987830449686578,323,0.00026516068850862404,0.0002723701846200315,7.45219751722744e-05,5.1204130630017226e-05,0.00010470367179705276,8.989043584317528e-06,7.005141761005543e-05,9.735148677331877e-05,6.344772956187786e-05,9.09827167110884e-05
yghQ,yghQ,0.0010986201047520343,324,0.0002697674227721654,3.503093262317614e-05,9.74196366121152e-05,8.442316907306002e-05,0.00014480019778188917,0.00013783845156612257,6.087053563714468e-05,0.00019019235259207852,1.8193392858022183e-06,7.645806680848053e-05
ymfK,ymfK,0.0010974907699280172,325,0.0005587405308717664,5.9225841974000676e-05,5.832302974590418e-05,6.033929704437019e-05,1.3186326549622113e-05,0.00010276311310850839,6.206325604099272e-05,7.900356284362754e-05,1.0899771756508401e-05,9.29460399927163e-05
pbpG,pbpG,0.0010972353072755687,326,0.0003563964223859865,3.332444354834303e-05,0.0001622880401043507,9.406527916459108e-05,3.355470092147368e-05,6.605172588467756e-05,0.0001189003068882903,0.00011618273799647378,7.683959809580276e-05,3.9632052285579155e-05
yihI,yihI,0.0010955656593337384,327,0.00036809610127205074,0.0001850022943551757,0.00011971367427418267,7.342888316361611e-05,0.00011981317623008761,6.402305018065127e-05,6.52004644461371e-05,6.777663267735026e-05,1.3014118083974046e-06,3.1209970926089716e-05
insE-4,insE-4,0.0010951749541705188,328,0.0003565270910712107,5.356168482885462e-06,1.1665610401450565e-05,0.00023895988730674822,0.00019927901665678342,2.2411258319229386e-05,0.00012793218924535111,9.302306028311608e-05,1.6008269557687308e-05,2.401240284605686e-05
ydeH,ydeH,0.001095028339644977,329,0.0002752345362552205,4.7132067664310375e-05,0.0001570159910785219,0.00010960791180361537,9.207906246734272e-05,0.0001266489775669188,8.23165026588258e-05,0.00015999480341295983,2.2088737662149452e-05,2.2909749075112184e-05
ybaM,ybaM,0.0010948135569940351,330,0.00041268326301092533,7.894140726424822e-05,7.707796246421361e-05,9.353125242742575e-05,5.910939922455343e-05,0.0001039512886267835,0.0001554670171542749,3.4040074329447124e-05,6.656777936855061e-06,7.335511455530844e-05
appB,appB,0.0010947220733002875,331,0.0003463131499902423,1.070612599377735e-05,0.00017329351600182683,5.534217386898717e-05,2.9982704793999016e-05,6.317118669849782e-05,6.250142846039177e-06,0.0001592116954732017,0.00011358864909426104,0.0001368627285394551
yecI,yecI,0.0010944828279199441,332,0.0006381692363543613,7.055889965294471e-05,5.969427322788134e-05,8.163731123361717e-05,2.672258982258529e-05,1.884182170100834e-05,0.0001253146791118778,5.263607706417783e-06,5.020340582892818e-05,1.807700328032231e-05
yhfZ,yhfZ,0.0010942279232727943,333,0.00047565346660969867,0.0002342794378645976,3.975158301294878e-06,1.0731780417514723e-05,0.00011838933724672361,9.776391389824226e-05,9.177599095468268e-06,1.2312734422450311e-05,0.00011266729223027036,1.9277203186533562e-05
hokC,hokC,0.0010932247681440018,334,0.0005800658131463701,0.00011553456922111135,6.982197284329334e-06,4.193273772257629e-05,9.516202837797337e-05,0.00015203005003272478,9.658385448615172e-06,3.21334786536782e-05,1.0573238654190015e-05,4.915226960243305e-05
glpQ,glpQ,0.0010931466823385326,335,0.00035353674973121174,4.934787664347885e-05,3.381494896504952e-05,5.2290916096580175e-05,5.448431899992405e-05,0.00011997342103754634,0.00014810608702154476,0.00011131311647768447,0.00015339623793065947,1.688300943485328e-05
mraY,mraY,0.0010926951634544254,336,0.0002778579141146466,5.354316599068279e-06,2.4771990769422576e-05,0.00017403969364468422,3.470712705811038e-05,1.2484125134605807e-05,9.655238893143603e-05,0.00010509557207732225,0.00024697157656912487,0.00011486045855600439
acs,acs,0.0010922451169892832,337,0.0003746891233986335,0.00011357167041353534,4.6500638311630506e-05,3.6219460308963465e-05,0.00011033465063965754,0.00021909736253064455,5.152203916113408e-05,6.46724282480982e-05,7.551368782938734e-05,1.240561475987656e-07
hyfE,hyfE,0.0010911295203705398,338,0.00030145240709808475,1.815907353400673e-05,0.00015126147350064362,9.382782274793011e-05,9.798339647844543e-05,0.00020593014940979603,5.867086214402236e-05,2.9453259717405775e-05,0.00011031547233637611,2.40756034038288e-05
serA,serA,0.0010910676946595313,339,0.0005438176633776503,2.865347070244198e-05,5.690645169666893e-05,0.00014097953169670346,6.365250643924776e-05,1.1373663959126626e-06,1.4789465527468657e-05,4.3420235476877344e-05,7.284834314189614e-05,0.00012486266020466427
yjiN,yjiN,0.001090821628127591,340,0.00045142797495881834,3.107244328470873e-05,5.5376246455241455e-05,4.4578240920987464e-05,9.239291807470337e-05,0.00021634843532907186,2.9195371785264946e-05,8.651326194110158e-05,4.983729357232625e-05,3.407944180536698e-05
ccmE,ccmE,0.0010906943702659912,341,0.0004186937227218755,0.00012068761212878916,2.7099724816751526e-05,1.4149122949667565e-05,1.4451209207648873e-05,2.339802079261236e-05,8.705237519990641e-05,9.040171808883785e-05,0.00021981245921950246,7.494840514039949e-05
ybaY,ybaY,0.001090580510256427,342,0.00023672434983126108,6.9966774434236815e-06,9.246121804032818e-05,8.321214237039446e-05,0.0001943651322165414,9.502246653205668e-05,3.459284021107971e-05,6.177395595559858e-05,6.063733345133828e-05,0.00022479439420440504
dusB,dusB,0.0010902746913229876,343,0.0005227166139663065,0.00019953494773094165,0.00011015283715157205,7.4913757139861855e-06,1.0074645328307792e-05,4.1584040209090615e-05,9.045972890365939e-05,2.035348810129269e-05,1.7396240462382263e-05,7.051077375544836e-05
amiA,amiA,0.0010886568177602201,344,0.0005535018631231205,0.00010460791816007154,0.00010891235264701837,1.7169073423996823e-05,3.94284491501501e-05,2.9719013374882688e-05,6.545887724056679e-05,4.633799370120029e-05,7.336567892392145e-05,5.0155598015291634e-05
yciA,yciA,0.0010879512570423427,345,0.0002816223941153099,3.181498403623046e-05,0.00015443977285069604,0.00016523478017771247,0.00012157065166432728,5.255370664596743e-05,7.194290638204624e-05,6.180149080676127e-05,8.314871283981914e-05,6.382185752347242e-05
mhpA,mhpA,0.0010876971040860175,346,0.00036215568446449763,3.3703288171418496e-05,0.00020002809407207924,6.970595598133429e-06,5.530531910645026e-05,9.341108903654073e-05,9.699945672433278e-06,8.745299341571533e-05,0.00010623365285270714,0.00013273644169604164
yhdP,yhdP,0.0010874564724972068,347,0.000519480345836444,7.384234143701793e-05,6.264445054856609e-05,9.13609725740674e-05,0.0001699680981262579,1.799272526744191e-05,5.0763753992329125e-05,1.2702417590923647e-05,4.8299952826716676e-05,4.040141429744211e-05
paaJ,paaJ,0.0010873455382577693,348,0.0004541265957311934,8.07773022688861e-05,0.00010368079143718838,9.439428250174927e-05,4.0625355707312995e-05,7.673199726062039e-05,0.00012195641327031369,2.7405662372276063e-05,6.018443685205068e-05,2.7462700856178542e-05
rfaJ,rfaJ,0.0010870399283285871,349,0.0005168902520203565,8.029386757618106e-05,8.45388513479461e-06,2.3030807513630868e-05,1.6196568746239597e-05,5.2514466104018885e-05,0.00015837206905032334,0.00018005623884688153,1.3766038709933083e-05,3.746573462622743e-05
nikA,nikA,0.001086865351184159,350,0.0004016384097044171,0.00011845078606841435,3.626448854052205e-05,0.00013186340393991284,2.4323136157968822e-05,0.00013211490312659482,4.9343479977562556e-05,1.1013691175008826e-06,6.068878414798101e-05,0.0001310765904032845
gph,gph,0.0010866395943995026,351,0.0003620843102797479,0.0001796374313684299,0.00012150403840033366,8.050103967965047e-05,2.3393502526698633e-05,4.542634703542391e-05,4.426984851703504e-05,7.316471190039331e-05,0.00010267682686382854,5.3981537827961275e-05
yibN,yibN,0.0010864103220116067,352,0.0001629951321232266,0.00016325592082081037,4.464291090135308e-05,0.00010961370471004695,5.884620080475055e-05,9.522191145192961e-05,9.39732464772202e-05,7.013529250873127e-05,9.01488959392165e-05,0.00019757710627432164
yniB,yniB,0.0010838828953453705,353,0.00040798443807413325,6.264524991309221e-05,8.766760863445832e-05,6.082116643288598e-05,6.746201385850356e-05,6.287749893780291e-05,4.5572942716148386e-05,0.00014965214383463462,2.5883534513917956e-05,0.00011331629842979345
nadA,nadA,0.0010835534670849427,354,0.00037342106834747116,2.82956029816528e-05,0.000129426485240029,4.5381575289968134e-05,9.655149124428862e-05,0.00017472230476320871,2.5590436626841542e-05,0.00012179543158361763,7.448750795799723e-05,1.3881563049867836e-05
ydaU,ydaU,0.0010831504352352146,355,0.00023380093474130155,2.301217773358037e-05,0.00011158964462329648,0.00014844225915405706,0.00011712352701522742,5.9023041706164855e-05,0.00011567849527894896,5.4167334892418e-05,0.00015019453596359605,7.011848412662392e-05
yihF,yihF,0.001082064013990513,356,0.00030203141263286974,7.912769776179061e-05,2.19251530476898e-05,0.00011981694234413295,7.989088448604109e-05,7.133971918455593e-05,0.00019153293679371403,8.147220748335291e-05,8.63479000537547e-05,4.8579160202611055e-05
idi,idi,0.0010816742593889625,357,0.00030059436358176946,0.0001094778459641764,0.0002089427943870321,7.153434399406485e-05,2.5468793754248257e-05,6.915023701710463e-05,2.9458462481738068e-05,5.204905678006562e-05,0.00018939951231467753,2.559884911408569e-05
ssnA,ssnA,0.0010812597305107576,358,0.0005380365049538983,3.7264683418055574e-05,9.431464896153633e-05,3.840705132404216e-05,2.1248384518903847e-05,4.999373585073453e-05,5.996409830722497e-05,7.827194747331065e-05,0.00011345453995576238,5.030413574728868e-05
yjiA,yjiA,0.001080809940482214,359,0.00040862509894772585,7.083166485481419e-05,0.00010632552049078702,3.242102113114954e-05,0.00014065687812936267,9.198606135320982e-05,0.00014199813517609892,4.31870686118871e-05,1.8341324475978166e-05,2.6437167311200648e-05
dinD,dinD,0.0010804946964754192,360,0.00042525358526404594,6.043941844755997e-05,2.6701164511464747e-05,4.614793922729769e-05,0.00013561662420463774,4.3404627954891536e-05,4.701603473583266e-05,0.00012624088769721485,6.25427263696539e-05,0.00010713168806282013
ychF,ychF,0.0010781961349700692,361,0.00044167166139661026,0.0001088516306259938,0.00011074362016253318,8.476388834059469e-05,1.6347080683810278e-05,0.00011908989031886889,2.6788643538282896e-05,2.6847415675579066e-05,8.814044735261587e-05,5.495185687518e-05
yghY,yghY,0.001077115992242535,362,0.00032004124427872894,5.7846122664249826e-05,5.1447692588762915e-05,2.741852990809532e-05,2.783308693344256e-05,0.0001928692254247531,4.879292122435194e-05,5.040149784388623e-06,0.0001300448353815032,0.00021578218405425846
ptsG,ptsG,0.0010770435457148513,363,0.0003512559420304848,3.772188601430352e-05,4.593768976578005e-05,2.271635484601692e-05,0.00012594715781669066,6.553623239553504e-05,6.623992908264849e-06,8.581014731527983e-05,4.2289359806926266e-05,0.0002932047828155695
arnA,arnA,0.001075551944536983,364,0.0004301606190359316,0.00010832203874366905,5.077896226369683e-05,5.468527824159618e-05,6.547204202236318e-06,0.00017228266889179528,0.00011575761783586714,5.444043866987892e-05,2.910097608473928e-05,5.347614056757225e-05
ydiN,ydiN,0.0010754357084515587,365,0.0005080404066010221,2.8232058892482816e-05,1.194265982959321e-05,4.9057938363180784e-06,6.23517476951839e-05,0.00010579918715209178,6.027045805090957e-05,3.379417692301463e-05,0.00012574056197173236,0.00013435865749921033
nagK,nagK,0.0010744307193164817,366,0.00044532330828922403,4.8654746670862027e-05,9.917398420794242e-05,0.00016116960464723822,8.604820713980246e-05,3.276607904264956e-05,8.981169384946034e-06,7.381125234671666e-05,0.00010587670376243815,1.262566382466243e-05
ybiW,ybiW,0.0010743352668192033,367,0.0004590914544659346,3.6240253013099147e-06,0.00019629538167571887,5.63087818559905e-06,8.545226468730976e-05,1.6232519237594066e-05,2.5942803520239867e-05,3.5447776031927244e-05,4.883165978893312e-05,0.00019778650392463667
hemB,hemB,0.0010741315738046972,368,0.0003941608633723063,4.285931182061943e-06,7.407578869156387e-05,0.0002202276115500176,8.654335279441768e-05,0.0001722949761533736,3.570483142179453e-05,4.987012189140554e-05,1.13081499472072e-05,2.5659946800548745e-05
malT,malT,0.0010740612904124854,369,0.00048165727702277595,0.00014216773188957817,4.89194807479975e-05,9.43298200428949e-05,6.088684031557949e-05,2.8290329064723765e-05,1.1679681255179252e-05,7.052380092689662e-05,1.908261187377775e-05,0.00011652371727308199
yeaV,yeaV,0.0010733356478139537,370,0.00048021559989375894,0.00018897237295747505,4.5258493465498416e-05,5.5241577678845875e-05,6.570801513981987e-05,6.9613254112377525e-06,0.00015478918460606542,5.885065917493803e-06,4.165473666807236e-05,2.864927607568611e-05
ymfE,ymfE,0.0010730223256108038,371,0.00010954859895295864,9.006333939489692e-05,0.00013137269056055315,0.0001371665274498016,0.00017682629151656774,8.615026799805019e-05,0.00014840440018642378,8.66665659264834e-05,9.172341731978099e-05,1.5100226305287335e-05
dmsA,dmsA,0.0010729270364142765,372,0.00046795363509887373,3.7725992070964888e-06,8.847867849582969e-05,6.679550148581136e-05,5.887244957777356e-05,6.126555262661172e-06,8.60659875202284e-05,2.1099445749140665e-05,7.843590691030508e-05,0.00019532627710655624
yhjB,yhjB,0.001072286622918878,373,0.0004921004688608955,6.197671620592836e-05,0.0001677485346318334,0.00010318675483322033,1.4121634009997259e-05,2.8309817955790627e-05,1.524568403561167e-06,0.00010949510430420361,5.644170289640205e-05,3.738132081704569e-05
treC,treC,0.0010696533664247036,374,0.00036973346731122733,1.392058369489765e-05,0.00014884254402294366,4.66061443022659e-05,0.0001409517527151119,2.473385475751373e-05,7.096190493567975e-05,0.00013753136979345696,1.1825695709494931e-05,0.00010454604918211167
ydjH,ydjH,0.001069497604334456,375,0.0004166720451520514,9.937042017858077e-07,9.346876429658062e-05,0.00013949318933355524,0.00013542160589647082,4.6167365766682886e-05,0.00017757761761213735,3.452099507821932e-05,2.3629465240772387e-05,1.552851756200083e-06
ygdH,ygdH,0.0010693048793227954,376,0.0004293756712948608,0.00018139106831230347,9.598230471429671e-06,0.00012931138965206193,3.240297158442248e-05,4.231903401138115e-05,0.0001127506240256294,2.3975994704742416e-05,1.926854888806816e-05,8.89113463778961e-05
ybbV,ybbV,0.0010691871083817603,377,0.00041682389570276443,6.0322586806584975e-05,8.284451804836464e-05,2.2368894146313895e-05,2.127230147888901e-05,8.272641650718224e-05,4.775047542001047e-06,6.463165635404547e-06,0.0001380976328529203,0.0002334926496613351
ycjM,ycjM,0.0010688037584778087,378,0.0004796253654416521,0.00010295911032173086,8.392005634501448e-06,7.33522802596709e-05,8.637943272363867e-05,4.42095924828e-06,6.671479977621162e-07,0.00014685975796817726,0.00010999357919657716,5.6154119685818444e-05
ynbA,ynbA,0.0010679502909381289,379,0.0006319753609641274,5.325886124016288e-05,6.363739272194927e-05,3.133504763164893e-05,4.903810509159467e-05,2.3377387459776353e-05,7.785925462680995e-05,7.68002389959551e-05,9.126747037637874e-06,5.1541895168466235e-05
sohA,sohA,0.001067779941674397,380,0.00025881086335756285,6.154645658911069e-05,0.00010231420369062754,0.00014736633521059256,7.42981027137879e-05,9.035194640356203e-05,0.00012134169987770862,9.35352824215269e-05,0.00010054468837326027,1.767036303665751e-05
sfmH,sfmH,0.0010672180172693947,381,0.0004381516819384931,7.568053548281725e-05,6.786415798625076e-05,0.00012654173939912784,6.0686289434867276e-05,2.8524375513804943e-05,0.00010171304344083381,1.3761878308847213e-05,8.973305155873534e-06,0.00014532101060847893
hyfC,hyfC,0.0010666390042375934,382,0.0003292216851965345,0.00014506450945554853,2.7629598026872003e-05,6.841703136619169e-05,8.896459003440413e-05,0.00020944371604137308,3.0204065992433897e-06,7.110079445883503e-05,2.9140965213549205e-05,9.463570784504198e-05
ygjN,ygjN,0.0010660915848607422,383,0.00031467961775697947,4.9767060297824974e-05,3.4800559077579105e-05,0.00011489430662408295,0.00010025958066922351,0.00017842082906305499,0.00010798946472932077,6.446838115541323e-05,8.489803527898706e-06,9.232198195936446e-05
nuoM,nuoM,0.0010644752560882997,384,0.0004574405046993881,2.1898181347221825e-05,7.629687868236675e-05,8.968669529909076e-05,0.00012029575408387148,5.382728758560321e-05,5.025366075572163e-07,6.245679658518743e-05,2.8664407890141983e-05,0.00015340621330787102
ndh,ndh,0.001062277924707341,385,0.00026854417778005864,1.8140957620972898e-05,8.249960424299381e-05,0.00017136242514955328,1.550395770106183e-05,0.00013212360785778862,0.0001277567711749174,0.00011881377090547515,9.300501122268335e-05,3.452764105183588e-05
metE,metE,0.0010613593302548348,386,0.0003465217445142947,0.00013850176222398813,4.1109702143924785e-05,7.714114477002538e-05,7.610892603401627e-05,0.00012219444568786178,8.264968035154248e-05,4.216982679553168e-05,7.544467247772823e-05,5.951742525592117e-05
rtcB,rtcB,0.0010607823988356454,387,0.000527102226316584,7.046105831788047e-05,8.292449396070474e-05,6.128611769246944e-05,9.867231182780116e-05,4.740612995708419e-05,0.00011206716533077783,5.2306414424527095e-05,6.167494739827047e-06,2.388986267989475e-06
crp,crp,0.0010600867916903676,388,0.0005750733501633001,0.0001371961981388586,2.8232818362209866e-06,7.631789357808942e-05,6.169446846377308e-06,8.413499727926914e-05,4.2926109512325446e-05,2.820431022618895e-06,3.8268201744205245e-05,9.435688156910236e-05
caiF,caiF,0.0010591488500393748,389,0.0005497737033899569,3.5719461494015963e-05,4.528996291834052e-05,1.833881362440024e-05,4.513543712268491e-05,6.848639767276385e-07,8.401821938384892e-05,0.00018392701327676913,4.9163757031651386e-05,4.7097617820979163e-05
rhaD,rhaD,0.0010580976979866355,390,7.743737110276653e-05,0.00014723380325356612,8.783099594439772e-05,0.0001327332131020797,0.00011424747587387453,1.1118361749274478e-05,0.0001305593851470133,0.00025861463892144906,5.6203716182987376e-05,4.2118736709226906e-05
ycaP,ycaP,0.0010580646751107141,391,0.0006614178462527496,0.00011969908046381024,1.3067876281646398e-05,5.213419176419365e-05,3.9359422408577314e-05,0.0001127866907039051,1.977492657406691e-05,6.853778571735372e-06,3.869409072245256e-07,3.258392118280502e-05
ribD,ribD,0.0010578226864867138,392,0.00014811326480442989,0.00011563724409489915,0.00012930327841420032,4.1356089988028444e-05,0.000183123852602902,3.509688784085383e-05,0.00014869267190019216,3.4823577296024924e-05,5.998066289545995e-05,0.00016169515664972325
cusF,cusF,0.001057793867307865,393,0.0004201176031914341,8.919885176006004e-06,8.719921388996198e-05,4.603073801438455e-06,0.00011668417723076721,0.0001389698836122071,6.328583250279088e-05,8.501390626259632e-05,1.5948638846341798e-07,0.00013284080525219965
yhdU,yhdU,0.0010576887063545272,394,0.0004715433447257137,0.00013577273759681345,0.00015429006672753774,2.0928000540156594e-05,5.026265689884866e-05,1.3095932697895264e-05,7.111543326377232e-07,3.42952963703611e-05,0.00014133571010785452,3.5453806356708396e-05
tesA,tesA,0.0010576744567889842,395,0.0003780521900013949,5.6529818019866526e-05,0.0001175946093604058,1.3961074499859375e-05,5.323456881916444e-05,0.000198318817107428,8.26390117095975e-05,4.3117083738980845e-05,0.00010880037456383428,5.426908968452515e-06
ygdI,ygdI,0.0010573049316410135,396,0.0005695472460812081,3.3078673835666265e-05,0.00010537514806873054,4.653416526850039e-05,1.733674804976442e-05,0.00015277543181592277,3.7791356687884183e-07,8.500162498027609e-05,4.1738700271058337e-05,5.539279703007958e-06
ygfG,ygfG,0.0010571247598456111,397,0.0005446561509340251,4.163179600432022e-05,7.831560420000162e-05,3.256720342138637e-05,4.105891105492361e-05,3.732079301695816e-05,9.035438888309268e-05,3.8930561084828e-05,0.00014878166032254963,3.507690923525993e-06
yejB,yejB,0.0010571023889878232,398,0.00044398239552914144,3.2158524197339382e-06,6.122520145386742e-05,0.00016581694638972969,4.6486470691227004e-05,0.0001270208827564294,6.849223875614427e-05,7.601478769197764e-05,6.39203451748229e-05,9.272681247496604e-07
thyA,thyA,0.0010560472367480503,399,0.0002467148724735109,0.00016732251738173044,4.829759157861244e-05,4.850176282223885e-05,9.912364601046079e-05,5.571988707400666e-05,4.006138501881058e-05,7.722574859236486e-06,0.00020964090407162725,0.000132942095457816
ftsW,ftsW,0.0010555253056404314,400,0.0002295927000785575,9.812379770102319e-05,0.00013156037565508592,2.2615062962878512e-05,7.92026177666182e-06,0.00020045490988745897,2.6892717838888245e-05,0.0001250631662943141,0.00015555477645236453,5.7747536993198675e-05
mtr,mtr,0.0010550552673960546,401,0.00045289791061345125,2.6755116509191415e-05,7.975155105160237e-05,7.056945336052301e-05,8.523049188650169e-05,7.590644618818502e-05,7.592465143032295e-05,7.37136130186892e-05,4.977607537857798e-05,6.452995795900976e-05
yfdQ,yfdQ,0.0010549745624202746,402,0.0005497701890046576,4.533934027721901e-05,1.904122419808248e-05,1.109898412338091e-05,3.3614570298911035e-05,0.00011109709756580947,4.4659227371322935e-05,9.116515384969312e-07,9.805445859936598e-05,0.00014138781944302839
yhaJ,yhaJ,0.0010546184677342248,403,0.00021437420103464854,0.0001037608661583999,7.88187403561712e-05,2.548840218577556e-05,3.915037346680254e-05,7.59802403595735e-05,8.348261957590923e-05,7.88257137908115e-05,0.0002777756588860251,7.696165192010789e-05
ispE,ispE,0.0010544305360677925,404,0.00034529500588302147,8.05712340461835e-05,9.524211544778694e-05,3.173215262573469e-05,3.0321864514829922e-05,7.91114874861664e-05,0.00012044429535180924,8.39508985133227e-06,0.0001360078745693364,0.00012730941629159162
ygaT,ygaT,0.0010538495062021522,405,0.00040250153084680644,7.453741652110754e-05,0.00014651706190745354,7.538397189062585e-05,2.7438654176482506e-05,9.535390071515691e-05,8.433268240329468e-05,0.00012130925255732277,2.3201519621429472e-05,3.2735155624726113e-06
yjjV,yjjV,0.0010532699576334716,406,0.00033330033633531016,0.00015718607385963065,0.00010333452416642062,7.247120840107244e-07,1.6759102578267234e-05,0.00015588445162393585,0.00014131190721009993,3.832440656090975e-06,8.884864162035168e-05,5.208776749935374e-05
sulA,sulA,0.0010523815448651695,407,0.0004717197895873727,0.00012219094920683696,7.246710253116293e-05,6.02740465100173e-06,9.437462786250054e-05,4.705698788633198e-05,4.57147296720628e-05,6.013039364482482e-05,0.00012792768726227347,4.7718725608018924e-06
yrbK,yrbK,0.0010523296927694057,408,0.0002196397075582468,4.6709198559269764e-05,0.000123440926876371,5.555033841676498e-05,0.00011121872625106552,0.0001845265585585819,0.00018058544018538942,2.8414922185058977e-05,6.33496747833825e-05,3.88941993952748e-05
leuC,leuC,0.0010522654979323053,409,0.00042956839809735404,2.371434515561046e-05,0.0001092888952914309,6.60038981685827e-05,8.717632931407248e-05,7.489895762243068e-06,0.00014771475930250446,1.4506188630370472e-05,1.4987901958327634e-05,0.00015181488625180904
nudJ,nudJ,0.0010522259922267874,410,0.00010926783051132758,0.00011475713716959303,0.00011408609369145937,8.091640977295333e-05,0.00017522738093505032,4.391154832716538e-05,5.611274405458741e-06,7.624126185994862e-05,0.00012120221769593441,0.00021100483785789666
nfrA,nfrA,0.0010521583936168963,411,0.0005116280471075971,1.9196897417013325e-05,4.326190118711728e-05,6.978842286476893e-05,6.909739042642779e-05,6.717963674776514e-05,8.362344694330556e-05,3.7414796697477214e-05,1.4343739182593916e-05,0.00013662411504283006
xylG,xylG,0.0010516964243672481,412,0.0004770847390397633,5.377537742142534e-05,2.6068697311898197e-05,0.00021613505279712152,2.5058770788701145e-05,2.7973693735327015e-05,0.00013065452704033603,6.0615602377666065e-06,8.726123205357293e-05,1.6227739413360234e-06
murI,murI,0.001051574116895216,413,0.00048138856303687615,4.8231137250999616e-08,3.168584718662768e-05,0.0001803311969084557,3.755234116997843e-05,3.2914224477507055e-05,7.207461735470203e-05,4.07418130279776e-05,0.00010947548579948878,6.536179679635145e-05
xylH,xylH,0.0010506443485605516,414,0.00030313892317385214,0.00015488445796039342,0.00018694197774224655,2.2364937684048146e-05,0.00010303885254961978,1.2224372691840095e-05,0.00010286813504850132,3.667713367158277e-05,9.755823294361968e-06,0.00011874973474410541
folA,folA,0.0010485687548469447,415,0.0003215154208147267,0.00013976431930832003,2.3382296711334743e-05,0.00010055153472244745,0.00016067309495926542,0.00015881083557909849,7.529547216509176e-05,4.7970861808831645e-05,1.5334874761910137e-05,5.27004401591846e-06
yjhA,yjhA,0.0010480449598081773,416,0.000562013084484933,7.603013175361618e-06,6.336331499632974e-05,6.497863973894723e-05,7.75007014946464e-05,3.821812793338571e-06,9.163543694397757e-05,0.0001157050070033325,4.041000767488112e-05,2.1013941502429198e-05
yoeF,yoeF,0.0010464227847953875,417,0.0003529460095763216,1.7703504341969144e-05,4.504669580948069e-05,1.0349797027635997e-05,0.00024412529501174952,3.4959608648900725e-05,3.2296427059725484e-05,9.330679088787586e-05,0.00015943414458478156,5.625451184694691e-05
moaA,moaA,0.0010463923368194416,418,0.0003041625048791303,7.041325655339279e-05,0.0001422476147920113,6.521333030811815e-05,0.000110846591006166,8.388741454806691e-05,3.8461630781699493e-05,9.778203950651861e-05,6.921739825698994e-05,6.416055618734818e-05
astB,astB,0.0010461083856885176,419,0.00032107657890432227,1.0038251860984294e-05,9.426561631515996e-05,5.641514176576311e-05,0.00013625527349139384,3.0041770783149752e-05,5.79742666817941e-05,0.00011397925386671292,0.00011396316715041086,0.00011209906486882645
yiaA,yiaA,0.0010454365499288733,420,0.0003313158418290202,3.600325584302282e-05,5.048661818700574e-05,0.0001044377090411446,6.307728506380029e-05,1.1195517618716495e-05,9.371209909398254e-05,0.000170133776290942,2.6730587838937e-05,0.0001583438591223015
yeiP,yeiP,0.0010444751054085463,421,0.0003910514168027014,0.00011111988874028826,2.4219705577939194e-05,5.368612733729144e-06,8.245088157803929e-05,7.140711622115003e-05,5.452878498745232e-05,2.9610700971652278e-05,0.00018659833491733064,8.81196628782637e-05
yeaM,yeaM,0.001044300674271147,422,0.0003929566382213815,0.00011549550207378286,0.00010374419664217134,6.413685098609664e-05,0.0002097282152406957,3.98704320503337e-05,4.9657699059419586e-05,2.6008958624386115e-05,3.404386105224568e-05,8.658320320634181e-06
yhcM,yhcM,0.0010436925809249955,423,0.0005307137030489524,3.3740830587805435e-05,0.0001675618509425525,3.3021966447951934e-05,9.395449450231918e-05,2.3776725207673167e-05,5.288530075905215e-06,5.6130234242864586e-05,6.939897784187068e-05,3.0105268027100108e-05
ygdQ,ygdQ,0.001043134074276138,424,0.00023408225105254934,0.00011849167716793796,9.793242049480563e-05,8.427788389862545e-05,0.0001999633810959791,1.2116683574477381e-05,7.214890158175516e-06,0.00016182144606369345,0.0001161743943438638,1.1059046426030358e-05
yncG,yncG,0.0010429862847876833,425,0.000438096430001938,1.7528789271761018e-05,1.4031367885960253e-05,8.053917263511423e-05,9.209321332832107e-05,1.3136212528676677e-05,4.263851080614162e-05,0.00015420593739571273,7.571765595982126e-05,0.00011499899497423646
metH,metH,0.0010418647885524308,426,0.0005399466566789349,5.350917505640015e-06,4.597215784033988e-05,8.870044974969731e-05,6.924446909141861e-06,0.00013337579218530575,5.274020618162773e-06,4.994188646679448e-05,6.402505547691834e-05,0.00010235340512149553
tyrA,tyrA,0.0010415879194268247,427,0.0003213222890961908,6.0924320741046686e-05,6.56005331150328e-05,0.00013217714951780531,0.00012954277077824729,0.00013637001563142196,3.341245904029103e-05,8.350949044113873e-05,4.843367340695661e-05,3.029521765869336e-05
ybaS,ybaS,0.0010415048659000604,428,0.0003877639777006182,7.572211414256316e-05,8.541552294400309e-05,0.0001965691353194269,0.00010818905926297528,5.162519568326661e-05,1.3576139826062523e-05,3.917819995379796e-05,5.093080056787564e-05,3.253472049947103e-05
smtA,smtA,0.0010403918358593725,429,0.00031650923639466185,6.547171859588684e-05,7.626482869282085e-05,0.00011138549679504013,3.113036824354525e-05,0.0001523734802761403,4.3472497991040874e-05,9.832013257696324e-05,0.00013278992135831583,1.267415493495749e-05
yecM,yecM,0.0010401807777320983,430,0.00022196027001596358,7.967462088542976e-05,1.8537666520132078e-05,0.00010189087327992349,0.00010163179800735036,0.00011387317666458605,0.000147716523467975,0.00011606841409278734,7.553708741740626e-05,6.329034738054432e-05
argO,argO,0.0010397169769656644,431,0.00043657382668673236,9.898387158186846e-05,4.516135214574047e-05,6.545521721033425e-05,3.421247746411056e-05,0.00011769749872994957,5.6450004703346236e-05,7.723999267515429e-05,0.00010240680322485785,5.535932543570522e-06
rpsB,rpsB,0.0010396740319791866,432,0.0003614731019459833,0.00021598367913882476,0.00013884968581912013,2.7024387103156683e-05,4.3643956518704414e-05,2.240376598449035e-06,0.00011751550858034598,3.953063302519198e-05,5.145679877756872e-05,4.19559044718415e-05
yaaW,yaaW,0.0010394071369055926,433,0.0002478025553855824,0.0001182044390464424,9.983501264137668e-05,4.426172861365208e-05,6.905876862511594e-05,6.124584696084693e-05,0.00019233573820387142,0.00011774094346026786,1.1127270285127017e-05,7.779483368330956e-05
ydfO,ydfO,0.00103885385723127,434,0.0003306770902342037,7.23404775534411e-05,0.00010342012662148307,4.622638861473685e-05,4.2621860157095755e-05,6.781497348519958e-05,6.080737667529607e-05,5.2291492409346755e-05,8.005266958109323e-05,0.00018260140189937382
agaD,agaD,0.001038758375840878,435,0.0004284877717452174,4.800977535795214e-05,0.00010261477476617541,8.887165320886735e-05,5.810486194383518e-05,9.307524234536877e-05,4.714599805331735e-05,5.022264100037481e-05,8.127647866885444e-05,4.094917875091521e-05
dsbG,dsbG,0.0010382008091547321,436,0.0005846202070366954,4.7270659674771764e-05,3.853032951013417e-06,4.808271184583972e-05,2.482537037312958e-05,2.8809204508270803e-06,0.00017355638128182998,7.63455829149586e-05,4.878799907850891e-05,2.7977943547157632e-05
pepA,pepA,0.0010378903615214541,437,0.0003116788878855234,0.0001030957465488317,2.2707294077927823e-05,8.739863356952993e-05,5.990859891798657e-05,0.0001367723307930971,0.00012987882358331588,0.00015014700359015682,2.2628906791912396e-05,1.3674135763172414e-05
bssS,bssS,0.0010373033353958537,438,0.0002519410837857216,9.759152834464498e-05,0.00023780837900699343,6.527675198512994e-06,6.577842064037097e-05,8.339706512396308e-05,1.650503294366967e-05,1.5115071142135214e-05,6.81831599840975e-05,0.0001944559192257441
fucA,fucA,0.0010372972740881048,439,0.0003818191476145815,1.2650256788367773e-05,7.283974200399046e-05,0.00013038409669155897,5.91426368021683e-05,2.5676687064911213e-05,0.00010980940000141207,4.820910826519586e-05,0.0001122684391959499,8.449775965996875e-05
pps,pps,0.001037257448621202,440,0.00037293844685515684,8.806189473545585e-05,1.871529716002057e-05,0.00015909796635826275,0.00013945832856897882,4.440920479022425e-06,7.389279977320387e-05,9.100406254362044e-05,3.869734933378362e-05,5.095038281369681e-05
dicC,dicC,0.0010371793283739863,441,0.0003037602555806495,7.733926797972276e-05,7.647896241123376e-05,3.830867932497735e-05,0.00012541524652818662,2.9618675632933633e-05,0.00011650066515613952,3.606898695923848e-05,1.0353859454111656e-05,0.0002233347293467928
intZ,intZ,0.0010370975298410624,442,0.00030022253119810883,0.00014534076401222524,0.00010324239360263768,1.0397648042597674e-06,0.00010681103361775255,0.00012237183817649725,8.803716203616502e-06,0.00021439784210030029,3.064733608427967e-05,4.220310041384298e-06
idnD,idnD,0.0010367160975248142,443,0.0004509825474881583,7.28838711174372e-06,5.637920196666312e-05,1.0878927929112477e-05,0.000198946407459152,1.083562064084118e-05,5.09703730278114e-05,0.00011461775703364495,6.24034831083018e-05,7.341339175938524e-05
ydbC,ydbC,0.0010364584888402592,444,0.0004065941079513799,2.7485226109513422e-05,6.229571170237597e-05,7.38811554744134e-05,6.461554211814068e-05,0.00010087735324381472,8.184755072408772e-05,9.896346004934047e-05,3.0242261958542483e-05,8.965611950865025e-05
ansB,ansB,0.0010364134118805183,445,0.0003162255504298749,0.0001638225465334625,0.00012253660575007135,4.0133309522926295e-05,3.2230073160369406e-05,1.0177061422789419e-05,1.077243587432714e-05,0.00012868808401725345,4.482808682926164e-05,0.0001669996583401823
yfiD,yfiD,0.0010359746232315179,446,0.00039116891409561724,7.381740501837703e-05,0.00010221907971715626,0.00019252817095254135,3.7636384919977026e-05,0.0001281622583725132,7.539592968818385e-05,2.1009828232910553e-06,2.8032282577161078e-05,4.913215066699883e-06
secG,secG,0.001035558185574807,447,0.00032242239643953674,0.00025951064279270645,2.4794944388527327e-05,9.651543704198877e-06,9.278160365844483e-06,1.652917421100269e-06,0.00015462472914538002,1.4576546443157547e-05,0.0002102782888576365,2.8768016016719072e-05
ygfK,ygfK,0.0010353980908994892,448,0.00035731555682919205,9.73230440172784e-05,6.827508682349695e-05,0.00016572689084742254,1.7722889463709694e-05,5.2796636801016765e-05,0.00012305398169147413,8.86974050422563e-05,3.961684385967168e-05,2.486975552397062e-05
intA,intA,0.0010352401253586594,449,0.0004570129806542645,6.477164745449593e-05,3.634574286900078e-05,0.00012229316568176197,1.691667532188152e-05,8.688296631119314e-05,7.121347706056603e-05,3.3583417165380636e-05,5.886509574568185e-05,8.735495709443306e-05
envY,envY,0.0010328811997003598,450,0.00038501511896365896,5.129709214885287e-05,2.267374818770397e-05,6.038859819412819e-05,2.5219673959141988e-05,9.017906297692055e-05,8.861707972221385e-05,7.441808305581212e-05,2.51697401590998e-05,0.00020990300233282748
rof,rof,0.0010318112547224299,451,0.00032137404589073157,3.413160186849177e-05,8.620821092230367e-05,9.426608970425824e-05,4.515206037710657e-05,2.0662438505588963e-05,8.569075755498508e-05,0.00015975983725475978,7.71373043690003e-05,0.0001074289082752041
hycI,hycI,0.0010315727482084734,452,0.0005951936967032098,2.5682573642977692e-05,4.963446415100707e-05,5.9654204057954096e-05,2.814867025736965e-05,0.00010730639694800336,4.204713276298673e-06,1.6938123175313566e-05,5.1084601253768894e-05,9.372530474257056e-05
yejE,yejE,0.001031462029320513,453,0.0004687275212794626,2.8207522118831652e-05,0.0001314790821976,8.18183283988717e-05,9.843167318622483e-05,4.954676582441846e-05,1.583599059624226e-05,0.00012374899092826346,2.1373016218283298e-05,1.2293138572314673e-05
ligB,ligB,0.0010314304203533757,454,0.0004984645967148313,7.38785659557333e-05,5.058284963056412e-05,3.467625921870601e-05,0.00014488032091630778,6.130343332855427e-05,8.497503612951993e-05,3.1238850386521938e-06,1.1268446323944342e-05,6.827702709656234e-05
copA,copA,0.0010308162721968776,455,0.0004277758743544549,0.00013584673024879328,4.7813534342813124e-05,9.216155875766301e-05,9.662720631759617e-05,8.702905769469484e-05,1.538997970260187e-05,2.46957939320406e-05,8.978818481093944e-05,1.3688352035280365e-05
suhB,suhB,0.0010304268195420081,456,0.0003084815549050398,0.0001808731782353851,8.37309294873032e-05,3.753071075118846e-05,8.905029763305334e-05,9.143404284149437e-05,1.8431286522857093e-05,5.034427915077523e-05,3.255257894037301e-05,0.00013799796107453853
hisQ,hisQ,0.0010304188690234567,457,0.0003129149025570982,8.039905584812131e-05,0.00010896469635185622,0.00015572569553109176,3.5896759541049626e-05,0.0002594752949961962,2.4708905885391902e-05,1.1591964572811628e-05,3.486638479939446e-05,5.875208940445221e-06
yneK,yneK,0.0010291875650930236,458,0.00023517836673004765,7.450464530804977e-05,0.00013372497766756078,0.00016672784908498465,5.227116713540597e-05,4.81184665621755e-05,0.00015455561417446268,2.5240472055011344e-05,5.855257067593473e-05,8.031343569939047e-05
yeaD,yeaD,0.0010290861626912496,459,0.0005394977712618567,2.9629483862111284e-05,0.00014674638919873943,4.549459165504185e-05,8.096636802197605e-05,3.4191747272792686e-06,1.6893414963328838e-05,8.705809943965221e-06,2.922017799762831e-05,0.00012851298105932265
yhhX,yhhX,0.001028110466759137,460,0.0002844007064463691,2.4912543849135002e-05,0.00015496515172499364,0.00010026520961583228,3.129974553780571e-05,0.0001024543948824507,0.00016658021554746006,3.022929581669424e-05,4.335807804120107e-05,8.964512529719531e-05
uspB,uspB,0.0010278940648420515,461,0.00021686672936068992,2.90365638271173e-05,4.883039110559264e-05,4.86482454064685e-05,5.988631505320434e-06,0.00010288012955856253,4.700434337445269e-05,0.000298406602369058,7.072761861118622e-05,0.00015950480972360336
yegT,yegT,0.001027843150045897,462,0.00041441649184264097,6.890077934930495e-05,9.790853774716164e-05,7.310334867699045e-05,2.972593997484138e-05,2.1335909763576877e-06,0.00017370281817877367,1.3558281792668477e-05,5.856949114948958e-05,9.582387035766812e-05
ycgV,ycgV,0.0010275484085666897,463,0.0003968810910309176,9.123593792872842e-05,3.3358503459679215e-05,0.00012007585868771939,2.6554438370733417e-06,3.0657205494563567e-05,5.384417815646257e-06,0.0001634032440134678,0.0001520256925050663,3.1871013793827565e-05
aidB,aidB,0.001027439539190047,464,0.0003845180501491148,4.383272450312788e-05,9.29479831194205e-05,0.00017909809576998728,6.468355193517632e-05,5.0051307588065186e-05,0.00010935627899265484,2.204975863642839e-05,3.980541365579336e-05,4.1096374840278494e-05
rpoE,rpoE,0.0010266705626630983,465,0.0003107962568377946,6.52256203170187e-05,2.0512667936622125e-05,7.977190683740414e-05,0.00013403406227168428,9.401409053739529e-05,7.593615589089785e-05,7.240130441684935e-05,8.590953871857082e-06,0.00016538754374557493
glgC,glgC,0.0010257652695908834,466,0.0006732654001762175,1.9072220031664316e-05,1.0791484318734493e-05,5.2257666820682945e-05,2.9825704883493632e-05,7.76268075976051e-05,1.039309477004366e-05,9.387038503755319e-05,5.7191889163416515e-05,1.4706167914719138e-06
hisL,hisL,0.001025609848441343,467,0.0003677803343201615,3.511370277433832e-05,0.0001494895905727249,1.8509658173118052e-05,7.647665225922175e-05,0.00012256744216655093,2.8221652661034883e-05,8.468663660245941e-05,3.102900129852719e-06,0.00013966127878188057
insO-2,insO-2,0.0010251190936625418,468,0.0005020729829142485,3.699072076428805e-05,7.694275322853213e-05,7.533842269643883e-05,0.0001797415079780598,9.678215793706952e-06,6.106052418904347e-06,4.986464081563541e-05,3.060949902279694e-05,5.777429802993088e-05
ycfZ,ycfZ,0.0010249685743063874,469,0.0005767477995172124,3.725873401613766e-05,0.0001385627856051928,2.5145761867085835e-05,6.475805305047038e-05,5.857997875546702e-05,1.0137557814630583e-05,9.637574963946152e-06,2.14049679697196e-05,8.273536074652488e-05
dapF,dapF,0.0010241332950384216,470,9.688060540652277e-05,5.557465429693256e-05,4.3074502336837276e-05,7.880883731843796e-05,0.00020057250439048854,1.1718372166987908e-05,5.006090141049445e-05,0.00020287100360583392,0.00012681461983892102,0.0001577572942669652
yfcF,yfcF,0.0010237578093680048,471,0.0004445414454935945,0.00011617800992458458,3.147452141266001e-05,8.000316159303291e-06,6.0155954217621615e-05,0.00012561404930776148,6.95736689457988e-05,4.078287073499554e-05,8.28756352232954e-05,4.456133794838977e-05
fur,fur,0.001023570947155907,472,0.0005016201235514447,6.92394702701039e-05,4.1510359754686044e-05,2.2486084825663683e-05,9.12384522512124e-05,0.0001228956470825263,1.3632030487904355e-05,9.267891733179449e-05,3.3972129084577574e-05,3.4297732515993663e-05
yddK,yddK,0.0010234098410432414,473,0.0007046048762477461,3.1096843959952706e-05,5.978199973131277e-05,2.044701614534903e-05,7.013969600667028e-05,5.7317593175645234e-05,5.604496834593044e-05,5.779441501635449e-06,7.039104234972865e-06,1.1158301694026776e-05
pssA,pssA,0.0010223936465097551,474,0.0002677494425945908,7.960646788369186e-05,4.750552414518331e-05,0.00014151735799422952,6.139493338213704e-05,5.3764347945224955e-05,6.312761087194046e-05,7.813259378996655e-05,0.00013779708127034283,9.179828663244782e-05
ypjD,ypjD,0.0010222028486447329,475,0.00042654853103269856,2.884549170905355e-05,9.65055966641273e-06,2.152774846482574e-06,8.794460988914321e-05,0.0001402510351450947,3.2391656496174164e-05,9.079920444280975e-05,5.838906491843458e-05,0.000145229920498429
yegL,yegL,0.0010216825021238508,476,0.0003470867423097003,7.105813150058768e-05,3.393362309982614e-05,3.791653499533148e-05,0.00011096971835842239,0.00015636464241880826,7.330956537333224e-05,4.617911543243877e-05,4.4786311446681414e-05,0.00010007811718872231
ddpC,ddpC,0.001021606135506168,477,0.0003580972496038425,4.031305434588433e-05,0.00013582245407551294,2.8339042607906584e-05,5.246836047982581e-06,0.00015532596457845045,2.2668495840492556e-05,1.7162902256793298e-05,9.565375271012988e-05,0.0001629763834391728
fimE,fimE,0.0010211090912430017,478,0.0003588038010088238,6.604840816865469e-05,7.596805784708189e-05,1.709399741217555e-05,0.0001996946017785363,7.784626762647676e-06,0.0001276486264534244,5.9456070279746406e-05,5.870467450161636e-05,4.990622703029452e-05
citT,citT,0.0010210113383775387,479,0.0004394259679867852,3.396684819591615e-05,0.00014703354144008756,8.123967731220498e-05,0.00010499838793533555,4.873589799813621e-05,0.00011233423593879506,2.9068684222921797e-05,2.3555527567978223e-07,2.3972542071676534e-05
melA,melA,0.0010209381723247667,480,0.00027280482048735305,8.388732265635556e-05,2.2035386989391817e-05,0.00013715319594668934,0.0001228159736565278,0.00012275927619364392,9.82656326022777e-05,5.810263213219349e-05,2.3733335097513656e-05,7.938059656282056e-05
yfdX,yfdX,0.0010207301331759218,481,0.0004365037139748228,0.00010022677818852142,0.00014329793289758573,7.269558996195976e-05,6.0497461012645316e-05,3.420295492285156e-05,2.675437204699611e-05,4.711031520463971e-05,5.7541740637770016e-05,4.1899274328129216e-05
ycaL,ycaL,0.0010205875955996975,482,0.0005288853742879229,1.2003725057199323e-06,7.490750776174074e-05,3.615564713245883e-05,0.0001226439730588986,0.0001108195979416777,9.39699930285394e-05,1.1284896139863254e-05,3.292195025731662e-05,7.798283485559246e-06
yiiR,yiiR,0.00102011811323646,483,0.00016827706367594496,0.00016113160308282168,0.00016512035778064977,0.00021083692687801948,1.5790458422672102e-06,1.922653181844265e-05,3.0344181817752338e-05,0.00012014892525664116,7.480713634615263e-05,6.864634073776803e-05
folC,folC,0.0010198719522468897,484,0.00032328931511606783,2.0848315945558474e-05,0.00016812117363594988,9.288413325447183e-05,6.187118830406702e-05,8.54561408852211e-05,1.4256636199264141e-06,7.151586519580281e-05,8.710427951606035e-05,0.0001073558767737643
ytfQ,ytfQ,0.0010194840429845707,485,0.0003684114495505642,6.499372638461754e-05,7.493718935443459e-05,0.00016192994115648052,1.1363659918365609e-06,5.931018874461751e-05,3.273440439906263e-05,4.53067653275765e-05,9.88622653124265e-05,0.00011186174676295416
accA,accA,0.0010193362757141837,486,0.0002835433489298378,0.00017731340718219748,8.527461929026438e-05,0.00015538055686845417,7.621608570289139e-05,6.283583586809577e-05,2.6113951078567642e-05,1.7434415188354037e-05,9.209546841281101e-05,4.312858719271007e-05
yqfE,yqfE,0.0010167053519717275,487,0.0003855718769958853,2.0422252615104797e-05,3.541434406211105e-05,4.8685112271106825e-05,0.00013428632712533502,1.801913188355053e-06,9.626181367191377e-05,4.96129560182848e-05,0.0001689554649565681,7.569329106706297e-05
epd,epd,0.0010146074629902864,488,0.0005127520021315658,0.00011546234651702822,2.5629982355285928e-05,4.39379463327015e-06,0.0001146823834120406,4.4852453430505366e-05,6.174815064051389e-05,2.118723001456177e-05,3.4733508363421354e-05,7.916561149209352e-05
yccM,yccM,0.0010145861160085904,489,0.0003838522452920272,4.780898876823613e-05,9.81068433881039e-06,6.454665621865997e-05,7.242135230635618e-05,9.233016572249812e-05,0.00012148014621906489,9.725571186194625e-05,3.01763674097987e-05,9.49037978711925e-05
ydjZ,ydjZ,0.0010145769477521627,490,0.00029867766154229465,9.640674405208832e-06,9.211555023966059e-05,0.00016699402186626705,3.63319945471179e-05,1.3497677397777417e-05,8.441632566171897e-05,0.00011323857771759904,9.474391339426518e-05,0.00010492055098025313
ybaP,ybaP,0.0010144180184713716,491,0.0002776127793719803,3.82191459229605e-05,0.00013144768771034102,0.0001806894372943198,6.983542518873765e-05,5.317271258062238e-05,4.718962305905726e-05,9.348892925036457e-05,7.857806182880478e-05,4.418421626418326e-05
galE,galE,0.001013809836305301,492,0.00046208053071348934,0.00011895910366860493,1.8970748317330217e-05,1.8020097722220327e-05,1.9877898032772524e-05,4.937353268971807e-05,8.857162670217662e-05,4.9090437063133704e-05,0.00010040602923407023,8.845983216178485e-05
ydcD,ydcD,0.0010134072707467159,493,0.0003394244143953243,6.982424798730609e-05,2.2088789574025454e-05,4.332371803636233e-06,0.00014296415504356697,3.808538436826582e-05,6.536366984328306e-06,0.00010082636564927362,0.00020619668198611926,8.312849295486998e-05
aegA,aegA,0.0010127070901824577,494,0.00035667627521994563,4.854832354620182e-06,9.31285191092224e-05,8.124130012116211e-05,3.872496768884372e-05,0.00014293017695104677,5.296638427492826e-05,6.344734273915867e-05,7.246451149271753e-05,0.00010627278023081248
lldD,lldD,0.0010121231821309598,495,0.00042605955901646583,9.919694767261305e-05,9.503386716687541e-05,2.1945080731873112e-05,6.009763412370785e-05,5.306536215219413e-05,2.0738773607385237e-05,1.3757684565303856e-05,7.949367586288254e-05,0.00014273459723165873
yhcO,yhcO,0.0010118336052368977,496,0.00035161221341317673,1.832598179369286e-05,3.9747057803381206e-05,4.2389919035563204e-05,0.0001638479972889752,0.00011913723534684484,7.110373901010509e-05,5.448189570342744e-05,9.449141999989584e-05,5.6696145841835333e-05
cedA,cedA,0.001011661729785822,497,0.00037707466283227217,8.141030292140779e-05,5.6583834219589664e-06,5.6447748879357666e-05,9.676612965914331e-05,2.5225719491864016e-07,3.305640058700569e-05,5.785381764932267e-05,0.00019655407550009412,0.0001065879511403409
ycgJ,ycgJ,0.0010114823716514097,498,0.0001582710738504151,7.496653544104824e-05,0.00011080797691158648,0.00010430504799950537,8.112224246215842e-05,5.036786434945505e-05,9.605311472299793e-05,0.0001342317029254826,0.00015787093657269833,4.348587641606213e-05
yhhA,yhhA,0.001011223290826369,499,0.00037048293777372857,2.6975157974380503e-05,8.373960618483659e-05,0.00010676660072408006,8.278248157983328e-05,2.7630211841520726e-05,0.00013303722016542156,2.762133694352643e-05,8.739682416842922e-05,6.479091347061199e-05
pepP,pepP,0.0010112032807455878,500,0.00044005874043914306,7.87192043898792e-05,6.455863280893911e-05,5.473328667656652e-05,6.0790934323059004e-05,2.2437919628624214e-05,9.436354829940548e-07,0.00017904554305142947,8.340138768910496e-05,2.651399625584845e-05
yhdY,yhdY,0.0010111020916165774,501,0.0004643210301935373,1.4905108872057227e-05,2.6721309109864404e-05,0.00011490287822060657,0.00010832000561638712,9.110652029054289e-05,5.473768191272963e-05,8.297431476313133e-05,2.2343770513078982e-05,3.0769472124642004e-05
yidX,yidX,0.0010107588844265139,502,0.00020549711583670296,3.947982473564229e-05,0.0002179986162205261,6.267561853150944e-05,4.476475145056908e-05,4.807395989145696e-05,0.00022605972534268465,3.489195048456756e-05,2.679918523708238e-05,0.0001045181366957724
gatR,gatR,0.001010538329236044,503,0.00031450833447664627,0.0001272289230375019,7.154590865816783e-05,8.348313725950214e-05,7.810589598359928e-06,2.3199179430221945e-05,9.15098248656779e-05,0.00010249435169830138,8.350026957664747e-05,0.00010525781063501723
mrr,mrr,0.0010092354614274013,504,0.00024106050107045526,2.0327478742302193e-05,0.00018707957084690234,0.00019351641717179775,5.941622805461272e-05,4.752554041695088e-05,4.123983497002599e-05,0.0001005402583651277,3.051924495448781e-05,8.801038683473875e-05
mdaB,mdaB,0.001009075983067878,505,0.0003318493311311669,2.6825471553498043e-05,7.295141504202614e-05,3.8249098627061277e-05,7.891949506668653e-05,8.99133117443011e-05,7.031648032378622e-05,2.026464753817531e-05,0.00011762272378992648,0.00016216400825125015
ymjA,ymjA,0.0010089553394059725,506,0.0004996803300888866,9.373897059921563e-05,1.7171281206753622e-06,1.4263279841475732e-05,7.1224327686184535e-06,0.0001527966896619153,9.03465992268234e-05,7.363201156952899e-05,2.805629980692909e-05,4.760159772190382e-05
rraB,rraB,0.0010082380627116706,507,0.0002967435613381735,0.00016930445980106512,7.528612640792053e-05,2.3287289434151097e-05,1.0009657603374019e-05,1.152324266826554e-05,9.348986710337815e-05,6.486486674937348e-05,0.00011741690438369378,0.0001463120872222754
yccZ,yccZ,0.0010081893613037806,508,0.0004260522753971814,0.00011897180833077228,5.756439588136103e-05,4.059525243647546e-05,0.00012116678767429762,2.6142129624601666e-05,5.398735663083733e-05,4.0847929074023305e-05,0.00010144563439476632,2.14157918594641e-05
focB,focB,0.0010081782236718083,509,1.4800010919138993e-07,9.401173100589279e-05,4.464368915930933e-05,0.00020573913315979258,0.00018646673615567492,2.8308248047882673e-05,0.00011441683100286725,0.00013119397590093967,0.00012236951477097597,8.088036435928181e-05
tolQ,tolQ,0.0010080080563065637,510,0.0003328292070867343,9.046791162676771e-05,8.958510941301286e-05,1.3099294084261606e-05,0.0001892378536969643,3.8686239902575793e-05,3.975921322990363e-05,4.037953389954823e-05,2.756333793190276e-05,0.00014640035543489252
nanE,nanE,0.0010078269850174067,511,0.00020551583313628078,3.5630470303322046e-05,5.024297750218105e-05,2.6269166218301854e-05,1.5493770500165534e-05,0.00012658551556822626,0.00012881658967261615,0.00023099760764915098,4.043425508076331e-05,0.00014784079938639868
dcuR,dcuR,0.0010072401959230922,512,0.0004639058251764295,9.95789162760874e-05,8.771367639624627e-05,7.490770908277596e-07,8.359162210210229e-05,7.545691550595367e-05,3.561795607657451e-05,1.3931999338067485e-05,9.735479096396283e-05,4.9339416996840435e-05
fucO,fucO,0.0010071320276155698,513,0.00014993793579200112,9.583923212267396e-05,8.543822212036388e-06,0.0001278679613347196,5.101454540153558e-05,0.00019650822016297368,7.832492423070562e-05,5.3862619583888346e-05,0.00015417013384748214,9.106263292755348e-05
rhlB,rhlB,0.001005917108870368,514,0.0003386290253151104,0.00011181165381113749,2.1898604155871106e-05,4.8855960830899794e-05,0.0001795401181832403,4.62134898309025e-05,2.4694380352390865e-06,2.8424331181723248e-05,4.6579302421058955e-05,0.00018149518510518508
yjjU,yjjU,0.0010054309616534395,515,0.00047453538352711187,0.0001793750494870102,1.867030088549816e-05,0.00011346056120455124,1.5702756565786175e-05,2.036379261311868e-06,6.322700288168946e-05,4.3929064765761465e-05,3.247524993971767e-07,9.416971057532163e-05
yqeK,yqeK,0.001005294830711162,516,0.00023573391347345992,4.169825716658698e-05,2.068917274549706e-05,0.00020973892289126656,6.86710172505008e-05,4.348197056121748e-05,3.707969244359692e-05,0.00011614889107764812,0.00019648112852762542,3.5571864573762946e-05
yidI,yidI,0.0010044946505615097,517,0.0003922350461413116,6.130447573684215e-05,8.042386241293287e-05,5.990692780232743e-05,0.0001999610945248814,8.292477588690195e-06,3.067540918318868e-05,7.847190233849574e-05,1.7776679229208645e-05,7.544677560363089e-05
ydeQ,ydeQ,0.001003884331173468,518,0.0003454372537005366,2.7773707192960066e-05,7.054430151138088e-05,0.00018964962377592283,2.7629111894950942e-05,5.313324133073153e-05,2.955271186983031e-05,7.945692166882712e-05,0.0001716204675127261,9.086990715601752e-06
fadR,fadR,0.001003476082148612,519,0.00034140563025579474,2.5203977970604614e-05,0.00012411352427141425,6.324721940263144e-05,4.723089153405071e-05,0.00011108956146427405,0.00016390553048609139,1.266986436141694e-05,3.0601911879074726e-05,8.400797052325922e-05
ytfG,ytfG,0.001003191522021038,520,0.00035104625078442446,4.097712803253677e-05,9.110908295886878e-05,1.8359300836790044e-05,0.00010638914839012307,7.538731404324829e-05,0.00010416537998243215,3.737224286187474e-05,6.857217344430485e-05,0.00010981350068643494
ynfE,ynfE,0.0010031140189788322,521,0.00041497059484981667,1.249843489662897e-06,8.383242691106687e-05,5.700644798596955e-05,0.00012804581819448007,0.00011703502608156778,3.2366729475388306e-05,6.493728835957181e-05,7.03117566559159e-05,3.335808697539218e-05
ydiT,ydiT,0.0010030707269719668,522,0.00035936740710714474,7.676120015697099e-05,7.64417039558017e-05,4.409622589271944e-05,8.041566737403857e-05,1.8576769530927068e-05,7.930764059502609e-05,0.0001200421351132411,8.271950083827979e-05,6.534247640781732e-05
nlpA,nlpA,0.001002673352453931,523,0.0002796583768219794,1.193002351950936e-05,0.00014197402641675863,7.897309190781062e-05,0.0001239063508709712,3.109300613560561e-05,3.1494571942836055e-05,0.00010586499410344527,5.951690265398892e-05,0.00013826200808102578
cycA,cycA,0.0010024138206870805,524,0.0002414586736361413,9.660090438767477e-05,0.00011071379298703679,9.779570267417836e-05,7.575843554882947e-05,0.00010189479852334425,0.0001444586364604045,2.9975174599994692e-06,5.2765622374113076e-05,7.796973663535859e-05
icd,icd,0.0010022267731876144,525,0.0003357343316272067,0.0001737636973180849,7.436704394708299e-07,3.6310043650871115e-05,0.00012515888568529355,3.479770795656552e-05,3.915582052135937e-05,0.0001324278678557768,8.892234092355437e-05,3.5212407209431215e-05
ybaZ,ybaZ,0.001001589057404386,526,0.00033986806964620504,3.5875896973629294e-05,4.636185092686788e-06,0.0001596793539998145,0.00011864001815671783,4.137503184117252e-05,0.00011383343756463056,0.00013073861859239262,5.6566182636352656e-05,3.762629007839175e-07
yhbC,yhbC,0.0010015146324535802,527,0.00020608787247818785,0.00013978268273090385,0.00010355179026553185,2.103973020872582e-05,6.577498892213328e-05,0.00016520408467839286,3.202743663970888e-05,7.814267877077964e-05,9.932883158184243e-05,9.057453617737392e-05
yadC,yadC,0.0010015043075576526,528,0.000457422412566913,2.3146978068399883e-05,7.132696199982302e-06,0.00018454126903319091,5.142506900458133e-05,4.3460504973308876e-05,4.547006464472282e-05,9.641922805333301e-05,7.20828481532898e-05,2.0403236859930718e-05
srlE,srlE,0.001001070774457461,529,0.00023652605729283064,0.0001234323469350454,3.333194296325737e-05,9.231032758448244e-05,0.00021981934390251565,4.233917642060003e-05,2.8506474978653937e-05,0.00015384490996659563,1.2143221413757007e-06,6.974587227210419e-05
rpmJ,rpmJ,0.0010009900286422051,530,0.0002658087172703156,4.428972157841676e-05,4.2158583831346236e-05,0.00011131695629865763,0.00016246118360539212,0.0001161749221000504,3.227570402640956e-05,7.562351535573151e-05,0.00012558948983813176,2.5291234737753482e-05
argR,argR,0.001000904435047825,531,0.00036740843219827685,5.906770919051827e-05,0.0001873707201702401,5.504745256545764e-05,6.57954360297592e-05,4.470829027072882e-05,0.00011934657022187808,2.3869295900237436e-05,5.0942589179633136e-05,2.734793932109542e-05
mtlA,mtlA,0.0010008715786010234,532,0.0005259375575710669,9.78778312168312e-05,5.438137513042523e-05,3.302385299548909e-05,3.116083755767809e-05,0.00015401734096095172,6.450895744403887e-05,4.5869608859802e-06,2.4281417429573895e-05,1.1095447408988204e-05
cbrA,cbrA,0.0010002335334478485,533,0.00039872655421708327,5.5528721831763715e-05,3.6476509247972046e-05,5.0338632168242875e-05,0.00018409707645166394,2.2636837529820848e-05,1.7533087199982555e-05,3.4979389937276664e-06,0.0001206180132013257,0.00011078016260626587
yfjS,yfjS,0.0010000847698044088,534,0.00023067074860949152,8.562860839649952e-05,6.751847757298552e-05,6.657706452267458e-05,0.00010634288331990864,0.00015787281453465862,4.869817977799754e-06,0.00013200046363953956,9.304238742684929e-05,5.5561503804001696e-05
dnaC,dnaC,0.0009990495584720168,535,0.0005008928365126302,7.375147997601119e-05,0.00011953008662373847,3.861175630759413e-05,9.461183646945627e-05,1.1025654239644241e-05,0.00010802541353941931,3.761524977797666e-07,5.02744720817967e-05,1.9498702239467108e-06
fldA,fldA,0.0009987765073024952,536,0.0003696130565976182,0.00011765108250506283,4.861009933096248e-05,9.34317922345341e-05,5.662040140643197e-05,6.0419425789005994e-05,6.039441286620173e-05,7.505315872795641e-05,5.30156975921412e-05,6.396738025258043e-05
flhA,flhA,0.0009986884248355458,537,0.00019776852667721296,4.241457665656142e-05,6.051606108248389e-05,0.0001485563862497751,5.922014347912012e-05,6.98306883873638e-05,8.189194421870453e-06,0.00021656650005897121,0.0001695827716171292,2.604357620505782e-05
glgA,glgA,0.0009983194738896473,538,0.00029716302053725454,0.00011661396722387669,7.932276105991416e-05,7.128759762713811e-05,9.56327656972091e-05,7.026330652289515e-05,8.32041083822852e-05,6.246400350462209e-05,9.374538735864621e-05,2.8622555975806146e-05
ypfJ,ypfJ,0.0009976650421844398,539,0.0002640821241731416,0.00010884181477740422,0.00011188945582316468,3.832848838194899e-05,0.00017845661642084724,6.021097440665463e-05,5.302437048448998e-05,2.411973992645765e-05,0.00010219582244850735,5.651563534182339e-05
yadK,yadK,0.0009976293727687398,540,0.0006244766489547812,6.802690354526308e-05,1.1173265470917131e-05,9.080318083514753e-05,1.054147462943038e-05,8.429928793908185e-05,9.849417942690043e-05,4.536520602876728e-07,7.255957113263438e-06,2.10482279366713e-06
yiiS,yiiS,0.000997512091509703,541,0.0003015530555527302,3.60530566039886e-05,8.925612789768645e-07,3.972509247783146e-06,0.00014631263080217742,0.00019740016385500674,0.00010085644444584093,6.940763799207767e-05,5.924383680711604e-05,8.182019492400543e-05
yfiN,yfiN,0.0009974319277014081,542,0.0002741882134322714,5.6079701143915506e-05,0.00010526464355425436,7.502896064534374e-05,0.00012991418328924721,0.00011199571970393696,8.581840985683132e-05,5.47049029856888e-05,3.670985798109041e-05,6.772733510882839e-05
cybB,cybB,0.0009972258012531537,543,0.00043811916603408833,1.7918015947164508e-06,0.00011788335540000314,6.38643087922681e-05,6.411924103302104e-05,7.34081156795929e-05,7.11380810014098e-05,0.00010797313689951784,5.5316024849285095e-05,3.6125699692508943e-06
eutG,eutG,0.0009966659137155404,544,0.00029455552582253325,3.323785265657676e-05,0.00017986826579764785,5.391479558450795e-05,0.00016321136767239166,1.295090808020939e-05,0.00010168487928044579,6.554141797130549e-05,2.8014024501683505e-06,8.889949839975387e-05
fabB,fabB,0.0009964188151307077,545,0.00011371313467575949,0.0002468386677418073,1.4186771558857446e-05,0.0001491609637576481,0.0001236907919328082,4.343309179782874e-05,2.941836586090847e-05,8.080984090532063e-05,0.0001164126086603833,7.87545782393861e-05
yadB,yadB,0.0009963184597662142,546,0.0002422169049445497,2.8341023831492947e-05,0.00013020703194103317,9.319545137971584e-05,8.214219785888745e-05,6.592060506317436e-05,3.0453987949501448e-05,0.00012430985518100857,9.879074576406889e-05,0.0001007406558527819
bglG,bglG,0.0009960913945287466,547,0.0004818507247940559,2.074369069893881e-06,5.588888682559408e-05,5.411742802640459e-06,0.00014122713922357606,0.00012696500027652564,6.54859800370981e-05,8.62374806098516e-06,3.3614102156680935e-05,7.494970128169629e-05
yeaL,yeaL,0.0009955793116337922,548,0.0002476591819936081,4.55080680789311e-07,0.00011053637291071621,0.00014455871716413923,0.0001212701069290704,2.414164850720882e-05,4.710642538345773e-05,0.0002004774918031674,5.1907893916123025e-05,4.746639234551203e-05
ynbD,ynbD,0.0009954088959582622,549,0.0003242382887880075,7.850724729214466e-05,0.0001569335474146376,0.00010598831917558982,8.549404238765834e-05,2.320683793753802e-05,4.081954099559104e-06,6.182947222614635e-05,4.972568733057471e-05,0.00010540349930640599
ydcZ,ydcZ,0.000994805418515795,550,0.00039049714899503654,2.662417729374933e-05,4.865705738404273e-05,9.207371283028465e-05,8.822929440657369e-06,7.284060135137557e-05,6.591504149452245e-05,0.00011070520700270386,3.5066305677096834e-05,0.00014360323704632556
ycgG,ycgG,0.000994748206750005,551,0.0004946182786377828,7.753788090273333e-06,6.659511297269e-05,6.288068701547682e-05,2.465366386716422e-05,6.567004549503923e-06,0.00010962219113596303,0.00010067322271882297,3.169955160637296e-05,8.9684706155955e-05
puuP,puuP,0.0009941152983330378,552,0.0002993245050653955,8.40811582335563e-05,1.745376325511032e-06,0.0001485171403977263,3.391951638286391e-05,4.505333521101255e-05,1.6804999025551472e-06,0.00011009828729503595,0.00015600807705242687,0.0001136874024669544
tnaB,tnaB,0.000993758976387184,553,0.000363561009745175,2.4316301859140083e-05,2.669052786738333e-05,0.00015255416862538091,1.958700247598345e-06,8.792387029113894e-05,0.00011985494290372895,8.11779313230158e-05,0.00010091480666409776,3.480671686052502e-05
ymbA,ymbA,0.0009926506050561181,554,0.0004893561103682121,2.1967271445656946e-06,6.859640331223013e-05,9.342923261523879e-05,1.211978046305942e-05,7.912711557316088e-05,9.200706239877517e-05,4.485516330599194e-05,7.663770328196742e-05,3.432530659291661e-05
fumC,fumC,0.0009922426944308524,555,0.00039375947016703235,4.7002133585054465e-05,7.600323701521083e-05,1.2141968980757348e-06,6.225284175125065e-05,0.00016605693382581316,0.00010604011746127463,0.00010229184215334328,1.9591740809801343e-05,1.8030180763995845e-05
djlB,djlB,0.0009922274087048983,556,0.0005761615920020546,4.431208953520927e-06,3.2272941797580676e-05,7.780444236586822e-05,2.2622449171500603e-06,8.604553026952731e-05,2.541306191760593e-05,4.0019961098225654e-05,6.215200202075186e-05,8.566442336261315e-05
yjiV,yjiV,0.0009922170187411678,557,0.0004898629056932987,2.8929336215852356e-05,0.00010676314516110534,5.732041119476381e-05,1.4163372483170242e-05,1.4717678844069558e-05,0.00017491990059633486,7.105209130505788e-05,8.228172274737605e-06,2.6260004972777367e-05
yifK,yifK,0.0009921253415637876,558,0.0003773347084987009,1.08871340199878e-05,0.00010497129813887121,1.6177196386054504e-05,5.1159299059404784e-06,6.811545354061889e-05,7.629585291944354e-05,7.688495304212324e-05,0.0001660467985455228,9.02960165665245e-05
yncD,yncD,0.000992056076475479,559,0.0003292812377197868,5.88977634345663e-05,0.00013298714949302356,2.593920060896569e-06,3.83243385631223e-05,3.381438787105738e-05,3.876907405873441e-05,7.88170142428989e-05,0.0001227789720882662,0.00015579221894312668
yfgF,yfgF,0.0009916852780424287,560,0.0003690424820968588,4.6902765991235446e-05,9.529763828065327e-05,4.665835653234507e-05,7.064371829831576e-05,6.335235548745284e-05,0.000124038877547492,1.751657444668319e-05,4.511899667350764e-05,0.00011311351268788463
mngR,mngR,0.0009916570785999889,561,0.00021921282495609008,9.513815387646033e-05,7.528843387929873e-05,0.00013391088614164237,7.945266406734587e-05,0.00012474975117774393,0.00017131496450232048,6.630131639590278e-05,2.5939582149253096e-05,3.4850145393148574e-07
ispD,ispD,0.0009912852574996494,562,0.00018522948099951005,9.171687749315718e-05,8.4566112410901e-05,0.00010604196993211586,0.000188902854186125,8.674597974833197e-06,4.8659282794310494e-05,8.890725615257198e-05,4.2412325541552604e-05,0.0001461745000145719
allR,allR,0.000990854991581408,563,0.0004105867203229771,0.00016763462629971592,4.2355732515744856e-05,2.1796514313526327e-05,0.0001499203716188164,2.8649297696550008e-05,6.418733127341177e-05,3.206566111391794e-05,6.535251503942916e-05,8.306221387318183e-06
aes,aes,0.0009904564191474464,564,0.00013690946253814648,2.367690953628538e-05,0.0001063265886385503,0.0002090243768699615,0.00013491755667673446,6.124512651386964e-05,2.155009817336603e-05,8.31517853594731e-05,0.00018840773143355863,2.5246783407500887e-05
secF,secF,0.0009890970878399326,565,0.0001548077934153366,0.00022961330922027258,4.4516283450744144e-05,8.170073752356717e-05,9.25129819225911e-05,3.240211611509138e-05,2.228513656660392e-05,8.197726918870237e-05,0.00018056422570359,6.871723473343346e-05
ydcL,ydcL,0.0009890705974917864,566,0.00029714025862938006,5.364513830106192e-05,3.1228960555724526e-05,0.0001368669975283074,3.829054941923414e-05,5.271202899829563e-05,9.581994383861573e-05,1.7628854544640573e-05,0.00016112623366220774,0.00010461163201431875
torI,torI,0.00098905772627517,567,0.00029911741140093654,1.7532391372660457e-05,0.00012956096108361663,9.700511389878962e-05,8.459352700470898e-05,1.719254290855697e-05,2.4535923501909037e-05,0.0001111621580499096,0.00017077715120858322,3.7580545845498964e-05
yodA,yodA,0.0009890080088333884,568,0.0005419968607268171,4.244219350094127e-05,2.1339855702814992e-05,4.3852081615826896e-05,8.616587217667717e-06,6.3595918424376e-05,9.454646099228684e-05,4.6639359749867135e-05,4.214889614168512e-05,8.38297947611053e-05
dcuD,dcuD,0.0009884025819208854,569,0.00048038637920764295,0.00014858596179092307,4.071546099904532e-05,1.5656424332473822e-05,3.780292846929987e-05,2.144101652755931e-05,7.23813137692436e-05,4.487600198787966e-05,5.4730705315814664e-05,7.182638952100295e-05
ghrB,ghrB,0.000987656466270706,570,0.0005761841555191284,0.00011476247295447453,9.073544044226807e-05,2.6191465899078388e-05,1.2936640016231017e-05,2.561620752215759e-05,1.3337812428692322e-05,8.457795757014873e-06,7.450851041199945e-05,4.492596531966135e-05
sufS,sufS,0.0009875543559669442,571,0.0005214677923916832,8.072348014623475e-05,0.00012701089615385622,3.518682241126582e-05,6.297102237715287e-05,5.198047294457806e-05,2.1037674396531372e-05,1.3466225196021207e-05,1.3495526411574076e-05,6.0214443538046666e-05
ygjK,ygjK,0.0009873584438890508,572,0.0004538845672506908,1.7020718304266419e-06,3.9260770017850704e-05,0.00012355648328573604,3.171400565359675e-05,5.603584540372308e-05,8.975499771846565e-07,4.277762347885615e-05,6.793146991907902e-05,0.00016959805707190685
znuC,znuC,0.0009868324776496288,573,0.0001695460664682496,4.302746856696023e-05,7.04445996602547e-05,6.942945815234301e-05,7.479446267261795e-05,2.964523573023888e-05,5.979558020469246e-05,0.0002007460130502917,0.00011665558180686939,0.00015274801133711085
ycjT,ycjT,0.0009864166469542735,574,0.0005049154675623374,4.727582259902471e-05,6.7828063688108e-05,2.9503250172954142e-05,1.0228336393027111e-05,2.0071902985704992e-05,6.054480505258413e-05,9.63692618439598e-05,6.615684533367568e-05,8.352289132289761e-05
ygeV,ygeV,0.0009863112780622572,575,0.000416915685222299,2.6649865187444943e-05,8.948516932292334e-06,5.675295580306478e-05,3.7861611660913354e-05,0.0001381867679612542,8.12973740122197e-05,9.571599689171938e-05,8.62926445560727e-05,3.7689859834976674e-05
ybiX,ybiX,0.0009848046267128163,576,0.00033244165945999393,2.9477982592544314e-06,0.0002056695230457333,2.334556983558604e-06,1.9934177152704262e-05,9.091114001140381e-05,0.00012418238200588398,7.97369892366627e-05,6.27974133478601e-05,6.384898720976125e-05
ligA,ligA,0.0009844277067651969,577,0.0003182106057152613,0.00023688795491518541,4.624098220844191e-05,0.00012905777677165556,5.780145991789009e-05,1.019731257315905e-05,2.1832633077657863e-05,4.477015810583598e-05,9.749500169896463e-05,2.193382178114509e-05
mhpC,mhpC,0.0009843959344380997,578,0.00023973696272253523,2.0031508371884386e-05,3.213246758972314e-05,8.351817212008274e-05,0.000219230687046526,5.855390623437882e-05,7.405695567218756e-05,0.0002451174730979161,4.0211467035500565e-06,7.99665487931589e-06
metF,metF,0.0009839444570257626,579,0.0003241351118047428,1.266782335119189e-05,3.0938460046277224e-05,9.333666750279277e-05,6.176245646387714e-05,0.0001631142911638211,2.8539888519331727e-05,0.00015897558858869485,1.7759863363037252e-05,9.271430622199582e-05
glnK,glnK,0.000983833140444774,580,0.0005060701728611095,0.00010042474010522328,2.5272766248121958e-05,6.327694518931627e-05,9.622685102382757e-06,1.672771362290754e-05,5.757038614569848e-05,8.929818174813298e-05,2.3516329121448058e-05,9.205322030043315e-05
erfK,erfK,0.0009824782974758048,581,0.0003458631586629212,3.172343090064114e-05,1.3449923482913988e-05,0.00010821202704363987,4.356261980966889e-05,7.179460484021114e-05,0.0001333660826778144,0.0001294486741422865,3.3809112633479306e-05,7.124866328222825e-05
cbrC,cbrC,0.0009816967008820774,582,0.00048697519323013367,8.522995723674495e-05,1.9605003807143592e-05,1.499697038532964e-06,0.00015449815145808388,8.54586623164424e-05,2.6816129203571408e-05,8.051358302378895e-05,9.448458520928635e-06,3.165186504670698e-05
psd,psd,0.0009816380117366368,583,0.00027104677135859857,0.0001580387022575475,3.548994203982337e-05,5.0045782199000164e-05,2.4454795113239806e-05,5.495207298008475e-05,8.241605993185419e-05,0.000189682558497248,6.430200389710354e-05,5.1209323462136894e-05
tehA,tehA,0.000981419933309295,584,9.224133710739705e-05,0.00016651099026776512,3.7489221274451507e-06,7.649342403255167e-05,0.00018804040486096062,4.2988722956598615e-05,0.00014099467270794648,0.00010238880288185771,0.00015179196271374672,1.6220693653025756e-05
rcsF,rcsF,0.000981113058721244,585,0.0004044649748770789,4.178570000876903e-06,7.506828659256001e-05,0.00012855453816099866,4.2136037355433665e-05,1.4180841190865434e-05,4.4021619159229066e-05,0.0001928425492017804,1.770436918713885e-05,5.796127299528203e-05
yebA,yebA,0.000980791113378798,586,0.0004321443796588763,0.0001253258837181417,9.140271653343887e-05,1.0934325302838646e-05,2.4229171412141122e-05,3.0598935351764494e-05,6.849499208631411e-05,1.950000634092533e-05,3.099481013292491e-05,0.00014716589284143237
hdhA,hdhA,0.0009804505453101992,587,0.00039125877473829274,8.64146563680338e-05,1.928449892742248e-05,0.0001154665087265813,3.206591406244747e-05,6.0780033723398454e-05,9.258152914867368e-05,2.4804795262501063e-05,0.0001348541608005537,2.2939673552294473e-05
yadS,yadS,0.0009782499576917942,588,0.0003910453885628435,5.957016671872847e-06,0.00012986667362223492,0.00021718855156763973,8.087144009603983e-05,2.2603983175548543e-05,2.438224206124923e-05,8.305539893104672e-06,4.611441019804467e-05,5.1914711843216315e-05
ecnB,ecnB,0.000977540994664009,589,0.00021269319844053155,5.930994568427429e-05,2.586825006462236e-05,3.989052844391401e-05,0.0001027432862919649,4.2066841378895206e-05,0.0001529900056722484,7.167930136989623e-05,0.0002135417761671332,5.675786115052887e-05
puuR,puuR,0.0009770649919016133,590,0.0003732716875893786,4.4004899172032764e-05,6.067822510699624e-05,4.640755105830653e-05,0.00015003640628809056,0.00014268255697156459,3.105179560872556e-05,3.5952739169903736e-05,6.704862766141004e-05,2.5930503275204484e-05
ubiB,ubiB,0.0009770451492858887,591,0.0004223461170188486,6.662003546622545e-05,2.5333403554632002e-05,2.7382172530044176e-05,1.1315346511829323e-06,7.551865195119314e-05,4.745448053409205e-05,7.568953226914491e-05,0.0001325800108039349,0.00010298921050659081
yajD,yajD,0.000977017116914787,592,0.0003295521924226595,0.00013873105052506293,0.0001453968665235908,2.940740694849803e-05,0.00012319203751112436,2.9813165348733716e-05,9.199682361318955e-05,4.4498110287939974e-05,1.0685823354610338e-05,3.374364037937785e-05
gpmA,gpmA,0.0009763181054300731,593,7.340208673994505e-05,2.7055435860874632e-05,0.00020059391381036415,0.0002171575962703555,0.00013570240828490433,6.0176638026055126e-05,6.698995131229892e-05,8.653742455958686e-07,0.00017214264702133602,2.223205385834353e-05
cysG,cysG,0.0009757529456122361,594,2.6086561124634212e-05,8.69958536392449e-05,1.6290433346320696e-05,0.00020011614975350156,0.00014095316625937907,0.00015188334695664843,0.0001011716100507389,0.0001868139297750723,3.529277974723223e-05,3.0149114959463768e-05
ydhV,ydhV,0.0009748485440764697,595,0.0003902226665404633,8.323158569571643e-05,3.530117363787209e-05,8.998046204987983e-05,3.580144967374479e-06,0.00010056160265106635,1.6397036560320935e-06,4.4239745521630827e-05,0.00018843773842042183,3.7653720936012515e-05
alkB,alkB,0.0009742625092855335,596,0.0003240896135149529,8.644576497749116e-05,6.245718390722878e-05,0.00012729076353594208,2.4543401684030973e-05,0.00011081047471310054,0.0001039376673129925,4.12381998115365e-06,0.00012160564142008905,8.958178238551747e-06
yggJ,yggJ,0.0009731001166812275,597,0.00038008322150052184,6.621965295629674e-05,0.0001859365737984893,1.7730081340909036e-05,3.238806244881549e-05,0.00010835781109316642,1.6808353026436767e-05,5.2458742102607526e-05,5.452653111746818e-05,5.859108729651624e-05
dam,dam,0.0009729125764976447,598,0.0002738392531561151,1.920502663627822e-05,3.0280415487242537e-05,8.909412076498178e-05,0.00018933190353857463,4.885627453621725e-05,3.089260658850972e-05,0.0002806414347002873,2.297238192692505e-06,8.474302896745765e-06
putA,putA,0.0009727772326784699,599,0.0002121820078248013,4.531617586188875e-05,0.00015490039643904625,6.57073464144675e-06,1.4521163307177816e-05,0.0001111852562812469,0.00012046870117945055,0.0001478572615111622,4.845109051868464e-05,0.00011132444511356483
acrR,acrR,0.0009723395445636556,600,0.0005081658488542561,1.4614560924992892e-05,8.355754886362939e-07,0.00012318392364138228,3.7709117564573098e-06,5.592881729466165e-05,8.587919941198276e-05,9.260798579923867e-05,9.059034079820501e-06,7.829368731222722e-05
hns,hns,0.0009718766217888374,601,6.026025473482889e-05,0.00012469712298160133,0.00013900169950620739,0.00010966273096906351,0.0001860709066777782,0.00012478148376287088,3.964278547329518e-05,0.00012691946714961407,4.864312457428511e-06,5.597585807614946e-05
ygiN,ygiN,0.0009718384961113657,602,0.00019951536190781257,0.0001296588295528713,9.650881976845393e-05,4.956879344126597e-05,3.6576994987471677e-05,0.00014524631988547854,0.000109524087849636,2.345332170227202e-05,0.00011788249255078417,6.390347446531953e-05
yfdI,yfdI,0.0009717439344425891,603,0.00034733651887815616,8.294341298807442e-05,5.3360372094805465e-05,0.000186644082816992,5.175634067045524e-05,6.879605135532814e-05,4.1237654235863155e-05,5.256545793700589e-05,2.2894591074936122e-05,6.420945239097256e-05
yghJ,yghJ,0.0009716738398665858,604,0.0004986223621327443,3.734297689639075e-05,0.00011415410087861378,3.064332384064022e-05,2.8251543921319593e-05,2.9496677709277613e-05,1.4622018387856562e-05,0.00013650646461444782,6.510351081683937e-05,1.6930860668455886e-05
ybjX,ybjX,0.0009700045515118614,605,0.0002829419308438397,0.00029967170775862455,2.2963977401389364e-05,9.344976389582227e-05,1.4167142384922415e-05,1.1722844736328195e-05,6.419541686034143e-05,8.410151694679101e-05,1.6152459940824732e-05,8.06377907429777e-05
yjgJ,yjgJ,0.0009680754751689121,606,0.00041077574013386804,0.00015047865677851206,1.444781835896032e-05,8.982629911968967e-05,0.00010030564347890587,0.00010144014706752423,2.365777378705192e-05,3.892912997846247e-05,3.607324780611959e-05,2.1410186598179504e-06
fhuB,fhuB,0.0009678971804192494,607,0.00044870894494860274,4.9250853076627985e-05,1.2308355615175885e-05,7.063234353460846e-05,7.594122227993382e-05,1.1360241965867242e-05,0.00011018298684160587,8.580015463845068e-05,1.2621659270869823e-05,9.109041824750676e-05
rhsC,rhsC,0.000967759550015747,608,0.0003877308956843391,2.488974473040667e-05,3.217389524129273e-05,9.074024526660965e-05,3.594816590217087e-05,2.068019647848219e-05,0.00016865198451671888,9.615997261984831e-05,5.468091972867471e-05,5.610352984720384e-05
pta,pta,0.000967509063769529,609,0.0003540259836102829,7.721420378123425e-05,2.2428751126162444e-05,3.089862879133289e-05,7.31553974377123e-05,9.611351209310072e-05,7.197551708790727e-05,9.483513305987919e-05,0.00013289609449591535,1.3965842286001702e-05
basS,basS,0.0009674221240516313,610,0.0004575065322421285,3.559988618477951e-05,3.7647248657551013e-07,4.494578514498126e-06,0.00015405971533275523,3.965310114251035e-05,3.470945120602255e-05,0.00014402533000275935,5.3041209355541484e-05,4.395584758406059e-05
yfcG,yfcG,0.0009671615770263649,611,0.00039133809752380134,0.00012690517979530323,8.372772255942624e-06,0.0001782367600490314,1.3702846371326794e-05,7.645883451751142e-05,0.0001195827096878719,3.3502119225612753e-06,3.283938495020104e-05,1.637477995281375e-05
mlrA,mlrA,0.000967158912914648,612,0.00014423366203161634,6.960519607084666e-05,0.00010638436184483734,8.502891309921256e-05,5.7876446440436065e-05,5.004413313855853e-05,0.00019413373574707173,6.248662128568808e-05,0.00017715724533439985,2.0208597921980757e-05
yfcM,yfcM,0.0009669393724967283,613,0.00013824441226766409,3.5057577990080676e-05,3.6517890172765296e-05,0.00011759706794561474,3.9080338846280304e-05,0.0001590784134475586,6.384783885546099e-05,0.0002977862187164857,3.5432150577013303e-05,4.42974636778047e-05
yhfY,yhfY,0.0009665933110784767,614,0.0004761097861336793,4.516531702550571e-05,5.078338544038217e-05,4.9950062668333706e-05,0.00016146280723312872,2.685456659245717e-05,3.997161543076229e-05,8.0795497633574e-06,4.009854394338698e-05,6.811767684748326e-05
yihM,yihM,0.0009660605047242972,615,0.00039146677013787896,8.016799034931649e-06,8.141648757158983e-05,1.3817444271505064e-05,0.00022689530213575168,7.626250271458713e-05,1.758615390670925e-05,6.531718271815221e-05,5.428121395668508e-05,3.100064827650649e-05
yfaS,yfaS,0.0009651904526917967,616,0.0004060403597749426,4.355819143767228e-05,0.0002809726235391966,1.603761486412762e-05,4.1637733231092136e-05,1.292148757305588e-05,4.7710183333136957e-05,3.701298573338124e-05,3.6775499836993585e-05,4.252377336819787e-05
selA,selA,0.0009651273761628872,617,0.00020934947034343884,8.08824128740587e-05,9.254997744234973e-05,7.378132738814698e-05,4.581509462246476e-05,0.000208678270136275,5.698466868448211e-05,7.152707840949546e-05,6.583767794320365e-05,5.972139831897194e-05
ycgZ,ycgZ,0.0009648976409635889,618,0.00038750227266157156,0.00013678101668862543,6.248734391744038e-05,4.159588061969288e-05,6.036210660946101e-05,6.416782382520476e-05,8.839905524083435e-06,5.5281438736533955e-05,4.788338335579905e-05,9.999646902517645e-05
yiaH,yiaH,0.000963941933347373,619,0.00039588043708669386,4.8157303403505566e-05,4.4378164723354885e-05,2.7331209056460294e-05,3.7848823447894826e-05,6.369318090963275e-06,0.00013576441381200132,8.681147596873733e-05,9.962685171833915e-05,8.177393603942244e-05
ypjF,ypjF,0.0009639408343679718,620,0.0003149456174084449,0.00012219469856721715,4.944308634238299e-05,4.961453671159321e-05,5.626928796876296e-05,8.119371358295432e-05,0.000128080034573302,0.0001367444691653285,1.8898405464894154e-05,6.55698458309166e-06
gatB,gatB,0.0009635232432686516,621,0.00042429823912666246,5.9380884654600054e-05,7.350497864994406e-05,1.3119387817627949e-05,4.448982358487487e-05,1.8159462974017488e-05,4.9030166038889225e-05,5.9824667165859534e-05,0.0001721752624388,4.9540370817375846e-05
oppA,oppA,0.0009631470864794146,622,0.0003430270230109346,5.981119882379734e-05,4.874160606095228e-05,2.2925998272582566e-05,0.00014072923641188546,4.6434404036864956e-05,3.697975091061829e-05,0.00016007843203844578,1.934020714735742e-05,8.507922976597586e-05
yehY,yehY,0.0009630493409268039,623,0.00029197346434075205,6.186421670522752e-05,5.8835919100948745e-05,4.478334645997906e-05,0.00022767162765395226,3.7008559115470755e-05,0.00013535555188899832,1.974010807323775e-05,5.739404723105871e-05,2.8422500357178843e-05
mntH,mntH,0.0009629323318889002,624,0.00030261097309675105,6.884619891534069e-05,0.00011873401300807552,4.39384276452126e-05,0.00015252867534957173,6.617785955982792e-05,0.00013615109117583898,2.8965800939790048e-05,1.9905927369318483e-05,2.507336482917335e-05
entA,entA,0.0009624399039443356,625,0.00026059530622646527,5.974855991346043e-05,0.0001526500488139971,3.06510675135321e-05,9.110483274417874e-05,3.733520651392565e-05,8.362917270065167e-05,3.147633567186065e-05,5.4176162751117885e-05,0.00016107321109514619
ftsI,ftsI,0.0009618687389289017,626,0.0002098985179618387,0.00014906736159580767,5.91695357636967e-05,0.00014438443513069567,4.705277190215084e-05,0.00017072994423376954,1.4300072505286777e-05,8.631529757417558e-05,4.800145624174863e-05,3.294934601973165e-05
yneL,yneL,0.0009615215013931571,627,0.0003606819910102538,3.585618888164867e-05,2.214622239163928e-05,7.854734105021008e-05,3.184070092998305e-05,0.00010495972817496483,0.00025272877989413736,5.277152784937447e-06,4.418816102505497e-05,2.5295235250327567e-05
kdgR,kdgR,0.0009613592725790065,628,0.00024761698125364565,0.00010703256431300527,7.422671345806702e-05,3.578739109716538e-06,2.3227254141405e-05,8.688127780029957e-05,0.00022605193069674293,8.839314167500143e-05,1.3923671393228745e-05,9.042699873789433e-05
eutE,eutE,0.0009613147496431659,629,0.0002420548708499426,3.759537765407833e-05,0.00016415242601042177,9.722303345885015e-05,0.00011623059991676472,7.405388713475218e-06,6.40560013890816e-05,9.54385938275321e-05,0.00010340684062306286,3.375161719995654e-05
helD,helD,0.0009612296542036691,630,0.0005300451356371758,3.391580964872471e-05,5.473434548131728e-05,3.391189814555761e-05,3.400340160002789e-05,7.4286938506506814e-06,6.098554707457905e-05,0.00011203954004269748,6.269278494737776e-05,3.147249777556085e-05
nuoC,nuoC,0.0009611795131706416,631,0.00035243745594866694,0.00012817691402801642,8.97288207730976e-05,2.0844073566196985e-06,5.1623677672594695e-06,8.091446000060571e-05,9.065026698552911e-05,6.752515414455509e-05,0.0001338153771172848,1.0684289049006643e-05
msrB,msrB,0.0009600390373133839,632,0.0002678359216753669,3.659739883843157e-05,0.00011024612356248051,5.2608433814121116e-05,8.84847341612612e-05,8.724928590906174e-05,6.595212118525706e-05,2.3058996929335804e-05,0.00015322640083321274,7.477962040485524e-05
ynaA,ynaA,0.0009593702287403649,633,0.00045350640372292575,3.4978898421881855e-05,4.7308893974189924e-05,2.4008619085102506e-05,0.00012179898376653853,2.473536717309362e-05,7.985751392163559e-05,5.9098612122339127e-05,1.8290133022149857e-05,9.57868035305082e-05
ydeK,ydeK,0.0009583339994663962,634,0.0003241566499921391,9.672014284057515e-05,2.7950113198811617e-05,8.074359480653548e-05,9.250647243554319e-05,7.542286900042176e-05,5.4294444072941206e-05,7.568433808471976e-06,6.381726638917895e-05,0.00013515401292177784
fhuA,fhuA,0.00095813824304635,635,0.00037257545618866946,7.943345322823044e-05,4.927665086565814e-05,7.852583933725162e-05,0.00015671802786267527,5.2096146072646414e-05,4.4616810385968496e-05,6.194415554808669e-05,5.217963090225309e-05,1.0772072654910232e-05
fxsA,fxsA,0.0009576746853489069,636,0.0004048729598577028,2.500834365252064e-06,0.00011194594155791726,8.249091440550344e-05,3.4559401616198874e-05,5.360779650873121e-05,7.4180675363148245e-06,9.278549864164802e-05,7.624880770344501e-05,9.124446315619354e-05
ymfP,ymfP,0.0009576079082535704,637,0.00034748962187733715,8.553501891149817e-05,5.0113436014738575e-05,2.2816752334855936e-05,0.00013044446840997225,6.222296954506762e-06,6.473746929850747e-05,0.0001196142698323939,5.591937048994283e-05,7.471520412981737e-05
dgsA,dgsA,0.0009575743333309476,638,0.0003279957753476836,7.947349329319576e-05,6.324047964658742e-05,2.234610345720448e-05,3.9696004109167326e-05,0.00015514628131540136,3.9451904173274255e-05,5.279596959378212e-06,0.00010525068891888576,0.00011969400611016955
hycC,hycC,0.0009561107520786565,639,0.00039479448820017296,0.00010157277419909704,2.1226271082075637e-05,5.5995232159845075e-05,3.530443196347838e-05,5.9433511001294107e-05,0.0001292465988725913,2.0161447024083917e-05,0.00011566462449201142,2.2711373084006607e-05
rcsC,rcsC,0.0009558512714635448,640,0.00041559667825730705,2.345866693500751e-05,2.1294438561574558e-05,1.7814931745507167e-05,7.564366585727796e-05,0.0001432819084038157,9.002171486266128e-05,5.851467280338293e-05,6.606230061309348e-05,4.416229342391701e-05
xylE,xylE,0.0009550866327193129,641,0.0003172411012251736,5.448634540981287e-05,0.00010670394938663295,0.00014998844254554336,0.00014170130991293493,2.5314214092702197e-05,7.376473865299071e-05,2.4999568871925063e-05,4.0457858172961264e-05,2.042910444863596e-05
sieB,sieB,0.0009549204137372006,642,0.0005308091030016179,5.798962996132705e-05,3.127944838626598e-05,7.427387318650883e-05,4.041359622895608e-06,6.809439779819774e-06,9.420521686906148e-05,9.766183820387653e-05,3.800326574067031e-05,1.984723898515724e-05
yeeW,yeeW,0.0009547513273624798,643,0.0002543019791983999,3.3029113601676004e-05,0.00010069019252845139,5.349914681504493e-05,0.0002514049685484233,2.2423644602681232e-05,7.712079052012162e-05,0.00013659375392517688,2.009775335458373e-05,5.589984267920721e-06
yagW,yagW,0.000954582900124383,644,0.000369613373135551,5.981664374651878e-06,2.6146191246640035e-05,6.824307349544216e-05,7.973459033499553e-05,8.322718920844235e-06,0.0001930026169796837,8.086564986447909e-06,0.00016966733007933496,2.5784776570791568e-05
ygbL,ygbL,0.0009545598249628363,645,0.0001435506611506803,0.00012950988889026685,1.0121208718268526e-06,4.646151119780691e-05,4.18286483732094e-05,6.221175439585634e-05,0.00024791781792268537,0.0002308904874591315,4.42327334430845e-05,6.944201258288236e-06
ydjG,ydjG,0.0009544612012496025,646,0.0004971050970999838,6.825548855483534e-05,4.0195868918993016e-05,4.048737867762187e-05,8.8349313016641e-05,1.2400930793106922e-05,3.3274165671943754e-05,9.930665478479412e-05,2.4328191486733165e-06,7.265348458300938e-05
yphD,yphD,0.0009542412103856483,647,0.00037437113092420336,4.65473929369859e-06,3.0366258935365903e-05,7.428760246531499e-06,0.00013665982172644562,0.00010491666365389159,7.203468723139017e-05,7.300218208912137e-05,5.5550362923147984e-05,9.525660336185216e-05
yciX,yciX,0.0009535558171232805,648,0.0004123902980230554,0.00016857532482138902,2.242075070960033e-05,5.970312621343612e-06,3.3709448965692163e-06,5.390671585063987e-05,4.591926246302851e-05,5.1445002694532436e-05,6.12318031986545e-05,0.00012832540184446747
rbn,rbn,0.0009534418272699291,649,0.0002345725111437975,2.0750818590770177e-05,9.9470616691832e-06,0.00014426799543682821,0.00015016791759977528,9.805338710706499e-06,6.19732655701574e-05,0.00014322723118111,9.4902819557407e-05,8.382686781019376e-05
aat,aat,0.0009519046928884805,650,0.0002520221070327528,9.664929404146762e-05,2.257193803701339e-05,0.0001254673488116391,1.761262658865226e-05,9.906549196483431e-05,7.568657454325441e-05,9.416105290450767e-05,0.00012153501274696242,4.713324621739664e-05
rplK,rplK,0.0009516184602616456,651,0.0003989312194531131,0.00017297816642975717,1.6685253574204454e-05,2.0257561543775078e-05,6.05481810421166e-05,3.0164546015267303e-05,3.26900490605587e-05,0.00010263041288063948,1.596889191740827e-05,0.00010076417834480531
ymgB,ymgB,0.0009509586305106669,652,0.0004991742566739062,2.9833959237281517e-06,8.929428670517024e-05,4.563738844097611e-05,6.548334541022361e-05,1.475411913675115e-05,0.00011985539140118375,3.111566902261819e-05,6.906605219610171e-05,1.3594725600007805e-05
yjcH,yjcH,0.0009507946694964119,653,0.0002476224483304353,6.431353498028221e-05,5.6119570087851643e-05,4.062298677168623e-05,0.0001957125216361797,0.0001391438933647797,1.5346805590428772e-05,0.00010576791935546467,7.366102732226653e-05,1.2483962057037061e-05
ycjD,ycjD,0.0009507826363874386,654,0.0003916779566045347,8.149170061392477e-05,8.98975483329465e-05,1.1461091147345938e-05,0.00017428983937286808,5.202971514269394e-05,3.4655972156341275e-06,2.5662550857814688e-05,6.19867932835202e-05,5.881984381615548e-05
pnuC,pnuC,0.0009506023808943805,655,0.00034978728729749477,5.4337105288039516e-05,2.7694350494452258e-05,0.00013512901193236552,0.00012677965146661854,1.756489630632641e-05,5.413551912363418e-05,5.474414901469903e-05,2.5021169513907363e-05,0.00010540924045684302
ybaE,ybaE,0.000950057883614815,656,0.00047940373590437063,5.5870084526936644e-05,4.91164856265924e-07,2.151219774701582e-05,2.8306452775442515e-05,0.00013726728556591878,7.265430917553249e-05,1.3484934538436594e-06,2.3026810484720325e-05,0.0001301773491247682
nupC,nupC,0.000949731476786984,657,0.0004840873105553696,1.5122092428073794e-05,1.3036314398579987e-05,5.767315349950554e-05,9.529473788637807e-05,7.088521168100584e-05,1.3091751564373546e-06,9.23587582760816e-05,8.908097126852289e-05,3.088375163702922e-05
ybaJ,ybaJ,0.000949185269286152,658,0.00016337709878951713,8.749247073675445e-06,8.662520483979747e-05,0.00011427016344527954,7.015833777188917e-05,9.00899301877519e-05,0.00021015736234964163,3.485745430769883e-05,0.00011143768742746552,5.9462783093435353e-05
dkgA,dkgA,0.0009484102263888819,659,0.0003784635591388703,9.032233065238582e-05,8.75874314561064e-05,6.302952795291216e-05,3.8396146837380494e-05,4.869345654596174e-05,7.878099799975222e-05,4.478708290029221e-05,4.4837378605042057e-05,7.351231430017845e-05
ydhZ,ydhZ,0.0009480851196618143,660,0.0003566411726505588,0.00013188591167991986,7.924534398462327e-05,4.516242329519503e-05,2.4471114229491697e-05,4.3293961657952224e-05,0.00012149565017640969,4.803073677086652e-05,6.879697051521075e-05,2.9061834701586406e-05
ybhB,ybhB,0.0009480089540008605,661,0.0003310154582401837,1.7882446743147205e-05,5.978402817445975e-05,0.00026115329713309496,9.388062913797505e-05,6.464054148761438e-05,5.277164439096706e-05,3.385788897797346e-05,2.1858454807994256e-06,3.0837174234645405e-05
lpxB,lpxB,0.0009479357012456786,662,0.0003182254218790088,5.667898553282031e-05,0.00010699445947329673,6.934154696842038e-05,1.555989844334493e-05,0.00011343927017934504,0.00015201904319987056,5.972378834674048e-05,4.747829847803848e-05,8.474988744792924e-06
fadL,fadL,0.0009471516138140735,663,0.0002254392370138713,2.072955134954881e-05,0.00010269015991111425,3.224683729186259e-05,8.190428524238527e-05,4.0050960098336524e-05,6.362526716002452e-05,0.00014214010750401908,0.00016522356224098775,7.310164600192344e-05
sapF,sapF,0.0009468627885258807,664,0.0004124988170136837,4.223641812382495e-05,1.399050694347812e-05,1.5880835392744852e-05,5.102505518355197e-05,1.678224078630655e-05,0.00015235837780405384,4.6948713688955866e-05,6.618371678097172e-05,0.00012895810680830903
yidA,yidA,0.0009467324719735179,665,0.00035534181070421064,4.827692466763815e-05,4.7609013540002245e-06,4.426882950826514e-05,5.197027133065723e-06,5.6382480314859924e-05,6.636540343283051e-05,0.00010978922162869797,0.0001703700379220903,8.597983530785935e-05
cpsG,cpsG,0.0009466510208513822,666,0.0003780356832451383,9.391395815115367e-05,1.2408284782164383e-06,3.2565124104353656e-05,0.00017874520394592524,1.7774037050569606e-05,5.151615249103151e-05,0.00012170100654489938,4.846264847676529e-05,2.269637836332906e-05
torR,torR,0.0009466330492931105,667,0.00031622881255873253,0.00012190319180650215,0.00012254149180575068,0.00010139681021191186,1.1075012448710457e-06,5.4428930188507906e-05,4.569153915049335e-05,6.377752360287178e-05,0.0001139206184989845,5.636630224484685e-06
yeeS,yeeS,0.0009463638473004985,668,0.0002354346140058697,8.437748911221847e-05,5.261608264147851e-05,9.460726003959612e-05,4.9981498226006595e-05,3.2131302817425915e-06,0.00014651725558392174,5.940435615986016e-05,0.00012119531208887122,9.901684916093347e-05
zupT,zupT,0.000945960603592829,669,0.0004119266852901031,2.3770712713947624e-06,3.7720955838928384e-05,2.0521603258546926e-05,7.952696098078427e-05,8.693577028229775e-07,0.0001673019660552071,5.362624595607263e-05,0.00011580597714108817,5.6283780097880576e-05
yohM,yohM,0.0009452486916093444,670,0.0003031615840644452,9.244098663627596e-05,8.847598527898847e-05,1.466074532101623e-05,7.493645114664885e-05,0.00012431827990765147,0.00018335173472196464,1.9534901459291707e-05,1.0523256891112499e-05,3.384476618194933e-05
nadC,nadC,0.0009450444249901768,671,0.0002992002619117792,3.621191475424175e-05,0.0001415659988087344,7.556925127799053e-05,9.737505796396647e-05,0.00014706885167763148,9.118578517171836e-05,2.752071801482774e-05,2.387617651507851e-05,5.4704088942082876e-06
yegW,yegW,0.0009448392282368521,672,0.00041954273927701663,9.371054015608861e-05,8.794611405279969e-05,5.928412215883367e-05,5.504241503770457e-07,4.904100075109084e-05,1.1943896236556072e-05,4.865881115929822e-05,4.332974829064142e-05,0.00013083183200415013
purM,purM,0.0009446456954372131,673,0.0002870747003126758,0.0001212130251038477,8.128413581935761e-05,9.785720905558748e-05,1.2718964232925009e-05,8.752299872819239e-06,0.00011214611521739778,7.2688907902034444e-06,9.169378096968107e-05,0.0001246365740627178
yggT,yggT,0.0009444046949889126,674,0.0004719710740410722,6.268390589631907e-05,5.8524842061748696e-05,0.00014931665031053972,2.8353915451117707e-05,3.213943439794746e-05,2.727108583285021e-05,2.4203620582395523e-06,8.349883187116666e-05,2.8224593067911268e-05
minD,minD,0.0009443932669905694,675,0.0002655088859191298,5.9281064300385976e-05,7.13933041955912e-05,5.4197566986621413e-05,0.00010697546674696975,6.797141432583296e-05,7.224373640993679e-06,0.00016610118380529977,0.00012565156660422822,2.0088440465516645e-05
ydfE,ydfE,0.0009440675383908127,676,0.0005215237444370648,6.975339239212428e-05,3.5949481415203855e-05,3.363476945187886e-05,4.1012249782850165e-05,9.118660963151263e-05,1.5216830816068982e-05,4.072505525787992e-05,6.365241246368958e-05,3.141299274253937e-05
yehK,yehK,0.0009434735929095151,677,0.00021880447457227955,0.00013362639256818377,1.4856228422212314e-05,1.36966452819062e-05,1.2524914811732588e-05,0.00011076347428912713,5.367257642541513e-05,0.00018178888312240396,9.638077128984403e-05,0.0001073592321264105
lsrB,lsrB,0.0009434143647624563,678,0.00040357831743689885,3.069959349361721e-05,5.133193259560743e-07,1.4940884067165463e-05,0.00011386858914586331,0.00011004436566002084,3.8077200288388373e-06,2.5098942483185007e-06,0.0001935642485907783,6.988743276499897e-05
yqeC,yqeC,0.0009427125068382279,679,0.00032595439072978207,2.8666875681444362e-05,0.00010297138766375593,9.243657660810422e-05,2.3601358727761092e-05,6.053072060414649e-05,2.1144404272967993e-05,6.641113841770807e-05,0.00010302247871310184,0.00011797317541945577
ycaC,ycaC,0.0009425553745984577,680,0.0004050228763183354,1.7166770098307427e-05,8.38012187435496e-05,4.757437440436741e-05,5.918725502781907e-05,3.126853969166602e-05,5.1607724666169935e-05,5.16032994984176e-06,0.0001430522223823514,9.871406331604967e-05
hsdS,hsdS,0.0009414861157896098,681,0.00033491662163101396,2.0303378615495328e-05,0.00011973394934398336,1.3460671190678954e-06,3.2990927658673484e-05,4.5655140285937546e-05,0.00019469819970136535,6.23697338027344e-05,8.180999306466257e-05,4.766210456667589e-05
yadG,yadG,0.0009409862248485005,682,0.0004054425339837642,3.355367787699877e-05,4.6201636770787764e-05,5.420284545719403e-05,0.00011327640037609784,1.612371056465856e-05,3.533288688814652e-05,0.00010391586639576546,4.885429169924174e-05,8.408237483584562e-05
ydfI,ydfI,0.0009406258030005035,683,0.00040537224563783313,7.199096477444757e-05,7.072217320393881e-05,3.092045922671077e-05,8.84935788756909e-05,9.694397837344394e-05,0.00014938434418791509,6.8448683409954766e-06,2.113427013973373e-06,1.7839763365554558e-05
yjfC,yjfC,0.0009402184410420123,684,0.0003463046118282366,9.041195257699226e-05,5.667328781590043e-05,1.007048638015527e-05,0.00015382025334290385,2.1134006186879125e-05,6.641081040037674e-05,0.00013619168048479072,1.2721967092556941e-05,4.647938493322036e-05
dcd,dcd,0.000939794588020827,685,0.0001647089127906434,3.615726947003202e-05,0.00018716483333546216,0.00011678727014615251,2.3501230721595655e-05,9.310668827663209e-05,0.0001708321728977708,4.36068935472164e-05,3.21680928293414e-05,7.176122400598037e-05
rhaB,rhaB,0.0009394159120879896,686,0.00019700843547844197,0.00012345549610383354,5.13405092930587e-05,5.802723446965248e-05,1.297954781469525e-05,0.00024551055367176414,3.313837009828651e-05,3.6432727428240405e-05,0.00010243150782132901,7.909152990868755e-05
ftsX,ftsX,0.0009393040636969589,687,0.00032542378409638415,1.8133926346248814e-05,0.0001330287098974692,6.01936053965395e-05,8.063543927028894e-05,6.804880658793451e-05,0.0001352536926741101,4.837270824110241e-05,6.702025382569873e-05,3.1931373611825338e-06
tsr,tsr,0.0009391304096307243,688,0.0004310798091933033,0.0001700885650089848,2.194833095442955e-06,2.9740745924985418e-05,2.427715819916855e-06,2.4720123178828635e-05,1.608821366854504e-05,0.00013352199777932216,0.00012629346379889456,2.974942162500666e-06
fhuE,fhuE,0.0009388068981230919,689,0.0002294959345499905,3.68278912005204e-05,4.8649657892664515e-05,1.4909486212189075e-05,0.00015587266569729483,3.466735002574408e-05,0.00022986059281099007,3.963951529820771e-05,9.864091395500954e-05,5.024289048048118e-05
hcaD,hcaD,0.0009380667881649307,690,0.00022874646231526373,0.00010898735334989202,0.00020405186916415543,0.00011901592613954606,7.316528522876256e-05,5.8936330514222646e-05,2.8109927958211094e-05,9.593669044910971e-05,4.328495429201994e-06,1.678844761656551e-05
flgA,flgA,0.0009371968668006609,691,0.0004869683558884169,2.4723643127299307e-05,5.333263043971122e-05,1.3026572276518416e-06,4.5663652882472253e-05,2.6403763611005765e-05,1.1356213439310272e-05,0.0001417279457864292,0.00013977140614368014,5.946598254684026e-06
gudP,gudP,0.0009369717476128872,692,0.00048169039476749794,6.649189655565742e-06,2.6197204765830475e-05,3.501346269983085e-05,2.9585761925711534e-05,7.338281814515703e-05,7.794543900408852e-05,3.4246780205782586e-05,3.417719580937912e-05,0.00013808350063404323
nrfA,nrfA,0.0009359818622273497,693,0.0002926504020000981,5.6691915376164946e-05,4.2282143736702194e-05,4.657231593132584e-05,8.696299021664662e-05,0.00017361141756398136,0.00011898447488576133,8.645599552580583e-07,4.535409212623291e-05,7.200755043517837e-05
ygiP,ygiP,0.0009359579027923692,694,0.0002435519214405246,4.434245889638611e-05,8.485092349192273e-05,0.00014693871826500546,4.4659733016731224e-05,6.299784992455392e-05,0.00023234619764542582,1.551447574618998e-05,1.816394418523288e-05,4.259168018039651e-05
yebV,yebV,0.0009359221838659064,695,0.000217599898478062,5.053104267610188e-06,0.00014233582186196222,0.00012745520986120915,1.280429467790881e-05,3.220645625450641e-05,0.0001205392906101687,3.876607920285959e-05,0.00012105199760491105,0.0001181100310467082
tig,tig,0.0009357643687038436,696,0.00031829096520342645,0.00013577147062712508,8.98190787032143e-05,4.750799721051495e-05,7.651529283148532e-05,1.9478226558214798e-05,7.247538028291743e-05,2.7086520210993956e-05,7.451839336651603e-05,7.430104370943542e-05
fre,fre,0.0009355200787896315,697,0.00018126913268260716,2.734412611211872e-05,2.320910968562067e-05,7.667791403763483e-05,2.991044516522969e-05,0.00017715302701215254,0.0002816047972114456,6.775693643846326e-05,2.08430627039796e-05,4.9751527740379377e-05
sbmC,sbmC,0.0009354229991905972,698,0.0004268028580587767,9.510552190084145e-06,1.7378291732582108e-05,8.975733802137229e-05,0.0001086436659023956,2.4776577795925432e-05,0.0001441145500601136,2.298928146291616e-06,4.754561490369443e-05,6.459462237936128e-05
elbB,elbB,0.0009352747685410623,699,0.0004978320899448036,0.00011056683610162477,2.4010751158815997e-06,5.8155351309532295e-05,8.429532963474294e-06,9.898159924372162e-06,4.34706189546794e-05,0.00014506036625684419,1.578102209372529e-05,4.3679715876124825e-05
lar,lar,0.000934800325253097,700,0.0002903339812014614,4.042178729361432e-05,6.774896600994532e-05,3.863676107881614e-05,0.00014693196102222064,5.7097778790326437e-05,0.00011666609422749706,3.430687326904651e-05,7.640550104597653e-05,6.62506213141926e-05
rfaE,rfaE,0.0009344935795219906,701,0.00013829639273865322,7.139469037500918e-05,5.437269270133255e-05,0.00019004609723177014,8.636051912700494e-05,8.100974402867452e-05,0.0001302699162576205,9.15181965285665e-05,3.2652281478787854e-05,5.857304905457121e-05
purH,purH,0.0009344286525824753,702,0.0004960769889350723,0.00010810089894761528,2.227658526776109e-05,2.7039459197008424e-05,9.873864397540381e-05,6.049177175062508e-05,9.139051878899322e-06,5.993532411778485e-05,4.7567162117852366e-05,5.062766394452807e-06
yegR,yegR,0.0009341672604124847,703,0.0003822547180661631,1.0932962758968471e-05,5.2304401697934274e-05,4.94966932135875e-06,0.00010175772476154335,9.303572915401284e-05,6.945025300422963e-05,0.0001130204691407554,2.7504152825052346e-05,7.895717968246641e-05
pyrC,pyrC,0.0009338622873089363,704,0.0004913808357893589,3.1204260876294086e-05,1.0946659966394153e-05,8.915959739808905e-05,7.0380223607727626e-06,4.71935216645733e-07,4.060937106924897e-05,0.0001176867409952427,2.3932142621423925e-05,0.0001214327210154663
syd,syd,0.0009329450497168304,705,0.00041987057243733265,1.6520355122314673e-05,7.383665414044925e-05,6.775354968933524e-05,4.1487668902209905e-05,7.253764163904886e-05,4.890174477262091e-05,9.896808217063349e-05,6.12185693466743e-05,3.185021149621105e-05
nikR,nikR,0.0009324895417693022,706,8.085761417156719e-05,0.00023541729931332862,1.9906296696605176e-05,5.562728293320236e-05,2.089414242300716e-05,0.0001577968010995423,0.000117711226848196,4.051403467001753e-05,7.441940720180103e-05,0.0001293454364120348
envR,envR,0.0009321928092491176,707,0.0006098171946207798,6.613682122250205e-05,6.191081772049133e-05,3.566258688558312e-05,6.069823672166129e-05,2.0633773042425914e-05,2.3998039256101763e-06,2.9980382405818936e-05,2.890007134247682e-05,1.6053121361768186e-05
rem,rem,0.0009320073770821526,708,0.00028670660809708545,2.8294357137196322e-05,8.427937852689936e-05,5.851561333735628e-05,1.467140174952504e-05,5.724182087458478e-05,0.00010026706889182992,2.1052565733336182e-05,5.806714899995428e-05,0.0002229114137343849
dedA,dedA,0.0009319402904229273,709,0.00018475061981689485,7.421161376029776e-05,6.744707165960099e-05,7.888150110511315e-05,0.00011462644577897889,6.511705235239195e-05,3.558416282231054e-05,0.00016110537572412514,9.583532720224627e-05,5.438112020096788e-05
gspH,gspH,0.0009318985000046434,710,0.00033539752918039604,1.877498337516951e-05,8.51140116040704e-06,2.021060834119148e-05,8.462096016218102e-05,6.275463866250366e-05,0.00018830764546092966,6.109184260624776e-05,7.620327976725694e-05,7.602561128836028e-05
yliK,yliK,0.0009318910531544865,711,0.00024160774792253022,6.795900431003737e-05,8.355841135988375e-05,0.00011913310614111035,0.00014759475134626228,3.975278278138803e-05,3.325105061921227e-05,1.0574827396441844e-05,0.00010609100200127024,8.236836927635019e-05
gcl,gcl,0.0009316617633951883,712,0.0002456094750752936,9.396253241845723e-05,1.985832451295434e-05,6.0723482915129354e-06,5.895014291453756e-05,0.00010320367936998307,9.835403842761427e-05,0.00011044543910460454,6.757943261182903e-05,0.00012762635066840172
tldD,tldD,0.0009316516902364687,713,0.0003187790466959733,9.169323593589982e-05,0.00012362427416951657,5.949309064805625e-05,3.25736754324953e-05,5.389625754587368e-05,0.00012317901996599048,3.0204846671273064e-05,5.896592976170119e-05,3.92423134096889e-05
ybhC,ybhC,0.0009315861105089256,714,0.00014632488019582695,2.988492442348234e-05,0.000136819801601489,0.0001449665811495681,5.245123800522227e-05,6.978761816423707e-05,9.252914886920007e-05,8.474334145903631e-05,0.00013925246360355087,3.4826113037312436e-05
cusR,cusR,0.0009315581456413607,715,0.00036538605691192194,0.00011444145711801356,0.00016223507326825043,2.038633423820972e-05,5.559625906362654e-05,7.535758020483492e-05,1.6768245378834665e-05,7.74295366464844e-05,4.066634772156995e-05,3.291255089614618e-06
lysP,lysP,0.0009312657003123278,716,0.00027226342868788393,8.277930106939301e-05,1.543697438633972e-05,1.621487481338359e-05,8.116508787986923e-05,8.342794215734018e-05,0.00024426115509277674,1.1818315870936128e-05,5.140400149456834e-05,7.249461885983683e-05
yicG,yicG,0.000930766937916309,717,0.0004346520891713288,2.708476635557312e-05,7.031761697440915e-05,6.756974708017687e-05,6.784353391446655e-05,5.411621953726344e-05,6.533404833438319e-05,3.730340511005748e-05,6.47386105193041e-05,4.1806900919346306e-05
cspA,cspA,0.0009304858670751652,718,0.0001496575965634494,0.00011832872605430074,0.0001700646790679257,5.2279736248294426e-05,9.683364750482522e-05,4.728269029141457e-05,4.6724003937607634e-05,3.6627191134879e-05,4.180014495534047e-05,0.00017088745131712808
yjhD,yjhD,0.0009293600531069797,719,0.0003514043282561546,0.00012738588844541868,2.9680975323648163e-05,8.27402170965775e-06,0.0002260451210014674,2.4865214217873027e-05,1.3016453132040923e-05,7.169381567911481e-05,6.597186218024939e-05,1.1022373161354843e-05
wzyE,wzyE,0.0009291155937005768,720,0.00037058323576397975,0.00010148649826354621,0.00014349933405855797,0.00011518010132039339,2.2941810016083057e-05,3.634155393842168e-05,1.8093672734308972e-05,4.0952448779308214e-05,4.3214773002005975e-05,3.6822165823971566e-05
kbaY,kbaY,0.0009289772499232287,721,0.00022083704255332077,3.872386728814769e-05,5.616933892979361e-05,8.326291910544472e-05,5.1008536056164346e-05,0.00011041126417099065,0.00014579204824794386,0.00010857992220719226,9.864132979929052e-05,1.5550981564940085e-05
hisC,hisC,0.0009288069678634451,722,0.0003526340581131566,1.8263421535139352e-05,0.00010787478611858035,8.187543271227397e-05,2.993070630637672e-06,2.3952006345144557e-05,0.0001298726265818826,4.6115676387806084e-05,0.00015107237756871797,1.4153511870106055e-05
yfjL,yfjL,0.0009285165052777491,723,0.000232307053604576,0.00020466109007179334,0.0001126220209203964,6.73755064634946e-06,2.20098991049033e-05,3.2912058335857e-05,1.6542476214049157e-06,8.059565580307204e-05,0.00012617275066422666,0.00010884417850516992
yqiB,yqiB,0.0009281917756361726,724,0.00024619915121915054,8.622210854095045e-05,2.072539663401159e-05,0.0001120431681221256,6.55644247832875e-05,0.0001142765065107572,1.1462560722038018e-05,0.0002068526206517638,4.651185288676025e-05,1.8333985565327665e-05
bcr,bcr,0.0009276965357782918,725,0.00017484727802454374,9.409529603660467e-05,2.026209244466962e-05,0.00010698356422307133,0.00020371026629367454,4.75215440686678e-06,0.00010794324420488779,8.548130750445875e-05,2.0404828141282536e-05,0.00010921650449823212
cobC,cobC,0.0009276507992730927,726,0.0003537104800410936,1.1257992974581546e-05,9.423542826543285e-05,2.8468374539821194e-05,1.2710618596587427e-05,3.685060662573124e-05,0.00016061160205258052,0.00014171268378516085,1.7809804476419113e-05,7.028320791568435e-05
rffH,rffH,0.0009273711872325019,727,0.0004909624806383507,3.067995690934212e-05,3.9536456308800026e-05,4.5195687715020175e-05,7.395261650972889e-05,0.00010714670190532983,6.038815953566891e-05,2.725282910445007e-05,1.478302982100365e-06,5.077799562371081e-05
ybaW,ybaW,0.0009273157105292054,728,0.00033437023121459083,6.589487271094289e-06,8.561400456169434e-05,7.235675173010051e-05,9.874020644780195e-05,5.5896816779264796e-05,6.998017735483163e-05,2.226387718259673e-05,6.750561308087005e-05,0.0001139985449063602
hokE,hokE,0.0009270763964892043,729,0.0002869140439257643,7.005576733232675e-05,8.842959930559218e-05,3.6467762640806845e-05,3.897659727514597e-05,8.744062319280162e-05,4.981762245043538e-05,0.00012373524111368987,3.372936835170998e-06,0.0001418662024174704
yicO,yicO,0.0009270472847668209,730,0.0004866475022079229,2.535721933265867e-06,6.853185942134741e-05,1.7842050075095945e-05,5.55021566593733e-05,3.487308332974654e-05,5.009343508274106e-05,5.82573490110771e-05,1.6345759834131592e-05,0.00013641836721211905
wbbH,wbbH,0.0009249996064789784,731,0.0004772769369180517,5.0138056344740106e-05,9.558631704062451e-05,3.548143922197239e-05,3.406023173334996e-05,5.961318313011409e-05,2.2144023735567497e-05,9.96303514526441e-05,4.3555004402752826e-05,7.514062499161232e-06
yeiI,yeiI,0.0009238000662730023,732,0.00035818963383034994,8.488964160222803e-05,0.00015628830900608426,7.94079853953557e-06,1.0888019883267546e-05,5.716792325450013e-05,5.03993483489859e-05,6.539134678995206e-05,7.078822252165838e-05,6.185682249644053e-05
csgB,csgB,0.0009229995550771654,733,0.00030390069983583036,3.7670949114624564e-05,6.714534118972466e-05,6.110178683909167e-05,1.294067403896994e-06,0.00011801051429520536,7.71783551336204e-05,0.00010905428304474395,0.0001186779320170143,2.8965626203413052e-05
paaX,paaX,0.00092274970214053,734,0.0002880753985805371,3.9590381653840495e-05,3.4616823468179543e-06,0.00012277497658518628,9.352199475854153e-05,6.762531974535156e-05,2.0027262197587985e-05,6.218548732431814e-05,0.00011231248506703337,0.00011317471388131555
dnaA,dnaA,0.0009224637645515741,735,2.761504530514825e-05,0.000194639042799561,0.00015445674432936214,0.0001676420697335506,4.419403861719836e-05,0.00013148279909881735,6.893353623454449e-05,7.484627207873962e-05,3.8582817591413114e-05,2.007139876323929e-05
pspE,pspE,0.0009222526229698168,736,6.271482098055587e-05,2.4742023908651563e-05,0.00012593004284704057,0.00012802214693793774,0.00010732664623853185,0.00010944613121199953,3.780363049304726e-05,0.00014247586817740308,0.00010794270100233419,7.584861117231515e-05
yfjP,yfjP,0.0009221455595504402,737,0.00022127587051032458,1.3942438348599863e-05,0.00016924991199569544,5.95377005048787e-05,8.94779992125481e-05,0.00011824129710620426,0.00015161784011678218,3.887476988083038e-05,1.881659077187317e-05,4.111114110270354e-05
yhaK,yhaK,0.0009220014924784844,738,0.0003714092768867691,5.762847267812864e-05,6.520566784414965e-05,6.994766762024053e-05,8.8731982639494e-05,4.054577751484744e-05,7.219697118812356e-05,5.823375949880028e-05,2.891530014310404e-05,6.918661646482718e-05
ydcH,ydcH,0.0009216499169319346,739,0.00036480336192118337,3.747223744327842e-05,4.49027174889575e-05,9.498945915683666e-05,4.7453056121499864e-05,0.00010698185538395312,9.600040379145023e-06,0.00018531707429266206,2.9532391080841266e-05,5.977236635773933e-07
yghS,yghS,0.0009212487668860751,740,0.0004563865024041703,0.00012530740004495513,6.65486583939916e-06,4.611271836354639e-05,5.1778491867538335e-05,3.288496504081972e-05,7.650685008590862e-05,7.590557904579532e-05,3.6507880012206106e-05,1.3203514181735901e-05
xni,xni,0.0009210867082544858,741,0.0003946451844784639,8.746167375043304e-05,9.132294667404176e-05,7.770443321557488e-05,2.4757008115584695e-05,6.436420209539425e-05,2.6005708278996985e-05,4.6655673329346834e-06,5.836179022541432e-05,9.179819408764699e-05
yjjB,yjjB,0.0009210774875737824,742,0.0003058746087966694,1.0528586105638989e-05,0.0001824670741312646,0.00010233001303780053,6.238764353529498e-05,7.492195671486388e-05,7.829190402615142e-05,4.277258831990089e-05,2.2851970427950642e-05,3.8651142478247224e-05
ykgI,ykgI,0.000920668332183163,743,0.00031888735734391803,9.454062464921671e-05,9.355974844003224e-05,6.0582787506876445e-05,0.00011666719143959467,0.00016386739152210553,4.753347763616617e-07,3.8460805397600665e-06,3.5741453361332175e-05,3.2500362603965514e-05
fliR,fliR,0.000919850797708375,744,0.00038580155947631,9.816649515305255e-05,0.00018770863870953917,0.0001003935636210852,4.997710715089476e-06,1.2044001932074375e-05,9.155773892581251e-05,3.269961304041947e-06,1.2966794169773932e-05,2.2944333701595913e-05
uvrC,uvrC,0.0009196645426268914,745,0.00036479463808999614,0.00016823899073646436,2.5928485288362484e-05,2.1201862011090176e-05,4.3278467725316256e-05,1.658167470434274e-05,4.8048221010606136e-05,0.00013092330362962594,4.897627173172953e-06,9.577127225791401e-05
nudH,nudH,0.0009193864286280392,746,0.00028174209223009365,8.723780156975324e-06,8.748660916206234e-05,0.00011264164985493647,6.239425581331667e-05,8.209497663966389e-05,0.0001833994134442992,2.9509003131171355e-06,5.006451750016632e-05,4.788823351340821e-05
kdpD,kdpD,0.0009189095018526645,747,0.0002107131899298156,1.6945346499819086e-05,8.129211075761099e-05,0.00012650022453471586,0.00015215363822374347,2.5499691061653507e-05,6.378665716686777e-05,2.8832610802466515e-05,0.00010419247177180655,0.00010899356110416505
gmhB,gmhB,0.0009188804278488095,748,0.00026761157437659377,4.0988696926523586e-05,8.852920375106002e-05,1.1582441637342772e-05,0.0001511063721591161,1.7522548066230036e-05,2.98514610625483e-05,8.247986302386077e-05,0.00014136562018870043,8.784264665683358e-05
pyrE,pyrE,0.0009179894572562818,749,0.0004923782737844796,7.162444915975236e-05,1.1956746519338205e-06,7.090297072729297e-05,3.785840492569732e-05,1.2020965432342484e-05,7.907795290785695e-06,0.00015809271782599258,2.1973945572692084e-05,4.403425988531287e-05
yihS,yihS,0.0009173284084379858,750,0.00030131271928189514,4.2395584269900205e-05,0.00013654179230615353,5.004062285735893e-05,3.207825071482403e-05,0.0001336772831942555,4.613630860958361e-05,6.177727456219072e-05,3.2004495614499704e-05,8.136407702732438e-05
yciC,yciC,0.0009169561429163305,751,0.00025594463931170826,3.4433353006433716e-05,9.121055019200182e-05,2.2400000402345172e-05,5.5086662233456244e-05,3.833837052108926e-05,0.00017908070641160773,7.760645453728756e-05,3.072897148010504e-05,0.00013212643482029553
icdC,icdC,0.0009167979135238975,752,0.00018426816974581535,0.00011636714764034402,4.605719676225683e-05,6.8368306088230005e-06,8.346331805100759e-05,1.2593042698626164e-05,0.00023946688293201938,4.04229015441192e-05,0.00016969859812290892,1.7623825417976947e-05
insC-2,insC-2,0.0009164383699493177,753,5.256731633551121e-06,0.00011055965970770743,9.274006336872994e-05,0.00010651292856638164,6.513439880723031e-05,5.7136989978900116e-05,0.0002800616168841802,5.192717264142639e-05,2.3995634840820503e-05,0.00012311317352039
chpR,chpR,0.0009163891870994611,754,5.3777454656807845e-05,0.00020910032289119172,0.00015880699459566055,5.4407993806845644e-05,6.276656293728132e-05,2.7648323575392463e-06,0.0001499312929111641,6.112460153716843e-05,2.7091718542140347e-05,0.00013661741286366192
exoX,exoX,0.0009157099160036513,755,0.00022836503068513416,5.251981023177715e-05,6.45157821315388e-05,0.00011564372374928676,9.106304923175804e-05,4.302974477762783e-05,8.418541413938093e-05,9.985377500101912e-05,0.00011317573200283995,2.335785405328855e-05
yfiK,yfiK,0.0009151748650781552,756,0.00027481672995933234,4.2029237332620076e-05,2.4370403700270402e-05,8.347572093279462e-05,8.468960883133001e-05,5.84905659485519e-05,5.224714282708357e-05,0.00012218232284707286,9.279447109416835e-05,8.007866160493117e-05
ydaE,ydaE,0.0009147914532081132,757,0.00017873310016769067,7.754639547704844e-05,3.232070207665839e-05,0.00015767692674351763,1.6733025847129355e-05,0.000158968806511403,6.581728064170752e-05,1.9087456423253886e-05,0.00015854195211198143,4.936580720772284e-05
yafX,yafX,0.0009141152297931844,758,0.00023886957438902517,2.9130631943391585e-05,8.404215062655288e-05,3.344133242884713e-05,6.162202989082589e-05,9.905731176726017e-05,4.499441500852343e-05,2.440121202175671e-06,0.00014131235005307116,0.00017920531248351128
yedZ,yedZ,0.0009133908040351216,759,0.0003615341794010177,6.785597657617142e-05,3.1981979436027186e-05,4.739089121202923e-05,3.4502091912350136e-05,0.00012157705470824557,3.662642189753261e-05,6.113816455384171e-05,0.00010717293546150345,4.361110887640258e-05
ybfM,ybfM,0.0009132968889829468,760,0.00020294884285383026,1.4414734985126644e-05,8.241815826610573e-05,0.00019405015056894777,1.601099413687705e-05,4.428095899673944e-05,0.00013903809524445126,1.537397148895292e-05,0.00013145529072537015,7.330569171654555e-05
yraI,yraI,0.0009132533044201633,761,0.0003531250013374558,1.0003591879583318e-05,6.676085722341533e-05,6.337411985166166e-05,9.745153239160172e-05,3.1712911830723046e-07,5.930350910704254e-05,8.091532646779908e-05,4.872680426888017e-05,0.00013327543277441643
yjiM,yjiM,0.000912603088059069,762,0.0004387315821070617,5.567290628636865e-05,1.5453051959893256e-05,9.532869907842332e-05,2.118178302427915e-05,0.0001564089880701465,2.0821805297243578e-05,5.8535520595195493e-05,2.308962669679707e-05,2.737912494366032e-05
cyoC,cyoC,0.0009122382131757911,763,0.00035484103305130697,5.681602443629738e-06,6.755024427906048e-06,0.00013051600199881491,9.035824016218977e-05,3.737806297017952e-05,5.4021248672695964e-05,6.823142498178496e-05,1.1755937270005756e-06,0.00016327998074028264
yeeI,yeeI,0.0009121928715783594,764,0.00039358196280719226,3.864332723841897e-05,0.00016454856779014353,0.00010793232885874535,1.138883280065932e-05,2.613307737510347e-07,7.182056328179142e-05,1.3564162785787645e-06,9.546608802307717e-05,2.7193453726001424e-05
leuL,leuL,0.0009120449541121138,765,0.00012098373342540459,9.379000090184963e-05,0.00012172105281763408,3.251830213725893e-05,4.8725630743796424e-05,6.606120466959261e-05,9.660065568074591e-05,6.714689660909127e-06,0.00016193481467208841,0.00016299486940283403
yhaI,yhaI,0.000911815795954569,766,0.0002713595363943529,5.727412204919311e-07,4.7908290421192855e-05,1.6526538406048858e-05,0.00019352694395184208,0.0001488061510909324,1.6711119036600648e-05,8.174165184528801e-05,2.632929411496155e-05,0.00010833352947285776
glpR,glpR,0.0009113727087535925,767,0.00029084392044265476,0.00011240966330881494,2.9246058350177674e-05,5.249418084987632e-05,2.143645195022862e-05,0.00011803178965576331,7.103060854169942e-05,7.51439313751324e-05,0.00011232456959313018,2.841153468611493e-05
focA,focA,0.0009113134836974747,768,0.00021481287165082917,0.0001827620910244819,1.7375900741506405e-06,0.00011271348429362856,2.9848785118105574e-07,7.03249647330311e-05,6.600758072361317e-05,1.3245072122034745e-05,0.0001301528679678942,0.00011925847325663033
frlR,frlR,0.0009110536016525905,769,0.0003456529457975486,1.7760220307654934e-05,8.477773128751223e-05,9.938988244196537e-05,2.6726635088398844e-06,0.00011945234604899392,5.226999287195731e-05,0.00014727231081189613,4.0579861417844166e-05,1.2256471583778484e-06
yfcR,yfcR,0.0009107115471816071,770,0.00035257196836298017,2.7022732426796255e-05,0.00011662851434971765,4.539947856362724e-05,8.271989421340559e-06,3.268703754293816e-05,9.359303347280582e-05,6.083694019784798e-05,4.204754776360152e-05,0.0001316523050799519
rihB,rihB,0.0009103728381215929,771,0.0003675061940365544,2.7941374520193825e-05,0.00012893621633133876,7.051302205094079e-05,3.7879724297279354e-05,9.37827570492092e-05,1.1886291985398357e-06,6.244766232883217e-05,8.424617433094294e-06,0.0001117526408756104
dhaM,dhaM,0.0009098062975927122,772,0.0003157303521852777,5.4739073624667736e-05,3.339455120096268e-05,2.897691374622577e-06,0.0001221590844322206,4.847308779140636e-05,6.017283850860588e-05,4.2292604372380234e-05,0.00022702516837767725,2.9218457248911087e-06
rpmG,rpmG,0.0009096635474803544,773,0.0001885070261524524,0.00010832949975935731,0.00013415172510221124,7.337227499674716e-05,4.690001766096959e-05,6.176810151820963e-06,4.5967379646708035e-05,0.0001862584918823896,6.642364020805935e-05,5.3576681919638646e-05
ydcJ,ydcJ,0.0009091210283859629,774,0.0004281356575737088,2.9557607269056737e-06,7.12123434415858e-05,4.5904388385661937e-07,1.7417835625110234e-05,5.850630603196764e-05,6.882559702456528e-05,6.732606674845114e-05,0.00017008114126979384,2.4201276060017925e-05
ribA,ribA,0.0009090656598215852,775,0.00040151441032410077,3.7747333450707255e-05,9.914388799912278e-05,9.135145708043284e-05,7.883220479689018e-06,1.5305724321470437e-05,4.050480336895944e-05,0.00010092275514741611,3.426594861237429e-05,8.042611903731225e-05
ycfQ,ycfQ,0.0009089145826574294,776,0.00040934678778225425,2.6864651765617956e-05,0.00011736987883830928,9.20462645711794e-05,1.7084121703346658e-05,6.426799010403141e-06,4.456361441621143e-05,7.121672272976407e-05,9.466767988412142e-06,0.00011452897385193109
dacD,dacD,0.0009087624409941621,777,0.00034337794357971807,7.956290485861276e-05,8.12268979630315e-05,0.00017185058859506462,2.8943403614256794e-05,7.498644891795577e-07,2.1571577131235696e-05,1.4645651655944002e-05,4.875895234179396e-05,0.00011807465676532517
coaA,coaA,0.0009084423968216156,778,0.00034480366883131094,8.969505184906282e-05,6.699258303450681e-06,1.802522890404059e-05,5.6762121020480505e-05,2.9450286067061015e-05,9.438113428554022e-05,0.0001919911677867219,5.484355148674113e-05,2.1790928287205974e-05
yaeR,yaeR,0.0009083633295327455,779,0.0002558592788041923,6.228180663848201e-05,6.635380523600235e-05,3.9083384004865434e-05,4.902812730567494e-05,0.00015833826236954205,3.2943078999986225e-06,6.371062892833744e-07,0.00011840901734814539,0.0001550782336365591
ydcF,ydcF,0.0009078075281712802,780,0.0002783627534531868,2.9763480470910372e-05,7.728695713477827e-05,0.00011972396310546526,3.308367995374594e-05,4.956474748417602e-05,6.62178205201349e-05,0.00010318108226829205,7.585728169621644e-05,7.476576208437417e-05
araG,araG,0.0009075825973672454,781,0.0005698626099002729,5.1602802009602866e-05,2.1682368753660386e-05,4.229039244106709e-05,8.943987520573333e-06,4.6697558370095336e-05,4.2405168548481736e-05,9.811363914910545e-06,4.586731994194342e-05,6.841902596663776e-05
ydaG,ydaG,0.0009074855976260264,782,0.00018517377009688132,0.00011712033534160036,0.00012187084896273569,0.00011522027669889383,3.1392070528853164e-05,2.3561705136757893e-05,0.0001273707898910977,1.5281355492472094e-05,0.00014182963315498198,2.86648123217526e-05
fadD,fadD,0.0009071758694326965,783,0.00027804468026614785,4.20981092772774e-05,2.021672747665543e-05,0.00017449208554970919,0.00013311880135796764,2.5283190637736525e-05,7.275297072871853e-05,3.425810954214338e-05,4.767105968337422e-05,7.924013491296643e-05
mutY,mutY,0.0009070713316386625,784,0.0004066284767988636,9.670186483608235e-05,4.962218497809366e-06,8.234173093943496e-05,7.874530711315195e-05,6.638115206064641e-05,0.00011113933596178523,9.132642273699306e-06,2.650967398139667e-05,2.4528929175792582e-05
yfhG,yfhG,0.0009069168653846486,785,0.000196228973901432,1.651555222888258e-05,0.00013019224964345603,3.481220296863741e-05,7.812466491768404e-05,6.485654348019186e-05,9.544470888357114e-05,8.920348272764158e-05,9.798128960654897e-05,0.00010355719702660315
fbp,fbp,0.0009066458544515269,786,0.00011411240527751555,9.539709046847488e-05,9.334950085093351e-05,0.0002375696395636248,4.935521071259678e-06,4.430421441916872e-05,8.070862192511105e-05,6.034633673020138e-05,8.603178027115943e-05,8.989074387407778e-05
psiE,psiE,0.0009063837333326439,787,0.0002625813310606066,6.241386892335489e-05,2.3113856143559673e-05,0.00014887664748297524,1.766114781683063e-05,6.619639611010469e-05,6.175680166856783e-05,0.00013859647801322918,9.024984173981944e-05,3.4937364373595676e-05
yacF,yacF,0.0009059965549354862,788,0.00027636847415492743,5.886296215832412e-05,9.327293401102923e-05,0.00010045722296797636,7.45954477943419e-05,5.98421213863534e-05,0.00013846893924250258,1.531620374217457e-05,6.577360567992406e-05,2.3038643797932545e-05
yjiC,yjiC,0.0009059025399765594,789,0.00024767265251490674,2.0957953219179373e-05,1.5340010778088066e-05,9.1138049821659e-05,1.1479203477415806e-05,0.00010589116082329437,0.00017571170685191435,6.56747786490258e-05,2.6065074025936546e-05,0.0001459719498151393
ddpA,ddpA,0.0009043535865590887,790,0.00016904889503724298,5.80968411689789e-05,5.3583258108775054e-05,5.046836950312152e-05,0.0001194648810792305,7.816232510285582e-05,7.08992982047885e-05,0.0001747804441310065,3.601257981194704e-05,9.383669441114188e-05
yjeE,yjeE,0.0009033179184718715,791,2.466979878905767e-07,7.831413803563535e-05,0.0002598654307405347,5.577313435527245e-05,5.6712483737567555e-05,6.333189593481705e-05,0.00015992137902021367,0.0001261728639981385,9.000799146921805e-05,1.297190319258359e-05
ymgH,ymgH,0.0009027629192351998,792,0.00030670164418301736,9.19289479154384e-05,8.285046809382766e-05,1.9917461584110467e-06,9.479318024522067e-05,7.518750483509327e-05,4.322221777085131e-05,8.686648077529236e-05,7.972917968701814e-05,3.949154957102967e-05
yehD,yehD,0.0009023990654524315,793,0.0002978643264576637,3.8297640134285365e-05,0.00013149806989319284,8.511022451536863e-05,7.646201024767207e-05,2.0666993732787513e-05,0.00010297795716512126,1.7446868593708845e-05,7.272466349978713e-06,0.00012480250836265254
ackA,ackA,0.0009023055345668175,794,0.00022451145091264578,4.856321948934438e-05,5.405346649915982e-06,3.415002005221455e-05,0.00013143585713017926,8.759333442882036e-05,5.356302870453903e-05,5.600054721789304e-05,9.465788092372222e-05,0.00016642484905754297
nhaA,nhaA,0.0009016245028366021,795,0.0003112621460074801,3.665068521777298e-05,5.358716523217455e-05,0.0001107217045257438,9.429202837640773e-05,9.672205744227709e-05,1.5400200654234607e-05,9.652250125334231e-05,6.28721336905772e-05,2.3593880436591637e-05
yicH,yicH,0.000901420284047167,796,0.0003567670418122006,2.7846605837319067e-05,2.971093368196998e-05,7.449959620538903e-05,7.925857104503437e-06,0.0001048983593166989,0.00014007418195562666,1.4267820321838992e-06,0.0001538632462787586,4.40767982251677e-06
fucU,fucU,0.0009013593460491635,797,0.0004872635787181917,7.248453844168403e-05,8.3492119446333e-06,7.748170920392795e-06,3.5365918840715974e-05,3.0814926272701295e-05,0.00015077872550232056,3.6896585561687226e-05,3.6883475970114456e-05,3.477421387672226e-05
frc,frc,0.0009011288475800084,798,0.000477550918575594,4.425233885726011e-05,7.507079176854798e-05,0.00011522226956556833,5.594446155972798e-05,5.1322897742906274e-05,1.7473995078565208e-05,1.7870735666956776e-05,3.5402914931132387e-05,1.1017523833749497e-05
btuR,btuR,0.0009006686872067079,799,0.00020985005969443001,2.9958492360903696e-05,1.8973322680155643e-05,2.058851101915515e-05,0.00015079714751192193,5.588155340996286e-05,0.00015103265238051506,0.0001058553717147717,0.000144819564141602,1.2912012293289826e-05
ydcU,ydcU,0.0009005715671519029,800,0.0003085350866740719,3.9064770903933656e-05,0.00012130636058090736,5.723906573879415e-05,8.492786696290622e-05,1.2520828633111971e-05,1.611828266452301e-05,4.421785840203473e-05,0.00018497235539950463,3.1669091192115096e-05
yafD,yafD,0.0008995898381123102,801,0.0003125125701948713,0.00013588254092614788,1.7890371036680685e-05,0.00012533761927221437,0.00011644462864771666,8.973079165725815e-05,3.2912812941861505e-05,3.9831577154467615e-05,9.77196411021528e-06,1.9274962170876907e-05
yjbQ,yjbQ,0.0008983248755185235,802,0.00025212030334219006,7.63706850922036e-05,0.0001362302316316619,6.1630715494157114e-06,3.5761630747919015e-05,0.00017902805477596747,8.536684734908353e-05,4.55991816161052e-05,5.52148441345753e-05,2.647002527940187e-05
yjdP,yjdP,0.0008978809032468036,803,0.00027230998032216566,1.3288854622465395e-05,7.07302510025528e-05,0.00010091056337541158,2.744250048514212e-05,6.95599630228095e-05,0.0001053240421998511,4.821207079466505e-05,2.6717783874324105e-05,0.00016338489354741646
abgB,abgB,0.0008971760535846122,804,0.0004256099654457624,0.000156856765799357,8.799242550380701e-06,1.7432678338234218e-05,4.175665881925229e-05,0.0001492938207266214,6.509155193270395e-06,3.514377311049063e-05,2.4968994228956117e-05,3.0804999372287106e-05
yjfJ,yjfJ,0.0008966662503527823,805,0.000261761221215337,7.782185101735287e-05,1.3561990353213124e-05,0.00012315055451524615,0.00012393931983899984,0.00010811525150021863,5.347217996258159e-05,8.540993671621754e-05,1.5582648161255537e-05,3.3851297072359955e-05
pinR,pinR,0.0008948999068318921,806,0.00024417505722179,1.4121580235569577e-05,4.386447227285278e-05,7.62795015396812e-05,0.00010912780348237373,4.640455453763077e-05,6.22619362285864e-05,2.2189492229265906e-06,0.00020222558830296683,9.422046378751416e-05
ebgC,ebgC,0.0008942244844519665,807,0.00037857028964736924,4.47441193591296e-05,1.4000819562901834e-05,6.725775278128361e-05,3.943032759124172e-05,1.2047354307729213e-05,9.365503016324774e-05,6.61149284681657e-05,0.00014643358959776944,3.19702729731284e-05
elaC,elaC,0.0008929963158386492,808,0.0004103614541171012,6.69316335632486e-05,7.186552116865762e-05,3.424222511929133e-05,3.015996162848014e-05,9.881740493107508e-06,3.3686258311901494e-05,5.1649970729806094e-05,6.938865787358567e-05,0.00011482889283346953
glpA,glpA,0.0008929895261004354,809,0.0004481857263714492,0.00013625806073213037,9.980069651757418e-05,5.9838971667591506e-05,2.5038687601556374e-05,2.1365798580184496e-05,5.884250608453813e-06,2.8198137104089156e-05,3.0633268494980456e-05,3.778592842242582e-05
yjiY,yjiY,0.0008928638198114375,810,0.00012565409752301733,3.254341970291718e-05,0.0002085225349300476,0.00010070537244602409,2.1787813361710154e-05,1.848571703014879e-05,2.4066031938588523e-05,0.00010505042499470099,0.00016175025855095967,9.429814933332329e-05
gldA,gldA,0.000892501600801209,811,0.0004289184030067361,7.78207817102633e-05,1.986016920537336e-05,5.324457118827442e-05,5.0325598321626365e-05,2.717213361191481e-05,0.00012795795765991092,6.137343791693866e-05,1.1975818532666314e-05,3.385272964750468e-05
tsgA,tsgA,0.000891837991467425,812,0.00014132680922707803,5.0878511728065104e-05,0.0003046752430075405,9.185092639403e-05,4.1630083503454686e-05,2.2757121761800403e-05,4.3605328401809524e-05,9.706292872281165e-05,4.7517349166456815e-05,5.053368955437841e-05
fabA,fabA,0.0008914495729233167,813,0.00027817224531030785,7.009209737828037e-05,3.9895447896319205e-05,3.825276892120092e-06,2.5677815542391813e-05,2.816836042537118e-05,5.042187637640623e-05,0.00019210537076426993,0.00011425630924708908,8.883477309076097e-05
yfeU,yfeU,0.000891419796887504,814,0.0001935585931021564,3.0554971614579604e-05,0.0002092883073192265,5.6006383264323285e-05,2.9856252820241376e-05,1.1358693429590838e-05,0.00011854675398513649,0.00012520219212973694,2.9425346095238514e-05,8.762230312727401e-05
ycdM,ycdM,0.0008902656059264801,815,0.00027549024302216867,2.136272392577072e-06,5.2864237285100295e-05,7.487721882564822e-05,1.758475190433292e-05,0.00017092565361316383,9.32644386701014e-05,3.318792136732955e-05,7.127189081854087e-06,0.00016280767976420413
yjcF,yjcF,0.000890115156727264,816,0.00022474598234457205,6.425065744583912e-05,8.137948647561338e-06,7.65665260330548e-05,0.00010534115883122266,1.921974066742536e-05,0.00021274156020381068,0.00010295998666412302,7.150994016074555e-06,6.900060187358047e-05
speG,speG,0.0008898468494708214,817,0.00026874187060159756,7.676029474084912e-05,0.0001255863339004448,2.9412006195788896e-05,4.7915371297581586e-05,0.00010814394005262045,8.205938872548439e-05,5.765362637000174e-05,3.139521810731122e-06,9.043449577572167e-05
yddL,yddL,0.0008887692586388032,818,0.00041116984191235946,3.977713199467791e-05,8.692852428694268e-05,9.759143187227902e-05,3.481462813892749e-05,1.706599109840974e-05,9.885810345032152e-05,3.094319920736493e-05,4.7439897905585494e-05,2.4180508771934906e-05
hcaE,hcaE,0.0008884090413107179,819,0.0003027125981961482,4.506242133744554e-05,3.081789065652772e-05,5.557517007837929e-05,7.023212387300573e-06,8.601279184673894e-05,1.7062393891111033e-05,1.234121174157419e-05,0.00025468398382508153,7.7117367350411e-05
yjdL,yjdL,0.0008875341674555665,820,0.0004035127862304581,8.513914422981862e-06,1.550844157891212e-05,0.00017327140767926704,4.8184797371288136e-05,5.9063123632313974e-05,3.4938380208971366e-05,8.31750188647207e-05,7.26909517548094e-06,5.4097202291172265e-05
ulaF,ulaF,0.0008872156743791457,821,0.00030348614339281986,3.496635529270521e-05,4.980028850976232e-05,5.600912942968547e-05,7.696528982341519e-05,4.1716631887441296e-05,6.308366361481207e-05,1.8518214549437232e-05,0.0001062661797645669,0.00013640377811450013
ykfG,ykfG,0.0008871859336614028,822,0.000189027757519779,7.956191556599245e-05,0.00010278013332042961,0.00013050007481939883,2.527922763795089e-05,0.0001748647287633152,9.603543624374777e-05,3.380285984277585e-05,3.122697891238497e-05,2.41068210356284e-05
lomR,lomR,0.0008870421946736636,823,0.00021454451343545092,6.556315168786697e-05,6.157710387579726e-05,0.00014432344606349102,5.581978474686218e-05,4.3891224414025066e-05,0.00013428706046591274,8.257036610917981e-05,7.674074975323729e-05,7.724794121840424e-06
ymgA,ymgA,0.0008870026692989667,824,0.00023392153831672298,7.526568282905052e-05,9.474176006180694e-05,0.00020536999937970842,7.394881750516138e-05,2.291350055425038e-05,6.31594030289939e-05,7.067008972124921e-05,1.6765088716604944e-05,3.0246789185418168e-05
yhjX,yhjX,0.0008869264294601475,825,0.00036032150668467635,6.340233881140483e-06,1.6970395703865435e-05,0.00010353626960029765,6.734365613275854e-05,0.00010061574140024638,4.4496026129028095e-05,5.866831858991521e-05,4.677487590890591e-05,8.185940542931332e-05
yfeW,yfeW,0.0008865788194923355,826,0.00027437848868593144,0.0001218822825759376,5.934108177970945e-05,4.532229788589464e-05,9.263754659783205e-05,8.123925037242211e-05,1.8342942049898272e-05,4.59391121615878e-05,8.23789226657272e-05,6.511689471739501e-05
hofQ,hofQ,0.000885913111557996,827,0.00018363642346117884,8.297596309380086e-05,4.060258235687931e-05,0.00015161368642976612,0.00016558959140755176,0.00013081774075242867,1.9751954644489362e-05,7.372572231377038e-05,6.790264198476334e-06,3.0409182899654274e-05
essD,essD,0.0008856976403425821,828,0.00032414336490780145,1.9006756346819916e-05,1.571975139607037e-05,3.253715440454704e-05,0.00012104338752503665,3.077359350682612e-05,8.593672264125642e-05,0.0001339623827355216,1.1732013750823392e-05,0.0001108425131278791
ubiF,ubiF,0.0008855997575999533,829,0.00031319723347657464,2.145221168905053e-05,5.1703013264463864e-05,8.530976834509204e-05,0.00011178569804647388,9.290526581759425e-05,4.873002714486478e-05,7.267316969139359e-05,3.079628502175351e-05,5.704708510269213e-05
hcaF,hcaF,0.0008854080237417717,830,0.00042430467508766114,4.0708644798354274e-05,2.9111525055874822e-05,5.655831383766782e-05,4.347105596848984e-05,7.884205408618498e-05,2.3557688991924283e-05,2.2322514957224355e-05,9.792008389402303e-05,6.861146706436723e-05
ybgF,ybgF,0.0008852937735974266,831,0.0001239619131484389,0.00014986700772175678,2.203390415161455e-05,1.930688986587775e-05,5.153242189171231e-05,6.264179769498106e-05,0.00012436185464569105,0.00010819258640646589,0.00010753321329902876,0.0001158621847718595
yeeV,yeeV,0.0008849947768278819,832,0.0001351997041128201,3.713452384599621e-06,3.3797028785205183e-06,6.202970576755135e-05,0.00010526810368060582,0.00012425093369046027,0.00024780519121313943,9.152846763084141e-05,9.574802166562523e-06,0.00010224471330278092
sgrR,sgrR,0.0008842736254675586,833,0.0002985529424331972,3.062273249904834e-05,1.2889534423856017e-05,1.1191925629802693e-05,0.00016983608265257313,9.435453068329333e-05,1.7438021641159877e-05,9.49988341408123e-05,7.495897875675693e-05,7.94300426070587e-05
ychO,ychO,0.000883103261408109,834,0.00039400906691629327,7.450744712526137e-05,6.534025977286215e-05,0.00010471593088698919,2.7444615265370427e-05,4.612534291435846e-05,6.872433921213477e-05,3.9540284935478936e-05,1.3602831371817773e-06,6.133569124217878e-05
glvG,glvG,0.000883024264445468,835,0.00019437578101269277,4.339046136492453e-06,3.361849570434914e-05,0.0001401396404247141,1.9561328906737757e-05,0.0001796240373225193,9.270697589524957e-05,5.392246670818411e-05,2.4905273794618047e-05,0.00013983121853991062
insI-1,insI-1,0.0008825797211543161,836,0.0003182834395678172,3.4946890773949645e-05,5.47583899564608e-05,4.1101125214123065e-05,2.2274992539324493e-05,8.510852497881719e-05,2.4670419526437067e-05,0.00020858211861301849,8.37055855632008e-05,9.148234421167297e-06
frwB,frwB,0.0008825163553798925,837,0.00035011434960068125,1.0017516236733197e-05,6.0511727740592645e-05,4.222818429624762e-05,3.811867770591619e-05,9.336267558324776e-05,0.00010313739746590853,1.9331549997494283e-05,3.906851915379892e-05,0.0001266257575992722
phnE,phnE,0.0008823201681415964,838,0.00043639425806187774,9.54700057152434e-05,2.9129324312683356e-05,2.7634233716009884e-06,5.169393227702045e-05,9.002768921833477e-05,7.803465200855013e-05,3.87976673007897e-06,1.839286299868308e-05,7.653425344752333e-05
ygjO,ygjO,0.0008812700530057595,839,0.0003471195789315818,5.745649516607471e-05,7.800726993031867e-06,7.68368732055903e-05,7.219590385578667e-05,0.00016316995881260327,2.5594689236273902e-05,4.153788287118958e-05,6.475084274352346e-05,2.480710119010391e-05
argA,argA,0.0008812044557063533,840,0.00048166682589806864,0.00011598162792358971,1.99817344474921e-05,6.556642011795989e-05,6.39502978708177e-05,4.0516982519143054e-05,4.748016203564047e-05,2.8307635023830752e-05,9.761963942302074e-07,1.6776573475580852e-05
yeeN,yeeN,0.0008809956610720221,841,0.00033262959333366755,7.174661710152954e-05,7.462327696128498e-06,3.7765982525241995e-05,6.537918481717266e-05,9.127643432001773e-05,3.919829998453991e-06,0.00015208945487894506,1.0670858990187377e-05,0.0001080553774106777
iraP,iraP,0.000880922489464644,842,0.0003797449668273957,2.986538617278348e-05,4.33882357026137e-05,6.98355815071981e-05,2.1709802463774468e-05,8.906531015060222e-07,2.5973836173710415e-05,1.2584004770513737e-05,0.00020171096853080825,9.521905421434003e-05
cadC,cadC,0.0008804450369405204,843,0.0004625012465572195,4.553190764225833e-05,1.4285278309574682e-05,4.512444264035881e-05,3.634400016110555e-05,1.2836535362525293e-05,0.00012187463566826388,7.917766168287409e-05,3.8034888643331003e-06,5.8965840052007294e-05
ymcE,ymcE,0.0008803871446185098,844,0.00027437201892120927,3.862996462865191e-05,0.000133737083330463,0.00010182530581862077,3.084643337994732e-05,8.0118179512161e-06,0.00011322033778545544,7.92809792835587e-06,9.932521113695205e-05,7.249087373763807e-05
wzxE,wzxE,0.0008801287788664435,845,0.00025960849132118473,0.00012516799966105752,5.785681174349784e-05,0.00014241621541756603,9.843785727295506e-05,6.609290422152367e-05,5.8488934622855406e-05,2.6105890271586108e-05,4.876561845545912e-06,4.107711248867139e-05
cobB,cobB,0.0008799527952531684,846,0.00025211808469068146,5.4241296119485206e-05,6.234789577386632e-05,0.00013329692088210707,5.400921836682733e-05,0.00012642889261727498,5.43192110557606e-05,1.893320217270181e-06,5.7306434439227665e-05,8.399152109066754e-05
livH,livH,0.0008798983448388766,847,0.00026046645420196195,4.225847687853075e-05,9.812661907319752e-05,3.1375143709636446e-05,4.9100805270628385e-05,8.049578369536374e-05,0.00019863343315244878,1.1166076845427036e-05,5.3540335880510266e-05,5.4735216131171645e-05
ilvN,ilvN,0.0008789365246792561,848,0.0002637166106097421,0.00012108126914908705,2.4998041776772722e-05,0.00010049707347599075,1.8795730225841246e-05,0.00010875941610767582,2.0842154277743525e-06,5.046929316721897e-05,0.00010719748962388416,8.1337385115269e-05
uspG,uspG,0.0008785620223061476,849,0.00026797932011709565,4.4685560897568324e-05,6.077714230297733e-05,0.00010157889187283913,3.579340263150562e-05,0.00017513305454659907,1.8917132304377478e-05,4.308087219160517e-05,0.00010556013068807695,2.5056514753502947e-05
ydhT,ydhT,0.0008780943982000934,850,0.00013218478391356783,3.8057824260868745e-05,4.7318710475037705e-05,0.00011314211317956078,5.5699430023404875e-05,2.1791648210346343e-05,0.0001357176078588014,8.371705114647922e-05,0.00013576812162198438,0.00011469710751004223
rbbA,rbbA,0.000878034432181832,851,0.00044794452570426753,6.894563884576185e-05,4.323930461841121e-05,0.00011762400042386343,3.5852954010864557e-06,6.41277831667503e-05,7.352351463558234e-05,4.583209483612306e-05,1.2778110616324794e-06,1.1934463488353337e-05
yahC,yahC,0.0008779528575664849,852,0.0003028224585273531,2.4466718105175346e-05,6.839916399954887e-05,2.8795061988416412e-05,7.962767867317529e-05,0.00018550883192924492,5.088177795606968e-05,4.527423908700943e-05,6.765605555342544e-05,2.4520871747066493e-05
gltP,gltP,0.0008778828159551896,853,0.00031010878688454707,2.401864668043984e-05,6.972429769470646e-05,2.0609351493006073e-05,9.515434710223403e-05,3.99243297389521e-05,7.070404417811884e-05,0.00011032133388031641,6.845252787000724e-05,6.886515043286142e-05
ecnA,ecnA,0.000877563252982801,854,0.00042394955722538515,8.526271614824268e-06,7.436609689784526e-05,1.2196976517951638e-05,3.9567188555209724e-05,4.2732243217596776e-05,3.3497600000339954e-05,8.297286184119194e-05,3.1451841571307992e-06,0.00015660927295532551
relE,relE,0.0008770352537453618,855,1.2541394563790673e-05,0.00010247562558454417,8.746875461255758e-05,8.141424229761839e-05,0.00018134231013781495,9.726460010995048e-05,1.2843680230078064e-05,0.00013889214478151617,0.00010319750441604215,5.959499701144921e-05
frr,frr,0.0008768490450794462,856,6.303968191625654e-05,0.00016244299938238674,0.00015564997120547284,0.0001059994596044322,9.218241837551359e-05,2.912988403695837e-05,0.00012558113491266341,1.636790136242724e-05,2.8368794154050135e-05,9.808680012928517e-05
cysZ,cysZ,0.0008766992306191469,857,0.00038931410191409455,5.66369271518555e-05,3.3770579934356536e-05,8.734349969398331e-05,6.942602444156895e-05,6.677867469334726e-05,0.00011090850913502317,3.4256906509651956e-05,1.8018063797629634e-05,1.0245943347636061e-05
yhgE,yhgE,0.000876436707336769,858,0.00036230878037697543,9.917817172774841e-05,0.00010510875837740205,7.417359322448508e-06,2.395633882754777e-05,7.163466818238663e-05,1.941131151278163e-05,0.00012586221798773598,9.195709481482828e-06,5.2363391540259944e-05
pntA,pntA,0.0008760576588102458,859,0.0002047271696137641,8.422705331703737e-05,9.395694474667242e-05,7.007209993441318e-05,0.0001640769647130091,0.00014401058512366499,1.860429012332248e-05,4.98466378508961e-05,1.621494257353893e-05,3.0320970813927255e-05
sgcA,sgcA,0.000875727520056062,860,0.000318012559138195,6.509090539583204e-05,0.00010206292115092932,0.00010011151362963976,1.4807091590897189e-05,0.00013896296403271514,4.859479969327985e-05,4.077701512730881e-05,2.9176541118888606e-05,1.813120917837618e-05
ydbJ,ydbJ,0.0008754337454141538,861,0.00023325864862598695,2.275477248742809e-06,0.0001345048796885686,7.165261537349677e-05,5.167848279571437e-05,1.6905361656018482e-05,7.075276507142199e-05,0.0001512318276162972,5.1863018366136867e-05,9.131066897176964e-05
yghW,yghW,0.000873604526204724,862,0.0003605208240170663,3.640654777723194e-05,7.248138357330948e-05,5.006102933791945e-05,1.6799169490449514e-05,0.0001814296271691343,6.841518470073785e-05,3.097666952466009e-06,3.423572772633273e-05,5.015736546007651e-05
djlC,djlC,0.0008732981714398894,863,0.00038064299155327703,4.506879231102131e-05,0.00016547529085588473,1.2082438334394981e-05,2.9964313777180233e-05,4.893455881018283e-05,6.39319236927605e-05,3.33119407545316e-05,6.28795992398404e-05,3.100632211081568e-05
hyfF,hyfF,0.0008728947368929974,864,0.0002316902749246026,7.502236559121607e-05,1.0291383190265163e-05,9.711080330793506e-05,2.1542319609889127e-05,7.640502401300965e-05,7.602220138361027e-05,7.879548508231517e-05,0.0001421920272701127,6.382285252004174e-05
ompT,ompT,0.0008726957178522185,865,0.00034799050831617784,0.0001261847406886963,4.18834464942224e-05,2.0584227799483197e-06,9.705758449831921e-05,2.6195720966977682e-06,0.00013288793344725907,2.411475824718816e-05,2.869839538939817e-05,6.92003558943113e-05
lysU,lysU,0.0008724000004577921,866,0.00035354306910397254,1.391596119287968e-05,6.996846292237538e-05,9.85873115778286e-06,8.439943388119611e-05,9.60494667527619e-05,1.5298748443001848e-05,9.042226107895602e-05,8.307281412285817e-05,5.5871051802007576e-05
zraP,zraP,0.0008718726815496245,867,0.00029202011272184237,1.565896230117369e-05,7.749820664955141e-06,0.00019041380050328143,1.8801822814050183e-05,0.00010857705483251612,7.0698638987395e-05,0.00011277279745940229,5.494833168044833e-06,4.968483809696341e-05
mdtC,mdtC,0.0008715802987575726,868,0.00040766159403226443,6.910398619167408e-05,2.3361814322089464e-05,1.9482739449116417e-05,6.438019526102036e-05,5.23513432869313e-05,0.00013508728879059494,7.011599137879555e-05,1.4806798463495353e-05,1.5228547581590735e-05
yhhM,yhhM,0.0008705994003856815,869,2.2829577009386985e-05,5.6281540439753955e-05,2.8451245084765368e-05,8.532027445615968e-05,0.0001257116168284791,0.00012759700193633832,0.00011355727703458322,0.00015545463170903514,7.511398493784129e-05,8.028225094933842e-05
ybjS,ybjS,0.0008699191375363062,870,0.0002939281386761284,7.834507224383801e-07,0.00012356786692441137,9.763766867122385e-06,1.3694270685550109e-05,5.150824739941467e-05,8.517253164935788e-05,2.3623370585214947e-06,9.977338145731755e-05,0.0001893651460960438
hyfG,hyfG,0.0008688891827700782,871,0.0002674362129459378,1.199613165240414e-05,7.883711042479588e-05,0.00012685971456592152,2.0502972570362076e-05,4.1153020724521306e-07,4.120568324780548e-05,8.80742172897266e-05,0.00012105631088329815,0.00011250929898258124
yahM,yahM,0.0008673958800288683,872,0.00030652178535688253,0.0001434976354508535,1.4920092739383284e-05,4.584035782873459e-05,6.477134046011983e-07,8.624381214189973e-05,2.787136784281317e-05,2.1872848766986927e-05,2.9086729310241744e-05,0.00019089353718647166
lysC,lysC,0.0008672071151695833,873,0.0002959451401526345,4.0219261132164234e-05,7.189327511044572e-05,7.821599360061014e-05,7.042397852219514e-05,2.5526696112847533e-05,0.00011172400365126526,4.142186544840024e-06,8.634150508619842e-05,8.277507525638238e-05
rffA,rffA,0.0008665342967861916,874,0.0005074981373296633,2.2242763271103837e-05,2.8879531189222524e-05,1.7111829478122486e-05,4.822009962899158e-05,0.00010860865419523711,4.9621986873780346e-05,2.3256911022454577e-05,9.38358608967446e-06,5.1710797707941563e-05
xdhB,xdhB,0.0008662129705183222,875,0.0005396605198131332,2.1080191070926094e-05,1.0284614978565849e-05,4.142681254478887e-05,4.3610973145668585e-05,4.091954153474447e-05,3.513712138931835e-05,2.698477964126473e-05,5.2880006450293006e-05,5.422840994961909e-05
xylB,xylB,0.0008659561770350108,876,0.000401837717208438,6.774379204115935e-05,2.6031152466027547e-05,9.19223197661749e-05,6.2090382720602275e-06,4.7943077339541264e-05,1.8740210791851086e-05,4.4481742554833346e-05,6.198303634869019e-05,9.906409024623494e-05
tilS,tilS,0.0008656662543611387,877,0.0002572199302910465,0.00011768626370115287,0.00019149242965783581,3.196610079000278e-05,3.3044723150331104e-05,2.298152815525255e-05,3.495941233490037e-05,2.6518092259978414e-05,5.557506787404547e-05,9.422270614659283e-05
kefG,kefG,0.000865594705109648,878,0.0003650594992440655,2.297523955643745e-05,4.110779265912859e-05,0.00015687074960862111,5.090132008108801e-05,1.8560287942385035e-05,7.174481775262622e-05,0.00010758866454482801,6.673364064429075e-06,2.411296965603877e-05
yfeO,yfeO,0.0008654961059548265,879,0.00017910795865046868,1.1367489943615032e-06,7.595647713031805e-05,0.00025423047403944223,3.506363447352353e-05,0.0001342281097426795,7.919219205297966e-06,7.757243841603638e-05,4.471650239024088e-05,5.5564542912457645e-05
trmD,trmD,0.0008644971482513309,880,0.00037167457669420005,0.00019292589344600767,2.7925931311332274e-05,2.683127153987553e-05,2.0197668834434685e-05,2.761842619527956e-05,1.2358639503138825e-05,0.00012940769880758838,3.2793181551914564e-05,2.2763860367559435e-05
dcuS,dcuS,0.0008633380452445576,881,0.0002710584726023194,1.3181438996956637e-05,9.207235543303254e-06,2.385022896181232e-05,2.6412270544995394e-05,6.38149012510352e-05,8.44460690560973e-05,0.00011713682576323111,7.947273146727849e-05,0.00017475787105752854
rhsA,rhsA,0.0008628200521959715,882,0.00043098318059610113,1.6395543421943893e-05,1.3779512799280222e-05,2.0538031635538162e-05,0.0001279728466616783,7.470617039103037e-05,5.5652643901328824e-05,7.956916036218069e-06,0.00010476618279262489,1.0069023960227709e-05
yfaP,yfaP,0.0008625204202692295,883,0.00034369781850116134,0.0001323408676859506,6.0019655787569406e-05,2.7685258893706078e-05,4.671769364650408e-05,1.8449188629072792e-06,4.57551356976827e-05,0.00011614072937630462,4.237629235782142e-05,4.594204945962189e-05
ribF,ribF,0.0008624069746322249,884,0.0001454558645876302,8.447333337479832e-05,0.0001722007114310972,3.535479034988537e-05,0.00011844780804133419,1.4786690868491649e-05,8.602315100490801e-05,2.9740531672755792e-05,0.0001286073986505415,4.7316694650782546e-05
sufD,sufD,0.0008622063074643283,885,0.00022648214743280944,6.029640027449952e-05,4.781020727005915e-05,4.1216595400243384e-05,1.4009977087150556e-05,0.0001617933748275822,8.75828033363951e-05,2.1015212567431005e-05,0.00010218449811331284,9.981509115484513e-05
ygfO,ygfO,0.0008615094739105079,886,0.00034668722552922755,6.501295524765944e-05,5.143348855711034e-05,1.1866644708561024e-05,1.413296928604203e-05,5.149108810500367e-05,2.3006446749717267e-05,7.772788653239297e-05,5.53536274756329e-05,0.00016479714171916077
yjiT,yjiT,0.0008614458664623032,887,0.0002199203952061502,3.790418227000524e-05,1.0530827561162375e-05,0.00015786590846576494,7.544912474625785e-05,5.7636974765012686e-05,0.00014492733521366744,7.65287093670771e-05,4.564749587294623e-06,7.611765927991083e-05
lysS,lysS,0.0008612913909382947,888,2.4957541505034885e-05,0.00020120335365864155,0.00012702608514827493,6.061721447254741e-05,0.00010792358850427045,5.928826563394384e-06,2.741885857309494e-05,9.790874956697294e-05,7.202134159774105e-05,0.0001362858313483221
cpxP,cpxP,0.0008612643099507909,889,0.00028337926900436647,5.8778205118779436e-05,3.719132063055919e-05,9.12963067982547e-05,9.763746003491445e-05,7.115708650062853e-05,0.00013435407771270383,4.6869924745538955e-05,3.8907453724705206e-05,1.693205680340067e-06
fnr,fnr,0.0008611436922748063,890,0.00014668731547523944,0.00011877581874494204,4.141324344205939e-05,8.25066860855943e-05,7.861131470545816e-06,4.107821151730855e-05,5.015400684001253e-05,6.559169421121239e-05,0.00012106495153706196,0.00018601063295082984
fabG,fabG,0.0008604537682902158,891,0.0002017886264705566,0.00021099077060853647,5.9507616462855745e-06,1.8821170537087085e-06,6.503556958722202e-05,3.3486378170193115e-05,9.353892268118461e-05,0.00010504972876090782,7.12206101229588e-05,7.151028318866204e-05
ycbG,ycbG,0.0008603215014235713,892,0.000306691781903639,0.00012429750395653207,7.887445052077889e-05,6.879178017875501e-06,3.443162777963881e-06,2.8595354944639157e-05,0.00016017359894934322,5.7525759831939794e-05,5.272339643313234e-05,4.1117314087727404e-05
lolE,lolE,0.0008601733457483876,893,0.00021290045272728695,6.353236344206205e-05,0.0001496592220989161,9.998843083774392e-05,3.431350477730532e-05,2.879273764606381e-05,0.00014824958139606054,9.665226405290222e-06,3.4822175730647197e-06,0.00010958960884459401
fic,fic,0.0008601065006073815,894,0.00018659192665309635,3.500353571743049e-05,3.502476080516265e-05,8.556762930036284e-05,0.00016185032465345376,3.01781560467422e-05,6.627387216574186e-05,7.156077871356451e-06,0.00010792269342481997,0.0001445375239692151
yicL,yicL,0.0008598176445716796,895,0.00030759027404747737,1.4678213668345702e-05,2.1905098344083224e-05,4.156948388005284e-05,0.0001482448290308185,8.240582174571783e-05,3.466824892556389e-05,2.088417472497358e-05,9.810135688060699e-05,8.977014332403953e-05
ybcH,ybcH,0.0008597304974520856,896,0.00014562979381210853,3.5703073658731255e-05,1.3866359648505024e-05,0.00018372851391952914,9.587265116370593e-05,7.940380604173318e-05,6.575151960996213e-05,4.5637888842250436e-05,6.986763894415681e-05,0.0001242692518114031
ycdY,ycdY,0.0008592476798314173,897,0.0002983065295750311,1.643947537472814e-05,2.9098008560111057e-05,8.643735605769913e-05,3.290928937928417e-05,7.969589777440094e-05,4.642681943045002e-05,0.0001102711436875161,0.00010717679460010034,5.2486365392096414e-05
yjiO,yjiO,0.0008591221785132999,898,0.0003007396008701201,2.8266650688921222e-05,0.00010181583559028163,4.518543492977744e-05,3.758595974335074e-05,0.00013289204141791759,8.526691232757562e-05,4.30830697171373e-06,4.879195795571549e-05,7.42694780179262e-05
yghD,yghD,0.0008590341192779616,899,0.00024229433462820413,2.4465767954763905e-05,8.335328845465999e-05,0.00013411876662249145,7.778098222415561e-05,6.934624779058023e-05,7.826733344165672e-05,8.704730045986887e-05,5.53967183979624e-05,6.963379303618412e-06
folM,folM,0.0008584914343948292,900,0.00038457952064797316,4.491734078034476e-05,1.3695069796646756e-05,6.0081796958826355e-05,9.310790391325698e-06,3.7146973683108777e-05,3.328870889850079e-05,5.215683147751727e-06,0.00014864655947558421,0.00012160899061476694
ygfB,ygfB,0.0008583812251041567,901,0.0004352115594212247,5.296845624734042e-05,5.185409653976996e-05,4.3922970765306916e-05,8.268444077294317e-05,5.493660440037458e-05,3.432076919643121e-05,1.1349123611687873e-05,7.782696813503042e-05,1.3306236014047528e-05
caiE,caiE,0.000856564754918131,902,0.00036036778938609366,5.028212202435844e-05,7.255794087670108e-05,1.8777961475747137e-06,5.5307491891707695e-05,0.00015848757302651577,9.330527820661656e-05,5.0434702117715866e-06,2.862866365852875e-05,3.0706629488262725e-05
yneF,yneF,0.0008565620611304235,903,0.00029935360940927996,0.00010225394178571411,3.110107584632437e-05,8.611508736466333e-05,1.1980856676895528e-05,3.3771278387386134e-05,8.811454815398465e-05,6.343991960187498e-05,0.00011608547069508153,2.434627320921899e-05
yjcB,yjcB,0.0008559061933976231,904,0.00010471115316276193,3.586653458274497e-05,0.0001409535735706148,7.660246472144283e-05,0.00010449918778182007,7.446535176253877e-05,9.15536554924428e-05,5.1183321783191795e-05,0.0001488817177349529,2.7189232805112224e-05
yhhY,yhhY,0.0008556288230894895,905,0.00023922898747938122,0.00011624078298537765,1.3602292659070952e-05,8.156627695291284e-05,5.123827616181851e-05,0.0001547312466582725,9.636583207153899e-05,4.989529113787665e-05,3.1469262315861496e-05,2.1290574667378636e-05
arnC,arnC,0.0008556281171851028,906,0.00034179760105286576,2.752513876287636e-05,4.053809401123858e-05,0.0001139173861369177,5.378777381615098e-05,0.00017311724783239006,5.775656363894492e-05,5.4029147958622795e-06,2.3546283514246942e-05,1.823911362360912e-05
ydhO,ydhO,0.0008554917361386086,907,0.00041523766701188425,3.5272344737779214e-05,0.00013929588369054506,4.2575649743351615e-05,3.656960795932934e-05,6.018366444990758e-06,0.00011608325165914515,3.312637885761342e-05,1.644558978418718e-05,1.4866996249782551e-05
ydjY,ydjY,0.0008553209668934532,908,0.00036991148708136055,4.565791247964857e-05,1.6382314742445224e-05,0.00016296123112681516,2.0697863495705357e-05,5.189182314803735e-05,0.00010712891379326697,5.273619603948634e-06,2.3576808203906488e-05,5.1838993218319026e-05
mpaA,mpaA,0.0008547017939140892,909,0.0003629058172572727,3.968331533269539e-06,2.068353726709952e-06,3.058562933309499e-05,0.00016986541682135263,3.752777207546383e-05,9.537607414167994e-05,2.065503246258676e-05,6.341162141837054e-05,6.833774514428832e-05
mmuP,mmuP,0.0008541904786498414,910,0.0003985099508874271,0.00012617439940734967,2.302157205376135e-05,4.315456808530768e-05,2.028014484181325e-05,0.0001211190278951237,4.9991418147110846e-06,3.461754539809217e-05,5.445087660271826e-06,7.686904060598368e-05
qor,qor,0.0008529771448908799,911,0.0002361892971571488,2.6306799710612468e-05,3.4204045113708674e-05,9.503856606538484e-05,0.00011177722388224419,0.00010426444145894983,4.938033744678679e-05,1.7665336819626973e-05,0.00013142472660972236,4.67263706266948e-05
ycjZ,ycjZ,0.0008525925251749006,912,0.0003537469816287372,4.640177077873102e-05,3.640065346790015e-05,0.00013887447125705143,6.0021462621874924e-05,6.307642861302905e-05,0.00012132698419497785,1.1576220917274986e-05,7.52894669854594e-07,2.041465702546935e-05
speD,speD,0.0008522357931042982,913,0.00042350790472894665,7.711012347082713e-06,8.329081398986934e-06,9.890286447012579e-06,9.508775260049595e-05,5.1811323535771717e-05,5.9435254779459035e-05,2.6869648919230762e-05,4.629038607544113e-05,0.00012330314227187064
clpX,clpX,0.0008521515034518031,914,7.585841361684713e-05,0.00015408367148208254,6.272869070491943e-05,2.670454290864503e-05,3.7358224297460566e-05,2.7930208388354216e-05,8.345083833831002e-05,5.998448217419676e-05,0.00021130100461480076,0.00011275142692618666
ydfU,ydfU,0.0008515785986769444,915,0.000262238628125076,1.454243245484015e-05,7.6232167949484e-06,1.4737150666104528e-05,0.00010550116450222527,5.0017451116881696e-05,3.243401701776051e-05,0.00015744777750865488,5.161599512192704e-05,0.0001554207653685259
rsd,rsd,0.0008512324031820615,916,0.0004258622930813892,6.954449540296604e-05,1.2975849484097178e-06,8.300767210417512e-05,5.190093787834354e-06,7.753219017518012e-05,4.778374649134422e-05,4.4069336898046225e-05,4.413035382794846e-05,5.281463646476803e-05
narV,narV,0.0008509019012241474,917,0.00027709483210736205,8.395143776741769e-05,1.0778719307831835e-05,6.087723983390076e-05,0.00014370816864675714,4.694552884112352e-05,1.2326921168439611e-05,2.0815043130102313e-05,4.666692663331829e-05,0.00014773708378789426
sthA,sthA,0.0008508781223799651,918,0.000326515682983063,0.00012416346048113504,3.628807645336455e-05,6.909533626289634e-05,0.00010099953513458756,4.984945431880081e-05,1.1200098278016462e-05,5.8125113273705665e-05,4.001541515352762e-05,3.462595004086818e-05
yjfY,yjfY,0.000850390064805443,919,0.00027148721229389454,2.2098247463293937e-05,8.388744580528783e-05,4.5024176821844806e-05,9.708086839433258e-05,5.0118759939463507e-05,0.00012540488113610556,4.1218393687647224e-05,2.645151854207881e-05,8.761856072149417e-05
yafL,yafL,0.0008503744619241933,920,0.0003115754900302158,5.684682380940754e-05,0.00011297025771666448,1.192619686552832e-05,1.5090724441077398e-05,4.433540812664576e-05,0.00011392159046069055,2.6664451835594477e-05,6.962157556311284e-05,8.742194307525622e-05
yhdJ,yhdJ,0.0008486942808094957,921,0.00034080507228992395,1.9177678287996126e-05,0.00016538884214969553,4.99213424179155e-05,4.191671439154721e-05,0.00012244374698472998,3.471163633712561e-05,4.130717616081427e-05,1.7457917949430283e-05,1.5564153840317003e-05
napD,napD,0.0008484991462000925,922,0.00033614428951793846,6.313480354871789e-05,0.00011660161512851948,6.9164605565496814e-06,3.774658608167192e-05,1.9859100171658356e-05,3.746088321885415e-05,0.000120782294774222,0.0001061453222928178,3.707790909142728e-06
nhoA,nhoA,0.0008484924952800866,923,0.00036660211933683425,2.5916605555959974e-05,3.011487838025121e-06,6.352857957623632e-05,6.125697083417462e-05,2.4684108524214107e-05,0.00012362185508559595,7.387884538985736e-05,9.231987210234464e-06,9.675993592895458e-05
astE,astE,0.0008483966721154751,924,0.00041427534117524753,1.6012358731804287e-05,8.518656262098187e-06,2.251733287157886e-05,9.654586616076398e-05,9.262163278826004e-05,1.920112998434448e-06,9.445832088735039e-05,8.178323460215284e-05,1.97438156377845e-05
cynT,cynT,0.0008483840167358844,925,0.0001831387586811027,2.64548893428394e-05,8.480339837420122e-05,1.3944344583681876e-05,4.960317148836934e-05,5.065962225722529e-05,7.71030423068478e-05,5.575864622168614e-05,0.00021999928559472993,8.691885788520062e-05
ycaQ,ycaQ,0.0008481953773680491,926,0.00042158836434424756,4.354633895345317e-05,5.89982819742561e-05,3.399441782063493e-05,8.294032731429064e-05,6.988115811381651e-06,5.4296158995991655e-05,3.76522264571006e-05,8.259724735696042e-05,2.55938983397323e-05
nirC,nirC,0.0008470313143135911,927,0.0003495196581439442,5.31154703936646e-05,2.362004682098256e-05,0.0001623348094171931,5.771200655021247e-05,5.8673952607803334e-06,6.688348615934083e-05,7.12943828072372e-05,1.714714264541015e-05,3.953691611482553e-05
yneH,yneH,0.0008465670470993203,928,0.0004380186966090278,1.0802904372741435e-05,3.215864473668866e-05,3.081409929226201e-05,0.00013997888151373058,4.35365081412058e-05,2.6218117476425352e-05,5.2270281420416185e-05,6.161906302492897e-05,1.1149850511893594e-05
yfcL,yfcL,0.0008465335943311459,929,0.00033054369372641484,0.00012099796526557864,5.4257092976051336e-05,9.706545273075751e-05,3.072328235082632e-05,1.7614211937497982e-05,2.2114541799830324e-05,7.131238087378196e-05,5.096993225581077e-05,5.09350404145964e-05
yecD,yecD,0.0008461904619087832,930,0.00030303765183200757,3.7053246563992414e-05,5.729330051482365e-05,7.082118127376648e-05,2.08140835346269e-05,0.00013225677951238317,0.00011209771228441882,1.5233344332730561e-05,8.229717642891298e-05,1.5285985631120523e-05
cdaR,cdaR,0.0008460362572826946,931,0.00026460623022212486,5.8402894312129025e-05,7.723233422713098e-05,1.994080908334656e-06,0.00014847224780884652,5.99713893898934e-05,7.060737800622017e-05,9.838437432188178e-06,7.889069773172321e-05,7.602056724410358e-05
argE,argE,0.0008455295536058983,932,0.0004148476977439938,0.0001522696883949633,9.90847709937503e-06,2.381532905940062e-05,4.548512646025871e-05,5.411314437256758e-05,6.958442847977699e-05,4.4320505662037154e-05,1.4281276322846131e-05,1.690388001067913e-05
rffE,rffE,0.000845366291156918,933,0.0003356569740101726,8.464063092581061e-05,7.837702835351223e-06,8.180616505732008e-05,2.9847206608737494e-05,4.304794947269546e-05,1.5331728734181115e-05,4.282803918055139e-05,8.987288117573487e-05,0.00011449701315636326
setB,setB,0.0008451632083675408,934,0.00024982090174053694,4.284945900684752e-05,9.410075368991492e-05,6.47647761239721e-05,4.458164273127674e-05,0.00011078813872669014,9.4350522396062e-05,4.9799231177843384e-05,8.395183165637095e-05,1.0155951118026326e-05
msrA,msrA,0.0008450725685350118,935,0.000183627325565481,6.142502839070178e-05,0.00012751925946330694,2.428731206964206e-05,0.00010340940508902732,7.380812999696073e-05,4.3391038144410975e-05,4.4424139102026915e-06,0.00014757685136831402,7.558580453696422e-05
ydaT,ydaT,0.000844956507550573,936,0.00011364933521423684,1.944609372595804e-05,0.00015628131554983873,3.379901934458791e-05,5.186676966368594e-05,0.00014964145617650502,4.548207327349759e-05,7.184211386215474e-05,0.00017377028287271281,2.9178047867395287e-05
pinQ,pinQ,0.0008445777482027851,937,0.000315195428954235,6.523951836909148e-05,2.8278110654607746e-05,6.280830365046841e-06,7.556789942404456e-05,8.852927208431462e-06,0.00010393566556178105,7.576613369404719e-05,4.77670450958876e-06,0.00016068452946191097
yhbT,yhbT,0.0008431665641191019,938,0.00026454310324688647,5.52748226450676e-05,5.244394894192677e-05,9.826622923772608e-06,0.0001495631596118078,9.823201921613597e-05,5.581412853736707e-05,4.79138546871974e-05,6.702879950255138e-05,4.252610480638886e-05
endA,endA,0.0008430760760776999,939,0.00041672688985026907,3.7159977810176294e-05,6.506852050827138e-05,1.7436196890259475e-05,6.687303341166382e-05,8.519311834683706e-05,8.924981929633971e-05,4.399011403983599e-05,1.8024876599389667e-05,3.3535293246574524e-06
yfiC,yfiC,0.0008429904541104979,940,0.00032370640881276857,0.00013123891192177815,7.191628238221713e-05,2.6261647311620204e-05,1.437723685727654e-05,1.4753208299379208e-06,9.529025338870381e-05,4.459794494864772e-05,6.240965649811088e-05,7.171679115943686e-05
rseA,rseA,0.0008429447965370952,941,0.0003064423271350601,7.92652790453274e-05,2.901974713175907e-05,2.2810786558057534e-05,9.141590356317551e-05,4.7727055914838026e-05,7.856252339351578e-05,3.705267594356537e-05,9.469238500706164e-05,5.595611284473476e-05
kil,kil,0.0008427734959183588,942,0.0001748215079715044,0.00022835240938032917,7.640386179963606e-05,4.362317612986388e-05,4.190585398220238e-05,8.616379880430918e-07,0.00015157482043912438,8.530956669958045e-06,9.430180942651836e-05,2.239746213117911e-05
rhaS,rhaS,0.000842551759234416,943,0.00044671768825771104,4.01027633659643e-06,3.958522792462187e-05,8.729078211158234e-05,5.385871602241642e-05,1.034029593118266e-05,6.960579061161645e-05,0.00011544203470416438,1.2287980313945157e-05,3.412967020579198e-06
yidF,yidF,0.0008424650723729806,944,0.0002013276712496424,6.023378103651163e-05,6.9055274800587925e-06,4.806890427550987e-05,1.894967752242218e-05,2.9245653630391093e-05,4.35109887607849e-05,0.00011325632037015386,0.0003079874172304164,1.2979130817089397e-05
insH-6,insH-6,0.0008422407785194925,945,0.0003809690066371459,4.3450573850092417e-05,7.151673673609512e-05,5.883927096184329e-05,1.582906653582677e-05,5.7207941897410554e-05,8.572913915825101e-05,3.23843198925063e-05,6.9194616144607e-05,2.7120106705714307e-05
aaeR,aaeR,0.0008416067562153958,946,0.00033243281570998265,5.567398903828349e-05,2.6371096921733523e-05,3.496400546750156e-05,3.887367395064894e-05,2.864351833939695e-05,0.00011343966309109586,2.9268986985688286e-05,0.00012055388808834388,6.138511862272068e-05
araF,araF,0.0008414476631625424,947,0.00023695270574168397,1.77178018229931e-05,0.0001478840840468553,4.716031113865354e-05,2.1917267563364657e-05,0.00010955346975670918,9.088471961429892e-06,6.055585883123105e-05,8.120845127211272e-05,0.00010940924102750891
potA,potA,0.0008407869551195124,948,4.3098283695059645e-05,0.00015414233546764096,9.483056373686337e-06,0.0001420324252150987,0.00011701509191902941,5.157803279080304e-05,3.487638421086453e-05,2.335556735509554e-05,0.00016283858781841016,0.00010236719027382415
guaB,guaB,0.0008407346040936285,949,0.00022948782468834646,0.000170610741117914,8.212791905780522e-05,6.757500343683459e-05,4.501860951049765e-05,5.3281666366744655e-05,5.124348513465494e-05,8.211178910574189e-05,1.9411399068541167e-06,5.733642576823502e-05
pqqL,pqqL,0.0008406679859655062,950,0.0003563179755021013,0.0001093374701809897,9.516752090068179e-05,2.909500140248081e-05,4.194801451928008e-05,2.9319314414512155e-05,0.00010348535185167741,1.5230897827950483e-05,5.461930127704058e-05,6.147138088791898e-06
yhhH,yhhH,0.0008404575345426334,951,0.00010662379308736626,0.00010881311439939427,7.683179640475056e-05,3.733969955257201e-05,0.00015603819315482072,2.1445954350959362e-05,4.08246712908304e-05,0.00011054417992610878,0.00017075484550068716,1.124128687514378e-05
asd,asd,0.0008402823132172085,952,0.0002911092014704529,2.2915854060295484e-05,7.063306950357708e-06,7.543796584065405e-05,0.00014104444974945426,3.95422675299106e-05,8.705355928804645e-05,8.530011887423102e-05,6.327821640046706e-05,2.753737305333884e-05
nrdI,nrdI,0.0008401410092693467,953,0.0002293765684599001,2.5733431400028336e-05,0.00010651374125016467,0.00013059466084492107,9.417384304897351e-05,3.987631646013441e-05,1.264917213989857e-05,0.00010935272155709216,4.743743690756085e-05,4.443311720067294e-05
exuT,exuT,0.0008401327741611691,954,0.0003474052094508645,3.5399025345600475e-06,7.101104646844221e-05,2.2755011486080504e-05,6.615744414732415e-05,0.00013306170210844394,4.6273346977362345e-05,8.800423394797874e-07,9.352583456273309e-05,5.552323408587863e-05
yfaL,yfaL,0.0008398341919461782,955,0.0003334414920624274,5.7103268609893475e-05,5.9223451257312996e-05,1.8591599328217187e-05,8.548216911659972e-05,2.8961143584022113e-05,0.00012799787750295935,8.259292773771423e-05,3.936828216583983e-05,7.071980581191712e-06
gpmI,gpmI,0.0008397329316438074,956,0.00016731110234405346,6.990859427513688e-06,0.00012239682358641262,3.226091192466134e-05,2.7142495176877277e-05,0.00019893733284129616,6.231120731173094e-06,0.00016354458982627986,8.24609140865433e-05,3.2456781698996496e-05
mazG,mazG,0.000839646225442338,957,0.0002572736149654454,3.3418575943165404e-05,8.318344043017678e-05,2.734793067034098e-05,8.975634295838439e-05,0.00011000428369912117,8.85466915272923e-05,2.3965517213635187e-05,4.951831244796172e-05,7.663151558681455e-05
ygaM,ygaM,0.0008391914123408203,958,0.00032276805345003094,0.00012240860054582787,7.58281370495293e-05,6.179178609206921e-05,3.432991787868601e-05,1.3370166444948126e-05,8.112914912175024e-05,2.006275919392584e-05,0.00010500899084253414,2.4938517215186667e-06
rpoD,rpoD,0.0008387237801492408,959,0.00017499242488658277,0.00010829431423171688,4.4339747898114584e-05,8.038867257810035e-05,0.00012617434715645528,0.00011774418856679939,0.00010513114846479843,2.610670808509046e-05,1.4758146398887887e-06,5.407641364169388e-05
hpf,hpf,0.000838425926575219,960,0.00021528299255771518,3.927287273995583e-05,9.979823002775537e-05,9.784844157650781e-05,7.569109731082107e-05,0.00019079616652104006,6.039469677783238e-07,9.122163926658679e-06,2.082228511046876e-05,8.918772983651783e-05
yoaE,yoaE,0.0008379615309760164,961,0.0001405084698699815,2.6056455467966703e-05,8.945034878790183e-05,5.5037859410651735e-05,0.00015654582037813263,0.00011950766633313039,4.390937933315302e-05,0.00011986923203433998,8.644525727523899e-05,6.310420855197205e-07
motB,motB,0.0008373178567016954,962,0.00016037930853940075,3.901674119336364e-05,0.00014777433407864166,5.288595704287732e-05,8.135050806703496e-05,0.00010995681582186489,4.3825922941609804e-05,2.60439292235745e-05,0.00016944914868743152,6.635191105896462e-06
dmsD,dmsD,0.0008366749684505603,963,0.00035056351750579665,4.753058431736494e-06,0.00016908197025376545,4.452401671239159e-05,3.403464713748758e-05,7.035301392495342e-05,1.1470897533959966e-06,7.908830008218051e-07,0.00010174752601448101,5.96792457157304e-05
ftsY,ftsY,0.0008366144535479339,964,0.00020385144913276034,7.213355592664006e-05,5.0596945462522707e-05,0.0001577419933286844,7.555457029008974e-05,1.1861932093018285e-05,0.00011662108663023476,3.9879319233448604e-05,3.877402416818703e-05,6.959957728234782e-05
aaeB,aaeB,0.0008355960059589506,965,0.00027929890197798897,7.0751768825616e-06,5.628201138451287e-05,1.161755461692715e-05,5.124656641900653e-07,8.713652578661248e-05,0.00015241172795973294,0.00015725338262811815,5.462371441943946e-05,2.938454463886699e-05
ydbH,ydbH,0.0008354574297991838,966,0.000463202672863762,5.14898471882477e-05,6.89886639501059e-05,1.4905148093017405e-05,3.3882565707785756e-05,0.0001335690988813886,6.209259416629662e-05,1.5589711904420306e-06,2.4793182709325686e-06,3.2885494872052395e-06
tauD,tauD,0.0008354077439520186,967,0.0003722835036706501,1.0852503699332922e-05,0.00010119001771140543,9.063714104897498e-05,0.0001134984340547853,1.7533154708236456e-05,6.562966346467733e-06,6.964321496771211e-05,3.538355019740823e-05,1.782325754704531e-05
yrbB,yrbB,0.0008350233157530184,968,0.00019574649838316767,1.1979313001287651e-06,1.841978292794727e-05,9.774336460943547e-05,0.00011758690075292736,9.486684960381663e-05,0.00014928624416900172,2.6303300810341804e-05,5.833393529398114e-05,7.553850790227053e-05
rpsU,rpsU,0.0008349752093136018,969,0.00018416683065397481,6.2190791638233e-05,2.3234236844763245e-05,7.588186062816882e-05,6.53918365554866e-05,5.903283963010499e-05,1.6925033669105642e-05,0.00011462025840300949,0.00019109634286171954,4.2435178429035655e-05
gltK,gltK,0.0008346932548780563,970,0.0003416867193211263,8.858957877535688e-05,3.7599345066787844e-05,1.9923983089397085e-05,3.648126671108584e-06,0.00012965336697346865,0.00010252540950779594,4.1067346246395486e-05,8.771291517255972e-06,6.122808770936361e-05
arsC,arsC,0.0008344038760475164,971,0.00032024480171148276,2.3826322625320023e-05,0.00011253195808110429,0.00015793920535668923,3.122474186642065e-05,4.459004786507797e-06,3.776964890337081e-05,0.00012830363329190467,3.0542327607296733e-06,1.5050326663986358e-05
ttk,ttk,0.0008342628344933367,972,0.0001277868173329298,0.00013486412857979717,0.0001641959284407861,2.3553595975287502e-05,7.747228546575888e-05,8.034271063531947e-05,9.201868200614287e-05,7.836322591005784e-06,6.37042092642627e-05,6.248815420204659e-05
hyfB,hyfB,0.0008331643816063176,973,0.0004275672481724745,1.792602720928896e-05,3.930345134394592e-05,0.00014464627708171072,6.066503365304267e-06,7.519130854539941e-05,3.276916941720168e-05,1.9874884603301163e-05,2.7446763783073837e-05,4.237274808461704e-05
csiR,csiR,0.0008330593935813803,974,0.00022618015912841642,0.00015172803935441972,6.65631508187736e-05,4.232576777859658e-06,0.00015360861021577275,3.518543983561572e-05,5.9057861847971056e-05,9.59744803690824e-06,4.259735931534992e-05,8.430874825029332e-05
map,map,0.0008328022878985339,975,0.0001416297481466459,5.1949201772423944e-05,0.00014455220164538325,0.00018299589628970647,5.5820867236224664e-05,5.694688029914147e-05,0.0001056662988615232,2.531862777315614e-05,6.630658576117463e-07,6.725950001671702e-05
fadJ,fadJ,0.0008325334095918988,976,0.00041201425303425066,2.8766903252787878e-05,5.249525105961765e-05,1.972105935495468e-05,2.1397108456175422e-05,2.6991448724862446e-05,0.00011366921203791835,0.0001329761449259907,1.2121118701842562e-06,2.328991687515685e-05
rpsF,rpsF,0.0008320573756860442,977,0.0003991695268588448,8.556062614930383e-05,7.515787410490041e-05,1.6324922872965783e-05,5.5552882857740364e-05,1.4632850810418017e-05,1.616333397181277e-05,2.91068685529618e-05,0.00011787466397438066,2.251382553271566e-05
ycfH,ycfH,0.0008312551399950298,978,0.00025083974066152353,5.695025286014492e-05,0.00011781151618752594,4.3239472438929114e-05,0.000147113738925592,7.86377533966125e-05,3.3790062862333035e-05,2.2720741813968152e-05,4.850285605657179e-05,3.1649004791828794e-05
ascF,ascF,0.0008307653438977265,979,0.00022971967259695732,1.3743521532133481e-05,6.731329493771795e-05,1.5740973964176389e-06,0.00018127022283923565,7.514716413587806e-05,8.256221119241412e-05,6.138155325309032e-06,6.198844275846336e-05,0.00011130856118319976
dedD,dedD,0.0008302846234433052,980,0.00027624407991640784,7.406000988732576e-05,6.990919778656525e-05,7.81453763292419e-05,4.199175342073355e-05,0.00011398946159373332,4.3617273708668875e-05,2.9011447798700316e-05,4.240145610004584e-05,6.091456690188258e-05
ldrD,ldrD,0.0008301676975882826,981,0.00025001832311440716,1.1356286877185545e-05,5.846141675157833e-05,6.184133838459517e-06,0.00015968895435868518,1.3569622194146785e-05,7.392527463202961e-05,5.7726238563560646e-05,3.801154614100042e-05,0.0001612259011172294
atpG,atpG,0.0008294654524054805,982,1.0971853588139838e-05,9.339544414132984e-05,8.448029155920913e-05,0.00014776423016215349,2.273010746393767e-05,7.635488866984954e-05,0.0001832987202026269,1.9906143508041197e-05,0.00011565060948812393,7.491316362206904e-05
ycdK,ycdK,0.0008292962918875836,983,9.359434297962192e-05,6.826591419517183e-05,5.9402487522625966e-05,0.00017530726712038083,5.8647757856357743e-05,5.879369431708777e-05,0.00016574106219915288,7.128696538134078e-05,3.521308441397536e-05,4.3043715901868624e-05
nrdD,nrdD,0.0008290084300543243,984,0.0003040216597574089,6.222261639860303e-05,6.25922413240909e-05,0.00011477885648932763,8.38257359191099e-05,3.714342414057159e-05,5.0700000511447356e-05,4.17647690014144e-05,4.537073523528302e-05,2.658839127706765e-05
livJ,livJ,0.0008286336058717345,985,0.00033044375429543306,2.4097742287406122e-05,6.629472750496313e-06,0.00020948954541485582,0.00012427669284345984,1.751671234861545e-05,2.724727423699775e-05,2.708233889653694e-05,2.1487920518060664e-05,4.0362152279872425e-05
ypdC,ypdC,0.0008278503734508878,986,0.00014342393979983054,5.560507266507433e-05,0.00017447095272702585,0.0001408024866888461,6.317825509088737e-06,8.322251642137601e-06,0.00013710357754424034,6.5811849902544315e-06,4.3455662270267824e-05,0.00011176741961412206
yjbJ,yjbJ,0.0008278431182208872,987,0.00038964835457433233,2.921310044615978e-05,2.2674435198186702e-05,7.117850117088447e-05,5.9668045003570523e-05,5.5497576357496737e-05,7.88860211862095e-06,1.7093113138898244e-05,0.0001301771248828154,4.480426532992201e-05
osmC,osmC,0.0008277399492159939,988,0.00021782316816888243,3.765376780195985e-05,5.565353665488571e-05,7.932085607887822e-05,0.000139666440052545,0.0001482935271845988,2.5904166902098317e-05,2.6249519575740612e-05,5.147639581684272e-05,4.5698570979562244e-05
ybhL,ybhL,0.0008275121214980958,989,0.0003474966559945859,4.005897251962435e-05,7.0369866906014005e-06,9.315387535604373e-05,5.322070578820703e-05,3.385670198093968e-05,0.00011694228267685989,3.612412858296807e-05,8.520891932774429e-05,1.441289258052149e-05
wcaA,wcaA,0.0008270778849073851,990,0.00015186727763419827,9.162160889214474e-05,9.088293954071703e-06,9.609933745164866e-06,3.3788526729037315e-05,0.00010399479881606373,6.718940438758343e-05,0.00015484900343194248,0.00012694525714226316,7.812378017491538e-05
uxaB,uxaB,0.0008268977948497186,991,0.00039795535085815397,0.00012181797894512223,3.347822668846394e-05,1.2928752921774827e-05,4.913145051949003e-06,2.9089322552226067e-05,3.634212137438799e-05,0.00012256322049338916,1.3256717126817423e-05,5.455295883743399e-05
tauA,tauA,0.000826888131319677,992,0.0002373141778150353,2.8149815849076164e-05,0.0001144482823990217,8.756979918552585e-05,2.1085154421916584e-05,1.8661826301826915e-05,2.7103897221752102e-05,0.00013373772705155528,0.00011186608041903739,4.6951370654929836e-05
argI,argI,0.0008265027498327087,993,0.0002545421796952392,7.330471060010956e-05,3.201921775404696e-06,5.5816569659870974e-05,0.00013341537880967802,2.9516984411233113e-06,0.00015132573075443025,3.4480663674026206e-05,3.383314727523507e-05,8.363074914759132e-05
gspA,gspA,0.0008264730968482891,994,0.0003888864033078688,2.7902667238677316e-05,4.74730256877264e-05,9.127283160208327e-06,8.983806093307101e-05,3.1071051652006526e-05,8.395713572245969e-05,6.063242853121037e-05,2.399836598425528e-07,8.734505695521825e-05
yjdJ,yjdJ,0.0008264085038393838,995,0.0002800868053332407,3.422754442111141e-05,7.92665997583574e-05,0.0001407355930353074,5.322288874864645e-05,9.138075432229383e-05,2.101864547951974e-05,6.854341192585859e-05,2.278131572492002e-06,5.564812924255634e-05
ansP,ansP,0.0008261067768033453,996,0.00017637995595949808,7.670844767129437e-05,0.0001589741746377977,7.050196873566485e-05,2.589658225360821e-05,0.00018619232755472904,6.834890074640603e-05,4.206610145616204e-05,1.2575487813508021e-05,8.462829974676832e-06
zipA,zipA,0.0008257987023152725,997,5.705884045602576e-05,0.00021774722425374433,0.00011111658231634706,7.89916376957685e-06,8.627872991227617e-05,9.964105512568833e-05,6.988369884027297e-05,7.330582024385435e-05,1.2744349681483456e-05,9.012323771600327e-05
umuD,umuD,0.0008255019972667373,998,0.00025001595528468146,6.264947278233089e-05,4.329973357182797e-05,6.55727114443251e-05,1.5877635242536816e-05,3.90545025732582e-05,1.1566673447224941e-06,0.00011051730858860995,8.19250831813277e-05,0.00015543292725311674
gloB,gloB,0.0008252502893846052,999,0.00035377822027040344,8.621856752925752e-05,8.222622547969829e-05,8.73932158659048e-05,4.970966847766086e-05,3.2004368087467143e-05,8.891251437074847e-06,2.409379268495134e-05,3.496733606877742e-05,6.596764348340953e-05
yfcO,yfcO,0.000825188142147395,1000,0.00037042465689600325,6.825522503599982e-05,0.00019951248178792487,2.9195281595941353e-05,4.915419492901071e-06,2.2715412129236478e-05,2.1209894250585555e-05,9.248390521177702e-06,3.726103910927636e-05,6.245034132834847e-05
ycgB,ycgB,0.000825033943989302,1001,0.0003924443464341895,9.127607412328998e-05,0.00014809993845786804,1.864506292825086e-05,1.7375542345350676e-05,4.9835986144539e-05,4.168508235895636e-06,5.830567188599823e-06,3.3163913252302985e-05,6.419400487901542e-05
fixA,fixA,0.0008247867379259976,1002,0.00019374355833351792,4.145184735726341e-05,9.410870386587143e-06,5.653527698593318e-05,1.690746046554784e-05,0.00012913938446978092,0.00011313491967233783,0.00016826700454065127,9.201311424209301e-05,4.183301472285143e-06
ygaZ,ygaZ,0.0008245687522427097,1003,0.00015474674044800406,4.786186553409943e-05,3.0736724246431746e-05,0.00017243463291503967,0.00012378754630190943,1.8861842961670487e-06,4.394956049852137e-06,0.00021263260568370226,5.827266785742965e-05,1.781482891007422e-05
sdaB,sdaB,0.0008236176808454359,1004,0.00030219634397529965,2.3406391692865255e-05,4.931597728111934e-05,0.00010024284140085863,3.0355724210252446e-05,9.926598486815194e-05,0.00011358406348708653,3.378371997853025e-05,2.9617266724349978e-05,4.184936722692192e-05
yebR,yebR,0.0008228227449308192,1005,0.0003548815881408414,2.717338663564178e-05,6.500878923303548e-06,0.00010186951552392328,0.00010161057220376848,1.7587735723234244e-05,3.948212857871911e-05,2.842146243495941e-05,8.119441986573262e-05,6.410105690069533e-05
yfgC,yfgC,0.0008227205686860547,1006,0.00016804682789193644,5.7639547862557494e-05,9.390673243518315e-05,4.9839924616932154e-05,9.798648804614333e-05,2.037004242584104e-05,8.704971465209911e-05,0.00011244562648674582,8.590158531428218e-05,4.953407895433417e-05
cobU,cobU,0.0008224038458066513,1007,0.00029860838899969634,9.442813406448012e-05,2.8634831715557998e-05,4.850054039706444e-06,0.00011942155783356671,4.280628999812253e-05,3.117126654087522e-05,1.926252703908252e-05,0.0001168032138842329,6.64175816913304e-05
glcF,glcF,0.0008223784036632658,1008,0.00026528251225598973,6.44937680443692e-05,3.934703284731054e-05,0.00011542557322489363,8.81087461409674e-05,2.9118147755500606e-07,1.3854418350636727e-05,4.890643870442974e-05,0.00018618401164836775,4.84720968746059e-07
flk,flk,0.0008219499149190953,1009,0.00026512184222652994,7.456102098748178e-05,5.330247935191773e-05,7.921422807150236e-05,3.012939475086369e-07,0.00012258429984192385,8.927141731737616e-06,6.497487367692181e-06,4.909630103578085e-05,0.00016234382035702037
gadB,gadB,0.0008216301375827317,1010,0.00026521666941743135,1.4560282541924047e-05,4.9101837887840765e-05,1.820725273743549e-05,3.963729238573245e-05,8.274355987011472e-05,1.0519306482015448e-05,0.00010671822207236045,0.00014825805800636112,8.666765618151596e-05
parE,parE,0.0008216163027452492,1011,0.0001953916105396445,2.1042144363732366e-05,0.00023389867482607828,5.751481278464308e-05,7.753554991744498e-05,5.40470869319951e-06,0.00010540988205487434,5.734456426453579e-05,1.2917347899671863e-05,5.5157007401424424e-05
ybjL,ybjL,0.0008214212615369466,1012,0.00043551195317102174,6.120192627394196e-05,0.00011341643439639985,2.2138793738909025e-05,5.403551376284169e-05,8.995379650792887e-05,3.4976124034689914e-05,4.8355488333637466e-06,3.2505425934877646e-06,2.1006282243622986e-06
rsxA,rsxA,0.0008208978644449923,1013,0.00022300359739113032,0.00017470278067609234,4.3429118966879066e-05,2.291824671821143e-05,0.00012607410488739342,1.3557487696101237e-05,6.219551181655932e-05,2.5461722252184298e-05,6.213657086412443e-05,6.741872317631622e-05
cysS,cysS,0.0008204577339775377,1014,0.00021746687379932506,0.00010274183219967851,0.0001193167488943677,0.00011285700792259641,0.00010368944873837651,4.1169075172742595e-06,5.308913345706166e-05,3.573093349670679e-05,1.239096182385975e-05,5.9057886128291045e-05
ynfF,ynfF,0.0008200400822797228,1015,0.0004467587947132163,4.004134479669204e-05,1.1778747006620004e-05,2.8921076258135382e-05,5.773930655961491e-05,9.57424018606759e-07,5.1929181848295154e-05,7.376688832212156e-05,8.12467633489987e-05,2.6900555407422087e-05
csrA,csrA,0.0008200224912844583,1016,0.00021677654178858604,2.4718053916389512e-06,6.295294467700859e-05,0.00010553363729616293,0.00016388386641312804,5.40807343476698e-05,1.4101848219935267e-05,9.514934298770263e-05,1.4293544786952136e-05,9.077822537567403e-05
htrE,htrE,0.0008195802186930984,1017,0.0003515792073510376,7.228702308699808e-06,4.660451396004568e-06,8.912371586987813e-05,3.707248951814405e-06,9.209786296365348e-05,1.2926339292859343e-05,5.321492465753482e-05,0.0001873995976684215,1.764216823319483e-05
ptsH,ptsH,0.0008190293269819044,1018,0.00022543113799199818,0.00014379461808025797,1.8917226638523167e-05,4.869228292998536e-05,4.589204234728165e-05,3.918809305065314e-05,9.37932451240029e-05,0.00012309773069508697,2.247636566915959e-05,5.774658445495549e-05
gidB,gidB,0.0008185736051325873,1019,0.00036568602511039287,3.9022322586322495e-05,9.805803347864502e-06,0.00010732146460043675,0.00013761337429007696,2.2322275957224016e-06,3.852916855125887e-05,7.926422384966016e-06,5.101150466314013e-05,5.942529200240634e-05
gpp,gpp,0.0008181670879833715,1020,0.00019002991436009218,1.972703260156912e-05,5.641666771197767e-05,0.00011892132943848481,6.214577595759051e-05,0.00013042241494974857,0.00014790203634032782,7.363840941147941e-05,1.2709124842832386e-05,6.254382369268874e-06
yieG,yieG,0.0008180661973823848,1021,0.0001899453133538902,2.724095503718059e-06,2.8156576026677047e-05,0.00019111595245500465,2.693826671469109e-05,9.196654802892127e-05,4.5298680028898974e-05,0.00016136254663247547,6.250847740842398e-06,7.430737089726558e-05
yajL,yajL,0.0008176393662141391,1022,0.0002423835866248663,8.115716464132421e-05,3.3510716185916245e-05,0.00017846399420482918,7.883916338991211e-05,2.9490538102851944e-05,3.789802157810159e-05,3.941674687156611e-05,5.9674548485853075e-05,3.6804886128918285e-05
trpS,trpS,0.0008176137242035668,1023,0.00040614269362984715,6.044150887146362e-05,5.062195100656493e-05,1.7789907731509715e-05,6.041801403663984e-05,3.800004569420199e-05,7.827304005175804e-05,4.514558352694996e-05,3.949705520124293e-05,2.1283924453388666e-05
yafS,yafS,0.000816432024300074,1024,9.889060533504457e-05,2.3963881195916307e-06,0.00012436933360776442,1.5055570030214832e-05,4.7735007763640855e-05,1.0442132045119592e-05,0.0001574984180300018,0.00019267538847178442,2.4581610208233583e-05,0.00014278757068867819
fadA,fadA,0.0008161521445866922,1025,0.0003262269778863702,2.144485502194602e-05,2.0206152689602464e-05,4.5658797986766535e-06,0.00013124300538917244,3.4258206674263806e-05,9.160809259636618e-05,1.609427880887465e-05,6.215123467557103e-05,0.00010835346104584877
pheT,pheT,0.0008158861520393526,1026,0.0001850261031674608,0.00010717578131385751,5.8592675814256666e-05,2.0255765799246104e-05,0.00015054519543635455,5.1943245283176075e-05,5.275222181379581e-05,1.3174300832158712e-05,0.0001727623732212194,3.6584893578269663e-06
kdsD,kdsD,0.0008155205433393622,1027,0.00018845298268619208,0.0001800778940776763,6.38723651521751e-05,1.9907974229817093e-06,7.285681018419506e-05,8.500013998136985e-06,1.302572946891592e-06,0.00015518167625373197,0.0001025568514208764,4.072857919650515e-05
cysH,cysH,0.0008154495602982853,1028,0.00029699873343171074,2.5419739588252893e-05,6.109484340730447e-05,0.00013560586612272054,1.8064648082480991e-06,6.0936486228188965e-05,9.945855022086085e-05,2.661085298698371e-05,9.723500166645193e-05,1.0283021837563121e-05
manX,manX,0.0008151489249173585,1029,0.00018390661686239936,3.9360515797203325e-05,3.283513868880639e-05,7.849898014358826e-05,0.00014587013708115465,4.616870340144514e-05,6.757110843896761e-05,1.7799697551560574e-05,0.00016089855933862585,4.223946761360747e-05
yicC,yicC,0.0008147016591078696,1030,0.0003186932028198669,4.965490141438953e-05,6.932974624336174e-05,4.676848905959344e-06,0.00010798899083801694,4.21040293907144e-05,6.185858450418623e-05,5.679414869912936e-05,1.3033090770114014e-05,9.056811552213097e-05
fdhD,fdhD,0.0008144539435628221,1031,0.0003956244626554092,2.2234297148777593e-05,5.1453157552451e-05,8.116754568386355e-05,7.389211385221713e-05,3.116472342341029e-05,3.173165048709854e-06,0.00012269572707918479,7.541408299273403e-06,2.550734281952538e-05
ydcQ,ydcQ,0.000814410778053195,1032,0.0002369099179467745,4.2063741008240384e-05,0.00022360380766725383,7.28232494627204e-06,2.3236780248529424e-05,0.00012618776012450242,1.6349792873042204e-05,1.279316662030549e-05,2.7552861712082e-05,9.843062490619259e-05
wcaC,wcaC,0.0008129154193511791,1033,0.00010767585882523429,4.378101297471558e-05,7.750192413841913e-05,9.734904463272951e-05,3.643429960911697e-05,0.0002308029655344149,5.2910421127912565e-05,8.818269768386136e-05,6.080389855145581e-05,1.7473296273318955e-05
ymfO,ymfO,0.0008128459482958424,1034,0.00010163128006960147,3.440270663874525e-05,0.00013638532749337721,5.925310159479879e-06,6.417022752464445e-05,0.00012003706562430973,2.009939996623611e-05,0.00017891592274736206,1.8942180557350012e-05,0.0001323365275147364
yodD,yodD,0.0008125876011356943,1035,0.0003240934769149949,2.7418674616233885e-05,0.00010341760883967617,3.556063750286397e-05,0.00015141776913945955,5.7369000812938196e-05,8.874078677583679e-05,5.954751516770678e-06,1.4272106403321856e-05,4.3427886135982994e-06
nirD,nirD,0.0008125488809609604,1036,0.00023375800174095708,0.00012148945152000276,6.410961590885882e-06,5.9409917727959944e-05,0.00014441334274104459,1.4949730914122374e-06,8.816244555174348e-06,5.705690325178803e-05,0.00015255812806619405,2.714095667554145e-05
yliG,yliG,0.0008118555396816173,1037,0.00038969716374212386,1.2778400243078416e-05,2.601008515758283e-05,1.9417029523803535e-05,5.103875416405011e-05,3.1153104172749546e-05,0.00010809930192974094,5.7082525931140056e-05,1.766607814211681e-05,9.891309667523111e-05
trkG,trkG,0.0008117834831701601,1038,0.00036756525721553054,4.245422539513021e-05,2.849787025417964e-05,5.641249507580746e-05,6.212962981514078e-05,1.016667126216727e-06,2.394870512614251e-06,3.352395457237266e-05,0.0001541895216044499,6.359899159871789e-05
gst,gst,0.0008114522041669727,1039,0.000257535339665995,3.6283448583966615e-05,5.3446247612157154e-05,0.00010781139432096865,2.2356582157523442e-05,3.804868242225579e-05,0.0001059480519117597,1.7563271943954874e-05,8.393045397317579e-05,8.852873157521572e-05
ycjR,ycjR,0.0008105013025529116,1040,0.0002947622263600152,1.377681926980731e-05,8.285028568165407e-06,1.6500220726536567e-05,6.045235551636658e-05,0.00012496707332483863,9.503889282067223e-05,9.724980338526213e-05,6.957004092136955e-05,2.9898841659877976e-05
rpoH,rpoH,0.0008100002700538413,1041,0.00014296739692582942,9.326790166681702e-05,0.00023328902195725716,3.0199103266003523e-05,3.1198544915969086e-05,2.7332259278558485e-06,3.188480008323318e-05,2.2738235419804742e-05,0.00015318966551037866,6.853237438069263e-05
rfbA,rfbA,0.000809868682206986,1042,0.000262178794499499,1.8528155573144234e-06,4.5129229224942516e-05,5.7585890406579704e-05,2.840570842159138e-06,7.1610846286244645e-06,7.505064577566726e-05,0.0001821577672656087,0.00011044508004705052,6.546680395954028e-05
pepD,pepD,0.0008096177067015949,1043,0.00018614808549729316,1.9518209505681284e-06,7.451676765857582e-05,4.963685506053467e-05,6.645934097794035e-05,9.901705911864521e-06,8.047295488441787e-05,0.0001646563584491716,4.310057516191794e-05,0.00013277324214931073
codB,codB,0.00080660357731801,1044,6.472873929663615e-05,0.0001234349174591413,0.00020130962700666083,2.970170737414759e-05,7.014443599322706e-05,0.00011647268029196522,3.2808053420378494e-05,2.277920376254918e-05,0.00013241747595590649,1.2806736757397778e-05
ybaA,ybaA,0.0008064257246408027,1045,0.0002836861698422552,1.3888047117002926e-05,1.0322639398792498e-05,3.621215950974277e-05,1.3701761744105052e-05,8.212779814223173e-05,5.555508112718249e-05,4.934697545603121e-05,0.00016333714109900406,9.824795120445483e-05
recO,recO,0.0008063991030256639,1046,0.0003143975619969853,4.439276057895942e-06,4.824666928414305e-05,0.00010309063575739899,7.884229914809345e-05,0.00016311246821226738,1.8384187174605512e-05,2.171549196189785e-05,1.357670366975979e-05,4.059380976261651e-05
glnP,glnP,0.0008054870875785169,1047,0.00012610615045120923,6.0179616142309354e-05,2.6817309477055596e-05,9.150938628612893e-05,7.887779376586792e-05,0.0001635615261205039,3.2179407507209195e-05,2.831132504003572e-05,0.00011343240919866407,8.451216358953292e-05
rrmA,rrmA,0.0008049522635171745,1048,0.00026891628511226546,1.7574696295995886e-05,0.00012914958009575277,6.936459200461964e-06,7.094643498938198e-05,0.00012356726574028537,4.4831124833704766e-05,9.058552410544971e-05,3.1773769269379915e-05,2.0671123874496858e-05
ydeR,ydeR,0.0008046464932928088,1049,0.00013756259949983357,0.00010945317105251971,2.8441162011879746e-05,4.0638699543587905e-05,7.366587361482377e-05,9.31924689630469e-05,0.00021635961117719594,3.34702318386905e-05,2.019628677548854e-05,5.166638881574232e-05
envC,envC,0.0008046329359730565,1050,0.000407060614742709,2.180155734982966e-06,9.419940684930994e-06,8.49728188407782e-05,1.0441354160501831e-05,2.4502297039131895e-05,0.00015507017328919985,3.8408841260188644e-06,1.0943777582975578e-05,9.620091977182737e-05
ybbB,ybbB,0.000804487854796829,1051,0.00018362267667135118,6.35212920737511e-05,2.0147918731354105e-05,5.384055329821701e-05,0.00013493719305695086,5.674498421886991e-05,1.2834162716820333e-05,0.0001172810184515892,0.00013134470321016337,3.021335236776196e-05
hupB,hupB,0.0008036821278902376,1052,9.48548560114429e-05,0.0001555993037482764,8.306558906151592e-05,3.0091941940235584e-06,1.7226224756260726e-05,0.00010191041455272528,0.00011712001109765168,8.75478468653549e-05,9.085609508254442e-05,5.249259252044191e-05
ydcM,ydcM,0.000803160834794015,1053,0.0003157701424711691,8.10322899236087e-05,0.0001266288859668119,4.355034359553954e-06,4.1352619535246365e-06,1.775665358251529e-05,8.746615784637066e-05,9.0178364063808e-05,1.2904197588943981e-05,6.293384703770865e-05
ycfK,ycfK,0.0008016712774041659,1054,0.0002703840793736631,3.849518020286787e-05,3.776584517946085e-05,6.30810339660647e-05,0.00011944309273444324,5.1928470090887e-05,7.225215802535825e-05,9.529605953177648e-05,4.158801068115841e-05,1.1437347618485938e-05
rfaG,rfaG,0.0008016696338744,1055,0.00013908208658185012,8.142416604057725e-05,9.247413877502235e-05,0.00013014023010801305,5.9873454812137415e-05,5.129417839999302e-05,8.567630189608648e-05,9.635501067816364e-05,3.3558521631784e-05,3.1791544950772565e-05
garL,garL,0.000800805509930946,1056,0.00019937343053331056,0.00011285106895992313,0.00012450593703781986,6.610709453158373e-05,1.847988851118517e-05,2.975791873980407e-05,3.340346209700542e-05,2.2192936677839093e-05,8.316054926035611e-05,0.00011097322358211877
fsr,fsr,0.0008006966827822755,1057,0.00037454598934713156,4.035881705314235e-05,4.525850479734095e-05,1.1327171944853548e-05,3.4660141163815775e-05,1.6175160022500845e-05,5.372673970486461e-07,4.90596992738318e-05,0.00013487523126467355,9.389870051793647e-05
gntK,gntK,0.0008006039967513545,1058,0.00023514164903240878,1.2498046148092193e-05,6.934487367671126e-05,0.00014039300987356688,0.00010155455588738956,1.4297798802050317e-05,1.0653589544540762e-05,2.7973734161658717e-05,7.060739206982193e-05,0.00011813934755511408
yhiM,yhiM,0.0008005894782104854,1059,0.0004136465325900645,2.9135801679063352e-05,6.494728887805541e-05,4.6114007683545016e-05,3.194916899845483e-05,2.249162002130845e-05,3.130909829320568e-05,0.00012447847462625865,4.69589051854693e-06,3.182159492198254e-05
ynjC,ynjC,0.000800354474885365,1060,0.0003069147593390075,9.755119347922696e-06,2.1957912438746487e-05,3.152140214730635e-05,5.4527236248558214e-05,6.737003755683073e-05,6.258578246125735e-05,0.00017677016012027455,5.2592059290939e-05,1.6360005934522174e-05
agaC,agaC,0.0008000555915757488,1061,0.0003235463812694109,4.989747390455972e-05,4.9031673452735336e-05,9.598799628008884e-05,3.3697333319964734e-05,1.9650734458240933e-05,3.443386753698622e-07,5.3188833517299546e-05,0.00011921338278937042,5.5497443908708566e-05
aroD,aroD,0.0008000290822247212,1062,0.00038360677509571107,1.9133937141722017e-05,0.00011496609361601903,6.446741878303203e-05,5.696628122456284e-06,0.0001472993840056685,2.44591197318588e-05,7.036761427603332e-06,1.999206976915535e-06,3.136375732373446e-05
yjdK,yjdK,0.0007999663882481577,1063,0.00030339085828528714,2.84008358512467e-05,5.9518068331249637e-05,0.00011855828977901688,2.3660656531139116e-05,2.6381249275426097e-05,6.864953221850339e-05,2.8481518366696356e-05,5.917033484147423e-05,8.375504476811832e-05
ycjF,ycjF,0.0007996279298783198,1064,0.00017201130174173836,9.328820329109479e-05,1.2809888703831637e-05,2.257876193935348e-05,3.561728054286338e-05,3.253273096924587e-05,8.059099946224102e-05,5.831418338303941e-05,0.00017460989148409064,0.00011727468836082112
yadR,yadR,0.0007990133638504507,1065,6.008097347631534e-05,0.00012516857004930322,2.0986280417063636e-05,7.087066917080242e-05,2.7783673248070047e-05,6.738797447412082e-05,0.00011806940387389342,0.00017679887934696575,6.478545280007757e-05,6.708148699383858e-05
modE,modE,0.0007988211502643044,1066,0.00019080869199580858,6.802588658880644e-05,4.988664397551578e-05,0.0001579178644353058,9.578376382916486e-05,0.00012988987333370126,3.352646540201621e-05,5.1353607374570724e-05,5.430077492440786e-06,1.619827583697397e-05
nudI,nudI,0.0007985020658656628,1067,0.00034451405397490904,1.3646684314464303e-05,2.8209841151755833e-05,8.699219505104862e-05,1.4169795740007123e-05,3.7495695765941815e-05,7.34805861575292e-05,6.791868960049159e-05,2.679164517217104e-05,0.00010528287893734429
ykgM,ykgM,0.0007983133764486433,1068,0.0003325881281950752,5.009023957226537e-05,1.9237052952243714e-05,4.946766305667606e-05,8.92064693477745e-05,1.9143139991193804e-05,4.3203133584361623e-05,8.367844047020703e-05,6.784324422713859e-05,4.3855865051707505e-05
ygeG,ygeG,0.0007979037197297934,1069,0.00043167451676773174,3.0103298764551144e-05,1.6363293525827924e-05,4.2308147065224455e-05,1.3801832642515402e-05,4.389882089437815e-05,2.5942324833014362e-05,2.2916244625189038e-05,0.00012483604015405342,4.605920045730779e-05
msyB,msyB,0.0007978811622918515,1070,0.00021877491511914767,5.969183541368269e-05,5.907414349757274e-06,9.263801642506412e-05,3.8465463930293005e-05,0.00012062766726367012,1.3452500896043971e-05,1.5422217883052338e-05,0.00013648406391464786,9.64170670964923e-05
ycdC,ycdC,0.0007978263783275744,1071,0.0002609059684519618,6.901590178882524e-05,6.347696143428234e-05,8.54150850324013e-06,4.004831072802783e-05,5.4386738204612805e-05,8.113658931127386e-05,9.276733607677532e-05,2.0565244241419032e-06,0.0001254905394044331
cvrA,cvrA,0.0007976078869335011,1072,0.00044330149678766217,1.753617757169159e-05,1.8443402415106313e-05,5.525691997622566e-06,0.00011763530336975783,4.7513751365437015e-05,3.589883812450269e-05,2.678661779162623e-05,6.0488510720929056e-05,2.4478096789165765e-05
cpdB,cpdB,0.0007971759428740707,1073,0.00021749772530281215,5.305645521147876e-05,0.00015539917977746748,5.3722129786595084e-05,6.118858570686224e-05,2.1362527853504873e-05,9.715722684584336e-05,1.0746614504860008e-05,8.046306914162905e-05,4.65824287430176e-05
ynjH,ynjH,0.0007970410148618529,1074,0.0002859156548093524,5.106036161688454e-05,4.421343328797419e-05,0.00015154357389019293,0.00010651749373656221,3.174739369967015e-05,4.4072492023489355e-05,7.625659944265309e-06,4.444701198649113e-05,2.9897939866970806e-05
argS,argS,0.000796985797131875,1075,0.0002752066027032319,2.7183941698055855e-05,0.00011305732499319033,1.579048344762572e-05,5.2402646560665715e-05,4.2422643171173026e-05,2.1843864321680468e-05,9.392758872182548e-05,6.893687990179854e-05,8.621382161262811e-05
rarD,rarD,0.0007969133042004687,1076,6.558326550323478e-05,3.230109378142746e-05,3.193617736476904e-05,0.00021307881427398007,3.1564683346025176e-07,0.0002001860250759823,1.1717493580680837e-05,2.1647258219455188e-05,0.0001499514243437756,7.019610522370328e-05
yddH,yddH,0.0007967136784588413,1077,0.0001171080344106302,7.093159594994426e-05,0.00013048497960522882,2.7353152995679985e-05,8.941340391164898e-05,4.978198289017205e-05,7.510293502854331e-05,0.00015335544646762054,1.3788252712014352e-05,6.939389448735894e-05
ahpC,ahpC,0.0007961618539270285,1078,1.8227953058906964e-05,4.36127771497069e-05,0.00014262139445460643,0.00013425924766759188,2.3494537355454955e-05,0.00016930648983517146,0.00014876883078921512,5.1625446859325165e-05,2.4103016669117963e-05,4.014216008793155e-05
yedY,yedY,0.0007960961219650237,1079,0.00017166937740756651,2.6490765217907694e-05,9.62746845087948e-05,8.190193952350937e-05,0.00012303977872507458,9.767854988045685e-05,4.640464863025377e-05,0.00010683690708383889,6.544723976491777e-06,3.92547470111295e-05
yfdC,yfdC,0.0007960703578011671,1080,0.00022289478085798438,2.6490468490723895e-05,5.525223683249008e-08,5.93801815681438e-05,8.632917647066838e-05,0.0001248718880436215,6.072846646621024e-05,0.00018480771671179006,2.618716400807458e-05,4.32526294711779e-06
fes,fes,0.0007957356439357669,1081,0.000386650478318958,3.5925732700635215e-06,1.5583013509907497e-05,2.5976637823585384e-05,1.9008788094900843e-06,0.00019150755499147023,1.9941200997434772e-05,3.943244220859605e-05,9.215825993431441e-05,1.899260407194703e-05
fliK,fliK,0.0007954897760975932,1082,9.449058370749377e-05,3.0048109037306095e-05,0.00011284252800379015,6.850868445641437e-05,5.9737349964023026e-05,8.501025976702411e-05,1.4354666984494157e-05,5.6577344927555834e-05,9.948646481297038e-05,0.0001744337844365213
yjgW,yjgW,0.0007949423412273167,1083,0.0002323246378896015,9.153550475605117e-06,3.170791668009903e-05,0.0001930461270145984,6.647014041321268e-05,4.598608440218821e-05,5.177449378070399e-05,4.6590599732460314e-05,7.339845326837683e-05,4.449033757047057e-05
ycfD,ycfD,0.0007923693385639159,1084,0.00022706269381722306,8.21347464747484e-06,3.771620284678678e-05,2.3285775935853484e-05,0.00013080378489846797,8.501243657915867e-05,5.643835282371855e-05,1.2557618325185834e-05,0.00013135734512591,7.992165356413675e-05
asnB,asnB,0.0007921757790514845,1085,0.00030095441634810354,1.5955382708273355e-05,6.290183372564576e-05,5.335266094304957e-06,2.0119337275313165e-05,6.498287731862452e-05,3.709803323147088e-05,0.0001353685660567486,8.635885113665088e-05,6.310121515634884e-05
yzfA,yzfA,0.000792030598037215,1086,0.0002478123890975101,0.00013684910491331252,1.4739993155564724e-06,4.2829737531059445e-05,9.760411396571418e-07,8.015481372368395e-05,4.41360632467676e-05,4.4679454173198294e-05,0.00012145840665216222,7.166058824430732e-05
ybaL,ybaL,0.0007915933505486971,1087,0.00011327266910702414,3.760455825501147e-05,0.00010677990603522,7.096202440342546e-05,4.897351936468621e-05,0.00011558248698533581,0.0001334067268753318,8.636335504937525e-05,6.331715690061082e-05,1.5330947572676317e-05
yjhF,yjhF,0.0007911207575471378,1088,0.0002839506659557161,9.418793822592257e-05,3.495428806814834e-05,6.211982003995091e-05,2.987201161873038e-05,7.453481380739204e-05,3.317781391500281e-05,0.0001031159851816288,5.386105764618904e-06,6.98213149700269e-05
ymfR,ymfR,0.0007904845263984957,1089,0.0002211488416686246,0.0001288487038038886,2.3821153442191053e-05,0.00012009191661077269,0.0001112535614645591,1.4451441519294667e-06,0.000148191425866088,2.3041561840869546e-05,6.2604379174869385e-06,6.381779632085809e-06
yedL,yedL,0.0007904707129763524,1090,0.00024551633501776194,4.265655469494133e-05,4.588770324805768e-05,3.845960353106714e-05,2.4550035940929e-05,0.0001827927115090433,2.911793215550325e-05,2.782278674511621e-05,0.0001084066272204998,4.526042291343272e-05
ykgF,ykgF,0.000790406226859924,1091,0.00019343466982751673,5.091268839627794e-05,0.00019841787004009088,0.00010638833781835425,5.0971625588455506e-05,4.74905995180249e-05,2.533161293810127e-05,6.250432600921634e-05,2.1272079660914017e-05,3.3682417062972e-05
csgF,csgF,0.0007898882899793092,1092,0.00022969242737859856,7.390766491822724e-05,2.5119484370363837e-05,4.2857803331375406e-05,4.976570611221477e-05,5.5624045383851985e-05,4.711992285223511e-05,0.00010640954280365245,2.2743757716874195e-05,0.0001366479351119157
deoA,deoA,0.000789605955872635,1093,0.00033610318786724127,2.1145370815660294e-05,1.9711901990617046e-05,7.923183638329204e-05,8.387958433780842e-05,3.0049485123813777e-05,4.4609513034656105e-05,3.959877613011829e-05,1.2066495832079746e-05,0.00012320980435734814
ychA,ychA,0.0007891671008984909,1094,0.000283164973016837,4.7701389738415324e-05,0.00011797419910076026,5.1555746416775525e-05,4.859948506672328e-05,5.1233995351138095e-05,0.00010679079467070145,3.5205484397413707e-06,4.641802635387137e-05,3.2207942743527156e-05
yaiE,yaiE,0.0007880592372817561,1095,0.0002858780851036475,3.6007985022428987e-06,7.551226112008324e-05,6.536950886995478e-05,0.00010378215294428113,4.297769537702588e-06,5.419535879308599e-05,2.8158523981261155e-05,5.2310299107953255e-05,0.0001149544793215436
rhaR,rhaR,0.0007879121048107527,1096,0.00040851834202301003,1.6422762455516488e-05,3.832018048110814e-06,0.00015369928436878905,3.695767807075985e-06,6.87377826446798e-06,3.284822675294121e-05,2.4426586458722377e-05,2.4091631896468368e-05,0.0001135037067356504
ubiH,ubiH,0.0007877348979517843,1097,0.00013476185258148046,0.00014214643189229344,4.265161893168105e-05,6.352979880042943e-05,9.74384753214658e-05,3.3215988693690394e-05,0.00012521927623871935,9.765873048618523e-05,1.121762821078808e-05,3.989509679505097e-05
yncJ,yncJ,0.0007872247546702319,1098,0.00032834814623737866,6.738033294066358e-06,1.601166483000357e-05,1.3562621565491576e-05,2.4267291748996423e-06,5.303664860844052e-05,0.00013219841656441817,4.9272157748683004e-05,0.00011678559371966305,6.884474292718745e-05
ybdO,ybdO,0.0007864493455867416,1099,0.0001524807006240508,3.11634035575202e-05,6.094444464287053e-05,6.04843279546911e-05,1.0585337006290078e-08,0.0001731214373903413,6.510193807493221e-05,5.220700748235691e-05,5.8936653329433e-05,0.00013199884719353923
essQ,essQ,0.0007858966907124422,1100,0.00026124770834307385,2.0601736089715366e-05,0.0001596177440933562,3.8162156160808986e-05,2.4562768853563148e-05,4.289731387626098e-05,0.00010895176618598672,3.176425180959551e-05,9.424363661363518e-05,3.8476086864461515e-06
frvX,frvX,0.0007856146495482404,1101,0.0003105348579965687,5.85679541450796e-05,5.9619319114077495e-05,0.00017257952695740928,3.25388794729887e-05,3.852478342694865e-05,2.5409503822711653e-05,1.2169645215250885e-06,7.537047429012911e-05,1.1252385800802118e-05
rpsJ,rpsJ,0.0007855104891507443,1102,0.00024496282726130903,9.259441985353256e-05,1.1033154420487168e-05,9.869501460376885e-05,6.43164237696592e-07,0.00015467214891835593,5.891966491363655e-06,4.3816565826744646e-05,1.1060139780434795e-05,0.0001221410877570511
yiaN,yiaN,0.0007849830498766026,1103,0.00041526850104847907,1.758668372221738e-05,4.408913766915917e-05,4.784792956630318e-05,6.602504319824268e-05,1.7263347593211386e-05,6.247792818790427e-05,2.4296307401929648e-05,7.276613071761448e-05,1.736204077154124e-05
nlpE,nlpE,0.0007844129593532095,1104,0.00025094870988609107,9.488070513784753e-05,3.017571892553934e-06,3.620653077411722e-05,5.898998386577061e-05,2.477367980041559e-05,9.605173970418345e-05,0.00012199902520791026,3.2697835078769895e-06,9.427522957644276e-05
yfbM,yfbM,0.0007843085567849708,1105,0.0003374059304931734,3.146626241830717e-05,4.46524518618172e-05,7.952533023147642e-05,2.360886075917126e-05,5.7549539947962834e-05,5.509980802030433e-05,6.601903576107798e-06,6.207415634450082e-05,8.632431313214986e-05
clcB,clcB,0.0007840729217560101,1106,0.0001694851146876488,9.062842773242407e-06,9.585381477167579e-05,9.669419849292177e-06,4.6753133451813996e-05,8.716067141704308e-05,0.00018916466354135827,0.00012655694513218017,3.1415882542407423e-05,1.895043358934775e-05
ydgD,ydgD,0.0007837928284875441,1107,0.00037041697455976344,0.00012058695643765722,3.430721957772285e-05,5.768893288480972e-05,2.544621581238164e-05,1.326714367797426e-05,8.498792743041783e-06,4.326941027808378e-05,6.932886009601788e-05,4.098232242009149e-05
ydhP,ydhP,0.0007833998505664849,1108,0.00017323349048931872,2.2763192310793638e-05,2.126501489942219e-05,0.00014684808537563073,7.325622502535621e-05,0.000132846783619736,9.648657861777847e-05,3.3083430514223454e-05,1.9906707530454918e-05,6.37103421837705e-05
ybcK,ybcK,0.0007831666270512615,1109,0.000322816485064103,5.3743802730416044e-05,1.8361639517548417e-05,7.864818614505854e-05,3.498824636227941e-05,0.0001693864767373854,4.681427551323501e-05,4.837361679500512e-05,8.294094804124475e-06,1.7398033821060121e-06
yicS,yicS,0.0007825341636762766,1110,0.00019189924273219186,7.587607126702193e-06,3.863099803900185e-05,0.00016472621899168814,4.0005620399484126e-05,5.233601944981249e-05,2.530838725214948e-05,9.423400217087706e-05,8.279350636171186e-05,8.501256115265766e-05
tolB,tolB,0.0007823009196967835,1111,2.4384286651826813e-05,0.0001551432154241724,9.421652622882285e-05,8.034096547748668e-05,5.734490502512938e-05,6.3738566596981225e-06,0.00010035817119296608,0.00010423304284114399,0.0001251874159015633,3.471853429397385e-05
moeB,moeB,0.0007822372521639927,1112,0.00012554106771154482,1.9572044075810684e-05,5.878279907833145e-05,9.511792894515563e-05,9.234790816360937e-05,3.7081741050479437e-05,8.290970810001363e-05,4.635269933889601e-05,5.520149723614815e-05,0.00016932985846400346
sufB,sufB,0.0007819907759966096,1113,0.00022478347184266625,2.3994533518599722e-05,9.596741451640186e-06,7.922095501945524e-07,7.984187774022131e-05,3.1939422245694e-05,3.6187530904975206e-05,2.600696007155464e-05,0.00020646161473690487,0.00014238641393415894
rraA,rraA,0.0007812397999975327,1114,0.00021609653086155435,8.036876802704485e-06,0.00016512482054929087,2.5123938760907202e-05,0.00015778179463914958,1.046978228067046e-05,0.00011833830267313683,7.868255511059373e-07,2.46851292800581e-05,5.479579859895478e-05
yfaY,yfaY,0.0007808163254004278,1115,0.00014623592744274913,3.148327813390885e-05,0.00014307711680729276,0.00010804755029943237,7.052182113661373e-06,6.558673698009821e-05,1.5160017635883687e-05,9.311991923583409e-05,0.00014005688677593223,3.099670997563504e-05
cyoA,cyoA,0.000780586923693012,1116,4.744819522587107e-05,0.00012454588522189922,0.0001314289511185474,3.588900526507725e-05,0.00016946006474754724,8.86369781087397e-06,6.658561460559825e-05,8.618687490513207e-05,6.532023726308909e-05,4.485839752937642e-05
mrcA,mrcA,0.0007802035050491897,1117,0.00026235214352528154,8.28739004342896e-06,2.9782293775031933e-05,3.9933896452586844e-05,7.874943098805034e-05,0.00012676967026206722,6.271005671985622e-05,4.8842775901627805e-06,0.00015101609453084332,1.5718251161880394e-05
yrfG,yrfG,0.0007796155563658584,1118,0.0002331066062047633,4.6364688078771564e-05,7.033413278938624e-05,8.013975655828752e-05,7.469673830946847e-05,6.399962966426323e-05,1.6234020443414506e-05,1.739367250400567e-05,6.524540171163774e-05,0.00011210091010186022
cmr,cmr,0.0007796025022699684,1119,8.590367240688077e-05,0.00010001345531230325,6.309554517166454e-07,3.7843624285743485e-05,4.275856174670824e-05,7.661697947818213e-05,0.00021281587778882,0.00013212776707930294,2.2545119689892625e-05,6.834648903041822e-05
allD,allD,0.0007789788806303669,1120,0.00033118879331108387,2.0166250471928893e-05,6.83096110885711e-05,6.939432138655324e-05,3.5500530916377216e-05,8.723624997383715e-05,9.069706502249156e-05,3.347006630259378e-05,2.5073891292140132e-06,4.0508603027715964e-05
yeeO,yeeO,0.000778922249392206,1121,0.0003416359537310778,6.49709888067623e-05,4.5248270642405396e-05,2.0675731801512896e-05,2.8660861420865103e-05,6.539761406745687e-05,4.4956406017485896e-05,3.572271608804769e-05,7.709865959059094e-05,5.455504722600122e-05
mdtI,mdtI,0.0007786213862450624,1122,0.00018687440765874193,1.1303170839124738e-05,0.0001015590184515751,8.621352189458549e-05,4.15357323754712e-05,4.335384411666028e-05,6.979227081150366e-05,9.968510471485837e-05,8.592081812058346e-05,5.2383497261958006e-05
ycdW,ycdW,0.0007784002565235857,1123,0.00038963714402727976,9.107321480331777e-05,6.422375987300843e-05,1.7039892368280748e-05,4.00577276206357e-05,6.0685122442762024e-05,1.6253344930406764e-06,6.227663191202872e-05,1.222287566465976e-05,3.9558553318572184e-05
yjeO,yjeO,0.0007783230491301933,1124,0.00012338079108423854,0.00013679958420453187,4.681743254703403e-05,4.422648077554107e-05,4.605273191338666e-05,1.9039642452669925e-06,1.430359915275351e-05,8.664472100003225e-05,0.0002294325302435376,4.876121396387086e-05
malG,malG,0.0007782899045455715,1125,0.0003533291682245398,5.7965074183355325e-05,8.08852577285615e-05,3.5915390473857096e-05,2.7043611041453386e-05,3.3483443718012338e-06,3.1590193638864126e-05,6.918678122899889e-05,7.33529806426765e-05,4.5673103011463754e-05
ygiW,ygiW,0.0007782213517574296,1126,0.0002561017362734345,7.308674576007157e-05,0.00014325505988039294,3.1442158807187406e-05,2.112496268081482e-05,4.526442297112658e-05,7.501376890770153e-06,0.0001784020323913474,7.912842886688284e-07,2.12515718136154e-05
yncH,yncH,0.0007780616884301486,1127,0.0002491153357405941,8.011307379562452e-05,5.403361872057759e-05,0.00011679831404027698,5.7360577344116525e-05,3.3169562536238545e-05,1.2760668253943136e-05,5.217972051786411e-05,2.770337492630941e-05,9.482744255460378e-05
radA,radA,0.0007780101668839413,1128,0.000245208111267079,0.00011309718365785908,2.192362976775299e-05,5.969063028165874e-05,0.00015161833230078396,3.7754223450361714e-05,1.7634104971382563e-06,2.9282919891603766e-05,1.9303259821543097e-05,9.836846594816062e-05
nadK,nadK,0.0007775702943593844,1129,0.0003163541332905217,4.0811605003212086e-05,8.580210414721951e-06,0.00010866320961517904,5.524155128484348e-05,6.4971320784519655e-06,5.61057918652204e-06,0.0001369063460821793,2.8438538383328643e-05,7.046698902042406e-05
yqjH,yqjH,0.000777345104215774,1130,9.749626833998263e-05,1.104715414352893e-05,2.434281382299175e-06,6.149651601370482e-05,0.00014057214499887236,0.00011469414215807243,5.483575527046276e-05,0.0001775253705826103,7.191352449705914e-06,0.00011005211887653463
rpiR,rpiR,0.0007771731198338667,1131,0.00033036446354294403,3.659554160297169e-05,9.918628885068774e-05,2.032535694895309e-05,2.3606437936589554e-05,9.796736126868262e-05,8.12727725011188e-05,1.6592594785879206e-05,1.9233807545396466e-05,5.202849485064347e-05
coaD,coaD,0.0007770784177633056,1132,0.00019488533145562185,0.00016247221065409973,0.00014655878197042225,5.555099034661574e-05,1.1893983593811824e-05,9.405505738305696e-05,2.168599800371952e-06,3.2922545717468645e-05,9.609089578743951e-06,6.696182726309262e-05
ypdE,ypdE,0.0007768232564572726,1133,7.834242430245477e-05,5.448468739553456e-05,8.423027817581546e-05,6.773675119812857e-05,8.366979678710383e-05,9.653012255728389e-05,0.000130730223262029,2.441036966598158e-05,9.647328797858641e-05,6.021531513435441e-05
nanT,nanT,0.0007760942864923745,1134,0.0002657947309975666,8.803625893678996e-06,5.633751177723096e-05,4.369665840407043e-05,3.5838839174476644e-05,7.331761468192166e-05,1.441530305883646e-05,5.1512328718645705e-05,0.00011424803428474762,0.00011212963950119936
ydhW,ydhW,0.0007758573459403403,1135,0.00016721509788841395,0.0001869802672027434,8.820580347913209e-05,7.31663881877508e-05,1.9441888121044174e-05,8.62091597877245e-06,2.33823487448176e-05,5.33117845142577e-05,5.2872978024289015e-05,0.00010265987379911913
btuB,btuB,0.0007753029823745319,1136,0.00022538055087576353,3.048779365831335e-05,0.0001311805515674404,4.903432817391018e-05,0.00015815280913451885,1.0243276554749306e-05,5.140555410911991e-05,4.082544905156997e-05,4.084339758229717e-05,3.77492716668492e-05
aceA,aceA,0.0007749065255361802,1137,0.0001984789804508124,0.00015626326368490978,8.116674640014212e-05,5.427696338487748e-05,9.332544607971396e-06,3.872400508114198e-05,4.6226334443175195e-05,0.00013312805594777505,4.572291233714292e-06,5.2737340301660366e-05
yegP,yegP,0.0007748277717517557,1138,0.00013791581535058862,1.1032499449102065e-05,0.0001369713281831679,8.989550673628292e-05,1.6566935112077776e-06,0.00013523897298376607,8.244740556374679e-05,4.339643532161148e-05,0.00011744800502315368,1.882510962912835e-05
ybaB,ybaB,0.0007745759702222478,1139,0.00010558113374402835,1.6269845352043896e-05,3.6028951792132e-05,8.99274291982839e-06,8.236879542170694e-05,0.00017908647783814136,5.556304524534679e-05,0.00016878863980682326,2.2058652839268882e-05,9.983768526292796e-05
yceB,yceB,0.0007745509762293159,1140,9.714041238133138e-05,0.00010876265507408201,0.00018482171927369065,7.852019250570109e-06,1.7712802052143622e-05,6.441200916271997e-05,0.00010543226170017817,8.951761992717013e-05,7.822170399130713e-05,2.0677773416122652e-05
fruK,fruK,0.0007745255996530214,1141,0.00016362829634598207,7.574692025411014e-05,6.378814615493063e-05,8.752620286951232e-05,6.964924217392421e-05,7.240779300615458e-05,3.837097503877356e-05,8.582635473293872e-05,1.830141483375981e-05,9.92802542429355e-05
ptsN,ptsN,0.0007739847520817123,1142,0.00020298365542871624,2.1691829054417775e-05,4.0668151687725935e-05,7.04999399821746e-05,6.378024999606829e-06,5.419836930271671e-05,3.483511558050516e-05,9.082985572354383e-05,0.0001752936346060561,7.660617571624902e-05
ygaU,ygaU,0.0007737393820984247,1143,0.000145661530123393,8.769743669226661e-05,2.629285530838422e-05,4.4824462939137765e-05,5.117440405183409e-05,6.096781982074401e-05,2.512121128960404e-05,0.00019713296937157418,9.264937436254521e-05,4.2217318138941575e-05
ypaA,ypaA,0.0007736647277978544,1144,0.00015070351875972062,1.7514138297193012e-05,3.7805508354908734e-05,0.00012190585938579525,3.694907795305915e-05,0.0001139868967216026,3.654665874141118e-06,9.550939321245958e-05,2.754144703553892e-05,0.0001680942222034354
hofC,hofC,0.0007735247548724009,1145,0.00033907091241269115,1.655346617595229e-05,9.949971120408587e-06,0.00013711281904710634,2.0160991605977033e-06,2.1254437032667996e-05,1.366365525504673e-05,0.00010024842506778226,2.8615897696675326e-05,0.00010503907190347255
ibpA,ibpA,0.0007734121034509412,1146,0.0002068129433719042,0.00011326252115940906,5.377337198151843e-05,7.960060271002182e-06,9.402402772332824e-06,3.5368268481129836e-05,0.00014405965118792906,0.000121992931780023,7.153590740617175e-05,9.244045039520827e-06
frmB,frmB,0.0007730505852176622,1147,0.00014693822652111092,0.00018859752842771208,2.1991271358770988e-05,9.376402405828987e-05,0.00013848128496234737,4.140024078545831e-05,0.00010296326441773731,1.4850646249670363e-05,3.3157362493185945e-06,2.074836218724621e-05
phnJ,phnJ,0.0007728588276387496,1148,0.00027197752270659623,1.7792314403487218e-05,3.752676726701136e-05,5.346151963780153e-05,4.4909142035065736e-05,0.00011424080227737995,5.829481235437707e-05,0.00012500347540281826,1.2822249084585225e-05,3.6830222469626994e-05
nagA,nagA,0.0007727650591732091,1149,0.00013288444758181102,0.00015815705785095073,3.249736983815941e-05,0.00010164131952417213,7.501210519747923e-05,3.830361176094562e-05,2.1499448778387392e-05,9.965669399113396e-05,7.41120570422112e-05,3.9000947607958375e-05
yigA,yigA,0.0007721683926245552,1150,0.00034101116834052886,0.00010699730229416117,6.9357670305527345e-06,7.438386883175443e-05,1.4193121961874102e-06,8.645184791195166e-05,5.759582044298262e-05,3.0914010904632004e-05,3.181445262638511e-05,3.464484204541916e-05
yfiB,yfiB,0.0007719618554353818,1151,0.00046318826270556884,4.755043704327718e-05,4.1080494506120676e-05,5.0742559105575446e-05,7.192481724512682e-05,6.670968626007868e-06,4.925613542465334e-05,5.6711700996991716e-06,2.095073244507554e-05,1.4926278234276841e-05
ybfO,ybfO,0.0007719387433921332,1152,0.0005199807987404458,1.676999798939385e-05,1.2572952084976546e-05,4.990459352168581e-07,5.930302809467013e-05,2.0971159232295372e-05,5.6722676122582086e-05,1.0999812204418131e-05,1.4169546747060223e-05,5.99497262410741e-05
yjjY,yjjY,0.0007715591512071813,1153,0.0002862981415148418,9.485977693234756e-07,0.00011006925489259392,1.6023158975317606e-05,8.477562492293113e-05,4.2228294409183355e-05,2.6039564719611452e-05,3.264253289277655e-05,0.00011134929112784821,6.118468998275384e-05
ydhR,ydhR,0.0007714033221863378,1154,0.00012694566842220365,6.151706910497672e-05,6.415903447868404e-06,1.2889952072146267e-05,0.00011718761157409745,0.00016018618387433705,0.000166462976496188,5.971013493959716e-05,2.1052462667148592e-05,3.903535958777449e-05
clpA,clpA,0.000771292432698082,1155,0.00023581780209503252,1.6862923851972413e-05,5.3774894358540653e-05,6.736278862391165e-05,0.0001794420508815651,3.90974451768082e-05,3.0590954739466098e-06,8.936132826646552e-05,1.3744268682120847e-05,7.276983528771854e-05
yqiI,yqiI,0.0007710787798865126,1156,0.00019544808693805891,1.6352255000931346e-05,4.894435104750776e-05,0.00013939994292385684,9.139763752427251e-05,8.942320100911776e-05,6.162591535778743e-05,9.26103896991257e-05,2.360912510832765e-05,1.2267875277526718e-05
yffL,yffL,0.000770925149186577,1157,0.00012997761240904422,0.00012284228195855689,2.01671019679841e-05,3.8395566526925125e-05,4.4232139336401445e-05,2.13126053633283e-05,1.583712760245812e-05,9.889454140612739e-05,0.0002539288501102664,2.533732250548501e-05
lpxK,lpxK,0.0007708703585629079,1158,0.0003159279994681515,6.181132467190199e-05,1.0883509236916962e-05,6.265408958328298e-05,6.734595541090351e-06,0.00012111723766547997,1.4049381796657738e-06,1.0512206098904577e-05,0.00012527424078806774,5.455021732944599e-05
thiH,thiH,0.0007703961965645477,1159,0.0002938213547365953,6.273031749853472e-05,2.890532461389115e-05,0.00011729066244496615,1.8607188576947104e-05,7.447868634507949e-05,1.984154530279167e-05,0.00010087965325522064,6.9244720929156455e-06,4.6916991697605914e-05
ruvA,ruvA,0.0007703433646074683,1160,0.0001910021418117607,0.00011470058751996125,9.804947797485032e-06,7.719817235117752e-05,2.5909012613693037e-06,5.011477297593738e-05,0.00012882634476881662,3.80832833806462e-05,9.233486626652176e-05,6.56873464737925e-05
yggM,yggM,0.0007697380257976081,1161,0.0003585965920618805,6.87337814705837e-05,5.8905118225687526e-05,1.2155861969314132e-05,3.039275317029921e-05,7.558867560054692e-05,8.729987190780848e-06,6.321972162052354e-05,9.056075767990187e-05,2.8547768080900353e-06
rffG,rffG,0.0007695135135392734,1162,0.0003609444467160904,4.9835416655985883e-05,1.7456314724640548e-05,5.970244107277905e-05,2.6649341461513004e-05,9.212040191822114e-05,4.4267520293157375e-05,2.44393827573906e-05,4.3915720821718465e-05,5.018252711777694e-05
ynjD,ynjD,0.0007693847610694059,1163,0.00021185564510769144,0.0001382608155170457,5.6505685526577265e-05,3.8724355879853836e-05,0.00012876640940079803,3.900884168927939e-05,5.2563555193001935e-05,6.902738235959333e-05,7.013671258291823e-06,2.7658399137273134e-05
ggt,ggt,0.0007690412345319768,1164,0.00019563348148923356,1.1930284131056693e-05,0.00014672346788902578,3.511158655357545e-05,8.795569437030027e-05,0.00013494491528892098,2.436899325294723e-05,2.10323142196148e-05,2.042610916603622e-05,9.091438817126587e-05
yebN,yebN,0.0007686584092198524,1165,0.00026667922331184517,3.567386262438505e-05,7.486723987572177e-05,1.0457624444453243e-05,1.926547444701327e-06,6.793679179902397e-05,6.840256347869286e-05,5.842926555095925e-05,2.7635452951708414e-05,0.0001566498377383614
cysJ,cysJ,0.0007684526598173086,1166,0.0002568969864320558,8.912979081097753e-05,4.385139622702276e-05,9.548280317945536e-05,7.697240960227287e-05,3.635832591069541e-05,4.09506222724124e-05,6.628169059004244e-05,5.2603955667577826e-05,9.9246791247961e-06
lolA,lolA,0.0007684293545730677,1167,0.00022194660810356863,1.4359070344089697e-05,0.00012925593086460244,0.00011806209727246326,1.153317859545487e-05,0.00011182051938447901,4.542024221525643e-05,6.322650274983556e-05,3.4270852914039495e-06,4.937811975191399e-05
rffT,rffT,0.0007682193620527459,1168,0.0004037199236198676,5.303732184150262e-05,2.2077752065365884e-05,5.739034393744386e-05,2.0593218986913832e-05,4.17973136250286e-05,2.4069156082715613e-05,6.913948821980854e-05,5.006134769886324e-05,2.6333495975236206e-05
yjiG,yjiG,0.0007671841987418851,1169,0.00011042405017066657,0.0001039132650328692,8.300030125630935e-05,3.692818131967431e-05,3.66609250834136e-05,7.976171499107489e-05,8.121292652476289e-05,6.720902509761616e-05,5.056210346746941e-06,0.00016301759891875107
eutH,eutH,0.0007671427785164438,1170,0.00022565044368914194,4.301636845582694e-05,2.2770205204314902e-05,8.743362855002633e-05,9.497279912547034e-05,0.00019684901508912998,1.0825005867367285e-05,4.9765870182686245e-05,2.3012095608436447e-05,1.2847346744043452e-05
yfeH,yfeH,0.0007667363442223676,1171,0.00013331044630964024,2.525040575175447e-05,6.212287049773131e-05,3.999702540777552e-05,5.886492014926219e-05,0.00022362006077695292,0.00010274297900235234,8.857003271936202e-05,2.3894889417447104e-05,8.362714190089525e-06
tktA,tktA,0.0007663138555403049,1172,0.0002880398737704069,9.010691090975795e-05,3.9751068529631344e-05,1.9275798267773766e-05,4.0387382753444226e-05,1.0567077995145846e-06,0.00015965017690265025,5.95847593459186e-05,6.663931906095386e-05,1.8218582002534364e-06
yghR,yghR,0.0007662615312915474,1173,0.0002600949040450943,0.0001227010135444216,1.7638083826656579e-07,5.095607665091795e-05,8.764680151670742e-05,2.596019300205171e-05,4.8883626058335286e-05,6.359095461545014e-05,2.5942681774074665e-05,8.030889924622778e-05
iscA,iscA,0.000766165379579482,1174,0.00015458447798785783,9.627858918082369e-05,0.00010678106297009983,8.50645142139764e-05,3.496415998200391e-05,0.00012041624973036943,2.563235108868244e-05,0.00011365646533340733,1.2019739928878027e-05,1.676776916338316e-05
yghX,yghX,0.0007658552770509296,1175,0.0001897841799393474,3.427787607362944e-05,3.249565377222328e-05,3.759954964348514e-05,2.080190383385501e-05,8.414393973241555e-05,7.404371093175862e-05,0.00015389200389784137,0.00012493309515828975,1.3883364068084122e-05
gltJ,gltJ,0.0007658422227012328,1176,0.00020027796954616642,5.802584838087965e-06,5.7570006924601496e-05,0.00012689210073610265,0.00016828873770030145,1.8735099162529573e-05,2.4396444095425925e-05,1.0811763226341346e-06,4.301862462059326e-05,0.00011977947875478991
puuA,puuA,0.0007657142185493481,1177,0.00017760725023526397,8.919308806476898e-05,0.00011817902236645483,6.0171830055469146e-05,1.695306899093901e-05,4.970164747416441e-05,1.036260851502708e-05,8.979615378412272e-05,0.00012610893179625693,2.764061726688105e-05
narY,narY,0.0007648759155333035,1178,0.00012404765878466564,7.670411535325234e-05,1.6316295480622708e-05,3.913267102898429e-05,0.0001326834117143201,1.9936845706367397e-05,0.00011011753789004722,7.103473310728237e-05,5.955555084005752e-05,0.00011534709562770403
surE,surE,0.0007645033035638533,1179,0.0002837038596911752,5.787755476212924e-05,5.534890143020587e-05,6.039489730700914e-05,1.1011981890550892e-05,6.910931020283035e-05,6.727761315935978e-05,0.0001222359083735363,1.5565407951528357e-05,2.1977868795528205e-05
gmk,gmk,0.0007643642391646009,1180,0.00025476532773929995,8.961800374036344e-05,6.385150774292287e-05,1.5190591633213168e-05,4.4765379917438494e-05,8.269638624869638e-05,1.1594813486076375e-06,8.621496769990823e-05,0.00010043309163613169,2.5669501458019126e-05
hisS,hisS,0.0007643139120589628,1181,0.0002682451823526001,4.3798967368395617e-05,9.125023832554121e-05,7.754378141979221e-05,1.4035727089354865e-05,4.7480041743922724e-05,7.954910968798914e-05,4.1342274068346514e-05,6.359039483439233e-05,3.747819516862811e-05
yicI,yicI,0.0007637260887024747,1182,0.0002769668309500872,2.165492296681314e-05,0.00018482908672533057,1.7755180810000187e-05,8.392232356280398e-05,3.5392782685043746e-05,2.286730146742785e-05,5.4347625657396354e-05,3.710087030863008e-05,2.8889163568941666e-05
yeeY,yeeY,0.0007625975718714213,1183,0.0002447379121372127,5.6834650160190074e-05,5.982885946299197e-05,9.187091878869451e-05,3.631950847257832e-05,5.0228115995374446e-05,1.380849813575144e-05,0.00013116513543846435,1.385649783463901e-05,6.394747544552436e-05
malK,malK,0.0007625753729682107,1184,0.00035882713019189317,3.247252284379335e-05,9.261194448300379e-06,6.123560245806959e-05,3.9044774607779206e-05,0.00012076372398306261,6.35010063744095e-05,1.4197229647659099e-05,1.1544260945420303e-05,5.172792746782348e-05
nrdG,nrdG,0.000762557949710838,1185,0.0002518851158371974,5.881528374384997e-05,3.7826782183359505e-05,0.0001379885572681256,2.0691289502834214e-05,2.5055027856361804e-06,3.577256209941689e-05,0.00011721741382290853,5.418057864290427e-05,4.567486382460555e-05
hyuA,hyuA,0.0007619950375414745,1186,0.0002339233506476448,1.4877352208744107e-05,4.872197374068114e-05,2.8109606926213033e-06,3.3155137762300364e-05,0.0002005086289086781,9.767360927109263e-05,2.5413973047167504e-05,7.143935228514713e-05,3.347069897739739e-05
yhbP,yhbP,0.0007617639493704728,1187,0.00017937830689985503,5.170854045331611e-05,9.698844900855993e-05,7.676658561603755e-05,6.931532613158924e-06,6.186674251994627e-05,7.653562222216508e-05,4.898292028364936e-05,8.069082533306127e-05,8.19144244207233e-05
feoB,feoB,0.0007614933088563977,1188,0.00028543719374695005,6.229359656393201e-05,3.303285381717834e-05,1.891695346285038e-05,0.00011549340550465954,1.1559277146270943e-05,6.133935079569196e-05,1.4952966128671041e-05,1.9615175864950655e-05,0.00013885253582524278
yqaB,yqaB,0.000761089181426344,1189,1.4856920808977115e-05,1.471783904182999e-05,0.00020240252752779078,0.00013713880556292572,0.00015649508437685146,9.225085800753905e-05,5.511074970517911e-05,1.432101241451523e-05,3.0009545952344358e-05,4.378583802839112e-05
sgcE,sgcE,0.0007589695096603877,1190,0.0003019649258281911,2.37825089394323e-05,2.7032160649103837e-05,6.843750423537104e-06,0.0001409671259257777,3.558018125022749e-05,3.6543077415765305e-05,7.106663834707187e-05,6.11015596236755e-05,5.4087581257605645e-05
yejK,yejK,0.0007581999044749724,1191,0.0001182208660127417,9.436152144706601e-05,0.00013763064392977365,8.39448475748522e-06,6.0825205841693525e-05,0.00020792542537971,7.710342879538255e-05,1.1627571603669015e-05,2.8407636763224384e-05,1.3703119944226205e-05
rluF,rluF,0.0007579762985643849,1192,0.00021315288659587162,1.78825915855886e-05,5.276155163422124e-05,3.634736205726494e-05,6.081612103855131e-05,0.0001492615713639422,8.235539144946742e-05,1.4015982594852479e-05,6.685152369998214e-05,6.453131654464287e-05
yniA,yniA,0.0007578635344181357,1193,0.0002520528614398669,7.306133551913309e-05,0.00011769683542652045,7.410279013968922e-05,4.892568674814888e-05,3.423933444870059e-06,1.0037759790302572e-05,2.8882348696370164e-05,6.815352193283481e-05,8.152646128039973e-05
fepB,fepB,0.0007576071995155562,1194,0.0002939072102228519,7.942154075072366e-05,2.901453603588571e-05,1.4142853211887805e-05,6.573142998103141e-05,4.147896550558196e-05,0.00010436458673722011,0.00010611138371057461,2.273607971336931e-05,6.986136464296728e-07
ydcO,ydcO,0.000757202660457071,1195,0.00019283420264218942,1.8548255148778125e-05,7.760666891960844e-05,8.716350524760033e-05,0.00011498032190580743,9.125927973251833e-05,6.935099060937146e-05,3.3953041079198296e-05,5.836859766927356e-05,1.3137797502725655e-05
cheW,cheW,0.0007560753622546357,1196,0.00015077526306514692,0.0001209213002209423,4.808491699835773e-05,0.0001785398846137332,4.25162550667531e-06,8.097198692982458e-05,4.8487957868402785e-05,2.5926972225478257e-05,2.577330759800587e-05,7.234214722806873e-05
ykgG,ykgG,0.0007560676760288653,1197,4.3890707548787946e-05,6.419817805580308e-05,9.988412102708981e-06,2.1374843378370622e-05,8.572936581771143e-05,0.0001449595334526221,3.775593705768538e-06,0.0002169147746928544,9.510874233515641e-05,7.012752493908165e-05
cchB,cchB,0.000756032539508992,1198,0.00011426322478739654,9.264871675145567e-05,0.00013831275440962591,5.705779388837146e-06,7.656178431370697e-05,3.7806087499576314e-05,5.367078388257821e-05,5.949965033995897e-05,5.0251290621429344e-05,0.00012731246751442694
eutB,eutB,0.0007553432757825163,1199,0.0002082456169263099,2.0719945327687175e-05,5.567483028985322e-05,0.00016206097451508143,2.235719398728566e-06,7.117326242022896e-05,5.247816881093911e-06,6.202511778992724e-05,6.454416964250375e-05,0.000103415822591102
citX,citX,0.0007548731525129544,1200,5.133855980779641e-05,7.003971164708059e-05,8.675762814375162e-05,0.00019858563343936073,0.00013850785366799614,5.991746297013168e-05,6.383979247971886e-05,4.369069077009894e-05,2.4304603497464428e-05,1.789121608955494e-05
emrB,emrB,0.00075461669857064,1201,0.0002317893014315891,9.689170808887225e-05,0.00010566027633012229,0.00010974129536866681,1.1045203386828518e-05,1.4520678214676912e-05,2.6691959077461965e-05,0.0001244342079752421,1.8695464891523677e-05,1.5146603805656269e-05
tqsA,tqsA,0.0007541896245648646,1202,0.00021177191133183606,8.866349874019063e-05,3.7020173845336823e-06,3.720851914209426e-05,3.4609907246336806e-05,0.00019210487165779536,5.4309360823134485e-05,0.00011059616820178733,2.296426202986225e-06,1.892694383416976e-05
yjgI,yjgI,0.0007538628731136715,1203,0.00023361456275830593,1.8208926501997883e-05,2.035314090532552e-05,7.203736445927708e-05,0.00017890935846698948,1.0889291497025028e-05,2.754809779706496e-05,4.119376458644674e-05,6.468417537565418e-05,8.642419076558471e-05
bcp,bcp,0.0007535670427481892,1204,0.00019595896400235202,6.225003918481165e-05,6.66930322203974e-06,6.755353664789386e-05,7.727549379759454e-05,1.802976031698986e-05,3.301324907334549e-05,6.828986183294478e-05,0.0001457262923085276,7.880054236168965e-05
yghB,yghB,0.0007531703085691827,1205,0.00019302031725514259,7.196497771547372e-05,2.794073938629196e-05,4.7455769322639656e-05,1.133008983282337e-05,8.958443728103215e-05,7.816808087432602e-05,8.477220014724953e-05,8.078393680542366e-05,6.814975994877996e-05
emtA,emtA,0.0007530343687940976,1206,0.0002601732897013718,6.125831421285143e-05,3.4373691390146764e-06,8.690126030794097e-05,9.39511372271563e-05,3.9288594519563734e-05,5.791519856428529e-05,1.0454134149439822e-06,0.00010673446325860698,4.2329328448362435e-05
ygiH,ygiH,0.0007524506579281025,1207,0.00037092007423454945,1.624082975777547e-05,9.715559906127391e-05,1.1555011671741192e-05,3.901963985773166e-05,0.0001282194579194626,1.2461539773603592e-06,4.2025820663811774e-05,3.7652822392123244e-05,8.415248392272955e-06
yjdF,yjdF,0.0007524089211694635,1208,5.750208954821541e-05,7.40519998375507e-05,9.48843663538204e-05,0.00015298537126087834,9.293781341904524e-05,2.704657910870913e-05,7.946174843794164e-05,5.4651471419180306e-05,9.068121593024843e-05,2.820626585387387e-05
ygcR,ygcR,0.0007523447753809067,1209,0.000290402158071711,8.5827711277379e-05,2.7182323770609158e-05,4.4075184346138385e-05,7.900342192564612e-05,7.849758852030229e-05,2.059376998829866e-06,1.3483121960826366e-05,2.617830298136909e-05,0.0001056355855280955
ldrB,ldrB,0.0007508456341983741,1210,0.0003458800233435048,5.5346206436330766e-05,5.021352443846998e-06,4.490320389871473e-05,1.7073723841106873e-05,3.405638032796248e-05,3.068186573766682e-05,9.346018580606849e-05,6.34448747468912e-05,6.097781761628077e-05
yfbU,yfbU,0.0007507052963860449,1211,0.00023207657462986117,2.960475920560215e-05,4.471960017160336e-05,3.6914761858225005e-05,0.00014776688259285413,5.886330917411847e-05,1.350441607010922e-05,2.79385299253893e-05,0.00012487083663816122,3.4445626120120736e-05
sgcQ,sgcQ,0.0007506937992538611,1212,0.00020928015871357806,2.2165608583651527e-05,3.366204283018361e-05,0.00013564967993268508,8.053186732390137e-05,7.631680132775009e-05,9.699741060740617e-05,1.0601777045053978e-05,7.023550375401891e-05,1.5252949135632157e-05
yhcH,yhcH,0.0007505424734893997,1213,0.00033541576645805017,1.9410135149964142e-05,2.8348416116730246e-05,2.6624707046436215e-05,2.316419895475132e-05,2.2851528550577467e-05,6.624031864123012e-05,0.00010185307217583631,4.618633642638612e-05,8.044799396943756e-05
yfeN,yfeN,0.0007504432287418917,1214,0.00027497455455560585,9.07294430206723e-06,0.00010610272146613138,4.244075345846516e-05,5.195586925704215e-05,5.149161185853422e-05,3.494836692562265e-05,2.081695584775103e-05,0.00013325933022398167,2.53801208466904e-05
pncA,pncA,0.0007503475305255446,1215,0.0003016222620737651,1.589543647282574e-05,5.095053684352269e-05,1.626443977489828e-05,2.5583106469024405e-05,1.63553239190894e-05,0.00011950574260235499,7.013033013054888e-05,7.157262906018426e-05,6.246772317933091e-05
panC,panC,0.0007503426480552676,1216,0.00022365863146310655,2.0532871705326885e-05,5.1709842827522444e-05,3.247325672901607e-05,0.00012589929225732924,4.207774440093092e-05,0.0001481838396147893,5.7427024220152824e-05,2.2235055226531593e-05,2.614508961056167e-05
hfq,hfq,0.0007493929164231923,1217,0.00022231050447495002,0.00021549444398572323,2.157397966114925e-05,4.4803106820022436e-05,4.7810424192324195e-05,6.0325000807461956e-05,5.2318864820818416e-05,1.6364509073317888e-05,3.6957513787342626e-05,3.143456880008239e-05
intB,intB,0.0007486965316150927,1218,0.0003643223515782226,5.26671556683951e-05,1.5736103017262713e-05,6.111323925063471e-05,4.0719290735456124e-05,0.00010660951555413982,3.364035072424837e-05,4.6526121712835816e-05,1.9813610995654683e-05,7.548792378242734e-06
ldcC,ldcC,0.0007485253696063302,1219,0.00038803208077686763,0.0001356508705235078,1.8225913805559487e-05,3.291577228173163e-05,3.256292116148369e-05,6.003041832639264e-05,1.9399812263516486e-05,2.977882046663252e-05,1.469914569506311e-05,1.7229614305575396e-05
yfdL,yfdL,0.000748387802293909,1220,0.00019706099416623226,2.1343238987406883e-05,3.707364162606495e-05,2.2450507857953415e-05,4.687781037791374e-05,3.4024996168848154e-05,0.00021744390348345534,1.8298278507547567e-05,0.00013085609496080213,2.2958336157684658e-05
gcvP,gcvP,0.0007482084574710809,1221,0.00024933937704424425,7.530260090757444e-05,0.0001294355652557797,4.867688229186311e-06,7.042667212401215e-05,1.2352097243326582e-05,1.6468888239312257e-05,1.0843391648695364e-05,4.04995366288136e-06,0.00017512222311606858
pflC,pflC,0.0007481291516822871,1222,0.00023742344729754845,7.491921569470058e-05,1.5241574394249927e-05,3.1389386183243614e-05,7.618195405874562e-06,0.00015216587827090102,2.3869144480506207e-06,0.00015545573577585833,1.2892412471907745e-05,5.863639173995217e-05
yqcA,yqcA,0.000747831903641684,1223,0.00032965975041973394,2.4995121120287174e-05,7.593711977630254e-05,8.812637790102144e-06,6.507850793202081e-05,2.8035538892102883e-05,4.433790119214107e-05,5.271023972297285e-05,8.427888618682456e-05,3.398620060919598e-05
yehB,yehB,0.0007476842552770707,1224,0.0003184403332797112,9.373124149423794e-05,4.093240625480956e-05,2.0141321111988012e-05,2.381316287750885e-05,4.496819915172238e-05,1.6642290416801312e-05,8.440670505373949e-05,6.633422243997947e-05,3.8274373196572515e-05
entE,entE,0.0007475302371944566,1225,0.0002495864052638375,5.362340039266998e-05,4.515122764827007e-05,5.6024376230415404e-05,0.00016291827965785082,2.6804584493114152e-05,1.6423380592483495e-05,2.127985420405269e-07,9.435030555575309e-05,4.2435478818021564e-05
yheV,yheV,0.0007465332949534478,1226,0.00033016274783307704,0.00012968947494100913,1.8477991722197947e-05,7.521679578147843e-05,7.033074181607409e-06,7.375814057834078e-05,1.2165449443399384e-05,3.728468767990519e-05,1.4348425473465068e-05,4.83965073189676e-05
ynfN,ynfN,0.0007458704871171058,1227,0.0001548118228382509,1.9590567257609433e-05,4.933392987231617e-06,5.0014220556197443e-05,2.8142378929000905e-05,6.63629305019983e-05,7.812659939518574e-05,2.990066253949697e-05,0.0001891982422335088,0.0001247896698786257
lplA,lplA,0.0007454878358788984,1228,0.0003119594687355593,1.2312979944253163e-05,0.0001652772420593152,1.827857068086024e-05,9.883283311783195e-06,6.034363076613141e-05,8.45309737786341e-06,3.4332251919117306e-06,6.137188683486152e-05,9.417445097635913e-05
hypD,hypD,0.0007453973248149447,1229,0.0002579550137411618,1.8083473318295415e-06,3.0000194591590343e-05,0.00013899272396152913,2.702535016637323e-05,9.902542797135094e-05,8.252292658804809e-05,5.439351977510687e-05,3.0456279104471015e-05,2.321754158348371e-05
hycA,hycA,0.0007446055902324742,1230,0.00012844287404169128,5.2521365136372514e-05,6.615444336165142e-05,6.0679927771046606e-05,0.00017646038818824576,7.438137144451164e-05,3.066186679445617e-06,6.781303289870573e-05,2.7446296688665227e-05,8.763970402213838e-05
lpxP,lpxP,0.0007445443948788722,1231,0.00021841341631594774,3.6288028929092556e-05,0.00013279073871037925,6.927419006184663e-05,2.69242975680234e-05,5.717317867834047e-05,1.2478572756387657e-05,3.20138236727997e-05,0.00015231802663861788,6.870121547436945e-06
nudE,nudE,0.0007441091333554739,1232,4.156473853116784e-05,0.00011956388921276548,5.691761403125736e-06,9.234694621897033e-06,4.187742382291099e-05,0.00010020252885116247,0.00013727822445941022,0.00013212322770205027,5.7591156842163936e-05,9.898148790881992e-05
yfaT,yfaT,0.0007431259733158685,1233,0.00039351974780688233,3.1727837865877403e-05,5.7818563825703195e-05,2.1910062824132058e-05,3.914348453847581e-05,3.225708575763412e-05,5.568166959823017e-05,8.180782863982497e-05,1.0060851855904275e-05,1.9198840603204094e-05
ynjA,ynjA,0.0007430246462975573,1234,7.230726893012352e-05,7.202295402326091e-06,6.577520962843404e-05,0.00015802778609007304,0.00011891631102876528,8.844978612067804e-05,1.1803385954028408e-05,9.854862491725598e-05,0.00011468249714147456,7.311481084398228e-06
yceF,yceF,0.0007427877939493747,1235,0.00023954285272808235,3.7196327409516336e-05,0.00013288753017214112,4.093492190761349e-05,2.568224866464742e-05,7.227740760164466e-05,9.601902877672423e-05,5.1298802933047886e-05,9.305476201424506e-07,4.601812613581482e-05
etp,etp,0.000742608137112635,1236,0.00018707755759799679,1.923469225715826e-05,7.33609846504759e-05,7.35672855253797e-05,1.574813065415919e-05,1.989301235090127e-05,5.1128898838720476e-05,0.00018447131447706151,0.00011344572832956947,4.680532431212387e-06
yghT,yghT,0.0007420829909254821,1237,0.0002832595519803335,1.6659735620447664e-05,1.0454662388564099e-05,1.4697417216292015e-05,8.936766549802796e-05,0.00016858450405321488,6.782202237913449e-05,6.457702597762207e-05,1.126299702335643e-05,1.5397408788488945e-05
luxS,luxS,0.0007414701375810036,1238,0.0001913316070601268,0.0001916090500420745,3.40606989818126e-05,2.0867300413737545e-05,8.948190611263777e-05,6.426261835552563e-05,2.553244561434439e-05,3.45213070859803e-05,3.717796323965965e-05,5.2625240675104315e-05
yccX,yccX,0.0007414142763683055,1239,0.00028583963113273253,1.3045355280890009e-05,1.4572168774396782e-05,4.088200986830687e-05,3.016763031480884e-05,4.9219830918467526e-05,0.00021695651820219768,3.5677059940544394e-05,4.5513173182136725e-05,9.540898753824088e-06
eutA,eutA,0.0007409932431235537,1240,0.00022514459292172857,0.00013367562558013369,2.1574387929278497e-05,8.528149721999335e-06,1.6906305775345762e-05,4.093321143234501e-05,7.946830595285793e-05,2.982773738016003e-05,0.00017649964470855894,8.435281721146008e-06
ninE,ninE,0.0007406587105897047,1241,6.00627346869935e-05,6.385389577865548e-05,7.463653062384466e-05,4.063001030378441e-05,2.8271983524844206e-05,0.00012841874161398064,8.913312492050217e-05,0.0001080747398525593,0.00010212454709569412,4.545240218884623e-05
mhpT,mhpT,0.0007405196363428005,1242,0.00013313143557303552,6.0446503214853044e-05,2.6344132064617333e-05,6.83794399138229e-05,5.846838214700303e-05,5.5624527351763774e-05,0.00013139412311963792,0.00013142302607361417,1.6887974612402314e-07,7.513918713832876e-05
fsaB,fsaB,0.0007398728463639449,1243,0.00021894040323548064,1.4906601247354134e-05,8.276537403184088e-05,9.053714626415102e-05,3.725799505474949e-05,6.51185500791162e-05,0.00013676980829691051,5.113514835610071e-05,3.609016402196635e-05,6.351655776274785e-06
yliA,yliA,0.0007396033117567117,1244,0.00016179806772932936,8.240965038969806e-05,0.00012763154049279365,4.751850528716888e-05,5.301218844227747e-05,6.974044951818134e-05,1.602209348718212e-05,9.036347584215718e-05,8.89253468531648e-05,2.1819937147588254e-06
prpB,prpB,0.0007395920298995966,1245,0.00020199354916423514,1.6812340636479802e-05,4.251814399376072e-05,2.6946771951390142e-05,0.00015299519511537913,2.8805664922874206e-05,6.103510942072803e-05,9.65897213548235e-05,6.31249114268795e-05,4.8770621913046454e-05
ypdG,ypdG,0.0007394343460226175,1246,0.00016076394795959168,1.3869371866792568e-05,5.519740142310914e-05,1.42170132974502e-05,8.534692517754003e-05,0.0001892214915117305,1.6201595060319053e-05,0.00010555414111212937,8.338853176535832e-05,1.5673926848596845e-05
yebC,yebC,0.0007387196572974689,1247,5.242974783217832e-05,0.00019208039529823232,0.00015848527922634263,2.6863124972994227e-05,3.3159771051878763e-05,0.0001529028996338492,4.8132668594555946e-05,2.285081979989047e-05,3.4061844747465146e-05,1.7753106140081968e-05
ybeR,ybeR,0.0007380844513429776,1248,0.00033781483451561734,2.1182291932989167e-05,4.7525572787081385e-06,3.231855103473195e-05,3.199920193844228e-05,1.6289216218756145e-05,6.613618112755655e-05,0.00014337252800927745,3.131428653348055e-05,5.2904802753417945e-05
bipA,bipA,0.000737707675418655,1249,9.512075322650115e-05,0.0001964470565880644,2.3275709455108993e-05,2.911404103080449e-05,9.19593557429889e-05,4.4811268029759644e-05,7.332598682262375e-05,0.00010756665226847874,4.252147953236009e-05,3.356537272196494e-05
rbsB,rbsB,0.0007370079538691011,1250,0.0002450935887077583,9.736464951556852e-05,1.2060470722394469e-05,4.2799978682786994e-05,7.38387072320302e-05,0.00012731223844902632,4.922712930973473e-05,1.469512175657301e-05,6.393498971484568e-05,1.0681079778382927e-05
yiiU,yiiU,0.0007366507940842346,1251,2.3912117383715566e-06,0.00011308505369026837,6.655878791926713e-05,9.701902078689647e-05,0.00018814713772284544,2.3894963657381226e-05,7.580377451647425e-05,1.8726010655793695e-05,0.0001392692213911896,1.1755612005746831e-05
alx,alx,0.0007362749103345787,1252,0.00018981614972759983,6.277162272505076e-05,0.0001803926455491623,6.59591066311552e-05,7.888139451975375e-05,2.8745760274012643e-05,7.362183441882407e-05,3.4546791151867344e-05,5.856830255281152e-06,1.5682775081871904e-05
yiaB,yiaB,0.0007360961414188435,1253,0.00023372165100553802,6.027529559491044e-05,0.00010859189130632716,2.009442059728903e-05,1.6654421072346116e-05,0.00011861648885446878,2.2255561264812807e-05,2.8206193622216077e-05,1.2625504760737695e-05,0.00011505471334019744
pyrF,pyrF,0.0007359480857167204,1254,4.3087279200148165e-05,6.098480251487235e-05,0.00012104417790466206,7.697824638283839e-05,0.00013564354889842824,5.407475124622267e-05,0.00012154624370568275,2.3818087140447644e-05,4.386611441841714e-05,5.490483430500096e-05
atpA,atpA,0.0007341419622586337,1255,0.00010135758750585686,0.00021960385934687298,1.0244046895861088e-05,4.3037987706602015e-05,6.160334682753178e-05,5.852355444666914e-05,5.647345072164455e-05,9.056859359918708e-07,7.500261324706156e-05,0.00010738982962454195
uspF,uspF,0.0007339341239377321,1256,0.0003022799533498261,2.0221162353243278e-05,3.612303565217139e-05,3.294785343131664e-05,1.78582878267621e-05,0.00014908976570919024,6.64325884231715e-06,6.756518243643095e-06,0.0001031929792910521,5.882130923821016e-05
cysQ,cysQ,0.0007336460401510474,1257,0.00012573400862883312,9.408205471290185e-06,0.00018096427529412873,0.00011740661910042097,2.572271400701938e-06,3.0025527938234643e-06,0.00018475275674446068,4.513615344947941e-05,2.4672018046251824e-05,3.999717922165706e-05
hscB,hscB,0.000733305567215851,1258,0.00012183977102237,7.178298516139388e-05,7.877254357711976e-05,0.00010870370130399246,4.425688279458977e-05,2.6204610340029265e-05,2.3882940674100394e-05,8.384183454280495e-05,7.05644574538042e-05,0.00010345584034564633
ybiN,ybiN,0.0007326809793342929,1259,5.599670215630641e-05,0.00020439295098298227,1.27360989674757e-05,7.148760099309737e-05,1.5282150368856347e-05,6.667291594198228e-05,4.2899736112294536e-05,0.00019851755438959044,2.495534529074848e-05,3.973992413095906e-05
trkD,trkD,0.0007326744293036679,1260,0.00031262954449628197,1.59896220040416e-05,8.730651612372661e-05,0.00010362090189862286,7.205812271023649e-06,2.3841583853675074e-05,4.941516037666675e-05,5.605662293956505e-05,2.334058471222016e-05,5.326808062784428e-05
ygfY,ygfY,0.000732400679472887,1261,0.00023443666208853735,6.289376759729033e-05,8.406779340833695e-05,1.685677499783314e-05,0.00010601295212992957,3.3400231817681694e-05,2.4597646088828476e-05,9.431811536681698e-06,2.2047955017826024e-07,0.0001604825602575897
bioC,bioC,0.0007318564452985799,1262,0.00028190434205336787,4.0140288002084324e-05,9.179408092422436e-05,9.196995944874028e-05,3.504055593753953e-05,0.00015235801340427875,1.353266418488659e-05,1.4488630329528301e-05,4.39603771061211e-06,6.231873303317763e-06
rluD,rluD,0.0007318442838597093,1263,0.00012387270097259168,7.42152300956626e-05,3.9385650363930926e-05,6.110456378853634e-05,5.338709839834386e-05,6.131091659562645e-05,7.069717460836041e-05,0.00010519585285153473,7.0573391774971045e-06,0.00013561775700762533
cheA,cheA,0.0007307752718858731,1264,0.0002523173872330641,0.0002333939918015897,2.78242004084065e-05,6.316880401532048e-06,2.9707708911243102e-05,1.4543548751869717e-05,4.187376015882442e-05,4.791341596934493e-06,5.686001504082544e-05,6.314643758158357e-05
ybbD,ybbD,0.0007301538931896448,1265,0.00031639313807883904,2.70891686627362e-05,5.8055138878263706e-05,2.694669057268573e-05,8.701984667974132e-05,6.750049781686682e-06,6.007756553083956e-05,2.902732012282818e-05,2.44261369710889e-05,9.43688379109355e-05
ytfA,ytfA,0.0007289659528015528,1266,0.00036788668160193054,5.612261275460241e-05,6.372543747365611e-05,5.38974559971443e-05,5.081827586519029e-07,1.52848566972907e-05,1.6922242583625684e-05,6.042244153715105e-05,2.6369626683963747e-05,6.782641471353624e-05
ybfF,ybfF,0.0007284237974090337,1267,8.93487376228738e-05,1.0079419567661016e-05,3.298752389417943e-05,3.918102706396317e-05,0.00013636670617998064,7.661471845025703e-05,6.048163070252614e-06,0.00018641796578804784,5.181202425855676e-05,9.956751151326133e-05
ccmA,ccmA,0.0007283194839988162,1268,0.00030414739321963253,3.55870977010852e-05,3.172154652719552e-05,5.116255971389578e-05,4.1339281994084915e-05,1.947729651460863e-05,9.009517457399026e-05,1.2829578943565877e-05,0.0001183196249292208,2.3639929881536827e-05
spr,spr,0.0007272887051589196,1269,0.0002734584748225945,4.4582677147944184e-05,6.512565637830023e-05,6.140044794951744e-07,0.0001050331532031427,3.0091473996943892e-05,3.7992196517158926e-06,2.4232702750959836e-05,0.00014097411265911094,3.937723006871207e-05
tap,tap,0.0007271535496159148,1270,0.00025303688543086854,3.901258343659254e-05,0.00012269533962768213,1.665265548436424e-05,3.9786901066657284e-05,4.8577347626288824e-05,0.00012349488885005815,2.4496450997824553e-05,3.841942716635045e-05,2.0981069929228133e-05
potF,potF,0.0007271272142238153,1271,0.00016339296413180846,1.7377062441550164e-05,5.053683137171799e-05,1.3255877178142838e-05,4.577203753002258e-05,4.91587958539711e-05,0.00011662570034815554,4.822270618423858e-05,5.6329433882144855e-05,0.00016645580530206327
yihX,yihX,0.0007262876812779751,1272,9.165107006888138e-05,4.707372108784134e-06,6.890040967255977e-05,3.3602719327315126e-06,5.5290757524294345e-05,4.4652695684965885e-05,0.00010130296992590523,0.00015218149286524638,0.00012558538016059034,7.865526133401614e-05
ygjQ,ygjQ,0.0007257780026727928,1273,9.013982381129145e-05,4.17569107885168e-05,7.020115700273879e-05,2.0108041905049114e-05,6.587315726235952e-05,2.2427055067623097e-05,0.00010308807154554882,0.00020867311139958255,8.619317176525273e-05,1.731750212482987e-05
nanA,nanA,0.0007254199125389219,1274,0.00030777095055552726,3.6403026026041074e-05,2.518834038911536e-05,0.00010435416958889653,1.652827319661493e-05,2.9926103662204988e-05,4.894141030874304e-05,0.00012128734849501256,3.0308965253100927e-05,4.7113250636651225e-06
btuE,btuE,0.000725038156348222,1275,0.00013577139043791594,7.369440948915724e-05,9.870885905870529e-05,0.00012242503767661073,3.785646392134466e-05,9.833021973282054e-05,1.0335119788991352e-05,7.302535456023705e-05,1.9948288986244612e-05,5.494301269619456e-05
stpA,stpA,0.0007249865377057506,1276,0.00017003613648229843,5.000472898761004e-05,3.862505212602617e-05,7.885749998498045e-05,7.314023978059785e-05,3.227253234148726e-05,3.531689499494763e-05,4.215591268201919e-05,0.0001355263264716383,6.905121385414529e-05
sfsA,sfsA,0.0007249671304841556,1277,0.00017656019179463313,4.96783728404e-06,0.00011072010371124984,7.826916389664004e-05,0.0001391498328947767,2.3331952311024374e-05,5.20639520518307e-07,5.0832154697613156e-05,5.136471480174624e-05,8.925053957191386e-05
cmk,cmk,0.0007245735096711686,1278,4.7146440442810735e-05,0.00017900811901045772,4.811551873484486e-05,0.00010572367987242673,5.361580172375317e-05,0.00011289491738562021,7.570852815289748e-06,5.9553315551176033e-05,1.617143671220959e-05,9.477342742257984e-05
yfjG,yfjG,0.0007245599184670309,1279,0.00018255711691902215,8.12774822515125e-05,4.757408259000082e-05,6.434093193796624e-06,5.93365168613495e-06,8.481550903830414e-05,0.00012740546168865527,2.5186102428087743e-05,2.6997337287264527e-05,0.00013637908138425218
pmbA,pmbA,0.0007238460341086299,1280,0.00011031264353549888,9.691783054101097e-05,0.00016446009473904924,2.8808525092821884e-06,0.0001638112688197068,1.856298161006163e-05,3.9676149592999843e-05,9.926052263244623e-05,1.1968129184284814e-05,1.599556094428928e-05
garK,garK,0.0007236579605494232,1281,0.00011916237130939197,4.065384039063028e-05,8.13165829346404e-05,7.033234061686131e-05,1.9310197132836754e-05,0.0001514708072925581,5.036840849927038e-05,8.98467175265886e-05,6.398814820056624e-05,3.7208546646079084e-05
yfdS,yfdS,0.0007233298951554274,1282,0.00010072354687174418,0.00011653228884351417,0.00011762221028905026,1.0998928978789551e-05,6.6148799820784e-05,8.695777312746996e-05,1.3048285372513578e-05,5.1780788090959424e-05,8.934591402070727e-05,7.017135973989493e-05
mrp,mrp,0.0007231375216122614,1283,0.00012361778366697245,9.335069318161379e-05,0.00011429834780427381,1.8460601193710774e-05,0.00016276029161911887,1.2136320642514019e-06,6.717867402683548e-05,3.762736653398735e-05,3.0104327396193792e-05,7.452580412530364e-05
rpe,rpe,0.000722407381796858,1284,0.00025361987257458714,6.606537375113765e-05,2.7085915931010056e-05,0.00013169476932945134,7.329243510895857e-06,2.0361074861349755e-05,4.4640320954070205e-05,7.951318706791762e-05,2.4507277017334362e-05,6.759034679910419e-05
murF,murF,0.0007222679383995536,1285,0.00026712982734709585,4.213713552079899e-05,2.7876747516098766e-05,0.0001205536425040752,5.479300245075989e-05,1.0875457020950764e-05,3.3321426717920786e-05,2.83032833001352e-05,9.46996208254252e-05,4.257779519629292e-05
hemC,hemC,0.0007222106084181455,1286,0.0002184423868158882,3.077070089315009e-05,4.400907207920382e-05,0.00014175527297690145,4.063713709719444e-06,4.566179924298012e-06,4.1060097266157046e-05,4.732299064334863e-05,8.777196416915718e-05,0.00010244822994032181
ilvD,ilvD,0.0007221550656305733,1287,0.0002805751719087996,2.152785433274273e-05,5.454903495619625e-06,5.36462244232922e-05,3.2847945027410756e-05,9.130309137067194e-05,8.857407818070607e-05,7.899434645783265e-05,8.853205452630206e-06,6.0378244980867485e-05
ldcA,ldcA,0.0007217176795119792,1288,0.00017343251772466864,9.628756532945012e-05,7.172177625499499e-05,0.00013059909693801115,4.406079720663174e-06,7.184058170437261e-05,2.536048107962895e-05,6.700725911734885e-05,2.3377106697281178e-05,5.76852149455595e-05
ycgY,ycgY,0.0007209239473949129,1289,0.00030870668134811287,5.7066853794241225e-05,0.0001283673917689839,3.881208589579165e-07,2.586646445215236e-05,1.6647377729428904e-05,7.01530579006069e-05,0.00010135175261209032,3.260174205234299e-06,9.116072725104287e-06
narL,narL,0.0007208181002550548,1290,0.0002395241037176646,6.328330505055789e-05,8.407483571074915e-05,4.2187450301931295e-06,1.321262934147278e-05,6.800660863827175e-05,0.00010195268166415291,3.798341174526482e-05,6.030176868703572e-05,4.8260010669692115e-05
hcaT,hcaT,0.0007207955596362445,1291,0.00024702503302463506,6.50516301112368e-05,3.6178187762960455e-06,0.00010611180157599086,7.636283421061665e-05,2.2534518987774246e-05,4.63554883186915e-05,5.442707179924169e-05,1.6986502722632504e-05,8.232286010912925e-05
yifB,yifB,0.0007201664493110922,1292,0.0003402792578793444,1.1840240944960524e-05,0.00014437428018387264,4.016489260254699e-05,3.722924026543134e-06,5.0049907538468436e-05,2.677234554339002e-05,2.924433125758484e-05,2.0303651988716104e-05,5.3414617345665033e-05
intS,intS,0.0007200297783622907,1293,0.000235892101465601,3.4393284522416106e-05,0.00010202213960362535,6.505899340278872e-06,9.320744472248951e-06,4.5016623110880246e-05,8.825006348103405e-05,4.1254004997876084e-05,1.9279441536501717e-05,0.00013809547583182842
afuC,afuC,0.0007194776793249308,1294,0.0002198666827200582,4.7117076175163416e-05,5.5196375747827e-05,1.8133614704105824e-05,6.608698509729825e-05,2.9004965476668423e-05,5.977891298298538e-05,4.552176924974811e-05,0.00015864514529444733,2.0126151876628956e-05
hybB,hybB,0.0007189352982071942,1295,0.0003186368639609018,8.332934450804404e-05,2.240247857103501e-05,2.0580803348453836e-05,2.198781371008645e-05,4.881474528825466e-05,9.771557866177581e-05,3.5300484246645784e-05,1.2104567614919695e-05,5.8062618297077146e-05
ybbK,ybbK,0.0007185019654369718,1296,0.00020599131191209979,0.00017277732466371474,6.791557859248286e-05,5.931917356583489e-05,2.3568751282524265e-05,1.4622957973677672e-06,3.302738284651975e-05,7.670136037349715e-05,1.3714838395490656e-05,6.402394800743993e-05
yifN,yifN,0.0007183312464359205,1297,0.0003538603630396226,2.6881825969968798e-05,3.2368213138073935e-05,2.0650714700742277e-05,3.9072342588155186e-05,1.3921812852642017e-05,7.440697867706337e-05,4.329150280546084e-05,0.00010305309193235439,1.0824400731837021e-05
yjeS,yjeS,0.00071829878601458,1298,0.000214324764100289,0.00013234304600713621,2.8698293351959872e-05,2.2776512353344707e-05,2.5894201244102857e-05,7.675359673860894e-05,2.6530145064073152e-05,5.215513624828968e-05,5.882303879335116e-05,8.000005211342435e-05
ddpD,ddpD,0.0007180255579399243,1299,0.00017366835375745207,0.00011434119664413152,1.276820890633557e-05,3.3853132517218427e-05,2.7116984845039094e-05,3.1649446209814325e-05,0.00010817549481758922,7.940985660106235e-05,0.00010262277945222628,3.442010418905538e-05
ydcI,ydcI,0.0007179662683445396,1300,0.0002736295916923422,2.5080935759949573e-05,5.249756828957929e-05,6.012443602049489e-05,4.2250445402672994e-06,7.98813745827622e-05,2.752704723777893e-05,4.1325973979861107e-05,0.0001340631107280611,1.9611185513443077e-05
ttcA,ttcA,0.0007178220180334299,1301,0.0002727912940627057,6.710844961574273e-06,1.4176684324849587e-05,1.0622800499578744e-05,0.00012189242734707674,2.9245545878604406e-05,3.257745974538447e-05,3.955036497232104e-05,2.3397197477428378e-05,0.00016685739876390654
trmA,trmA,0.0007177390365495946,1302,0.00028718622023509214,3.524925515521515e-05,1.1702516170265088e-05,1.0814610551147314e-05,0.00012559584218507208,1.217931893999805e-05,7.843836082679227e-05,0.00011261785272298612,3.738404711013062e-05,6.571012652895823e-06
crcA,crcA,0.0007175267813946612,1303,0.00013320184082300115,1.0566131436085936e-05,0.0001841788046229518,2.061411092318646e-05,8.512780338641248e-06,4.135793992334567e-05,0.00013662435949687664,0.00010090572830854386,2.2622398673498475e-05,5.8942686848529955e-05
yfiO,yfiO,0.0007166544621350852,1304,0.00018061464235607732,2.9474801886087904e-06,4.82569211469882e-05,4.184833393495687e-05,4.838278715256032e-06,5.7398470185121735e-05,1.3641844248985258e-05,9.634220656317927e-05,0.00015831828112255008,0.00011244800367336168
ynfA,ynfA,0.0007166055527533357,1305,0.00017572191617072934,1.3850205691536403e-05,0.00012537476923725143,1.0985664840066727e-05,2.1831573333437107e-05,9.222787345533039e-05,7.81016272553324e-05,8.773875403264972e-05,4.709944907867245e-05,6.367371965832971e-05
rpmF,rpmF,0.000716296202989733,1306,0.00038586522964809464,1.4530735246364407e-06,7.102261244144468e-05,4.234182507190507e-05,3.33832648942035e-05,1.8417184191332014e-05,3.5099570477124953e-06,3.6670121768404936e-05,8.413189844348665e-05,3.950103595851249e-05
alr,alr,0.0007161389923614301,1307,0.0003156976872232727,1.708962659765265e-05,5.068832924444046e-06,1.825057128348856e-05,4.5693597390683834e-05,6.557417768506095e-05,3.61632278256921e-05,3.6667231429878286e-05,4.071864261488751e-05,0.00013521539738636941
ydiR,ydiR,0.000715901864851523,1308,0.0003150085503610618,7.837991440396138e-05,5.0068039832002255e-05,3.6658340153305114e-05,5.874652274374242e-05,2.795564418439084e-05,3.3021360507192134e-05,3.7618466137468744e-05,4.3215804300570764e-05,3.522922222782753e-05
pgaC,pgaC,0.0007151993301072284,1309,0.0003227703165341517,4.992036880534601e-05,4.4175364705785086e-05,2.0025119319065376e-05,7.166773838056508e-05,4.027433916765814e-05,4.7548008868609825e-05,5.450471690845652e-06,0.00010145502423753981,1.1912578397661657e-05
mukE,mukE,0.0007149682885246753,1310,0.00018775335895478013,3.925710991543927e-05,0.0001248231254108164,7.742000956319359e-06,3.105590412684557e-05,4.280282391013236e-05,2.9362901586106998e-05,0.0001620956400949196,4.596329327549952e-05,4.4112130293816074e-05
ydfC,ydfC,0.0007147604158790057,1311,0.00020449099867160387,4.3231335115301326e-05,3.595429597579926e-05,0.00019261642309183807,2.5198312979019415e-05,2.455003196400732e-05,3.450862851447061e-06,0.00010072025255521699,8.193940791748732e-05,2.6084947572851676e-06
hyaF,hyaF,0.0007144427860350923,1312,0.00031383571719789395,4.344979127924768e-05,3.369066427644084e-05,3.623154079552976e-05,1.0292280862291929e-05,5.104655162168262e-06,0.00010206628111637049,9.216297942240978e-05,4.138152906644691e-05,3.622734685629257e-05
fliF,fliF,0.0007141302007114171,1313,0.0001057407707484155,6.396665242186122e-06,0.00012215708795350807,1.493340018161698e-05,0.0001597576191473517,5.151239048068077e-05,0.00011202512801827283,6.053280783365834e-05,7.501265837750794e-05,6.0616727282188615e-06
ydgC,ydgC,0.0007128031905455038,1314,0.00026639630583645123,2.6986915358561523e-05,6.247469847044835e-05,0.00012995787531355318,3.123377239529159e-06,2.526312344346072e-05,6.771630821174309e-05,5.124436056839345e-05,3.007537133497825e-05,4.95648547683848e-05
psiF,psiF,0.0007127953850747861,1315,0.00011799847179617787,5.677007300607576e-05,2.437334231155658e-05,0.00011451473918569531,0.00012099116688754878,3.51770966216712e-05,5.67456897142284e-05,4.211647459983791e-06,0.00011901952951513117,6.299362857671726e-05
moeA,moeA,0.0007124042404793193,1316,0.00020650146065455215,3.9801877495427754e-05,1.7909325740087607e-05,6.463029931419723e-05,0.00014836222268619332,7.105768394808371e-06,5.310882502127158e-05,5.822178979279834e-05,3.373903340552969e-05,8.302363797445322e-05
oppC,oppC,0.0007123102387036586,1317,0.0002485083795888691,3.442938235006974e-05,4.076267806604543e-05,1.4516483291561149e-05,8.001330021253369e-06,0.00012050406520617551,3.989168921630941e-05,5.951637940444959e-05,0.00011978182168239087,2.6398029876534468e-05
php,php,0.0007122479390928292,1318,0.00021630754913146797,3.203280917133305e-05,3.946984933545444e-05,7.335237429983353e-05,6.427833327084442e-05,4.504353433776757e-05,5.609991920150074e-05,0.00010926089331598223,5.8786073261447645e-05,1.761660376719759e-05
yjaB,yjaB,0.0007115760908189462,1319,0.00019214802981162374,6.638861342924166e-05,1.964526387745494e-05,0.00013424516263708467,0.00010892078534109281,5.225910905861968e-05,7.706261298686193e-06,9.412986871165328e-05,3.6163875290749114e-06,3.2516609124414447e-05
recJ,recJ,0.0007096560670364132,1320,0.0003621911605456291,6.189795850545007e-06,8.653665842680998e-05,1.3769082577269705e-05,3.403668763474147e-05,3.500279658166706e-05,5.1132388895355966e-05,3.656737767381383e-06,2.4030038697807645e-05,9.311072005920587e-05
manZ,manZ,0.000708736146554991,1321,0.0003192597971812791,2.282671965617333e-05,2.9720350114279816e-05,6.594015371868925e-05,1.7315987096764837e-05,0.00013521397326531184,1.3579601215730473e-05,3.7806065144172504e-05,1.7054340980347625e-05,5.0019158182241994e-05
folD,folD,0.000708647218088378,1322,0.00022267442149075928,8.679559054515597e-05,1.753970729257679e-05,0.0001880584020874768,9.52120841752825e-05,1.0815358889518939e-05,3.404810944431978e-05,2.261993413724015e-05,1.8119453328401358e-05,1.2764156697646512e-05
narJ,narJ,0.0007078089608832394,1323,3.846028468169869e-05,0.0001247833689248661,0.00013325910678729948,9.287984666072531e-05,3.5923959492401474e-05,6.156374637268786e-05,6.690271455991271e-05,8.582974920228637e-06,7.833268223377499e-05,6.712027624964413e-05
proX,proX,0.000707453147702968,1324,0.0001771302850803839,3.314527076901794e-05,0.0001108034150482503,3.411539994635753e-05,8.895185793382213e-05,5.280210540385558e-06,0.00014399285840239608,3.5593051174422504e-05,4.6406026978294553e-05,3.203477182963753e-05
ygbM,ygbM,0.000707176292326073,1325,0.00017835921130388802,3.835332168856546e-05,1.794414174128392e-05,7.854924899288846e-05,8.063241614435972e-05,0.00010131648724022056,6.862415857639839e-05,0.0001047490558159144,1.5104276451628753e-05,2.3543974370925173e-05
hscA,hscA,0.0007069862516263104,1326,0.00017295664726198618,4.620003830252019e-05,9.156048601686091e-05,2.1538019763835657e-06,2.0590519754025342e-05,6.9371602664337e-05,1.1697368940833262e-05,0.00011181036703861734,7.614154125967586e-05,0.0001045038784110708
yfdK,yfdK,0.0007069603010527501,1327,0.00029446102319635037,2.8901133865275327e-06,4.542733445171691e-06,5.4495103764194244e-05,8.482072143101571e-05,3.994843374789445e-05,1.781317665220932e-05,5.455282831396381e-05,5.742050178086475e-05,9.601566533455829e-05
nrfB,nrfB,0.0007069497797201572,1328,0.00024876339044039073,0.00010252237023761564,2.1661327010772984e-05,1.8524442079013452e-05,5.128889694325768e-05,9.858369904672368e-05,6.436646225282886e-05,2.893245831185783e-05,5.199798314402856e-05,2.0308750253667846e-05
rhtA,rhtA,0.0007069121727572333,1329,0.00022084377155974153,1.682739225139726e-05,8.378416604339103e-05,3.5312495240493895e-05,2.585956611397155e-05,6.406154454114592e-05,4.281214942374686e-05,0.00012916899836004633,5.038296186055209e-05,3.7859127362746724e-05
yigI,yigI,0.0007063245129797146,1330,0.0003292823475286167,8.939485210243925e-06,5.517656199230312e-05,5.28702788177283e-06,3.4070232567629255e-05,4.9416969934237896e-05,0.0001017268240194679,3.744336728431788e-06,2.9616173242920317e-05,8.906455387409093e-05
envZ,envZ,0.0007062534384813838,1331,0.0003572390716504474,1.7761291185471973e-05,3.5992239880143917e-05,7.629958685271289e-06,7.305381452958348e-05,6.511193706214829e-06,2.9383115541102683e-05,0.0001049367361978287,2.8123140481164822e-05,4.5622876624154754e-05
kduI,kduI,0.0007053766542672665,1332,0.00021710910817592408,6.567884241744123e-05,0.00011242646799369825,5.805862603966777e-05,8.196989980728982e-05,2.4448980425515703e-05,3.091665290002419e-05,4.129249708984318e-05,4.619412111374294e-05,2.7281458304119324e-05
rplB,rplB,0.0007051387956905218,1333,0.0003824335223119294,6.494069592205875e-05,6.094206713749863e-05,6.426077289109737e-06,2.9795391568314935e-05,1.7963968936402277e-05,5.161652830963646e-06,6.004200872730871e-05,1.4776770320289548e-05,6.265664064664616e-05
marB,marB,0.0007029846199717634,1334,0.00015143721366659031,1.9637452479609352e-05,1.870374041678943e-05,4.67886576561938e-05,5.653426638261736e-05,1.624241440319419e-05,4.607103633227922e-05,0.00018808860130937628,4.278905235389229e-05,0.00011669218497122124
queC,queC,0.0007028144355580282,1335,0.0002608312650899992,4.773636415624574e-05,2.851923076598547e-05,5.243891453896665e-05,7.156751809846532e-05,2.8635677741889753e-05,1.8080542780793072e-05,4.616000978732963e-05,7.594646200073082e-05,7.289845059762237e-05
ybiO,ybiO,0.0007024540543191662,1336,0.00024087807542228775,1.446975468416943e-05,2.7985560924345265e-05,6.887350481031524e-05,6.408390230777597e-05,5.6404579962200556e-05,0.00016684505002814996,2.0048478677647946e-05,3.60376937099876e-05,6.827453792286504e-06
ymfL,ymfL,0.0007024383940230246,1337,0.0002087604891084287,2.9295235806257035e-05,4.19764409560444e-06,1.6484698773538713e-05,8.817516131735633e-05,1.7644577614365462e-05,7.615213513906227e-05,0.00014315920409546014,7.560019834523095e-05,4.29690497277206e-05
ymdF,ymdF,0.0007023712677233302,1338,0.0002314347131823748,5.143692884887129e-05,0.00013360432557203223,3.425287916105075e-05,8.576284404865719e-05,8.461170893027212e-05,1.4837822646893685e-06,4.3414902300246104e-05,2.072347150985863e-05,1.564571190527783e-05
yidE,yidE,0.0007019401376371571,1339,0.00010570857670742903,0.00010494092097869886,1.8165678633314277e-05,4.2048301901462286e-05,7.270015335068452e-05,8.581772568759889e-05,5.538122042865684e-05,3.1201280185198625e-05,9.183107437463798e-05,9.414520538947573e-05
yhhN,yhhN,0.0007005023745643074,1340,0.00019773024844226797,0.00011620732459785145,1.6126676995345696e-05,2.0355956966264685e-05,3.3899924773935182e-06,3.670132538574134e-05,2.535392767994969e-05,8.61768585492592e-05,0.0001456577513382305,5.2802312132003336e-05
garR,garR,0.0007001356602669044,1341,0.0002050701817929788,3.5465370919423655e-05,0.00011012037048156823,1.5813006473593525e-05,5.918215167053787e-07,0.00015464345892022787,6.11879887919841e-05,3.704415753562884e-05,3.2157395441499855e-05,4.804190839329419e-05
yjfP,yjfP,0.0006995785041783921,1342,0.0003367288186427793,5.9056282482290284e-05,5.1028109771987093e-05,4.178115103318012e-05,1.462004955541477e-05,0.00013469529866215785,3.022872157672195e-05,4.868577250600832e-08,2.07145175296469e-05,1.0676869151707849e-05
trxC,trxC,0.0006993217138729261,1343,0.0002872568629142069,8.04362170967051e-05,9.116709106664423e-06,5.66820630102248e-05,7.162575486463603e-05,5.0506509856650355e-05,2.389965811927459e-05,9.032874117376534e-06,0.00011029299611924641,4.7206866794097933e-07
ybjO,ybjO,0.0006990030354283813,1344,0.0005018143797463717,4.3843776550082145e-05,3.7537681098509796e-05,4.4182172940128735e-05,1.584690203199231e-05,2.4560077949708407e-05,1.331391922778447e-05,2.136887930218914e-06,1.0717038512507208e-06,1.4695534102334179e-05
hybO,hybO,0.0006982534414916565,1345,0.0004135215096776469,2.7080773734884802e-05,2.653388976476026e-05,1.8492983912891247e-05,0.00010038975326020602,8.01056736160667e-06,2.510967500439717e-05,2.038049614947277e-05,4.02442549297392e-05,1.8489537696051436e-05
yibQ,yibQ,0.0006982341606088243,1346,0.0002328769567059086,6.798213771697206e-05,3.462791959487556e-05,2.2161859985604803e-05,4.3603956244563576e-05,3.950272727437674e-05,3.494522559439627e-05,4.949343603841922e-05,6.119953714838585e-05,0.0001118404043053215
cysI,cysI,0.0006979032612231693,1347,0.00034563410111050267,9.954733134652011e-06,8.945554794845791e-06,0.00010243486508488807,1.2861139347772258e-05,5.381089431203255e-05,6.689396399550687e-05,8.253223246221421e-06,4.923311874996709e-05,3.988166744678068e-05
cybC,cybC,0.0006972975298825286,1348,0.00010058940064667187,3.467159834871513e-05,0.00011687828592704459,8.295262305545491e-05,8.997608365464454e-06,0.00014103224530822008,5.480724125207674e-05,4.79193307575436e-05,5.569666044148238e-05,5.3752535779854825e-05
gidA,gidA,0.0006965669173956553,1349,5.463716695406549e-05,7.234752853304478e-05,1.4588248951212845e-05,0.00016196667599428655,7.371039866080356e-05,0.00013864943356748283,2.5085876805775572e-06,5.235583133126841e-05,3.190132824557366e-05,9.390171747733966e-05
yhbE,yhbE,0.000696493907146414,1350,9.122125910632266e-05,5.925621116842685e-05,2.9847398123095008e-05,0.00010338208132280421,8.280670401451409e-05,0.00013526882212540185,3.7056617803869856e-05,3.4259790339336076e-05,9.19532933114093e-05,3.144172983123409e-05
cobT,cobT,0.0006960139086401617,1351,8.846642535729134e-05,7.293564076128455e-05,7.598826426747253e-05,1.5869429750267358e-05,6.21197900301331e-05,4.896625511710891e-05,0.00014082653346770999,9.527088312674446e-05,2.6202754657343758e-05,6.936793210480575e-05
ispG,ispG,0.000695213443816552,1352,0.000112892389283771,2.6763076715544068e-05,3.201902022378901e-05,0.0001014434727025071,5.331690694149976e-05,9.447573658047329e-06,0.0002240704257551139,1.9254541814211437e-06,8.50027552094703e-05,4.8332369145388455e-05
bcsE,bcsE,0.0006937636277009683,1353,0.00020093226325951734,8.023039536980624e-06,1.6586948377425593e-05,2.5173646737359397e-05,2.257518140045586e-05,8.136762511748508e-06,8.572641215324961e-05,0.00012065547412800749,0.00010701887193358746,9.893502766263633e-05
topA,topA,0.0006924222245350395,1354,0.00010108548191150561,0.00011096893139240729,4.693915111407734e-05,1.460631645546337e-05,7.562165209738328e-05,1.080347443364713e-05,7.677230283872228e-05,7.407763248276687e-05,7.076820203847423e-05,0.00011077907977059211
ybcQ,ybcQ,0.000691283916339862,1355,0.00011947234351216169,5.000241046232367e-05,8.296189604218695e-06,3.0292847232212688e-05,2.5233844443216863e-05,3.453060716701818e-06,7.508730655859667e-05,0.00010224422641912571,0.0001657878436063808,0.00011141384378492335
glnA,glnA,0.0006895703743320996,1356,0.00014997300427127612,0.00012293112302545916,2.4289123887762053e-05,2.7346621245007076e-05,2.056897213425431e-05,3.059180300295776e-05,0.0001208055080404592,3.9194720361858046e-05,0.0001230290404591394,3.084045790392658e-05
ydhQ,ydhQ,0.0006895464385624593,1357,0.0003732021813217717,1.772521047737579e-05,7.27237794889022e-05,0.00011733887220214919,1.869938400072419e-05,2.557815902674049e-05,3.714781479359326e-06,4.598525301875943e-05,9.960810005627425e-06,4.61800754104964e-06
yjgQ,yjgQ,0.0006894729449340006,1358,0.00011858476640170736,0.00012490475748970045,0.00010140378735925236,6.248230974965048e-05,6.39330230050903e-05,4.396391119094913e-06,4.758205332495213e-05,5.8431543993354943e-05,7.901799147543029e-05,2.8736321015767334e-05
fabD,fabD,0.000688168335330121,1359,0.00019486062633849866,7.509217305709381e-05,2.7446364931219325e-05,1.9709309493513022e-05,3.28064204891485e-05,4.645128371238283e-05,0.00015107835214829552,9.347955080984017e-05,3.6584105445819754e-05,1.0660148904309516e-05
tolR,tolR,0.0006880368492720982,1360,4.7834221386156115e-05,0.00010389371760409506,6.600544278664901e-05,5.734107805179647e-05,7.317697425540148e-05,9.172269075878005e-05,6.720363807498934e-05,6.598311843726696e-05,7.79038101544834e-05,3.697215776248028e-05
ompR,ompR,0.0006875258310563599,1361,9.11828951634409e-05,6.546767839816382e-05,4.730025275832283e-05,0.00010128597687354683,0.00011403088905977039,3.3929878123929074e-05,2.461495141008765e-05,8.90707499184292e-05,6.803901770380758e-05,5.260354164686164e-05
mukB,mukB,0.0006874034322375761,1362,0.00020226812475034603,8.494660852700323e-06,5.677657969490107e-05,5.161017399474362e-05,8.115735229251941e-05,3.793136363489578e-05,8.477832181061472e-05,4.3236960334505586e-05,8.202376828983763e-05,3.9126126582511804e-05
entF,entF,0.0006867816254026553,1363,8.651254249996664e-05,2.7557393227841406e-05,0.00020548793890229957,0.0001208459448535636,3.899299089727091e-06,2.2045009746872614e-05,4.931648143085979e-05,1.321684628414717e-05,1.4404550440040066e-05,0.00014349561892733716
cusB,cusB,0.0006865352106659536,1364,0.0002580812887378882,3.8991964904392335e-05,2.3268402905328646e-05,1.3822757414261397e-05,2.331715458190145e-05,3.473042029465589e-05,3.8184971009280407e-05,3.4213699074365173e-06,9.390445768404186e-05,0.00015881242322676693
kefF,kefF,0.0006865228032052678,1365,0.00015229248101760565,6.740062841387977e-05,3.003138766265817e-05,0.00018794978184440817,3.201544823968686e-05,2.271479469675514e-05,4.0119951110140156e-05,7.062582836093554e-06,7.498737214676591e-05,7.194837523727435e-05
fimZ,fimZ,0.0006863225606479202,1366,5.6912795302052865e-05,7.386774581838616e-05,3.3449446772818995e-05,3.217219431198361e-05,7.097721728682858e-05,0.0001130747441487867,1.1558390807234078e-05,1.0252646434055674e-05,0.00010366219789896536,0.00018039518186680812
lldR,lldR,0.0006855942215983335,1367,0.00013646481967289457,5.585793754832573e-05,9.805689112760019e-05,2.7994841224455695e-05,0.00013142078323905522,8.015689780403185e-05,2.496598753953542e-05,6.069696900796761e-05,3.4929303928569924e-05,3.504979050589736e-05
ydeS,ydeS,0.0006853107799723688,1368,0.00019459161854549735,8.458797525559248e-05,1.3658671508423847e-05,9.307456765103953e-05,4.285839067166823e-05,0.0001097559414043326,4.6209157810671795e-05,5.6015835948427955e-06,1.9615764581725868e-05,7.53571089485742e-05
thrC,thrC,0.0006839693493453371,1369,0.0001624591686228362,5.297469704280239e-05,1.4625531387132218e-05,9.477863844090478e-06,6.591670949240273e-05,2.8402393763933925e-05,7.230535482471829e-05,4.2749806148421475e-05,0.00014423866746013887,9.081915675886054e-05
thrS,thrS,0.0006838533861952226,1370,0.00020664149525452243,9.408207578113751e-05,6.510628870770672e-05,3.690296670084229e-05,4.760939601137868e-05,2.1890352722058225e-05,2.7328360165137907e-05,2.8876882214676044e-05,0.00011078847250485992,4.462709613290292e-05
ydcE,ydcE,0.0006824152293428964,1371,0.0001542536562875709,5.324125847372358e-05,4.245752347397913e-05,5.050946699977628e-05,2.457071096959316e-05,0.00014157299507194896,9.356838276323217e-06,5.801041446951445e-05,2.891078156565574e-05,0.00011953158375481092
pphB,pphB,0.0006821624739544854,1372,0.0002628652365045326,7.473327792762716e-06,6.597910861942907e-05,7.741680238909052e-05,2.7233224547764827e-05,1.4138544326346923e-05,4.508798622381037e-06,6.987127339319451e-05,9.218003586430277e-05,6.049612189468036e-05
yjfM,yjfM,0.0006812409023208057,1373,0.00029218001005647406,0.00011977749032779817,1.0378866165548851e-05,3.1837912203018004e-05,3.184987788357563e-05,3.245003088387306e-05,3.960508655895507e-05,9.687842708047224e-05,1.5337858690079612e-05,1.0945342471010988e-05
era,era,0.0006810373923161903,1374,0.00011549899548167046,6.98677475971337e-05,5.969112266540292e-05,4.481198744146338e-05,3.617328386166342e-05,0.0001237462180905234,2.5011881972707434e-05,8.149398969149599e-06,8.958044737664531e-05,0.00010850630885983066
livK,livK,0.000680639235233386,1375,0.00022315007728557952,5.8905708436789225e-06,0.00010035362476952681,4.334563940503284e-05,3.128587956913131e-06,8.630997081327155e-05,5.647425840132416e-05,3.829214521735208e-05,2.4566630317943864e-05,9.912773022276324e-05
miaB,miaB,0.0006803691785176836,1376,2.2956945241688644e-05,7.423249831877534e-05,2.598976100163061e-05,9.071816800017077e-07,0.00015417961708734612,0.00016146952548726977,2.017911470575472e-05,4.8853783618834644e-05,8.60012563842479e-06,0.00016300062573795733
ytjC,ytjC,0.0006793462634696409,1377,0.0002788928573673011,1.951072991087468e-05,0.00011905769819617675,0.00010392401838056671,2.5731182122496152e-05,2.7718297787673655e-05,4.468889205991554e-05,2.1824423061059187e-05,8.158351424745648e-06,2.9839813158831424e-05
ydgH,ydgH,0.0006790767369272747,1378,0.0001905970657177468,5.2270325128514836e-05,1.4304882202829136e-05,0.00011118072921803127,4.642843372329416e-05,1.4145736523541033e-05,3.835044129861308e-05,5.386863143023242e-05,7.289150224108244e-05,8.503898944338948e-05
sgcR,sgcR,0.0006787968009333955,1379,0.000406126115100368,6.481761456681004e-05,8.494298784685853e-06,5.335561556500549e-05,2.0475323512967373e-06,3.913970214184682e-05,2.6389614361152366e-05,2.8574084746264427e-05,8.846455511100113e-06,4.100576780486553e-05
cbpA,cbpA,0.0006781444165336704,1380,0.00026009196457170045,1.5715340195101854e-05,1.3707075478075232e-05,7.672574977835212e-05,3.762980264502572e-05,6.484874366281228e-07,7.200529734213981e-05,0.00017311241389874121,9.202727278530452e-06,1.9305557909375425e-05
ycjN,ycjN,0.0006777397787988366,1381,0.0001139990843203642,3.953834456230054e-05,0.00014677301833018072,4.7844646320864786e-05,2.4011612867101535e-05,2.0576459194721067e-05,0.00017924525751373318,7.671049553811892e-05,1.4248799099427576e-05,1.4792061052024154e-05
nikE,nikE,0.0006775543992126949,1382,0.00026932576814485995,2.9233670954059608e-05,0.00011821672495697135,6.401678709387065e-05,8.020008245931308e-05,2.3671667612940836e-05,6.70833949101399e-06,3.5286187877966034e-05,1.6360464687186953e-05,3.453470593451259e-05
lsrR,lsrR,0.000677386176365674,1383,5.2266273176190874e-05,5.0778877712891565e-05,1.2936195308525906e-05,8.691794200062e-05,8.748068041001306e-05,9.740542136165768e-05,8.800491075918513e-05,9.470349837782676e-05,5.9933553619001205e-05,4.69588236397618e-05
yjfO,yjfO,0.0006771707426933515,1384,0.00014776831416942225,9.908395621282447e-05,0.00013611284681036014,2.7354726490292083e-06,4.4670224699879936e-05,8.056646922821329e-07,2.6532624227696517e-05,0.00010184427387518975,5.18137374208311e-05,6.580362793583604e-05
ubiG,ubiG,0.0006767649988189674,1385,7.966757480502744e-05,6.802380305352804e-05,0.00012861315450471414,3.3469632237160156e-06,7.097142329405367e-05,2.772131065880812e-05,9.609879945892178e-05,5.279960716584837e-05,0.00011581931226820593,3.370305038614383e-05
yfbO,yfbO,0.0006762971863408327,1386,4.655880449030377e-05,1.763652819965856e-05,8.94573678631435e-05,2.4548720114193322e-05,0.00010855207998389635,1.6704111305942105e-05,0.00011094991066782754,9.54399396449769e-05,8.71984728693447e-05,7.925125120154596e-05
fdoH,fdoH,0.0006761089291977696,1387,8.106350215341196e-05,5.6103306759211194e-05,0.0001769505368197521,6.905868635395928e-05,2.8738062250178935e-06,5.8540748979543694e-05,8.395929040546638e-05,4.4652728553805154e-05,3.850752563904803e-05,6.43987973085539e-05
aslB,aslB,0.0006760953563581553,1388,0.0001265201606123465,4.34438856964063e-05,2.695136519312989e-05,3.087846421113761e-05,0.0001929779338877767,8.704479124597975e-05,6.773983013676934e-05,6.798180757162626e-05,2.9451784101115496e-06,2.9611939392871398e-05
ydjM,ydjM,0.0006759928303700912,1389,9.891492898583801e-05,2.5827651982840473e-05,6.225659181359072e-05,1.4484477646030723e-05,3.2600029966249134e-05,0.00012902019157517126,0.00016731461887980112,3.099163643467167e-05,7.761748216383043e-05,3.6965220922067616e-05
nagZ,nagZ,0.0006756455452359446,1390,0.0002678803368002359,3.155450621469072e-05,5.1563720101187705e-05,3.2944183705665156e-05,9.963435986810233e-05,5.0547951113395184e-05,1.2812388372826509e-05,5.997617370954323e-05,5.7671659756010184e-05,1.1060265594287822e-05
wbbK,wbbK,0.0006750665239275774,1391,0.00014222179688014986,0.00012627342803204458,5.593467745387181e-05,4.9920043083649465e-05,6.0565974885755666e-05,0.00010693976857309852,4.410137016916865e-05,6.99164096660618e-06,5.684690111295585e-05,2.5270922770276728e-05
yifO,yifO,0.0006747634105918617,1392,0.0002643549033633253,2.5660904783204605e-05,5.539263673489398e-05,3.814991525972211e-05,4.532609657933614e-06,8.653930166145754e-05,0.00011309924715066642,5.088377449734022e-05,2.1090741448971643e-05,1.505937603434639e-05
exbD,exbD,0.0006746858258363994,1393,0.00014352998099685874,3.1975569659886846e-05,2.838845015908594e-05,9.969122395320173e-05,9.434425084497164e-05,7.279791020928537e-05,1.7574335839674495e-05,7.348391439720622e-05,4.382761775296389e-05,6.907257202326454e-05
yihN,yihN,0.0006746342332640329,1394,0.00022797455795584348,3.8006014307621624e-05,4.8612051596054585e-05,5.819755345387184e-05,4.163905048103808e-05,4.689619171884381e-05,7.5431006285608e-05,7.726326450869333e-05,5.891697596903218e-06,5.472284535955495e-05
slp,slp,0.0006740258318808643,1395,0.00033084439905590687,4.540934979003846e-05,4.188366680754051e-05,5.917911240728633e-05,1.2366938545042407e-06,6.559145411026236e-05,1.8985298279520585e-05,3.0636272749698453e-05,7.544301095982532e-05,4.816573866281176e-06
yheM,yheM,0.000673659635644209,1396,0.00021215289944852178,5.17890443310171e-05,3.139767358217594e-05,7.91814359248944e-05,3.684945369812966e-05,2.3907782743083854e-05,7.59680568253144e-05,9.045774242386916e-05,5.624980102375937e-06,6.633056656482673e-05
artQ,artQ,0.0006733479018387167,1397,0.0001484084047054067,2.2270104061540416e-05,5.1381646809667995e-05,8.706285870424003e-06,8.779909624248012e-06,3.916531342963757e-05,0.00019933221015442976,4.703780401826473e-05,0.0001434665553029609,4.799667862136619e-06
nudF,nudF,0.0006733022205522486,1398,0.00015598502175677114,3.5777021082597155e-05,1.708436770865949e-05,5.381435799472854e-05,4.912703079895573e-05,4.650562078253687e-06,5.904074641384126e-05,0.00023956141910057573,4.572126827672125e-05,1.2540425341144745e-05
ycjO,ycjO,0.0006722654646211459,1399,0.0001754384577611692,3.54999662869942e-05,0.0001003851403424609,9.34081232646601e-05,6.983059155472483e-05,7.042363584108998e-05,1.3923241106044962e-05,1.5562345763418467e-05,5.048584833493526e-05,4.7308114365648016e-05
yajO,yajO,0.0006717518985782328,1400,0.0002736401631936528,8.534637908155448e-05,1.2406425147428946e-06,0.00011713350043457704,1.608910584532411e-05,7.551035364599037e-06,3.296986793890159e-05,7.508666858651698e-05,6.213939686451297e-05,5.551387538509492e-07
lspA,lspA,0.0006710317286638169,1401,0.00015477668463282428,1.0336632715214163e-05,3.4189160095926833e-06,6.66323779047811e-05,2.185279713763383e-05,0.0001552205545084596,4.889427564882111e-05,4.960038432595507e-05,6.152443177205713e-05,9.877467400847794e-05
yffI,yffI,0.0006706175394492425,1402,0.00019121222807709121,5.987668824719468e-05,5.364556523908512e-05,7.100178382838092e-05,3.735727043441416e-05,1.1694021130782132e-05,0.00010233746872631996,4.683159782636266e-05,6.03846048651331e-05,3.6276311074478476e-05
poxA,poxA,0.000670078554472054,1403,0.00018012976697686636,1.4681368439449587e-05,1.9851969689178777e-05,1.143363939756378e-05,7.812096632060116e-05,4.9974843836873606e-05,1.4541146654196765e-05,0.00020957471057767423,2.906449195520067e-06,8.886369338412973e-05
sgcB,sgcB,0.00066994709985511,1404,0.00018049110513321235,5.045605475545819e-05,3.704509214998465e-05,6.531954805721215e-05,4.4330636888132155e-05,7.891984561968369e-06,6.673655801367135e-05,8.707904096241134e-05,2.956396303838699e-05,0.00010103311629467234
yajQ,yajQ,0.0006698435733760235,1405,0.0001816043924817674,1.3330404360313841e-05,7.976971731864256e-05,4.814999640725404e-06,1.8416983520416572e-05,7.877060152806081e-05,3.4050994494801526e-05,0.00010336975758125777,7.300700068533363e-05,8.270872176470389e-05
gspG,gspG,0.0006695187350598577,1406,0.0002090470644549976,1.6340411710129713e-05,0.00015200099319959425,4.735787881970583e-06,8.724117543475372e-05,4.7161172118742176e-05,3.864707431606534e-05,7.404645441907267e-05,3.3375031547815078e-06,3.6961098369750206e-05
rpoZ,rpoZ,0.0006691917974774937,1407,4.623356745810857e-05,6.655536349769413e-05,0.00014589605395351,1.5916792416722468e-05,6.041877606013483e-05,5.5904217986297096e-05,5.298043917088035e-05,0.00012727115478819806,8.972570513260954e-05,8.289727013338616e-06
ybdK,ybdK,0.0006688507407442713,1408,0.0001394006590934411,0.00010524775585402645,4.4017440121933705e-05,2.194598528262936e-05,6.912706782890327e-06,0.00012350493877712505,6.270456765186011e-06,0.00014954494367433222,6.17348345404836e-05,1.0271019852223424e-05
ltaE,ltaE,0.0006681953520131219,1409,0.0003047116288982678,3.818617275833541e-05,1.4581653633533581e-05,2.339338625716857e-05,0.00010778089986139728,1.7193053111803728e-06,1.6552226734604175e-05,9.678871225563664e-05,4.669654813909563e-05,1.778481816390237e-05
aqpZ,aqpZ,0.000667649489476816,1410,1.383735945063358e-05,7.171656923891016e-05,2.607445311536779e-05,6.648334355123166e-05,2.1297988270769507e-05,0.000177538897662798,5.782165552585882e-05,3.781994643566478e-05,0.00011684216088631301,7.821711533926873e-05
ybjT,ybjT,0.000666341163437883,1411,0.0001084474990716392,3.213066160222711e-06,0.00010506011037039121,1.4223638690358184e-05,6.722069401066037e-05,0.0002200163868915718,8.665159366919763e-05,2.1006652741051807e-05,2.77427940422637e-05,1.275872779052642e-05
mipA,mipA,0.0006663333867452457,1412,0.0002165253562685398,2.7382344124062104e-05,6.617375675471855e-05,5.5047248461309466e-05,3.877234934064549e-05,4.481698963092932e-05,0.00011677910044797187,3.806626389602003e-05,3.265759256337891e-05,3.0112385257670068e-05
fieF,fieF,0.0006660496745166326,1413,0.00017110019543531936,2.5590892406422157e-05,6.117668367508451e-05,9.001392982425268e-05,8.43552541042484e-06,4.9512146683390296e-06,7.385583579035053e-05,5.445739630873064e-05,0.00010168508035731786,7.478292064039102e-05
dapD,dapD,0.0006659794303064288,1414,0.00016543543629448564,1.464729856100263e-06,7.945978573918952e-05,9.409572435363981e-05,6.1012307546003134e-05,8.288392228395922e-05,3.8875337492169495e-05,0.00011229327484988007,2.762025654516195e-05,2.8386553458395724e-06
yegQ,yegQ,0.0006659049602420125,1415,3.893833908466421e-05,4.168218835326627e-05,2.378132320560964e-05,5.987833079510378e-05,0.000113504437591488,0.00010323036486358521,6.70788233974028e-05,7.739861877053253e-05,8.88357537301156e-05,5.157678045024438e-05
tdh,tdh,0.0006656149214542017,1416,4.3991849086025434e-05,4.511938420543524e-05,1.6840229119884437e-05,0.00018005004899740765,5.3881390586720324e-05,0.00010286366396231408,2.7829465198801197e-05,1.3996846761694393e-05,8.134428027125737e-05,9.969776326466159e-05
ybgS,ybgS,0.0006655345628364741,1417,0.00015407402103239737,2.121238320648987e-06,5.358518479670913e-05,1.816760795685743e-05,7.107809529895884e-05,5.7832692350809054e-05,0.0001771310204151028,6.779253068948547e-05,3.220597971114504e-05,3.154619226435998e-05
yojL,yojL,0.0006651648678224968,1418,0.00025836974699793214,0.000126239746595503,4.7970527800624945e-06,7.298961129471721e-05,6.382583171356277e-05,3.2627478869059137e-05,9.947714077650229e-06,2.3018943550832758e-05,4.4988106106275286e-05,2.836063583690173e-05
ymcB,ymcB,0.0006649071430379065,1419,7.557871428845637e-05,7.033720778203393e-05,3.987829760887406e-05,0.00016303190654319325,1.731099449410052e-06,5.6525700270362346e-05,7.35770299691446e-05,7.754079356921305e-05,4.1628224426484804e-05,6.50781691307339e-05
iscR,iscR,0.0006645263635857371,1420,0.00015926118689660112,4.5186050512210656e-05,9.623516289035128e-05,9.38804754192443e-05,1.2449582928020494e-05,6.121322947223268e-05,3.35613851918291e-05,6.276052719107786e-05,2.965187943069802e-05,7.032688365347155e-05
yfjW,yfjW,0.0006640804599691278,1421,0.00025627899030013175,8.11536344521071e-05,5.903989111100903e-05,5.9748441327330364e-05,9.616363794687065e-06,7.482073505621394e-05,4.0071567281810546e-05,3.6694377361381914e-05,2.240372936671251e-05,2.4252729917743632e-05
mdtD,mdtD,0.0006639158699090501,1422,0.00019589750080786675,0.0001346492640399582,2.500982269320299e-05,5.3243250484459304e-05,2.008268924468528e-05,4.254040431863752e-05,9.704809277336422e-05,3.3141229851228565e-05,1.6692344340269168e-07,6.213669225224452e-05
accD,accD,0.0006635675067348235,1423,6.073451971708451e-05,3.4238506269229054e-05,8.505824134390332e-06,5.933017653938768e-05,6.833192692460824e-05,0.00012386319652011934,5.7299146845779895e-05,4.73589871300082e-05,0.00012076353425646433,8.31416883977519e-05
lolC,lolC,0.0006630863117497557,1424,0.00016416603078542896,5.570491569324487e-05,8.596057039393868e-05,1.7060748134216471e-06,7.301446338264384e-06,8.94946228370911e-05,9.229838626776567e-05,6.381686318340348e-05,2.868347971278363e-05,7.395392172441316e-05
rlpB,rlpB,0.0006619900920359016,1425,3.4930987057150654e-05,1.4141211692007461e-06,8.414924374442499e-05,5.8492343084981264e-05,3.73712894259365e-05,8.67929959818635e-05,5.02417994206538e-05,0.00014421435492601158,7.925038698439147e-05,8.51325702412871e-05
ycbW,ycbW,0.0006593127012361412,1426,0.00021219684567334656,7.527020111061159e-05,2.2529106513601318e-05,0.00017041591603877905,2.9292844625346978e-05,4.589757738054188e-05,1.6358642605327638e-05,6.87171686574928e-05,7.58531496707586e-06,1.1049083664017661e-05
ydfB,ydfB,0.0006584935626557372,1427,0.00010001394113023134,5.235898624696751e-05,8.459566339221714e-05,0.0001018245553499273,4.47879435264131e-05,5.471295670779055e-05,8.484060900729367e-06,0.00011515306064800969,4.916929967721036e-05,4.7393095076240756e-05
yibT,yibT,0.0006582439746813684,1428,6.110475407502205e-05,2.184935342530798e-05,9.385225222243502e-05,0.0001463940392705009,0.00011996948050019499,2.6743456220410755e-05,8.7801961508772e-05,3.616970571445748e-05,3.118689253892597e-05,3.317207920534116e-05
yfiQ,yfiQ,0.0006580703557631648,1429,0.00017423504255288853,9.607327985278239e-05,6.712968421222777e-05,2.2401053960010066e-05,0.00011040996601505126,8.389067396201036e-05,2.9450342460443817e-05,1.8766816438929417e-06,6.320671149796184e-05,9.396919605895812e-06
acrA,acrA,0.0006578523111705029,1430,0.0001219306232357299,5.88321163378629e-05,3.8151693143659095e-05,4.9930132691492896e-05,6.964389702522675e-05,9.348682506570386e-05,4.2633513305768384e-05,3.914285292578406e-05,3.856501698986995e-05,0.0001055356404494051
yecS,yecS,0.0006575243648053411,1431,0.00019635885485801756,5.223249674557551e-05,6.676286994056253e-05,3.221860946743663e-05,4.5987263713262746e-05,2.9133396385748024e-05,5.268824505492153e-05,0.000119485368043353,5.79875326923369e-05,4.66972790412676e-06
hemF,hemF,0.0006566439155639542,1432,9.834094994117251e-05,4.968866586417129e-05,5.387362440452127e-05,9.49266239629748e-05,3.9540600230117255e-05,2.3389048589181194e-05,8.514545077977188e-05,4.379875828908958e-06,8.981021034018724e-05,0.00011754886562294784
ycbS,ycbS,0.000656113735570532,1433,0.00012034198599290816,1.5509610678173547e-05,3.814295653236348e-05,4.936832351872256e-05,8.957652465827799e-05,5.245080318290256e-05,2.2116647865700313e-05,0.00011915907231415822,8.274027832756543e-05,6.670753249975985e-05
ychE,ychE,0.0006560837873842217,1434,0.00014983386435258887,4.3283126377985116e-05,0.00017891235315302975,3.56795145533877e-05,3.9856512359169854e-05,5.785788296932574e-05,4.301221798519229e-05,2.4088592514210778e-05,7.072645755489519e-05,1.2833265564436504e-05
kdtA,kdtA,0.0006554552677220612,1435,0.0001585942584505598,0.0001583910472695898,9.454099494335391e-06,8.602544822888615e-05,6.803936721182443e-06,6.167567636685996e-05,5.47486180619428e-05,1.7922920710562006e-05,5.022385674210063e-05,5.1615405676042156e-05
dcuA,dcuA,0.0006544850098142051,1436,0.00017646159588792583,4.224259265076374e-05,5.18018833095704e-05,3.801556621835794e-05,6.010525080429989e-05,4.822847941688387e-05,0.00010925883420376003,1.8169747033223182e-05,9.725673344439982e-05,1.2944326845020438e-05
mprA,mprA,0.0006535495280245025,1437,0.00013957574187100394,4.333789758905943e-05,9.716505104610666e-06,4.2768665867787504e-05,3.127119242272969e-05,0.00012761635443235293,2.662719801855546e-05,0.00011251844339001278,4.696208819678587e-05,7.315544113160432e-05
yajC,yajC,0.0006533967447841059,1438,6.831375400454644e-05,0.00011841238914224565,3.0237217471465317e-05,9.484544356666806e-05,0.00010032260013959607,1.2919761475601894e-05,4.022546485808952e-05,3.8999910744830894e-05,9.903321887596196e-05,5.0086984505100166e-05
rhlE,rhlE,0.0006529103559967423,1439,0.00011779951193282625,2.1294358580437512e-05,7.260273423925721e-05,6.694891970147568e-06,2.8006475286047124e-05,4.6217275210456456e-05,0.00015797306345970768,2.539037709268918e-05,1.6688338245755335e-05,0.00016024332997941802
yfjZ,yfjZ,0.0006522663341439218,1440,0.0001790061931370595,1.219042241761072e-05,2.1641088440960676e-05,5.576394295487795e-05,2.6517939325674372e-05,0.00014916140127913118,1.802654964315902e-05,9.499313450038952e-07,0.00011990503718136512,6.910382841907937e-05
nudK,nudK,0.000651766962297752,1441,0.00019792493471899604,7.092797407051132e-05,3.7627873147573027e-06,1.0972642035333395e-05,9.316345520076665e-05,4.8239469951273e-05,4.411956230116307e-05,1.2220016854988486e-06,8.027546041691851e-05,0.00010115867460253385
yeeP,yeeP,0.0006516736684002705,1442,7.075212188054062e-05,2.74674055389088e-05,2.6169292606664533e-06,4.7354823549341055e-05,7.115896906082106e-05,0.0001194270920114345,3.505406125132826e-05,5.945625477007659e-05,7.802707695243671e-05,0.00014035893412471642
ygfZ,ygfZ,0.0006512903026736152,1443,0.00026563913031978743,3.896721910558277e-05,4.509445805422674e-06,1.1321051912961757e-06,3.3909656246069834e-07,0.0001287125544792888,3.09367782370673e-05,3.237279328394599e-05,4.465537378998326e-06,0.00014421564230976505
nuoB,nuoB,0.0006500449902248079,1444,0.0001435730774315171,1.7193167790118862e-06,0.00015053197471106856,0.00011063846597957893,3.6160094832299476e-05,5.674673438816195e-05,0.00011357611055049825,2.0203923914643643e-05,7.629937605237803e-06,9.265354032790252e-06
rplU,rplU,0.0006499001674550184,1445,1.4996195020221223e-05,0.0001128200848840525,1.571528296629142e-05,7.654340149391423e-05,0.00019561426918207657,8.791623987338456e-06,2.4560740967720336e-05,2.2332105042757928e-05,3.893967302913821e-05,0.00013958679088150742
yabI,yabI,0.0006493858851264999,1446,0.0003189374984513463,7.809603510570866e-05,2.555253660726126e-06,2.0805539634442415e-05,2.809086847333248e-05,5.264693953103964e-05,7.033941002492953e-05,5.4117187232790385e-06,2.8990370257479877e-05,4.351225126421597e-05
yhiR,yhiR,0.0006492463568152477,1447,8.01407697763148e-05,8.054198071812131e-05,8.057463520578983e-05,2.6001054487095127e-05,7.11797470886789e-05,4.713507620186502e-05,0.00011547619483719104,6.59343858156342e-05,1.8990323423096145e-05,6.327218926146133e-05
ycbU,ycbU,0.0006487398216748833,1448,0.0001224287287325379,0.00010633061977885512,9.869671308895964e-05,0.00010714536050990464,0.00010844604048172188,3.874190155065549e-05,2.3196193521981784e-05,1.6396981103057215e-05,2.2343075244925148e-05,5.01420766228434e-06
norV,norV,0.0006486688288365511,1449,0.00021464599053800095,2.095049041550345e-05,1.3242040592245581e-05,5.275900818539704e-05,0.00012177323681837723,5.9966436532545566e-05,1.1262408676684551e-05,4.1429032435239084e-05,5.3348989285088166e-05,5.929119535746945e-05
arsB,arsB,0.0006486525778365464,1450,0.00020572876188236153,2.671380935349407e-05,7.6683323665292e-05,5.13981595471421e-05,0.00016338004281417183,3.62386986522501e-05,4.7789135960914625e-06,2.127287019201825e-05,3.164695549224525e-07,6.214152857880261e-05
pdxJ,pdxJ,0.0006483988416110712,1451,8.594556879525031e-05,8.295621501955207e-05,0.00014518299586947168,7.081718291939501e-05,5.720437023027965e-05,1.1464167095641676e-05,6.984943361619365e-05,3.2963815546767722e-06,2.560578595821874e-05,9.607674055239165e-05
yhiJ,yhiJ,0.0006483536243204463,1452,0.00031182174459283053,5.319606297081836e-05,6.714689918659714e-06,5.545700233917506e-05,7.151238625952556e-06,1.2095214242523369e-05,0.00010148679964655853,2.730772813120137e-06,3.39628108472846e-05,6.37372883235234e-05
ygjI,ygjI,0.0006479430115920832,1453,0.00021545548136307053,5.628461385446086e-05,3.557863675476104e-05,1.3864045865802355e-05,2.4621318442511557e-05,6.358070040523113e-05,7.353925184725178e-05,9.007387922480848e-05,5.040212502697711e-06,6.990487133148769e-05
yihW,yihW,0.0006476263475026985,1454,8.69683506801671e-05,6.0898871039514034e-05,5.0843451445036885e-05,3.717914758636324e-05,8.740847755313355e-05,8.639029084996503e-05,3.906169461899953e-05,4.086016311574493e-05,4.106875720496327e-05,0.00011694714340881095
nsrR,nsrR,0.0006470957901505942,1455,0.0001420958317695253,2.782977679187676e-05,3.6856546075104475e-05,0.00013390925213314358,7.842729823927087e-06,0.00011997631350443548,1.5125356742815588e-05,3.3865384117617706e-05,9.019868926455096e-05,3.939590992759736e-05
hcp,hcp,0.0006465663650580763,1456,0.00021599827680092388,6.148202147381176e-05,3.059721384665411e-05,3.570657953705161e-05,1.2762115954931096e-05,0.0001448119106202945,2.2267492225941347e-05,1.3917837090673693e-05,4.800128381434223e-05,6.1021633693452114e-05
btuF,btuF,0.0006464088194719015,1457,0.00013830409353310748,7.804496124121964e-05,5.425548711584676e-06,1.8029924003496126e-05,8.067454199223171e-05,0.00010389584523550495,6.224494053978175e-05,3.316051365557953e-05,2.3682861662833252e-05,0.00010294558889656239
fabH,fabH,0.0006453189268286487,1458,0.00024677347247949264,3.9799012812032756e-05,3.509955330724298e-05,3.6416907223078974e-05,1.999740042115847e-05,1.3280993730800272e-05,0.00010464290674239408,4.3899691730645705e-05,6.478907737405624e-05,4.061991100774651e-05
aslA,aslA,0.0006453052201710907,1459,0.0002464799216164884,6.610769692288562e-05,0.00010797396620213927,3.930154742775601e-05,6.98041889434975e-05,1.6259355119481023e-05,2.7620825692741603e-05,1.7236858564777316e-05,1.3032474200082531e-05,4.148838548124118e-05
flgG,flgG,0.0006442153607540941,1460,0.0002657019705215072,3.405904048320479e-05,5.0990472868182834e-05,7.949911490670662e-06,4.996557989793383e-05,6.848600802141172e-05,7.121417192511882e-05,6.496401918228403e-05,1.4119257149144809e-05,1.676492921463544e-05
ygjD,ygjD,0.0006442030016615092,1461,1.7050246009643406e-05,8.621720242015376e-05,6.2942249859158e-05,6.66616980598647e-05,0.0001840594248240305,2.73750886231874e-05,6.534097321832721e-05,6.049361943612389e-05,4.417944863289781e-05,2.9883050578122496e-05
menC,menC,0.0006438974849271084,1462,0.00012958336033714986,3.1432362102054226e-05,1.8859879879162135e-05,6.0080293844618804e-05,9.568559670116227e-05,2.0933592120010786e-05,3.235454891143228e-05,0.00011636401909988617,4.0876767753248095e-05,9.772706417838382e-05
rnd,rnd,0.0006435774573731211,1463,0.00026245477545205003,3.367272202618696e-05,2.0900433306373265e-05,1.341011101740994e-05,9.26112215687185e-05,3.266482646692103e-05,3.0485145672386782e-05,3.974611330144661e-05,2.512235460024619e-05,9.250975396138193e-05
fecA,fecA,0.0006433887370705384,1464,0.00024433120624914887,8.523134583006372e-05,2.2707768893849294e-05,1.1229791922234302e-05,2.12654780557767e-05,1.3912221687680789e-05,2.47070892607382e-05,7.953475194355019e-05,0.0001388877884121061,1.581294815390364e-06
ilvA,ilvA,0.0006432229812544639,1465,0.00016143666906556287,0.00015770340388942096,2.9356689500562587e-05,3.573354082579979e-05,8.842737841100011e-05,3.850130024429491e-05,4.7863220357622326e-05,1.6260053139032742e-05,5.763421929265729e-05,1.030650652851045e-05
hslR,hslR,0.0006430298153589407,1466,0.0002479119101895571,4.092035992144232e-05,6.67412703815637e-06,4.524811746579453e-06,6.823741111148358e-05,4.391967254953535e-05,0.00011316215128729782,2.2648896333605978e-05,8.951562761749691e-05,5.514847563785819e-06
gyrB,gyrB,0.0006426048133065,1467,0.00015608563521835224,7.462633385866876e-06,0.00014230988151573182,0.00012582026214523056,2.239538924208112e-05,2.357671951702208e-06,4.947789805416437e-05,3.242243975381289e-05,0.00010045516966588593,3.817832373672037e-06
ybfB,ybfB,0.0006423268402076683,1468,0.00029165140789031465,5.236250988410507e-05,6.767288110432413e-05,1.1762872100077199e-05,3.615465996726848e-05,3.6237466621390736e-05,2.3654570458961238e-05,5.9017631928141977e-05,2.029583218968124e-05,4.3517008063403654e-05
csgC,csgC,0.0006419907446341902,1469,0.0001536584856368361,5.5415886222033425e-05,0.00015713789936838498,3.238037810333423e-05,5.4605696000306464e-05,2.168829210339921e-05,7.444298530843982e-05,4.4347615970626204e-05,3.1683910522039244e-05,1.6629595398790434e-05
ypdI,ypdI,0.000641776161261884,1470,0.00020073987105911656,2.2835764059787496e-05,8.570109159092131e-05,1.0218120425463922e-05,0.0001168722731330125,4.396777663310438e-06,3.630506998855664e-05,2.0860798460795488e-05,3.203947539250997e-05,0.00011180691948840963
yihL,yihL,0.0006408428749275488,1471,6.862911605080782e-05,7.406687230165818e-05,4.803640517158033e-05,4.653653840941517e-05,2.1232415042103997e-06,0.00010618473616812142,0.00015754996459706736,6.447406838160221e-05,3.588372251839356e-05,3.735820982469238e-05
flgE,flgE,0.0006407714166155889,1472,0.0001966577221829766,8.937364601388491e-05,6.201689646827835e-05,6.354855372790096e-05,2.2157842319194285e-05,3.161431653652129e-05,5.189321653167066e-05,1.8773884062466074e-05,6.995001562565936e-05,3.478532314703641e-05
yehS,yehS,0.0006396449218963691,1473,0.00017046764697533848,7.781313650556181e-06,1.4404990753012644e-05,0.0001232137468231434,5.896822776179906e-05,8.372871703574943e-05,6.539835538237842e-05,8.921208330954463e-05,8.653642594488484e-06,1.7816197610358348e-05
ompF,ompF,0.0006395834963166398,1474,7.575808247681116e-05,0.00020272783455106943,9.391325365787638e-05,5.217680130222729e-06,1.2442948586103274e-05,0.00010762223555589553,0.00010870509411712883,2.804827851183118e-05,2.446402515800885e-06,2.7016862139003543e-06
frwD,frwD,0.0006385943131917964,1475,0.00021366203891577735,5.5301870775837244e-05,5.310415954392323e-05,9.782553066577195e-05,4.791313505547969e-05,3.5307786681137434e-05,0.00011079051175344335,1.1087931984262106e-05,1.3125177974847532e-05,4.7616984131652765e-07
yaeH,yaeH,0.0006382347081571593,1476,0.00016843892240521032,7.114257251392763e-05,5.993595688065649e-05,3.0126595014299546e-05,7.817245311220239e-06,3.8647745391517286e-07,8.964438570611493e-05,9.351886386338134e-05,4.8416612752382795e-05,6.880707625605088e-05
nfi,nfi,0.0006379215215698343,1477,0.0002988271656686541,2.385544227470995e-05,9.855297500833244e-05,3.704756416333348e-05,3.0423004839431092e-05,3.331808555011684e-07,1.3601125833169416e-05,2.1431034503359542e-05,9.496008360439257e-05,1.8889944818950502e-05
prpE,prpE,0.0006376726215400092,1478,1.5399100221959474e-05,1.3381652116930032e-05,0.0001021895165916538,1.8357674110605218e-05,8.599966580429642e-05,9.714837695791796e-05,0.00011846130134435435,8.75068903369874e-05,4.549191177559498e-05,5.373653227970957e-05
glxR,glxR,0.000637521340124006,1479,0.00011979612824243955,6.36351975245569e-05,6.493156955964278e-05,6.675480660393077e-05,0.00014551963358233944,6.865769773392346e-06,6.407812574760756e-05,9.218652787504798e-05,1.317300595771286e-05,5.805752573359078e-07
dapB,dapB,0.0006369009687996847,1480,0.0002912516460913034,8.391861601865004e-05,3.078998437748926e-05,5.065647365781939e-05,4.825973996370542e-05,4.1634444787013e-05,1.0043751533336299e-05,1.983079269180462e-05,9.341255402539774e-06,5.1174264276023464e-05
ptsA,ptsA,0.0006364219600435246,1481,2.3042691692588945e-05,5.094861201480657e-05,4.5353639646567685e-05,0.0001942966544250695,5.56500735965857e-06,9.941258970750486e-06,0.00010967006540378314,8.377980067519701e-05,6.56814758448059e-05,4.814275401029679e-05
hflC,hflC,0.0006363195591437917,1482,0.0001484677489090907,0.00017623221909023466,1.2441290198861647e-05,9.718119481932387e-05,6.870550154966608e-05,1.1171073226316888e-05,6.241019585274143e-05,1.475290199050038e-05,1.5716885174077675e-05,2.9240548332978433e-05
yqjA,yqjA,0.0006358966556024293,1483,0.00011352907949605098,3.4224068094148257e-05,3.068619395532236e-05,0.00010525192576903305,2.0764382230604423e-05,0.00010967516437337007,9.166399831522334e-06,9.132470195695888e-05,9.459535892454464e-05,2.6679380970874205e-05
glnD,glnD,0.0006350794087151454,1484,0.00027284315874976533,3.17132361122709e-05,4.251652105823988e-05,4.8411177410808816e-05,1.4360844821008295e-05,2.7459152510200282e-05,3.0766810854638265e-05,1.934677474832377e-05,7.535614185929645e-05,7.230559059059336e-05
yraK,yraK,0.0006348689069243051,1485,0.00011774587496796156,1.8747720708754024e-05,0.00011965061126069039,4.661240019400681e-05,4.391772997255544e-06,3.2258326315467325e-05,0.00010256689733180915,0.0001082237781892783,6.636348025927223e-05,1.830804469980984e-05
yghA,yghA,0.0006337338803217399,1486,3.297893388655927e-05,0.00010275491113915657,0.00013531573057549832,4.758102147685371e-05,2.6139026349295384e-05,0.00013835479804371562,1.6861927409083262e-05,4.837823973545166e-06,3.1691503338392774e-05,9.721820412963988e-05
wcaM,wcaM,0.0006331076023843263,1487,0.0002955973058306131,1.415635178905157e-05,2.806278386670227e-05,3.140117032550251e-06,3.889281566102315e-05,3.445217211753625e-05,2.7506768205523913e-05,5.0770903977859267e-05,1.2247569013612548e-05,0.0001282808148898539
pgk,pgk,0.0006320832544429661,1488,0.0001381980094547968,8.723646747270996e-05,4.894627619896014e-05,5.062300178358619e-05,0.0001011971609534124,0.00010231096461531075,1.4298806811911503e-06,1.2577271668690156e-05,2.5695115932704557e-06,8.699471002103807e-05
carB,carB,0.000631974955113789,1489,0.00012524365353600004,3.8176638648354844e-05,9.658368923976854e-05,9.894485740567415e-05,4.7783143395093745e-05,3.098733852143256e-05,1.750132851676683e-05,1.6208719665111736e-05,0.000118345020470683,4.2200565714903676e-05
ycgL,ycgL,0.0006315501211412558,1490,0.00014232487603963416,3.566710904731869e-05,5.937847959371206e-05,6.967924999557965e-05,2.406108410410541e-05,3.3411773444028415e-06,5.64315624480765e-05,6.83203766861131e-05,0.00010247263783406312,6.987356804825027e-05
dapE,dapE,0.0006312729875049628,1491,0.00014204961468735713,1.2998719302007532e-05,7.710437793169115e-05,8.405144356449186e-05,1.586182604859288e-05,2.06744605469279e-05,0.00017436994968256784,4.216772714998244e-05,2.809745674523658e-05,3.389741184610755e-05
yhfW,yhfW,0.0006310741797555544,1492,0.00011072178270151265,1.1308941418517438e-05,3.0429702637463277e-05,4.4946967377732674e-05,3.461790753106089e-05,6.051741931186688e-05,5.459443171950317e-05,4.7812239893000534e-05,9.792736077026536e-05,0.00013819742639463155
htgA,htgA,0.0006309327357196098,1493,0.00013216607286329861,2.6701054304602255e-05,3.3623702027982655e-05,5.896453206357187e-05,7.056344019132253e-05,9.187534125395328e-06,0.00012531224682223855,8.494782291322198e-05,2.3846491552435127e-05,6.56198388555409e-05
ybgD,ybgD,0.0006300702934047575,1494,0.0002214584743089913,4.255471917749574e-05,3.128904391738321e-05,7.329111727855427e-05,4.452721529291799e-05,3.5460960141775394e-05,4.624719080061811e-05,1.4688779549780396e-06,0.00010798723589409775,2.578545863794573e-05
yiaL,yiaL,0.0006296723552577088,1495,0.00012303847226200713,2.5244837186436502e-05,9.976880098907949e-06,0.0001352187273807955,2.9580454013189882e-05,3.3900100688422576e-05,6.422440310948553e-05,3.2076385115853876e-05,9.403118878414004e-06,0.00016700897652419594
ygaV,ygaV,0.0006295235928951004,1496,5.967272250446605e-05,5.8666997012417474e-05,6.232058814764132e-05,8.57513039495e-05,2.302024238423272e-05,0.00012289809033847897,0.00011985864690090313,5.2416734764325197e-05,8.946098661515464e-06,3.597216823162006e-05
cysD,cysD,0.0006290605401082881,1497,5.856800190859455e-05,8.996756223323287e-05,0.0001500274304602446,9.521908851701759e-05,4.52664311824606e-05,8.749171660521156e-05,2.127157571461367e-05,5.653023307725369e-05,2.458855287472096e-05,1.2994753493806257e-07
nuoF,nuoF,0.000628915688409219,1498,0.00017091622856725143,2.561302376846453e-07,0.00011825005192058231,1.9264404716753943e-06,1.1115184931095183e-05,3.259921105294377e-05,8.712347820620152e-05,7.967448578110239e-05,4.132955141658547e-05,8.572492582409699e-05
racR,racR,0.000628450999388845,1499,0.00012646238978519813,6.683776530524762e-05,2.4638621012091337e-05,2.91754861488171e-05,4.722563374438513e-06,4.328180656718351e-05,8.519747789403518e-05,0.00018371098630219062,2.5366314198538156e-05,3.9057588801104846e-05
tmk,tmk,0.000627923776757526,1500,0.00027579503119332273,1.9100254268396865e-05,1.5497517443709937e-06,1.5044038861628622e-05,8.20776689020685e-05,5.250697432338227e-05,0.00010961112835966657,4.105983664342567e-05,1.699086197762397e-05,1.418823048363986e-05
yddB,yddB,0.0006274671328119673,1501,0.0002396598772980016,0.00011775673234347584,3.824903663759456e-05,2.940310820995962e-05,1.091747223117478e-05,7.384368617115664e-06,6.25513249338751e-06,9.229686785539257e-06,3.8170207180267275e-05,0.00013044151101545122
yheS,yheS,0.0006258085336527174,1502,0.00020694463143471092,8.626722033261868e-06,7.957443252653533e-05,4.720534558077654e-05,8.866306552115668e-06,4.979772140699208e-05,2.3757537466806056e-05,7.046589000344976e-05,2.5695143559567416e-05,0.00010487480308850184
frsA,frsA,0.0006256655524387218,1503,0.00017389409374494137,3.2045377928548296e-07,0.00015298548804850643,5.2444429218042694e-05,2.8509973166703344e-05,3.4191496339811284e-05,5.387510769352977e-05,2.9706877882750913e-05,6.071280761772133e-05,3.902482494742922e-05
murA,murA,0.0006249741783111962,1504,9.680885141205665e-05,4.663090071844154e-05,7.231731640134167e-05,1.6038931466766997e-05,7.878974031435895e-05,5.333565901796857e-05,5.1126926565524045e-05,6.516661788932685e-05,0.00012899729190930874,1.5761942616102222e-05
yobA,yobA,0.0006239781369315135,1505,0.00013232240361832687,3.788742386127042e-05,0.00012739456852335697,2.3769750075421295e-05,3.7668399501853554e-05,9.209422204882089e-05,1.726329540494358e-05,8.773393946292703e-05,1.9365353237556496e-05,4.8478781197036474e-05
pabC,pabC,0.0006237813075946518,1506,0.00018431386158091137,0.00010690127403797246,1.856223680742051e-05,8.329235539495169e-07,5.9554138324880256e-05,2.5022477958057378e-05,8.054301194385021e-05,7.174290062011987e-05,2.3243255117171225e-05,5.306522765031886e-05
yfaZ,yfaZ,0.0006236156752152032,1507,0.00017794742352119072,2.2681146271317505e-05,4.0940881200719325e-05,0.00013139728696339982,1.5428208203399537e-05,5.675915299337e-05,4.539737490949131e-05,4.4038699442556324e-05,3.9306640286299925e-05,4.971886142345877e-05
ksgA,ksgA,0.0006228216411052719,1508,0.0002622950222285946,2.8702244314377056e-05,7.315170878882573e-05,2.466316852445686e-05,9.853248875382223e-05,2.1678073547637674e-05,1.3173576175604832e-06,6.254660088082136e-05,1.8277394121772573e-05,3.1657582327403365e-05
ypfI,ypfI,0.0006214704308335373,1509,8.959443161469639e-05,2.4240618781474216e-06,8.469891787326891e-05,8.231550494894723e-05,2.9835490895861353e-05,6.605366330380735e-05,2.096805383484855e-05,4.203613778663512e-05,0.00017242742698676496,3.111674171056002e-05
yfgL,yfgL,0.0006202658773287489,1510,0.00010342289320462542,0.00011633338958707499,1.646266270966737e-05,1.1630895747123814e-05,5.8348730861504676e-05,4.8789480702040764e-05,0.00010276739370149716,2.0555712596003027e-05,0.00011174459634272902,3.0210121876482536e-05
ynbE,ynbE,0.0006200724623199093,1511,7.484980163857436e-05,3.483306564901069e-05,4.5124523334118097e-05,6.854816156985822e-05,3.14132164873773e-05,0.00012644409372422177,0.00011473496164239368,1.53435157882903e-05,4.988176180060756e-05,5.8899360685457514e-05
atoA,atoA,0.0006196721328513313,1512,9.39280158404244e-05,5.344814427820748e-05,6.03002235581578e-05,2.6661380118200867e-05,3.6476283572746783e-06,5.439957824562107e-05,2.042017465668192e-05,6.381027028454507e-05,0.00022223858583985325,2.0818131672364797e-05
argH,argH,0.0006192215585838945,1513,0.00016258701324814047,4.4874821497104186e-05,5.321056502907847e-05,5.343478125308962e-05,9.312066420261194e-06,6.410193038020344e-05,2.026944847434264e-05,0.00012827464935505247,8.934080080098952e-06,7.422220284652305e-05
yjcD,yjcD,0.0006189737847588564,1514,0.00015580604312498024,5.593411414581976e-05,0.00012779048531598832,4.249358694501844e-06,2.672181694773324e-05,6.0893479090848144e-05,4.1444852253761864e-05,3.384252693374083e-05,4.70195950187657e-05,6.527151323271638e-05
udk,udk,0.0006177245563266172,1515,1.600471531959235e-05,0.00018694093373340559,3.0027769113915404e-05,6.679190420705502e-05,0.00012143227596352205,7.945928116813427e-05,6.556556546020141e-06,5.020106260108238e-05,9.887423999772804e-06,5.042263367411738e-05
ogrK,ogrK,0.0006173801035354309,1516,4.875299064641865e-05,3.671239402312013e-05,5.07856185939412e-05,4.3819716311280306e-05,3.669114194375898e-05,9.775598288819228e-07,7.500585527384929e-05,4.0876124967615655e-05,9.831849623636133e-05,0.0001854402057102035
ybdN,ybdN,0.0006168582361092902,1517,0.00017462848001940218,0.00011724267217731111,3.7418442119450655e-05,4.7625389387846774e-05,1.3975438426505472e-05,8.706796130863892e-05,4.173975968922405e-05,5.3833020228531386e-05,1.7046790279546524e-05,2.6280282472833206e-05
pspC,pspC,0.0006168451885492243,1518,0.00013834445938627155,6.542689915206482e-05,2.5310676619655643e-06,2.0760669964280113e-05,5.726936837082469e-05,7.575770783262612e-05,6.282865069963617e-05,7.888011227219864e-05,3.19036029249735e-05,8.314265028438305e-05
gpsA,gpsA,0.0006160918412663631,1519,6.46529110932401e-05,0.00012912222789240315,4.2077558701919585e-05,1.5122304228047367e-05,3.679070136265545e-05,6.585759759285468e-05,3.279879503335111e-05,0.0001622169758316315,4.539427872001068e-05,2.205849081024963e-05
yeiG,yeiG,0.0006152028811383802,1520,0.00017262662082757565,2.0650910598652367e-05,8.818664902495825e-05,1.1189967687396093e-05,0.00011644146410724258,4.7226011792744425e-05,4.234950923243193e-05,5.3983360283441964e-05,8.21074718296987e-06,5.4337640400967016e-05
nadD,nadD,0.0006146850197635174,1521,0.00016148195824055098,9.00719705473929e-05,8.482801257371196e-05,5.128134737519906e-05,2.4202366996073366e-05,3.901978134809916e-05,1.666415282326446e-05,2.6519553703908886e-05,6.8695573417569e-05,5.19203027377477e-05
dctA,dctA,0.0006141963132931527,1522,0.00028098220414985256,8.13580468164561e-05,1.791025774119868e-05,0.00011608909545813107,6.005705545412635e-06,5.6050202446959594e-05,9.696198368011057e-06,2.7594422718645732e-05,8.741239483879142e-06,9.7689405646062e-06
kdgT,kdgT,0.0006141775152558655,1523,0.00011273254866516677,4.241269750414443e-05,2.9092510381320342e-05,2.650587198933915e-05,7.585887789135848e-05,0.0001110489063226448,6.0090890135557564e-05,9.813757465653321e-05,2.07470523405652e-05,3.755058536923555e-05
mdh,mdh,0.0006125553912534232,1524,6.141983393566212e-05,0.0001280817258839629,1.8110426009786899e-06,0.0001210334084039703,4.210433134009948e-05,4.9723798232181585e-05,2.303079826375389e-06,2.7736212634875605e-05,1.648880475123616e-05,0.00016185315364408096
gntT,gntT,0.0006111298926161917,1525,0.00022024253666303226,0.00010234363887641715,3.077751386181036e-05,5.612821050750193e-05,6.35105717633407e-05,1.624224319948365e-05,9.237093983304823e-05,1.4974617204117117e-05,4.434801357528289e-06,1.0104819349911937e-05
hybE,hybE,0.0006110861103960419,1526,0.00011841446447289359,8.124337091007805e-05,8.954009651335083e-05,3.05159625574138e-05,5.6778097536277196e-05,0.00011207051935824211,7.259335894561189e-06,3.063682085367687e-05,2.7515455419844387e-05,5.711198687970366e-05
kefC,kefC,0.0006103655844642724,1527,0.00017981623330716112,3.840086816150519e-05,6.426820581475737e-05,1.993469473625063e-05,0.00012031071126609019,8.632908851202198e-06,3.548213426759637e-05,6.2465655956206256e-06,0.00010639363415350854,3.087962831058023e-05
nfnB,nfnB,0.0006089957464320054,1528,4.3920546596387014e-05,1.29386571702134e-05,0.00013312761789758095,6.0321547618806706e-05,6.069243653869185e-05,8.868155280784223e-05,6.442656193526622e-05,2.8080056663188365e-05,3.762438439266138e-05,7.918238481136737e-05
ydiU,ydiU,0.0006087180597464851,1529,0.0004078808940911733,2.0226719183471713e-05,2.526782840170444e-05,1.5284951780919864e-05,1.7798821974793905e-05,1.7835840992334018e-05,8.211084832036027e-06,2.9467166609545822e-05,2.4756758557188842e-05,4.198799332331715e-05
wcaK,wcaK,0.0006083353442789554,1530,0.0003580154015805076,2.8720145066712504e-05,5.622383888028331e-05,1.5823387797802162e-05,8.739513019699483e-06,2.761039200162821e-05,3.0098070030114973e-06,2.4155347976795827e-05,7.077805483232244e-05,1.5259456120192317e-05
sdaC,sdaC,0.0006081694917989435,1531,0.00019389473125861525,2.6253700131652297e-05,5.9745343620300045e-05,6.392592489145298e-05,6.614196034474099e-05,2.4700791699599766e-05,4.812712526200017e-07,2.9584300300366456e-05,5.580283064204258e-06,0.00013786118523539142
lpp,lpp,0.0006077400695444797,1532,5.936962770014085e-05,0.00011676483627197506,2.6951712831162627e-05,5.7293866401808324e-05,3.4267562929922046e-05,1.4300127871410675e-05,7.230317358196102e-05,9.835506984582668e-05,9.190138290734895e-05,3.623270920292344e-05
cusA,cusA,0.0006076088954723944,1533,0.00036619192783106326,2.7423963662467574e-05,6.192813815155914e-06,3.8182476575002126e-05,4.9433850067840974e-05,3.6182161122628125e-05,1.6180956724339508e-06,1.874340747044258e-05,3.2856684322637965e-06,6.035453082309618e-05
ssuE,ssuE,0.0006062060349362699,1534,0.00012045965375789306,4.262550966588292e-05,1.8150759314390753e-05,4.935012809063286e-05,6.887165839691063e-05,6.535519822796471e-05,1.7350748509968916e-05,6.697814281753176e-05,0.00010506723382140667,5.199700233368758e-05
acrE,acrE,0.0006058135334419181,1535,0.00015283868786927047,1.8286575010572245e-05,0.00011300848876968582,1.3796958178476829e-05,0.00012546992954496936,1.2759979808763766e-05,4.806073089326488e-06,6.846114119714888e-05,6.027812344975204e-05,3.610757652395225e-05
uhpB,uhpB,0.0006057909081906713,1536,4.552651570089018e-06,9.837966236029265e-05,4.799619451609153e-05,0.00010565263535377702,4.732538088143084e-05,8.376061798224063e-05,2.535885325199904e-05,6.584054601075325e-05,0.00012469866445507293,2.2257018089243513e-06
rbsK,rbsK,0.0006054218495746028,1537,0.00029458848662164357,3.251012561012977e-05,3.081224329941853e-05,6.694517761570417e-05,3.5677067848446815e-05,1.1132210159922118e-05,3.955617469308719e-05,2.8980349853549153e-05,4.031668345218331e-05,2.4903330420518205e-05
ilvI,ilvI,0.0006051980319284079,1538,0.0003553962326849855,1.354106939162071e-06,3.421027606483905e-05,1.1749886945448722e-05,3.607108902004339e-05,3.611710389002913e-05,3.311036921233521e-06,7.208198350304561e-06,4.5465220246866886e-05,7.431488086549507e-05
qseB,qseB,0.0006051649494786982,1539,0.00018758334318227018,2.660735202713107e-05,6.605544055832912e-06,6.00264566790526e-05,3.3706528052303976e-05,8.20216163011662e-05,1.499494041267664e-05,2.9467072437519197e-05,5.579544881857223e-05,0.00010835664751217318
cadA,cadA,0.0006048567586723006,1540,0.00011951281525253421,0.00016461035969531174,2.607708437096786e-05,3.2303367666196335e-05,5.31646884732389e-05,7.482390113430122e-05,5.8251901818664506e-05,3.2042021376105504e-06,7.120004065480065e-05,1.708397468674673e-06
yaaH,yaaH,0.0006043934232738971,1541,0.00014674650522563073,9.584809859778184e-06,0.00010697342434059124,1.674160720414668e-05,2.8639079871074447e-05,3.0467537669904288e-05,5.9872689983561326e-05,3.743012448726018e-05,6.992057442570443e-05,9.801707020624574e-05
yagY,yagY,0.0006043490689527576,1542,0.0002129827345214483,9.617698973499246e-05,4.73747585151756e-05,5.206501276700677e-05,1.3999225059665971e-05,1.692724258861982e-05,1.6988769609368422e-05,2.574324348381917e-05,1.7066933665294633e-05,0.0001050241590073664
rpmI,rpmI,0.0006040692215358507,1543,0.00024952485561113944,9.407508181933565e-05,1.1112166506498645e-06,5.1556076251585555e-06,2.3197993769591145e-05,3.77172064948418e-05,0.00013663309216933533,1.801404664709485e-05,2.0741029155382532e-05,1.789909159332147e-05
lpxC,lpxC,0.000603871941978612,1544,0.00017508533307248914,7.96601021829142e-05,4.9546487423411925e-05,2.949515262037427e-07,7.927882494930762e-05,3.698938834586973e-05,1.4434259553514626e-05,6.866295399074785e-05,4.702630019994129e-05,5.289334073421193e-05
dppC,dppC,0.0006035916514513927,1545,0.00013246188090351753,1.778448163520627e-05,2.372943408245815e-05,7.270372258105101e-06,0.00013123463571231638,6.223394428785403e-06,0.00021543634706471725,9.426028047034341e-06,4.7877282767508636e-05,1.214779455174379e-05
ypfE,ypfE,0.0006035076263476703,1546,0.0002147231363560789,7.232604844876378e-05,1.3743634288163929e-05,2.8730246237555388e-05,4.03829919242817e-05,1.0569429644127342e-05,9.123425282078089e-05,4.541822670325554e-05,5.136617763521839e-05,3.501348228944461e-05
dfp,dfp,0.000603211563668135,1547,0.00010676750590397514,8.283546183004002e-05,0.00010515830045281348,3.251949454644685e-05,5.030339411144837e-05,5.410231263565456e-05,0.0001116218304622325,9.82584504877084e-07,2.9543331203816524e-06,5.596634610026539e-05
yahG,yahG,0.0006030769491768639,1548,0.00010487892360464137,3.658144633761264e-05,2.0501206222344267e-05,5.5733111202971815e-05,8.458898361574072e-05,7.496182098358486e-05,5.1012525964529876e-05,2.6658276536146637e-05,7.039955049768218e-05,7.776110421160955e-05
yggG,yggG,0.0006028350035175905,1549,0.00012077641724516279,2.48439663299747e-05,0.00014272213131242797,1.5075581475986861e-05,0.0001484013140947477,3.7392241790105535e-06,5.7909506150912826e-05,3.725955582751065e-05,2.6574999240502533e-06,4.9449806977806335e-05
yegH,yegH,0.0006026437074222327,1550,0.0002504165153504182,9.128561594450379e-05,1.7033448827477406e-05,4.666601668579231e-05,1.6397598456617174e-05,4.146965989819831e-06,0.00015369057159474788,5.905090083688085e-06,1.6490435262092763e-05,6.114492270753487e-07
adiC,adiC,0.0006023129594094173,1551,0.00028901499706234174,5.369168886773021e-07,2.6932172148775062e-05,5.694298158728139e-06,0.00010033379187981266,2.963103968754224e-06,1.7213941505905254e-06,0.00010660033472159276,1.3920654333301616e-05,5.4595296096843314e-05
yggX,yggX,0.0006020209869380382,1552,9.396675478154236e-05,4.4410802053556684e-05,2.7078740416478224e-05,0.00011115663691297358,5.6059311886644576e-05,9.453136457985005e-05,2.8060918664078988e-05,3.8275719995128475e-05,5.206741122306927e-05,5.6413326424715935e-05
ftsZ,ftsZ,0.000600387615815251,1553,0.0001424817202525963,7.09100563665479e-05,5.7703720307469845e-05,5.651579105707846e-06,7.631139583405681e-05,8.9944246610376e-05,0.00010406472427894,2.09193278178523e-05,2.1173370876525477e-05,1.1227474365178487e-05
speA,speA,0.0005994409251128478,1554,5.649063095815248e-06,0.00017318462473832867,3.946333527987912e-05,4.676295604568649e-05,0.00010598298047958075,8.337108817460366e-05,1.0534758218790399e-05,4.519240228358504e-05,8.90068815070828e-05,2.9283528949549064e-07
yraP,yraP,0.000599047278569495,1555,0.0002567154938953737,3.1436513785794246e-05,2.053637654919893e-05,4.8002703287967806e-05,7.298213177772853e-05,4.581263638271612e-05,2.1849092145167734e-05,3.434429525143147e-05,5.027530740667182e-05,1.709272808744459e-05
yfcI,yfcI,0.0005970160541194756,1556,0.00027313700829213544,7.242801853338803e-06,2.4170896825485335e-05,6.033696490622995e-05,2.3081590052047378e-05,6.0548816105473894e-05,3.372822425904589e-05,7.482779407065711e-05,2.222646217495581e-05,1.771549558010598e-05
yibL,yibL,0.0005967353842612629,1557,0.00011072339046537931,2.828095507938195e-05,0.00012439837224922443,7.427032490261442e-08,0.0001821441624142405,4.123087173544374e-06,3.7949613768457504e-05,9.58770330689593e-06,3.9576460462644897e-05,5.987736901659131e-05
yejM,yejM,0.0005967286031435767,1558,0.00011222565827623112,5.2510366744206724e-05,0.00010102666846598639,0.0001086286789339144,9.273275229791012e-05,2.9834850458314892e-05,1.2773492666601784e-05,3.654017227576203e-06,7.285074322476905e-05,1.0491374848066173e-05
ybhP,ybhP,0.0005952308877029318,1559,8.937092421053734e-05,8.761550670678431e-05,3.729522553515795e-05,3.610518985003549e-05,6.855799992913877e-05,4.5616399520658166e-07,7.172259811092963e-05,9.922281935412753e-05,1.0157435818532956e-05,9.472702419248123e-05
yaiC,yaiC,0.0005950182177623146,1560,0.00022282483302249614,9.954555300613521e-05,6.411497026816718e-05,4.3838278531008204e-05,9.280304017877194e-07,2.0181144241843278e-05,9.60102362418469e-06,9.611519477448744e-05,3.160083740635702e-05,6.268352485847771e-06
alsC,alsC,0.0005949655960981175,1561,0.00021348998905748216,1.1328269717693557e-05,7.098102713083752e-05,4.487287713556111e-05,0.00013179343737261025,1.62455403258259e-05,2.049845308257816e-08,8.097116964512829e-05,2.1221992976010367e-08,2.5241565266920007e-05
yliD,yliD,0.0005949523225293372,1562,0.00012542431832424208,4.093501163319777e-05,8.229097521470944e-05,1.4630621304644488e-06,2.2302547834743347e-06,6.900367985127558e-05,1.881682920887798e-05,8.846501185259241e-05,0.0001443470518246693,2.1976127705833763e-05
yjaG,yjaG,0.0005942253483523931,1563,0.00018811636636713986,1.657198704152237e-06,2.4352068190258487e-05,6.255897826944754e-05,4.500714033184893e-05,3.1337866157458076e-05,5.910215981320794e-05,8.916373124732987e-05,4.743050655220983e-05,4.549933271934038e-05
menA,menA,0.0005919224710893662,1564,0.0002469673619489742,4.9761835042190546e-05,0.00011783480121515447,3.5118280598982626e-05,4.816404614899663e-05,9.963716176180098e-07,2.5104614844852107e-05,4.1517090345821586e-05,3.3743359674452295e-06,2.3083733359330696e-05
hokD,hokD,0.0005909004681898535,1565,7.407489749115057e-05,0.00022672309430912476,3.608393747881912e-05,2.574073999184446e-05,1.4438337586932804e-05,4.284724567457114e-06,3.66413825366221e-05,4.760554394244671e-05,0.0001245026624971604,8.051477882954526e-07
fliD,fliD,0.0005906720389794778,1566,7.210390175683466e-05,6.793870172558618e-05,1.1976338583134972e-05,0.00011439954126320975,0.0001092861814264013,1.3852017116630122e-05,8.131380513876539e-05,9.2032206412743e-05,1.635049901687486e-05,1.1418846539297518e-05
ydcN,ydcN,0.0005876201845866347,1567,0.000238968040286879,8.22010421392511e-05,8.907674001166692e-05,0.00011773596909002544,1.419441554434183e-07,2.6215026852916768e-06,5.91099517067899e-06,1.9756422317664013e-05,1.076059213371943e-05,2.0446936596014707e-05
cydC,cydC,0.0005871100039140076,1568,0.0003045696932072901,1.4312443543780293e-05,2.547649293043432e-05,2.156346386535986e-05,5.2134642769050665e-05,8.257937933912454e-07,1.1139022967872274e-07,1.4809065985559837e-05,7.58804229591977e-05,7.742659463026483e-05
argT,argT,0.0005865450049515643,1569,6.111508614058222e-05,3.264066331108133e-05,9.962223672978325e-05,0.00012531116170484864,8.418215474449595e-05,8.664887372990107e-05,6.960877077272587e-05,6.881630053246608e-06,1.958608632939149e-05,9.483414355078536e-07
yfgA,yfgA,0.00058638578327048,1570,9.927585554169597e-05,1.4506138934110484e-05,2.4419912843552344e-06,8.632130428794423e-06,4.9206579523896126e-05,8.356632010893965e-05,6.933583325909856e-05,0.0001824445522083429,2.2731644866013907e-05,5.424473711523277e-05
ugpA,ugpA,0.0005848890444417416,1571,0.0002110156004341986,2.0980171018109727e-05,2.763038927500009e-05,0.00010667308237424786,0.00010190899209559703,1.0295463311737893e-05,7.975146622970002e-06,2.0645784979158094e-06,7.088976709972297e-05,2.5455853712241717e-05
rsuA,rsuA,0.0005845358553752308,1572,0.00010029429558869336,6.331566308784308e-05,4.6057959735741654e-05,5.9658391225465696e-05,2.9384992055251992e-05,6.0951203997756296e-05,7.115062454122047e-05,8.470832643838307e-05,4.933863693874053e-06,6.408053501100111e-05
mdtA,mdtA,0.0005830574748677011,1573,0.00021159561624233816,1.966042181679548e-05,7.358894150326709e-05,1.2921026384847314e-05,8.977181181393128e-06,1.7338979509332228e-05,7.816080597141886e-05,2.315002974626058e-05,6.291819342070977e-05,7.47462790913385e-05
rob,rob,0.0005826226473561649,1574,0.00010290042363808756,0.00011360138021531919,3.046317352859381e-05,5.989182692657734e-05,5.7031780578846186e-05,7.156339398299768e-05,1.7670164085797208e-05,1.8256412713677e-05,8.000656493586288e-05,3.123752675040599e-05
yqjB,yqjB,0.0005797553518800797,1575,0.00017297221364867725,0.00010566481221821509,0.00011467877115867145,1.5048120625931514e-05,3.697756479136975e-05,4.360930125436137e-05,2.3474079461860038e-05,2.6582976447451955e-05,3.6930636409201434e-05,3.8168758643398605e-06
ahpF,ahpF,0.0005780843127639466,1576,0.00019696548154650155,0.00010933095472696426,2.197611616732143e-05,1.1181165052579761e-05,1.4347260177262315e-05,2.2411732399504762e-05,2.0013754331845315e-05,1.5959129510726637e-05,1.6254593335826513e-05,0.000149644125515414
tbpA,tbpA,0.0005771662536814481,1577,0.0001072603274643427,4.088012854135679e-05,0.00014806262814856638,7.066705946282783e-05,5.689072557075065e-05,1.6747565460038665e-06,1.3673559233136403e-05,4.787210530114149e-05,3.14550177280604e-05,5.872994568526154e-05
nikC,nikC,0.0005771534787846193,1578,0.0001316289343902199,3.652935150206272e-05,3.80773058240955e-05,7.549729889449742e-05,0.00010612443235487257,4.117077386503944e-05,1.3140380655420738e-05,5.275348866615234e-06,7.530069288036788e-05,5.440895955142792e-05
clpB,clpB,0.0005768092189601462,1579,0.00014827932361681186,0.00010843191754615496,1.3810379736583905e-05,6.196021040954116e-05,7.050362368107528e-05,8.545926591850943e-05,9.782117186932276e-06,3.07986681221585e-05,3.899680668693019e-05,8.786906055448668e-06
fliY,fliY,0.0005745726979716986,1580,6.519875449178296e-05,9.876924329921692e-05,4.7248917190246426e-05,3.4699896628293484e-05,5.9358269926884775e-05,4.9500570475342686e-06,3.414053207430686e-05,7.25854457638626e-05,3.811652576225649e-05,0.00011950505578731386
lsrG,lsrG,0.0005739041142099746,1581,0.0002232294876453466,3.002283225801371e-06,1.4384563854403196e-05,1.4025859581809778e-05,4.203797032802709e-05,0.00016292745972745518,7.88360322019329e-05,6.043144979102882e-06,2.1733326533810184e-05,7.683986132285441e-06
mreB,mreB,0.0005727309582293729,1582,8.772774441052066e-05,5.1399672874556936e-05,9.183697877029997e-06,1.5162170567353552e-05,0.00010527940192243977,4.496821589050403e-06,7.320902776975115e-05,3.101176290389033e-05,0.00017059449161521608,2.466616669956396e-05
ychG,ychG,0.0005726114747858627,1583,0.00014319592882303846,6.381892263710305e-06,2.0979087682751647e-05,6.903856997576798e-05,8.159713512135e-05,1.462601915391713e-05,0.00010344944001300107,1.6865331732788786e-05,2.9349185248231732e-05,8.712888477130563e-05
yfiF,yfiF,0.0005724979241943248,1584,9.505732145807047e-05,3.92814894097139e-05,4.356790506973485e-05,0.00019059234353325304,6.78877514668301e-07,2.2752711417124126e-05,9.039799338733826e-05,2.1975859506708504e-05,2.776514526357398e-05,4.0428277634139386e-05
pncB,pncB,0.0005724510585504535,1585,0.00019679576286508928,8.949914840964338e-05,2.052950293075967e-05,1.1358468034846058e-05,2.9704464961230566e-07,3.236833855500901e-05,5.856543435045163e-05,2.2308628118636097e-05,0.0001260993587878301,1.4629371848575974e-05
yfhR,yfhR,0.0005709337750307913,1586,7.361412101210864e-05,5.2974799707807616e-05,0.0001989409742454069,4.927350386000249e-05,2.138738246554091e-05,1.8599657930304465e-05,7.531906292600055e-05,3.2886546358439844e-05,1.3820393576732848e-05,3.411733294844714e-05
mltA,mltA,0.0005686770369896904,1587,5.381908399409612e-05,5.114609999627736e-05,0.00018097962936277183,2.614296363937737e-05,8.880131174357163e-06,3.871665427767198e-05,3.378296704113166e-05,0.00011221088646516588,5.259032430967097e-06,5.7739588607873885e-05
ymgC,ymgC,0.000568518738353786,1588,0.00024187624924351583,2.869565646585188e-05,3.911078988506434e-06,6.294706020529427e-05,4.660029286493561e-05,8.731416936569664e-06,9.473547146778783e-05,3.082696862531339e-05,1.4595408770906953e-07,5.004858946830206e-05
yagH,yagH,0.0005679659553534983,1589,6.225365278502604e-05,2.5646382376822552e-05,4.43707052032823e-05,0.00015192860632543817,4.0905202246749e-05,5.664298582904857e-05,6.110573260971118e-05,4.01515816389788e-05,3.800405999969193e-05,4.695704633874973e-05
ydhC,ydhC,0.0005675155502398866,1590,0.00011600025215437575,7.508047434817768e-06,5.613154646657669e-05,1.2336971662315705e-05,2.4152550185650516e-05,4.978807812928606e-06,7.722212572791118e-05,4.862611017798679e-05,0.00015354232545651935,6.70168131608043e-05
trpD,trpD,0.0005664272570743856,1591,0.00011700057645587912,4.6274952020700755e-05,1.1739481520589468e-05,1.9744905506343114e-05,2.8964768850786452e-05,4.5293908516276406e-05,9.852159359568183e-05,4.661394448833387e-05,3.0895681440013644e-05,0.00012137744467978097
gltX,gltX,0.0005659600926123976,1592,4.649261937241904e-06,8.964343472841899e-05,4.787573417487777e-09,1.752683257752469e-05,0.00010760866895610847,0.00016546270369028688,4.0159611032542434e-05,8.614749658738612e-07,6.059505601459957e-05,7.944826113638329e-05
yfgD,yfgD,0.0005658063922546133,1593,0.00017386935566150342,4.962625079046124e-05,1.2697981401155582e-05,3.0274820632161785e-05,9.132325001138885e-05,1.7114320143142308e-05,2.3031382373236254e-05,8.054065511278359e-05,7.309964955828525e-05,1.4228726570494987e-05
lgt,lgt,0.0005655379253223433,1594,0.00012993415504676133,7.013371300448297e-05,4.6270759169636466e-05,3.4899907031121224e-05,6.0692916786366855e-05,6.154796664731365e-05,4.6752203246625234e-05,4.751766208406381e-05,1.0649478650458339e-05,5.713916365551352e-05
frlA,frlA,0.0005652120380167467,1595,4.723979217892565e-05,2.760066126375047e-05,9.117355731886786e-05,3.903549076453878e-05,1.8818817040226042e-05,5.592603476210999e-05,0.0001688494312360415,8.666804021412052e-06,3.6912069188019465e-05,7.098938024285496e-05
asnA,asnA,0.0005646728968023019,1596,1.2428944741193836e-06,2.8989401419079932e-05,5.4242872809772746e-05,9.311542091325132e-05,0.00010880553002087669,2.8394634243525815e-05,3.754721827622142e-05,8.621417765939246e-05,8.330772824632949e-05,4.281301873973268e-05
menF,menF,0.0005643216194248866,1597,0.00011662254389598551,8.386029876120648e-05,4.675401573194733e-05,1.7362191890124285e-05,4.037017576918844e-06,3.6281510179206146e-05,3.9310754942561286e-05,5.259409936192324e-07,0.00020071284218680386,1.8854503266513674e-05
mreC,mreC,0.000564220946429211,1598,0.0002508511802059451,2.864022477413786e-05,2.6535059390778555e-07,3.926258366210174e-05,2.3689846089676358e-05,3.2250507050943494e-05,5.860786248195431e-06,9.350358819967748e-05,5.04755372702951e-05,3.94213423343306e-05
ccmH,ccmH,0.0005641580878183734,1599,1.02028147954861e-05,0.00015347012076154942,5.795800567446496e-05,4.242425949434555e-05,1.9898961541979337e-05,5.494494375400013e-05,1.2636405777594567e-05,7.648911949749224e-05,6.408898648047092e-05,7.204447004099017e-05
trxB,trxB,0.0005634555840927904,1600,9.381471206183779e-05,1.9563275251776237e-06,4.2111770560775734e-05,0.00010508513911256604,1.376162173464428e-05,4.8553309654317135e-05,0.0001693455765902672,2.3155146436144018e-05,6.008678854910683e-05,5.585191867953852e-06
yqaA,yqaA,0.0005607585369289354,1601,7.107751172491858e-05,9.97245680661071e-06,9.041620859070552e-06,9.796549864664508e-05,3.93207093721149e-06,0.00012290372436835992,0.00013329227045377276,2.6785867201213825e-05,6.082168122392833e-05,2.4965834707204095e-05
rssB,rssB,0.0005605673013867267,1602,0.0002635988535555138,3.150757318147707e-05,1.9967982913204384e-05,4.856297484465766e-05,7.885620034769768e-05,2.967984394966277e-05,1.963429762417342e-05,3.7154942158219473e-05,1.5411011302945967e-05,1.619362150917438e-05
ysgA,ysgA,0.0005599353053719467,1603,0.00012849961062648448,1.283743865882053e-05,2.0522445771686024e-05,3.7240550737317786e-05,7.445451383887415e-05,8.743837057035953e-05,8.00320628937322e-05,3.15834220629825e-05,7.364489282440501e-05,1.368199738728447e-05
tktB,tktB,0.0005590660071962113,1604,2.369501456313009e-05,8.733788734025995e-05,0.00010861010760688264,2.5562022709677495e-05,2.48771463898858e-05,8.227397843023123e-05,6.43115486926683e-05,3.587100942731676e-05,6.551290896921196e-05,4.1014383066947145e-05
ykgO,ykgO,0.0005588760262217996,1605,0.00023379186770038874,8.659979870384848e-07,4.483841337942153e-05,3.512471870054971e-05,2.0377394858205982e-05,7.516332761139544e-06,3.962100337420996e-05,9.285743128489017e-05,6.745502285923555e-05,1.642784331671988e-05
ygiF,ygiF,0.0005572803516021236,1606,4.753451869388755e-05,4.797965126772753e-06,4.167140580506545e-05,2.7728922000076714e-06,2.9139008210437684e-05,0.0001579052828502488,5.178558244613234e-05,6.809496092971911e-06,0.00018682087751599875,2.8043322660600636e-05
hisG,hisG,0.0005571773679385434,1607,0.00011593320121232579,7.910820134430419e-05,2.9747285050198582e-05,2.0474384912820117e-05,2.332423766416994e-05,4.377913806695557e-05,7.384906096188555e-05,5.02518114892717e-05,1.2267871177819033e-06,0.00011948326011883
yfiE,yfiE,0.0005557956660699757,1608,9.266562228692014e-05,4.635244038238624e-05,7.433843613812737e-05,2.4899520748845328e-05,3.6976264855357996e-05,0.00012025288467556557,9.228269449208633e-05,2.235377705565764e-05,7.603512645168169e-07,4.4913674170512176e-05
yegK,yegK,0.0005551424767591006,1609,0.00024920352769074237,7.224045574439152e-07,7.953548054098406e-05,1.413463434765898e-05,2.639368219425329e-05,3.365134118855428e-05,2.6034491749285072e-05,1.894361873747416e-05,8.186681597968128e-05,2.4656479773023182e-05
yahH,yahH,0.0005545115075232209,1610,0.00011175011672697998,2.5633377614834255e-05,6.764479485620297e-05,9.183511225882081e-05,4.75404818415402e-05,5.311438871332181e-06,5.8564207647964867e-05,9.169610188428929e-06,6.779982808121473e-05,6.926253943590206e-05
mobA,mobA,0.0005544053334361822,1611,0.00020189643780854814,4.1028630599074065e-05,0.00011096465944570332,1.8292614554819228e-05,3.036007503923916e-05,1.4411071195521517e-05,8.233780295786568e-05,5.366561080199339e-05,1.0125552546686615e-06,4.3587577874917427e-07
yedE,yedE,0.0005542105452785581,1612,9.287927840191731e-05,4.414471042317038e-05,4.4874555610856176e-05,3.154028969935563e-05,1.1692863986947313e-06,2.6330686014043668e-05,7.37178323157008e-05,0.00010350630355917488,6.424368097931584e-05,7.180392187632868e-05
yiaD,yiaD,0.0005539075658240359,1613,0.00013605503875668807,7.443350453416617e-05,6.0571800608758786e-05,1.4324557329934037e-05,2.952018712703456e-05,3.661957939252808e-06,6.655883134559474e-05,0.0001450834144061305,5.7922241207970254e-06,1.790604965567926e-05
glnB,glnB,0.0005535147974387435,1614,1.5660444531252333e-05,8.521382949479224e-05,3.680368376893874e-05,1.0220153441787212e-05,0.00010418261883569726,0.00010089546517575142,2.643689757212561e-05,8.964995709334843e-05,2.1009054136559905e-05,6.344269338849035e-05
murB,murB,0.0005534823699623029,1615,0.00017523566540700905,3.4182144328701387e-06,3.742822969786893e-06,1.7368888648393146e-05,8.419830381958144e-06,0.00012444148874918146,5.4196464145211287e-05,5.068576356405737e-05,2.9121183473703733e-05,8.685204819013172e-05
ycaD,ycaD,0.0005523573700495964,1616,6.809781231611157e-05,6.40458494882934e-05,4.3088839153487594e-05,8.511420666013971e-05,5.597616452705201e-05,6.378167882230104e-06,1.285834651783276e-06,2.2178896633354508e-05,4.83188957112253e-06,0.00020135970916602158
ygdK,ygdK,0.000551732526665727,1617,2.6010792088392276e-05,9.75237328686025e-05,5.233231255231672e-06,7.027030897596289e-07,7.990425291243579e-05,8.705169103752523e-05,4.478562298119136e-06,5.323737803397586e-05,8.234116131969536e-06,0.00018935606694971536
ymdA,ymdA,0.0005492182717580307,1618,4.91663809268479e-05,6.503829087700483e-06,0.00011977318423370001,8.99571493615311e-06,6.880352307793345e-06,0.00012503601472805355,6.4099051690583435e-06,3.4140060138035876e-05,0.00011060523159828131,8.170759863240676e-05
rplP,rplP,0.0005474899542707422,1619,0.00019186612968809965,1.0460532870411548e-05,7.41431858534255e-05,4.24924538376972e-05,2.109755075707349e-05,5.578752286591099e-05,5.301953935144484e-05,1.6104369100213308e-05,6.093499436817555e-05,2.1583675578290196e-05
uidR,uidR,0.0005471639706509129,1620,0.00011358741255945015,2.0540052627682983e-05,0.00011113718069336179,4.2459840649146e-05,1.0201053676652207e-07,1.670562570036799e-05,7.803599995226377e-05,2.9119043136644163e-05,9.708478293337921e-05,3.8392021861850154e-05
ydhF,ydhF,0.0005465445610774434,1621,0.00025506729682741864,4.5965566471769575e-05,3.167491721443352e-05,2.1270977749324065e-05,1.1992839000503436e-05,3.1967335812238064e-05,8.908559983827134e-05,2.506342237059544e-05,1.00396596814234e-05,2.4416946111465974e-05
cobS,cobS,0.0005462731678120118,1622,0.00012143302676891299,4.1166753834700315e-05,9.741427797236705e-05,0.00010337136880425703,2.5983967949233773e-06,1.1602846525192283e-05,5.7285699995363246e-05,3.6167181147524255e-05,4.566849903532302e-05,2.9565116933448207e-05
yadI,yadI,0.0005459287322168837,1623,6.56798721188863e-06,5.656385641617981e-06,9.547565468803301e-05,3.144003901889356e-05,0.0001163741700228009,4.414212389365048e-06,7.344328138223866e-05,1.7455465548738806e-05,0.0001271212921253871,6.798024418791996e-05
plsC,plsC,0.0005454790178876624,1624,6.393809087501899e-05,4.580970950582897e-05,0.00011738344348973057,3.738415523750772e-05,1.6250179187470646e-05,0.0001190013953252688,5.23623480451106e-05,3.217657978474315e-05,5.971202742630388e-05,1.4610890106790272e-06
fpr,fpr,0.0005453907590840607,1625,7.51253220485226e-05,5.733000953349635e-05,9.6996121863275e-05,0.0001235995151045039,7.498718862712252e-06,4.370005923789811e-05,3.4990770496127914e-05,2.74484882428864e-05,1.989453178247819e-05,5.8807221912160015e-05
yahO,yahO,0.0005452756993344966,1626,9.846529154855093e-05,2.4913448091726488e-05,8.140064930459512e-05,4.533344883788125e-05,9.343144024124754e-06,5.035148041528375e-05,5.720231731739673e-05,1.0364334810856554e-05,5.881295055165666e-05,0.00010908863443242432
yehL,yehL,0.0005448937481845769,1627,8.487812761978587e-05,3.5077973657187966e-05,2.4093474447677005e-05,6.752867814097055e-05,2.422401632442309e-05,4.6166901674016117e-05,7.289124948731283e-05,8.336206159202697e-06,8.644650107796693e-05,9.52506195960338e-05
yacL,yacL,0.0005445254883838456,1628,3.0798311799734592e-06,6.371629417863803e-05,0.0001153066216533214,2.0738651867073277e-05,3.8917236604702966e-05,4.8556282329081514e-05,6.209473127496196e-05,0.00012359342504392976,3.1440541434457866e-05,3.708187281770542e-05
yecP,yecP,0.0005445072050503579,1629,5.79897695716465e-05,3.530381697227953e-05,5.4544309968567996e-05,2.6146996762715857e-05,0.0001689672560247231,1.4814925146995283e-05,9.90400585675111e-06,0.00010471368491959951,4.0256392976275106e-05,3.1866046850803906e-05
yqaE,yqaE,0.0005443303673198804,1630,7.12820118859034e-06,9.647471572329968e-05,9.91396406107872e-05,1.6275064284348514e-05,4.773693862402818e-05,8.90243069443645e-05,5.206642952904848e-06,4.730762746204805e-05,5.4789390658638285e-05,8.124783887087094e-05
aaeX,aaeX,0.0005425459659501378,1631,0.00014695798840885126,4.6924639297605054e-05,8.990565227137903e-06,4.270620236526614e-05,4.741035331903312e-05,3.8921855752222125e-05,4.3444012939487094e-05,6.5788095745123e-05,1.153538271156039e-05,8.986687018385163e-05
lamB,lamB,0.00054245569452775,1632,0.00023405303142084554,6.416284797329553e-05,1.2112241099070159e-05,5.101266729070216e-06,0.00013269513298243933,3.564643303095786e-05,1.1478237298555921e-05,1.160328115573146e-05,2.5420179823077602e-05,1.0183043014706355e-05
chpS,chpS,0.0005423162463185085,1633,4.7990779638344545e-05,4.62592008768145e-05,2.484064971102267e-05,1.9216276935090437e-05,2.117617802690178e-05,4.679613786627433e-05,0.00018590392674942737,8.44283824871136e-05,6.448927673808606e-05,1.215437289433224e-06
flgL,flgL,0.000541964883118932,1634,0.00016535354233668178,2.48544655221827e-05,3.572444849772938e-05,4.939334475141745e-05,2.574424217843743e-05,4.664394579444538e-05,2.967865701514968e-05,6.646498438115292e-05,3.6559195826984904e-05,6.154805681475039e-05
glxK,glxK,0.0005416175470027862,1635,0.00018416768408376425,5.6616299134471453e-05,1.2611752858735744e-06,4.236832681376451e-06,4.7899059659970476e-05,5.336443079465836e-05,0.00014733982716146423,1.0670838402336988e-05,1.612640710964429e-05,1.9934992689226043e-05
ybgL,ybgL,0.0005416173003532671,1636,0.00020763102293066326,5.01528464379636e-06,2.1063154560781367e-05,3.904194694760632e-05,1.0870921923978291e-05,6.197281871763192e-05,1.3408285757343914e-05,9.017398034167854e-05,1.8161425940165128e-05,7.427845858962196e-05
sdaA,sdaA,0.000541380773122289,1637,0.00015017336780592566,8.98987075924396e-05,4.83958925023112e-06,4.0329280855462035e-05,1.9574079180706638e-05,3.1869746494445444e-05,4.2827395905495326e-05,4.34909669363752e-05,5.728970718290109e-05,6.108793191830695e-05
potG,potG,0.0005395168847753012,1638,0.00019312604938179705,3.631428869635186e-06,0.00010749817062858135,1.9438003206444126e-05,5.417693818675852e-05,1.231992047754621e-05,1.7849500882734155e-05,1.1226876699402306e-05,3.0208505135784593e-05,9.004149130661766e-05
dnaG,dnaG,0.0005390448863500289,1639,7.443098974334062e-05,8.489361352912041e-05,6.6563401020043e-05,1.7491679341782863e-05,4.701032264108005e-05,2.6577596488967912e-05,0.00011876710315577834,3.093740473385693e-05,5.587681366933656e-05,1.6495962026722157e-05
yfhH,yfhH,0.0005388044111222167,1640,0.0002633532104173734,3.253283681789025e-06,4.204431110462841e-05,9.555595062707188e-05,5.9236555240588736e-05,1.8169736937338625e-05,3.045824380201699e-05,1.4354344441029564e-05,1.2005440706662188e-05,3.7333416371788285e-07
ulaA,ulaA,0.0005382829495449633,1641,0.0001759038033484547,7.940815690540152e-05,3.269806655321101e-05,3.90376795488865e-05,8.662316846555215e-05,6.615014820423605e-06,2.922252370579203e-05,8.632216203736808e-06,2.659962842158309e-05,5.354269157192189e-05
slyD,slyD,0.000538139195827782,1642,3.5740764206282513e-06,8.350341983445938e-05,7.760521635488045e-06,9.573860619081339e-05,0.0001997315918485971,1.8911197204687126e-05,3.402662119758867e-05,5.31430225269213e-06,3.575260010678432e-05,5.382625913604357e-05
zntR,zntR,0.0005374527834097673,1643,3.0963544075738525e-05,0.00011108264631533989,1.8394124251147105e-05,4.972759611276428e-05,8.27664046820935e-05,3.382280076786541e-06,0.00018363782729954937,2.46799254441362e-05,3.1077254155516126e-05,1.7411809966957e-06
kduD,kduD,0.0005365290833221057,1644,0.0001559902906389344,8.79403768314825e-05,6.342860664983295e-05,1.7146382048613247e-05,1.530030950331735e-05,9.025693779450019e-05,2.689295433108659e-08,6.720408328610229e-05,8.421356145817405e-06,3.081384746917436e-05
yniC,yniC,0.0005364261652452543,1645,1.4550957280936862e-05,2.4104580933569023e-05,0.00011779325226973712,3.224578755253267e-05,1.5997771666265066e-05,0.00020549218424135158,2.235161709898951e-05,1.1155891932552204e-05,3.8408445744192705e-05,5.4325676525127605e-05
ygbJ,ygbJ,0.0005361224470046091,1646,0.0001289011896545906,3.998000849877003e-05,5.057554960477855e-05,8.575553693590772e-05,1.9667016092459003e-05,3.5787937006617914e-05,2.6270555367500575e-05,5.2345592599173814e-05,1.6388691804141052e-05,8.045036944066983e-05
proB,proB,0.0005360485720733846,1647,9.455025220191556e-05,2.2383640765434584e-05,2.067836616768632e-05,1.498142509252488e-05,5.586213580707284e-05,6.497343589102224e-05,2.9531480940093586e-05,0.00012271785793758572,9.755707127652146e-06,0.00010061427014239666
fdnI,fdnI,0.0005348902703837595,1648,0.0002017847254186947,6.5503928450024515e-06,6.958330620828987e-05,7.169024497527418e-05,1.8408648150683956e-05,1.6522617051328197e-05,0.00010714168642501425,1.0966435546942762e-07,2.0339222201554373e-05,2.2759762752448215e-05
yqjK,yqjK,0.0005346199801656322,1649,0.00029096277631581423,1.2681836694467619e-05,6.223844662635113e-05,3.8622109693380705e-05,6.832041860832333e-05,4.591917897589784e-06,8.852503042528744e-06,3.7899482955985334e-05,9.003577685302611e-06,1.4469106458886467e-06
yceN,yceN,0.0005344716355679515,1650,3.03572323964146e-05,7.040121895066187e-05,2.8646852428386358e-05,2.843948790782225e-05,7.885291444058477e-05,8.471596526000687e-05,4.497632754033035e-05,2.333763785510412e-06,0.00014374489756272793,2.2002975295506066e-05
clcA,clcA,0.0005334546664843942,1651,9.43035650858484e-05,2.2520628151564703e-05,0.00010116154912263793,0.00011990528078316287,2.310836461965504e-05,8.2357328661237e-05,1.0935718806017803e-06,2.232339124202932e-05,6.61262644953215e-05,5.547224423356745e-07
recD,recD,0.0005334391619953202,1652,7.477153284408048e-05,6.833897705659734e-05,3.8893722771845e-05,0.00013048389230546677,5.294583008578426e-05,3.634731418178422e-05,6.901707143893862e-05,2.948936786113108e-05,1.5591002769038183e-05,1.7560450680654154e-05
chbB,chbB,0.0005329199213724642,1653,0.0001246244518756408,6.22681718261157e-05,9.169454208127565e-05,4.6729570412861726e-05,3.5894802512766e-05,2.694723534527656e-05,2.047888167850403e-05,1.922887725110247e-05,6.123835237376822e-05,4.381503601515303e-05
araB,araB,0.0005316065573873663,1654,0.00012356015774782884,9.701965707258815e-06,3.47485564884777e-05,6.452962240065947e-05,3.5946509193948797e-05,3.158271784258683e-05,1.8934989776655115e-05,5.5006896394701184e-05,1.9262042875094828e-05,0.0001383330989601546
lpxD,lpxD,0.0005304276505429204,1655,0.00010242205129677415,4.645365732768274e-05,1.7350311952712307e-05,0.00015552024723240106,4.741621481403928e-05,1.4913153733079054e-07,6.978083480145233e-05,3.6057835792684394e-05,1.68722421379727e-05,3.840512364987062e-05
yhbS,yhbS,0.0005297721884783499,1656,0.000177294555278092,1.8520603028696187e-05,3.100237825739454e-05,3.074214260298854e-05,8.04256760776795e-06,2.24953381887409e-06,4.9315872164028564e-05,1.7081398294862296e-05,1.9524672228779563e-06,0.0001935706702027678
plsX,plsX,0.0005285424652387126,1657,8.355413283051398e-05,0.00015039781089497416,1.769500002515337e-05,7.078240316946374e-05,1.9927842357561817e-05,7.772771494529077e-06,5.0320988940750565e-06,4.343977203690852e-05,5.927821816340457e-05,7.066241537212833e-05
greA,greA,0.0005274342023154439,1658,0.00010353405246047279,2.5664497919678087e-05,2.9677936113665887e-06,6.450118108176048e-05,6.25799703290792e-06,3.698349857970883e-05,2.965519508728167e-05,8.863254696216214e-05,2.1238384806290703e-05,0.00014799905477381483
gapC,gapC,0.0005271109387153692,1659,3.886903768501674e-05,4.5547712469768976e-05,7.706938768709491e-05,7.568437298581591e-05,5.086993576857426e-05,4.2293832291875017e-05,2.651654504653647e-05,3.986266743807675e-05,4.647781169750559e-05,8.391963564510461e-05
mdoH,mdoH,0.0005246024294961849,1660,0.0001500757210915873,8.703165038985763e-06,6.648949945101461e-06,2.4869081384005636e-05,1.0027393458223524e-05,9.519921106269612e-05,9.532536841388592e-05,4.8756203515619706e-05,6.26783625263856e-05,2.2318973059693777e-05
gcd,gcd,0.0005245504744068923,1661,0.00011425619904212318,1.5754025193219078e-05,3.3377751460241556e-05,9.119254109608701e-05,2.635032845249862e-05,7.168311749398711e-05,5.284961814036735e-05,4.81566287312252e-05,6.22035576512111e-05,8.726707145932133e-06
purF,purF,0.0005206273945378304,1662,8.312122686100529e-05,7.614620166666939e-05,5.0303827076983956e-05,2.1245757708135758e-05,1.9215933270460226e-05,9.326988231010125e-05,5.145775672231653e-05,2.0183926398759482e-05,6.836956746766525e-05,3.7313315055733353e-05
sixA,sixA,0.0005196813305197182,1663,0.00016297637819037456,7.374564291307124e-06,6.450745789844352e-05,3.091392511127833e-05,9.106662856812795e-05,3.0701890953222606e-05,7.491259497168524e-06,2.259428823064303e-05,3.685575838406234e-05,6.519917939509022e-05
yijE,yijE,0.000519629010409386,1664,0.00027803817199971236,9.374564608223797e-06,3.488596628236539e-05,2.2253582576308015e-06,4.672286555473675e-05,6.668929234479903e-06,3.6398843409833624e-05,2.1201707627482326e-05,2.3647261250990455e-05,6.046534218393052e-05
ypeC,ypeC,0.0005193119136574841,1665,0.00020881388516395954,1.6491140770637614e-05,4.1667811135598954e-05,9.243799732058153e-05,1.9651179947683272e-05,3.3106702650398285e-05,3.192321488650195e-05,2.0770081232773776e-06,5.8257904797207624e-05,1.4885068861637975e-05
relB,relB,0.000517994519439686,1666,4.2769550698484755e-05,5.737756556038081e-05,3.771619021668091e-05,5.4620728428744856e-05,5.150749425518718e-05,8.023145966102463e-05,3.097971002865054e-05,0.00010160779236641653,2.936887702632996e-05,3.181515119778567e-05
gntU,gntU,0.000517967389062871,1667,0.00022514564009608302,2.9402736674856283e-05,6.949753852546277e-06,5.0756620590413456e-05,4.18165588559319e-05,0.0001045617027915994,2.5034960361650194e-05,9.224474143232204e-06,1.845113623701403e-05,6.623805459544234e-06
nikB,nikB,0.0005178944726770288,1668,0.0002362043862727167,4.950527223007774e-05,4.3270787556767845e-05,1.602048505375244e-06,1.2450767550246166e-05,6.018886650292371e-05,1.3242658300749612e-05,5.112981875264865e-05,2.0858040968671343e-05,2.9441826036851833e-05
pyrH,pyrH,0.0005159756470838144,1669,7.441984996622611e-05,8.286136927874431e-05,3.801017248007775e-05,5.231947424559801e-06,2.512993301087158e-05,5.6878472723885535e-05,7.703651371791535e-05,1.8483691349802445e-05,0.0001377250646578212,1.986324739103091e-07
flgC,flgC,0.0005149010135790962,1670,9.477086096306118e-06,3.468852116053017e-05,3.8455991428373545e-05,0.00010525870601587743,3.7656399449101895e-05,6.428871558487791e-05,3.988613064057649e-05,6.176862714663919e-06,0.00013091753750345131,4.809506298533741e-05
grxD,grxD,0.0005143563802014946,1671,7.706877468681359e-05,9.453585526233317e-05,0.00012080031173586994,2.742726421289287e-05,1.6441679165570582e-05,1.8605893632954147e-05,2.824746791638487e-05,4.503653973888398e-05,4.097854710226319e-05,4.521404674752833e-05
mltC,mltC,0.000513407316284536,1672,0.00014831805623374432,5.291299453656749e-05,4.733823408358116e-05,5.2963093204161146e-05,1.9344634728498622e-05,3.5334517326625347e-06,6.547045681445442e-05,5.8210853874288936e-05,2.179423167050858e-05,4.352130940606889e-05
frlB,frlB,0.0005133736132406828,1673,0.00013183480446847282,1.3615876226407908e-05,5.475575596168251e-05,3.031296221469634e-06,6.0302721111745105e-05,0.0001197417472448311,1.6333344436847063e-05,5.553683693691091e-05,5.30952242555575e-06,5.291170820675992e-05
ychH,ychH,0.0005129001457931367,1674,5.143512783411953e-05,8.504671506200359e-05,0.00010110680986229458,1.6397511357239178e-05,0.00012119872602325606,7.112317651581622e-05,2.1084616174955494e-05,1.6567757248923823e-05,7.3407764817100175e-06,2.159892923281821e-05
fliM,fliM,0.0005128672988539266,1675,5.031081701048562e-05,7.5586610478542564e-06,2.7004484347188673e-05,0.0001542793554170305,2.1686491243856112e-05,1.28359561742105e-05,3.850474112113706e-05,5.712403383354724e-06,0.00011690927347077642,7.806511563803275e-05
ygfM,ygfM,0.0005107705842560374,1676,0.00024811477021284784,9.712524127702846e-06,1.2572896515751616e-05,5.5193320563980964e-05,3.900625472617257e-05,9.081255784175635e-05,3.08651280920857e-05,1.660476111648346e-05,5.800401283590208e-06,2.087969775665913e-06
yhdL,yhdL,0.0005083961369997683,1677,5.480548557236477e-05,0.00014823324376568223,0.0001343055181597716,3.234568375287312e-05,6.0894626570571066e-05,4.73731525011624e-08,4.55636250467948e-06,1.0570838201352775e-05,2.6485482136601976e-05,3.615152318337006e-05
glnG,glnG,0.0005078474484810817,1678,6.6377259554789e-05,2.2266432065627898e-05,4.4188458070304924e-05,3.4397328870747566e-05,0.00010410396121768077,4.177221726423726e-05,2.3494643794954453e-05,9.316593218615453e-05,6.595188545908257e-05,1.2129329997502655e-05
yccU,yccU,0.0005075706641043156,1679,8.422117825575349e-05,5.7352290644492044e-05,7.733808941576124e-05,1.2144756139989529e-05,2.2650606295716087e-06,3.294493588681813e-05,6.970521140957215e-05,6.619749167275019e-05,4.318118101999578e-05,6.222046902961149e-05
yjiR,yjiR,0.0005059770961358957,1680,0.00013559714797561624,2.0631465106120375e-05,6.005975222982366e-05,6.344179187688862e-05,3.0853330981027425e-06,5.009115717338906e-05,7.647556108958911e-05,4.889051293002514e-06,2.0528498059433167e-05,7.117733823393018e-05
ydgA,ydgA,0.0005030446154476333,1681,0.00016515115768876205,8.489001101978015e-05,3.052178645644302e-05,1.6808550735914913e-05,4.402774335293804e-06,4.118414869798332e-05,2.3861945535383443e-05,4.596538535242053e-05,7.214293639349858e-05,1.8115919232153495e-05
yihQ,yihQ,0.0005021055762388585,1682,0.00011402065944189507,4.8814041724274234e-05,4.3401321008109505e-05,3.114487142426468e-05,4.32886770295312e-05,9.424548902402671e-05,2.673246365323149e-05,1.231125074734352e-06,4.67453700247317e-05,5.2481557834059463e-05
entC,entC,0.0005004798265587523,1683,0.0001564441648409534,6.179069858824597e-05,3.757684331993381e-05,0.00012201155839795726,1.808905734077063e-05,2.025285621719236e-05,2.6029159990136798e-05,2.4105254483112226e-05,9.900111068948813e-06,2.4280122311500983e-05
ychJ,ychJ,0.0004986895814736212,1684,0.00023436597878032656,2.6349880226698297e-05,1.0524831654133145e-05,4.0234498938765454e-05,9.090715429469903e-06,1.56590571114179e-05,2.5164743019143342e-05,6.223621497416501e-05,4.486527788319981e-05,3.019838345630175e-05
yhjH,yhjH,0.0004983594730829167,1685,6.823564298214969e-05,5.133878097978877e-05,3.218462505782074e-05,2.173204358353937e-05,0.00014234470140513022,4.358606506893829e-05,3.024899047794614e-05,4.854382303278819e-05,3.428466550331271e-05,2.5860134991502605e-05
artM,artM,0.0004971981545285765,1686,0.00012924710052866382,3.103179838824237e-05,2.4327082547718836e-05,1.4437481401826243e-05,0.00011393786688161135,1.0171323362762888e-05,7.65313107415674e-05,8.597523576317548e-06,4.3175560360170435e-05,4.574110673969555e-05
flxA,flxA,0.000497175526277912,1687,4.208018415135613e-05,6.0084833725996027e-05,0.00010741027006953564,9.935980840327043e-05,1.566373943756292e-05,2.582567868070511e-05,2.6912602000549852e-05,1.2912919529138597e-05,3.465539814383089e-05,7.227009213596638e-05
yadE,yadE,0.0004966151429716305,1688,0.0001946572672845037,3.543471237551412e-05,4.221144506472986e-05,5.731146826654718e-05,3.599942836893083e-06,7.512023813873359e-05,2.7543391756942584e-05,2.933017718476527e-05,2.6046498668104945e-05,5.36000139489614e-06
yibK,yibK,0.0004961310940755838,1689,9.562737997820749e-05,9.765053212528353e-06,3.683674242654357e-05,9.702040394263713e-05,6.162855763505379e-05,4.46815920939251e-05,1.2968366719032825e-05,2.2918032164897732e-05,6.025916206556755e-05,5.4425803837190314e-05
ulaG,ulaG,0.0004955851214939085,1690,0.0001642299764134368,4.609374037076945e-05,0.0001311382847323845,2.195808311822916e-05,1.1026013913239351e-05,5.250627820119472e-05,3.6867414894838976e-05,4.2712352805079165e-06,4.941609059263657e-06,2.2552485510043854e-05
sufE,sufE,0.00049467079125069,1691,6.374488256466312e-06,7.197725675105631e-05,4.84283164453606e-05,1.79818456229321e-05,3.539139309930044e-05,0.00011806662784660571,6.66409872275726e-05,3.604483008927944e-05,3.615908980868197e-05,5.760595610343442e-05
thiK,thiK,0.0004942553009585484,1692,3.765395373108358e-05,3.420569358995025e-05,3.973499403410981e-05,8.392015886427304e-05,6.402684073137845e-05,7.001721514718143e-05,3.432267572509845e-05,3.032275213715427e-05,7.189058004774596e-05,2.8160436950573127e-05
ybcO,ybcO,0.0004932798117393672,1693,5.119854984540191e-05,1.5048437615449167e-05,0.00012820848400733436,1.6455208384830954e-05,3.8883353201291114e-06,5.645245603966759e-05,1.9784848867593204e-05,6.716118049453219e-05,3.1090929374162544e-05,0.00010399138179026619
gudD,gudD,0.000492906407126977,1694,1.0524808573981543e-05,8.940939251827846e-06,3.573351150299786e-06,4.123922185329189e-05,4.4729835694078566e-05,5.211054242757905e-05,1.092483924329724e-05,0.00012330610118445,0.00011535242106279812,8.220434668537293e-05
tpr,tpr,0.0004923254112573477,1695,5.224975654064828e-06,0.000116057256747376,4.139518352807521e-05,8.888638436892488e-06,4.36554254782983e-05,7.225691619122257e-05,4.256294828677857e-05,2.319248067452792e-05,0.00010423896165867667,3.485262460143517e-05
ybiB,ybiB,0.0004915064664020218,1696,7.641683907285122e-05,4.064252065739214e-05,3.1187420542930935e-05,1.9219874150234078e-05,3.9711582029164136e-05,6.0843747791393935e-06,0.00011559298519332129,6.28598010091223e-05,5.988659846691179e-05,3.990447050095441e-05
yfbV,yfbV,0.0004883458295424514,1697,2.128845149255783e-05,6.203135929793929e-05,7.150175912687988e-05,3.832062550909959e-05,4.190211427938657e-05,2.535729139404858e-05,6.868730108325835e-06,0.00012940161709310176,5.020495324726205e-05,4.1468927993850035e-05
napF,napF,0.0004877082358098817,1698,0.0001457165681650326,5.1256936433466806e-05,2.394611874664703e-05,8.281480919200919e-06,9.638879069788773e-05,3.285667672985881e-05,9.357199340165828e-06,3.0252289345949887e-05,7.475978141128506e-05,1.4892394020386953e-05
dnaJ,dnaJ,0.0004870654252001951,1699,8.439700149312606e-05,5.418153818277904e-05,8.794523558815349e-05,4.751388414169754e-05,5.122770352007893e-05,4.996349193178381e-06,2.3832649099240718e-05,1.836083440005919e-05,0.00010684928116879779,7.76094841308402e-06
yjgF,yjgF,0.00048696593342991757,1700,3.317012353030953e-05,8.188634009591467e-05,1.7314835868253983e-06,5.7802301740328856e-05,5.975276979186494e-05,5.9486553726839296e-05,2.8294100284936e-05,2.9296956678968834e-05,2.947302754880188e-06,0.0001325980012390498
yijO,yijO,0.0004867545425915943,1701,1.842559172585132e-05,2.1574632436583274e-06,6.253152163475763e-05,2.1612782203714393e-05,6.481681182580799e-05,7.36072053464467e-05,9.931979774606649e-05,4.7239068340085665e-05,4.919923154569734e-05,4.78450689795085e-05
lysR,lysR,0.00048641360622171036,1702,2.0056508042046873e-05,4.888516748948827e-06,5.23286386956693e-05,6.642495296777984e-05,2.5138494877985145e-06,5.3163881352544575e-05,5.542178758905266e-05,6.618493883204087e-05,0.00014747703277299672,1.795349973283223e-05
hycB,hycB,0.0004859112920575147,1703,6.170596337094982e-05,9.996484429886652e-06,3.2583698949219706e-05,6.65584664773327e-06,3.8151467517613945e-05,0.00010015212473235003,4.618759552784405e-05,8.647228172759413e-05,4.035471559941049e-05,6.365111355491255e-05
deoC,deoC,0.0004849034686050151,1704,0.00013418775005126268,0.0001149373974826469,2.4397857758405926e-05,1.2823439179010356e-05,1.749592013135653e-05,4.2748709498859e-05,1.6868536478652685e-05,1.3533546760867505e-05,2.7287911824913543e-05,8.062239943903999e-05
groS,groS,0.00048436325748458197,1705,7.150748943869814e-05,8.725003533568179e-05,2.2856273368479477e-05,8.719669868805915e-06,3.575102212735076e-08,9.529113865986487e-05,9.736415232348762e-06,7.806378408087544e-05,3.6143156600924586e-05,7.475954387677565e-05
fsaA,fsaA,0.0004839508260062777,1706,5.0874469595490804e-05,3.619307824556971e-05,1.4309019046550986e-05,3.6076447905117114e-05,1.2561790664618873e-05,5.210706436027747e-05,3.153074014565155e-05,0.00011605464882235631,7.994640670923584e-05,5.4297160511409115e-05
fabI,fabI,0.00048231606772302954,1707,7.288931524345332e-05,1.9147730888088504e-05,5.6891421225986045e-05,7.231583026836898e-05,6.0429944480922034e-05,6.850521846419335e-06,2.657421126696586e-05,0.0001345465817723119,9.515827527130541e-06,2.3154683203382965e-05
cysU,cysU,0.000482232040051071,1708,3.124977113044821e-06,5.131534482029601e-05,0.00010883985403235805,8.03666389605551e-05,2.8252789166237017e-05,4.4597875293438566e-05,0.00011457780596705877,1.297142845962888e-06,4.402306785531205e-05,5.836543996807692e-06
cheZ,cheZ,0.00048199079983320575,1709,9.134322370056435e-05,1.8862843419460093e-05,6.261766255815367e-06,4.4519132632381774e-05,0.0001407090008012728,2.947248052974788e-07,3.3061410099650433e-05,2.5040251377098733e-05,4.260659319547677e-05,7.929185354618794e-05
gltS,gltS,0.00048109432129366414,1710,0.0001656409424724998,2.2994504001729915e-05,1.771593065540436e-05,3.039451309484631e-05,2.9915757610061374e-05,1.0297718970450371e-05,9.96107402352386e-05,2.6318419950907868e-05,4.6699226836738935e-05,3.150656746578658e-05
yncA,yncA,0.0004789750648387935,1711,0.00021593849540322898,5.918233443011833e-05,2.8188139459225274e-05,3.9792188599634244e-06,4.911822527017162e-06,3.5942254230460335e-05,7.432053122825256e-06,5.764678316689766e-07,2.098041551831266e-05,0.00010184386345597306
ugpQ,ugpQ,0.00047721514460560794,1712,0.00010018423290952251,2.9327948189780705e-05,5.392156104270262e-06,1.184152438771048e-05,8.309987972301293e-05,5.922721973794428e-05,8.143659872999012e-05,5.3946294393879264e-05,3.876984177198971e-05,1.39894486575077e-05
fliP,fliP,0.00047705116065712653,1713,8.025176068733201e-05,2.0776087998060485e-06,1.8476871729571595e-05,1.637555192796048e-05,2.838104550631448e-05,6.957072483570112e-05,1.4626000971316316e-05,6.38328890416659e-05,6.476092726064415e-05,0.0001186977798968144
gntX,gntX,0.00047507431860878966,1714,0.00011999813399876092,2.589088965336072e-05,1.7928714578524023e-05,3.74369893342625e-05,6.643918221288719e-05,3.109639756712556e-05,7.216171761427901e-06,5.394453424909741e-05,0.0001017701064781967,1.3353198775146725e-05
ispF,ispF,0.0004728851456773851,1715,3.741980337074669e-05,1.0518935286868273e-05,6.267042505419453e-05,1.331665253623642e-05,7.02694650802166e-06,4.161923260285087e-05,4.5450998523941354e-05,6.0632187722229795e-05,9.982213341414001e-05,9.440783065815542e-05
agaV,agaV,0.00047201366664654116,1716,8.026243546777799e-05,8.717252785227949e-05,8.312511023286308e-05,3.170952410200125e-05,1.0359427675984813e-05,6.235682329571413e-05,1.5036976999790313e-05,3.6387267300814e-05,1.3027529639302741e-05,5.257604408001332e-05
blc,blc,0.0004708702570807628,1717,0.00012603540805633707,1.099499814116771e-05,3.8037659674550644e-05,9.654019930064538e-05,4.936737370848717e-07,4.2618403842783e-05,5.1726941772136275e-05,2.707047822933148e-05,2.171870426565393e-06,7.518062390016097e-05
yqjD,yqjD,0.0004690888752517453,1718,0.00014226010489662804,3.234562492662743e-06,7.197848895268224e-05,3.3192824266844466e-05,2.0333140755824016e-05,3.280056029204216e-05,4.401329849964809e-05,1.6318625547165362e-05,7.095821690871752e-05,3.3999052639530644e-05
yfcZ,yfcZ,0.00046610310980319035,1719,6.908379700487784e-05,3.803556155808707e-06,0.0001281831684743429,4.113239572823664e-05,6.741522295925389e-06,0.00010030823638590029,4.4749877818771856e-05,4.3087264882246145e-05,1.9212234462735955e-06,2.7092067610806996e-05
ybjJ,ybjJ,0.0004655926770333051,1720,8.691018034873629e-05,2.9604031121703467e-05,2.6265012582629373e-05,0.00010365179518214977,2.5663274223003874e-05,8.58762443116821e-05,8.14895783818849e-05,9.893120551719122e-06,8.944838103675105e-06,7.294602226121159e-06
metG,metG,0.00046548570084130244,1721,0.00012214553057008495,0.00010229366201296705,1.5956861008559667e-05,8.48777223269902e-06,4.184435992562246e-05,4.035736078892089e-05,1.3018872669460142e-05,1.3774105195738405e-05,9.437590497561814e-07,0.00010666341738749367
cyoB,cyoB,0.00046530792770563956,1722,1.810447562530336e-05,6.98694404249255e-05,0.00012210621772277966,0.00015130639730809954,4.451481882941945e-05,2.3265058931763114e-06,2.0631269811227623e-05,5.208422274082802e-07,1.2582736214952528e-05,2.3345223648347296e-05
alsE,alsE,0.0004642820005880193,1723,3.316868839900368e-05,4.9402627971912506e-05,7.915832361910081e-05,4.767221186413304e-05,3.737530791012779e-05,1.7428424818464315e-05,5.039221561170741e-05,1.3402909611238847e-05,0.00010967712999127533,2.660416079105563e-05
frdA,frdA,0.000463228408671291,1724,0.000120766490632961,0.00010201837318403029,5.837466607980219e-05,6.92353237650713e-06,6.623498982954976e-05,4.842516153574324e-05,6.685104015620576e-06,2.5677142368851827e-05,7.32714429652226e-06,2.0795804351702695e-05
cspE,cspE,0.0004629529423182037,1725,0.00023703511229854432,3.258827881935509e-05,1.573173742582062e-05,4.454188604488278e-05,1.740491225611709e-05,1.7493698554603258e-05,5.649154441231721e-06,3.568868020559832e-05,2.2485441102306156e-05,3.433404116974432e-05
csgG,csgG,0.00046210215205168715,1726,1.5332810307598616e-05,3.321283941269588e-06,6.788653354629752e-05,4.002100632540668e-05,5.075196741426791e-05,9.666379419171727e-05,2.966568687771793e-06,6.42212015181463e-05,9.157492624933935e-06,0.00011177949349427748
yfiH,yfiH,0.00046196095146184044,1727,5.89282922560146e-05,1.2654278203553962e-05,1.3150150781875236e-05,5.947564685475089e-05,5.500837444047856e-05,2.6364101817741054e-05,2.9716009059824117e-05,2.255842890688061e-05,8.700707363320732e-05,9.709859550751405e-05
yobG,yobG,0.00046139243029069265,1728,6.950767264390771e-06,1.451269473631376e-06,8.700999558763038e-06,8.382567052442727e-05,5.165771487580597e-05,4.3049712803119956e-05,4.963694355891756e-05,9.44773744313105e-05,1.8120113512397157e-05,0.00010352186428792908
hycH,hycH,0.000461318320151476,1729,8.213851278526631e-05,2.931604617557387e-05,7.009427546869795e-05,4.787247300914393e-05,3.123210387113357e-05,8.030748667467944e-05,1.3118323415852427e-05,5.768053340420198e-05,1.4462039229790965e-05,3.509652611713554e-05
cmtB,cmtB,0.00046046480701203755,1730,4.79308613493632e-05,0.00011025850708682563,6.980526834374467e-05,6.173307330541625e-05,7.686489534845563e-06,3.557017538299568e-05,2.1304759301786463e-05,7.885248520241817e-05,2.1273915347410954e-05,6.04927215723092e-06
cca,cca,0.00046040169635635435,1731,0.00012154061935834755,6.722423234691283e-06,7.386667445020658e-05,3.3035415165435445e-06,2.4196118370934186e-05,6.532709088229413e-05,6.76159038829754e-06,4.7444448110537895e-05,7.66951936353439e-05,3.454399640915783e-05
ybbY,ybbY,0.00045970351529870204,1732,6.009325671993004e-05,4.681040866755739e-05,0.00010465494389791552,4.3034641771903505e-05,2.9527912255351074e-05,4.366434162885484e-06,0.0001413693227652744,3.034525173172266e-06,1.0085525701535342e-05,1.6726544183177014e-05
dsbB,dsbB,0.00045935773043808813,1733,8.155288854975428e-05,0.00013325916483256943,5.501423132880679e-07,8.008991091123521e-06,5.850721543273125e-05,3.743282855298221e-05,1.7918369312220173e-05,5.8393219461804864e-05,3.509406511349393e-05,2.8640845778120422e-05
rpoS,rpoS,0.00045807742395562916,1734,3.800196692885849e-06,0.00017169972004437375,2.205510542572862e-06,1.1187389745208495e-05,4.7387613246345664e-05,3.318602278638098e-05,1.512179690366554e-05,3.037116852855611e-06,7.904300069492385e-05,9.14090564464165e-05
truB,truB,0.00045583678376113893,1735,1.1988841435369294e-06,2.576158215631021e-05,5.67453981393351e-05,4.650694378895649e-05,0.00016149063753457513,2.1981742031688012e-05,5.13581932102369e-07,9.381051789185884e-06,4.242188707204757e-05,8.983507517340125e-05
rluA,rluA,0.00045562683738732375,1736,5.68581691730737e-07,5.3977186525339575e-05,1.071534198606261e-05,5.565014660822082e-05,1.1136014702906613e-05,4.400823788483388e-05,6.061448350729666e-05,7.205118883784775e-05,4.5473939050954045e-05,0.00010143171659213105
thiS,thiS,0.0004554040569517633,1737,6.623409675167834e-05,6.579356560294021e-05,7.085302477189652e-05,1.641808070208168e-05,1.6754465439142823e-05,6.727761913664523e-05,2.581385187633969e-05,9.135927949389509e-05,3.2406153721721714e-05,2.493919455421972e-06
ispH,ispH,0.000455266250979463,1738,4.632187761438616e-05,5.044862138395823e-05,6.753012355570945e-05,5.495416902300821e-05,6.0777281484074396e-05,4.04194829738969e-05,1.8097067350642847e-05,2.393601098955205e-05,8.028768005453947e-05,1.2493936549695236e-05
ygbK,ygbK,0.0004526273183472561,1739,0.00016683670839847604,4.6805320345919066e-05,3.120113883458561e-05,4.36280972391259e-05,3.076397661251586e-05,5.186351455052658e-05,1.8290704603520494e-05,1.1140572486821524e-05,2.9516808687616187e-05,2.2580476588148768e-05
gadE,gadE,0.00045234244842436654,1740,5.312863628656134e-06,5.252036250098525e-05,9.672104173451508e-06,8.116924809835556e-05,2.6917462018222207e-05,5.956514510967252e-05,1.5246581243659297e-05,7.089021885853878e-05,0.00010397217969302982,2.7076283099795437e-05
selD,selD,0.00045119325577515747,1741,5.165616529003368e-05,8.942893353105801e-05,6.20789173629586e-05,1.5894059874096238e-05,0.00010209674323722954,2.7306539189250627e-05,1.8555864736082332e-05,2.406202381194112e-05,3.480284745229404e-05,2.531116129021328e-05
astA,astA,0.00045065444189102874,1742,0.00014183115483425694,1.5855510912173865e-05,4.363819675231734e-05,2.7642500803062886e-05,2.4812830817532317e-05,4.829024219706659e-05,1.4182892984642046e-05,2.6992654616386713e-05,4.857238730811533e-05,5.883607066547471e-05
corA,corA,0.0004477561211002224,1743,4.530194509445896e-05,4.7503077396777114e-05,4.5391686870736395e-06,2.3723835209153164e-05,4.2901316085655704e-05,9.361221761344226e-05,0.00011961110588572265,2.1948496365222508e-05,1.1736539192544303e-05,3.687841957017209e-05
nlpB,nlpB,0.0004462765231156028,1744,3.187328074451799e-05,2.566310194470083e-05,1.4369295140764685e-05,5.7645555446154445e-05,0.00010200411807713609,6.212654446307824e-05,2.0828546199709923e-05,2.344562050337179e-05,9.102309051229217e-05,1.7297370083876624e-05
ymgG,ymgG,0.0004445110943409913,1745,0.00013028993697311884,8.876096101155277e-06,1.3117450943335978e-05,8.571546500959423e-05,0.00010576393909966981,6.416685899388009e-05,4.60198940278518e-06,1.622737232971149e-05,1.1368538812085153e-06,1.4615131606531855e-05
truA,truA,0.00044060917816781325,1746,3.2305963693596857e-05,5.7509644609968886e-05,6.047410437032725e-06,9.960309504970875e-06,5.239370041323661e-05,5.47596636431989e-05,3.069475122726225e-05,3.2373632491660185e-05,7.952140813233721e-05,8.504269401454869e-05
rseP,rseP,0.00043827200425339654,1747,2.6319384938728367e-05,7.719362034820274e-05,7.122692462164485e-05,2.8980118843457784e-05,8.156841270398998e-05,1.8283342302241217e-05,1.9351471796426462e-05,8.072053256017414e-06,6.818643386852698e-05,3.90902415741608e-05
ylbE,ylbE,0.0004369175781435735,1748,2.463867668315443e-05,1.1473610941741665e-05,2.752605631326283e-05,1.671377535240445e-05,6.925682512990523e-05,4.732605914025738e-05,1.2449067342099186e-05,9.033296258046467e-05,8.471832201314209e-05,5.2482222647141565e-05
yhcC,yhcC,0.00043608418273085393,1749,6.399768397864728e-05,9.4787036879926e-06,7.059231764291463e-05,3.3679526355436274e-05,2.0766186665368954e-05,4.6585657195370906e-05,5.210980840203238e-05,1.0427598214919624e-05,6.388848117561801e-05,6.455821941255322e-05
ykgJ,ykgJ,0.0004356310462437998,1750,0.00015655965824674573,3.577109762440491e-06,6.068953993700344e-05,1.9759043214045317e-05,3.261042124896248e-05,1.477658025305019e-05,2.1798497679342907e-05,3.792579051572178e-06,5.985532749462332e-05,6.221228935601377e-05
sscR,sscR,0.0004341295578771268,1751,3.315444593741613e-05,4.858611001239889e-06,6.871852068157198e-06,5.823198385590668e-05,9.833498047674936e-05,8.283670681365982e-05,2.513789668144328e-05,3.6563718394101906e-05,4.540356612132474e-05,4.273579652712778e-05
csdA,csdA,0.0004310285260668572,1752,5.869683232555387e-05,4.0279175102670724e-05,1.2689622270916956e-05,2.430816676682521e-05,0.00010288126490407328,3.078344553016807e-05,7.268379895606962e-05,4.8784527352976804e-05,3.814400700767261e-05,1.777685849930093e-06
yhbN,yhbN,0.00042855831984717815,1753,8.928645821894311e-05,3.0362291565731067e-05,5.403675213550152e-05,3.387044570818116e-06,7.491096948961766e-06,3.330607073272734e-05,7.340717270775775e-05,5.3458242239226035e-05,6.350076063290201e-05,2.0322430094609487e-05
iap,iap,0.0004284825959608712,1754,0.00020317956676480517,1.678288293730237e-05,6.933807460884313e-05,1.1314890045602235e-05,9.264671913216106e-06,1.8996822050280612e-05,1.1884658324877202e-05,1.7199376005690114e-05,2.8898712504634164e-05,4.1622940805620145e-05
ycdX,ycdX,0.0004259267260968856,1755,8.401302028789126e-05,8.519768756076152e-06,3.4944693952283125e-05,1.7466863290918405e-05,4.325615205929219e-05,4.2679073325581144e-05,1.3484855855765417e-05,8.33703825987823e-05,4.240718335962927e-05,5.578473261066636e-05
speE,speE,0.0004252506476609262,1756,8.383597802158479e-06,2.1146084306324533e-05,2.5182948888641588e-05,2.6605902381756476e-05,0.00010463085450372198,0.00017978476386921693,2.3519588002512445e-06,4.070579730792024e-05,3.771896886862278e-07,1.608155011224841e-05
cvpA,cvpA,0.0004224352521717665,1757,5.160036310685277e-06,1.298717718231841e-06,0.00010522823618742802,7.260476694165603e-05,3.609435525164976e-05,6.374074703867634e-05,5.9329479805228135e-05,3.954016599556297e-05,1.523341369886125e-05,2.4205333223786823e-05
mdtK,mdtK,0.00042238297888373303,1758,4.648229000236747e-05,3.944075508611843e-06,8.057747634916278e-05,2.3733586916239806e-05,6.856174513110903e-05,6.48424322065345e-05,2.6327927657810726e-05,5.099519087387368e-06,5.7168131009081254e-05,4.5645795015428206e-05
dnaN,dnaN,0.0004204281912330609,1759,4.741303964152737e-05,8.769832874724647e-05,1.3338451446832501e-05,4.0703682174835615e-05,1.6747844364269612e-05,3.178447267982453e-05,7.795391510559486e-05,1.8052065319367434e-05,6.832080627261644e-05,1.841558548094605e-05
yraQ,yraQ,0.00042006563486793975,1760,2.416932098235989e-05,4.307637460126957e-05,3.8031084812449756e-05,3.050281074564833e-05,9.01318847681019e-05,4.55342035311597e-05,5.459698268086519e-05,1.4884309318679907e-06,7.813493742484013e-05,1.4399604389377283e-05
yjbB,yjbB,0.00041887488232297625,1761,0.00014558862151770727,2.909199018581957e-05,2.6170756492093352e-05,2.1156172793134377e-05,1.203374198799753e-06,6.129985369236361e-05,6.348649047124207e-05,5.8349415949113836e-05,6.344677720886558e-06,6.183529301815914e-06
prfH,prfH,0.00041747320907796893,1762,3.930213600800832e-05,1.452995135099176e-05,3.0254342703972516e-05,0.00011195571982079533,8.844529394207082e-05,1.3591406745660293e-05,6.895566269872834e-05,1.3281400023323685e-05,2.2585368207809283e-05,1.4571927576608574e-05
uxuA,uxuA,0.0004167632709726536,1763,0.00014945496491834505,3.305546287644844e-05,6.693241178772618e-05,2.986425495251349e-06,3.7649405788435345e-06,9.335386029475898e-06,2.5531493908214668e-05,3.443758751372627e-05,6.143414347179099e-05,2.983045439283128e-05
tsf,tsf,0.0004149249849917806,1764,0.0001309562709999166,6.78621019306931e-05,1.759434795587427e-05,1.6964871704429616e-05,5.015410412090988e-05,2.6800476974747877e-05,5.859424193609635e-05,1.0002295712587564e-05,9.841823509775177e-06,2.6154450146750103e-05
purK,purK,0.0004146901673204069,1765,2.7603987038835867e-05,3.1110771804640596e-05,3.094682515189569e-05,7.81997383425711e-05,9.423728783149434e-05,1.9760063162143766e-05,4.57140420463773e-06,6.748705441881219e-05,4.759485247505588e-05,1.3178182890319703e-05
aroB,aroB,0.00041400646724467364,1766,5.330506553528645e-05,1.2791728512985296e-05,0.00013080384866439717,1.0663365563757868e-05,2.1770195995620385e-05,2.7794003608024925e-05,3.729182190132683e-05,3.582978971162383e-05,5.217373367086823e-05,3.1582914080782654e-05
ygjM,ygjM,0.0004131077467295099,1767,5.205787198977573e-05,7.831771275564408e-06,8.938661220157442e-05,2.1067757008026397e-05,1.456958683522026e-05,6.497675816337313e-05,3.464667350623054e-05,5.229578295052539e-05,4.160472700394112e-05,3.467020579527851e-05
yhcB,yhcB,0.00041152858103801206,1768,0.00014694671278282762,1.819594667479475e-05,1.0353312032168081e-05,2.4403363020901103e-05,7.311133846293778e-05,1.9967183584959877e-05,2.946290692390685e-05,1.0689673637196963e-05,4.359959872807199e-05,3.479854519024704e-05
yoaI,yoaI,0.00040881313842680995,1769,2.899358867360799e-05,1.643237369404437e-05,2.808487193314127e-07,6.830679885432657e-05,3.464448396239152e-05,2.3882546891387963e-05,3.978522697303196e-05,0.00015328168706088812,2.6753692765676123e-05,1.6451890832123873e-05
ybbC,ybbC,0.00040542467095504135,1770,0.0001498635932967071,4.403686495758024e-06,2.8829865588467498e-05,4.899554722735799e-05,2.298798970019857e-05,3.4567257506287726e-05,7.549140779216723e-05,2.247115684638739e-05,1.592159331903712e-05,1.8925731826726892e-06
phnA,phnA,0.00040461378437175766,1771,1.4288161427408983e-05,1.8325152173027334e-05,9.398115208572064e-05,4.59684224179503e-05,4.6159009312708106e-05,4.583385983105287e-05,6.716283290957172e-05,1.1920450082843138e-05,2.7286271488591285e-05,3.368847264288329e-05
trmI,trmI,0.00039560753167307955,1772,0.00011202520946698128,6.879374845685928e-07,8.692828541255641e-05,5.8979672145368435e-06,6.33368088287569e-06,3.7589386865636025e-05,9.142350059922342e-05,1.2861362828224064e-05,1.323294380925727e-05,2.8627257109219954e-05
ysaB,ysaB,0.0003924077899920195,1773,6.216486007848465e-05,3.0709362874920196e-05,5.136709378720072e-06,1.2157218854459612e-05,1.1801477790385236e-05,2.2175179377030204e-05,0.00013774392520308384,6.930533644102902e-05,7.064951536926256e-06,3.4148768456980435e-05
yfdM,yfdM,0.0003813720721852926,1774,1.3517286987712779e-05,4.3296887996796056e-05,3.3779929305864476e-05,9.321129136658463e-06,2.7130112999529448e-05,5.3284925289567744e-05,3.424791766786139e-05,1.0897068155003093e-05,2.3226728658882405e-05,0.00013267008598741677
hokA,hokA,0.0003802900745165166,1775,1.1045944423750762e-05,4.651774014949966e-05,3.461897955398183e-07,3.365772431070262e-05,6.707451976053893e-05,2.8564915842057336e-05,4.841212942236425e-06,8.667806512166479e-05,7.399106200647736e-05,2.757270016404893e-05
yciT,yciT,0.00037910102415455576,1776,0.00015894661561261864,1.1336034465593409e-05,1.7662991258095386e-05,1.5476420474787335e-05,1.928333090524661e-05,3.032531402132777e-05,1.3784161952196926e-06,6.155731000321061e-05,6.106234960980193e-05,2.072241608654329e-06
dhaL,dhaL,0.00037754193926706447,1777,4.920449403861214e-05,1.3867285983230354e-05,3.1533371705216185e-05,4.540358254410531e-05,0.00010834880394530457,1.2358574780731834e-05,2.0549108103081265e-05,2.5766957490869743e-05,5.686399697677623e-05,1.364576369913688e-05
guaA,guaA,0.00037561555858239924,1778,0.0001719304809398857,1.2421276462522017e-05,6.203036341458227e-06,3.24192395475848e-06,1.7233312735892066e-06,7.617254300527576e-05,1.0415842741064942e-05,2.2652037218728458e-05,4.615197329153555e-05,2.4703113353580917e-05
lafU,lafU,0.00037551493482434643,1779,5.545616882423229e-05,1.8159860447011337e-05,3.619946173280721e-05,2.568606134412651e-05,5.2945191625630805e-05,6.719684537193822e-05,4.37267153842612e-05,1.0387551979736774e-05,1.1279193621536359e-05,5.447788449306575e-05
yjhH,yjhH,0.00037076619897547614,1780,6.39726891662955e-05,2.5344941120558153e-05,2.3314215683694992e-05,1.2041301228575915e-06,4.566579885953278e-05,2.170735542955495e-05,4.411576892286746e-05,2.8775687719906072e-05,2.450543612173335e-07,0.00011642055758899124
ybdA,ybdA,0.0003692216225429926,1781,7.450891596730114e-05,4.381443571890251e-05,4.469608411237898e-05,4.754806819659808e-06,1.3426629909217917e-05,1.5795803973470155e-05,3.496299661480063e-05,7.998831800059745e-05,2.8982612741595277e-05,2.8291018685068755e-05
yefM,yefM,0.0003660400919342949,1782,6.92528094918664e-05,7.698701150504738e-06,6.017520154961477e-06,8.449390922158544e-05,1.8931381491782248e-05,2.9280011544671632e-05,4.7466431845605224e-05,6.913506412830642e-05,1.903076050947375e-05,1.4733502395537553e-05
sra,sra,0.0003643901191845641,1783,9.348870469881055e-05,3.004787749780984e-05,4.2537462434752006e-05,1.1759937337149122e-05,4.476670322558085e-05,1.376698287298048e-05,4.443993716323057e-05,5.545496680977395e-06,6.6849129670395e-05,1.1187887602878292e-05
ydeU,ydeU,0.000361335353714286,1784,0.00012494471702070595,2.2604115399307524e-05,5.113574302266153e-05,3.36843254084915e-05,1.8661768783819374e-05,2.5724310220072327e-05,2.0122666045414305e-05,3.2076205353558865e-06,3.961976151002532e-05,2.1630325768432315e-05
mtn,mtn,0.0003585765469289373,1785,0.00011623564437490755,1.6180977368839975e-05,4.672185978082262e-05,2.8397126389869432e-05,5.8194593009645545e-05,2.962346481050757e-05,1.4707308509488201e-05,5.820202444811969e-06,1.4588193530109085e-05,2.8107176709935286e-05
iscS,iscS,0.00035345301153742265,1786,0.00010801416716460385,2.476627796389139e-05,1.0940989340969026e-05,3.885301100081445e-05,3.909580460690099e-07,6.0846218787223256e-05,2.4807723561177894e-05,1.7945069788330288e-05,8.396497054480207e-06,5.849209882986328e-05
prfB,prfB,0.00035208103119403685,1787,5.295625718439508e-05,3.731777644223855e-05,2.6937597621071485e-05,5.8362085699630404e-05,4.153347503531403e-05,3.3227577790385883e-06,1.4091166617796064e-05,3.98812546200239e-05,7.443828658014649e-05,3.240373614382258e-06
yjcQ,yjcQ,0.0003496401315891206,1788,8.679409356340286e-05,2.936408391679654e-05,6.201586526182135e-06,8.8065827359417e-07,5.414099100313304e-05,1.3438106060326197e-05,1.3697642811502025e-05,0.00010045649895925038,3.4992921426355354e-05,9.673549048577904e-06
ygeO,ygeO,0.000348917652699238,1789,1.7432084565222522e-05,1.871059027671012e-05,4.1148292025914816e-05,7.770431002374665e-05,1.1171311672130643e-05,3.6886803106954595e-05,8.026929148907791e-05,2.1332120158205846e-05,2.2817148812701357e-05,2.1445700568573445e-05
gntY,gntY,0.00034300436620143235,1790,0.00011177413220736198,3.52683367570097e-05,2.8483493826103026e-06,4.5199607084637917e-05,1.862551418648938e-05,2.627890821056348e-05,2.8374132671136944e-05,1.0226036082877776e-05,5.258062277078761e-05,1.1828726847957242e-05
traY,traY,0.000323791216842415,1791,3.267614665950704e-05,1.2393566107382971e-05,4.341209834375074e-05,1.5663786354877195e-05,4.9404951224375184e-05,4.599566427928065e-05,2.7811417649458242e-05,1.1804019922893368e-05,2.904912989477437e-05,5.5580436406115245e-05
yjhP,yjhP,0.0003124730674992355,1792,2.6933785466794515e-06,4.010409413128185e-05,3.9584519602294356e-07,9.331687687607157e-06,2.775061025110855e-05,4.271920818188457e-05,5.997927955304872e-05,5.307897534284862e-05,7.334199560608958e-05,3.077993002664009e-06
yeaB,yeaB,0.00031120064915883164,1793,9.873784740373244e-05,9.526958412046726e-05,1.0688073371806157e-05,3.739733116698189e-06,7.686826541997554e-06,3.0788356300236884e-05,1.6404971945813815e-05,2.0006613847536235e-05,3.404421861989694e-06,2.447422064855344e-05
parC,parC,0.0003070312603975657,1794,1.0268577739663445e-05,3.530016820011193e-05,4.1023047192535405e-05,6.765886321576968e-05,1.6720310030027535e-05,3.4424503500044834e-05,3.182269110605778e-06,2.302341314895834e-05,1.2035603598257012e-06,7.4226547900023e-05
hipB,hipB,0.00029958432424274125,1795,6.617809955042799e-05,9.220914119808267e-05,6.723390903674101e-06,4.766452279960149e-06,1.4265069538539921e-06,6.188090955827982e-05,2.8796704848046455e-06,1.3277678646173797e-05,4.792408514369322e-06,4.545006615311475e-05
maa,maa,0.00029626985926276624,1796,6.211755837068219e-06,7.954096165845475e-05,3.5677062643475955e-05,5.4931094474958814e-05,1.655528952017207e-05,3.465365762466059e-05,4.3957399035479734e-05,3.926446670685179e-06,1.940173761462775e-05,1.414454183183212e-06
yhhL,yhhL,0.00027307311281640024,1797,3.434833230582232e-05,5.343884093889356e-06,3.564711636135605e-05,6.776753285925364e-06,1.4839401018106507e-05,3.202163370498992e-05,4.899614202657543e-05,5.828001575767794e-05,6.08680610648466e-06,3.0733028155572666e-05
nlpC,nlpC,0.00018431057418567072,1798,2.4918356058900945e-05,7.652377192426936e-06,5.7821729311169545e-06,3.963621551575911e-05,6.5074499050735155e-06,2.9434834816579574e-06,3.490546334712469e-05,7.52937059156336e-06,2.5836447347950876e-05,2.859923781409635e-05
