gene,gene_clean,signed_score,abs_score,signed_score_rawsign,rank_positive,mode1,mode2,mode3,mode4,mode5,mode6,mode7,mode8,mode9,mode10
pyrI,pyrI,0.0015165570893427515,0.0019466194408320084,-0.0006343210522950749,1,0.0003045085149129795,-0.0001271401303448341,0.0007365536189196581,0.0004592000823418097,-2.5975596434411338e-05,6.351788888609796e-05,0.00012586550236704536,3.404912504334955e-05,-6.191544896538301e-05,7.893532616439988e-06
yigZ,yigZ,0.001424250525276397,0.001480227405280746,-0.00048735188688778816,2,0.00018329386235662638,-4.412466711005415e-07,-2.7547193331073954e-05,6.994459109665194e-05,0.00021506704946553005,0.0002511393877369701,0.00011913235057854507,0.00021654099054053334,0.0002136830548715921,0.0001834376786321223
yedN,yedN,0.0012405436745479871,0.0013303897901073905,-0.0012400439662914363,3,3.530397344826507e-05,0.001072180097719764,6.250422621721229e-05,-6.995859474826225e-07,9.06065023431192e-06,-9.741271245068773e-06,0.00010641778470813553,-9.822448649715583e-06,-1.6548541778880932e-05,-8.11121015855379e-06
pyrB,pyrB,0.0011994312091020767,0.0015943778383399414,-0.0005039833266161583,4,0.00015672679005844552,-0.00010744450573647601,0.0006593826586291716,0.0003703616423681882,3.82623634890173e-05,1.842989514711524e-05,0.00014112348778380792,1.2617686245263304e-05,-2.9128744268210074e-05,-6.09000646142463e-05
yjgF,yjgF,0.0011114304857773767,0.0014873841812993842,-0.0002451509179974571,5,0.00011620570464046935,-0.0001096590067418803,0.0005367041469905835,0.0003667973819438176,2.0945081839768045e-06,8.80541933262432e-05,8.755869387136724e-05,3.7744810819757354e-05,-7.831784101912338e-05,6.42478937621654e-05
ybiR,ybiR,0.0011092553045285642,0.0012421966806372082,-0.0005074834922537469,6,7.190893942114185e-05,-1.965847072266621e-05,-1.3285089134140252e-05,-3.352712819751545e-05,0.0002498011866375335,0.0001555149072944615,0.00012817445831027569,0.000306153597130812,0.00017956105609127096,8.461184769739068e-05
ychQ,ychQ,0.0010677299874043023,0.0012654203255824225,-0.0004730160795119289,7,0.00010299077649332621,-1.3804143839645073e-05,-5.929415669771857e-05,-2.5746868551696294e-05,0.0001899218145605388,0.0002226097753042104,0.00011130502635212257,0.00024169458400708405,0.0001648711718387361,0.00013318200793734428
ybhK,ybhK,0.0010157406413868516,0.0012319799984605053,-0.000837396920148237,8,0.00011878600681143565,0.0007762511127426656,2.362174088542658e-05,5.9103100683279185e-05,4.321013932515563e-05,6.326073475854834e-05,3.9627484717167444e-05,-6.056601084316481e-05,-3.441228830453446e-05,-1.3141379389127436e-05
rlmB,rlmB,0.0010069990906737612,0.0011682791118497388,-0.0008096598518132131,9,7.955667353418282e-05,0.0005254011235186278,-5.910385554881563e-05,-2.153615503917315e-05,0.00011783528154328475,2.914472729110932e-05,4.1347806361486774e-05,0.00015848183035518191,0.00013350116573171409,2.3704929261625155e-06
rffM,rffM,0.0010009792019582717,0.0012601241434932735,-0.0009660934257311772,10,0.0001516069480510553,0.0006244337696302719,9.503029788680193e-06,-5.7446118550134965e-05,-2.1074777434950467e-05,-5.1051574782415656e-05,8.21147400264307e-05,8.534894050454865e-05,8.158046062615335e-05,9.596378409863256e-05
yceF,yceF,0.0009929130067904593,0.0010512447520597107,-0.00025343770916148693,11,7.168480071690691e-05,-2.916587263462575e-05,7.647815178704859e-06,1.1310780406460033e-05,0.0002135764287178202,7.072129502043632e-05,5.935377698891606e-05,0.00028198043464080033,0.0001609531080648343,0.00014485043969020582
dhaM,dhaM,0.0009844092625666515,0.0011244544460051482,-0.0008268363224300275,12,9.66883537396945e-05,0.0006067003881488092,9.022292040444525e-06,4.4575090444616083e-05,-3.7274050883703494e-06,2.7813630575447706e-05,-3.128791926558711e-05,-3.500726736529103e-05,0.0002316933146248218,3.7938784712066155e-05
amtB,amtB,0.0009682159123927182,0.001141269537275051,-0.0009202270777867399,13,6.98840907147946e-05,0.0008312120208304089,6.046314558510358e-05,1.036278500746282e-05,2.6291441591286442e-05,-7.386700314540633e-05,1.8389624356091546e-05,2.3871038751737065e-05,1.4268577996999591e-05,-1.265980929576007e-05
yoeA,yoeA,0.0009457581187652424,0.0010738844582772187,-0.0007838837151043478,14,6.869366371719462e-05,0.0006641007082153947,-8.211776379119327e-06,-3.2968927088716695e-05,8.500045938614516e-05,-2.1832069040603082e-05,0.0001614056596791605,1.715127990316727e-06,-1.0503972475489796e-06,2.8905669533018954e-05
raiA,raiA,0.0009335412666320365,0.001380066197420528,-0.0003630017395096053,15,0.0002284340039983091,-3.0422175685576145e-05,-8.082145027024653e-05,-0.00011201883943842312,0.00023750889785971192,0.00012663186272711177,3.79311779091956e-05,0.00021394160946528834,0.00015257647492673872,0.00015977970513992678
gmr,gmr,0.0009053783085865812,0.0012879541546479479,-0.0005662971213662901,16,2.0009088218616614e-05,0.0004403464507695096,-4.201374625676538e-05,-9.379526676479326e-05,0.0001832577746555555,-5.547891000912463e-05,4.416450966134637e-05,0.00025572304034873284,7.308728224412026e-05,8.007808571938336e-05
galR,galR,0.0008868960209526658,0.0009851767957307774,-0.0003693614329409331,17,6.910615272150414e-05,4.4361529251049525e-05,-1.3182103678882703e-05,-3.5958283710173e-05,0.0002187710511290968,0.00013191621394366477,0.00016801036521573478,0.0001752170942068967,5.269947528683228e-05,7.595452658694263e-05
ppiC,ppiC,0.0008832499486474622,0.001165103611524445,-0.0009882986057616393,18,6.233360902164677e-05,0.0008931145350342313,6.764685486548773e-06,-2.7458762712534247e-05,3.557112063202397e-07,-1.1880911618053978e-05,6.160823933720673e-05,-2.0633711646907897e-05,-5.553216841012066e-05,-2.5421277050874693e-05
cutA,cutA,0.0008787782912403938,0.0011379630318884791,-0.0006593883116284146,19,0.00014862426838589923,3.0794960008601575e-05,0.0002161124729131667,0.00011215401349120899,-0.0001295923703240427,0.0001240570985573884,3.133478159167759e-05,3.652843527174747e-05,0.0001816312847059233,0.00012713334663882328
ygcF,ygcF,0.0008555368145087309,0.001004462039779417,-0.0007110543283223448,20,7.572851994748034e-05,0.0007508487690661099,-2.1167347671546384e-05,-6.892776710822307e-06,8.065989366557199e-05,1.0371691293564116e-05,-2.7896266245060404e-05,-1.69803481463574e-05,1.2390553171347868e-05,-1.5258738615565881e-06
ycdX,ycdX,0.0008194552346015131,0.0011090446966260821,-0.0006155566888041072,21,0.0001317138315504175,0.00041402693674189646,8.321140107934758e-05,9.818124196276986e-05,-5.344766069667733e-05,0.00017990086264675585,-6.443684137517724e-05,-8.872534262962828e-06,-1.8037694677467148e-05,5.7215691632610416e-05
ybaQ,ybaQ,0.0008193039259795263,0.0008327003490313479,-0.0002173026234127475,22,5.414333702889778e-05,6.269422223363115e-06,-6.698211525910772e-06,4.68820090420341e-05,0.0002376591392968137,8.631798438227412e-05,2.879343090701376e-06,0.0002509600990883225,0.00012443130040848876,1.6459502944541594e-05
pspA,pspA,0.0008162589102958445,0.0008808381604636101,-0.00020989011555486286,23,0.00010861724663541343,5.6024780307405724e-05,2.9270486149550635e-05,9.662931532926383e-05,2.911670310667179e-05,6.204022490926479e-05,4.234705764407972e-05,0.0002470643423635222,-3.2289625083882816e-05,0.00017743837893455518
aroE,aroE,0.0008022420003411829,0.00118405205593583,-0.00033246890818613333,24,0.00011475998275064058,1.1088291345111593e-05,-0.0001486681316855418,-4.223689611178175e-05,0.00017577027234182596,0.0002234574275942207,2.113656025601833e-06,0.00024914218010837417,0.00011546204812525107,0.00010135316984748055
pyrC,pyrC,0.0007972120251840665,0.001121366702916782,-0.0002947149661251963,25,0.000192638841284166,-6.362850651246535e-05,0.00037974514503361334,0.0002358992166353396,-3.264110836458651e-05,9.096049601027377e-05,1.2055243828349388e-05,-3.6584465131385326e-05,-2.9223258857920563e-05,4.7990421258681997e-05
rsmC,rsmC,0.000767506083442253,0.000876785600660982,-0.00043299531236314033,26,6.140395783011174e-05,0.0003952156540057901,-2.9232587499499445e-05,5.383017991711153e-05,0.00011092932700031919,-1.212608099061008e-05,-1.3281090119254988e-05,8.405407201418458e-05,0.00011421677266197477,2.4958786221256123e-06
ygjG,ygjG,0.0007353984574103195,0.0012353171148907847,-0.0009757852194892778,27,0.0004871925896849528,6.93728227768828e-05,-5.424668184147198e-05,-0.0001768526820933207,7.551926585928147e-05,3.323979748734818e-05,0.00013127050720194354,0.00016838106060524258,2.0381742534900757e-05,-1.8859964805439974e-05
ydiH,ydiH,0.0007137310934755278,0.0010341266966671285,-0.0007276668765894995,28,0.00015633256585254718,0.00014528222761309875,0.00019386591442701294,-1.2777093693371246e-05,-0.00010994049844149294,5.8944007790709935e-05,-3.7480209460936226e-05,1.7880607537896044e-05,0.0001858738712721851,0.00011574970057787831
ecnB,ecnB,0.0007093673369092002,0.0011856800638248503,-0.0007332806375251241,29,0.0003375085718831401,-1.66860772790264e-05,0.00015327624001121732,-0.00010806056953996343,0.00013311418469239946,9.6895094123215e-05,4.414998090728175e-05,0.00018257962874977158,-7.639945117843727e-05,-3.7010265460397865e-05
hemB,hemB,0.0006978559232921153,0.0009218491099545489,-0.0004403501256933714,30,5.731219705008866e-05,0.0003969258275909063,0.00013175334335781543,3.5534203022512446e-05,-1.762553688303022e-05,7.748271294211969e-05,-5.966266750089441e-05,-3.283235370625477e-05,-1.8760352410374388e-06,0.00011084423265988968
ydaL,ydaL,0.0006963735412538311,0.0007475127251936133,-0.0005248724787511824,31,6.2985589451031455e-06,0.00045080240957359345,5.425233061419194e-05,7.896056775587593e-05,8.943875510633727e-07,-2.3724445326770663e-05,9.220090958772626e-05,-1.8451466431204388e-06,3.263839325178303e-05,5.8955759443850086e-06
yobG,yobG,0.0006906683409480072,0.0008839338065744311,-0.00028735656131590245,32,4.07827670049106e-05,-3.4229310864526104e-05,-3.3798768258052895e-05,-2.8604653690632907e-05,0.00021189629810835676,0.00010916667124909794,5.078742825133085e-05,0.0002071710540258538,0.00014913260972334067,1.8364245398328562e-05
insO-2,insO-2,0.0006867924791744029,0.0014821233938401034,-0.0008745600749524644,33,0.00020401402534261475,0.0006963016882744811,7.474958219061004e-05,-1.4357093957166654e-05,-0.00010583871596560633,8.308062866580519e-05,-6.71834284556335e-05,-4.610325990082349e-05,-0.00016418295905362026,2.6312012033742073e-05
yrbD,yrbD,0.00068488454042386,0.0010314262982770307,-0.0005168503380731344,34,0.00010180104569512467,0.0006116484376717271,5.9893780225917346e-06,5.2007525386710346e-05,3.7434019973456226e-05,-2.3290507081209734e-05,-0.00011963440201739775,4.927501260083529e-05,-2.4921525643174092e-05,-5.424444184803721e-06
nlpE,nlpE,0.0006701072408761876,0.0007444175201417487,-0.00021431052195042754,35,0.0001304196783223921,-3.715513963278052e-05,9.358812945282713e-05,4.2030339840243656e-05,9.865366449361926e-05,9.464833589004084e-05,6.574782182180135e-05,5.7242547881869754e-05,3.7717507677156924e-05,8.721435512901713e-05
blc,blc,0.0006661194547722184,0.0009432600583783806,-0.0005401270858615032,36,0.00010161092716069055,3.5747380677796243e-06,-2.5818756324738633e-05,-6.01015067747705e-05,0.0001579245246338293,0.0001813828996875213,-1.7823205299870767e-05,0.00020738065327968296,0.0001528160137457958,-3.482683340370111e-05
creC,creC,0.0006621811404079205,0.0008768308002927157,-0.0008066924602297405,37,1.636745619922007e-05,0.0005817591892387275,7.885055754525484e-05,1.2985921387043638e-05,-6.488813350048987e-05,-1.7277373322011387e-05,-4.805875322432428e-06,6.664129702790089e-05,1.2901548952171154e-05,-2.035344779746378e-05
rcsD,rcsD,0.0006617610433600205,0.0007699072268397565,-0.00044517938632574085,38,6.899747248613625e-05,5.58429790471972e-05,0.00016591558903127066,9.895907525374452e-05,-5.4073091739868024e-05,9.425934204379828e-05,3.734911632002889e-05,3.0917142828976316e-05,0.00010018857308547308,6.340484500326337e-05
lepB,lepB,0.0006609819573298334,0.0007748197196236814,-0.0003857206423463322,39,0.00011930234490546017,-9.398909484925524e-06,-4.0442397303373215e-05,9.833551750875369e-05,-7.077574358625236e-06,0.0002375943112459321,1.4691975811356673e-05,4.906581045890399e-05,0.0001525381642047286,4.6372714341622146e-05
maeB,maeB,0.0006405484620590246,0.0008887690498167807,-0.0003513919932695549,40,0.00014960510104651016,-2.6007957716833485e-05,5.375959280647667e-05,-9.810233616204452e-05,8.33523720149677e-05,6.550267720757195e-05,0.00010291197069175976,8.405633376884586e-05,6.614250985995884e-05,0.00015932819854181168
yrdA,yrdA,0.0006403827303096437,0.0006403827303096437,-0.0002487527782484263,41,0.0002430415399393124,5.692452767147828e-06,1.4179217065193005e-05,4.352074251151883e-05,8.365300190072309e-05,5.39727724083007e-06,3.992114929842415e-06,4.487758454556711e-05,0.0001273875677911422,6.864123161836676e-05
hemH,hemH,0.0006356535363492579,0.0007999986915900755,-0.0007459369798432234,42,5.600779291776107e-05,0.00037263649497940433,2.61132637137346e-05,1.966721577979566e-05,-1.9417310288102802e-05,7.510400271692452e-05,6.061926711024861e-05,-7.363640093630401e-06,0.00010767807675179792,-5.539162723867557e-05
sufD,sufD,0.0006351542726174523,0.0007646968351394349,-0.00016311582843545077,43,0.00019284211249143406,-2.860062309659544e-05,-4.048548284940625e-06,-2.9171434932159863e-05,0.00017640067388529604,0.00010098113823847693,0.00010772034343034518,3.319130269502676e-05,-2.9506749472952717e-06,8.878998313786469e-05
flhA,flhA,0.0006334858225590862,0.0007677381528606701,-0.00013050050668471982,44,0.00012542367656831122,1.571220171849959e-05,-5.9249394027494716e-05,0.00012571192560313255,9.591794456489093e-05,3.256331352192836e-05,-7.87677112329726e-06,0.00022880833223483407,4.661180572912172e-05,2.9862787769159654e-05
ynaJ,ynaJ,0.0006330235400526345,0.0007543512374966566,-0.00024418596966194276,45,0.00011369880755807805,2.731349752080635e-05,8.215284609818198e-05,0.00012674963040786616,1.29252640539567e-05,9.923456311366126e-05,2.6829221759222374e-05,-6.066384872201103e-05,0.0001500396675293497,5.474389073352303e-05
sbcD,sbcD,0.0006298508748857393,0.0008211456449349187,-0.0005088055833234074,46,-1.56163754667571e-05,0.0005351128666279744,7.841127183036343e-05,-1.6408514133279838e-07,2.8587156589079085e-05,1.5378606645384173e-05,2.3932637942311858e-05,1.197614594179641e-05,-7.986692441649989e-05,3.209957433341968e-05
pgi,pgi,0.0006258826136539285,0.0006275460305291996,4.138937839472524e-05,47,0.00017322734054954587,4.921627850114275e-06,5.4076465607651605e-05,5.432315072867817e-05,0.00011212407994878355,-8.317084376355799e-07,2.0731661817075066e-05,3.734302324534163e-05,2.7782069975087324e-06,0.00016718876534686512
gshB,gshB,0.0006124381292796715,0.0006867288491898753,-0.00016073093715684346,48,0.000131310131912145,1.0806092460625565e-06,-3.71453599551019e-05,3.373383501034538e-05,1.740355768899815e-05,8.541972067397602e-05,8.154567927937318e-05,9.896167721311252e-05,2.541207484869009e-05,0.00017471620336207048
ygdR,ygdR,0.0006113596244800483,0.0010127821304234319,-0.0006832813833921275,49,7.708061324407217e-05,0.00046477237075632404,9.453323623075442e-05,2.623989799361918e-05,-2.5959690322144303e-05,4.039591417689634e-05,-4.210214249358109e-05,-9.640833302845195e-05,0.00010904884505007393,-3.624108712751449e-05
ybaT,ybaT,0.000606342955549431,0.0007241920497595026,-0.0004096012183262605,50,0.00024374134554418364,-5.120532076601486e-05,9.877553948909954e-05,1.6418267539860913e-05,5.494071400191779e-05,-7.719226339020932e-06,8.03441167117919e-05,4.753260368499669e-05,9.650302861280977e-05,2.7011887069806597e-05
uvrB,uvrB,0.0006036810413563617,0.0006196369086623739,-8.769818613137802e-05,51,8.367589012738711e-05,9.7990899471398e-06,2.077087714080088e-05,-7.977933653006124e-06,0.00019527323231575164,1.6293950780065947e-05,0.00011246797995717994,4.413138542797668e-05,5.855044036331949e-05,7.06961289497463e-05
hemD,hemD,0.0006032701112866306,0.000991897717499091,-0.0003388243044558769,52,-6.308874677321908e-05,-1.3210279282358327e-05,2.6429259931780375e-05,-0.00011801477705065276,0.00015727476805508936,0.00019367156400208627,5.1131377184779885e-05,0.00021049624407333287,6.561778873485173e-05,9.296291241094027e-05
glyA,glyA,0.0006023787798749371,0.0008879665171965587,0.0001619180462926536,53,0.00012069716235728991,-7.112202201647373e-05,0.00010512835741919472,0.00014065903438369466,8.577877016915712e-05,3.859804246915067e-06,8.401299445777159e-05,-7.167184664433713e-05,4.9325916970781275e-05,0.00015571060853094353
envC,envC,0.0006023167401535011,0.0007436737947550606,-0.00041377596372816163,54,8.178063823217615e-05,0.0003456473770271615,7.135923369996206e-05,5.014526259230604e-05,6.991797141377516e-05,-1.5997580304887215e-05,2.034585270702677e-05,-2.8888101202481083e-05,3.379893178187325e-05,-2.5792845793411504e-05
mscL,mscL,0.0005982827070358073,0.0009470609342623946,-0.000711101387540531,55,0.000310532667366853,0.00029920533941607536,7.313421652631236e-05,-5.432208938675313e-05,4.221565710640045e-05,-4.4504657835502765e-05,2.056775920876261e-05,2.7016181024697186e-05,-3.1259458419028554e-05,-4.4302907972009214e-05
lolE,lolE,0.0005969936927265983,0.0011022181153356606,-0.0006900098594506981,56,9.734764937395135e-05,0.0004946851686923529,-3.1317480048245274e-05,-1.6721413677562286e-05,-0.00010368110404220648,4.2077729964775526e-05,5.502765535202468e-05,-0.0001008922135365171,8.657326629030627e-05,7.389443435771883e-05
yiaG,yiaG,0.0005968603053703723,0.0006281983347147282,-0.00047263307552764444,57,0.00017366957841573175,5.3569605233383886e-06,0.0001786143990123867,-1.5669014672177934e-05,3.8052199053419782e-06,4.413743833798504e-05,8.101876174244817e-05,9.367828206813015e-06,4.258172421030528e-05,7.397740968819984e-05
metQ,metQ,0.0005921982623739796,0.0006031663283642205,-0.00040681566283032734,58,7.407606757380567e-05,1.2996350288728561e-05,6.531783626863558e-05,9.46592192315744e-05,-5.484032995120458e-06,8.802427799423779e-05,6.0239935191928574e-05,4.638704689745813e-05,0.00015246544838735915,3.5161135353722144e-06
elaC,elaC,0.0005827842458250304,0.0007217147181840431,-0.0001861931825491824,59,8.220120562793292e-05,-3.186702707133596e-05,9.896772801494351e-05,6.671748337749097e-05,0.00016110910814873348,7.61888010115328e-05,-8.067149219869919e-06,0.00012197719001360517,4.5087965810297884e-05,-2.953105988830045e-05
yfiF,yfiF,0.000579298495751397,0.0007728330908253791,-5.534630272289079e-05,60,2.0600094847612097e-05,1.8676025251508582e-05,-2.0812841779703834e-05,-7.595445575728717e-05,0.0002582671480264504,6.981239800653661e-05,2.201537278559596e-05,0.00017340504166508887,3.3626308460505605e-05,7.966340424508988e-05
gcd,gcd,0.0005685987534291887,0.0007673127903316122,-0.00030106437734975195,61,0.0002295907736483452,-2.644061761563121e-05,-5.803477967670122e-05,-2.1239638810159624e-06,9.539737974931355e-05,5.61779205945556e-05,-1.2757657277863406e-05,0.00018106347208796315,6.523245362880218e-05,4.049377217142079e-05
yeiH,yeiH,0.0005637597812924476,0.0008828001130890945,-0.0008828001130890945,62,4.09754999374774e-05,0.00039671621216382115,2.5710671302306132e-05,-3.110618803071827e-05,-9.859667735916763e-05,2.815494182405393e-05,5.547075828174496e-05,0.0001273082902807358,4.894357340063167e-05,-2.9817300508437554e-05
icdC,icdC,0.0005636137383869553,0.0012316603352894705,-0.00020532365434146094,63,0.00038472635116355505,0.00016135737954515292,1.5807617449172614e-05,0.00014369250315507986,-9.340683940563886e-05,-3.746324052745919e-05,-0.000100240758250326,-0.00010291246026783352,6.31938072519463e-05,0.00012885937827330623
mreC,mreC,0.000562606147510188,0.0006267763456103657,-7.9050606084681e-05,64,-3.92794427730327e-06,-2.0941525554700774e-05,-7.21562921808483e-06,5.418241850911058e-06,0.00014214606407023155,0.00013717926317754965,0.00013408599342039145,5.449487512891455e-05,2.715334412066771e-05,9.421346479161088e-05
mgsA,mgsA,0.0005619642653881292,0.0007668112467431558,-0.0003862429516081462,65,4.426413026472489e-05,0.000370433760089312,2.7045293233197485e-05,4.067245731782392e-05,-5.23638423251071e-05,8.242007326330948e-05,-1.193194504049723e-05,-3.7014885252515866e-05,-1.1128180593930986e-06,9.955204189727472e-05
fes,fes,0.0005588143955519774,0.0010625174646763907,-0.0008116699418054742,66,-2.202164716468178e-07,0.0006872847484380479,3.7905065880288255e-05,6.03074480796745e-05,-5.524237331586074e-05,-7.329200866225383e-06,-3.6952409682356156e-05,2.516866771617341e-05,-2.0614486335555482e-05,-0.00013149284789056218
mutS,mutS,0.000558738485756522,0.0009129766646558049,-0.0008747882512503458,67,4.904299433396874e-05,0.0006224294589901834,3.861521299219051e-05,-8.731758752980098e-05,-4.7556922726277456e-05,2.57699088898209e-05,-6.0501952542096475e-06,-6.461960173762303e-07,-1.2397815431143703e-05,-2.3150372490833378e-05
murG,murG,0.0005567671950005431,0.0008074265459477075,-0.00042492297258107015,68,5.636052379370608e-05,0.000498672432137832,3.427914595019801e-05,3.2552163170322966e-05,6.023260542206625e-05,-2.0944159371561478e-05,-6.297873272691985e-05,-1.0296094781348571e-05,-4.248031211099536e-06,-2.6862657382652777e-05
ygaU,ygaU,0.0005547335122817206,0.0009119935103274404,-0.00023104047832854337,69,0.00028246459001213183,0.00015577225423696342,-6.197263717361942e-05,-6.809721770762494e-05,0.00010389532092630332,8.526528063059594e-06,3.294604392433742e-05,-4.856014414161559e-05,2.3710360383874705e-05,0.00012604841375791025
yraP,yraP,0.0005496337057131695,0.0010110575741227438,-0.00012074912434424903,70,0.00016615987619100062,9.181326699609959e-06,-0.0001126129901182389,4.716096301061191e-05,6.905769957424573e-06,0.00017484877909740534,0.00020156054684680776,-0.00011809894408654818,1.4152820398672622e-05,0.00016037555771642378
glgA,glgA,0.0005487438028746992,0.0009223635979238109,-0.00040978682703278783,71,0.0002798709248435023,-1.640470094785376e-05,0.00013097855388440976,-0.00010054402445928057,0.0001444656784060801,-6.98611721174215e-05,1.1714495253917363e-05,0.00011636603744257059,2.660117659461887e-05,2.5556833974156204e-05
nagD,nagD,0.0005478065961303381,0.000593883597004356,-0.00027550762897828875,72,6.415213272413171e-05,0.00024922606817038423,1.6616254952703695e-06,8.510064843827185e-05,5.2641525868735126e-05,-2.4407411796215753e-07,1.4291855668545587e-07,0.00011792017731386836,-2.120173558806456e-05,-1.5926907309823442e-06
cca,cca,0.0005440124757858298,0.0009370823821270328,-0.00038585236633343766,73,0.00012903937039850105,0.00044260486690681975,5.0830905936033743e-05,6.313092219720604e-05,-2.8460663784606828e-05,1.0531567204273876e-05,-5.0874782688166206e-05,-5.1098020749177554e-05,-6.610148594865097e-05,4.44097963135968e-05
elaB,elaB,0.0005435792502818318,0.0013527016050344702,-0.0012348128132417607,74,0.0005610767940266993,7.40299742197014e-05,0.0001559486649480201,-0.000150229331730823,-0.00015259401027718615,-5.894439589635469e-05,2.815943111297861e-05,9.799417613773637e-05,3.0931387213015116e-05,-4.279343947195529e-05
lpd,lpd,0.0005416032131108512,0.0008731598000882299,0.0001736097573015035,75,3.621448358969476e-05,-7.852827186298796e-05,6.266506538810895e-05,0.00017722501704035972,0.0001115682762463821,5.9529693942181325e-05,0.00013889514596017525,-8.725002162570136e-05,5.247063251320294e-05,6.881319191943555e-05
csdA,csdA,0.0005407388996739561,0.0007046406187624437,-0.00014859357520296415,76,0.0001573919084837639,1.6256793407450972e-06,7.055976088490291e-05,-1.9280132262617096e-05,9.722931362450632e-05,1.613035135253689e-05,-6.267072728162671e-05,5.67855663771923e-05,0.00010484369828094577,0.00011812348087360678
dhaK,dhaK,0.0005404693366952131,0.0007849281616611791,-0.00015278236617320175,77,1.2216955927438551e-05,9.383755530433032e-07,-3.413313411037918e-05,0.00011966390630531667,6.580717771816235e-05,3.857846610879e-05,-8.809627837260382e-05,8.184113549401062e-05,0.00033528033083390793,8.372401237526689e-06
flgF,flgF,0.0005310638427477919,0.0008066374674236833,0.00011643392202417949,78,-1.205023364782932e-05,2.2700754747477654e-05,-8.744495942777098e-05,0.00018707143235559495,8.359176964580638e-05,-3.829161926234536e-05,2.975071549419507e-05,0.0002150295459661439,7.762075649193525e-05,5.3085680384584384e-05
flgM,flgM,0.0005297965040358581,0.0007306714419889431,-5.1765681613776065e-05,79,-1.676993312551297e-05,-7.310032159162066e-06,-5.363022501099887e-06,0.0003100098924018086,-7.005954474890571e-05,1.3448580453867008e-05,7.640405322825792e-06,9.224131978273611e-05,0.00020689377505116305,-9.349364418619554e-07
yciO,yciO,0.0005228840878531648,0.0006240993178025127,-6.421694761036447e-05,80,6.481786171102259e-05,5.856672011875068e-06,-5.060761497467397e-05,6.051457268949454e-05,0.0001626793405128806,0.00010515327968962115,5.696821367942984e-05,7.007210996066121e-05,4.128999565382873e-05,6.139656919024994e-06
glpK,glpK,0.0005204050137449937,0.000868491432219466,-0.0005312208351496725,81,2.9029286307110116e-05,0.00039635784949919084,-9.949516265621908e-06,-7.531998291011025e-05,8.374581939675769e-05,6.576067835996321e-05,0.00011955458941920808,-2.6013099424964616e-05,-4.892686344755247e-05,-1.3833747188986935e-05
katG,katG,0.0005203645702689196,0.0007554359509477853,-0.0005070820521532012,82,0.0001998623685439656,0.00012839635939109305,0.00012949410286681656,6.886439845193008e-05,-8.709681700096633e-06,-5.5312550945362006e-05,6.253326506128101e-05,3.869882412562373e-05,1.0050942167642495e-05,-5.351345769397422e-05
tgt,tgt,0.0005183691411252976,0.0007482888073522157,-0.00036042772715839445,83,4.9608654703714545e-05,6.20221183552213e-05,-1.0198935484362402e-05,-0.00010476089762909666,0.00017827971500567093,0.00012884313159614518,9.144505838415771e-05,5.107569656831208e-05,6.660271001865761e-05,5.4518896068772534e-06
ybgS,ybgS,0.000518082144461322,0.0006809629363066895,-0.00044541375694041267,84,9.546028905682405e-05,7.891770237011612e-06,4.864735848261849e-05,-3.4523397292390157e-05,-3.656276223537278e-05,8.60116654615695e-05,0.00016280885238375626,9.128225147400827e-05,-1.0354236394920834e-05,0.0001074203532882176
csgD,csgD,0.000516840829421849,0.0008613820175628852,-0.0005683745504612856,85,0.0001667414722767571,0.00026877109423024086,7.7177872313035e-05,-0.00011773593216887327,7.197693589654776e-05,3.0904815651544286e-05,5.354709737163503e-05,-4.242162447768695e-06,-5.029249945387622e-05,1.9992135752607195e-05
dcuA,dcuA,0.0005156878565545516,0.000649896985815882,-0.0003026280392230663,86,7.432586857955045e-05,1.3089299903449701e-05,0.00010390802308919819,-3.10448134192498e-05,6.594721956246491e-05,7.306484374487848e-05,0.00018082966378314753,-8.868262722109833e-06,-2.7191488489305644e-05,7.162750252252751e-05
ycgR,ycgR,0.0005148447284336664,0.0012450588025328677,-0.00023720875515474864,87,4.053773288188195e-05,0.0004135457059219389,-0.00017789325899807222,0.00027212959501678007,-6.693535766208428e-05,2.505197559660324e-05,2.8121097631861008e-05,0.00010056565843420178,-5.39021696742071e-05,-6.637625071523686e-05
yaeB,yaeB,0.0005142027083344346,0.0009938234103587739,-0.00020772538600557426,88,9.368707750120288e-05,5.236832625921472e-05,-1.615304801637005e-05,8.057798163666911e-05,0.00019980556543300532,7.353623194290809e-05,-9.651241709055533e-05,0.0001257926983854022,0.00012824517818820188,-0.0001271448859052443
yacF,yacF,0.0005137397434836053,0.0005153533605622743,-0.0003096578996536116,89,3.0357260298012515e-05,0.0002522192210848892,6.309140774729389e-05,5.271562479661951e-06,-8.068085393344981e-07,1.5324037040579484e-05,1.9536888180825278e-05,2.3402153745599728e-05,7.76785347140834e-06,9.757616797466939e-05
kdsB,kdsB,0.0005136498576368627,0.0006909989476744674,-0.0002442395089486254,90,0.0001494066540202965,-1.2600968060003336e-05,7.671084310630932e-05,0.00017582417571944652,-4.716312669444891e-05,6.998793748094231e-05,-2.8910450264350086e-05,8.71752625616888e-05,3.717540444786055e-05,6.04412531912106e-06
crl,crl,0.0005125934040744346,0.0007439244836278623,-0.0002420329154186417,91,4.507344432476371e-05,1.302073051399515e-06,-4.0562832912924086e-05,-4.491693542547654e-05,0.00012902216334989032,-3.0185771438313244e-05,6.160771860811286e-05,0.00015144531186958126,0.00018863321624391813,5.117501640348263e-05
metA,metA,0.0005112014879811426,0.0006825739703485466,-0.0004341373379832677,92,3.1624609602377694e-06,0.0003956257666294914,3.2052256503566546e-05,5.343163357076255e-05,-4.030826595710506e-05,6.13198562714219e-06,4.7211056748918606e-05,-4.5377975226596916e-05,3.3863861739445525e-05,2.540870738527999e-05
glcB,glcB,0.000510757863539937,0.0005926135248091585,-0.00010303536984838157,93,0.00013609995464241358,-2.4300984347559766e-05,3.96606109926672e-06,1.9181860218311677e-05,0.00010420399658267774,-1.6626846287051016e-05,3.8758999877867444e-05,0.00015700414935402449,1.1995282355197828e-05,8.047539004478829e-05
uspA,uspA,0.000508362756479672,0.0010285352951912216,3.247686712019545e-05,94,0.0004158666119000601,-6.929538093354509e-05,8.216260213545298e-05,0.00019743636856143053,5.906484774385941e-05,-6.154153138437808e-05,-9.329684552753107e-05,-3.062874644654649e-05,-5.3237650637740684e-06,1.3918595494643786e-05
codB,codB,0.0005079007294039135,0.0009693442578088206,-0.00011845247020788791,95,7.176365707874865e-05,-0.00010114703891509064,0.0003730231478715972,0.00012240496675003964,1.6217021953026637e-05,-9.656325358133664e-05,9.756160226169137e-05,1.5499567963170768e-06,-3.3011471706026296e-05,5.6102140894946486e-05
rcsF,rcsF,0.0005026525434708785,0.0006085666461765492,-8.058646395699887e-05,96,5.541218156997257e-05,0.0002253756401494756,-1.4546772959141095e-05,6.082761135578354e-05,4.504159556966606e-05,3.066361341083606e-05,-3.394663837701846e-05,-4.463640016675782e-06,3.312511993648975e-05,0.0001051638328314902
arcA,arcA,0.0005018670728726002,0.0012499944101084434,-0.0007473394469146433,97,0.0003405899487604896,0.00026959307471423165,1.4756676993506497e-05,-9.998347594298944e-05,-3.760269151556517e-05,-9.510288528577624e-05,8.116719559243441e-05,0.00015497386499232645,-0.00014137461587359067,1.4849980437533111e-05
yqiB,yqiB,0.0004981289502230033,0.0006703210450891055,-0.0004570399547191676,98,2.2244267456729492e-05,0.0003088106226173315,4.649034292655141e-05,2.730936172352675e-05,-4.191567473507034e-05,6.111431368804154e-05,2.219445855094582e-05,6.091081992946637e-05,-4.4180372697980795e-05,3.515081076346138e-05
csgG,csgG,0.0004931794270684858,0.0009105615972824445,-0.000449881356170898,99,0.0002200201287405485,-2.277787835236255e-05,1.2793242663248053e-05,-8.620909144208494e-05,7.355763103357801e-05,-1.3386986032378218e-05,-8.631712928015366e-05,7.08206956911226e-05,0.00029037831818966715,3.430049585730084e-05
trmA,trmA,0.0004924574151843176,0.0005733527084410339,-0.0002490501778226067,100,9.142015262618768e-06,7.044227164399221e-06,6.52877712651906e-05,-4.0447646628358125e-05,0.00011275675728801655,4.3500651031710556e-05,3.172633134097948e-05,9.631410390019533e-05,0.00011773869653836817,4.939450802119704e-05
ttk,ttk,0.0004916955536853419,0.0006552855091649225,-0.00022472636045349,101,-3.3615571615120366e-05,-2.545157904654928e-05,9.298528564572832e-05,-1.3635222220248815e-06,0.00010845846456419379,6.86691163661397e-05,4.4075553627813584e-05,0.00023291245694749974,-2.1364304856095704e-05,2.6389654273757057e-05
alr,alr,0.0004891422391280509,0.0005593245331307371,-0.00019284508272147998,102,5.261490532915317e-06,-1.4690396471474463e-05,0.00017032361529248515,8.328292285783324e-05,-1.6044505389215216e-05,7.039825813978988e-05,4.1181383133054916e-05,-4.35624514065337e-06,7.287555543864802e-05,8.091016073466752e-05
proP,proP,0.0004852183745773832,0.0007811957989704663,-0.00035734528252565973,103,0.0003348102492547886,9.109093772861115e-05,9.982059859776224e-05,4.0397983025461867e-05,-3.700542360134342e-05,-6.589656148009299e-05,-2.3371562825770897e-05,6.543331565557706e-06,-2.1715164289334257e-05,6.0543986601743295e-05
ydiU,ydiU,0.0004828701956859898,0.000714292116492365,-0.00015617665070278577,104,0.0001901882233539533,-2.7157433910089155e-05,3.680360452096626e-05,-5.060295348997962e-06,3.189947212139488e-05,0.00014286003819868128,-1.6344532699073066e-05,6.032222217497657e-05,-6.714869844502741e-05,0.0001365075957192051
ychF,ychF,0.0004813391062631253,0.0005821325679342391,-0.00044416890125043436,105,1.8933095780364996e-05,1.5689550605376524e-06,0.00016839203963397284,6.898183334190238e-05,-4.295304555561666e-05,4.554023788533163e-05,8.993514331536752e-05,5.864842919475283e-06,0.00013251968916172985,-7.443685279940254e-06
rlpB,rlpB,0.00047916165077821997,0.0008646685255835484,-0.0001450350943740047,106,8.578064525359339e-05,0.0002080381409518728,6.593992384342015e-05,6.44398148205906e-05,0.00010669566478609013,-2.225996389364956e-05,4.5527891684099265e-05,-0.00016642127210444153,9.549300684121777e-05,-4.072201404573149e-06
sodA,sodA,0.0004773115268907039,0.0006466712027121721,-0.00020064218714754703,107,0.0001834023794133801,3.5455650124369593e-05,-1.2556789524890727e-05,7.008193528402728e-05,2.5974648592753326e-05,-4.896473598297641e-05,0.00014301597279218966,-2.3158312402866913e-05,6.178269259992016e-05,4.227808599479784e-05
pepT,pepT,0.0004758182964069406,0.0007267336784412261,-0.00019762749396404715,108,0.00022286927199702768,-2.6394125585633572e-05,-1.6200179723234778e-06,8.131437418074227e-05,1.4029562562834923e-05,4.154971063287567e-05,-8.354049353249993e-05,-1.3903053926685785e-05,0.00019776160357273332,4.3751464477869566e-05
carB,carB,0.00047496914583096666,0.0011509326953448888,6.131932345143721e-05,109,-0.00021501756914332022,-7.124982942958665e-05,0.0004045707930188045,0.00031634953439762273,6.7042313877883e-07,5.251892062860791e-05,5.419206337926019e-06,3.3422043066187694e-05,-2.838653288854547e-06,-4.887572289519962e-05
yghB,yghB,0.00047190246699323234,0.0008796814439452436,-0.00036678752296659075,110,1.7488105705031777e-05,0.000420560535289816,-7.647429046254539e-05,5.8788369976328586e-05,-9.530815253014104e-05,9.091900759815205e-06,3.7793501993348984e-05,-3.21070454833192e-05,4.299228717776428e-05,8.907725456713326e-05
secB,secB,0.0004677627739732884,0.0008104081988150161,-0.0003954471538915897,111,0.0002056107234312179,-6.665289914982408e-05,1.558647061206689e-05,6.70655972075524e-05,-0.00010466981327103977,8.632867187942512e-05,5.383660224506595e-05,4.8895667532432717e-05,8.79997273820545e-05,7.376202610433675e-05
phr,phr,0.0004641649570218288,0.0006099939144762465,-0.0001995128359631386,112,0.00021844359971526846,-1.9162322013908966e-06,-3.8148034105907044e-05,-3.2882012913174146e-07,8.94576297815208e-05,9.28457491607844e-05,-1.5541244905254577e-05,9.313520621450798e-05,-1.6980147385524615e-05,4.319725087695608e-05
purB,purB,0.0004629794795756876,0.000894748602139178,-0.0002529860569914757,113,-6.664027286457e-05,0.0005501558243296654,-3.684175633857319e-05,0.00010666140005736572,-2.3711505235661464e-05,-1.8520779757741905e-05,-6.684411996494618e-06,-4.9438896586127976e-05,-1.4046938502575983e-05,2.204681647040178e-05
pfkA,pfkA,0.00046119839691583165,0.0007933841231998618,-0.00045935993670014535,114,7.335912954340057e-05,-4.305521397710932e-05,-4.45391810379851e-05,-7.849846812692062e-05,2.4213379936316054e-06,2.419065921140537e-05,0.0001108902578918868,0.00019693922250022048,0.00014249429267616968,7.69963602411322e-05
sapB,sapB,0.00045847748791828503,0.0008768789153096613,-0.0004950367278366484,115,0.00010542726739901514,0.00031557670410392954,-3.5253422381321646e-05,7.401301174478164e-05,-6.599140330733059e-05,-3.8884013966181567e-05,8.115608617314775e-05,9.150513219309902e-05,-4.27706456442215e-05,-2.630122839663277e-05
carA,carA,0.00045447065122496545,0.0014904002252491486,-8.303767686151848e-05,116,-0.00023226183222549044,-4.4817098978523526e-05,0.000511089212223639,0.00033735000773606536,-1.578526258806672e-05,6.742453669373584e-05,5.6571681583616875e-05,-1.355238905038876e-05,-7.5699946203347e-05,-0.00013584825796627512
cysC,cysC,0.00045396719174490505,0.0005636203718368718,-0.0003402238565152512,117,1.7865985589968924e-05,0.00028499139636171397,5.163877702757299e-06,1.749919020568058e-05,3.5608728383943535e-05,3.0481147751093012e-05,7.837695296572133e-05,-5.48265900459834e-05,3.5042753804807014e-05,3.76374902520285e-06
valS,valS,0.00045321000270871846,0.0005550090370448021,-9.904953183804507e-05,118,1.5604004500261415e-05,-2.985048563777876e-05,-2.1049031530263085e-05,7.165083371022543e-05,8.570385764384386e-05,7.710140279318396e-05,3.137451284522213e-05,0.00013468567560035653,6.826368870239955e-05,1.9725544081267387e-05
ggt,ggt,0.00045162400404527163,0.0006000515218039116,-0.0003166627878552866,119,0.00019313790819201927,-5.2776213749226534e-05,3.295921451359514e-05,-2.143754513009341e-05,8.467265207141389e-05,2.1831615887262236e-05,6.145235085866911e-06,0.00010826270605759167,7.458292996317046e-05,4.245501153672037e-06
yjiX,yjiX,0.0004491686967396608,0.0008870565652281468,-0.0004185966318581923,120,7.248228537142511e-05,0.0002932896627345134,6.036155481039343e-05,-4.694398763118857e-05,0.00012590836450752284,-2.2775721842509876e-05,0.00011607076356004911,-7.479997907296341e-05,-1.0745901261981181e-05,-6.367834443559995e-05
yfdG,yfdG,0.0004476859218348737,0.0008339252352801966,-0.0005712451123626994,121,3.230372808295841e-05,0.0004709649639728294,-1.7730132986947895e-05,-8.512513046657313e-05,4.897522786638379e-05,-4.397581224827533e-05,8.398352272246576e-05,-2.0658888357141678e-05,4.5781359128979245e-06,-2.5629692663723516e-05
malF,malF,0.00044653986855905554,0.0009508789031560441,-0.0005459038133782617,122,-3.4747556771765944e-05,0.0004230031923757368,0.00010882452951349783,2.041351297812049e-05,2.0693480885169985e-05,-2.9701997236576078e-05,0.00012577467010502468,-7.886781262078441e-05,-1.8063184396474252e-05,-9.078896627289355e-05
gntY,gntY,0.00044455334437086265,0.0005986971926215377,-0.00024351572822861958,123,0.00011185489538289618,-7.707192412533751e-05,6.644243159958975e-05,6.680515266025618e-05,3.262371444137608e-05,7.523183145565945e-05,5.336246148836643e-05,6.387803134186465e-05,5.0336809156702146e-05,1.0899409694892507e-06
glgB,glgB,0.0004437236098526188,0.0008381443545488075,-0.00011346611219395935,124,0.0003767785897136475,-4.601665697880599e-05,-2.7358367983778978e-05,8.506825881723132e-05,0.00011091418350374629,5.7291275371559965e-06,-9.298165389386148e-05,1.668531735889447e-05,4.575850527003757e-05,-3.085369349164787e-05
rep,rep,0.00044283307772650926,0.0006286963209388938,-0.00018610658525450166,125,2.9432879463882178e-05,-6.213038895626098e-06,-5.821698462460492e-06,9.575946344488323e-05,-7.611119391364042e-05,6.700969717074488e-06,-4.78569033446527e-06,5.759798926489313e-05,0.00023755842073720754,0.00010871497670476102
nuoM,nuoM,0.0004408752628832571,0.000860094425963193,-0.0004024586444090854,126,0.00018046119035996784,-5.247029398512478e-05,-2.1012746604824437e-05,-1.7669865388425158e-05,-5.8338164769345774e-05,0.00010960897201135583,0.0001768802656726772,-6.011851079224782e-05,8.831807698436747e-05,9.52163393948568e-05
icd,icd,0.00043797307587777946,0.0012172687157925794,0.00013930822117457146,127,0.0003075085485256498,-0.00010268241029539276,6.713301228938177e-05,0.000270678594609191,-8.647242166809867e-05,4.103747969080404e-05,-0.0001118432875053706,-8.864970048853789e-05,3.682878513506956e-05,0.00010443447558508311
ypjC,ypjC,0.00043750492497677065,0.0009401492993871227,-0.00028618143398871876,128,3.445404328399713e-05,0.0004222663044899746,3.065743169633831e-05,6.676016540018146e-05,-3.0246846612335932e-05,-0.00013876373936510584,2.7393721498615972e-05,-8.23116012277342e-05,6.81470191066588e-05,3.914842670618045e-05
mak,mak,0.0004354246046054058,0.0005628393538268891,-0.0005093673331408435,129,0.00015822185616409673,-7.464336804127951e-06,7.661397080412636e-05,-1.959210892163232e-05,-2.4498757781746984e-05,-1.2152171103234418e-05,0.00012917579488832303,0.00010404082114409188,2.3960033779849006e-05,7.119502435660475e-06
sthA,sthA,0.0004333080578871684,0.0006665137135126202,0.0002262379114917439,130,-7.336208981463794e-06,-3.803703591011587e-05,8.678015144404149e-05,0.00013369602754108138,8.73090006617455e-05,-7.122958292114625e-05,4.0839800325542736e-05,3.151124843332174e-05,6.1006700807532175e-05,0.00010876795648662928
yibF,yibF,0.00043322583916210333,0.0005130966191898987,-0.000357365956505607,131,0.00013643522759794257,8.407864076782811e-06,7.474090066337619e-06,-3.001721963200595e-06,2.6242967379138716e-05,0.00015596593310469715,7.871226606902342e-05,4.5234184969768676e-05,-3.69336680506971e-05,1.468869591231004e-05
yqjD,yqjD,0.00042919528475506333,0.0010628148418822482,-0.0008678435199963839,132,0.00045323464838268755,-5.509113077797544e-05,6.643158102154816e-05,-0.00013598592973948067,4.239453016495674e-05,6.927240495799702e-05,1.4441083226250455e-05,9.276456853720381e-05,7.46624702801197e-06,-0.00012573271804613634
yggX,yggX,0.0004291831435980932,0.0007811085773557624,-0.00047790555881955404,133,7.947143924258027e-05,0.0004525106843237588,-5.50637823653681e-05,6.308722316853351e-05,-2.699045594154787e-05,-2.2550917451957212e-05,-1.0899586282245347e-05,2.5597657806610635e-06,7.516747961394067e-06,-6.045797483771612e-05
gatA,gatA,0.00042906533457067353,0.00042906533457067353,-0.00012058468074915036,134,2.8233990809150476e-05,8.104502238544179e-06,2.404441764502623e-05,4.6740714322778225e-05,8.411285042322712e-05,2.1056849229706457e-05,4.035448550405845e-05,0.0001284726500465784,2.4558112186847754e-05,2.3386762164756257e-05
tatD,tatD,0.00042882464810242894,0.0007232013035569862,-0.0005520759515120743,135,8.718308996673786e-05,0.00038321443796977546,5.025720421298031e-05,2.8126138458331295e-05,-7.300785338982779e-05,-2.6624078365581756e-05,4.84378225006487e-06,-3.0812459198542854e-05,2.2388322971817686e-05,-1.6743936773326196e-05
hpt,hpt,0.0004267528448226921,0.000652520543852241,-0.00032008818058944856,136,-5.789903693980063e-05,0.00016487863203034663,4.021235158506384e-05,6.272574855327726e-06,-3.122552201970432e-05,-2.3759290555269532e-05,5.142842772725052e-05,0.00012429150852281084,7.426792033566864e-05,7.828527928099831e-05
fbaB,fbaB,0.000421409548342243,0.001085098416080267,-0.0007690937855689344,137,0.0003851766954057759,-4.8166531660358987e-05,-5.784812407208228e-05,-0.00015671597569058072,5.1987659523224955e-05,0.00016060550764149134,4.842570370861042e-05,6.638162239380028e-05,4.067679353835211e-05,-6.911380244598996e-05
glxK,glxK,0.0004179887916451629,0.0004483086238033783,-2.3913614476877048e-05,138,9.547383027660493e-05,-3.1560078746723166e-06,3.581680732384296e-06,0.00010517939262773075,4.378871952548586e-05,1.3332544532384272e-05,-1.2003908204435363e-05,1.4818170251947639e-05,0.00010890489334680652,4.8069476430926323e-05
nlpB,nlpB,0.00041667633541088867,0.0006053623526223592,-0.00020644209863700182,139,8.327815718753656e-05,-5.198219333127554e-05,4.990231052147282e-05,-1.1999715141850601e-05,6.064589882929902e-05,0.00012793875328023584,3.018855760517641e-05,0.00010259473189340828,-3.0361100132609093e-05,5.647093469949503e-05
osmY,osmY,0.00040687032673445507,0.0012999161420594223,-0.0009951637029884798,140,0.0004681604643894968,-7.580769423079073e-05,0.00017179764151591565,-0.00018890845816421983,-5.416567012406196e-05,-7.656852530468055e-05,7.422927640312794e-05,0.00011531721590724604,2.388863618115234e-05,-5.107255983873058e-05
hpf,hpf,0.000405131449239951,0.0006008035936201931,-0.0003021338561626113,141,0.00018867885468190637,-4.153778076410912e-05,9.80120434478411e-05,2.8686059572276314e-05,-4.0242213415972976e-05,-1.6056078010038963e-05,4.927442559255494e-05,3.549094416163451e-05,3.977024359149225e-05,6.305495038236655e-05
yeaD,yeaD,0.00040377370777629586,0.0006880421896272289,-0.00011565674739131949,142,0.00013520654146824133,-2.5553297678053106e-05,0.00021055660439210893,0.00011530098540369259,-5.43277898635592e-05,-3.792839017882598e-05,1.7585327853646655e-06,-2.2302366130101227e-05,-2.022397074926911e-06,8.30852846523548e-05
insH-1,insH-1,0.00040138733701064293,0.000568458044377269,-0.00040212674413525975,143,2.5995485832770692e-05,0.00027594958496025726,6.013407651131487e-05,5.410280344977024e-05,6.646603054571474e-07,5.332985547042838e-05,-1.9356175763772994e-05,-9.042010602004259e-06,1.4746224163957427e-05,-5.5137167317535814e-05
rffG,rffG,0.0004010476088054871,0.0006870792850483415,-2.6498522785598302e-05,144,-0.00014301583812142719,2.0274614174062064e-05,4.734536670360499e-05,6.519172082243163e-05,4.0248151431816324e-05,5.307960706002086e-05,7.481362729226227e-05,7.068104159434258e-05,9.059464709267712e-05,8.183467075569643e-05
yheS,yheS,0.00039848093803825107,0.0008712284955766094,-0.00025601399800596496,145,7.57066648961315e-05,0.0003582781551756302,-4.934094621237394e-06,-5.636532506754275e-05,7.331630531475971e-05,-7.833009523037293e-05,7.327110165198273e-05,-7.52814187044799e-05,-2.1462845145546193e-05,5.4282489768926126e-05
clpP,clpP,0.0003980338952730327,0.0009072894538868757,-0.00010451854136940759,146,0.00020154487294718728,-4.40697365466709e-05,-7.636737590246502e-05,7.866701107637855e-05,-3.6497184271239983e-05,0.00010157838662871668,9.434988720355041e-05,-9.769348258654568e-05,7.193366657744735e-05,0.00010458785014667399
ubiG,ubiG,0.00039699371331782966,0.0007060687810171018,-0.00031784079349832684,147,8.06792702680003e-05,0.0003453723757690252,2.3664755962716226e-05,4.6995350193738015e-05,6.492423860961485e-06,-1.7818841358133775e-05,2.9474101587318465e-05,1.8852969525705983e-05,-0.00012280737834655418,-1.3911314144948139e-05
aidB,aidB,0.00039630700516778996,0.0006359620987638442,-0.00023191594889919974,148,0.00024285568433519286,-2.2436068401886416e-05,0.00011318820266066649,0.00011862621358929433,-6.38679485776707e-05,1.4027188257991962e-05,-1.7740230193552438e-05,-1.5166383649285424e-05,-6.169159756321545e-07,2.743726312267144e-05
yeaG,yeaG,0.0003957606345006816,0.0009115354272632068,-0.0008555006018874108,149,0.00034000809017912224,-2.07397638780802e-05,3.911607444138876e-05,-6.418640751887627e-07,-4.5550042805790836e-05,7.023698245591578e-05,-7.2776488098177645e-06,9.026730030602969e-05,0.00011401958349948768,-0.00018367807681238504
wrbA,wrbA,0.00039461568143052926,0.0011343583608923345,-0.00048613555223120256,150,0.00044525186883484784,-5.9133393790355465e-05,2.1639070668812796e-05,-9.438844293717508e-05,5.952809970371087e-05,-0.00011443337223725455,-9.101653859924524e-05,0.0001697992796802393,6.826870227382117e-05,-1.0899592166872475e-05
uraA,uraA,0.00039373612514439696,0.0007766247214438175,6.651901667811464e-06,151,-6.677284595821548e-05,-5.3390667615781026e-05,0.00024617629128183396,0.0001928283369586057,-1.3309150708109755e-05,7.09249071661736e-05,-6.0113785211526185e-06,-5.196025534645141e-05,5.4576060731885735e-05,2.0674827155608278e-05
rpoZ,rpoZ,0.00039266338299960037,0.0007256894056643626,-0.0002898339783808639,152,0.00010951331273743714,-2.5089918407693178e-05,0.00010930694923926388,9.062132894647104e-05,-2.8826150867830684e-06,-2.7994821621617984e-05,-7.422164466596718e-05,0.0001327092073911882,0.00011702559601762119,-3.632401155031975e-05
hha,hha,0.00039244389858358826,0.0012842615811258329,-0.000923229768643605,153,0.00017860139329606677,0.0005807833399252844,2.8576591547477366e-05,-7.461690162137411e-05,-0.00011594114742700185,5.03914150858822e-05,-5.1948795325464535e-05,-5.860249712896808e-05,-6.996461378668133e-05,-7.483488598163237e-05
wzzE,wzzE,0.00039090555225120786,0.0006241712974712892,-0.00017914934059065377,154,8.035793922066527e-05,2.4779576329809165e-05,-8.814884896141107e-07,4.7145677782819615e-06,0.0001326780448962832,-5.162429209327053e-05,-3.261258518286785e-05,0.00022982034769694363,3.5187948939265234e-05,-3.151450684428813e-05
cpxA,cpxA,0.0003903355711938828,0.0007127517751680027,-0.00030204957848380815,155,8.970306495195144e-05,2.616322238199695e-06,5.453257486262596e-06,1.4616851066680222e-05,8.913776721278791e-05,0.0002202299068573003,-0.00010159648006262913,0.00010607067981884749,2.3715823548913112e-05,-5.961162192443078e-05
yaeQ,yaeQ,0.0003892582614177248,0.0006448486109726434,8.11179104045869e-05,156,0.00011795410753403284,-2.1559616920904476e-06,-6.927347599076926e-05,-1.643952910521921e-05,0.00010969386019451624,0.00013164454248332312,-3.9926207989380435e-05,3.252920980113531e-06,1.2574250181339595e-05,0.0001419337548218588
yiiT,yiiT,0.00038857652091009497,0.0004958815040309192,-0.00039050211654103207,157,0.00010122775729390826,7.51508334265343e-06,9.684158409760117e-05,4.5369410362824464e-06,8.047969007017258e-06,0.0001426468133447685,8.1412864348276e-05,-2.3108054662752135e-05,-1.6996729038891737e-05,-1.3547707858768287e-05
glnE,glnE,0.0003880686939213468,0.0007677618416236601,-0.00010102824369623384,158,-7.364378953548473e-06,0.00027595136200222407,-6.693950114178506e-05,0.0001504620639468655,2.7390821387951613e-05,-6.0082284179070824e-05,8.330406006341628e-05,4.0806960372045976e-05,-2.112774935449168e-05,-3.433266022226066e-05
rne,rne,0.0003880353013875966,0.0006016643491513292,-0.00033656818502818156,159,1.3712734042102101e-05,5.584765890768732e-06,5.8660653844244884e-05,-2.4204805817845824e-05,9.196657862565548e-05,0.0001634893382526079,-4.05815034359183e-05,7.794609535104969e-05,8.348965926303404e-05,-4.202821462810215e-05
ppa,ppa,0.0003865407203510625,0.0005258950219392431,3.297858999857986e-05,160,0.00011044353694475062,-3.6220472362224594e-05,0.00012029343974780227,0.00012900177795697215,7.362936808374794e-05,1.572123927777877e-05,-2.6381992084187818e-05,-2.410101017877551e-06,-4.664585329800394e-06,7.1285091341010814e-06
aceB,aceB,0.0003857366177684756,0.0008875558634924958,-0.00011121947432925211,161,0.0003008919856285114,-5.619488713101653e-05,0.000178858665383349,4.002621823985295e-05,3.5367465607102124e-05,-0.00012049177872484598,-6.546056990499715e-06,1.9637017899013518e-05,-6.767690001564786e-05,6.186488787265662e-05
ghrB,ghrB,0.0003849535539157199,0.0006797328856038911,-6.515292123184004e-05,162,0.00023112911526578536,5.13805215482204e-06,3.6813136178157544e-05,5.130358131863914e-05,1.1193327682263801e-05,9.936259981910056e-05,-4.826757736394284e-05,-2.300125563187513e-06,-9.68219629169552e-05,9.740340734103699e-05
ampE,ampE,0.00038493012604845636,0.0007442610089614221,5.497125290202793e-05,163,6.771166665208319e-05,9.383648047078497e-05,3.3850869585866255e-05,-4.0501709632055076e-06,0.0001671586385789813,-4.941941089405313e-05,-2.4574301948423908e-05,0.00014519569035775716,-0.00010162155765080027,5.684222185946638e-05
dam,dam,0.00038399132868916093,0.000698301105493316,-0.0004614374396657076,164,-1.3299039817524758e-05,0.00031378744771391834,0.00010350153991019648,2.4087617067234554e-05,-5.5410936542107104e-05,-1.487182332037369e-05,7.095258515260803e-05,2.8817027247281117e-05,-6.61733527086713e-05,-7.3997360134008e-06
gcvR,gcvR,0.0003828427333694442,0.0008322356207856861,-0.0003322729613217532,165,0.00018625122804805656,-2.2552855183107418e-05,-0.0001088781826155189,-8.097426562445626e-05,2.8044728026801074e-05,9.852573370387894e-05,0.0002073599310625985,-1.2291140285038279e-05,9.143132614729357e-06,7.821442362150069e-05
ppc,ppc,0.0003816739746240702,0.00048539062922767353,-0.00015772234527603124,166,0.00016284468501898982,-1.8565116627328657e-05,-1.1298122058901497e-05,8.194787872727845e-06,3.3442760174591104e-05,3.155135967349669e-05,9.21292983616636e-05,-2.1995088615571487e-05,3.503114419770227e-05,7.033826662670051e-05
flhD,flhD,0.0003804701408916348,0.0008482146710045849,-0.0006487128601318731,167,2.5041518147518662e-05,0.00042359858124441384,2.5512890973786068e-05,-2.440722573627469e-05,-2.3399234546281937e-05,0.0001305130617889189,-4.7503308446656436e-05,-5.224759698969948e-05,9.676353793472361e-06,-8.631489933756257e-05
ycdY,ycdY,0.00037893844515741207,0.0007199406209169833,-0.00026021422398876773,168,0.00014930771967034686,2.9930391456508867e-05,0.0001277971920817163,2.3217609296026808e-05,-1.816007919269449e-05,0.0001608852846713289,-1.908980605515839e-05,3.996755380280037e-06,-0.00013325120263193277,5.430458048098984e-05
dcm,dcm,0.0003785515737960424,0.000515137870669736,-0.00015678884928899958,169,6.984873930055143e-05,5.430918526448142e-05,0.00012228526399318807,1.1908533796994339e-05,2.7997121084677573e-05,3.842530775965091e-05,5.1094863661496014e-05,-4.338683807148333e-06,-6.39544646296985e-05,7.097570737184948e-05
yciX,yciX,0.0003783284676548808,0.0008372646650700228,-0.0005827028373863142,170,0.00011817456039495044,0.0001765860563601374,4.103389368597142e-05,-5.547780434298154e-05,-9.951791643399071e-05,-9.21096013128797e-06,0.0001500259248696995,-6.52614177993107e-05,6.916759514043747e-05,5.280853591125558e-05
groS,groS,0.00037818656337972907,0.0008385367672989822,-0.0001447612252878443,171,0.00018948309013205365,-4.7183027650624566e-05,0.00014902082307288362,6.179493601182512e-05,-3.127998481872634e-05,-6.93577522438433e-05,3.9077990377283796e-05,8.278710789246587e-05,-8.235433724643234e-05,8.619771785284363e-05
pgl,pgl,0.00037781087653840795,0.0006925248945204263,-0.0006150565423603786,172,0.00020329293853450238,0.00015304792552180745,-5.7477474862092465e-06,-6.117025082839916e-06,-2.3184480241512187e-05,6.0338912982374696e-05,-2.7082532740295305e-05,-5.903895853519336e-06,0.00011848810849073257,-8.932132758663324e-05
aroG,aroG,0.0003756441979313741,0.0006517132970637966,-0.0001361868162310637,173,0.00013594736831651244,9.621379790026639e-05,-0.00013465891900921715,7.260970008595031e-05,7.190264393937906e-06,1.1408640536374466e-05,2.31704983155372e-05,-3.375630556994094e-06,0.00012720975157873963,3.9928726370266975e-05
flgN,flgN,0.00037427442602157226,0.0009780020244998446,0.0002925995085882417,174,1.723867731808185e-05,1.1871159837096287e-05,-0.0002013983663460321,0.00030144023431919587,-8.781517631034473e-05,-1.2650256582759308e-05,1.9048302389730265e-05,6.540504980399277e-05,0.00014132289229655556,0.00011981190929605583
hupA,hupA,0.0003717126539257132,0.0007485968174506098,0.0001061776110832511,175,0.00024624384551897574,-2.033463988476799e-06,7.496575766470361e-05,0.00010693293147929646,2.9121052898965208e-05,-4.3205199658702464e-05,-5.500023816774091e-05,-9.99543862737841e-06,-7.820774132014975e-05,0.00010289114812622047
phoH,phoH,0.0003712568143039098,0.0007123925192471853,-9.769517978234631e-05,176,0.0002352043117463203,-1.6507207226607554e-05,0.00012484368061200274,8.630132940072638e-05,5.3666150618257616e-05,4.180919439824056e-05,-4.1010456175368884e-05,-2.5090781267429096e-05,-8.477274504403e-05,-3.186662758202226e-06
dusA,dusA,0.00037033327894856437,0.0007010051909424022,1.6993639452866073e-08,177,0.00011953550273206899,0.00021716519704188225,-2.7735556061971653e-05,0.0001317727957802726,5.5852881592531486e-05,1.1342857798727853e-05,-1.7528901596273092e-05,-5.2689307362317784e-05,-6.493164989756086e-05,-2.4505410787955344e-06
manY,manY,0.0003699172549981314,0.0004967021776581237,-0.00019787134482869914,178,2.2210517043530877e-05,-4.601009345716885e-06,0.0001442772393734162,-2.1480445405290088e-05,3.968694023588726e-05,8.691640727133479e-05,1.9966060424866738e-05,5.2436091724972755e-05,-3.73110065789892e-05,6.781646025411893e-05
slyD,slyD,0.0003692785658117156,0.0007212943750590684,-0.0003908171418144047,179,8.487332237192363e-05,-3.646353216003585e-05,7.337534651803271e-05,-5.134823953074067e-05,8.726357367682151e-05,0.00015670522937383065,1.634382076486465e-05,-4.1511510785474467e-05,0.0001267251777299188,-4.668462214742538e-05
pncB,pncB,0.000368621319858144,0.0006388098374259301,-0.0001338526655043909,180,0.00011551322319141036,-1.9669389800957833e-05,0.00015570326939709397,5.270154185741556e-05,1.5228572662788192e-05,4.0186230924669304e-05,7.492852795198687e-05,-8.236451929125911e-05,-3.3060349691676066e-05,4.9454212656672814e-05
fkpB,fkpB,0.00036861972605375395,0.0006103436648379675,-0.00035265779071887355,181,-1.1500304592726514e-05,-2.0833208033733355e-06,0.00012339541702832018,-1.679540619957979e-05,0.00011525931166344714,6.53128908784183e-05,5.328888055482175e-05,8.706695385789775e-05,4.515824146295567e-05,-9.048293779642714e-05
ribA,ribA,0.0003685325634113327,0.0008364215506733765,-0.0004830551573809505,182,3.594111455643643e-05,0.0004187215559770159,7.164401580912588e-06,7.38621814257775e-05,-4.339911065744303e-05,-9.242462696817845e-05,1.6225359509401014e-06,-1.0396388252256996e-05,6.516526755127202e-05,-8.77243677531434e-05
glnH,glnH,0.0003664994705626376,0.0009480595209843242,-0.0005907947713122489,183,0.0002687825834410103,0.0003320431940567923,4.088361321002823e-05,-2.6515569129838414e-05,-7.218653218323408e-05,-9.140236800687663e-06,-6.154537056823813e-05,-0.00010794676746711178,1.5570105065650006e-05,-1.3445549061733272e-05
selA,selA,0.0003664228658930248,0.0004852086797328266,-0.00013546229780215808,184,8.979031396238797e-05,1.0001702469048735e-05,2.77215852844185e-05,9.289804712344535e-06,7.259926330265571e-05,5.8734379566500996e-05,8.39596509232981e-05,4.012785656183805e-05,-5.939290691990093e-05,3.3591216030433096e-05
ycfP,ycfP,0.0003653503537292762,0.0005143284216988819,-0.0003881292221440574,185,0.00011361083033400673,-5.62424670764569e-06,0.000102511827761927,2.6108546154989355e-05,-2.042329624983593e-05,0.00018516777182352962,-2.093300977172363e-05,-1.0433797143053565e-05,1.2440411639626316e-05,-1.707468411254404e-05
ubiX,ubiX,0.00036496044692320884,0.0007830350918331406,-0.0003122848537697847,186,7.343147658224883e-05,0.00039402566629196024,-7.000209065500035e-05,5.69993702844806e-05,7.864487604219764e-06,-1.94018369666459e-05,3.438505987254073e-05,7.291708742724498e-06,-8.110733352133123e-05,-3.852606131198831e-05
yhaH,yhaH,0.0003648901364987241,0.0008841336591036087,-0.00040879464369206393,187,0.00018695916553942586,8.311411109660592e-07,-3.3911526771904343e-05,-7.045368291458462e-05,0.00020375798093386804,7.308008148310942e-05,3.223497246672686e-05,7.937956850809283e-05,4.826898775897736e-05,-0.00015525655161595335
yceO,yceO,0.0003635927025071252,0.0007341338995800287,-0.00021046461751342158,188,4.696623064512913e-05,0.00039643624648736487,-1.553094538254102e-05,7.748270618112275e-05,2.7978117729960216e-05,-4.4071307793444674e-05,-2.601247952311895e-06,-2.1042479406991287e-06,-9.206606805322389e-05,-2.889678141423111e-05
yicR,yicR,0.00036323472840031103,0.0005237688058992566,-0.0002443395208138659,189,0.00012156010883029121,-3.0510777025068275e-05,8.74044375823122e-05,2.1459054760833487e-05,5.4232001403193146e-05,9.600703211729972e-05,1.1232272873747737e-05,5.1606859582106266e-05,-3.351280935360042e-05,-1.6243452370804058e-05
hdhA,hdhA,0.00036150279292634783,0.0008963803536441195,-0.00033981775151692244,190,0.00018468512357942273,0.00022060711796349577,-2.315874550333036e-05,7.78291713331104e-07,-1.694721160410251e-05,-3.559966529975091e-05,-0.00010021426906055496,-9.151888889114709e-05,0.00019585959943349998,2.7011440595484114e-05
cysI,cysI,0.0003613670073916987,0.00047158667084059533,0.00015301834779925808,191,-5.5109831724448296e-05,1.7040263225073243e-06,1.5488877222514268e-05,2.8873948329603677e-05,0.0001530279012725499,5.723618339372887e-05,6.118014212854065e-06,3.450565963098913e-06,7.528649440596515e-05,7.529082799332482e-05
hinT,hinT,0.0003608497280874383,0.0005904742911494454,-0.00016204819887490423,192,0.00026859670705673745,-3.201481133843473e-05,-3.101403873535088e-05,-2.0705015365571614e-05,5.933668053885228e-05,2.1543350958166178e-05,2.402405247232249e-05,4.1392119159377115e-05,-3.107841609164629e-05,6.076909943298641e-05
ygaP,ygaP,0.0003605138183134574,0.0005169985013773163,0.00021645947141288684,193,4.4662634417455785e-05,-1.9447899533021785e-05,9.376691270321832e-05,1.0641224197489622e-06,0.00012323234530205494,-4.10708261160108e-05,6.191033225016835e-06,-1.7723615882896856e-05,5.648934636523778e-06,0.00016419017714136824
pyrG,pyrG,0.0003592915079250216,0.0005376317902986049,-0.00032530370680806036,194,-1.5703154657029674e-05,-3.5432938381714396e-05,0.000126170641535068,-3.5364570103077216e-05,5.502794870652824e-05,8.487985480193419e-05,0.00010435069595380537,4.681173077179577e-05,3.122077734268171e-05,-2.6694780449703648e-06
tsx,tsx,0.00035829448705286635,0.0008915781682061333,-1.5892654738064238e-05,195,-5.27855857531198e-05,3.2255383552222564e-05,3.5816568463814904e-05,-2.8151695341144678e-05,7.4113981157631e-05,6.792272586662698e-05,0.0002895890382482897,-7.54737870895811e-05,-0.00011023077239278795,0.00012523863034091473
phoP,phoP,0.00035596183630143833,0.0005426620050358565,-0.00038968789762566986,196,0.00015484842514897862,4.1630181933599475e-06,4.5788699094458365e-05,-2.1994590979616603e-05,3.5890087843727284e-05,0.00012025951530889996,3.040686888670095e-05,5.795530619252223e-05,-4.0596965861365994e-05,-3.075852752622646e-05
rraB,rraB,0.00035461751211876303,0.0006119032869112571,-0.00047432888404675056,197,0.00012240155906190423,2.5627594932851705e-07,0.00015888602985724855,-1.3444874040235435e-05,-1.1746603637997922e-05,7.337059181496398e-05,3.0368011207558734e-05,9.797793162400613e-05,-6.878720143225329e-05,-3.466420828576042e-05
holA,holA,0.0003545130162963858,0.000505186768161183,-7.722400397119233e-05,198,7.82212551995202e-06,-1.3593255949200475e-05,-1.1944217844739316e-05,-4.041466822980241e-05,0.0001247227007426438,4.9338739598124295e-05,5.575461816099542e-05,0.00013787523455731352,-9.38473390865643e-06,5.4336473649755305e-05
ybiC,ybiC,0.0003544976892259911,0.0007093373295219532,-0.00016169855734797162,199,0.00023156832042758868,1.8089616557878685e-05,-6.0229136421233675e-06,0.00018110080347906923,-6.810390129071862e-05,8.736272619486589e-05,-4.980960963931582e-05,-3.688605932648237e-05,1.3796042714569701e-05,-1.6597336249340827e-05
barA,barA,0.0003496838269341874,0.000506838557197139,-0.00013727387654898293,200,-5.225727291468163e-05,5.164317058493113e-06,0.0001172775793141421,9.573407719988116e-07,5.133502735429081e-05,-5.253141059761914e-06,9.754525406075017e-05,-2.1066951157032315e-05,0.00010206906643967563,5.391260706631259e-05
fliY,fliY,0.0003491876208764477,0.0007743727837661769,-8.645592963470149e-05,201,3.7609736069683326e-05,5.741093774871e-06,-0.0001379249282834945,6.338034135943079e-05,-5.063928769138242e-06,9.795702965159305e-05,-6.960372439223186e-05,0.0002265173071774605,5.7525261257693094e-05,7.304943303058053e-05
flhC,flhC,0.0003488307611439551,0.0004701825081383907,0.00013708655215292722,202,7.500741135415908e-07,-3.7472282667247434e-05,2.6157238841278502e-05,0.00021379770835705907,2.4413073712152157e-05,-1.2406577614234784e-05,-1.0797013215735618e-05,4.154425767581913e-05,9.809640736209256e-05,4.747874579229902e-06
ybiU,ybiU,0.0003485726694268873,0.0007418569081378707,7.587694170314082e-05,203,8.636796018151529e-05,4.835924421848566e-06,-8.628595738664426e-05,-3.420088406076924e-05,0.00018400742712501765,7.888217760850586e-05,-3.645086290443408e-05,0.00012870303694472598,-3.9704415003644085e-05,6.241826250076568e-05
yceH,yceH,0.0003485577097025655,0.00035125886043955285,-0.00020808824380764198,204,0.0001644226476642376,2.7952826569209094e-06,1.5059127803917127e-05,3.936323141716021e-05,1.1573169407410011e-05,2.43859300388505e-05,1.05136094578848e-05,6.249695450178648e-05,-1.3505753684936748e-06,1.9298332122891543e-05
yjcD,yjcD,0.0003463842563328298,0.00043026722174647775,8.01039742318562e-05,205,2.635536764917679e-05,6.035296757664176e-06,7.220048660261307e-05,9.43991455161295e-05,7.40004969363969e-05,3.346295192571842e-05,3.702752082213833e-05,-3.274964523160783e-05,-9.191837475216141e-06,4.484447282981661e-05
yieP,yieP,0.0003461305685665977,0.0008939834182933551,0.0001578309291244449,206,0.00021877846337946692,-4.299992959481179e-05,-7.864571544766302e-05,0.0001902952317189184,-6.131313954702434e-05,7.483048224791548e-05,1.3154159410048363e-05,-8.409355683282141e-05,-6.8740834410581195e-06,0.00012299865667362724
tyrA,tyrA,0.0003457330047320998,0.0004453644175468148,-2.73187081030691e-05,207,5.49786570547922e-05,8.471007426456313e-06,1.2649545011248497e-05,-3.900233862666997e-05,0.00011530204123936853,5.484852448200567e-05,-1.0813367780687554e-05,7.591933460680106e-06,5.8799556763089216e-05,8.29074457018168e-05
ydbJ,ydbJ,0.00034562266066622005,0.0008369054852373522,-0.0001827695252704162,208,0.00012745892498938082,-2.7186400771091864e-05,1.7512205931888662e-05,-8.858110578137326e-05,7.314130112969817e-05,0.00017064419889568282,-4.712969992700902e-05,0.00010564106965555861,-8.274420580609196e-05,9.686637234957705e-05
udp,udp,0.0003448151746183075,0.0005048994685754917,-0.00020815547671500792,209,0.0001730482664336393,2.1429363881175376e-05,5.098258059600186e-05,-1.0539322323858563e-05,4.803869035152333e-05,-3.1126813102660865e-05,-3.83760115520727e-05,2.813254553335643e-05,7.239539387721825e-05,3.083048092398502e-05
mltA,mltA,0.000344128192545732,0.0007174311086958527,-0.00033324932138319846,210,-0.0001222273561196547,6.942035404833067e-06,0.0001256959298768725,6.923352410799378e-06,6.294018512587308e-05,8.990057082277748e-05,4.131950534805009e-05,0.00012906292917941363,6.799514245217316e-05,-6.44241019554057e-05
serA,serA,0.0003440307462266343,0.001224006495639234,0.0002564488217946824,211,0.000421831151902967,-0.00011719471139375458,-9.56442192815988e-06,6.959287204037597e-05,0.0001825235263802884,-8.296063472862977e-05,6.194768501930889e-05,-9.69410417197808e-05,-0.00013332706493597484,4.812338558999399e-05
yjeI,yjeI,0.00034348072239775453,0.0003668349083981317,3.857858116880356e-07,212,4.178634567641325e-05,7.595689339327506e-06,-1.1677093000188597e-05,8.395952056731915e-05,3.055406005294755e-05,8.908425828859807e-06,3.2408073942962725e-06,2.8242627828441428e-05,9.345066522588357e-05,5.741967348445457e-05
zntR,zntR,0.00034284143650832084,0.00046030315632176864,-4.005820854288246e-05,213,1.258530082214329e-05,6.639209771393878e-05,9.008558121612189e-05,2.92884731250438e-05,6.373007620051239e-05,-1.9454899468664773e-05,-8.99310537153499e-06,8.111770268012154e-05,-3.028285506652414e-05,5.837306465716298e-05
ydaM,ydaM,0.00033986789908304195,0.0005282605856689449,-0.0004374681985456532,214,0.00014806125355449555,-4.5396193561645834e-05,5.067482170822976e-05,-2.4309985915103874e-05,-8.32939547107414e-06,2.096616275544096e-05,0.00011819757864711801,8.419476762450056e-06,8.774494894825908e-05,-1.6160768345127656e-05
cbpM,cbpM,0.0003367069142221773,0.0005166034283066467,-0.00017457463756372738,215,0.0001154958853453885,-4.348936960529268e-05,1.3302865298647424e-05,-2.2338898794333124e-05,1.751131254031362e-05,-2.411998864260896e-05,1.6669263200451223e-05,9.295612614998097e-05,8.482599414638581e-05,8.589372458324444e-05
dkgA,dkgA,0.0003363132777238328,0.0005446338988011029,3.9449415537675336e-05,216,0.00010821981511756093,1.682069322636561e-05,1.718100093353547e-05,-2.0089545444382728e-05,0.00011732073788181791,6.195582074173704e-05,-2.1655410676955664e-05,2.8325366168132057e-05,-6.24153544172967e-05,9.065015419331887e-05
truA,truA,0.0003355734984354884,0.00044088872985424715,-0.0001306635326326964,217,0.00012940133058478412,-1.6195341771443706e-05,3.1458604171732333e-05,4.318690865741703e-06,3.983261193741023e-06,7.675389269333791e-05,-3.6462273937935653e-05,1.976066052314855e-05,2.840164327046885e-05,9.415303084191324e-05
cfa,cfa,0.000335298284644485,0.0007484136414098947,-1.0374654372408669e-05,218,0.0003046560215640638,-3.6823498522402344e-05,3.384353896178428e-05,3.77323892970356e-05,6.481734559770384e-05,-5.14666238235139e-05,-5.658790145407046e-06,4.089458736530356e-05,-0.00011260876589138153,5.991208024129873e-05
prc,prc,0.0003330886455900652,0.000712736791376037,-0.00034638528859027163,219,6.790223226167532e-05,-1.8303329235419683e-05,-1.0479792326385177e-05,-7.348599616504771e-05,0.00015439262983107788,0.00018419486411401054,2.9812853610124475e-05,8.068014468941932e-05,5.929993976743635e-06,-8.75549551661334e-05
ycbW,ycbW,0.00033298879183106517,0.0006131749113575052,-0.00032023884748382637,220,5.595531016838277e-05,-5.975932382893258e-05,4.2566915786014566e-05,4.344620182356574e-05,-4.4555385543739034e-05,6.57862570375696e-05,9.772304118456964e-05,-3.5778350390548426e-05,0.00016011996970039018,7.484155893792687e-06
rluF,rluF,0.00033292492820900923,0.0005187185527678583,3.4869700775613666e-05,221,-2.7949618132475663e-06,6.337336904421373e-06,-1.593852779320478e-05,1.1802684568347638e-06,0.00012214996503278448,7.817955978721247e-05,0.00015740752930448846,-4.691909119039573e-05,-2.7244231482576422e-05,6.056708100269223e-05
oppA,oppA,0.0003323043202377643,0.0007632722201262263,-0.0001244177394834364,222,0.00013910125998057188,-2.05630149734429e-05,-6.874097206171448e-05,2.040863061803695e-05,-5.0669393950152995e-05,0.00013983033030357908,-7.551056895892061e-05,8.258550432955679e-05,3.165849124097063e-05,0.00013420405370928002
purN,purN,0.00033225468125553173,0.000492130554708652,0.00018293050759166373,223,3.007056548034396e-05,-1.2573588260854411e-05,5.2179095060882366e-05,1.0654885534154537e-05,0.00016644203728870114,-1.434589717313849e-05,-1.361310797300429e-05,-3.940534331956293e-05,7.23503630172678e-05,8.049567160074203e-05
rpoS,rpoS,0.0003318635209739558,0.0009552999875408328,-0.0004321385982320722,224,0.0006024553739903545,2.6438325924675627e-06,-2.9534910881855944e-05,-7.283141166405402e-05,8.631395508539018e-06,-7.981734149704326e-05,-9.319559630013544e-05,1.5788674639576268e-05,-3.6338972940349756e-05,1.406247752645682e-05
poxB,poxB,0.00033000041171430615,0.0006248367636459235,-0.0005233114518085844,225,0.0002864926558361693,-4.558268847728701e-05,6.004564286090619e-05,-4.9957601709959415e-05,-3.273619879618791e-05,-5.179967441382562e-06,0.00010331536062667756,1.8152311558838575e-05,9.412616797523354e-06,-1.3961719540991874e-05
bcsE,bcsE,0.0003282676267340975,0.0006671194743298678,-4.322183713991757e-05,226,0.00014088323260796667,1.4864585462009247e-06,-3.6525407258510004e-05,6.512763919835442e-05,8.823839761600955e-05,-2.077155975324593e-05,-0.00010128581476885521,2.3753934224941738e-05,0.00017820388833850932,-1.0843142017274035e-05
nagZ,nagZ,0.0003281856166614223,0.000533555677218418,-0.00022013963340171218,227,0.00010493083366549186,1.1012602964911811e-05,8.933117407385615e-05,-3.1369447554574975e-05,2.2819123533204844e-05,-2.8853593414427964e-05,8.557739829518043e-05,-4.2461989309494906e-05,5.462619875604983e-05,6.25733156512252e-05
panC,panC,0.0003281758658599423,0.0004093692588356192,-0.00032763931087851516,228,0.00010465655898716752,4.445580677790784e-06,9.382650899021518e-05,4.086497397855202e-05,-4.9272160110869214e-06,1.2646712963051782e-05,1.4283954977085974e-05,1.7775719270763916e-05,8.027255250315357e-05,-3.566948047675152e-05
rfaH,rfaH,0.00032693261457493754,0.0006263164759259491,-0.00024954964388926006,229,8.241435379978286e-05,3.163143835532645e-05,4.018003961888257e-05,-4.582170081206566e-05,0.00011352560206997208,8.9651570918621e-06,-7.485781394837241e-05,0.0001672862085586595,3.2621745755957725e-05,-2.9012415915067682e-05
dcyD,dcyD,0.0003255339796220126,0.0006870568814634833,-0.0006729134133302583,230,0.00010293103250894554,0.00025408843803455386,5.3142496681113854e-05,-5.105222907612361e-05,-7.922137836378685e-05,9.053881416501158e-05,3.4920646926252706e-06,2.1025844604977737e-06,-7.071734066612525e-06,-4.341610941421231e-05
rfe,rfe,0.00032539250852585503,0.0005902490315175218,-0.0003072199044632129,231,9.202153581798442e-05,-2.980390086328185e-05,2.351238449029173e-05,3.7883498352703135e-05,-6.497220096189776e-05,0.00015114559327255423,2.7662370924026944e-05,-3.765215967065376e-05,8.94203825236123e-05,3.617500464051568e-05
ybeA,ybeA,0.00032532871442702063,0.0006905206242543044,-0.0002249637646565688,232,-5.47081827335833e-06,-1.4051150687315615e-05,5.6842196613078685e-05,-5.141330451618511e-05,0.0001295442523293768,0.00017941628045901916,-8.371220850881704e-05,0.00012850295009034847,1.3618989848839375e-05,-2.7948472927965768e-05
glnD,glnD,0.00032490125291289223,0.00042680047751017557,-0.00024088948841305302,233,6.157535201736432e-05,-1.8691260609206457e-05,0.00012375023444332781,7.42642339393548e-05,-2.225874286763691e-06,1.4882338266032996e-05,2.6814635061008136e-05,6.390974102655001e-06,6.817309738179081e-05,-3.0032477402671506e-05
yecJ,yecJ,0.00032394699049164165,0.000541602074529931,0.00020439219850626017,234,2.8846263943780014e-05,1.5505372464674634e-05,0.00012425330160338073,0.0001357904301046736,8.441727721153654e-05,-3.3320446856366166e-05,-1.1911501286277398e-06,-2.2684927403284828e-05,-5.1631017630865884e-05,4.396188718274078e-05
yecP,yecP,0.0003237914951684144,0.000574879089318429,-0.00013476828288168995,235,7.633703844237683e-05,2.1356367297052246e-05,-8.673351722024413e-05,7.166444597152285e-05,1.910994249996399e-05,0.00010287693257967311,-3.881027985476314e-05,4.4065588576220774e-05,0.00011018775920473645,3.7372176718753664e-06
talB,talB,0.0003205685849236671,0.0005053797344134871,4.1364322019698815e-05,236,0.0001304898986022761,-5.031503681098332e-05,5.3381461972419055e-05,7.947465935514423e-05,4.263029651033372e-05,9.278150843321762e-06,-4.066159349044595e-05,3.885819477887724e-05,-1.4289444434807591e-06,5.886149760620499e-05
ilvH,ilvH,0.00032000758891927487,0.0005052578628101927,-0.00034198838070113554,237,0.00019988194744497467,4.076543798716577e-06,8.25658542282152e-05,3.5001968417960175e-05,4.663277263656841e-05,2.2790033786495164e-05,1.0556486749965716e-05,9.688009117338275e-06,1.439109684499672e-06,-9.26251369454589e-05
dps,dps,0.0003199628414406213,0.001392600283937365,-0.0007188530856747149,238,0.0005254838320686184,-6.470334461746764e-05,-1.9286824302111575e-05,-0.0002510712699819696,-0.00010411898815297147,-2.3382718114963206e-05,0.00012169441013281767,-7.37555760788883e-05,5.335818446966278e-05,0.00015574513601789426
yhgN,yhgN,0.0003180346335335039,0.0006224604670416502,0.00018815695416387267,239,2.6747595987107623e-05,-4.723874862177455e-05,4.0325044979964324e-05,0.00013710748179168833,6.980991812713272e-05,-0.00010497416813229857,3.321618517310315e-05,0.0001006198185108315,1.6243111787882106e-05,4.617839392986724e-05
mppA,mppA,0.000317587161677554,0.0004916262150352467,-0.0004477541158601689,240,6.763962104324231e-05,1.3852055988480092e-06,5.5126481167659665e-05,-4.9146212373892e-05,-3.787331430495434e-05,7.809551725985947e-05,4.36786148339404e-05,2.7858076087490742e-05,0.00010888712277782086,2.1936049587538856e-05
yrbA,yrbA,0.00031743019430085123,0.0004460093818311209,-7.890222648826336e-05,241,6.639479887473094e-05,-1.1346044496771923e-05,-6.627177103960221e-07,9.71571060824616e-05,-1.1269138563745467e-05,-4.101169299422143e-05,7.633396117800136e-05,9.19652315004732e-05,1.6492674042741185e-05,3.337601638757781e-05
aceE,aceE,0.0003171817076084325,0.000724441480309444,0.00022716899410038356,242,9.718926419529786e-05,-3.603422815405592e-05,4.81185597599603e-05,0.0002043209331865196,0.00011980552630854122,-0.00011564454955579709,4.7815116908440904e-05,3.0393390311417206e-06,5.228545690366515e-07,-5.195110864065277e-05
rpiA,rpiA,0.000312514690646599,0.0007443630587405875,-7.408973271664243e-05,243,0.00013414575589505668,0.0002547750740383343,-3.374521046819116e-05,4.159053914124183e-05,9.792750561896042e-05,-8.164196914507376e-05,-4.762446986031486e-05,-1.6220212542277144e-05,-1.6386756235913323e-05,-2.030556579522399e-05
yjgM,yjgM,0.00031232014346820107,0.000592557144380307,-0.0003313345762028243,244,4.747391529956796e-05,0.0003339314904281785,2.2065470201104574e-05,7.605753879604593e-06,-1.1345113072191966e-05,4.136201411579843e-05,-0.0001113843491860177,-9.998797149752626e-06,-1.6223838733664476e-06,-5.767857174724234e-06
sdaC,sdaC,0.00031148791248958275,0.0005714674763419215,-0.0002480956050440685,245,-6.647184363927894e-05,3.669633079025597e-05,6.479737511877278e-05,5.761578959664158e-05,-3.480958765316743e-05,0.00012425990039541268,-2.8708350633723018e-05,0.00011294359916321651,3.6274747572169626e-05,8.889951779282962e-06
efp,efp,0.0003112227472388024,0.0005635019752455797,-0.00020184775638598613,246,-3.199798638033648e-05,-4.7698232677241965e-05,0.0001298593273351754,-1.053978646427237e-05,2.4790294871985544e-05,0.00011253475967076362,0.00011079849895427792,-3.590360848153784e-05,1.8942493391293586e-05,4.0436987018694976e-05
msbA,msbA,0.0003107778529378873,0.0005618014025426725,-0.00016139929178806276,247,-1.751738767423647e-05,0.000271015164033455,-1.367283479231657e-05,2.447304484446238e-05,3.4978458619203665e-05,9.058518313191266e-05,-6.407967390314436e-05,-2.090770548974333e-05,-9.33417294295191e-06,1.5237777111246204e-05
nepI,nepI,0.0003095656800902096,0.0005662589787319671,9.90911906272166e-06,248,6.280198724995291e-05,-1.4554573969847794e-05,5.169169126605596e-06,7.903038701654107e-05,3.446522012468952e-05,0.00010738532687243224,-0.00011379207535103093,8.016855295668281e-05,2.264989362894914e-05,4.624179243523505e-05
mepA,mepA,0.0003094358217681546,0.00044947210874186856,-0.00017894723912845745,249,0.00016557796970353912,-2.1445660664268812e-05,1.0312539553005799e-05,6.902820561177213e-05,-2.261739988474322e-05,5.624095533967583e-05,4.3964858166795277e-05,1.5495951287403745e-05,-2.5955082937844934e-05,1.883348559281962e-05
acnA,acnA,0.00030902095023197564,0.0007095772255596933,-0.000110333102471343,250,0.00026569019364327563,-2.1333534736065558e-07,-7.975176241981173e-05,-4.0353938356328056e-05,0.00016766514111481298,-2.2987400803787778e-05,3.9478439619354155e-05,3.6465313518391686e-05,-2.900442185840203e-05,-2.796727887816864e-05
rfaD,rfaD,0.0003087732074659273,0.0006748553140989405,4.661818639449519e-05,251,0.0001453585082919093,-3.5207967521473505e-05,0.0001578113642017268,6.490974825949729e-05,6.0073127615570366e-05,-8.583475177978334e-05,1.0948691358586617e-05,-9.783456086641714e-06,-5.2214877928608065e-05,5.271282105514359e-05
gltI,gltI,0.00030870243097767607,0.0006497689708207067,-1.0406777251876598e-05,252,0.00015304235592252335,1.6618253382320258e-06,6.35221360284733e-05,-1.984713535663504e-05,0.00010587700144937732,-0.0001366201024967355,4.400517614992489e-05,4.800924524050303e-05,-1.4066032068144742e-05,6.311796077015746e-05
yaeH,yaeH,0.0003086199020806612,0.0007864293303492096,-0.0003317283631817063,253,0.0002928122119090306,4.397720267366666e-05,2.9339809467878904e-05,-7.143338617359617e-05,7.401005664189592e-05,3.898071262607963e-05,-9.199230452158565e-05,6.840462289638367e-05,-6.13481224202701e-05,-1.4130901018822312e-05
flgL,flgL,0.0003083565362430705,0.00131355696056687,0.00010989794431709782,254,-4.833895421240053e-06,0.00032626253198366335,-0.00024094139826514335,0.0003709502741050374,-0.00010261604545260278,-9.500188465056296e-05,5.742087460493951e-05,4.811964516580801e-05,8.203422545521856e-06,-5.920698837235047e-05
yrbF,yrbF,0.00030807060491761537,0.0006467720895890677,-0.0003426606995748313,255,-6.747694436324338e-06,0.0004056365148903809,1.811788006290205e-05,-4.378346605748374e-05,3.5435900067099217e-05,-2.459211761302274e-05,1.82310522329595e-05,-4.0477510743145326e-05,-4.4802472147526665e-05,-8.947481338223364e-06
osmC,osmC,0.00030603054276076526,0.0006139885593063965,-0.00035088148783730185,256,0.00031880124600763447,-4.4873031504393165e-05,-2.6977639509443857e-05,3.3524940666471535e-05,1.843190737299059e-05,2.209863875088582e-05,-7.746016681248224e-06,3.164245601248933e-05,3.5510362223109184e-05,-7.438232057773041e-05
smpB,smpB,0.00030598332498440095,0.0003323112873385878,-0.0002182838200853868,257,9.427170566207271e-05,5.842964668381511e-06,-1.763382295211775e-06,4.0091653573296137e-05,1.0549876505612914e-05,0.00012380138775047617,-4.608821252479666e-06,5.92651010752113e-06,3.8663207894133805e-05,-6.7917776294019866e-06
mdh,mdh,0.0003055368838979392,0.0010055037757845495,-0.0003069289575941123,258,0.00038388878163276354,-0.00013996961939691607,0.00020606406875816748,4.904319988146794e-05,-2.786784651910141e-05,-0.0001357463223727295,-2.4528267444105063e-05,6.792921090200553e-06,9.731358478644745e-06,-2.1871390210453086e-05
cydA,cydA,0.0003053531565585917,0.0005995728487752743,-0.0005179447220914325,259,-1.9562909816729493e-05,-2.125115352519137e-05,5.514777881220709e-05,-2.6029882823967925e-05,-2.338862234780295e-05,8.101068831250157e-05,6.135800033827241e-05,0.00013703221876151716,0.00011791431644243471,-5.687727759464954e-05
yfaY,yfaY,0.0003048651287571009,0.0005893561515797464,0.00019138684162922295,260,9.277996592312339e-05,-4.750561115578704e-05,6.372552335820399e-06,6.054800274543088e-06,6.871660794043253e-06,-9.473990025553574e-05,2.8961778433208656e-05,3.324836401589012e-05,3.762199426721918e-05,0.00023519952412457556
yrbL,yrbL,0.0003014403505292523,0.0005899482378078393,-0.00015015700250552304,261,0.00015909604867361292,-4.9850263826284616e-05,-7.4312549384457995e-06,8.90431772092754e-06,1.2636737897648526e-05,-3.645315633466986e-05,0.00015244066395967345,-5.051926853989317e-05,5.851590752339475e-05,5.4100618393288555e-05
nmpC,nmpC,0.00030097304788983625,0.0008270251475830206,-7.807991271855945e-05,262,-6.393198205195904e-05,-3.183446527884462e-05,-4.476194779698424e-05,0.00010229331447541315,-0.00012249765471880424,0.00010946119651778164,3.626164338186244e-05,3.149288400375617e-05,0.0001528391515285855,0.00013165090782902948
yqjI,yqjI,0.0002996598933447424,0.0006893451254988224,-0.0002575339162233026,263,5.2118722005003965e-05,0.0002852340039927819,6.452661429404446e-05,9.262316912995215e-05,-8.212854022094889e-07,-2.1330052957185946e-05,-6.123334674688857e-05,-2.5392664855263326e-05,-1.5326370948469982e-05,-7.073889516702276e-05
insC-2,insC-2,0.00029855664908090876,0.0005920390329554599,0.00010767982490044436,264,0.0002160322941941223,-1.3972701728691449e-05,5.789735485697055e-06,0.0001115612069083094,-1.1001749044047813e-06,-3.540782938241352e-05,-3.882411781318894e-05,-5.743636810857693e-05,1.9257399443283624e-05,9.265720498677189e-05
pepB,pepB,0.00029831970378225124,0.0006229444763527585,-0.00032388524486956407,265,7.490062389687698e-05,-6.98584756387625e-05,0.00011526481147426356,7.798558237125355e-05,-6.662391530521257e-05,2.837972279687937e-05,0.00012339204422543674,-1.685557731581155e-06,4.070930530279463e-05,-2.4144437609697405e-05
ydbA,ydbA,0.00029703066696287707,0.000536018738832326,-1.4223236088827496e-05,266,9.213091737987796e-05,-1.2527661006006143e-05,0.0001081217838044465,2.3491582154879346e-06,0.00011243063346561015,-5.1518726070048096e-05,7.074365079589944e-05,-5.544764885867023e-05,4.124635480352818e-06,2.6623923755926687e-05
ychJ,ychJ,0.0002961097858402078,0.0004900991449862417,-0.0002913579291916024,267,9.130367548274887e-05,4.975072992422273e-06,8.188846965279147e-05,2.0242917520908432e-05,-5.9451039825801786e-05,-3.754363974721515e-05,5.2960953753610095e-06,6.413819605212331e-05,8.367598770767337e-05,4.158405062919603e-05
fsr,fsr,0.00029609684312580976,0.000542605607062852,-9.912482148339525e-05,268,0.0001349591708592083,1.1842620644608528e-05,-3.428021947953801e-05,0.00012652582416560815,-4.978237732274382e-05,-3.919178516623927e-05,3.771371738265444e-05,1.5406211823511952e-06,8.502670688155731e-05,2.1742563978342898e-05
ilvD,ilvD,0.00029596411586646927,0.0006151022422745664,-0.0001020267098503547,269,0.0001449403083233555,2.2953925851757184e-05,-2.9197201422920872e-05,-8.185291501812042e-05,0.00014222910893018658,3.969342967866085e-05,-4.8518946763007224e-05,2.2494942010981303e-05,4.6628955179585195e-05,3.6592509095991124e-05
ygaH,ygaH,0.00029419719554389775,0.0005431909393519492,-0.00012989001218602036,270,0.0001652393275668343,-3.978246694531468e-05,8.155109819054348e-05,5.409420907350412e-05,-1.2730783403835763e-05,-7.198362155487531e-05,2.2867218590904986e-05,4.08775373418534e-06,5.006429428268088e-05,4.0790166009270296e-05
mrcA,mrcA,0.0002938457695468574,0.0006706135323217276,4.4440813939364e-05,271,-5.447624407529776e-05,2.855906512047326e-05,-7.119759664514865e-05,4.2708044268033546e-05,1.784984677757546e-05,3.1714124877533805e-05,0.00010874200729017648,-6.271004066698873e-05,0.0001440711619029983,0.00010858540069750169
pnuC,pnuC,0.00029336565603541265,0.000843959388670917,-0.0005540150460161628,272,0.00032407332395994147,-2.4433625220643515e-05,0.00017333957419156046,2.4372247306080884e-05,-0.0001380425630906606,4.687737689558202e-05,-3.916516667196927e-05,-3.08774775320609e-05,-2.6123654596622503e-05,-1.665437920579544e-05
ylaC,ylaC,0.0002924675570575543,0.000374440760029962,-0.0002365030593915371,273,-1.1695861318306856e-05,-8.430283072766942e-06,8.769272908385557e-05,7.5505585323202895e-06,4.129214739581837e-05,3.7522508884112086e-05,3.986839037247555e-05,5.878264310886646e-05,6.074518116630984e-05,-2.0860457095130054e-05
atpG,atpG,0.0002921796690034005,0.0007430903748189374,0.00032865909318357877,274,-0.00017907263421138958,-4.638271869637895e-05,7.088035337428076e-05,7.30564295351788e-05,0.00014562229894620778,9.816129358521904e-06,1.994567527438544e-05,3.752874017946572e-05,6.904474263102555e-05,9.174065261210306e-05
nadC,nadC,0.0002916349638575477,0.0007908879850594758,0.00011861100813415881,275,0.00020004909043707555,-5.2623388130507166e-05,-1.150736904068633e-05,0.00012383513756457338,0.00013158989675497376,-0.00010447574799500942,6.179581062290223e-05,-3.0717957111067285e-05,2.3991539078986865e-05,-5.030204832369388e-05
groL,groL,0.00029108247592720754,0.0004454623967294996,-8.765602740021409e-05,276,0.000191788824775999,-4.9368927791040005e-05,4.111431649597249e-05,9.508513009577886e-05,-1.856196230378122e-05,1.5094108489104183e-05,-6.865748676984459e-07,-3.774313538202671e-06,-4.79818190042375e-06,2.519005647149907e-05
yddK,yddK,0.0002909250746898711,0.00047799912176250253,-0.00032297577528950065,277,7.795983690605703e-05,8.086149687810117e-06,5.745715049259451e-05,7.116406264377298e-05,-8.062474122160707e-05,-5.146904901882741e-07,-5.832920102539686e-06,5.6502159985116926e-05,0.00011329273851083522,-6.564671721980675e-06
yraQ,yraQ,0.0002907305308709275,0.0005691416116180417,1.0567528690987062e-05,278,-6.665337640593084e-05,2.3922025574316798e-06,0.00011541267030191423,9.094159408244949e-05,5.475415057537852e-05,5.19628903523586e-05,9.161187520421013e-05,1.7907403047612697e-05,-7.25521639676263e-05,4.953285123129281e-06
glpG,glpG,0.00029047905680812673,0.0004936992417446163,-0.00011884280255632811,279,-2.1378258211580807e-05,-1.2541361297510714e-05,2.2376257767324057e-05,-4.700847568742438e-05,-1.092057313236585e-05,0.00014345387252815022,-9.761424139363064e-06,8.244113347523028e-05,7.070955997746127e-08,0.00014374717594568955
fumA,fumA,0.00029031637254592097,0.0005895797165928025,-0.0002811719816286312,280,0.00012123668037643757,-5.529693478171472e-05,0.00012388164838229596,5.3952533029462326e-05,-1.725442394407199e-05,-2.5625792303925097e-05,9.900520230166405e-05,-1.93286073669835e-05,4.1871980479501835e-05,-3.212591362674549e-05
fimB,fimB,0.0002900782935569719,0.000553879916195226,-0.00015231949381331363,281,0.00011220323357718831,-3.0956573522894764e-05,0.00012809836232800968,2.463919418813881e-05,-3.11629048536894e-05,6.101622214851818e-05,-4.0007317378571806e-05,-2.977401556397109e-05,2.061898209686422e-05,7.54031105373797e-05
ycbG,ycbG,0.00028950524115474647,0.0004791749965690185,-5.5599820076888796e-05,282,0.00010441917585449694,2.5376839815819e-05,-2.4019123919614734e-05,3.860477731985046e-05,7.570290280747083e-05,5.909663086621247e-05,-7.081575378752131e-05,8.60836774050035e-06,6.988639404592488e-05,2.645030411607518e-06
msrB,msrB,0.0002890775156252816,0.0005475967711701385,-0.00043289928721268207,283,0.00012747078746671109,1.1175638612743957e-05,-3.569691786137107e-05,-5.095210301599298e-05,7.5694664367000955e-06,-1.4082357680657021e-05,9.066946914023298e-05,7.849386010476353e-05,0.00010295792163655841,-2.8528249214407366e-05
flk,flk,0.0002881799932909272,0.0005187155830333309,-0.00035934815375516854,284,1.2850112799131025e-05,0.0003583216295125511,3.3669982965965923e-06,-1.051852294018955e-05,1.6652315279622443e-05,-2.978895397286937e-05,1.2256732274227867e-05,-2.8481409090260277e-05,-4.761036296329104e-06,-4.171787257155351e-05
upp,upp,0.00028643047022517554,0.0007471583596816661,-0.00035514586554742287,285,-2.285613710359558e-05,-4.7274187901508916e-05,0.0002418563201966619,8.625199317417205e-05,-2.4466802302773143e-05,9.877771146530223e-05,8.990839011728455e-05,-2.488840247511448e-05,-1.4735526412730515e-05,-9.614288853252258e-05
rcsB,rcsB,0.00028636536081735214,0.0004752104443088869,-3.284978776109079e-06,286,7.986906151910618e-05,-4.5548747353929886e-05,-2.9197111609876307e-06,-7.2300679719407025e-06,0.00016952173529754557,-9.23195370318546e-06,3.86807273995068e-05,9.271637834696099e-05,-8.740585250740371e-06,-2.0751476304983327e-05
sra,sra,0.0002853973596829984,0.00034142687074285253,-0.00020851018443570943,287,6.740505899820851e-05,1.0408162831764166e-05,4.910160721333437e-05,-5.092134571509337e-06,6.645834315357151e-05,2.9476865140563122e-05,4.0072875051989655e-05,5.654932200340108e-06,4.483427062315401e-05,-2.2922620958417673e-05
ydiK,ydiK,0.0002843492602495268,0.001046286029786934,-0.0002337188498736099,288,7.666333556131289e-05,-3.0858398454687054e-06,-8.080576085726118e-05,-0.00012738861822726518,6.1032795304103194e-05,0.00010515541938030776,0.0003307950666613862,-0.00015855689776721177,-1.1131268071496823e-05,9.167102811112044e-05
pyrH,pyrH,0.00028162239744936274,0.0006546958752193741,6.288869818379524e-05,289,2.3394719953214585e-05,-6.577378435979168e-05,0.00022696856419959438,0.0001486738903037067,1.5794350647003693e-05,4.554030436498046e-05,-5.979732563922139e-05,-4.7116197096143674e-05,-1.3849431789848936e-05,7.787306865868587e-06
yhcB,yhcB,0.0002814941081607523,0.0003508271282817779,-2.5155593387932925e-05,290,7.049768370673633e-05,7.235537893707097e-07,3.566548216911403e-05,8.565044558037531e-05,-3.816085124311894e-07,3.0519540956114064e-06,5.3814797906198046e-05,-3.4284901548081624e-05,2.3856280655393704e-05,4.290042031846556e-05
ydcW,ydcW,0.00028093274622722467,0.0006996299216455313,-0.00043645363146705123,291,0.00016607697743303314,-7.261711933714825e-05,0.00010905109290496027,-1.9708927934394995e-05,3.168012885951552e-05,-2.729089689257625e-05,3.497981013929335e-06,9.640459693577171e-05,8.357055678916802e-05,-8.973164354503382e-05
hemX,hemX,0.00028041811207302604,0.00047878257283596955,-0.00024459362257981543,292,0.00014023238121552934,-3.462883033649175e-05,7.602437044533694e-05,-8.196006952589016e-06,1.5148655023705335e-05,4.414734845652045e-05,7.68658019701421e-05,1.6222188667774635e-05,-5.6357393092390963e-05,1.0959596675488962e-05
rna,rna,0.0002792824259349491,0.0005518371173096787,-0.00042636168634738614,293,-1.3845240596776858e-05,-1.2862046975921769e-05,3.2226396171179975e-06,7.946415737032554e-07,-0.00010957005811466618,0.00016934727584231096,5.4298458506210756e-05,1.8228793446422198e-05,0.00013443217630180435,3.523578633474437e-05
yjgQ,yjgQ,0.0002790733841945028,0.0004243549861546632,0.00015597664881970375,294,2.151327933512114e-07,8.349285264881342e-07,-2.7001903799610843e-05,3.3148257631116814e-05,2.42446825719487e-05,2.7397054277850073e-05,-2.5381999276850543e-05,0.00010574205306979032,-2.0256897903618815e-05,0.00016013207630403775
amiA,amiA,0.00027812185474481853,0.0005479781127265472,-0.00033933285455578326,295,0.00010923790583867959,-7.2040872373060495e-06,-4.4259429956531686e-05,5.2859111891544326e-05,-6.503019800170537e-05,3.35836573934326e-05,1.9131783039690028e-05,0.0001314133023788907,6.68242231934457e-05,-1.8434413795321308e-05
yobA,yobA,0.00027740646877759205,0.0005360356391720135,0.00026053085051175805,296,3.6645359172642283e-05,-1.581887855891129e-05,-4.63076858574415e-05,0.00011296217003365158,7.442080311651408e-05,-6.512535460919881e-05,-2.0626661716591864e-06,5.407206375035267e-05,4.703497140713281e-05,8.158568649450939e-05
smg,smg,0.00027686857632508704,0.0004463220323659042,-0.0001931361688046276,297,0.00017414573976978388,-1.5461020358765038e-05,1.7656593470072416e-06,-2.5025049855521053e-05,-7.753883031991192e-06,-2.374211784152135e-05,2.834090607504299e-05,8.269786250591956e-05,-1.2744656932609963e-05,7.464513664774198e-05
pyrD,pyrD,0.00027593347205985715,0.0007636706741435965,-8.666709320732278e-05,298,-0.00014669080478357558,-4.066193611788685e-05,0.0001871028016771083,0.00010433193700238213,-5.249423599743439e-05,0.00014941910026478386,1.5867914007178966e-05,2.0284831728954092e-05,-4.021624142972828e-06,4.279548842131945e-05
ybhL,ybhL,0.0002747888903222196,0.0006470809614050791,-0.00030133388291111605,299,0.0002609069174498971,-2.2105489120355986e-05,2.0052929310920772e-05,8.69153876807578e-05,-7.323743018242444e-05,-3.5726029687125245e-05,-2.022484876553573e-06,-2.610414788218891e-05,9.305969142207368e-05,-2.695045379278158e-05
acs,acs,0.00027368325250695983,0.0005092570510590402,1.7407341139870467e-05,300,0.00010343134994476473,-1.6536939020645865e-06,3.2113422245557125e-05,1.1966264234285799e-05,5.420988116621058e-05,-1.0741386569683852e-05,-2.003171164352623e-05,0.000110380082769263,-8.53601071607655e-05,7.936915142291879e-05
rnpA,rnpA,0.00027170027292932957,0.000719249539076491,0.00011865100638049947,301,-0.0002108604573786119,1.2462577791531192e-05,8.568312399412284e-05,0.00014822445402731653,3.3530404044783246e-05,3.39544767833986e-05,-1.2914175694968848e-05,0.00010594288746287769,6.225620031606549e-05,1.342078158281476e-05
arcB,arcB,0.0002711935322991544,0.00041733657355133086,-1.3161271981295197e-05,302,8.838411914004425e-05,-2.0795232293471195e-05,4.509272846247722e-05,5.6882493277942136e-05,-2.9517996950680744e-05,4.499153354094685e-05,-3.0655199578449954e-06,-1.96927714240913e-05,7.262544672163963e-06,0.0001016516338316682
exuR,exuR,0.0002703756651022696,0.0005435249187549842,1.7460136185557845e-05,303,4.53379494829555e-05,-4.2578281125008734e-05,0.00010844455666057665,2.930379123506887e-05,5.7939475576373694e-05,-9.399634570134858e-05,1.9133454349265077e-05,6.8796179853109505e-06,8.3236812806605e-05,5.6674633832471134e-05
narX,narX,0.00027024659100644444,0.000803278763241907,-0.00039528976670410456,304,-9.176886521197621e-05,0.0003051856828279599,2.148866510868802e-05,-5.356993521091325e-05,-2.3383447250647748e-05,-9.779383844419405e-05,4.632181123735341e-05,7.943973163315527e-05,6.989499170428814e-05,1.4431794612730964e-05
plsB,plsB,0.0002702341369639167,0.0007098358972774362,-0.00033412278802740083,305,0.00020388868711703842,-4.8648681812574084e-05,-8.621710154643374e-06,2.9031679661783573e-05,-8.423132648456845e-05,-7.829916170497385e-05,2.7280861155978754e-05,8.59489262782076e-06,0.00019798357526701216,2.3255321291042813e-05
deoB,deoB,0.0002692164865375861,0.0006250429007371797,-0.0005259147259120629,306,0.00021633214382137258,-7.933172942603077e-06,8.929634791319282e-05,-2.7761609824619595e-05,-6.549925298714378e-05,-8.390701132835258e-06,7.668473277782238e-05,6.481646912499511e-05,-3.324021333712004e-05,-3.508825687547508e-05
fhuC,fhuC,0.0002692127400245545,0.0007324312284253596,-3.38468069493348e-05,307,8.110205933946929e-05,5.0824593359150544e-05,-6.410623762752776e-06,-2.3816222621140988e-05,0.00011621351232226275,-0.00010811980657304463,-9.326259124346421e-05,0.00015100248842503383,7.639365394255263e-05,2.5285676836488114e-05
rpoN,rpoN,0.00026880335205093427,0.00041861536296007763,-4.542463541018136e-06,308,0.00012332430806300448,-1.5823795912186083e-05,-3.9993136294331135e-05,1.9061054326064185e-05,3.623315676532827e-05,-1.9089073248054526e-05,1.7421911988600348e-06,8.515938663224699e-05,1.3530273564364214e-06,7.68362331635656e-05
insI-1,insI-1,0.0002683957614964166,0.00042327626943665326,4.485137135793269e-05,309,9.909058461962002e-05,1.0642974700520476e-05,4.272183832890661e-05,6.193875945754187e-05,8.604772542355274e-05,-1.9710902844935558e-05,-5.7729351125182765e-05,3.0310921710379816e-05,6.446129679933365e-06,8.637081546080043e-06
hslV,hslV,0.00026745309425192665,0.0005501562598872067,0.00023784055756082066,310,3.806028215284858e-05,5.183507183491509e-05,-8.737876432097962e-05,7.405702480847602e-05,6.571695108894681e-05,-2.2002841008809096e-05,-9.758991029197032e-06,6.626249717542932e-05,-2.2210986458654253e-05,0.00011287285000895084
kdsA,kdsA,0.00026689964055859994,0.00047936572445584556,-0.00012216069875833262,311,3.727050879333948e-05,2.1843710606960225e-06,-8.142733164990315e-06,-4.054878566842372e-05,5.559320713188623e-05,5.7388548010091224e-05,0.00016337099807453865,-5.0964664138756226e-05,-6.5768589764525425e-06,5.7325049436671165e-05
fabG,fabG,0.00026656040367447416,0.0007461000403088301,-9.956039413183488e-05,312,4.507711366284759e-05,-4.3217086873148225e-05,-5.8250455060608004e-05,6.45605823508513e-05,-8.733687478953118e-05,8.670918524903538e-05,0.0001026007902966835,-5.096540159389054e-05,0.00010110625322223482,0.00010627629720999953
ispD,ispD,0.00026545335464316663,0.0004872410733829912,-0.0002545558158000424,313,9.340405779965587e-05,-8.667500018422609e-06,5.226750577196621e-05,-5.3698493316174104e-05,9.790040676092737e-05,2.6083867484479897e-05,5.2383384780449375e-05,-9.774722012124424e-06,5.430799141560018e-05,-3.875314402319117e-05
mioC,mioC,0.00026539478504212155,0.0004886280911696416,-0.0002074177031410645,314,7.421849972530968e-05,-2.0355247268422223e-05,6.534873135369643e-05,6.104336451049048e-05,2.8024725401157533e-05,5.902264440000855e-05,-3.1181856834218294e-05,3.647460221296154e-05,5.287887050225729e-05,-6.007954896111953e-05
speG,speG,0.00026530831812968033,0.0006591843262513095,0.00016112780332221236,315,8.788880457115236e-05,-3.2173106546802887e-05,-7.410510689358148e-06,1.2680804378788297e-07,3.203860826785357e-05,-3.4082639171969065e-05,-1.3204451852014468e-05,-0.00011006729580067004,0.00016113945689339622,0.0001810526444143049
yqcA,yqcA,0.0002647047689215797,0.0005143433587314075,-0.0001330388182763628,316,-1.7465868534285314e-05,1.3276010654678946e-05,3.2092045298458713e-05,5.360241534003323e-05,6.726717915320916e-05,-8.587682250095693e-06,-4.3729124949899e-05,0.0001914262714301523,3.1860141949961324e-05,-5.5036619170633926e-05
msyB,msyB,0.00026442534368477984,0.0010792884123034306,-0.0007246183857856142,317,0.00035444059553224974,-4.6983643294021615e-05,0.00014427893670876672,-0.00011170106919348717,-0.00012092570621667429,-8.907880321865174e-05,-3.874231238649056e-05,0.00011435241540527464,5.625467598806992e-05,2.5302543597442085e-06
nuoF,nuoF,0.0002634243229960727,0.0004802628232989971,0.0001261344336728897,318,4.266693365357672e-05,-5.007086500472149e-05,9.224975731242046e-05,6.667611313679644e-05,5.7438042200821174e-05,8.301980520739667e-06,-5.83483851467407e-05,3.246355420157234e-05,1.381969124744492e-06,7.06652229968636e-05
yhaJ,yhaJ,0.000263233698598192,0.0005833515152063851,0.00016350987360753743,319,7.711721268299166e-05,-3.817221665220309e-05,8.042880627865232e-05,2.9112102811149553e-05,4.860921472518524e-05,7.724946192872313e-06,-2.6466458566722633e-05,4.464985564490751e-05,-9.54202330851708e-05,0.00013565046856652994
ybdD,ybdD,0.00026295849878757676,0.0005631245366757759,-0.00037176497097305935,320,2.7776014476448116e-05,-7.76023710709974e-06,5.634190354948451e-05,4.4647460929256725e-05,-7.398363882144965e-05,-4.327208481500181e-05,5.439850117301278e-05,0.000152617849923228,7.72597876802462e-05,-2.5067058200548377e-05
ydgJ,ydgJ,0.0002624884631159171,0.000615422048179685,-0.0002363997459030142,321,0.00012703276562318086,-3.8690187011393456e-05,5.478046814322574e-05,7.562037394748517e-06,-0.00012971926376554715,7.439739874561366e-05,-8.057341754943368e-06,2.105348930199001e-06,3.787565183358321e-05,0.00013520158497725007
csiR,csiR,0.00026246333947907874,0.00033198540594052807,2.559969493463845e-05,322,9.212148509956031e-05,1.323451849557203e-06,3.694874922502268e-05,-1.1670061850861103e-05,1.2527838614489163e-05,7.236256060127368e-06,3.892851417816116e-06,-1.2263820273698098e-05,-1.0827151106165474e-05,0.00014317374044323054
cheB,cheB,0.0002616515821062351,0.0005325842310523694,0.00014587494336615867,323,4.143639706930356e-05,1.410659337322904e-06,-6.455471243558875e-05,0.00013793462723480436,8.709454763694896e-05,9.003262263198955e-05,6.3873159030668085e-06,3.2821736765866127e-05,-4.9645699901921985e-05,-2.1265912135556448e-05
osmE,osmE,0.0002606664199661171,0.00062539672718138,-0.000196412109976173,324,0.00028109320490023605,-7.605304942662445e-05,-1.3012026044524119e-05,-9.795508762591448e-06,5.320437479907243e-05,-7.222285833238245e-05,2.434220548061265e-06,5.6932841797860256e-05,4.936693152851848e-05,-1.12817110415089e-05
livJ,livJ,0.00025920287772601225,0.0007066259845438453,7.413979629809423e-05,325,0.00028832592303992154,-4.8595640123830046e-05,-5.394354428440987e-05,0.0001302891794265475,7.941592469754462e-06,-7.018489061584983e-05,-3.671907430979396e-05,-1.4268404075032751e-05,2.7917171082953926e-05,2.8440565115751278e-05
yeeI,yeeI,0.0002581116314488073,0.0007547703691055426,1.5199598876834748e-05,326,-8.07692197006927e-06,-2.880872804617485e-05,-6.806097845927425e-05,-1.7364656745729402e-05,3.8534310935102577e-05,5.187658570768518e-05,0.0003005441426609393,-0.00010456769739902169,-2.1450386208098176e-05,0.00011548596097344785
yedJ,yedJ,0.0002580148464697229,0.0005983098791493774,-0.0002664769900021096,327,7.215157698707675e-05,-1.3984195406339495e-05,-4.250125072800138e-05,-4.392927960458012e-06,-6.007482379478488e-05,0.0001169267218721671,0.00017884738396125674,-2.588705258228502e-05,-2.3307265867958433e-05,6.023667998904951e-05
ycbJ,ycbJ,0.0002578230767801134,0.0007051674447340623,-0.00041347877824850785,328,1.044258891185815e-05,0.00035279562763737966,7.184783827899076e-05,2.3572610367982872e-05,-1.8733158157573204e-05,-5.232842353358337e-05,2.283659556087649e-05,-3.4456302347616876e-05,-3.548699699359411e-05,-8.26673029446069e-05
yeaC,yeaC,0.000257641098126478,0.000552313681848431,-5.795476891021764e-06,329,0.000109919614540117,-5.3526187713901405e-05,-5.92297703250258e-05,7.676370722171348e-05,-1.584464339305284e-06,-3.299586948274407e-05,6.655458404610172e-05,6.102058597115364e-06,9.489385784708707e-05,5.0743567735319916e-05
aceA,aceA,0.0002575256887629711,0.0009980576629830147,-0.00028737054340049047,330,0.0002859792210516748,-1.209567888924112e-05,0.0002125413585251461,-0.0001086068315654542,2.6945617932159204e-05,-0.00018339344231703045,-1.6768250578921846e-05,3.558669204947741e-05,-4.940178375937412e-05,6.673878631453534e-05
gatB,gatB,0.0002572559091129466,0.0007105216943327663,-0.00019492714253567498,331,-0.0001051388775357266,0.00017771368857487867,3.682913532997584e-05,-6.130999966470309e-05,4.714741394396083e-05,-4.208636967835044e-05,-1.8097645731129754e-05,0.00015334359609262972,2.3527998772033357e-05,4.532696900937807e-05
sohB,sohB,0.0002561627317149017,0.0004679928512378145,1.3449207960523818e-05,332,6.448668975828341e-05,-1.6745975537835842e-05,-4.356167766734463e-05,6.433590010226754e-05,3.934706702655786e-05,0.0001441749233534748,-2.2911014406998005e-06,-4.331630511557614e-05,1.8610208526887133e-05,3.112300270888734e-05
yfbB,yfbB,0.00025595796398949317,0.0006564621261150121,-0.0005003454818867216,333,3.6703941635312175e-05,2.7638659380787845e-06,7.687453543739318e-05,1.095352680329496e-05,-4.452236484855558e-05,6.247262279264503e-05,0.00013847575996038655,-6.710479531085028e-05,0.000127965792485142,-8.862492090335363e-05
clpA,clpA,0.0002542275169259413,0.0006878926223063878,-0.000262251424434035,334,0.00023738704326089073,-1.2953866773570956e-05,-0.00010255118385289703,5.894694772514386e-05,-2.8345000012013906e-05,6.723365405098264e-05,4.396425367050773e-05,-3.836860058456457e-05,6.352817090863955e-05,-3.4613901467176794e-05
phnA,phnA,0.00025411152489309005,0.00038439372864503826,-0.00013463560409073997,335,4.464120768249146e-05,-3.503111373822491e-05,2.6457896444390573e-06,7.66375166906667e-06,-3.0109988137749192e-05,3.796703500440324e-05,1.596639035333327e-05,7.475095918585118e-05,5.343329635962173e-05,8.218419686985754e-05
yiiD,yiiD,0.00025277205998795835,0.00043064698998184034,-0.00010108629856192905,336,0.00018455656560168859,-1.8424230923160587e-05,-1.9768677468884534e-05,7.06794102562292e-05,1.822547578740201e-05,2.4921702759628808e-05,2.8861756222347824e-05,1.4464614357602867e-05,-3.768255127427927e-05,-1.3062005330616582e-05
yeeL,yeeL,0.0002524507950215872,0.0006204677656085598,-0.00042453119376038444,337,-3.9246884005046244e-05,0.000300272494280365,7.396970603667561e-05,-2.601991472234888e-05,-5.1830090188616216e-05,-3.786497614179501e-05,4.314678028503255e-06,5.79024019695297e-05,-2.085642577724643e-05,-8.190194458433555e-06
queC,queC,0.0002522736013546477,0.0005573464690588833,0.00012919527065335002,338,0.00012233732264453653,-1.780088053832649e-05,-6.44200116175911e-05,8.244277768572847e-05,-1.0728890141169863e-05,4.686921288670501e-05,-3.3841516329678215e-05,-2.5745135225352185e-05,3.414017353035529e-05,0.00011902054845944024
acnB,acnB,0.0002505885616211411,0.0007432773493986828,0.0003649375621161616,339,5.4936657252180656e-05,-5.6891161319549923e-05,0.0001113876223740509,0.0001618441895581009,0.00012191245329316132,2.2845614015029033e-05,-3.9044250441500757e-05,-1.0308009176467986e-05,-0.00014010097295125222,2.400641901738912e-05
bolA,bolA,0.0002498553066402207,0.0005670482737165962,2.2882311120903893e-05,340,0.00019304037740542997,-3.655409515366537e-05,-8.720935776075975e-06,-4.124733739667609e-05,0.00018516514238658006,3.0246270386398433e-05,-1.787875759587602e-06,-1.988260386167415e-05,-4.285463948116692e-05,-7.548996109341671e-06
rfaI,rfaI,0.0002486640968883408,0.00037204553272885603,-0.0002778770063206755,341,-5.693633800529473e-06,-1.4776142645874053e-07,0.00014633726651547505,-1.336506409713548e-05,-4.2484258596133956e-05,9.88727941257063e-06,8.091297311643967e-05,1.859013446248446e-05,1.3384293324526538e-05,4.124286797710205e-05
ycbX,ycbX,0.00024793118068774245,0.0006436474057993274,8.284347031958214e-06,342,7.961275895441515e-05,-1.9980602693030514e-05,-8.289713839711446e-05,1.1139177067081291e-05,0.0001484932833006454,5.305951827272814e-05,-6.345567495777124e-05,9.318663644529071e-05,6.029791920337432e-05,-3.1524696507876384e-05
tolC,tolC,0.0002472239113766191,0.0005036459440516854,-7.657054284418274e-05,343,0.00018360011546444014,-5.762916846584965e-05,-5.110548476147212e-05,3.435087734327496e-05,1.6090190119029837e-05,5.1362166911204293e-05,3.9842828071532557e-05,1.5303133000757064e-05,-1.9476363110211334e-05,3.488561680391341e-05
ptrA,ptrA,0.00024716648393022667,0.0007560937175704612,-5.283449878277803e-05,344,7.373667082474837e-05,7.692450168993993e-05,-2.6494074238316067e-05,-4.196329617622832e-05,8.977256556815758e-05,-0.00013935742382651043,-4.664882257906241e-05,0.00019113289377974076,2.0706745705962204e-05,4.935672318179506e-05
yciM,yciM,0.000247132508772031,0.0006380943071809004,-0.0002047454814618662,345,8.209501668021199e-05,-3.7349926853724414e-07,-2.1903654520588868e-05,6.176314098644803e-05,3.311873914701533e-05,0.0001051304857366402,-5.5792070015612886e-05,-4.3723308921314746e-05,0.00016050602542615016,-7.368836647838094e-05
yifE,yifE,0.0002454999058644837,0.00039632302827397964,-0.00013088081010955853,346,4.661181813635071e-05,-2.734895867043349e-05,4.6323903651398715e-05,1.693178283415239e-05,-1.6470955136142693e-05,-3.159164739817182e-05,3.95061218143283e-05,3.5409228803214526e-05,7.927989165033417e-05,5.684872017945289e-05
yccJ,yccJ,0.00024471536968381313,0.0010646721582918107,-0.000827460361691833,347,0.00043609434259604386,-7.985738290914828e-05,-1.6779673074395884e-05,-0.0001160066176171379,-3.370394457126783e-05,2.393741875411527e-05,-2.1968842316444665e-05,0.00014723361334029468,4.742838929735812e-05,-0.00014166193381560423
rraA,rraA,0.00024459662372259763,0.0005466925160850726,-0.0003519725806170137,348,4.489836175124327e-05,0.00021531738722240851,1.427623178065116e-05,3.519591561809269e-05,-1.7114556296336943e-05,-4.636611233350043e-05,-1.5797939782436273e-05,2.6698854432486038e-05,5.925781909895339e-05,-7.17693377689638e-05
fumC,fumC,0.0002440072879100961,0.0004395384153501323,4.5200606418667696e-05,349,1.6902339345247003e-05,1.8100302576510873e-06,6.292893522938171e-05,7.158918545040455e-05,5.151326975182634e-05,-3.356461067411257e-05,4.799129461018884e-05,-6.420095304590553e-05,6.753630502326364e-05,2.1501491962150996e-05
sufC,sufC,0.000243457408457429,0.00040840705171774685,-0.00030773657709715855,350,1.0613404297934435e-05,4.848693046140568e-05,5.524951342608881e-05,-4.6456835922051614e-05,5.0335237310294135e-05,4.90751573576617e-05,3.6991147568025696e-05,3.0349623556235987e-05,4.483121610994147e-05,-3.6017985708107305e-05
yciH,yciH,0.00024321932476589634,0.00041656786387252035,-0.00028911279844030173,351,4.1493380438128094e-05,-3.3087760749244216e-05,0.00011798776164960793,1.354528154965124e-05,-2.003318247315707e-05,-1.7094490417213827e-05,9.846659666997194e-05,4.707847753876137e-06,5.369272625797299e-05,-1.6458835913696885e-05
gdhA,gdhA,0.00024250424731430632,0.0006351963691679673,0.00011000745920678451,352,0.00018085181634911447,-1.0965522367428144e-05,-7.901642304245984e-05,6.931631452344918e-05,9.712874975656183e-06,-5.636485596049236e-05,-4.999925955645017e-05,2.6940656169661252e-05,5.480198246181569e-05,9.722666376144005e-05
bipA,bipA,0.0002422459291838557,0.0005612621598018574,5.184061774352443e-05,353,-0.00013809567422906066,3.042166997852321e-05,4.762961579215347e-05,0.00010356660108829287,2.7629666772810467e-05,4.644746836893678e-05,1.7326522093673232e-05,-2.141244107994024e-05,0.0001128854947958798,1.5847005602586726e-05
tpiA,tpiA,0.00024212806241860185,0.0008656720402973714,-0.0004832712289176039,354,0.00036416074484149044,-2.798140532466365e-05,-5.204244525056461e-05,-9.316513483973553e-05,2.6359970181337522e-05,-4.4389194198809036e-05,0.00011337328594098676,-4.042739073450902e-05,5.0006050394171944e-05,-5.376641859110297e-05
coaA,coaA,0.00024191986691528362,0.0004665791204934066,0.00012853986525856588,355,-6.063146831791387e-05,-1.005122982400239e-05,8.115569061762188e-05,-2.0117357080479125e-05,0.00011936220272388943,-2.1529571566666064e-05,1.952009295680627e-05,4.1152390959670604e-05,7.074096002842467e-06,8.598502044351446e-05
yhcM,yhcM,0.00024175343897945827,0.0005673012752056888,-0.0002272389524679582,356,9.842779346141923e-05,0.00018772560728515838,7.256488883812526e-05,1.8120490684366754e-05,-7.749464162236361e-06,-6.481763976440129e-05,-1.0590686951024427e-05,2.7688576823503963e-05,-7.650234396907284e-05,-3.1137832663803993e-06
ldhA,ldhA,0.0002404009160369683,0.0006630949367115262,-8.37045116694174e-05,357,0.00023553364362296282,-3.1271055011491564e-05,7.053368668297319e-05,4.225404921363912e-06,-3.494616532458538e-05,-2.8191940479810154e-05,-8.714753189824691e-05,3.2386228559950376e-05,-2.9790317623144973e-05,0.00010906896258699693
glgX,glgX,0.00023989884198111742,0.00042631437322545576,-0.00031591662620643736,358,5.008110750100408e-05,-1.1955755775005912e-05,0.00011950929775475734,-5.184396126864508e-06,-9.405917552405544e-06,5.02716720744823e-05,-4.324311773450332e-05,6.283922433683233e-05,5.040530593621053e-05,-2.341857843338994e-05
yccA,yccA,0.00023802267051444231,0.0005904979725523534,7.403589902008177e-05,359,0.00015923836615163497,-3.648960148680703e-05,-7.407184765502696e-05,4.6576283761729055e-05,5.373229745030541e-05,4.987098824821282e-06,7.095057964769516e-05,-6.56762018771215e-05,2.3054992141984355e-05,5.572070355522758e-05
oxyR,oxyR,0.0002376157904959876,0.0004974236783297477,-9.335256206753808e-06,360,2.028186821217844e-05,-2.5248987747405074e-05,0.00015885619873947255,9.328391697703416e-05,6.864359847030179e-05,-1.0709067301074271e-06,-1.252040630738369e-05,-4.3276394829264854e-05,2.6454152013880756e-05,-4.778724830271906e-05
rmf,rmf,0.00023722518164290938,0.0005488234163348078,-0.00030184132762338357,361,0.0001552321087032084,-1.4473139296371452e-05,3.9453386715265824e-05,-7.836775883311641e-05,-4.861579629626699e-05,4.580391768434124e-05,1.4166652091179176e-05,-1.434242292019434e-05,4.369275165571764e-05,9.46754821391463e-05
nagC,nagC,0.00023631270071898769,0.0004198427743852898,-0.00018824601330294565,362,3.767000706550831e-05,-1.7856122851058268e-05,0.00012451979041199857,6.252977084688064e-05,1.693445326984855e-05,-1.8478033573384624e-05,4.429784602839692e-05,1.699868563199711e-05,2.5127184297508666e-05,-5.543088040870814e-05
yfaA,yfaA,0.00023566717009075908,0.0003558190256630222,-0.0003144486763719687,363,3.9349353827792504e-05,3.3773899881041865e-06,6.827591437344528e-05,-3.817934246010556e-05,7.458474761022035e-06,4.969918929105384e-05,9.987405782523612e-05,2.7708717810236702e-05,-1.3226699884504776e-05,-8.669885441521259e-06
hemE,hemE,0.00023533118614062857,0.0003617602928205156,-0.00021453063883250428,364,-2.4669694909075834e-06,-2.091926305669591e-05,0.00015043435153127364,3.4104113924432046e-05,-4.150088879605758e-06,5.725167557988538e-05,3.365141879223836e-05,-1.61244805219701e-05,2.310417965274262e-05,-1.9553751390764157e-05
yghX,yghX,0.00023532008350705274,0.0007303217527372977,0.0001647510501358888,365,-1.3688172249437327e-05,4.976135894815236e-05,-2.5684474927388585e-05,-2.5321300190007536e-05,0.00012327499367191356,-0.000182806887248289,4.5164825086087155e-06,0.0001826877304378024,2.049847921613339e-05,0.00010208187333956477
yrfG,yrfG,0.0002339135254435303,0.0006688804265660396,-0.0005126844588454567,366,0.00014899718688489644,-9.644342407551329e-06,3.215908747913519e-05,-6.508885398587977e-05,3.092217919034533e-05,0.00014347413734865682,5.047684172567653e-05,-3.753146226239485e-05,4.5367543376074646e-05,-0.00010521879190542869
fre,fre,0.00023388348934849174,0.0004962497628744049,-0.0003408532004885662,367,2.2097310072088216e-05,-1.555775113108519e-05,0.00010559993951381709,9.433856956150438e-06,-6.196945126547153e-05,6.207569094060012e-06,-6.1431122780313025e-06,-4.656356082765239e-05,0.00022172795047533254,-9.492612607161536e-07
ypfN,ypfN,0.00023374500033837228,0.0005073655687823313,-0.00045463763453328413,368,4.1977498726715777e-05,-6.160377496343535e-06,-1.9633504724727683e-05,-7.178244507403784e-05,-3.9233956926870475e-05,0.00010776384934026766,9.818066902381458e-05,2.218155540463704e-05,9.988162716146436e-05,5.700849034524098e-07
hsdR,hsdR,0.00023280409672738286,0.0005545290783742134,-0.00042582539208924774,369,0.0001282876800243509,2.6519692819148227e-05,7.047059155783503e-05,-5.3366502589099865e-05,2.7718212903681415e-06,-5.373016722374719e-05,1.2036094781595795e-05,0.00015358070707750007,-7.849854628367523e-06,-4.591596638220072e-05
gntK,gntK,0.00023242430978666405,0.0006778766231547004,6.74957714934451e-05,370,-0.00014863496349346996,-6.609033360772002e-06,1.4139033598499223e-05,-3.9254546022060445e-05,7.96521846313803e-05,0.00011802070401027736,-2.822761380771574e-05,5.563594719114061e-05,7.814019500864996e-05,0.00010956240203073473
ilvE,ilvE,0.00023205952285378556,0.0008030817222005478,2.1765264363807205e-05,371,0.00021597961806264497,-3.347324964123525e-05,-0.00012828094021171988,4.157397602819716e-05,-1.7523246720899686e-05,-5.9152850582291496e-05,4.568754034859662e-05,-4.708081251723483e-05,0.00011146782378622903,0.0001028616643014989
gor,gor,0.0002320374729384045,0.0005902360086554373,-7.317547490551046e-05,372,0.000154230873380748,-1.0077262332927284e-05,-8.949744307060512e-05,6.769243411646678e-05,3.696875555851569e-06,-6.102148972741541e-05,2.3524096930529725e-05,-1.8503072727568517e-05,0.0001539507714691961,8.041689344128683e-06
yhdN,yhdN,0.00023102086259769853,0.0005773818493939612,-0.00014911348183510093,373,-3.844342292321379e-05,1.9835913809418494e-05,-6.694538032308188e-05,-5.318220734856492e-05,4.247314503415012e-05,0.00010635535104943836,0.00014222874982924838,4.164544357786085e-05,-1.4609482803270679e-05,5.1662752695713606e-05
sdaB,sdaB,0.00023100431189810038,0.0005708592134090435,-0.00025158012968591956,374,1.1904270220216196e-05,1.1381848384942442e-05,-6.108161371758397e-06,-0.00012522374654798884,0.00015353138048980364,3.6988805346401626e-05,5.127948924911574e-05,4.9451854724523646e-05,8.639411423856868e-05,-3.85955428357244e-05
bioB,bioB,0.00023087326454397221,0.00038099100939396636,-8.961230234100544e-05,375,8.55050630903748e-05,-4.755973265403575e-05,-9.421616948384358e-06,6.161841464094135e-05,2.5828863537918307e-05,-1.2607257452006887e-06,3.3890553208180134e-05,5.203575530368238e-05,4.7053487187872305e-05,-1.6816797077376266e-05
yfiB,yfiB,0.00022976304170840088,0.0004145355732603707,-0.00016949752098135065,376,0.0001305919455304281,-3.1225654100393756e-05,6.933255510051656e-05,1.1950239148926821e-05,-4.679786249264311e-06,-4.665086421129331e-05,5.5285621798544975e-05,-9.829961215033541e-06,3.212663844210674e-05,2.286230746386262e-05
fbaA,fbaA,0.00022858564992545092,0.0007215980767671002,-7.228430228833937e-05,377,0.00014427785658023407,-5.5701541860464166e-05,-8.208410204519624e-06,5.919355515599697e-05,0.00015540767205096578,-3.377596069354841e-05,5.668204190126172e-05,5.9530737657817066e-05,-1.2369747273885484e-05,-0.00013645055338840697
yjdC,yjdC,0.00022857799291242523,0.0009752290711664283,8.552446650908107e-05,378,0.00024026811809001669,-3.428040148031414e-05,2.0206377994958497e-05,-5.3938752583080494e-05,0.00012615996928016905,-0.0001550594355402431,-3.309196587450086e-06,-0.0001267377529359137,0.0001304390536606179,8.483001301366461e-05
nlpD,nlpD,0.00022805315918437828,0.0005775844409296373,-0.0001420548424497209,379,0.00027879590776432164,-3.544509512647254e-05,-5.2450222383231385e-05,-1.3355624009475522e-06,6.251973764028005e-05,-5.055675151807733e-05,-1.58017209301691e-05,6.150315465240611e-05,-9.91271641727795e-07,-1.818501687200378e-05
gmk,gmk,0.00022761102251909378,0.0006616387181571945,-0.00021274844558992034,380,0.00016431946822831282,-3.875279076511661e-05,6.806187025124627e-05,3.3253492333638574e-05,-6.748973435947957e-05,2.527850182128211e-05,-0.00011077132269445417,6.30737916302859e-05,4.897021558295072e-05,4.1667530490427695e-05
mukE,mukE,0.0002273502479710226,0.0008415671372585881,-0.00012835447887391699,381,0.0001417114336828192,-2.2214169044766738e-05,-9.088197495492293e-05,6.312515485627811e-05,8.231378181033016e-05,0.0001324786036245776,-7.516559002791181e-05,0.00011482971864080032,-2.2905658498125817e-05,-9.594105211805546e-05
yecS,yecS,0.00022729086382140403,0.0007624675630959045,-0.0002546766350426219,382,0.00015333496107680438,-1.4577039044591426e-05,5.536416974863755e-05,-5.9430289348625855e-05,-3.557211599091231e-05,-5.3992859723705456e-05,-2.5838756519601947e-05,-7.817728900981327e-05,0.00020487056290428314,8.13095197289292e-05
galF,galF,0.00022620239563592447,0.0007474786225333819,-0.00014448364494696727,383,0.0001684824844706168,-6.83754759667234e-05,3.385488620730982e-05,-3.6777604261750476e-05,-2.3483003855204786e-05,8.176985620936573e-05,-0.000125140272895193,-6.861756469857044e-06,0.00010161329873592695,0.00010111998346143389
ycbZ,ycbZ,0.00022561441090554083,0.00062797010358601,-0.00019550898527671845,384,9.739939577636731e-05,0.00017009295830343183,-0.00010015209089638773,-2.9054068244755743e-05,-1.7151055121745122e-05,2.776661127438243e-05,1.740540758975365e-05,-5.482063207734596e-05,5.287004812092814e-05,6.125783618091207e-05
yqiA,yqiA,0.00022553116880671617,0.0004507065521159252,-0.0003057401629954295,385,9.15272861609812e-05,-2.2151853688985048e-05,5.5306058894150985e-05,-3.8106257001430714e-05,-3.379731933400515e-05,2.218418872643769e-05,0.0001069763932475324,-1.8532261630183563e-05,3.032585419113918e-05,3.1799079241079205e-05
degQ,degQ,0.00022516503442239545,0.00042633792468284114,-0.00013064766090322964,386,0.0001829605736277278,9.123653997523346e-08,1.7796819175867104e-05,-2.7034868284216674e-05,5.56264536673009e-05,-2.874208589984319e-05,-2.3504723291515613e-05,-2.13047676546474e-05,5.06092951652486e-05,1.8667101376498666e-05
ybjE,ybjE,0.0002249284085510819,0.00039783656244146774,0.00015953309954366818,387,-1.8137045076189074e-05,-1.5609277751701747e-05,8.984709832198763e-06,7.080613760152733e-05,0.00014063845142204325,-2.339204288205849e-05,6.699294500131597e-05,2.396024163918954e-05,-1.0101876259048103e-05,-1.9213834976195533e-05
gmhB,gmhB,0.0002243267642571474,0.0004602343766510201,-0.00010027760500191323,388,5.188517387713497e-05,1.1706708612473916e-05,-2.9793221595658158e-05,-5.685951369100811e-05,0.00012609021346703355,-2.409495076186171e-05,0.00011044281749873945,6.113599665848004e-06,3.604205733285384e-05,-7.206120148408355e-06
nuoB,nuoB,0.00022420308425407352,0.0005190726030227179,-0.00010194824863183461,389,6.6348113551221085e-06,-1.0521318558310037e-05,-5.890736219762064e-05,-6.058183178945574e-05,5.1898742017601114e-05,-1.742424683893578e-05,7.269955592593376e-05,0.0001179857992812817,5.260842747548295e-05,6.981050758297409e-05
nuoI,nuoI,0.0002225194716672263,0.0003507569683824511,5.465874707565231e-05,390,-5.644282786039032e-05,1.5219556710287695e-06,-7.675920497222049e-06,0.000106607654536729,1.0546526800929763e-05,4.332037704372403e-05,2.2224897659579467e-05,5.047163339421571e-05,3.0510246884851393e-05,2.1434928033780535e-05
mnmA,mnmA,0.00022169791736802099,0.0007198164059511882,-0.00014803057533352865,391,-7.786994399288767e-05,-2.0539209391097957e-05,-1.8100424681456843e-05,-5.0782647280251367e-05,3.29712046654075e-05,6.448066284347122e-05,0.00031419091449587914,-8.176701894588982e-05,4.469266022756715e-06,5.464511363209005e-05
ydhQ,ydhQ,0.00022130842838440288,0.0005972514213004417,-0.00034678923899775774,392,0.00015336190516181055,0.00020664821900967946,-1.7250208552767794e-05,1.3953415888899287e-05,-3.218991465045899e-05,-6.257929009309855e-05,2.962751037279733e-05,-3.1448176616576305e-05,5.68887440923566e-06,-4.450390654511774e-05
topB,topB,0.00022099264127702127,0.0005763049330114256,-2.941967325303905e-05,393,0.00018632325067048837,-2.3437867775541938e-05,-4.7073106704023006e-05,-3.3498322455761896e-06,7.309099746020986e-06,5.571841861281411e-05,-6.34208437636888e-05,5.747080160335368e-05,-4.037449537837222e-05,9.182721651154632e-05
ppiA,ppiA,0.00022082464544787697,0.0004450525732831674,-0.00017207730643052532,394,0.00011189676855251177,-2.8591860679886022e-05,7.669009616720632e-05,1.0191433172505277e-05,-5.734296357145274e-06,1.663210109480272e-05,4.612354530771555e-05,-7.778780688061391e-05,5.1488132377464695e-05,1.991653269331584e-05
modF,modF,0.00022046920454873775,0.0003964507494876526,2.4980632610103117e-05,395,2.7004155652551253e-05,5.4591007815589396e-05,5.043085424661822e-05,6.339332817271015e-05,3.924547203735263e-06,-5.937793673734347e-05,-2.861283573211398e-05,4.3217871468134475e-05,1.0491169255881412e-05,5.540704320297502e-05
mltD,mltD,0.0002191866853060662,0.0007163806614892793,-0.0005587459279987592,396,4.909634674975012e-05,0.00022768941497332788,0.00017763004871625774,-4.1101224926014505e-05,-1.4826730592502135e-05,1.3367862958336967e-05,-1.6595352976777635e-05,-1.6702058829090498e-05,-4.551995493939184e-05,-0.00011385166582782998
selD,selD,0.00021918568215429951,0.0004034553836410855,-0.00011748022371578893,397,7.194440590266581e-05,4.358377335439201e-05,-2.2025221821755613e-07,1.826164188652327e-05,-7.25473198773158e-05,-5.1416138851704056e-06,-1.4225664762689274e-05,6.459103604991763e-05,7.801268494146011e-06,0.00010513840721004782
rpe,rpe,0.00021908481556080566,0.0006110424330645158,-0.00015164726936765137,398,0.00015773574987732814,1.0480210669618694e-06,9.31098555972066e-05,-2.8148212458482928e-05,2.0046429948092104e-05,3.5826119550769185e-05,-8.956003868951484e-05,6.54768926653349e-05,-7.827055760385731e-05,4.182055560696797e-05
ygaQ,ygaQ,0.0002180740245865912,0.0006770248903936502,-0.00038722993014702467,399,5.75902585722342e-05,0.00029150162630046467,6.144044510087019e-05,4.531320032805833e-06,-8.995746269773784e-05,1.9387577840589118e-05,-7.235470635183047e-05,-6.716326385396123e-05,1.2250039758441486e-05,8.481898847152638e-07
pepA,pepA,0.00021763744560855043,0.0005532358829048131,-0.00013401098777922503,400,8.537631894276919e-05,0.0001165492981941544,-1.97684130846062e-05,-2.1141394604785767e-05,2.808874056002182e-05,-7.843054050576408e-05,-2.1072366949905717e-05,-2.738650350306958e-05,0.00012055642360030973,3.486588295942665e-05
hdfR,hdfR,0.00021762327388737514,0.0005237829295317795,0.00020285641047272705,401,7.225928099933082e-05,2.243707547195945e-06,4.251064209337054e-05,5.9058476780444894e-05,-1.9850297185021297e-05,2.359933170460768e-05,-2.7593625071980736e-05,-7.651688829886401e-05,-2.911901726633616e-05,0.0001710316625846275
nadA,nadA,0.00021735033082412596,0.0007492854906093911,-0.00028033743371002164,402,0.0003221046720014883,-3.019915172215723e-05,9.770741245320506e-05,-8.47484291794598e-06,-8.652453478706707e-05,-1.3000983727503158e-06,-5.3520414720563076e-05,-5.215716019832559e-05,-3.379137717382338e-05,6.350582626206523e-05
psiF,psiF,0.00021692022840299376,0.00041810428203767716,-0.0002850477933838335,403,0.00015299070845777173,3.445364649395273e-06,-2.4150155175229146e-05,2.79483941583529e-05,-3.342113725802172e-05,1.3633049860733767e-05,-1.0838121087588434e-05,-3.5915739057513675e-06,0.00011949473809408183,-2.859103939075106e-05
gcvT,gcvT,0.0002167318499267749,0.000512447071957052,-0.00040669851695905883,404,3.394945426000796e-05,-2.6700845306348873e-05,8.500384017346598e-05,2.6173432192647744e-05,-9.494657655391855e-05,6.403468199385902e-06,4.1898098879676586e-05,6.31898328739341e-05,0.00010797133436279521,-2.6210189154871177e-05
secD,secD,0.00021636234550405722,0.0007929068110742491,-0.00046802369969210615,405,8.854246036272766e-05,-1.2882177482102074e-05,-0.00014955937820896936,-4.734055725983681e-05,-4.7495858940384935e-05,0.00023113921458201142,7.876160021429756e-05,2.2136146416131528e-05,8.405515671398496e-05,-3.099426089380273e-05
cspC,cspC,0.00021610383652754666,0.0007814104900164293,-0.00038358344937577607,406,2.92367071395228e-05,0.0004048519061576439,5.464544716502624e-06,-7.491698712846286e-05,-2.4760585454588848e-05,-0.00014464999144996773,2.949819082011016e-05,1.3768048279271436e-05,-3.832576271142184e-05,1.5937766158937003e-05
ycaC,ycaC,0.00021554774565546501,0.0005499500478866297,-0.0003192956565449265,407,0.0001611303508710726,-2.5125878261374966e-05,3.9099140876171385e-05,2.5207119963487902e-05,-3.364246163481492e-05,-7.551543239707932e-06,0.00015731228506031544,-4.2549297965668146e-05,-1.48933562406126e-05,-4.343861377340372e-05
yfhB,yfhB,0.0002145440542353651,0.00041981101847476346,-4.49648927544036e-05,408,6.966913154520008e-05,-9.47867043912466e-06,-6.871093693061222e-05,4.2345024179574476e-05,4.9001866529165676e-05,5.617001228511692e-05,2.5122080273357925e-05,7.486942154264921e-05,-1.7886564781702903e-05,-6.557309968259398e-06
syd,syd,0.0002144887474297547,0.0006105890298052119,0.0002800827358935296,409,4.781917203024814e-05,-2.9791033169130754e-06,2.5681897389409158e-05,0.00015394431980265565,1.6639666918056138e-05,-7.026486640728523e-05,9.175207753618385e-05,-2.215106301258811e-05,-0.0001026551084509422,7.670175494093036e-05
psd,psd,0.00021434553922594914,0.00039951364925599423,2.681831521635089e-05,410,-8.272918943901782e-06,-1.1090191818385729e-05,5.369545315364053e-05,5.21384093667217e-06,8.44894252370791e-05,-7.322094425273504e-05,6.163272112667653e-05,6.595380302536082e-05,5.065689714143794e-06,3.087866104739876e-05
cvrA,cvrA,0.0002141989447677139,0.0003779999175736986,0.00011655527401452882,411,-5.574775718950622e-05,-4.760222441525172e-06,9.928122263163584e-05,5.2348451741752804e-05,5.4535408282922735e-05,2.7909784198140652e-05,-2.1049436560186396e-05,3.531314949808389e-06,-3.430702117745584e-07,5.849324936644582e-05
gltB,gltB,0.00021410321262501982,0.0009570190396886055,0.00023217097840368288,412,0.0002572550343366749,-4.895577788224582e-05,8.513705241782986e-05,3.6772128513057454e-05,0.00013237475152470164,-0.00022238847696316461,-7.68311848826857e-05,-2.328247380369673e-05,2.0031943887956553e-05,5.399021547659221e-05
atpE,atpE,0.00021318629406492766,0.0005109819453155321,0.00011189475956789884,413,-2.1432998158811435e-05,-8.775514668916991e-05,4.860550372901449e-05,0.00012259264043908052,-2.369832101742905e-05,8.311466739211642e-05,-1.6011359759891802e-05,1.8003892646828725e-05,2.6121208088427927e-05,6.364620739476179e-05
fimH,fimH,0.00021274815494304105,0.0006799621030455147,-0.0003304854607618302,414,-1.567095137688826e-05,0.0002926758845997573,-7.798025280620134e-05,5.684577733749062e-07,-4.6851216849954574e-05,-8.05186591853777e-05,1.4244100565282807e-05,5.4113785258701496e-05,8.475290079716129e-05,-1.2585893832814906e-05
cspD,cspD,0.0002125004051307515,0.00036008349807390886,-6.454646251752322e-05,415,5.5867259225497546e-05,2.993795702833915e-06,1.4656206402220314e-05,7.702301702376278e-05,-4.535928691134933e-05,6.696208994846366e-05,-2.8432259560229353e-05,2.0335736595754964e-06,2.4442768445775793e-05,4.2313241194200706e-05
fdhE,fdhE,0.0002121285427068769,0.0006883365940462505,-4.3478104720679454e-05,416,9.081632171650912e-06,-2.7302199217049053e-05,-1.4873888560436241e-05,-2.9776678468388863e-05,-5.118929095688586e-05,0.00020355435498798887,-7.565787947277592e-05,7.230539279855046e-05,-3.9304088994150836e-05,0.00016529118841837343
dnaC,dnaC,0.00021195987943289782,0.0005999116002939221,-0.0002721543389520129,417,8.406254299274973e-05,1.825537222761557e-05,-1.2685509783572833e-05,-5.397074847383971e-05,0.0001511931208873818,8.26912758955527e-05,2.7339853826166718e-05,4.570333370169115e-06,3.7823240663774384e-05,-0.0001273196021730996
pepP,pepP,0.00021119160250015817,0.000558847721014153,8.256610821464494e-05,418,5.632783544704608e-05,-6.734131123014631e-05,0.00010489768155977404,0.00011725437528516799,4.575585101382688e-05,-2.0173348285209356e-05,-7.018202880004842e-05,1.2047912910531804e-05,4.87360055408088e-05,-1.6131370941593324e-05
nagA,nagA,0.00021115753037535207,0.0004965838514669373,-0.0003913249529394011,419,8.344091762008938e-05,0.00018513451084353172,6.754384000496256e-06,-4.454224998309884e-06,-6.040248823247478e-05,-4.976018462103396e-06,-4.765343080166473e-05,3.985898361705235e-06,7.455498009532208e-05,-2.5226998051239827e-05
purL,purL,0.00021114523026178011,0.0004371573559614711,-2.8998615806220045e-05,420,-3.358577948929999e-05,-1.8311230057252516e-05,8.367965839949523e-05,-2.1078221375393142e-05,2.3003416081556965e-06,3.344658082532056e-05,-4.0030831927899855e-05,1.2359046158811287e-05,8.251447912482536e-05,0.00010985118699501747
bioF,bioF,0.00021064902346116566,0.0011143098761104162,-0.0003674038988367818,421,0.00017320019718456247,-9.739800661316824e-06,-0.00018174098009243929,-0.00012769882400757274,3.953658990398611e-05,3.966903320726675e-05,0.00040028883307419703,-1.133440783324361e-05,-0.0001213164137300528,9.784796415778556e-06
recB,recB,0.00021062703928125808,0.0005563163170593205,-2.005811907281477e-06,422,3.39615634056799e-05,5.03547292959899e-06,0.00016732066067622558,3.2615554249970516e-05,7.322874362380408e-05,4.499188573032995e-05,-9.909883927700495e-05,2.6317797554680287e-05,-7.221211542523997e-05,-1.5336841867862815e-06
ycgF,ycgF,0.00021012671343161924,0.00039902311651883275,-7.955052051173341e-05,423,6.439681821422994e-05,4.495437180414245e-05,7.01288700627581e-05,2.6462278002163755e-05,1.006609801583668e-07,2.723586045346124e-05,3.257089798069133e-05,-7.395341577031424e-05,-2.0494785773292486e-05,3.8725157477620793e-05
tyrB,tyrB,0.00020962286317823125,0.0006338063562079269,0.00016060059521333972,424,0.00023376553356800874,-5.8125416195589606e-05,-4.545528375856683e-05,6.61537027744916e-05,1.3457087135683685e-05,2.837346929284761e-06,-6.12839192110061e-05,-1.1719569764654838e-05,-3.550755758503036e-05,0.00010550093928561022
yedR,yedR,0.00020847372178401676,0.0004910789151577988,-0.0002765449809658149,425,0.0001670915768667386,-2.675744838205195e-06,1.4727728103172304e-05,-6.28746298684591e-05,4.622111065756933e-05,-1.4779333286185299e-05,3.4244622956534135e-05,-4.3590778314032094e-05,8.749127988689337e-05,-1.7382110380009322e-05
ptsP,ptsP,0.00020799164498931587,0.0003052271043746524,6.001238017094111e-05,426,4.305727476100158e-05,-9.607547867920266e-06,-3.4445633321392894e-05,2.6729701815870668e-05,0.00011183685926761293,1.0820657487128155e-06,4.629654650807214e-05,9.947995803185575e-06,1.7658930777528425e-05,-4.564548503355111e-06
cysD,cysD,0.00020785490223487824,0.0006190764698101494,0.000517091799511918,427,-0.00011434736171167139,-1.761922167616033e-05,-1.652295131947207e-05,0.00010679833913059634,6.1159746949232645e-06,4.91905725066513e-06,-4.590695268173311e-05,-1.1214296398598719e-05,4.607327789845059e-05,0.00024955903704787855
potG,potG,0.0002078025194214833,0.00034122407511990004,7.319335784506786e-05,428,-4.089801717914481e-06,3.853622667187516e-05,3.2783325997505454e-05,2.5386053252219495e-05,5.608858819771142e-05,4.085600401618518e-05,2.1839801951850306e-05,-9.330427857189428e-06,-5.329054827410447e-05,5.9023297183344665e-05
yhbN,yhbN,0.00020761317768276154,0.0006067946932399962,-8.627454066458055e-06,429,2.615451402612793e-05,-5.601412870687142e-05,-6.70469592226092e-05,0.00010836117089218242,-4.1412115646263523e-05,4.2713284179457346e-05,-3.5117554202873225e-05,0.00014511700639482805,5.2314153406550315e-05,3.2543806562232825e-05
dinI,dinI,0.0002075310484808265,0.0006757758073510241,-0.0003856974607460208,430,6.671567093991735e-05,-1.97003379907435e-05,0.00014739821384835003,6.751374240941991e-05,-8.923613707656705e-05,9.349532749920351e-05,4.851720080562529e-05,1.8013272413409262e-05,-5.782509290233827e-05,-6.736081146545004e-05
ampG,ampG,0.0002069292287673598,0.0004114588820776927,0.00010691121348057822,431,0.00011630933637665166,-1.0487442207172186e-05,-6.781755159356205e-06,2.4761727692598354e-05,0.00011967268123331377,-5.2776373634870924e-05,1.2068744495501028e-06,3.4757623472355476e-05,-3.221925565376714e-05,1.2485812198056863e-05
fnr,fnr,0.00020582361822669604,0.00042112985593348794,-0.00030547378921354435,432,8.364554645143971e-05,2.540469469422387e-06,0.00010208536542557344,-3.2719636843701956e-05,-5.078909841121116e-06,8.000046699413448e-05,-2.19051417637864e-06,-5.563751918359321e-05,4.5204888739521974e-05,-1.202653880860102e-05
yhcE,yhcE,0.00020563008479250372,0.0008251892921069677,-0.0004983025049746256,433,-1.3319533237607567e-05,0.0003276319135386885,-9.271686733833421e-05,-7.36930928825973e-05,-7.727951675073146e-05,-3.651707525112298e-05,2.2079928195932194e-05,-1.625351819683841e-05,0.0001610614471728472,4.636399542267764e-06
hisS,hisS,0.0002051392948093606,0.0005008561649001636,-0.0002658157646770269,434,1.1600934651138203e-05,-1.7802019073909126e-05,-3.118709648113493e-05,-4.322410947701921e-05,-3.688248926092052e-05,1.0383030702480331e-05,-1.876272075241766e-05,0.00014432270048815734,0.0001369227002088796,4.976836380410656e-05
speB,speB,0.0002046475280519499,0.0003866332477616456,-0.00024225830808369736,435,-3.5334463570498405e-05,-4.711189240083521e-06,1.4341993415290588e-05,-5.0947207044265926e-05,2.3875791169870497e-05,6.244292323271995e-05,1.4200448420615947e-05,0.0001218063879815947,5.070681782818436e-05,8.26602585852169e-06
dsbB,dsbB,0.0002039500545269843,0.00042501188414299063,0.00016082436941378705,436,-3.668023437228451e-05,-8.919024662443287e-06,2.7302917756877673e-05,3.9112332249511094e-05,5.254797363053377e-07,-2.758000609468568e-05,9.564934628463502e-05,-3.735164967858969e-05,9.14149332308909e-06,0.00014274939998456924
yheO,yheO,0.000203914616385067,0.0006323441823302945,-9.623669330195506e-05,437,0.00010902243172057735,-2.910929529956641e-05,0.00013088949853502774,2.895972515263619e-06,-4.419399195085632e-05,-0.00010606257459379645,9.126904480473524e-06,7.105761112918984e-05,-3.484892112839455e-05,9.513698097714868e-05
rpoE,rpoE,0.00020375046899582576,0.00040173924054818903,-6.906625586346463e-05,438,7.756677925122237e-05,2.0425513294930847e-05,1.2683241975908491e-05,-4.030404693178758e-05,-8.209669924393864e-06,1.6946171464636936e-05,-2.777985994266689e-05,-2.2700808977333296e-05,5.926732536294673e-05,0.00011585582342236201
ydiI,ydiI,0.0002033060337870168,0.00035442004345752847,0.00014608577548384338,439,8.978851644447745e-05,1.0224822792862437e-05,-7.319573909078393e-06,3.03658958566438e-05,8.286229642883105e-05,4.153794749502696e-06,-7.30307424613595e-06,-2.5240935270784317e-05,-3.56934214092572e-05,6.146771234995524e-05
rluC,rluC,0.00020326241309294386,0.00043595180482925057,-7.46139636841087e-05,440,1.5407489160014443e-06,4.3065734250555934e-05,1.6269841021374517e-05,7.78404385853874e-05,-8.96030284042729e-05,6.161178739423498e-05,6.028387371679851e-06,-2.674166746388045e-05,3.716335689856e-05,7.60868145233031e-05
rbsK,rbsK,0.0002017944968638632,0.0002481007341332889,-6.126550840021826e-05,441,3.8850885923596794e-05,-9.085168116118807e-07,6.002746081537063e-05,3.3500425395542794e-05,2.1324625095046862e-05,4.852476375538275e-06,-2.0636887792330675e-05,-1.607714030770275e-06,5.0952298152247875e-05,1.5439443741232814e-05
gss,gss,0.00020136886753151407,0.00036943554552510256,-0.00011196527634207287,442,5.3564107865170135e-05,-3.828857938979848e-05,4.004680903790877e-06,6.585382943582092e-05,7.053503564643723e-06,-1.7539222201251708e-05,2.7405469098100173e-05,4.878044817151428e-05,7.87401674892682e-05,-2.8205537405744043e-05
wbbK,wbbK,0.00020074134255513893,0.00041251125935673987,-0.00012845904525698513,443,9.351044784332416e-05,4.364039838883509e-05,3.358444269607238e-05,1.94497481859879e-05,-7.272673452175671e-05,2.591703589360824e-05,-8.14751533984563e-07,1.1060929632659115e-06,-3.2343472345059196e-05,8.941813498484569e-05
gyrB,gyrB,0.00020029636115618063,0.0003222951006320497,6.997359745950498e-05,444,1.6203844267309005e-05,5.410164369898632e-06,5.238838734185948e-05,8.03309237404067e-06,6.134563684007164e-06,-2.969717383565898e-05,1.4756533088359049e-05,3.740182251884621e-05,-3.130219590227557e-05,0.00012096732324979498
ydiZ,ydiZ,0.0002002434865786792,0.0008030466685712809,-0.0005343705101228618,445,0.00027682275261757744,-2.9472800823451662e-05,-1.2891435133476166e-05,-5.1675562027761674e-05,-0.00013425562848258095,-6.177542225668227e-05,6.816909480946833e-05,-1.1330742272348168e-05,0.00013778555140968297,1.8867678738251337e-05
yfjO,yfjO,0.00019998996468629095,0.00024817991957228535,-4.135577831220635e-05,446,-8.848462652548331e-07,7.6871085891922e-06,1.1690085662105596e-05,3.137309380358601e-05,7.115413056119867e-05,1.0542745285934395e-06,3.321846605467808e-05,4.5891171592883706e-05,2.2016611337050455e-05,-2.3210131177742388e-05
deoD,deoD,0.0001989458979650382,0.0006275426715032323,-0.0003322929256133599,447,0.00014667688141085702,-1.8809386335204197e-05,5.164234059625453e-05,-5.072363322549923e-05,-3.627902355316841e-05,0.00010703428485797707,-5.407607267002848e-05,8.756163491453979e-05,-5.4410270985196667e-05,2.0329142954506778e-05
yhbJ,yhbJ,0.0001985655557102381,0.0004405810093340069,0.0001004099362231953,448,0.000148326213688897,-1.9426649913810583e-06,2.1759322866508786e-05,1.9335429132065573e-05,9.818665991919085e-05,-6.258229606663196e-05,-1.2790484903335761e-05,-2.941313748024961e-05,-1.4279143370285977e-05,3.196565691546029e-05
acrR,acrR,0.00019849826865836988,0.0003420452501881115,1.4707892390322852e-05,449,-1.0008531549897132e-05,1.2004566984018792e-05,-2.6440391699085908e-05,2.834143935312293e-06,7.458973339249456e-05,6.396092000066185e-05,-3.119502886734562e-05,-4.1295386485421905e-06,8.770319191421371e-05,2.9179203196539503e-05
fic,fic,0.00019796766153646088,0.0006437569371684909,-0.0004321766559662386,450,0.00022563415995697104,-3.876147530223954e-05,-1.721434864143151e-06,-5.514661382490572e-05,1.2361537794391999e-05,-2.8370593510722354e-05,7.946766033781029e-05,-2.457509912962914e-05,0.00010339894126330261,-7.431942118437513e-05
rfbX,rfbX,0.00019781896724062223,0.00040551867535889663,-0.00032776638667078773,451,8.607492593220851e-05,1.2306521289202057e-05,-1.936270747212967e-05,8.838397969997142e-06,7.250929420508119e-06,4.2365600362062085e-05,6.566115646675812e-05,-3.424109481419496e-06,7.917128985902339e-05,-8.106303710558799e-05
rseP,rseP,0.0001975368808236537,0.0008601824664924312,5.040541696175297e-05,452,0.00011018713670725251,0.0002033454959298221,-1.945143752664326e-05,-9.135589212826442e-05,7.08768100528566e-05,-7.178828494297707e-06,-9.994836446796782e-05,-8.028543759072895e-05,-3.3102832626486525e-05,0.0001444502309681112
puuA,puuA,0.00019697469808695173,0.0007176214893722607,7.2587628077676254e-06,453,0.00020172798810843038,-6.088223087382194e-05,8.351831768597098e-05,-3.710552874164214e-05,0.00012839472861011697,-0.00011125227046475354,8.167286928863042e-06,2.466224181734001e-05,-5.108336556243689e-05,1.0827530578884847e-05
mug,mug,0.00019677830060376496,0.0003719919336417936,-5.631964652868553e-05,454,5.989359587206468e-05,-2.7735932091055985e-05,-6.971044525626659e-06,9.273541132813561e-05,6.470198629598663e-06,-2.392355698213711e-05,6.761401090593908e-06,1.9302520263216117e-05,9.922198993917029e-05,-2.8976282920194554e-05
ygdH,ygdH,0.00019588077272672663,0.000689878079086697,-0.00012734049887114596,455,0.00017055883327181116,-3.068130301328263e-05,0.00010079124684340922,-5.331798081095431e-05,3.4922257682820248e-06,-9.659272418306886e-05,2.719335388852863e-05,-6.64066451726794e-05,5.67478741642182e-05,8.409589197046262e-05
mipA,mipA,0.000195864259221123,0.00036267990103710195,-0.0001688642309873407,456,4.989797800975528e-05,1.1092711700281885e-05,-8.327883667117647e-05,1.24872559801034e-05,-1.2898423681302883e-07,5.7944828520194745e-05,7.806428280325487e-05,2.2742349346346725e-05,4.5900931395574786e-05,1.1417423736007787e-06
ansA,ansA,0.00019564967089669554,0.00022453018856741553,-7.323109282115876e-05,457,1.5692518773331372e-05,4.033382338834906e-06,-9.791951580962561e-06,1.93319476320572e-05,2.267656021797244e-05,7.5756839569311e-05,-4.648307254397436e-06,3.311689680393589e-05,2.028100320887398e-05,1.920078118773874e-05
ychA,ychA,0.00019376331456380887,0.0005222300375320592,-6.416627484956685e-05,458,0.00013144433516113868,-6.559832133830609e-06,-8.191289252656146e-05,1.443707452654896e-05,2.805568218416513e-05,4.745953978308916e-05,-3.093020438159874e-07,0.00011429428124658523,-7.545133477991713e-05,2.2305763146406922e-05
ynhG,ynhG,0.00019368187962597207,0.0005975372916515281,-0.0001659792178411746,459,0.00020538616607914233,-3.638475506674923e-05,-1.5041294687799083e-05,-8.632057940028212e-05,8.905273878939502e-05,-4.696805151871359e-05,4.60353305313776e-05,4.40161787355493e-05,-1.7213025339233996e-05,1.111917150328586e-05
ispE,ispE,0.0001934304921790845,0.0005768437314837911,-0.00023940635207224772,460,9.245903698760295e-05,-1.869857766143808e-05,0.0001039201750499026,9.656848777748591e-05,-8.998372433819235e-05,9.218941201644632e-05,-2.8174131197270528e-05,-1.3225488135293453e-05,-1.2052004934283694e-05,-2.9572693385875186e-05
yjiA,yjiA,0.00019259551940994674,0.00045541861884790627,4.042551353585992e-05,461,3.792643334755424e-05,-2.147420877871831e-05,3.554959155234683e-05,-1.8174073565630075e-05,2.1415534522551415e-05,7.035354483968831e-05,-4.836232887058875e-05,4.5492909350803754e-05,-4.3400938504042646e-05,0.000113269055515982
ygfY,ygfY,0.00019248978936845437,0.0006161465329720091,-0.0004298663695465844,462,5.260100644155044e-05,-9.625006701531623e-06,9.529019653872824e-05,-4.9757519281063995e-05,6.334956146062668e-05,6.651490021509361e-05,0.0001107819150476899,1.578058146654291e-05,-2.0165513550554086e-05,-0.0001322803322686277
yhiR,yhiR,0.00019192687422685503,0.00039364918644338714,-0.0002423752763632065,463,5.155697377604697e-05,-3.2311648401701854e-05,3.979657749888443e-05,-2.644901531911875e-05,-4.210049238744545e-05,3.16596732928202e-06,7.543332274642563e-06,8.581225484614141e-05,6.158761797173523e-05,4.332530663838846e-05
ffh,ffh,0.00019132675780277755,0.00047723366413785254,7.954151489729252e-05,464,0.0001042855000241551,-5.120015384552037e-05,-5.284577810547818e-06,6.517289256358419e-05,4.8118645232888246e-05,1.62868396382616e-05,-8.506388835531097e-05,7.827373495786331e-05,-1.4048331561583478e-06,2.214259855356258e-05
ybeX,ybeX,0.00019062938554455867,0.0007722262671767087,-0.0003063011055937825,465,0.00011881915954136032,-4.5223085554804964e-05,-0.00011369481240207454,-4.9884901395902295e-05,3.7787525633538285e-05,3.286517171451224e-05,0.00022869782259294893,-3.6257157201045254e-05,6.325814687827385e-05,-4.5738484262247904e-05
grxB,grxB,0.00019037429560099343,0.0005113556824111381,2.26625307362858e-06,466,0.00015368473275766454,2.167290431295439e-06,-5.630807057956611e-05,1.3214815057582825e-05,5.746676473629542e-05,4.802763687555149e-05,5.066505460424332e-05,-0.00010037092580340361,-3.811697022102604e-06,2.5638694543432764e-05
diaA,diaA,0.00018955145375895187,0.00045226366188936466,-4.802399249882489e-05,467,0.0001278606919691697,3.3529039160242185e-05,-1.2687103388963129e-05,5.2209089503009646e-05,6.648178239759577e-05,-1.4902697474109093e-05,3.7065751869612416e-06,3.712037960717973e-05,-5.583916193159225e-05,-4.792714127054193e-05
guaC,guaC,0.00018940906958305766,0.000498064813483475,4.883815634582715e-05,468,0.00011367413046594321,-4.118564842175803e-05,-2.8899116200018207e-05,5.602002216995698e-05,-5.627222285889767e-06,0.000105311975816991,-2.87354132488606e-05,-3.904830802208514e-06,-4.597564099147358e-05,6.873081308037519e-05
speE,speE,0.00018931962198908716,0.00042995745485552604,6.451041236859616e-05,469,-8.092084344556359e-05,4.453599664918269e-05,0.00010128724294447375,4.622302965399743e-05,7.20335678902517e-05,1.678103641752718e-05,7.156568029214858e-06,-3.9398072987655854e-05,1.2962677203066453e-05,8.658419634592527e-06
ivy,ivy,0.00018909367260772623,0.0005745696584419422,-0.00038527903742597354,470,9.528623771034035e-05,-4.127045723986981e-05,1.0995860184818794e-05,4.776003432409196e-05,-3.911282457099621e-05,0.00017252220627714452,5.526732702843859e-05,-3.558126284533677e-06,-2.0566926594888484e-06,-0.0001067398921622194
argR,argR,0.00018890420293477347,0.000645801450077566,-1.5251084345735903e-05,471,1.698952643696649e-05,-5.51654701218356e-05,7.569195171037929e-05,0.00010669783169019177,-1.1937394228909189e-05,-5.271496766325103e-05,7.826410581036711e-05,-0.00010069691339063666,0.0001397094108582651,-7.933878166763803e-06
asnA,asnA,0.000188811397041112,0.0006322514773112378,0.0001272556332185736,472,0.00014984416212388446,-1.1611040527767312e-05,7.265288635266522e-06,0.00012400582698016743,0.00010720234693990769,2.2213812496948735e-05,-3.2158066845564375e-05,-8.633954093318789e-05,-1.8436733038310974e-05,-7.317465879023233e-05
argT,argT,0.0001885189557160105,0.0008656556682627597,-0.0004136989208839648,473,0.00012786809602901913,0.0002399565895932442,-5.996419625961382e-05,4.221190798069052e-05,-8.330671665314724e-05,5.3501955586762864e-05,-3.3654381837939624e-05,-9.014788761115351e-05,6.354876279966838e-05,-7.149517391152042e-05
purC,purC,0.00018768063166452604,0.0004613009991199444,0.0001109182718142179,474,9.973878036272916e-05,-2.903936057523638e-05,4.6192594991965825e-06,4.93154149353053e-05,7.365323890389487e-05,6.797975963122715e-05,2.853564159710365e-06,-3.065060601415655e-05,-7.712021713831626e-05,2.63307979001718e-05
ispF,ispF,0.00018764007026815437,0.0004132000280513863,-5.739851057462165e-05,475,7.588182972806209e-06,-4.280172645803944e-05,0.00010161305593031277,5.997759633904669e-05,3.026469676746405e-05,-2.596297937827439e-05,0.00010097651715014068,-7.964084086359185e-06,-1.0929675709198613e-05,-2.5121513259744373e-05
folX,folX,0.000187177617479057,0.0003650782708005193,-5.9060507628669114e-05,476,0.00011886212978187926,4.277534034227133e-05,1.1182485931331051e-05,3.885725987450881e-05,4.142133389366587e-05,-3.595552497316567e-05,-4.319937357845725e-06,-3.2454825486739e-05,2.3029394316131812e-05,-1.6220038842980756e-05
hns,hns,0.000185347452547384,0.0006020680010532455,-0.00011567214068764907,477,0.00021483966246046217,-4.9606663008214464e-05,8.548514916785961e-05,5.0854871144621606e-05,-4.5376870667256994e-05,-0.00010814269814514976,-5.2340424323095185e-06,6.1128474257310374e-06,7.055541149137488e-06,2.9359655452502856e-05
cysJ,cysJ,0.0001853412647185894,0.0006255850815792112,0.0002670315769687877,478,-0.00013627545330009504,-2.655458662867356e-05,8.659556717615798e-05,0.00012033414746481353,5.134055726407572e-05,9.268118512905376e-05,-2.5792417108059905e-06,-2.9991081738236542e-05,-2.4721545052499732e-05,5.451171611479924e-05
mscS,mscS,0.00018491999679537543,0.0007768296972975392,-0.00045733832854399177,479,0.00035579321686957604,-4.107789713659085e-05,8.017025562462542e-05,-2.149750499776143e-05,-0.00012901289364552934,-3.824030397086227e-05,-5.7345159295295854e-05,-8.781091205042111e-06,3.061014178327325e-05,1.430123276898258e-05
tdh,tdh,0.0001840934022482498,0.000468063790017356,-9.558679427185215e-05,480,0.00014804427610835692,-2.194066275381844e-05,-7.915810056398371e-05,-7.192321569034786e-06,2.940194865154657e-05,2.269617755471568e-05,6.672553635382107e-05,-3.369410899771622e-05,3.716698055867566e-05,2.204367690568703e-05
rhoL,rhoL,0.0001840154834869908,0.0005548872880816048,-0.00030569710389286725,481,3.1320784407878175e-05,-2.062340672080913e-05,9.945739557593311e-05,-6.368567404325354e-05,-3.415411341573161e-05,4.3414222157518396e-05,6.737984547865758e-06,0.00015152202183905548,-6.697270811751273e-05,3.69989772560469e-05
fhuF,fhuF,0.00018374163665516738,0.0006736384891222066,-0.00013507228464030197,482,1.8560241162736443e-05,0.00013741558326931186,5.702539423517769e-05,9.374349016749881e-05,3.284842879523579e-05,-0.000137014467972316,-5.676715305901658e-06,1.7714341228213395e-06,8.732549113590497e-05,-0.00010225724295530192
ycbB,ycbB,0.00018339348372764432,0.0004805866490369965,-0.00018559335705490638,483,0.00020819242336578826,-1.2642019762491479e-05,-1.3411684541913262e-05,-2.208157453291612e-05,2.7940452281996597e-05,-6.870374979169138e-05,4.4396742374942776e-05,-2.4798739612952343e-05,5.146044835959278e-05,-6.958814412711524e-06
arnA,arnA,0.00018314115653588292,0.00043796891327019586,-5.6151363847201755e-05,484,0.00011381100763217061,5.867417778171404e-06,-7.005061290595026e-05,4.148432428883391e-06,4.944862415421028e-05,6.526669551028154e-05,1.647174127039577e-05,4.564327636767949e-05,-5.736326546120621e-05,9.897839761246911e-06
ycdW,ycdW,0.00018302427356134028,0.0005135945947896436,-0.00030807692955557407,485,0.00011741048762507187,-4.50627630593497e-06,-4.746404232371821e-06,3.0256632190946365e-05,-1.932486262594811e-05,0.00018512723045107068,-4.350224098149245e-05,-1.9747278906289105e-05,1.551508390840298e-05,-7.345809756211514e-05
yafD,yafD,0.00018214478225088743,0.0003948167584884832,-0.00035115957494787336,486,5.783488132003482e-05,6.215536351797889e-05,2.4797548868588146e-05,-4.9082135515014224e-05,5.8879010175366654e-06,1.2363418799925933e-06,-1.9203120961721682e-06,0.00013656873376555417,-1.4020378656596077e-05,-4.1313161851015414e-05
adhP,adhP,0.000181972847543653,0.0010409543139414741,-0.0004850503562173395,487,0.00027051627812690464,-3.5610024187437256e-05,0.0001017702852823939,-0.00012068150552166907,-0.0001622418604420415,-4.271856954837677e-05,-5.464788368618771e-05,-1.3590889813198283e-05,0.00010779240570639768,0.00013138461162686736
pabC,pabC,0.00018194048760613487,0.00044593475241841803,-0.0002179049669467222,488,7.281205356208472e-05,-3.942585720334449e-05,1.244244713429925e-05,2.0345653012576532e-06,-4.296652198649055e-05,0.00011465861304455177,8.904022395514382e-05,-3.61425308449661e-05,-1.3462222371340431e-05,2.294971701493924e-05
metJ,metJ,0.00018177942387886695,0.00039690527289777905,-0.00011322135832464757,489,-6.765572005050359e-05,4.400221315442846e-05,2.9958859155374506e-05,-5.688993674480471e-06,4.6557504019214075e-05,7.188307945623472e-06,0.00011002988024499504,-2.7628733216848077e-05,5.160558386868744e-05,-6.589477567623927e-06
murF,murF,0.00018152068589547666,0.00047633759657131754,-0.0001252910947433408,490,8.904493041900547e-05,2.638332366781093e-06,7.442346105633192e-05,-3.812508386725615e-05,3.183538858172376e-05,2.811839382213344e-05,-3.350876494765581e-06,-0.00010593249497589869,6.846414412582109e-05,3.44044908616003e-05
lgt,lgt,0.00017982532384676494,0.00067966448724162,-0.0005284404843506775,491,2.503427993626307e-05,4.737599736158641e-05,-1.988261594142146e-05,-0.00013196548419566485,-2.0571422867047656e-05,0.00015099555311638357,-5.572938550404975e-05,0.00012408892663314268,8.225014849681675e-05,-2.1770673189243814e-05
artI,artI,0.00017979850919781087,0.00041052235458700155,-0.000253127660458591,492,7.093106977167264e-05,-2.8190156403781415e-05,1.646239841275051e-05,2.0032316300759707e-05,-8.717176629081393e-05,0.00010943502308127184,2.349340608771981e-05,1.7282065573380816e-05,7.049278305186775e-06,3.0474874359664146e-05
cpxR,cpxR,0.00017934184655035614,0.0003972631543298287,-6.692429091457838e-05,493,4.316848380581605e-05,-2.03912614634233e-05,7.73745105577119e-05,3.024598392758009e-05,2.1840486868106324e-05,-1.0841891906041109e-05,-3.898492596414215e-05,-3.8742574556129706e-05,0.00011155072825867559,4.122307022202478e-06
ycbT,ycbT,0.0001787632719985474,0.0008443224058845766,-0.00014336317810310415,494,3.162957752994291e-05,-2.2321192533882445e-05,-5.667973085042882e-05,-2.856948596008958e-05,5.536788440522029e-05,7.565918155210658e-05,0.00034888619545429226,-0.00015053599394224178,-6.55748121589629e-05,-9.098351497409058e-06
yqgB,yqgB,0.00017853717970048481,0.0005542853647619877,-2.1825274429964717e-06,495,-0.00012697721686081038,9.830427387514746e-06,-1.093381971525262e-05,3.1662478795529086e-05,4.101744070095551e-05,0.0001253850657897521,-1.7517351179459525e-06,-4.821132083674249e-05,0.00014301845292522523,1.5497406632259573e-05
rhtB,rhtB,0.00017780888872276948,0.00032720008132588844,0.00010820040024966883,496,-1.0982400871525384e-05,6.578349160147344e-06,2.3330248659513307e-05,0.0001088649353483775,6.65233522182023e-05,1.191757016304693e-05,2.105694962287684e-05,1.4233079852164747e-05,-3.1329552349673443e-05,-3.2383643080360635e-05
rfaL,rfaL,0.00017747873407782453,0.0006339911503954179,-0.00035989917818292816,497,9.53109670123415e-05,-4.2802474256592325e-05,9.122882194219366e-05,-4.7166464966064385e-05,-0.00010900727611123699,-6.543078733635104e-06,0.00010500334401823519,4.922829023910132e-05,-2.2736914091267902e-05,6.496351902474957e-05
minE,minE,0.0001772618293667184,0.0006251629128414026,-0.00033377970488758686,498,0.00019484852818065868,9.785005785065071e-06,-6.960198010315905e-05,-7.79171780071513e-05,3.030405292020763e-05,8.338797063806642e-05,-4.578557095354123e-05,5.975046779077102e-05,2.3136345789291684e-05,-3.064581267349055e-05
ydgA,ydgA,0.00017703532703608617,0.00035540212140278496,3.978301768714802e-06,499,8.129270474347066e-05,8.489372583550747e-06,-2.2151737136310588e-05,6.449123250407034e-06,-2.631554970257472e-05,2.0163920871198035e-05,1.4733696138451257e-05,-4.071611034446405e-05,2.4716665777789638e-05,0.00011037324085456819
yheN,yheN,0.00017697344082562817,0.0004031778983443165,0.00018175058688705583,500,2.517584963169812e-05,7.07397708770503e-06,-6.671726840925171e-05,-1.3859953206233155e-05,6.944808733856889e-05,-3.2048345256265365e-05,8.953305539972579e-06,5.565057026302145e-05,-4.766618875939193e-07,0.00012377387972400627
oppD,oppD,0.00017694655358743488,0.0007863372906534888,6.344917798093824e-06,501,8.258744647345982e-05,-3.8745049344628816e-05,-6.106194523302464e-05,6.385857046465855e-05,-0.00010124012050166647,7.027218633884787e-05,-0.000103648253453707,8.094885670473151e-05,5.494757640899177e-05,0.00012902728572977226
ybbP,ybbP,0.0001768565710237846,0.0004202579286389743,-0.00013673819909789826,502,-4.260446091468492e-06,-1.6708477051829372e-06,5.437184649028423e-05,-3.073789994549886e-05,-1.5480158377673443e-06,8.002687545365884e-05,-5.12745526275224e-05,0.00011181342614122705,-3.220891660015484e-05,5.2345101746209366e-05
xni,xni,0.00017650440877589474,0.00043653272996589773,-2.1787155256485023e-06,503,-4.865973898661838e-05,-4.308548986023297e-06,8.434606401086353e-05,-1.2893516091235574e-05,3.6176253419945436e-05,5.954414622552291e-05,6.257199641815108e-05,-2.9099273650096703e-05,-3.505308288102752e-05,6.388010929641325e-05
trpS,trpS,0.0001762815282022794,0.00036213845493266274,7.2085058122290555e-06,504,0.00011511371532345591,4.534692656268091e-06,2.570097861491725e-05,2.7385398227615973e-06,6.64223690499106e-05,-7.179692755380028e-05,-3.4895328868740095e-06,-1.764200292451742e-05,3.21155879655756e-05,2.2584108134582014e-05
tesA,tesA,0.00017614208193433845,0.0003504982185063293,0.0001460907812562198,505,7.605063732685125e-06,-4.169431901159409e-06,5.6018901036736364e-05,-6.934021963516857e-06,0.00014246807773810307,-4.2598182748264385e-06,-1.631664842916949e-05,3.164573189211642e-05,-5.549814771732325e-05,2.5582375820692912e-05
nrdI,nrdI,0.00017551835045943694,0.0009783414334921814,-0.0003401757789702232,506,0.00010674422627839318,2.892347838727537e-05,-0.00015872916975392923,-7.291702702049799e-05,-3.165168405991422e-05,6.156783537306395e-05,0.0003540023980429922,-0.00013811366068203071,3.4519570690653606e-06,2.223999682501906e-05
nuoJ,nuoJ,0.00017540097125149913,0.0003456810353069664,-9.440234121967377e-05,507,3.316048627416845e-05,-2.798627439957639e-05,2.3419966592003212e-05,2.4378870015683987e-05,-5.224210530278349e-05,4.403322313054675e-05,6.3194521827769086e-06,-4.9116523253737606e-06,6.0866454781041286e-05,6.836255030301218e-05
yagJ,yagJ,0.00017537819070964736,0.00060829988472415,-5.8248970817604247e-05,508,1.9416414538096e-05,-5.068337869738712e-05,0.00011238242243168296,6.231158834406045e-05,8.259436970576718e-05,0.00011261925253090291,-5.7779051416413814e-05,2.514990166389202e-06,-2.1657068789644343e-05,-8.634134810380608e-05
nadK,nadK,0.0001750837366385038,0.000540569563229593,0.00011617723655944584,509,0.00010084978113629952,-4.404474626285697e-05,-5.428214323309899e-07,-3.3504676889290525e-05,3.81515311788931e-05,-0.00010465066871106617,1.955399173400779e-05,3.0250306519033022e-05,2.8037407056442775e-05,0.00014098363230937225
yhbE,yhbE,0.00017446001324118184,0.0005195972017946224,-6.149805544110936e-05,510,-0.00010600363725006345,-4.497600753158731e-05,4.021753535200326e-05,8.751820693604138e-06,6.93181077015016e-05,5.565137508528557e-05,7.778072660150494e-06,9.77378258771259e-05,6.757387014823115e-05,-2.15889494950695e-05
yggN,yggN,0.0001736751180038611,0.0003763322932141261,-6.97077930679238e-05,511,5.993403863757254e-05,1.6250408075719282e-05,4.226966039917644e-05,6.084857586680825e-06,-1.388909685696781e-05,1.982570506157766e-05,-8.951531573861847e-06,-7.848795917430283e-05,7.085113411001121e-05,5.9787901738255655e-05
nudJ,nudJ,0.00017271239021511537,0.0003857021189968449,7.162363192091199e-06,512,-1.2710664920855172e-05,-1.1895357256501679e-05,7.16539651739689e-05,3.5777621954000664e-05,-2.0434045565337864e-05,8.56507185905656e-05,9.282232026213767e-06,2.2489165462907282e-06,-6.145479664817008e-05,7.45938003149405e-05
gnd,gnd,0.00017224173015026694,0.0009140145455525109,-0.00012252781951792088,513,0.00026673628158997617,-9.237575910169433e-05,1.5043346370158934e-05,9.47859206602036e-05,-0.00010477820568049223,0.00013171334889458856,-0.0001001334501453827,-5.455671133717464e-06,-6.814332163983529e-05,3.484924033646167e-05
hdeA,hdeA,0.00017181890374873623,0.0020554775736712234,-0.0015380157714211615,514,0.0005335773854716559,-4.84406415023393e-05,0.00023585527475103893,-0.00032316205371323177,-0.000361512048375056,-0.00020871459137061665,0.0001095690516960846,0.0002061301908529097,2.6940667686215673e-05,1.5756682520750738e-06
murE,murE,0.00017110682930826,0.00030400644419844154,-7.535626212415025e-05,515,1.2151682478764767e-05,-1.5763852993494524e-05,9.939028748984979e-05,2.5679100793076016e-05,1.1686218463625826e-05,-3.231210074109145e-05,-1.8373853710504807e-05,8.521560364018944e-07,7.728722715627944e-05,1.0509964335353013e-05
yeeZ,yeeZ,0.0001705864332104994,0.0005774376452436144,-0.0002647138119859342,516,0.00019918208711406138,2.559807945646129e-06,4.495584246048263e-06,-5.539699229525459e-05,-8.154212079913896e-06,6.509965401151576e-05,-0.0001398744016413891,4.6120090362994775e-05,4.0067300559339584e-05,1.6487514987451036e-05
mobA,mobA,0.00017034366384705845,0.00040690907854270424,6.830598227353403e-05,517,-1.955986231222562e-05,-2.223540273866937e-05,-1.1715953446040756e-05,-2.7048893408616685e-05,7.285855253810748e-05,6.384611273587996e-05,6.309212706369958e-05,-3.7722595442270484e-05,1.531441492638889e-05,7.351516393080544e-05
yebA,yebA,0.0001703310421575681,0.0006719663736675135,-0.000580497997839432,518,8.319639619216026e-05,-2.69279095345566e-06,-1.0846974513622892e-05,-4.302000464360439e-05,-7.115204278394804e-05,0.00016277519450509545,5.230927087410814e-05,-3.219442244696217e-05,0.00012286784634117688,-9.091143041337954e-05
livK,livK,0.00017032981574617887,0.0006393378696524052,0.00014114924361994748,519,0.00010470896397606717,-2.26198025109298e-05,-9.194500907305718e-05,0.00011788732960825648,-4.1509330359313044e-05,0.00010287601868084865,-5.2019928356527955e-06,-1.5009281313106307e-05,-5.821861086105404e-05,7.936153043411974e-05
polA,polA,0.00017024553081939345,0.000630151838602327,-0.00013990806137596752,520,0.00012173258758270267,-2.033257678428517e-05,4.237687385673337e-05,-7.501791396196559e-06,9.183703102983374e-05,8.535722166101749e-05,-0.0001278497131498242,5.8894970580572925e-05,-5.102567649236607e-06,-6.916650491192425e-05
thrB,thrB,0.00017022618279337312,0.0005309576063725582,-6.279297637765461e-05,521,6.09784994506017e-05,-6.304465501721321e-05,-4.7886518122755415e-05,-4.934422645669967e-05,5.74148436330622e-05,7.941432824076813e-05,8.535846633862228e-05,2.1779770888414632e-05,-2.009031219292425e-05,4.564598603149672e-05
ttcA,ttcA,0.00016973389254566724,0.0006770101108136315,-0.00037331139206028493,522,-0.0001424259006953257,5.520406410646995e-06,0.00016154421964174377,1.1049836985359929e-06,-5.069566577571722e-05,-8.318474982811606e-06,7.504024592962282e-05,8.030743895818558e-05,9.985470704091426e-05,-5.2198067680127626e-05
sodC,sodC,0.0001695340114630653,0.0007078684159544699,-0.00025885996293713005,523,0.00019276227438273295,-1.4586950308526541e-05,9.12055814883339e-05,-7.791017659156027e-05,-2.8823166774480356e-05,-9.291145372364227e-05,8.222053613648355e-05,-5.493545484749288e-05,1.0442454072208928e-05,6.207036762900827e-05
hslO,hslO,0.0001694306573227283,0.0006574918492249682,-0.00013550832124964053,524,0.00011651088893640897,1.4164084174819108e-05,2.4906983699790405e-05,-9.393682757381109e-05,0.00016029439277648528,6.73573188877734e-05,-6.20919336913144e-05,-3.860543751986415e-05,3.0227584798571083e-05,-4.93963971661303e-05
znuC,znuC,0.00016928197975586178,0.00029533425810591074,-0.00012097924648048531,525,-2.660942914952265e-05,-1.172730024804996e-05,1.3740898038018395e-05,-2.6545531764198374e-07,4.884077641514012e-05,3.300011690835349e-05,5.849177895894022e-06,7.598902077384421e-05,5.488812889963603e-05,-2.4423954459809907e-05
hemL,hemL,0.00016859173044365844,0.0004585368940251793,-9.469868868386374e-05,526,6.505885062728008e-06,-7.873559490120197e-06,8.303344073869846e-05,7.48951783849003e-05,-3.8578029858890116e-05,4.153122956390933e-05,0.0001069692061302956,-4.020672821325223e-05,-5.8314264228497885e-05,6.293723538871558e-07
rimL,rimL,0.00016844457270014728,0.0006370160726400973,-7.016136988874906e-05,527,1.561408862695967e-05,-4.5089404164014215e-05,-5.5112574618404335e-06,-0.0001084769943014583,-6.402718578301084e-05,7.212480318004232e-05,4.496048493938075e-05,-1.1180908259651254e-05,4.8385164433571324e-05,0.00022164578149016826
yfgA,yfgA,0.00016832103030269536,0.0004626258180214247,-0.00011599540642363347,528,-2.2643086363843696e-06,3.4173263855331583e-06,-3.632667338732942e-05,5.2443517540781924e-05,1.3248517082292698e-05,4.402086013071281e-05,-6.903218915210725e-05,9.455538876840585e-05,0.00010778781425433363,-3.952922268354368e-05
cysQ,cysQ,0.00016813013974951746,0.0006085351361838551,-0.0002314114427120826,529,0.00014282552528393813,-2.9133679183059776e-05,4.8000454832905905e-05,4.281314331755493e-05,-2.8319074577557526e-05,-7.06783567302086e-05,-4.593666750506292e-05,0.00010057382648298658,5.411968804930071e-05,-4.613472022127996e-05
dfp,dfp,0.00016768013626213267,0.0005055946742408443,-0.0002276189223554254,530,0.00012488467295655338,3.5894152808186114e-05,2.7797145263240078e-05,5.983158703783823e-05,-5.9640447054722544e-05,5.8877222282920225e-05,2.2766249827661398e-05,-7.915628890487123e-05,6.586375075089068e-06,-3.0160533029762048e-05
slyB,slyB,0.00016638144750669284,0.0004646700666931383,6.602852024721191e-06,531,0.00016316274142913467,-4.1529800017564526e-05,4.951297312230808e-06,2.112583607151702e-05,-2.565027790860789e-05,2.5294101925088516e-05,-4.599450594616473e-05,9.975188759146695e-06,-3.596972572088563e-05,9.101659160279788e-05
elaA,elaA,0.00016553064629781325,0.0006238261057126499,-0.0003875583450421175,532,0.00020568019562118393,-9.415070525435237e-06,-4.754333269238791e-07,-9.439256800575738e-05,3.913770383406482e-05,3.837264642595469e-05,-5.398457244154722e-05,0.00011148783012402811,-1.5121100207295012e-05,-5.575898520045957e-05
chaC,chaC,0.0001649688051591361,0.0004084043693131566,-0.0003596428087317035,533,0.00012105134803286695,9.083693166540826e-06,4.912179822318706e-05,1.534819412401622e-05,-0.00012171778207701025,4.2128875402405825e-05,1.7371207539377653e-06,9.920675547156417e-06,2.926229581932493e-05,9.03258616671036e-06
iscR,iscR,0.00016455931095628277,0.0006760066976908787,-9.209606672634918e-06,534,9.69366528331222e-05,-4.799804681879637e-05,-4.520436855354648e-05,-2.197358115912547e-05,0.0001349931357807156,7.16062279218694e-05,0.00011674698778787355,-2.1162900765682446e-05,-8.404009359038101e-05,-3.534470247976621e-05
pyrF,pyrF,0.0001640424994054363,0.0008499007724046308,-0.00021876567009290512,535,-0.00018647541015695754,-5.462512753117102e-05,6.955506305799487e-05,-7.15266123743331e-05,7.446701346773431e-05,0.00018154693840802342,0.00011097906049743026,6.60736523139064e-05,4.349908159944315e-06,-3.030198643713563e-05
moaE,moaE,0.00016356092030369023,0.0005393919291653323,-6.232326733281015e-05,536,0.00015113032525694293,-1.630729566266276e-07,5.51776280871281e-06,-7.998033591977326e-05,4.9600890021952316e-05,-4.265807987983238e-05,6.422917426364225e-05,-5.4520568330276585e-05,-1.059344734431221e-05,8.099827238326099e-05
ydcE,ydcE,0.0001632380357937503,0.0006209820026925713,-6.94913912282959e-05,537,0.00014023077341404565,-1.183273079522107e-05,9.464822706621522e-05,1.6392570684745396e-05,-4.0882497119949574e-05,-0.0001275532557975501,-2.416749192055753e-06,6.947519936022308e-05,-4.6186750544633924e-05,7.13632487179314e-05
yniB,yniB,0.0001626801806136829,0.0004774244397029297,-7.256389693313096e-05,538,6.201900413866831e-05,-7.87246875722116e-06,5.0820025055053746e-05,-3.343544338465358e-05,7.817449946139448e-05,-4.846594355561838e-05,-5.758082495386649e-05,0.00012871969573965473,-1.0017448893263839e-05,3.1908576353505104e-07
yhhX,yhhX,0.0001622414778532026,0.00028199091784951333,-0.00026503806675680483,539,0.00012979237487531665,-1.786453643224332e-06,3.007104697882619e-05,-4.353338443723481e-08,-5.2797052427556535e-05,-5.247680542937213e-06,2.7501509955843544e-05,1.674766401452759e-05,1.6561310666651305e-05,1.4422913601926682e-06
nupC,nupC,0.00016207123589990715,0.000842737041870913,-0.0005230331813877115,540,5.943258696118108e-06,0.0004964608801892919,-4.6145262939868256e-05,-8.520522768404109e-05,-7.818688100878782e-06,-1.7760349356425678e-05,-1.5420682327391272e-05,-3.140644962914126e-05,-4.911918598877429e-05,-8.745705695898224e-05
stpA,stpA,0.00016179973764840914,0.0006299273031026507,0.00016650806622961175,541,3.251666529059332e-05,-4.333734381233521e-06,-0.00010109500990111355,1.674837468849911e-05,0.00011808775765047188,9.327766404777508e-05,0.0001059152890981511,-7.95407892016823e-05,-4.909424924309144e-05,2.9317769600039472e-05
npr,npr,0.00016176695485627191,0.0004925745557015028,-0.0001856911266471927,542,9.938789169360269e-05,-4.344861118325117e-05,1.674977255006157e-05,4.625975346000566e-07,-3.513551418378814e-05,-8.681967505557613e-05,9.07894745489169e-06,8.689413707974255e-05,9.18865782122611e-05,2.2710830753727702e-05
pncA,pncA,0.00016081693704170927,0.0004451765761555929,-0.00014286276871959213,543,2.681905394002863e-05,0.00018379496313011677,5.405930551026805e-05,3.832343401823763e-05,-2.036524382536162e-05,-6.710390422004606e-07,-1.2875419042552419e-05,-6.0795232400147544e-05,-3.849177921486232e-05,-8.981106031817411e-06
minC,minC,0.00016038209296716975,0.0005563988391836047,-4.934713602465905e-05,544,7.469293776766817e-05,-3.246451716310284e-05,3.683966569698219e-05,3.10613795535364e-05,6.015202334241957e-05,0.0001340311610340781,-6.25620683171893e-05,-6.728586320322472e-05,2.161329868070279e-05,-3.569592442470063e-05
fabD,fabD,0.0001599620423691288,0.00035548702658421343,-0.00013855084743849975,545,1.3774200970509344e-05,0.00010930652517582812,-2.9287587387960163e-05,3.676412932527269e-05,-3.246170320819806e-05,-5.693955156908642e-06,-2.505353102688198e-05,-5.2657153275934495e-06,9.147650765682104e-05,6.403171348239891e-06
rpsO,rpsO,0.00015988253111974549,0.0008837200285522488,-0.00014693875209687693,546,-0.0002042469618146117,6.296237099505451e-05,0.00017187293782851783,9.094028184753356e-06,4.4544636285210066e-05,0.00015620390334829246,7.712340319416883e-05,-5.5721868658136386e-05,-5.478314328497437e-05,-4.716677495852916e-05
gapC,gapC,0.0001598685734728568,0.0004338005885893953,-0.00021297349582547436,547,0.00021119198976350613,-1.1817391663736266e-05,1.9487784029493755e-05,-3.312145527109742e-05,6.840756865235163e-06,3.281858044489941e-05,2.649546992799161e-05,-7.561471301852868e-05,-1.6140684834460345e-05,-2.717627704465447e-07
folP,folP,0.00015985059053576412,0.00045913642499462073,-0.00013305852510922024,548,-5.0151852085491935e-05,-2.27546446879579e-05,0.00010457834550219486,1.870136720256529e-05,7.143108596668512e-05,6.386912638620378e-05,7.524795243365949e-06,2.5407603777930206e-05,1.7981183686247222e-05,-7.673642045597847e-05
der,der,0.0001595770254564299,0.0008344494435142989,-0.0005968846368678011,549,2.222111784399788e-05,-2.3959362113885087e-05,-1.766881791965121e-06,-0.00014370687074353796,-0.00011733892886921486,-5.0664165510331434e-05,0.0001625391377383563,0.0002513933229285894,1.8467662067353585e-05,4.239199390706721e-05
nadB,nadB,0.00015918234276895407,0.00037012469441716916,-0.00021436489561651138,550,0.0001675528163434603,-2.8919720291632653e-05,7.783396155270917e-06,-2.221985191542852e-06,5.631478874765613e-06,4.717840445236566e-05,2.580735262650965e-05,1.0700070140689463e-05,-4.33287002339306e-05,-3.1000770107001425e-05
lepA,lepA,0.0001590651072063047,0.0003794087572962741,-0.0001687113809661103,551,7.011669289250756e-05,-5.2491997212628035e-05,5.587583229844805e-05,3.851716961793248e-06,-3.001096652475276e-05,9.208506967656101e-05,2.59715077389228e-05,-1.3361024552245673e-05,-1.4307836755358238e-05,2.133611268305671e-05
mviM,mviM,0.00015845632458313924,0.0004084400452294335,-0.00015594479083428078,552,9.961635416395161e-05,-2.2558388862492452e-05,6.986887374705923e-06,-3.2832980144608894e-05,5.307288081791261e-05,4.210185377579013e-05,-5.06163575171713e-05,2.0715314974179538e-05,6.095489379974657e-05,-1.898413379887447e-05
proS,proS,0.00015837377812640775,0.0005145102336763747,4.608887854202123e-06,553,7.373535416386155e-05,-2.2067165696628863e-05,-5.7290423412067515e-05,4.3746338077066495e-05,1.2092893075782777e-05,6.0782430263804317e-05,0.00012043288848342045,-4.8013971826952587e-05,-5.0696666839334535e-05,2.5652101837455658e-05
bcsG,bcsG,0.0001573308941567403,0.000705780485785083,-0.00012564650287436767,554,7.59333556968082e-05,-1.6681319959097396e-05,4.92214351180928e-05,6.296911264664807e-05,-2.2831581398841413e-06,-5.827880307850146e-05,-0.00011140315729115905,-4.073459847995168e-05,0.0002434317865093626,-4.48437588655776e-05
yabI,yabI,0.0001563155384227299,0.0003372623070794296,-0.0001350396739087802,555,8.341582703493683e-05,-6.458067510360529e-06,4.795918284177471e-06,-5.4530160081901e-07,1.9928850631734504e-05,-3.292596260180765e-05,4.1157587691656223e-05,9.749073910857471e-05,-4.1798435841422e-05,-8.74561677394066e-06
yceI,yceI,0.0001561419326853191,0.0003757160500690684,0.0002295117687300495,556,5.088690743938725e-05,-5.0613770714163826e-05,-1.5195060305043244e-05,9.35843798524483e-06,7.235679742013532e-05,-1.2521901085796522e-05,-9.529831076337423e-06,-2.1926495510533622e-05,2.2215233230122203e-05,0.00011111161530230417
rnc,rnc,0.0001560302540839217,0.00038887906486886295,-0.00025686744011613736,557,7.923122325803992e-05,0.00016227474084028545,-3.1830240580399233e-06,-5.248613969440711e-06,-2.8598509733039e-05,3.0948695378066946e-05,-4.321284960163426e-07,-3.0266614627208152e-05,-3.2124045195098396e-05,-1.6571469313628088e-05
kdsC,kdsC,0.0001547439450722606,0.0005943821330439549,-3.2657338363766e-05,558,7.83995247345197e-05,-6.926076617272372e-05,1.4553506643980937e-05,2.963979303565351e-05,0.00010752461496725688,-5.523760918885119e-05,0.00014019672801738662,4.248871659310162e-06,-1.919961397560921e-05,-7.612110464866309e-05
mutY,mutY,0.00015470756132254766,0.0007104783767815242,0.0003973760071204151,559,5.173283676204602e-05,-2.6116728337873416e-05,7.389070985329702e-05,5.709404404923725e-05,0.00014402923326413994,-0.000110515275661589,3.092763821521157e-05,-9.025027477807246e-05,-5.1003128951953464e-05,7.491850690810415e-05
prfA,prfA,0.00015415412345725808,0.0006216567268813992,-7.36899048763088e-05,560,6.632435515407093e-05,2.3451918903231795e-05,-7.479838933810307e-05,-5.010317059479411e-05,5.6877293006214965e-05,9.932781847161995e-05,6.819449723872382e-05,-0.00010884974177917336,4.027155551641338e-05,3.345798687905379e-05
flgI,flgI,0.00015389988453211103,0.0005694260774393572,-4.3398814373224875e-05,561,2.902353996655453e-05,-6.464975480789571e-05,-3.898960579660207e-05,0.00014265225997685325,-8.267780836963158e-05,-1.3595150961344592e-05,0.00010130467785275445,8.868250318957185e-05,-3.1268599903705384e-06,-4.723916527778609e-06
yeaH,yeaH,0.00015376073801119504,0.0005178215857403346,0.00010323174696588788,562,0.00015262629123177817,2.1234028092866888e-08,5.3387873703851904e-05,1.0330249315458285e-06,0.0001287227379804961,-7.165530476945615e-05,-3.044482254730598e-06,-5.9809951639752314e-05,-4.6261164777130264e-05,-1.259520423500438e-06
focA,focA,0.00015363571388774867,0.0005689196320675657,-0.0001892991832859891,563,5.283238840904512e-05,-1.7796308813435508e-06,-0.00010704627631912138,-2.6998530975850204e-05,6.607376188423665e-05,-1.491055530608673e-05,9.578245144323365e-05,4.23921878896781e-05,0.00010419688335146366,-5.6906965607506667e-05
fklB,fklB,0.00015354894204889103,0.0004028689615636696,0.0001527281580276152,564,1.4834167205761483e-05,-4.949467888475605e-06,1.4657568244049568e-05,3.7977936425409226e-05,4.7786944683728216e-05,9.557866631821614e-05,-3.628877294593719e-05,-7.902056345489044e-05,-4.401205468086021e-06,6.737366892911568e-05
yfaZ,yfaZ,0.0001524877932947786,0.0005334837608708728,-3.939431476611695e-05,565,-9.703531223422254e-05,9.763611406059603e-06,7.945928257107742e-05,-2.4481892847057957e-05,8.486933441266012e-06,-6.898077870676665e-05,3.16662536518539e-05,6.942429238917073e-05,7.16437049532753e-05,7.254169867012276e-05
pdxB,pdxB,0.0001523867485091703,0.0003356416616180087,-5.822303012934307e-05,566,9.614269376907905e-05,-1.5041817182982277e-05,-3.549675518939517e-05,1.5579786648670679e-06,4.2590834334589214e-05,7.561468844244765e-05,-9.497943828203371e-06,-3.1590940353838383e-05,2.517496366214919e-05,2.9330461904573344e-06
yfaP,yfaP,0.000152369091640747,0.0003901868407786595,0.00014653075940965137,567,2.348326358771015e-05,-2.525260850160349e-05,7.442703028516478e-05,3.820568374767034e-06,-1.562927709189514e-06,-6.945594089286933e-05,1.7921249968964226e-06,2.0562694105543208e-05,-2.26373974652939e-05,0.00014719228485962166
cls,cls,0.00015205030007645518,0.0010468443828105956,-0.00019997618328583655,568,2.4713748511949493e-05,2.247944026303368e-05,-0.00020302302257670842,-0.00013829690011277147,0.00012161781686552677,9.183703310280713e-06,0.0004177571870645572,-9.87932603201443e-05,3.695445428177511e-06,-7.283858357446018e-06
serB,serB,0.00015204179139009314,0.0004526888576377434,4.746654698950498e-05,569,2.3402127773404677e-05,-3.360462857722736e-05,-6.643489902593443e-05,-5.028400552066334e-05,0.00011516101563508218,2.9876874536496555e-05,5.0952326171564167e-05,1.8480629780477655e-05,2.9615191541512828e-05,3.487715907538021e-05
ycgB,ycgB,0.00015173797055752678,0.0007942379389445995,-9.281993537822402e-05,570,0.00034085426721663296,-6.933002432283066e-05,-0.00015356670419742368,3.333870846740236e-05,2.887494550584147e-05,-2.1866351961303178e-05,-4.37322673283864e-05,3.0754576774639345e-05,3.916545678654704e-05,-3.2754636383592455e-05
frr,frr,0.00015052303525500232,0.0009046153011169179,0.00013225130748111767,571,0.00012297520727637352,-5.70712342873567e-05,0.0001548938162942842,8.127520555188588e-05,0.00011057892184241879,-3.301970866099393e-05,5.784601722099771e-05,-6.341391587673927e-05,-0.0001730743180796232,-5.046695602624466e-05
ispB,ispB,0.00015017550248800642,0.0005415159815741879,-0.00038725441804247386,572,0.00011654420893874716,-5.760542559071481e-05,8.121422010118768e-05,-2.841066398466155e-05,-5.9092120331161616e-05,3.0537294094534576e-05,-1.952535617514225e-05,3.160352251920398e-05,8.594649637742383e-05,-3.103667346141059e-05
ydhJ,ydhJ,0.00015004840704257137,0.0004108913785209777,3.407839647915763e-05,573,3.195535864778188e-05,4.380881769059385e-06,0.00010984325390280435,2.3690130052893217e-05,4.4592051131826654e-05,1.7542150843262654e-05,8.137147910872917e-06,1.6547697947128846e-05,-0.00013042148573920318,2.3781220576144638e-05
pgk,pgk,0.00014965550330770097,0.000778779790194634,0.0003227094941821887,574,0.00022546725638363362,-8.969145726831972e-05,-2.6944806695005112e-05,9.387311246325824e-05,7.844265609535928e-05,2.567891622588989e-06,-6.560576497646987e-05,-3.001457526883668e-06,-0.0001293186569767881,6.386673018632728e-05
can,can,0.00014960812788497967,0.0006189893976052479,-0.0005000211089979495,575,0.0002496791497105683,-8.840046759815627e-06,1.104562247476578e-05,-7.158498653065883e-06,-2.89093344496097e-05,-8.522653260564477e-06,3.6552247421493306e-05,8.702174313828636e-05,-4.212144428326912e-05,-0.00013913865745380933
putP,putP,0.00014956793723964744,0.0004607282215165044,-5.63937271162871e-05,576,-3.4864786192896955e-05,-1.471388515188574e-05,-2.4772935638484884e-05,3.864525667429006e-05,-1.4973231374365167e-05,7.31515080786243e-05,4.5571588441508825e-05,0.00012486464642189743,-6.625530378079572e-05,2.2915079761755276e-05
yhfA,yhfA,0.00014852967015400374,0.000548261911199879,0.00023355499661436522,577,3.383948065579951e-05,4.169312802303916e-05,-5.624824815686805e-05,4.094787494597607e-05,0.00011312744788760404,-7.174580163893892e-05,-4.240450268950071e-05,8.182084861391818e-05,-2.9467568037629894e-05,3.696701055060434e-05
ydcK,ydcK,0.00014752104807060285,0.0006189696648376128,-0.000159521760331124,578,0.0001990837354651934,3.193849633788844e-05,-6.921914813582967e-05,-4.6383053114593046e-05,5.582212285760258e-06,-5.818491850665305e-05,-6.193718862642916e-05,3.356452209702361e-05,7.827590556966985e-05,3.4800484698572225e-05
cpdA,cpdA,0.00014732515808447874,0.000296690824059968,-7.089356478542912e-06,579,9.028990845504803e-05,5.60265256155144e-06,-5.8183941091372615e-06,2.439367325386152e-05,-7.266931474325714e-06,-1.8061794126257244e-05,-7.883810979454376e-06,4.8730597778330236e-05,-3.565190229857002e-05,5.2991159023432106e-05
yijP,yijP,0.00014700652566773794,0.0005691702081118309,-0.0003457954491544975,580,4.7657311478723186e-05,2.236325193094534e-05,-1.287433651854119e-06,5.165789340619696e-06,6.893520394199378e-05,1.2965435417313067e-05,0.00013377191777496356,6.722945700522577e-05,-3.6298952544199114e-05,-0.00017349545502599325
erfK,erfK,0.0001469907337684302,0.0006105958053971745,-7.446945847156396e-05,581,0.00019049297419849776,-2.0983112291659165e-05,-1.6570734325056476e-05,5.979008059104193e-05,0.00011013888454661428,-1.5651676090427458e-05,-1.7793764476608055e-05,-2.7134921141397928e-05,1.8371330246648435e-05,-0.00013366832748922309
bioA,bioA,0.0001457799731329,0.000427166677560685,-0.00010620801920928035,582,8.885088371513379e-05,2.5077912626170992e-05,1.4966687809806369e-05,-6.98343332119574e-05,4.836820838249338e-05,5.0422572673662105e-05,1.6264472554378293e-05,1.2704857938737653e-06,-7.085901900193512e-05,4.1252101791273826e-05
ybbN,ybbN,0.0001454600482469394,0.0007262608333951543,-0.0004351962670468554,583,0.00022806211977938388,-2.4736774201345507e-06,-3.997369980222856e-05,-7.689287699691024e-05,-3.252515762200044e-05,-7.918038101109622e-06,0.00010522499694736878,0.00010257332409429419,-9.516686785067676e-05,-3.5450074781047295e-05
eamA,eamA,0.000145352405248448,0.0005453571061135917,-0.0001067525866149635,584,8.406033917181775e-05,-4.805632384104764e-05,1.8077441371878356e-05,2.581367142872109e-05,-0.00012255922672364656,-5.41888069513866e-06,-1.16035654121148e-06,-2.280756263152747e-05,0.00010135783909693489,0.00011604546461166775
fieF,fieF,0.0001450366436147036,0.00035545730258161075,-0.00019605725355240425,585,2.1583050657043986e-05,-2.0926575716340055e-05,9.039577992165174e-06,-4.069980593781825e-05,-2.8377063101377604e-05,9.359369891704375e-06,8.66707954592519e-05,-1.5206884727917675e-05,8.002761502764621e-05,4.3566564070345536e-05
recR,recR,0.00014454605600738702,0.0005930594842924305,2.272032455193917e-05,586,8.61078101876816e-05,-7.2171322166678625e-06,-6.840508474160503e-05,-6.000035126500723e-05,0.0001277624308686976,8.95492455205418e-05,4.951217289701508e-05,-7.167371621536237e-05,-1.6960429703879274e-05,1.587111067597274e-05
nac,nac,0.00014313754879052463,0.0009689777069746383,-2.198495209196638e-05,587,-5.309762701856031e-05,8.565320172526833e-05,4.301876324224035e-05,-9.87220416598323e-05,4.8178694234673646e-05,-8.496094566845114e-05,-5.991813507942297e-05,0.0002680873229059614,-0.0001162213296657901,0.00011111964577443778
dgsA,dgsA,0.00014290509278289175,0.0002696290683647851,-0.00012306798643705775,588,3.866993559526884e-05,3.91936345726681e-06,4.204341749741705e-05,-3.7319656156207527e-05,5.8713053635257414e-05,3.739142585310756e-05,2.376215546945685e-05,1.7677290660639444e-06,-1.4567487328606281e-05,-1.1474844306132872e-05
rhtC,rhtC,0.0001427461281323343,0.0003721360245448249,-0.00011657654482149277,589,9.521883608728402e-05,-1.3186780783688553e-05,4.301563485336446e-05,6.146641229035067e-05,3.08137738144451e-06,-4.4787079820945274e-05,4.234044691453306e-05,-5.258089585237015e-06,1.2318368811602853e-05,-5.146299801637439e-05
yiiQ,yiiQ,0.0001425501501200433,0.0004132101408715951,0.0002102888006450431,590,1.439225383107989e-05,-4.274577112758956e-05,1.6900240546190552e-05,1.5661491184327964e-05,3.021532544866234e-05,-6.246662535681258e-05,2.458187431291611e-05,4.5586301423089424e-05,-3.0117598891373735e-05,0.00013054265874955288
nadE,nadE,0.0001420171154989341,0.000924041636515268,2.9969259956657367e-05,591,0.0002061855587277799,-1.7067346937709767e-05,-0.00017961371525686151,8.895539890074969e-05,6.112632786080029e-05,0.00010460683360764418,-7.83358337935224e-05,-5.190682548631906e-05,7.215525691012705e-05,-6.40885390337542e-05
ybfF,ybfF,0.00014187047991015932,0.00045691986661007707,-0.00032510935997849034,592,2.6437777433583077e-05,-4.824150574068979e-06,0.00010241401086759999,-7.947934933316246e-05,-3.659796975842482e-05,-3.26847202492162e-05,9.742756944377806e-05,-3.938503435086411e-06,4.8657936457735296e-05,2.445787905742177e-05
shiA,shiA,0.0001411378177723044,0.0004011200816651313,-3.5423652803758725e-05,593,0.00012768950547731986,-1.890287523725907e-06,-2.0297450667409626e-05,-1.341122435907171e-05,-3.660055683506105e-05,2.6156003626631613e-05,-5.779161256114519e-05,5.78952242746179e-06,8.625054508899042e-06,0.00010286886367840559
fadA,fadA,0.00014097337007645748,0.00033140296360980844,-3.634832744062592e-05,594,9.064317450083359e-05,-1.355851131001831e-05,-2.782634635803381e-05,-4.784963576170046e-06,-4.061385139819178e-06,1.3995421519655563e-05,2.961665677184065e-05,4.0774044016898124e-05,-4.498359038263411e-05,6.1158870033905e-05
yjdJ,yjdJ,0.00014073982738528205,0.0005718007644864946,-0.00017742249715187576,595,4.6166797661398757e-05,1.0516138159940793e-05,-2.4377193420687033e-05,-0.00012083095195989406,3.0061262913446093e-05,5.65497907765968e-05,5.753282533495578e-05,-7.032232317002523e-05,8.301512692639904e-05,7.242835416315111e-05
purM,purM,0.00014054474851219644,0.0005327484145935192,-0.0002625849093102509,596,6.323966018426448e-05,-1.371701506257021e-05,3.9314969899797524e-05,-4.7530580818981954e-05,-4.925955609552544e-05,6.616205203975496e-05,0.0001321598429135607,-2.4273810195605893e-05,-6.132087086797789e-05,3.577005651548016e-05
dinJ,dinJ,0.00014051020428897974,0.00030818904363115495,2.8977156578381707e-05,597,-7.846655327826822e-06,9.73484466054064e-06,2.7262507820903717e-05,-3.122187273250124e-05,1.9354469929909683e-06,6.386004894964642e-05,7.5266693627946235e-06,-1.3390453890409458e-05,-3.13804377203501e-05,0.000114030106173191
nudB,nudB,0.0001402793957324103,0.0006822639197839462,0.00023835749897496637,598,-4.498498702674019e-05,-4.0817022480136146e-05,-1.0230100369367711e-05,-9.726449301440012e-05,0.00012382681549837201,8.134461795197193e-05,-7.76956591351237e-05,2.7266603891347477e-05,1.6077495546770318e-05,0.00016275612486971644
yggJ,yggJ,0.00014017853900113038,0.0005772394740580179,0.00013128361510172582,599,0.0001572520555303043,-1.8155598226371267e-05,-5.918492913371814e-05,1.4513668937095262e-05,5.570854390707286e-05,-4.650149170314814e-05,2.434160661656636e-05,4.138426733127541e-05,-9.46884484652062e-05,6.550886420725999e-05
hupB,hupB,0.00014015424599259915,0.0005782347916668243,-6.760687373685018e-05,600,0.00010738779032235902,-8.047517580622521e-05,-2.6405132083911736e-05,9.009140665280129e-05,-6.446889326365478e-05,-1.868889351297128e-05,4.416331870732142e-05,-2.900217817034955e-05,0.000106900830408502,1.0651172738727973e-05
aroP,aroP,0.00013897378868145486,0.00036776193145681986,0.00014688093078749548,601,-6.342267034552707e-05,5.874167101912447e-06,3.4417846251742774e-07,-2.2504190509519367e-05,0.0001191781250476289,2.814916726026034e-05,-2.0795573822994783e-05,5.356879700045257e-05,-7.671636709641257e-06,4.625342519636564e-05
yjiP,yjiP,0.00013843646718611794,0.0003710033367112348,-0.00026399233385520076,602,7.356357047153573e-05,1.1676075446555704e-05,9.067096385848745e-05,2.576092883364136e-05,-9.455226719648846e-05,-2.1731167566069977e-05,3.609383066781657e-05,4.363447285705388e-06,6.5776803566284705e-06,6.013405028305706e-06
ydgC,ydgC,0.00013782378468013903,0.00032378791522678484,-0.0001424306000275303,603,7.51415417051107e-05,3.0793458443064376e-05,3.177115170352197e-05,5.339884548107371e-05,-2.6047597979649158e-05,3.272091384977332e-05,-3.465753809368782e-05,6.979938770917873e-06,-2.62227402486573e-06,-2.9654655175120185e-05
yhaV,yhaV,0.00013781770626227865,0.0004255151309149442,-0.00021881449881090524,604,6.78175018180053e-05,1.0085122383526564e-05,0.00012926094004903606,-1.0320844927113178e-05,5.4140481182081064e-05,2.036237315596239e-05,-3.199891551858989e-05,-1.3163383026271888e-05,-4.047536325076598e-06,-8.431803252928119e-05
fepC,fepC,0.0001376844275245951,0.0004916512051146245,0.0002196701089458577,605,3.771200719707095e-06,3.074840898344988e-05,-4.526778320224124e-05,8.78076851269177e-05,5.283555123906052e-05,-8.309615100662643e-05,0.00010147093838122639,-4.190602114524337e-05,-6.713433440903666e-06,3.803403186924819e-05
aceF,aceF,0.00013714003516817106,0.0010500915585685028,0.00031227056060569795,606,0.00010515217611894272,-0.00013635432137003344,0.000140562202534394,0.00023163734140134912,9.631960641913544e-05,-8.912116989701973e-05,4.032722894342278e-06,-0.00012774862049956266,1.59117475001734e-05,-0.00010325164993355006
mtlA,mtlA,0.00013520005288228615,0.00035876947941151824,-0.00029216504792356116,607,2.8837624383421304e-05,3.084443162408417e-06,3.3673383916640375e-05,-4.803455418377737e-05,-2.2559854789298475e-05,0.00011505113124535212,6.46196557721591e-05,1.7185276669208893e-06,-3.330221574397856e-05,-7.888088547561652e-06
yccS,yccS,0.0001350202855682102,0.0005431844646818648,9.466484511321458e-05,608,5.463502643605587e-05,-2.4749300377853392e-05,-1.1039393352632693e-05,3.254249135305078e-05,-3.938899527504205e-06,9.374979207031549e-05,7.19360917504495e-05,-0.00011490071299908973,-4.945378329974725e-05,8.623897351516583e-05
gltF,gltF,0.0001349658356853621,0.0005410698396425818,-7.920427028182738e-05,609,-4.03764160855529e-05,0.0002942924707591677,1.347475494316815e-05,1.4047929312763508e-05,1.6202682648872602e-05,-9.2692565707375e-06,-6.629336197987089e-05,-6.638121894723317e-05,-1.8361919135346656e-05,-2.369829259868754e-06
pykF,pykF,0.00013480285564439009,0.0005945724528866494,-0.0003387090171036621,610,8.788631562318802e-05,-3.400130919288308e-05,0.00014260646249379224,4.3769256498107226e-05,-4.30308015833736e-05,7.00684896302682e-05,2.035713002016406e-05,-2.013173957303649e-05,-3.0029412627466822e-05,-0.00010269153564436966
gpsA,gpsA,0.00013471993425810032,0.0005071831021606554,4.7216869318765536e-05,611,9.668232489822653e-05,-1.0823170804912656e-05,-1.5671225482205088e-05,-2.3452115515687238e-05,3.7828684435385915e-05,3.5435464510820584e-05,-1.1468070512111206e-05,-0.0001248170016363613,7.441321149621051e-05,7.659183286873425e-05
malQ,malQ,0.00013460718771047454,0.0005236252662391503,-0.0002677536908929905,612,-2.3302246716212904e-05,5.866050589455103e-06,9.484313594699573e-05,1.8928766927562326e-05,2.0129372203398924e-05,0.00010300500258474219,7.349882859805742e-05,1.284507012460073e-05,-6.55754018259057e-05,-0.00010563139072221925
hda,hda,0.00013425091137705573,0.0005543873649566508,-0.0003189169231018876,613,-2.4124173592740244e-05,-3.972412099703682e-05,9.82812063006815e-05,4.5997719003600595e-05,-7.106867933865284e-05,3.950152175272041e-05,0.00011837998128921805,-7.889207334003932e-06,4.2158709820632704e-05,-6.726204552736367e-05
cueO,cueO,0.0001332346036443032,0.0005421909068809026,0.0002147685780703849,614,5.2363232893472255e-05,-1.5481559295720705e-05,1.220586014051747e-05,3.227899973002512e-05,2.5855346740307608e-05,-0.00013150487646693316,-1.284684989701432e-05,-4.4644865958631504e-05,9.914207137126912e-05,0.00011586724438701131
gpmI,gpmI,0.00013323207049530653,0.0004972617595215658,-1.1898723549023281e-05,615,1.4116676213102945e-05,1.6843003990564167e-05,-4.5371652334339605e-05,-9.103527343950689e-05,-3.474248154877231e-06,2.4194139951985306e-05,0.00010491689978525803,-3.39818635466751e-05,-8.151807037730837e-06,0.00015517619506752575
elbB,elbB,0.00013307625855492154,0.0005058146427077118,0.00012562736804278788,616,7.627135082284621e-05,-6.427032689348018e-06,-2.5412400840287144e-05,9.651913567416235e-05,3.783675726216676e-05,-0.00010749866216226396,-3.726374905526198e-05,0.00010881820687214135,-4.763267691759616e-06,-5.004079637474385e-06
csrA,csrA,0.00013300858718958734,0.0005014998810804656,0.000188839370620269,617,6.543153611069673e-05,-6.643707639269172e-05,1.6700775341474146e-05,2.2311538493382833e-05,7.387921661894934e-05,-7.735687264963095e-05,-4.045169790311642e-05,3.1177994258458327e-06,7.108014435208155e-05,6.473322379259599e-05
lpxB,lpxB,0.00013283407330597717,0.00039265290878595405,-0.00010238928166829645,618,5.647435141380563e-05,-1.3361115490454376e-05,6.248397894298033e-05,7.613396406281405e-07,6.442499338015308e-05,5.061829854408644e-05,-6.658436504759321e-05,6.596756151377066e-06,2.138377297293493e-05,-4.9963937201940866e-05
yhjG,yhjG,0.0001327569802594449,0.0004042851464192207,-0.00029050223880289195,619,9.999874663112562e-05,-4.186682140342957e-06,1.1857954605854876e-05,1.1374287253472797e-05,-4.9713058500280713e-05,2.6338206476553937e-05,-4.1330484414348646e-05,0.00010381703232617891,1.5134836046146668e-05,-4.053385802491559e-05
rfaF,rfaF,0.00013249203918463476,0.00031683934179449236,0.00010499019619466011,620,1.7896705438618185e-05,-1.2378764345817495e-05,7.991749857509728e-05,3.58172373548954e-05,7.702730125902889e-05,-5.287500781283923e-05,-1.106662466815067e-05,-1.5853254478121405e-05,8.110368786200668e-06,5.896579075723149e-06
mrp,mrp,0.00013245945814058436,0.0005571344829079245,7.670588873879014e-05,621,0.00015988962210317114,-3.7203703709437696e-05,-4.799755949921528e-05,7.710541817365123e-06,2.2937832907537426e-06,6.259044801344485e-05,-7.567437008596672e-05,-5.1461879089050375e-05,1.773422696795121e-05,9.457834833156838e-05
yhcH,yhcH,0.00013203601065868827,0.0004365946140899909,-3.9664683968034504e-05,622,0.00010865482275770134,-4.884087738997214e-05,6.413399343875353e-05,4.2702945132753526e-05,-1.8001195379782807e-05,-6.539209864615772e-05,4.7339637452775015e-05,-1.1235727956576647e-05,-8.809402343162e-06,2.1483913592356156e-05
lldD,lldD,0.00013145395210795293,0.00035361395389743925,7.606738335432264e-05,623,6.546834721945946e-05,-1.5309014761010616e-05,-7.71110908647771e-06,5.0846187729527304e-05,3.059747214649819e-05,-6.550594693176793e-05,-2.012963886561055e-06,-2.054096622892585e-05,7.330493805209886e-05,2.2317007855112292e-05
yhbG,yhbG,0.0001314300562883182,0.0004637093813514392,0.00029694536274879266,624,3.6902181460297684e-06,-2.364675328199364e-05,-7.617063210823369e-05,5.7330990717062867e-05,3.926755188833028e-05,-6.63222771413332e-05,4.875887610326606e-05,2.6497178533202918e-05,4.4357365188245665e-06,0.00011758916691316228
nudE,nudE,0.00013054099142597756,0.0004293534830425068,8.313257955996387e-05,625,-1.3629097890510425e-05,1.0139320637913e-06,6.498881394377769e-05,0.0001607520496551475,-5.9185902336393366e-05,-7.659124558136083e-05,3.074884550052939e-06,1.1721946769163416e-05,3.312497207809277e-05,5.270638174216587e-06
yegP,yegP,0.00013013333547936626,0.0006042658990651681,-0.0002464127288412457,626,0.00019672570193631224,-2.3437976931803123e-05,3.682695253841316e-05,-6.706788913131984e-05,-4.816315520079729e-05,8.046725525786012e-06,-2.097030495607884e-05,6.850888962057834e-05,-7.74269555729018e-05,5.7091347651177404e-05
ydiJ,ydiJ,0.0001299464719698331,0.0005737031389142929,4.0715186443776093e-05,627,0.0001310510358696505,-1.2020563390793899e-05,-1.262652114581926e-05,-9.197696771488994e-05,9.65352338566575e-05,-1.1817926794248587e-05,-3.933269949711555e-05,-5.410365492936267e-05,4.346597265071797e-05,8.077256306503704e-05
ydbK,ydbK,0.0001293547221179238,0.0006728362240986667,-0.0005629775445265169,628,0.0001632624162806615,-2.5761241231735314e-05,0.00010116324585849442,-0.00013937662853710819,-2.9293336560317907e-05,-2.9168098554339568e-05,6.853799464234198e-05,2.551506263836014e-05,4.261675368843714e-05,-4.814144610687042e-05
ycfM,ycfM,0.0001287051328306451,0.0005800375599607381,-0.00030812439033360166,629,0.00017519493257366314,-0.00010131990034872508,-1.5529237613537366e-05,-5.183015275853009e-06,-1.0679532162814209e-06,6.334528947708755e-06,0.0001364410739166027,-1.9107446851305756e-05,3.6400810957717e-05,-8.345866025934383e-05
iscU,iscU,0.00012855356826109324,0.0004177765156948375,0.00011742343039580242,630,4.5630700689851466e-05,1.6677362269801296e-06,2.2605915695185687e-05,1.468119732958937e-05,0.0001698677130116934,-9.053252290870952e-06,-2.8517616329329598e-05,-4.5480194083836626e-05,1.8711779024665317e-05,-6.156041101283495e-05
yciT,yciT,0.0001279860698640796,0.0007434679847395035,-7.693669976890105e-05,631,0.00010927931432396587,-1.9184726811038283e-05,-0.00010787003004595437,8.737831547999436e-05,-0.00016528707843095644,5.97643230743526e-05,-1.539912214976285e-05,1.2043395320024127e-05,6.382823110490323e-05,0.00010343344799855137
mtn,mtn,0.00012763984360338978,0.00037648781364692685,3.03803806572833e-05,632,-2.820793068278475e-05,1.9338361436673275e-05,7.81633186806648e-05,8.937609597438308e-05,-2.3887156087223276e-06,-3.0686054084748714e-05,-5.332294464346374e-05,6.518605253343718e-05,-1.8410717667247965e-06,-7.977268235324213e-06
motA,motA,0.0001267554698969417,0.0007095569461656008,0.0003076113657644304,633,3.31129931938768e-05,-1.02559645563687e-05,-0.000253011369941496,0.00022099907162992114,-1.8039133814682785e-05,-3.94783810717515e-06,0.00010329535659385599,4.6525306598169575e-05,-6.146431714606906e-06,1.4223480015447747e-05
visC,visC,0.00012610105698709334,0.00032784828028935547,-1.243626607841514e-05,634,8.467494628063573e-05,1.5593652556081522e-05,-4.936695155269835e-05,3.130435911377595e-05,-6.683287857916205e-06,-2.1903277579792173e-05,4.013984162380695e-06,-2.2920094660724328e-05,5.9176402326871136e-05,3.221132419847934e-05
caiF,caiF,0.00012572556762015713,0.0006002245356987419,0.00023252552503623815,635,-1.0906864810207499e-05,-5.633158571789853e-06,0.00011134402843885562,5.8980290858235264e-05,-1.7871478420822748e-06,7.071832905031398e-05,-4.98409438376838e-05,-0.00010189242822193704,-6.718894075559192e-05,0.00012193240331204465
cheR,cheR,0.0001252934677464926,0.0007230104661106003,0.00024047409724880738,636,3.965101686562285e-05,-1.2794494885432074e-05,-0.00010046158598574175,0.00022735959190813243,-6.654149337248632e-05,-2.920773599872033e-05,4.189266026210358e-05,9.318301393068376e-05,-8.985318893967339e-05,2.206568396200388e-05
crp,crp,0.00012490128645218832,0.0006958273812465069,-5.983148754721468e-05,637,0.00024045435077216484,-3.435900367555063e-05,0.00010780937525227057,1.0504145770253415e-05,-9.964200011771109e-06,-9.071263810083298e-05,-1.131511214784475e-05,-0.00013911209346115978,1.9601508360654256e-05,3.199495369400451e-05
yfcO,yfcO,0.0001240862055872552,0.0005672641437596397,0.0003182271617445253,638,7.726918073670714e-05,-2.9930932386953543e-05,-7.823666075423906e-05,0.00014407692488503705,3.723201135949576e-05,-4.754319869095367e-05,1.9954075150981167e-05,2.7295235119868882e-05,-6.587817725404598e-05,3.984774742135745e-05
metK,metK,0.00012392614157970752,0.0007210682585075934,0.00021749268930595594,639,-0.00016690467590167689,-2.5390248605520958e-05,0.00010101253016499857,8.365790709557333e-05,9.426282559574142e-05,-9.90648167082621e-05,4.5938023586394786e-05,1.6531559768344654e-05,8.109435383259771e-05,-7.211317248483019e-06
pck,pck,0.0001237730689522962,0.0006221848132159251,0.00030450663095845987,640,2.183775945707204e-05,2.6631864538684497e-05,-3.703083545127033e-05,7.853928747889849e-05,0.00012274479722000132,2.91143286154596e-05,-9.249440364488222e-05,-0.00011968063303566187,8.125513851751645e-05,1.2855765256478216e-05
codA,codA,0.00012338472106968848,0.00034262887758836676,-0.00023404128323489042,641,2.4881149588406364e-05,-2.6556381915620454e-05,5.643725784895095e-05,2.7737415261117727e-05,-4.4101868367676644e-05,5.548259948792598e-05,2.7097102752033863e-05,2.4732611916833085e-05,1.663866247375966e-05,-3.896382797604204e-05
yjbJ,yjbJ,0.00012302304820985407,0.000897593770571155,-0.0003783950217926392,642,0.00012445665146685215,-2.2651103442596764e-05,0.00011852176798675114,8.79042108197457e-06,-0.00019061683535872122,-4.490573203229202e-05,5.870488485513693e-05,0.0001456942565144357,-0.00012911169034704047,5.414042748535404e-05
sdhB,sdhB,0.0001226933590846509,0.0006319210573912577,-0.0001671605351954659,643,-6.069130873374702e-05,-5.519576036438062e-05,9.179761164741279e-05,0.00010935397090840934,7.139221091358912e-06,2.5917557254842e-06,7.328028388202817e-05,5.5252567206328054e-05,3.789179777693284e-05,-0.00013872678005517577
ybjN,ybjN,0.00012246255476746127,0.0006258300143428743,-0.0004806513041336738,644,0.0001026015913210263,-5.636804145420051e-06,2.1557194912660756e-05,-0.00011404460707758599,1.74163847433032e-06,0.00011563433611977288,0.00012768024505018758,-6.52109124848499e-05,4.931278677189958e-06,-6.679140607985056e-05
ypeA,ypeA,0.00012218576592872598,0.0004960557210423281,-5.3721016495006623e-05,645,9.177876904210094e-06,3.377345782058767e-06,-4.351789910664228e-05,-3.6803512778884336e-05,-3.499991446261936e-05,0.0001355685625038519,-7.161365120865507e-05,2.1780431193648578e-05,3.31807251433943e-05,0.00010603580195836339
yebU,yebU,0.0001220925045399989,0.0003447820107081343,9.925498540222928e-05,646,-8.974129455373282e-05,-6.612920665552586e-07,2.389095495406666e-05,2.2070752130430705e-05,2.309704505942969e-06,-2.094216646377965e-05,3.949805809916404e-05,8.767859798201736e-06,5.06066398015201e-05,8.629328833474041e-05
yadR,yadR,0.00012172362366469306,0.0004343398878569782,0.00018569183327865884,647,3.5652102735131034e-05,9.353445907547706e-06,-3.984418980836017e-05,-5.755051038795851e-06,9.604720242955312e-05,1.4823239864801397e-05,-9.285382785030668e-05,-1.7855063398679845e-05,5.874018774288368e-05,6.341557708091867e-05
sbmC,sbmC,0.00012126159811777412,0.0005507424746221656,-0.0002481691481501287,648,0.0001626541386089996,-2.9330718197733027e-05,3.334295374555569e-05,-3.2484660990185196e-05,-4.462143975886186e-05,-0.00010002622930358089,-8.277390001834742e-06,4.7917544693539624e-05,7.843507358900513e-05,1.3652325732869782e-05
nuoH,nuoH,0.00012091805911673004,0.00038723335934852046,-0.00013803322422964532,649,-8.772025622323914e-06,6.606137912920116e-06,3.2112647262869855e-05,5.8145471593830054e-05,-2.2777660925680405e-05,4.9806344997739324e-05,2.4134672859741438e-05,-5.7682570343283575e-05,8.327043460552443e-05,-4.392539322460731e-05
tyrR,tyrR,0.00012077438398296838,0.0003928466440075461,-0.00014133005145009275,650,0.00012657769799828155,-2.0017410376193915e-05,-1.697517509517374e-05,-3.26164114243899e-06,4.473193358888478e-06,-5.423124342766292e-05,6.396361924383279e-05,6.17960033942544e-05,-3.0061274020807603e-05,-1.1489385950011684e-05
yqiC,yqiC,0.00012065950458813204,0.0006864328883394832,0.0004406314862148629,651,-3.690645579276523e-05,-1.1172652795594983e-06,4.279897591826567e-05,5.479980709932086e-05,8.240249591317659e-05,-9.672336078201192e-05,-0.00010765084374092911,-4.048876628040983e-05,8.010172514404447e-05,0.00014344319238900004
artM,artM,0.00011920732935232833,0.0002488840647333954,-9.895839699576349e-05,652,-1.4032461871091939e-05,-1.6154797668878196e-05,-3.4234569106888315e-05,7.270049483249042e-06,-4.165390436750812e-07,8.865184344896783e-05,8.032061268827483e-05,2.0231530566429704e-06,2.509082627018735e-06,3.270955738708464e-06
yhjH,yhjH,0.00011918705736871004,0.0011776728338292303,0.000675137185798797,653,-1.6222928937710765e-05,3.636648041901436e-05,-0.00027271688374459215,0.00033776199680468833,8.227401709023355e-06,-0.0001422793684425315,-4.3233777771403825e-05,0.00021490134359620214,-5.478992933402177e-05,5.117272307004185e-05
narL,narL,0.00011909884504383222,0.0006253702790097907,-0.0003757271895599332,654,8.518035178597017e-05,4.3210924615041976e-05,-3.013635445005966e-05,2.4844459328276445e-05,-0.0001335124503501458,0.00012563195584553173,-6.984073094659266e-05,3.376677717859478e-05,5.960009327339635e-05,-1.9646181236181114e-05
ygeA,ygeA,0.00011850244677694127,0.0003823135603792273,-0.00025397955511937667,655,6.706506769284502e-05,8.258600443120412e-06,-1.7556739948956795e-05,-2.021454685402116e-05,4.661026268096849e-05,2.4902806490280537e-05,4.224772758763195e-06,2.156810300575688e-05,7.777839050634975e-05,-9.413426999816505e-05
znuA,znuA,0.00011794290139911066,0.00045588879098860957,0.00027229528081725636,656,6.776718621803393e-05,-3.281476937748611e-06,-3.6835778900489587e-05,2.8382365111123877e-05,1.363882558244255e-05,-3.569800965109163e-05,-4.876151742658616e-05,-4.439616187883345e-05,2.4029568867642672e-05,0.00015309790041461707
purH,purH,0.00011787403378392747,0.0006151611494353232,-0.0005135538302643911,657,-1.5944270228041473e-05,0.00014865654788187953,0.00014498339361010429,-7.0144985851786034e-06,-0.00011413793707452835,1.8524171944288872e-05,3.771161856225824e-05,1.6641859611094422e-05,-3.485938935742454e-05,-7.668746258052492e-05
coaE,coaE,0.00011744981802935631,0.00048085169768265467,8.787773363206654e-05,658,7.009509357863303e-05,6.402428781582708e-05,9.434044328614267e-06,-5.293355630221971e-05,9.383122421861097e-05,-1.1067169716701173e-05,-1.455767157993091e-05,-2.5557797496460196e-05,-7.758474473133721e-05,6.176610791432017e-05
cusS,cusS,0.00011691502969683427,0.0002113344830429744,-0.00015577812292932319,659,4.3650967365606155e-05,-2.305402498875409e-06,3.273621975084525e-05,-4.363510386914657e-05,-1.2692203050480796e-06,3.0321296276945723e-06,1.5497728397846716e-05,6.865755992049661e-06,3.6869177677911774e-05,2.54727775579502e-05
pdxA,pdxA,0.00011684850356016059,0.0004334223110781907,-8.434717819570096e-05,660,2.953077420764503e-05,-4.628341250309407e-05,0.00010716074756214487,6.5978328092288154e-06,3.280013914580968e-05,-8.88561819831123e-05,1.5298622114393568e-05,3.638797235033801e-05,4.735931912961565e-05,-2.3147309272808684e-05
ytjA,ytjA,0.0001159211280738217,0.001154996380082342,-0.0008619558624244806,661,0.00043199980467282964,-5.940151771747161e-05,2.5415945854812475e-05,-0.00012579443570005983,-0.0001922232459743846,-3.391630691853871e-05,9.636691011117289e-05,8.167609343926694e-05,-5.320243419292046e-05,-5.4999685500885066e-05
greA,greA,0.00011567767771599342,0.000552646432079542,-7.71183389649988e-05,662,2.005521787344023e-05,0.00018990134612967697,-0.00011367997834802241,-3.437908937038712e-05,3.8917151524177774e-05,-5.231650946581285e-05,-1.8108799997551958e-05,3.738087359140957e-05,3.316585855735654e-05,1.4741607221706641e-05
yqjK,yqjK,0.00011547611327892624,0.0007164681780001726,-0.000431647552079534,663,8.744949098604033e-05,-7.326304764310784e-06,-6.34827452405697e-05,-0.0001425989676521332,-1.1408976473327738e-05,-7.16012629554388e-05,0.00012433909979970182,4.966137453945566e-05,0.00015452218031435162,-4.077775274842982e-06
ybjT,ybjT,0.00011518258842703661,0.0003731555099652346,5.542262579295107e-05,664,1.711845064109728e-05,-2.7370291929253744e-05,1.3056571424490723e-05,4.0696042276281405e-05,-7.291387260088461e-05,-2.6939684011806865e-06,1.96651828882159e-05,-2.6008327837779963e-05,3.6112364531453264e-05,0.00011752043743459705
treF,treF,0.00011508295130547402,0.0006174713579671957,-0.000384794861518572,665,0.0001942072671735697,2.9823293631305487e-05,6.255058255356309e-05,-0.0001200539347951709,-3.659699669847001e-05,5.790103489080468e-05,-5.6160413250675195e-06,-5.53801497535614e-05,-3.3547080758591033e-05,2.1794976387091877e-05
yfbU,yfbU,0.00011426215253968307,0.0007394116055917497,-7.483181442073017e-05,666,0.00023104938832850582,-4.167973561584327e-05,8.95399543800647e-05,6.534070445782664e-06,-8.653236729766942e-05,-2.847992526793649e-05,-5.892514282484352e-05,-5.9524203318418486e-05,-3.743335220132216e-05,9.971346591136324e-05
yajC,yajC,0.00011421552999536,0.0003964119192103096,-0.00011295040199946935,667,8.550503815505547e-05,-9.555492070012115e-06,-7.219258459060412e-05,-3.7699045248685644e-05,5.280456483563006e-05,5.1487034632148955e-06,2.4749135639576414e-05,8.710628250935799e-05,-7.178117109173859e-06,-1.4472955588999088e-05
ampD,ampD,0.00011408736589710508,0.00081915820798014,0.00018854194313249313,668,0.00011979326425526704,-2.6104213162503327e-05,7.65803159192188e-05,-4.610332562212712e-05,9.623910245034986e-05,-0.00011394752920081339,-1.2475904852310718e-05,-0.00015390444820376296,7.283122662721052e-05,0.00010117887768657634
miaB,miaB,0.00011375450122505724,0.00047503966175806156,0.00010648950056808544,669,-6.786360969655083e-05,-1.0380793325130128e-08,5.261842813723326e-05,3.677933859854753e-05,0.00010190164663915487,9.71489323417318e-05,-2.296210631518292e-06,5.948735774891932e-06,-8.191339480397685e-05,-2.855898434113107e-05
yecF,yecF,0.00011371349759649815,0.0006443178250696643,0.0001343988132508384,670,-6.725876631911684e-05,4.4862275095745125e-05,8.631415455796994e-05,-3.632433152467841e-05,3.3002123028465033e-05,-6.751807012474705e-05,4.412969978997118e-05,4.332904494104829e-05,-9.420099576804078e-05,0.00012737836391988166
yhbY,yhbY,0.00011364901981268969,0.00040836802020327535,-0.00015388725304115602,671,8.750392553053605e-05,-6.0588383259154336e-05,5.358716031869126e-05,3.188419070115502e-05,-3.0077791370018585e-05,1.0390616634751761e-05,-3.476780962075029e-05,4.2495476742687596e-05,3.5147150080160824e-05,-2.19255159453696e-05
cysE,cysE,0.00011341412290684191,0.0004288114024086193,3.5777082554413385e-06,672,0.00016194981241343561,-1.7438692094633016e-05,-7.273420547897917e-05,3.5978398817311595e-06,-1.0780740181787707e-05,-2.686970249183247e-05,-2.9875299503656364e-05,2.8966508420553217e-05,1.0919786060812461e-05,6.567881588119816e-05
rbbA,rbbA,0.00011280309384792826,0.0004690547579929853,0.00024629007448411346,673,8.629352462507412e-05,-4.0973684904884586e-05,-1.663385119619875e-05,6.346477747707128e-05,3.4971630881464875e-05,-7.460705021080246e-05,2.508881712936182e-05,-3.788889676493134e-05,-8.022348995711411e-06,8.111017580748471e-05
cysN,cysN,0.00011267481312873104,0.00035353087623452354,0.000286838489951444,674,-2.3585213535431574e-05,-8.489974067943198e-06,1.5462718030171442e-05,1.853293313358862e-05,0.00013492820751598704,-8.01220841914914e-06,-4.8463725465427606e-05,-3.187691006494476e-05,1.7883475111368357e-05,4.629551089051185e-05
ibpA,ibpA,0.00011245127453170371,0.00038703574926086547,-0.00010044822503945263,675,0.00010233685089444847,-6.929482889272879e-06,-5.330701215575729e-05,3.0189181432062352e-05,-1.3511476898481656e-05,5.0209946308107924e-05,2.0644866824955555e-05,-5.28680856336139e-05,4.6362666436710295e-05,-1.0676179787455164e-05
gadX,gadX,0.00011182224293606234,0.0005394808965246616,-0.00016675448905286076,676,0.00020139098240238955,-1.4124491336658863e-05,6.408781669937716e-05,-4.0265554458577285e-05,1.5062995250919132e-05,4.510977537767616e-05,-4.696263512589221e-05,-7.121565173937527e-05,-3.8997430283054974e-05,-2.2635638507410405e-06
mraZ,mraZ,0.00011134192599492107,0.0008177859057061851,-0.00010918635646641268,677,0.00010740467918014919,1.3525005977446711e-05,-7.046016621842103e-05,-2.788731179512353e-05,0.00011585900204214117,6.775847603944773e-05,0.00016001675261136824,-5.874993947290001e-05,-0.00010923066688642394,-8.689390548276343e-05
queA,queA,0.0001110235422713967,0.00036970494690613585,0.0001281664014159719,678,2.4004779739558856e-05,1.4388091769679032e-06,4.918699027858792e-05,3.9174729664162006e-05,6.0797732007073027e-05,-5.1570879474407386e-05,6.1669895936839395e-06,-7.776982284296218e-05,3.997170395628335e-05,1.9622510172449286e-05
glmM,glmM,0.0001105421991905654,0.0005878387171867239,0.00015093737155458936,679,-6.812556143178128e-05,-2.5471948522966904e-05,0.00010563379618427957,5.601198013166955e-05,0.00011600624659158758,3.3791172238859205e-06,6.815931805722203e-05,-5.287270044157733e-05,-5.0899607251073985e-05,-4.127844135067976e-05
dgt,dgt,0.00010988461786731624,0.0005989215960653058,-9.602746761563327e-05,680,0.00011464866020548875,-4.654020723105616e-05,8.547282970941817e-05,3.022715415809397e-05,-5.484037590642203e-05,4.617495140376051e-05,4.633771461538006e-05,-4.090132736501776e-05,-0.0001022365785964988,3.1541796874169544e-05
ygiC,ygiC,0.00010925238207306775,0.000506168359416174,-0.00017774272551472528,681,9.467432440748216e-05,-4.1238441824104714e-05,-4.264025315127929e-05,5.416525608732529e-05,-2.0728751441944086e-06,-2.616886588801506e-05,6.663343482944304e-05,3.354805368531406e-05,5.868930173505632e-05,-8.633755266395964e-05
tpx,tpx,0.00010922414405493679,0.0005708465363259624,-0.0004117917449207578,682,0.000159623331241297,-5.104714882688601e-05,8.717185772593214e-06,-4.819796574056384e-05,-0.00011517207609702235,3.7737505467332244e-05,-1.639400547104065e-05,0.00010364919889070252,1.8221877413848988e-05,1.2086241404675681e-05
ispA,ispA,0.00010897418000624655,0.0006469723368198298,6.0670259980665685e-05,683,8.839464214654694e-05,-2.3020257102984156e-05,5.0611211101267645e-05,-3.8027329180624626e-05,2.4117848330255154e-07,4.2540482653933235e-05,-3.4334586006405355e-05,7.357737333720962e-05,-0.0001736169061167775,0.0001226083706907782
prsA,prsA,0.0001088322733616082,0.0006015018167706037,0.00027890151472768546,684,-5.950907325161294e-05,-1.952790882249914e-05,4.0066897790481774e-05,0.00014027039363809639,-2.7659492810885575e-05,4.468373770716461e-05,-7.845085198591573e-05,-6.118744483358432e-05,4.8890022712927115e-05,8.125599321743604e-05
tktB,tktB,0.00010828562643454307,0.0007862780201985224,-0.0005259229616107172,685,0.0002725596457311669,-3.641241213483366e-05,7.325082457041378e-05,-8.845242929848931e-05,-4.716388293613432e-05,-4.8799965944688505e-05,-4.4965151214380455e-05,2.4280364837703283e-05,7.719098817724878e-05,-7.320235535346343e-05
rfaK,rfaK,0.00010827904029348803,0.00038146019523582476,-0.00018060117044151294,686,-4.563326526900389e-05,-5.873409831776872e-06,9.132904802627994e-05,-6.634024112618188e-06,-5.8052256607310656e-05,7.199610574686043e-05,-2.0397621650458793e-05,4.5301449461172753e-05,7.717798884426915e-06,2.852521564591639e-05
map,map,0.00010823944149216922,0.00043835688859523016,-9.269747735430257e-07,687,7.215470536032175e-05,-3.1302132324146994e-05,3.454509390064512e-05,4.9604403657098024e-05,2.6314652406864293e-05,2.3539493457182453e-05,-3.860174024738627e-05,6.713981626158806e-05,-7.289202827534798e-05,-2.2262822704649213e-05
dsbC,dsbC,0.00010790867882409139,0.0005319088503659687,0.00010346608581982315,688,0.00016920901769353422,-6.637519195188228e-06,4.501236457953857e-05,8.15418812084524e-06,4.276440138822983e-05,-6.798242944585124e-05,-5.18576698008353e-05,-6.199997740932017e-05,-2.3522489919743726e-05,5.47687928128822e-05
nfnB,nfnB,0.00010756979313775782,0.0005546854902542146,-0.00017706548328016484,689,0.00013214852063648283,-3.694777209211631e-05,1.0833936846876288e-06,-3.243630609857974e-05,1.3343338915129174e-05,-8.285131092172299e-06,0.0001845523884596865,-7.354847719915199e-05,-5.668528418845505e-05,-1.5654877887752947e-05
proC,proC,0.00010657588359057968,0.0005968877269922833,-8.678163141487948e-05,690,9.866614893151013e-05,-2.821807809982241e-05,-4.539568427460739e-05,-1.3688031008899778e-05,4.799419318632098e-05,7.205530298192189e-05,-8.439081938705975e-05,-4.9054272840891415e-05,0.00013301616019167851,-2.44090360895711e-05
dcuR,dcuR,0.00010657520286742661,0.00045747709640207645,-0.0001552053233349338,691,-2.8492610173753582e-05,-1.5038420910506492e-05,6.789637147947027e-05,9.188163194913954e-05,1.2106640539997996e-05,2.712980214716854e-05,6.937656340753365e-05,-3.6165829601737216e-06,1.3635140111441523e-05,-0.00012830333272289114
yibL,yibL,0.00010646906652642035,0.00042937251251069954,0.00012063360180384754,692,2.6637996407436455e-05,1.3400927337976588e-05,5.129599683019629e-05,-2.4297434633636083e-05,0.00010837761035516061,-5.2267063133163884e-05,3.873710014418061e-05,-5.591043506846483e-05,-2.897679015687482e-05,2.9471158443609408e-05
fliH,fliH,0.00010645627050642265,0.0005985050617263413,0.00024021535379848132,693,1.993873393095306e-05,2.4563758862086514e-05,-0.000132745448596947,9.444503886272309e-05,6.673144719176458e-05,-7.863353028407418e-05,-2.2896320036152265e-05,0.00013464236117089045,-1.1749096692785915e-05,1.2159326097964309e-05
pmbA,pmbA,0.00010639349495565728,0.000563646587773548,-8.385213855870597e-05,694,0.00014136679943526528,-2.6997719806631308e-05,1.4298088480464569e-05,-1.1704631311124534e-05,5.6475005535222593e-05,-0.00011594404327602657,-4.048045598954054e-05,7.1303541874463655e-06,0.00011574979372620383,-3.3499696025622404e-05
ubiB,ubiB,0.00010626109531904188,0.0003895077437376922,-0.00018022039661078561,695,3.422869416440095e-05,-4.77731582288111e-05,-4.0847804025096295e-05,1.602271130954584e-05,-1.6074270672820446e-05,9.28586636702313e-05,2.1180881538637203e-05,4.489736426388682e-05,3.8696104581664885e-05,-3.6928091282597274e-05
lrhA,lrhA,0.00010577448267667466,0.0005266035778912423,-0.00010615990478528124,696,0.0001472900305600542,-4.7458366538181695e-05,4.2853973683286536e-05,-1.8502492356084116e-05,1.0141626801405675e-05,-0.00014445368871301797,5.2320282713733114e-05,1.9899301772457318e-05,3.551566025264647e-05,8.16815450037516e-06
htpG,htpG,0.00010576976551162072,0.0005180244907462892,-2.951243845582106e-06,697,0.00019443995622966056,-1.3328447013167662e-05,-9.112657330711806e-05,-6.60479110662751e-05,6.87527177463988e-05,-5.75295227109972e-06,-1.82939114564087e-05,-6.299450681214033e-07,-1.0947622435143597e-05,4.870445415289562e-05
ybhO,ybhO,0.00010550374792669792,0.0005981023243627282,-0.00014709342389807213,698,0.00019462991854426816,-2.48831961059955e-05,-6.771814186092594e-05,8.191431800661533e-06,-1.863129169102664e-05,5.819136704964724e-05,-0.00012471168046474497,4.97855310409873e-06,8.58117656460373e-05,-1.0354978095321994e-05
creA,creA,0.0001053044202333243,0.0007890145793974574,-0.00014948375205897012,699,0.00011829306215241978,1.841006330287207e-05,-0.0001379506650114266,-1.271146836208463e-05,-3.872649118496046e-05,8.22520331257735e-05,0.00019885604760010324,-8.34542637698898e-05,-6.901219125370502e-05,2.9348293634222193e-05
recQ,recQ,0.000105002405097421,0.00040761256925875446,-0.00023429283296604072,700,6.984903844173504e-05,-2.1867352521392373e-05,-2.697322410644593e-06,-1.629394848246884e-05,-9.86460321357485e-05,-1.180042653041242e-05,7.11031063206414e-05,4.103013229963925e-05,2.4030443432164575e-05,5.0294766683907465e-05
yiiS,yiiS,0.00010486443808561492,0.0003344747877066893,-0.00024250347482135512,701,5.081228979703273e-05,2.2190509893659983e-06,3.100413502567228e-05,-6.027525709097627e-05,-9.382929962658605e-06,9.747211569395079e-05,1.0318014756949472e-05,-4.5146987756902324e-05,2.700533794741609e-05,8.386686857647582e-07
hflD,hflD,0.00010457873423136829,0.0006296022244737254,-0.00039329256262917003,702,-9.878090294457916e-05,0.00023344015751164968,4.467694825084962e-05,-3.660995844117704e-05,-9.485400301988807e-05,9.258892006584867e-06,7.971448158346263e-05,-8.735571624989783e-06,-1.0638356352708674e-05,-1.2892952737835793e-05
udk,udk,0.00010438053253916096,0.00034479646152884517,-4.225870129589667e-05,703,4.9282067935630286e-05,3.0840214258539224e-05,3.2553762886541006e-05,1.8941376534211366e-05,-4.77230116965177e-05,3.3128524635142714e-05,-6.032444428561766e-06,-1.517127018113869e-06,-6.493538135164879e-05,5.9842550783938505e-05
yraM,yraM,0.00010427085574107895,0.00045995125556501945,-8.40541681389812e-05,704,9.005567661025848e-05,-3.1897562101333595e-06,3.509997284824269e-05,1.057104665507726e-05,-2.5808894118973895e-05,2.2899724979399422e-05,6.182636267798923e-05,-0.000148841549582863,3.631208061713661e-05,2.5346191264945492e-05
rcsC,rcsC,0.00010350906567922343,0.0007602328443356757,0.00012821421852991725,705,0.0001318835456349404,5.3785724936282364e-05,-4.3941433944499954e-05,-2.2709086003783416e-05,6.01873842137719e-06,0.00010763095632787302,-0.00015303791221774564,-4.3343877907185995e-05,-6.532957925501116e-05,0.00013255198968697656
yjgK,yjgK,0.00010310186974414334,0.0004999802161789271,9.909556679341796e-05,706,5.422229859641618e-05,2.376645426440297e-05,-3.871891951084996e-05,8.611644591714987e-06,0.00011421117334119167,-9.99869038708816e-06,-7.527876917172675e-05,0.00010072947216780941,-5.2718694483601024e-05,-2.1724099664126013e-05
yfcA,yfcA,0.00010252416090704582,0.00042389093430684387,-3.7960877730836197e-05,707,-0.00013213196332937123,2.3437028987423345e-05,5.7726912441650606e-05,2.5793559314563294e-05,7.130774770277554e-06,7.43639158113749e-05,6.333345144442622e-05,1.142190483722891e-05,-2.790873087379174e-05,-6.426924967360355e-07
yhiD,yhiD,0.00010225902047528138,0.0008933391850188315,-0.0005252863387325781,708,0.00013123623091936446,-3.374630195907661e-05,6.581587049377906e-05,-7.796268044603137e-05,-0.0001784684772579083,-0.00010536262260875875,8.148592621192519e-05,0.00014462473674911307,2.971883979758336e-05,4.491749857529128e-05
uvrC,uvrC,0.00010224799591214595,0.0004409273792283052,-0.00014252694487213574,709,5.484419251194739e-05,-1.9164250695854854e-05,4.369193226386675e-05,4.502253988884518e-05,-7.41236301863997e-05,6.605136456932691e-05,5.3016042518679734e-05,-5.452155524613089e-05,-2.153025552969415e-05,8.961615817559626e-06
recA,recA,0.00010179919774081521,0.0005807464290709923,-0.00017829007574083792,710,1.3493420669712397e-05,-6.608398225174732e-05,0.00010446030716902959,5.255953123279119e-05,2.358709806888675e-05,2.0174445373948455e-05,-5.899756511165188e-05,0.00012552854321824523,1.4694676732901012e-06,-0.0001143920683016893
flgH,flgH,0.00010174348680657996,0.0008003179547330482,0.00012108619463918969,711,-6.292396106522865e-05,-3.414972348838443e-05,-0.00013122449952414624,0.00023240389060835958,-6.918083117496634e-05,4.486782999731818e-06,4.774527717637439e-05,6.365655953666299e-05,0.00010273821044868526,-5.180821871050843e-05
ilvM,ilvM,0.00010161866615185666,0.0005463637903107094,-9.13934944090597e-05,712,5.593655733539435e-05,-2.9998089315578123e-05,-2.489176428967442e-05,4.989358898889874e-06,7.671931076463326e-05,-6.4884516285876e-05,0.00014427765901403383,-2.6002108396173144e-05,4.2068342218331694e-05,-7.659608379212466e-05
yaeR,yaeR,0.00010156349884157614,0.0006066723085390764,5.7657327101429534e-05,713,0.00016411701961149087,-1.868533253649655e-05,-1.6997945997833423e-05,-2.5669279638897468e-05,-7.792823436145481e-06,1.6445596518689785e-06,-0.00018340902323937727,3.460862414980189e-05,4.067518423061879e-05,0.00011307251604654578
cyoA,cyoA,0.00010155972844817222,0.0004355213651512029,6.864390908127972e-05,714,-6.447101191516329e-05,-3.717982743980719e-05,2.625730341146878e-05,6.793259774707798e-05,6.271326529749725e-05,-4.281569278450145e-06,5.9683349134655984e-05,5.195403120898758e-05,-1.5504365438245476e-05,-4.554404427984926e-05
dnaB,dnaB,0.00010128836704128174,0.000724255103343364,0.00014427223947667919,715,4.9739963956240546e-05,-2.576929181384914e-05,3.0918464131229114e-05,-4.1743937311500445e-05,1.4077225508692741e-05,0.00014213290430191232,-0.00016433394640619976,2.5456162232459954e-05,-7.963619261949175e-05,0.00015044701506178817
folM,folM,0.00010076504344847758,0.0006592440814630925,0.00020527549473117713,716,0.0001051077429984174,-4.4288881987513995e-05,5.743167933480567e-05,4.889277058531282e-05,4.134036203161012e-05,-8.486148048718528e-05,6.444487103273455e-05,-0.00010787342970717462,-4.221572682543353e-05,6.278713647290441e-05
ytfL,ytfL,0.00010043925541675587,0.0005834112363900558,0.0001783746258595393,717,9.107396041544868e-05,1.2912177459600374e-05,1.4687705679959824e-05,-7.839383908362983e-06,5.63218578050309e-05,5.21922297263131e-06,-0.00013473187766250544,-9.891472891578153e-05,7.078585482925506e-05,9.092446674147968e-05
thrC,thrC,0.00010026830406381084,0.0008706470803068581,0.00011800707719662867,718,2.0530440289369733e-05,-1.679859275784248e-05,-0.00017272275610963868,-8.742841926000931e-05,0.00016283008417732568,9.578366012104908e-05,0.00017257748188468654,-6.223279888347647e-05,-4.600682111055664e-05,3.373602571290337e-05
yhbT,yhbT,9.983343797114652e-05,0.00041410879967805267,0.00011237248948525474,719,9.030396011634631e-05,2.5794026829280616e-05,7.198111361269393e-06,3.866921585061848e-05,1.1691433936922076e-05,-8.443557940636498e-05,2.7572056789502628e-05,-4.517263584040921e-05,-2.7529465606678863e-05,5.574231394066007e-05
miaA,miaA,9.973131559282723e-05,0.0005506608806675503,-0.0003718947954798326,720,7.607696646190488e-05,-5.029618762438322e-05,6.089358986938045e-05,-6.97509234526873e-05,2.196926911364796e-05,4.495580517911807e-05,5.4066152696272056e-05,-1.7117585855827656e-05,6.723431480986535e-05,-8.830008560446334e-05
ygaM,ygaM,9.967742603933749e-05,0.0006855889657401893,-0.0003488997262142345,721,0.00014013729999522585,-4.811848451729017e-05,3.1984159546856186e-05,-4.457087334297756e-05,7.934978723032916e-05,6.539461100842294e-05,-3.0370715357027787e-05,7.576733810892932e-05,-1.0505632658330345e-05,-0.0001593900639748001
ybgK,ybgK,9.967356930677352e-05,0.00042046913467335697,-9.443731116877464e-05,722,0.00011178375843752624,-2.950206899554177e-05,-7.960608170779847e-05,5.000186196983889e-05,-5.12896319799515e-05,5.794963178256901e-05,2.4341074903936308e-05,1.0338555391146896e-05,1.7505704259358524e-06,3.90589907911206e-06
artP,artP,9.939848951680245e-05,0.00042623517982236383,-8.786716262469118e-05,723,1.7324789690581897e-05,-3.192316684287693e-05,-7.877474025355371e-06,-2.3763111433978607e-05,0.00011556286733951109,9.142239999714669e-05,-1.3820500391092948e-05,2.100877486199559e-05,1.7498002780347886e-05,-8.603409245947684e-05
fabI,fabI,9.9386689453869e-05,0.0002849498737523575,-0.00012876613286666197,724,0.00016661973464508767,-5.842689813782809e-06,1.912261593535444e-05,1.5149331281419653e-06,-1.8141821356023137e-05,-2.005118795394239e-05,2.973831373044518e-06,-3.560685587312319e-05,-1.3139037152372774e-05,1.9371665214846814e-06
ompX,ompX,9.919782154952126e-05,0.0007611244318920611,-0.000450798141817466,725,0.00027742219780647345,-5.7665175620827015e-05,6.554170518844809e-06,-5.766268706288795e-05,-0.00010981552414233459,-3.3921954324830094e-06,0.00014618475839547296,-2.333102715550432e-05,-7.077474682848322e-05,-8.321948928749874e-06
rihC,rihC,9.911018238405593e-05,0.0005356080792441971,-0.0005159594262741903,726,-9.82432648500338e-06,1.0008473013194006e-05,8.569836664333702e-05,-8.984763641274997e-05,-0.00011201544354542847,5.052063128115653e-05,8.244150970911635e-05,1.170908666448808e-05,7.698106350283454e-05,-6.561541986888761e-06
dnaQ,dnaQ,9.906855361699744e-05,0.0004140528615316042,-0.00014341671676017497,727,9.157696640078754e-05,-9.379171197890053e-06,5.2054714608435265e-05,2.4609224073910784e-05,1.757629140442319e-05,-7.501761170844265e-05,5.0625382221747795e-06,-8.735774001047918e-06,6.568097286456925e-05,-6.435959704992274e-05
fhuA,fhuA,9.893551242553834e-05,0.0008250153061102906,0.0004076902014834885,728,0.00020866255231340102,-4.5435771089857575e-05,-4.281850880274051e-06,7.23067816739094e-05,0.000169540552477306,-0.00013276861601834767,-8.19060829581029e-06,-7.950878048192753e-05,-9.285427007615899e-05,1.1465522803298054e-05
otsA,otsA,9.886306759275826e-05,0.0002707236984755511,-0.0002019335817875553,729,9.591187424499576e-05,-6.07680093149267e-06,-1.6210506527369559e-06,-2.8198174077521498e-05,-3.391640891430903e-05,4.4810501503701285e-05,4.175612038480001e-06,-1.611788086533628e-05,2.9316069352545657e-05,1.0579325894431987e-05
yaiW,yaiW,9.882711531742291e-05,0.00045358611357069963,6.0014861855585493e-05,730,-1.0348541184200318e-05,-5.3122868406633845e-05,0.00010498842194179942,7.046461819320715e-05,-4.010144956540453e-05,4.702159212057925e-05,4.674162229773868e-06,-6.618715750561091e-05,-7.619482464788751e-06,4.9057819958701585e-05
mdoG,mdoG,9.86563869013569e-05,0.0004960983625221657,0.00010242878347064752,731,9.424141287759712e-05,2.5214880057022377e-05,1.394245381379469e-05,-5.0138119625786436e-05,3.122899861656214e-05,1.3297923151558456e-05,-3.7959376923994593e-05,-7.590891889333858e-05,-3.4714572367284794e-05,0.0001194517061952265
uvrY,uvrY,9.828486286654567e-05,0.00035187851366858794,4.537496078194279e-05,732,4.9751069525690684e-05,-1.4218633146944647e-06,-7.518269875754323e-06,-2.8794005010377264e-05,8.176936604385203e-05,-4.70575946879285e-05,-8.022752422145543e-06,-3.398234009012106e-05,7.470670190725464e-05,1.885455079076947e-05
rpoB,rpoB,9.819724073452763e-05,0.0005445743779472747,0.00016769519207206885,733,-0.00017116632183966133,-5.178223037730636e-05,1.9576358738850017e-05,-2.4001638940586026e-07,6.999442535934019e-05,6.138299083894755e-05,2.0265091032174176e-05,6.129467049474695e-05,2.5680465443478408e-05,6.319180743336389e-05
ybhC,ybhC,9.807942438283778e-05,0.0005147238555581995,-6.752987859147141e-05,734,-1.7067212952571058e-06,2.3067634661609966e-05,4.0656980495811866e-05,5.393519737768754e-05,9.639542404403708e-05,1.3800751605252233e-05,-6.017163020041208e-05,-1.1388015565970242e-05,7.854565178611995e-05,-0.00013505584852604145
yheT,yheT,9.805746455199058e-05,0.00034099188133486106,0.00020835185585686364,735,-5.234716630644617e-05,5.553478060257706e-05,-1.1650587262522473e-06,0.0001028842157054118,7.816740219976142e-07,2.1641740550451655e-06,-4.453087744954478e-05,-2.342410590919205e-05,8.621058081376501e-06,4.953877047701769e-05
rsxC,rsxC,9.775176372844669e-05,0.0003099213403489255,0.0001174496178923469,736,-2.0004722315270053e-05,-1.8708338134141134e-05,-1.0375403301008529e-05,7.68455892800507e-05,4.0590162749411376e-05,6.811487922398929e-05,-4.7161263340754406e-05,4.117244354423134e-06,1.4168676430811604e-05,-9.83506121906528e-06
btuB,btuB,9.730884439650902e-05,0.0007267113822130259,0.0002228928288228063,737,2.2381338239408878e-05,-7.811443862184654e-06,-9.479778560452883e-05,0.00012513242790308297,-7.709600716991682e-05,-3.408383672921237e-05,-0.00010091219554241574,7.134151729077766e-05,8.109041399500643e-05,0.00011206441587649152
cydC,cydC,9.725748413115423e-05,0.00043822736623288204,-4.102366075855066e-05,738,2.60845409305995e-05,-5.129965339774436e-05,-1.623688719828778e-05,-2.8182417393861914e-05,-6.966619693197666e-05,-5.099786128993196e-06,6.2553143518170015e-06,6.337782414114373e-05,4.6059219746317545e-05,0.00012596552601214036
cysA,cysA,9.71109519228801e-05,0.0005415838021813669,-4.090622179394534e-05,739,-2.4071044981866302e-05,1.1333152700203161e-05,-2.6491273787117348e-05,0.00011518641219998525,2.765672895766415e-05,1.8676259943037363e-05,-5.693333026707775e-05,3.785631397085232e-05,0.00010863850928038128,-0.00011474077609318203
lolC,lolC,9.684265359486248e-05,0.000862200880390583,-0.00032238791987045464,740,9.236081687619763e-05,1.8347091047753862e-05,-6.203114467765708e-05,-0.00011184728197235934,0.000155074130089844,4.578587082449143e-05,0.00013688268414581824,-5.2801205492563095e-05,3.107117400861757e-05,-0.00015599948125528075
fruR,fruR,9.668437716953589e-05,0.00032585258169363614,5.596002651926915e-06,741,4.228771518856973e-06,-5.556504996464849e-06,-2.334287918901356e-06,-4.665194781804066e-05,-1.7701205939573048e-05,2.1995385207484863e-05,5.592558163267283e-05,-4.2340155589070224e-05,1.3625397404226264e-05,0.0001154933436683451
rfaJ,rfaJ,9.637163794513216e-05,0.0003047633601980103,-0.00012550672127415984,742,2.1902489914010677e-05,2.3632288221733708e-05,-2.1431644950857408e-05,-6.309198353642903e-05,2.827750292925587e-05,-1.9672232639152605e-05,4.015249568284464e-05,4.037439500859151e-05,2.598138837247549e-05,2.0246938942659313e-05
rdgC,rdgC,9.531677393156637e-05,0.0004175670109908676,0.00011758961544473226,743,-7.579402153623628e-05,-7.923987471080223e-06,6.871769506127263e-05,-6.172077960711868e-06,4.225267204278434e-05,-7.123503156162224e-05,5.455211327328061e-05,1.932050948540761e-05,1.226301992394957e-06,7.037260060607683e-05
emrA,emrA,9.485060709103428e-05,0.000465940149315523,-0.000298533090492664,744,0.00014644041318669616,-1.8331610224099774e-05,-1.3349359477462634e-05,-4.1019064073385386e-05,-1.1301767883235088e-05,-1.0016012007491486e-05,8.274703866222152e-05,5.12079263543609e-05,-4.200654770237554e-05,-4.95204097441944e-05
fimI,fimI,9.462159273400665e-05,0.0006839986881510074,0.0003196912498654338,745,0.0001148311240612993,1.11523441469124e-05,-9.314778248144674e-05,4.9379927714260884e-05,0.00013795575409574916,-0.00015881085939669232,-4.2729905830361285e-05,5.0116135803919724e-05,6.054115130655345e-06,1.982073948971018e-05
dapD,dapD,9.458389007311452e-05,0.000462903692063218,-4.757831560759498e-05,746,5.966345714838905e-05,4.486901056465966e-05,-7.338702040564674e-05,-3.868916619876846e-05,6.586939221828995e-05,9.528269277387842e-06,9.881366185943976e-05,-5.7528808833870915e-05,-1.087746677000392e-05,-3.6774387867617224e-06
yheM,yheM,9.456114996528527e-05,0.00040839386073290417,0.00015832036209085745,747,-9.219204845847342e-06,8.070797878456934e-05,-7.508141717993847e-06,6.372633774611224e-07,5.50345561262808e-05,-9.175801075538967e-05,2.6245253734952285e-06,-4.84309980645786e-05,4.17042451629588e-05,7.076893652432944e-05
dppA,dppA,9.453611055969315e-05,0.0007620676957352905,0.00039367898982175685,748,0.00014920324893010587,-1.6575049253898794e-05,-0.000129421296390419,4.670815415514401e-05,2.753834899598797e-06,-3.6391115724971046e-05,3.499110402666095e-05,-4.2729606823437985e-05,-0.00010864872439507186,0.0001946455611359822
frmR,frmR,9.45312132077722e-05,0.0004760112835714067,-0.00012938895733944272,749,0.0001878166242281668,-4.082655054483699e-05,-6.02380247906171e-05,3.4640952771467896e-05,-4.046679014763976e-05,1.857087433745627e-05,-3.098135781948983e-05,4.4242797052498466e-05,-6.624277189570118e-06,-1.1603034689663392e-05
insH-5,insH-5,9.449085387661348e-05,0.0005988827248225555,6.606633114552909e-05,750,-1.552386644404458e-05,-4.310196744708078e-05,0.00011676956118846177,8.794200561327434e-05,5.5840602812875314e-05,8.613461973497311e-05,-2.4215862813111987e-05,-4.7310122258022295e-05,-5.854010059563302e-05,-6.350401591507834e-05
rfaP,rfaP,9.438206227161911e-05,0.0008610964262231209,-6.950379834939128e-05,751,3.8938816203922854e-05,2.4776100781581907e-05,-0.00011703462496749544,-0.00018070288192591853,0.0001047081632278606,-6.144719277291432e-06,0.0002208823133748328,-4.4430063342610996e-05,-3.50448924624345e-05,8.843385065917184e-05
murA,murA,9.431855680215889e-05,0.00042981596931691206,-7.250056008316385e-05,752,-1.69725176270175e-05,-3.048692329204584e-06,4.3871639870188465e-06,0.00011278157553990008,-7.819985485615356e-05,-4.5854919120751986e-05,2.9935683558624902e-05,1.475519949267077e-07,0.00011481528797906498,-2.367272232424901e-05
yafK,yafK,9.412763502735983e-05,0.0004016987904998185,0.0001053180462689489,753,7.095386692453274e-05,5.1153142821229035e-06,-7.198136327763603e-05,4.165673228104517e-05,1.842614791891968e-05,-1.2342530577596996e-05,7.212119090877912e-05,-4.373676965557282e-05,-2.572491422542346e-05,3.963996044818951e-05
ybaN,ybaN,9.39567883071788e-05,0.0004665226981299727,0.00013077473362050924,754,5.979177230537052e-05,-2.1912832013754337e-05,7.928599361674843e-05,-2.879621633261277e-05,7.621099366446542e-05,-4.023228426599774e-05,-8.046659435305209e-06,-4.015527587414515e-05,-4.7139686989581715e-05,6.495098363199136e-05
ybgA,ybgA,9.39170983019883e-05,0.0005863290654052119,-0.0004233997973234386,755,8.97993722998293e-05,4.323588871645455e-05,-3.344327760158678e-05,-2.3541066661887968e-05,-8.279360677173006e-05,6.643341985233273e-05,-4.802135643929984e-05,4.286598871038832e-05,9.778841227459519e-05,-5.8406676077107136e-05
ytfK,ytfK,9.370496520757722e-05,0.0005449912574721573,-0.00046853342649505816,756,0.0001968137960558628,4.858010192543566e-06,2.2883388183063348e-05,-0.00010746432013393996,-6.791225362607477e-05,-3.6535474356991365e-05,6.705375046452516e-05,2.7739166443872394e-05,-1.6934411315582074e-06,-1.2037656883725748e-05
yqaE,yqaE,9.37031437648326e-05,0.0007037379842887791,-0.00042363586103595196,757,0.0001582368822349365,3.1894405984659434e-05,3.7513974519679934e-06,-9.534584876293018e-05,-9.904994955486081e-05,0.00011777932651186007,-7.712702679521256e-05,5.7629112161150525e-05,-3.349459514896972e-05,2.9429439682231354e-05
hmp,hmp,9.359853956021145e-05,0.00022079282695951506,-3.0592725561212507e-07,758,1.3980650483723123e-05,-1.1689905828749597e-05,4.6475694496864e-05,4.195500776352432e-05,6.2421018587863546e-06,-4.352378150367224e-05,2.2634656978026787e-05,-6.832652897218981e-06,2.5907571678938693e-05,-1.5508034700110141e-06
fliD,fliD,9.32999674936432e-05,0.0011205505226349179,0.0006023538982235906,759,-1.716560500069113e-05,-3.9312833603026615e-06,-0.0003000645625103644,0.00038317102847808867,-9.240013953540685e-05,-6.94929352203965e-05,-6.43443260718556e-06,0.0001666981726702568,-2.4136319336290237e-05,5.705604391593508e-05
yfcM,yfcM,9.17731676874587e-05,0.0006015764976112845,-0.00015327786444221605,760,6.628195988882334e-05,-3.208290643961251e-07,-6.815832980416249e-05,-2.9317712282146917e-05,-0.00010766194559319012,5.79740886315605e-05,0.00011619147463102938,-1.9900350945885863e-05,-2.954249727213138e-05,0.00010622730949795836
ycbL,ycbL,9.154172384653807e-05,0.000340261524487858,0.00014379456377781126,761,-4.295531721567696e-06,-1.6279994235755155e-06,-1.3593728970244826e-05,-2.998695483937009e-05,9.568163718515218e-05,-1.464560174836316e-05,5.2222498497669924e-05,1.6024027017983355e-05,-6.021008361753867e-05,5.1973461466392556e-05
tehB,tehB,9.149843585132188e-05,0.0005132925920292712,8.944144505011492e-05,762,-3.22953568538764e-05,-1.1502811791994974e-05,-5.495065607685797e-05,7.004935372806989e-05,-2.2737555880549303e-05,-5.304377728893217e-06,0.0001891880176090289,-4.41145924570228e-05,-3.999172729978004e-05,4.3158142603197814e-05
tktA,tktA,9.148869191197166e-05,0.00040905585808292803,0.0002106293619336827,763,-1.5686228636505516e-05,-3.8429110311353816e-05,5.2868415312192497e-05,0.00012381590144772486,3.891726559362144e-05,-1.3643332083118922e-05,3.467069264391107e-05,-1.1606933367175716e-05,-6.774383856880511e-05,-1.1674140118519125e-05
ileS,ileS,8.962950561862387e-05,0.0005185646038038028,9.767368379681556e-05,764,0.0001384088662773488,-1.7228460273750403e-05,4.762746964656256e-06,4.526898147144664e-05,-1.7977951660465324e-05,-4.851757377029243e-05,-1.5526483027053363e-05,-0.00011521708036102794,4.929589510102323e-05,6.636056489673839e-05
yfcH,yfcH,8.883431408173704e-05,0.0005143657589884201,0.0002483044161347771,765,3.461724147822449e-05,-2.067758437246286e-05,-0.00010957104032013978,-7.581874687952298e-06,7.73626647335188e-05,-4.606702565206361e-05,-2.8868197420722967e-05,6.443472471328638e-05,2.6396830547358304e-05,9.878857506269057e-05
ribB,ribB,8.853656120920799e-05,0.0002933091182832646,-3.7952198103598977e-06,766,-2.213919565960643e-05,4.788283131350704e-05,3.824091767079287e-05,-6.031688815648978e-06,6.0381266514227134e-05,2.382829756594513e-05,2.058952668176412e-05,-3.649585435170767e-05,-2.574063271091111e-05,-1.1978906999154094e-05
galE,galE,8.84441994117394e-05,0.00030791528678441183,0.00016137512948033258,767,-3.0156430321927615e-05,-4.134770574482384e-05,-2.6213561237089302e-05,7.260679153877577e-05,1.5489020516796428e-06,9.582235158806887e-06,-1.2017846382495457e-05,4.645579784679562e-05,1.7232045646437128e-05,5.075397085558057e-05
gloA,gloA,8.817959214365563e-05,0.0006281104099021683,-0.00020253515161277702,768,3.0024129619691153e-07,-2.819635381991479e-05,-5.46560439584697e-05,-1.2926228049774482e-05,-6.46451877448777e-05,0.00019887645585195052,0.00013857466781467311,-5.306492670598925e-05,-5.647666860023047e-05,2.0393636060091484e-05
cheZ,cheZ,8.81704528724238e-05,0.0006793072856100111,0.0001456771389414841,769,-2.391198155437426e-05,-1.664521040280798e-05,-0.00011994474341846333,0.00022488813053225042,-6.99564024516782e-05,5.33748040668788e-05,4.105210786135281e-05,6.442382678073538e-05,-2.7102146367851547e-05,-3.800793217361828e-05
ydcY,ydcY,8.78432152029708e-05,0.00066844182716934,-6.74390853658972e-05,770,-6.861372824873417e-05,-3.033464388768817e-05,4.268330291162108e-05,0.00010230498225065469,-0.00016180881716076567,5.91185606211451e-05,7.243411577462732e-05,-2.954211668599659e-05,3.189565979945944e-05,6.970589982864779e-05
insM,insM,8.772072700946194e-05,0.000379941818670139,-0.00017855794894829012,771,0.00010839005813910392,1.841105309934987e-06,3.7371133546442064e-06,-3.569307936553503e-05,4.941065026251917e-05,3.258781242131653e-05,-5.128128459840528e-05,2.2086067230463203e-05,1.5778466121818474e-05,-5.9136181866398234e-05
tyrP,tyrP,8.755821409805878e-05,0.0002701582826521438,-1.1178553642836234e-05,772,-4.5953548641314175e-05,-9.439011847008914e-06,3.265476388292867e-05,7.409730401633072e-05,-1.4165067656619586e-05,1.0261664005802423e-05,4.948741090665445e-06,7.1360307432180485e-06,4.975974463615601e-05,-2.1742406132099864e-05
rph,rph,8.743382184131149e-05,0.0004117612981931269,-0.00013436702323727455,773,-1.1364024164412325e-05,5.609663414537804e-06,-4.63663209115922e-05,5.495489872400933e-05,-4.470266208546424e-05,0.00013631530381614694,1.5330610237013174e-05,-2.6011893677912304e-05,3.7387083825511934e-05,-3.371883733652664e-05
ygeQ,ygeQ,8.71530106719815e-05,0.0006790272056821026,-0.000312138207557931,774,-5.7661651075377824e-05,-3.377954006806389e-05,-3.4708025313942024e-05,5.729528260470201e-05,-0.00012118056319798413,0.00018537127236967853,4.069916903082679e-05,2.5303449770012268e-05,7.442093440182242e-05,-4.8607317849692635e-05
yqjC,yqjC,8.712140004201507e-05,0.0007943997144405318,-0.0006704375597066618,775,0.0002529373456413161,-5.4554578377402605e-05,1.5455183139619277e-05,-7.816421485355638e-05,-6.180340952774412e-05,-7.426498989532385e-06,2.3856894224611175e-05,8.368729275502301e-05,6.482384148070391e-05,-0.00015169045545102285
yheV,yheV,8.687909620846468e-05,0.00025804320850100846,1.3923818646979918e-05,776,-7.778230113258063e-06,7.320878660618831e-07,6.302902336764782e-05,-3.185971316439747e-05,7.3846527136109e-05,-3.6793849200125677e-05,2.64388705289071e-05,-1.1767320866799756e-06,-7.973531581810708e-06,8.414643456010778e-06
mukF,mukF,8.642659421176099e-05,0.0006210184878356495,-0.0002649125321237622,777,6.79426201229481e-05,7.617603023260923e-06,-8.134149451597585e-05,5.362188295830515e-05,-0.0001331654317195128,0.00020502408869641436,-2.2316620983980243e-06,1.9516346222776706e-05,-4.085793828326462e-05,-9.699420194792974e-06
flxA,flxA,8.63446249066066e-05,0.00044980857369932335,1.2199753816185165e-05,778,-1.9550601415938536e-05,3.396546740345334e-05,-9.153161165938176e-05,6.93388095916576e-05,-4.345724659805226e-05,0.00011293718770468392,2.8444508235379567e-05,-2.0652640875574643e-05,-6.539873847411163e-06,2.3390626367790556e-05
ybjO,ybjO,8.596961177242856e-05,0.00024862594070568375,-0.000232864181999343,779,1.2973246291122593e-06,8.643431399518581e-06,-6.016402999231143e-06,-4.9345862210440004e-05,1.864476353939251e-06,1.3972257209048312e-05,3.1370268136602094e-05,4.7205900375165734e-05,6.294411813566995e-05,-2.5965899256956463e-05
guaB,guaB,8.596820112838947e-05,0.0005223558675182241,-0.00010390307531800849,780,-2.4555044275741803e-05,-8.621826348856927e-05,6.369046707523295e-05,6.70172583306788e-05,-9.400213582076036e-05,7.210491563959098e-05,2.728721669729911e-05,5.6044736185232926e-05,-1.3418389609845917e-05,1.8017440395272046e-05
wbbJ,wbbJ,8.596307050147066e-05,0.0006800006004247131,0.0001397345722412698,781,1.0489435124337473e-06,-5.625175140317098e-06,0.00011173665275002713,0.00010725758383058946,3.681897742868246e-05,0.00012611967794135917,-8.514574634255945e-05,-0.0001328994798116519,-4.212062377919117e-05,-3.122773988790171e-05
frmA,frmA,8.554456546117226e-05,0.0006862803314359072,-0.00017548631840002787,782,0.00018906650766574215,-1.2819471784479324e-05,-5.787537739749857e-05,-5.270983504909356e-05,8.583203110619518e-05,7.205490287187017e-05,-5.304261016354056e-05,3.895900680473221e-05,-4.5827516066225974e-05,-7.809307252652942e-05
nagB,nagB,8.477630387094876e-05,0.0005937678030101493,-0.00038508735344170407,783,0.0001417147663847252,4.799473252143849e-06,-4.1151628923053765e-05,-2.1391890902362173e-05,-6.264932485747625e-05,9.727247133594635e-05,-3.794198192509572e-05,-2.5246613936073202e-05,9.548534246773371e-05,-6.611430902553923e-05
rfaQ,rfaQ,8.46228467169649e-05,0.0006368292222476557,0.00019695378287658217,784,7.088367919259331e-05,-5.989642067372417e-06,-6.183627247294356e-05,5.530032812926662e-06,8.048273055819154e-05,-2.8313463034706417e-05,0.00014905404049294347,-0.00014281368879002305,-3.7150121400299984e-05,5.477555142565532e-05
gidB,gidB,8.450744783804847e-05,0.0003197195628865533,-3.620217245411803e-05,785,-5.585838348525993e-05,2.3139491822932623e-05,3.217656094809317e-05,-8.076978941250982e-06,2.951325555474736e-05,8.295033693770984e-05,3.1617499020349036e-05,-4.355858150514485e-05,-1.0112113592596638e-05,2.716361078468839e-06
ppiB,ppiB,8.4318748691108e-05,0.00025675482591443573,0.00011410143681279123,786,-7.130106599743668e-08,-1.536196777220507e-05,-2.9130222939696703e-05,2.9225335170074992e-05,2.099882308274195e-05,-2.065103314459218e-05,5.1498717535748483e-05,1.9827977015073742e-05,-2.1003513689172456e-05,4.8985934499132685e-05
ydgK,ydgK,8.416429377858993e-05,0.00045163506155159247,-7.838147579987793e-05,787,-2.354715422625793e-05,2.7860863704798563e-05,-5.6737207742808486e-05,-9.296627389872268e-05,2.6156154907206345e-06,0.00011158948171205041,1.6732112675741308e-05,1.5859536684422243e-05,-1.0484748018712194e-05,9.324206739735805e-05
slyA,slyA,8.355026485513722e-05,0.000368056447916758,6.021282938262233e-05,788,9.301894214525243e-06,-2.7618637575766815e-05,3.143613641854834e-05,3.279536744440867e-05,1.3350886589974527e-05,4.8335266438397275e-05,-4.7256108797412495e-05,6.484851219559697e-05,-6.737834515763108e-05,2.5735293084496583e-05
katE,katE,8.348253406311801e-05,0.0010473482275873388,-0.0006357470045592103,789,0.00046810519932620313,-3.810228371241054e-05,2.6127406414459553e-05,-0.0001071642777129824,-8.963396590977057e-05,-0.00011761262568808537,-2.6521310788670755e-05,7.118277508456563e-05,-2.3564391324897467e-05,-7.933399162529323e-05
rhlB,rhlB,8.291388553719869e-05,0.0004621713756699933,-0.00027836434336558235,790,0.0001928751142519218,-5.314796445911394e-06,-1.7533446579600102e-05,-9.257471769569802e-05,2.834789550440541e-05,4.978268512051088e-05,-3.12075374670991e-05,1.5369357267579078e-06,-9.499840155189487e-06,-3.349840672289922e-05
xthA,xthA,8.233187950042737e-05,0.00032595758579967785,7.54331784514119e-05,791,-1.0555611416020972e-05,-2.4838631659730836e-05,3.6089981571960824e-05,3.286990022812038e-05,-7.342467435084293e-06,6.580885792613044e-05,1.6020896740957426e-05,-6.366890502594722e-05,-1.5407237612841915e-05,5.335509618288355e-05
ygaT,ygaT,8.006283144863899e-05,0.0004330143560170554,-0.00011497726174593964,792,0.00010387193921950444,-5.833847836831728e-05,2.216980539339332e-05,4.941322573140721e-06,4.1037338087182884e-05,-3.616980995787282e-05,4.2309684994311576e-05,-1.8531598149044207e-05,4.220850346531428e-05,-6.343587580897393e-05
grpE,grpE,8.004987556233255e-05,0.0005547452934401286,8.530028661007949e-05,793,0.00015455185631014216,-5.762276006074214e-05,-8.315915785539518e-06,-8.45430560703617e-06,-5.134564376304103e-05,-1.2133786436444542e-05,2.0370697734805164e-05,-8.129363782689247e-05,-1.8181659459202135e-05,0.00014247503045628323
ybhB,ybhB,7.93923934188085e-05,0.0006806841452880942,-0.0003092958090365718,794,0.00010134184772240763,-2.737878478354824e-05,8.918510775657147e-05,-2.6491804352447452e-05,-3.343497099949561e-05,6.276759027322414e-05,-8.695973100925202e-05,-7.135565233296097e-05,0.0001267437236012481,-5.5024932456938554e-05
ygfB,ygfB,7.936567232945618e-05,0.0003771800188439633,-0.0002709118349923188,795,6.45494643796872e-05,8.152406549607707e-06,4.911440593700073e-07,1.2853485439999198e-05,-8.756431165047374e-05,6.69310389004148e-05,-4.028060648582306e-05,5.412869386568977e-05,2.1166612391941062e-05,-2.106225512095678e-05
flgG,flgG,7.93464043963076e-05,0.0006637274574288984,0.0005119565758115136,796,-2.795489084879277e-06,-2.11869817596382e-05,-0.00014675447387014543,0.0002097540518794306,8.912538419952752e-05,-7.028323497476017e-05,-2.890319586305151e-06,7.265749483364488e-05,-4.5052081265519665e-05,-3.2279459750475055e-06
pepN,pepN,7.927641959048126e-05,0.0006724862789696211,-4.7590693464246614e-05,797,0.00022916679597833833,-1.7913266442393095e-05,-0.0001188691545100605,-6.846832240634733e-06,6.921801699879263e-05,-0.0001043061208343634,3.73854317687774e-05,-2.1412339670775603e-06,4.0111104534142765e-05,-4.652832169504058e-05
guaA,guaA,7.907925173091967e-05,0.000689357242354899,0.0002107113631749237,798,0.00017002707009097098,-3.173738855074157e-05,5.817376313299001e-05,6.874930384004074e-05,-3.1130839107619898e-06,-7.487940044669181e-05,-9.298661193959907e-05,8.009022455264704e-06,-0.00010242251046419526,7.925908752364295e-05
zupT,zupT,7.895375710447623e-05,0.00029782716765371623,-0.0002038097494444207,799,9.529572680429303e-06,3.239197349094467e-05,-2.6157901568416243e-05,-1.9877655095038033e-06,-2.864897621989705e-05,5.610772440619853e-05,4.425077251867034e-05,-2.085080753623151e-05,4.611041928285337e-05,-3.179125444057139e-05
cydB,cydB,7.867795094254032e-05,0.0005582927508881504,-0.00040315084357716197,800,0.00018342111451397035,-2.6115029412832413e-05,3.46198122310839e-06,-5.043645347235489e-05,-0.000100478419772121,-6.441946181430079e-06,2.74178454523314e-05,0.00010418440972593524,-4.501397806123177e-05,-1.1321573072834916e-05
rnb,rnb,7.839127359562134e-05,0.000440426254047694,0.0002611062615824937,801,-9.074903584897146e-05,1.5739616373448662e-06,-5.8562823945737857e-05,0.00012496212646760652,-2.694477962860569e-05,4.485241357740442e-05,-4.7608508027213465e-06,6.645034433307742e-06,9.643806955937444e-06,7.173142075005671e-05
flu,flu,7.818576559725027e-05,0.00041092437738887277,8.907315684702677e-05,802,8.653904847101241e-05,-9.579700376291182e-06,-5.3145399678862e-06,7.371756798392855e-05,5.870077611015049e-05,-5.7191787994996364e-05,2.5597678927970097e-05,-2.3139681023032543e-05,-2.2354713661664483e-05,-4.8788882871940534e-05
ydcR,ydcR,7.79361251090522e-05,0.000583559082987205,-0.0004105746035186295,803,4.356260874199936e-05,3.159963543154255e-05,-6.308809389291805e-05,-9.590320041053933e-05,-9.098914861774419e-05,0.000179599984936714,3.218317748180387e-05,-2.8310360178747942e-06,2.3229087632573938e-05,2.0573109823494833e-05
hisI,hisI,7.788456627405015e-05,0.00037729351393028007,-0.00016268099030224514,804,2.6950775244156835e-05,1.3797228300916336e-05,6.960960996191555e-05,-3.2395111747277045e-05,1.3223691218211648e-05,1.5893326401298962e-05,-4.691659219052151e-05,8.811440897566578e-05,-4.71659784052843e-05,-2.3226791485032107e-05
prlC,prlC,7.784379420400881e-05,0.0006275956326414325,-0.00013856546535427096,805,0.00020348961403786963,-3.431238514627521e-05,-0.00010613735280788854,-8.392844945945202e-05,5.2011307500415444e-05,5.551711530712281e-05,4.014537019340728e-05,-2.8609394540358693e-05,-2.1888337264737396e-05,1.5563063839055237e-06
glcF,glcF,7.720735057161352e-05,0.0003371838564753764,-9.756567105821265e-05,806,-2.9055796460167674e-05,-2.6506801457175694e-05,6.774253795220132e-06,-5.462632660880341e-05,1.8866787165833308e-05,-1.9799328425734638e-05,6.301554423185514e-05,1.3140865733534902e-05,7.981777339738093e-05,2.5580379199670547e-05
rpmE,rpmE,7.684662569560706e-05,0.00044383305320393006,-0.00019813091441648267,807,-9.204795676442193e-05,9.95035648563821e-06,4.42550479465061e-05,-7.277915022419904e-06,3.080311262930178e-05,4.135243663412024e-05,3.473578253559471e-05,6.739431940558117e-05,3.1848783813026356e-05,-8.416734196731966e-05
rssB,rssB,7.65652825634791e-05,0.0006762476191409431,-3.997264652243073e-05,808,0.00018217265263394534,-5.966652178395347e-06,5.5418908605611584e-05,-7.132583075567122e-05,6.48673501977094e-05,-0.00011033363706964274,-4.46575788777579e-05,-6.755746940726483e-05,4.919274083645882e-05,2.4754798578485976e-05
yccF,yccF,7.622548820069308e-05,0.0006383052815143998,-2.2783562570373873e-05,809,0.00010664945625491216,-9.785186750674053e-06,-0.00010450655564028874,3.309671345086979e-05,-8.9384874309719e-05,0.0001246181738539987,-1.5185237605215394e-05,-6.217804235095618e-05,9.891917623756983e-06,8.300912367400881e-05
tolQ,tolQ,7.61274034480247e-05,0.0003988250839787887,0.00029064129000300003,810,2.9959236855615635e-05,-9.715945058885438e-06,-8.520071376933908e-05,6.29665244490233e-05,0.00010580878280364787,-3.999257690548323e-05,1.393811975302663e-06,2.2738848156976026e-05,-2.6439604531674224e-05,1.4609039472841181e-05
cdsA,cdsA,7.603623941514412e-05,0.00037803042946284307,0.00012861330750980586,811,2.023094254339318e-05,-1.7864131630154192e-05,-3.7945394848295603e-06,4.364110845286946e-05,1.3279009966592714e-05,-7.399247183342372e-05,-5.534595207544202e-05,1.7764014210782014e-05,8.671360422234343e-05,4.540465504301283e-05
rfaE,rfaE,7.571051727149484e-05,0.00035379727630240396,4.9931207146255234e-05,812,4.154818498405622e-05,8.11778035243867e-06,4.675333136903372e-05,-5.551373787254574e-05,8.546298100705343e-05,-7.780137744564156e-06,-1.5800022242608727e-05,-2.933806729222719e-05,-3.061141436350874e-05,3.2871619074367356e-05
lipA,lipA,7.533064889442388e-05,0.0006250648110248153,0.00045390552862670404,813,5.679292952012287e-05,7.811464680455388e-06,-3.18122133133588e-05,0.00015350529138501411,1.2195659665207845e-05,-0.0001323860479422521,-8.15839941406122e-05,-2.9084825668972563e-05,2.0975246998477313e-05,9.891713771034202e-05
bacA,bacA,7.472520611981761e-05,0.0005164679091541447,0.00042116394831942885,814,-2.2831260288775165e-05,4.930806708679633e-06,1.8622958152145064e-05,4.4561963008779595e-05,7.419256967134774e-05,-5.265819212943873e-05,2.4098215556533213e-05,-4.819773428456624e-05,-9.71841648143834e-05,0.0001291900445394959
ycfD,ycfD,7.451248730286484e-05,0.0003521849266699907,-0.00017788125720115684,815,9.704889060258132e-05,4.377053108934372e-06,-3.9814425759591315e-05,5.920203055070733e-06,-2.8981894355767615e-05,0.00010600256021984132,-2.9033382604615096e-05,-1.8260172232938187e-06,-1.0557806091845931e-05,-2.8622693648449126e-05
ydjR,ydjR,7.443775031315166e-05,0.0006917584979069558,0.00023390679054840563,816,-3.661521433540942e-05,2.7422364212190876e-05,-0.00015827235614255928,0.00022057397456476526,-6.899438020291383e-05,1.3895516255725615e-05,-4.4778423116019506e-05,1.8230162404621344e-05,0.00010038343060382345,2.5926760689271705e-06
yhiQ,yhiQ,7.344773994073613e-05,0.00026818515294172075,7.170451128637708e-05,817,-3.623320190775548e-05,1.8967705585457157e-05,2.5496844144803996e-05,5.908518311205313e-05,4.5699677649265075e-05,2.0416175784801997e-05,-1.0597870887385038e-05,-1.8328898557590193e-05,1.1508601648471064e-06,-3.220873514776159e-05
ubiE,ubiE,7.340208945215713e-05,0.00045756459018449897,2.0259840154836066e-05,818,0.00013927356237758879,-2.8219756749562735e-05,7.937881263724265e-05,2.8825140048870574e-05,1.6650803838272046e-05,-4.819136423218991e-06,-2.394021705183883e-05,-5.3042905214458775e-05,-8.205923492709157e-05,1.355020916354007e-06
hlpA,hlpA,7.337338576086019e-05,0.00030769151664433985,-0.00027050842639252354,819,5.7073857974875994e-05,-1.5598194949506322e-05,9.562946802403412e-06,-1.106615483230871e-05,-3.355834426651139e-05,5.4408381550988997e-05,6.792993542745482e-05,-2.993350176401861e-06,1.557329446876821e-06,-5.394302121701158e-05
cirA,cirA,7.331707320833881e-05,0.00040908011326650016,0.0001828529369133667,820,7.633801546151346e-05,2.5626287894243037e-05,-2.1836648347486042e-05,6.3441689627548e-05,1.6166379750862877e-05,-1.2309190963235491e-05,-7.240309458346503e-06,-0.00012649537126001266,1.1149284820810249e-05,4.847693568244188e-05
truD,truD,7.310013114224777e-05,0.0003667201651808089,-3.413886162131488e-05,821,-4.1017958308720935e-05,-3.833035704073581e-06,7.926550932900145e-05,2.5381375927470542e-05,2.3454005036694443e-05,3.615082845648639e-05,-4.7458069234639017e-05,-2.514620756814848e-05,5.56584294118755e-05,-2.935474620369854e-05
holC,holC,7.296760261767888e-05,0.0005488691811646242,3.1790055051868445e-05,822,6.559380891819273e-05,-2.1883918316109835e-05,-4.081647335811366e-05,2.7187464015637622e-05,5.699199897078907e-05,0.00012753653762336538,-9.543373317668326e-05,-4.80160302709129e-05,3.360858236316677e-05,-3.180063415165302e-05
yeeN,yeeN,7.257393458559913e-05,0.00022270841123763944,-1.740124479111194e-05,823,-2.5758944202328573e-05,-2.89882825917851e-05,5.676856906294323e-06,2.8440157448416964e-05,1.8024234491971165e-05,6.749821828709224e-05,-1.4419644887619303e-06,1.0926512362482216e-05,1.7075193415362365e-05,-1.8878047043144534e-05
zipA,zipA,7.252610234159217e-05,0.0008154862480041999,-0.00013060416406642075,824,0.00020033291693613762,-6.066904660299263e-05,-0.00012939766711856285,3.485089740195975e-05,4.2434861486150626e-05,-1.2275216248907284e-05,-6.281335311031635e-05,3.036699899968165e-05,0.0001360205003489663,-0.00010632478975052468
sfcA,sfcA,7.220673824140039e-05,0.0006884898264146126,-0.00022541582232215595,825,6.589384909287315e-05,-5.476870044028972e-05,0.00010119753071479588,6.793678775607137e-05,-6.224048555374761e-05,5.4164924220764365e-05,-3.5595714988128735e-05,9.11551905435017e-05,-7.323579886173846e-05,-8.230084424270154e-05
insE-4,insE-4,7.206261471161558e-05,0.0004038514007024155,2.0747444094062403e-05,826,2.7021636311102825e-05,4.283451812441793e-05,3.2113956549699505e-05,3.521776519541592e-05,4.585106132936422e-05,-3.198254666762401e-06,-6.482928025256184e-05,-6.32030609541346e-05,5.491807019701517e-05,-3.466379712194114e-05
hemN,hemN,7.188344309788495e-05,0.0004654296303390025,2.290107652882923e-05,827,7.297139629419656e-05,-2.056770692008839e-05,2.9902809849881183e-05,4.1379899808931146e-05,4.326605950084546e-05,-6.395953037583495e-05,8.302529280974791e-06,-7.499215682821592e-05,7.283384198361458e-05,-3.725369949641952e-05
yeeX,yeeX,7.102533522098857e-05,0.0004403448931254847,-8.321363022718853e-05,828,9.950015713396649e-05,2.4765902240006154e-05,-4.704055416484339e-05,5.8724766781268e-05,-3.686451479488671e-05,4.803887969622372e-06,6.789040004837365e-05,-3.350449680765425e-05,-3.929581369538248e-05,-2.795439948948126e-05
flgJ,flgJ,7.100494689152163e-05,0.00047452806868835394,0.0001045049623439023,829,-4.882651006847666e-05,-2.150330476276193e-05,-5.73393634093487e-05,0.00010897206182412237,-2.2159900720199868e-05,4.202373980911293e-05,7.801448988554431e-05,-5.1932481937629e-05,4.281342275736872e-05,9.427935137894645e-07
manZ,manZ,7.083979931983851e-05,0.00042685072336712943,0.00019602452365990902,830,3.272484796292296e-05,-7.198971126964575e-05,6.38377817855514e-05,-1.5729124528493774e-05,6.867633560366552e-05,-5.5978160237485625e-05,3.12134557664206e-06,-3.296631568119276e-05,-1.3421503068275393e-06,8.048495041470201e-05
marA,marA,7.018889515030661e-05,0.00031269746518932794,-0.00010787956443678338,831,-8.899081641990554e-06,1.992762667201279e-05,-2.5899592926628975e-05,-6.79533671231211e-05,4.13820910133491e-05,2.7048629560514258e-05,-1.8502243327770046e-05,7.103828161676305e-05,2.4320609840644466e-05,7.725941466533622e-06
mtlD,mtlD,6.975957721348052e-05,0.0002831252290210474,-7.416929747648587e-05,832,5.8380174541397984e-05,-2.217592912423388e-05,-6.098722330337737e-06,-5.305583565172073e-07,5.4081220434545874e-05,6.026753111856328e-05,3.7134770227568582e-06,-2.777091335972962e-06,-1.9345002547190335e-05,-5.5755522209531325e-05
ytfN,ytfN,6.892809866621981e-05,0.00040087004067585987,-2.1838934125153107e-05,833,-2.2519136022636255e-05,9.060261915418963e-05,9.486526542663978e-05,-1.449062984873874e-05,1.7185253309302284e-05,3.7351910348475434e-06,-3.155118130464322e-05,7.660781936090768e-06,-9.741002382880178e-05,2.0849958809969798e-05
hycH,hycH,6.8670546322212e-05,0.0003005134944954813,-0.00018789521016699995,834,2.0161619111000255e-05,9.065664897393908e-06,3.492427316643388e-05,-3.524678724988863e-05,-1.7223888948275966e-05,6.418081084598579e-05,-2.2121032462067018e-05,5.6259652388032855e-05,-3.418810970217368e-05,-7.141655724229363e-06
nei,nei,6.86431290029947e-05,0.00026591865369347286,7.15164816685839e-05,835,4.8721023196321e-05,-1.0690488143717037e-05,4.338312938678065e-06,3.743455795538597e-05,5.108343712910886e-05,-3.6637653957424334e-05,1.6368637538916312e-05,9.334922589823566e-06,-3.2871430495392166e-05,-1.8438189748705547e-05
yicC,yicC,6.863628542846985e-05,0.0006355321343478787,-0.0003024960058635533,836,8.187456518975914e-05,-8.424778606497057e-05,0.00013666163843329175,5.523807567454043e-06,-0.00010644139670879173,-2.1629665106312503e-05,6.40023645444521e-05,6.402183415321727e-05,-5.511680550342559e-05,-1.6012271076204074e-05
ygjO,ygjO,6.86288368755496e-05,0.0003288404153320896,0.0001734851259464107,837,-1.4240312910641997e-05,3.9202818619646064e-05,2.10521302472321e-05,4.145846854312242e-05,2.174431049623535e-05,-9.356304574385459e-06,1.7422695825961266e-05,-5.9517126072464696e-05,-4.6992045670777835e-05,5.785420237162236e-05
yecR,yecR,6.851460425342073e-05,0.00046093377804389267,6.334616677594958e-05,838,5.989368976098446e-05,-4.4516700254156295e-05,-1.1927408334750872e-05,1.2723543065705676e-05,6.988134890462438e-05,-7.648248339391824e-05,4.312057122183906e-06,-4.6608488456765674e-05,0.0001179135522951583,-1.6674506455644912e-05
recG,recG,6.807237775824589e-05,0.0004152333731957439,0.00016808890770912097,839,-6.579978472512152e-05,2.922292643584424e-05,6.59467119515095e-05,3.0599955876634133e-06,3.794711109115872e-05,-9.450478040994697e-06,2.8402594355957724e-05,-4.074738849101217e-05,-5.758284646162062e-05,7.70735360548613e-05
chaA,chaA,6.800353572076895e-05,0.0004393155027887374,-0.00012040259169300707,840,1.52245550082808e-05,-4.105811291863719e-06,-2.6179526014092883e-05,-2.0556890251854953e-05,-1.8046956202657045e-05,3.7189373733055245e-05,-0.0001167667997735156,6.808120607701263e-05,0.00012076006596801155,1.2404318468392945e-05
glmU,glmU,6.752942600087669e-05,0.0003452472635694889,-0.00013691805248960287,841,0.00010113098895722589,-2.157091879188549e-05,-1.8364458318700617e-05,-1.33758613808657e-05,-4.2467869070360515e-05,6.451969713238895e-05,1.9588241488704826e-05,-2.1822369932120295e-05,-2.1257441290373485e-05,2.114941720686313e-05
entF,entF,6.746442502296993e-05,0.0009495167726272075,-0.000300575411647252,842,4.938432121389865e-05,4.2327324370469466e-05,6.116316125880864e-05,-6.30427405498518e-05,0.00014401554873234832,0.00018104309232565557,-0.00017297821226275111,3.0557150923908075e-05,-7.476919494878305e-06,-0.00019752830149463756
cyoE,cyoE,6.718284122718307e-05,0.0004001470722012216,0.00014245552278930115,843,9.995011278774377e-06,-2.2028629461027108e-05,3.1612135656856472e-06,0.00011495724747444413,-3.575462374540146e-05,5.814906818215121e-05,-4.085883570454253e-05,-6.784002657604818e-05,2.178585793394752e-05,2.5616558279199447e-05
yecO,yecO,6.706319232582676e-05,0.00029802372311775086,0.00019779322327725946,844,6.335440157149502e-06,-2.741834584024562e-05,-6.613045083937861e-05,-1.483770204927327e-05,5.6103514637985955e-05,-2.3995521815045775e-06,5.6345371296215396e-06,2.3307570584201414e-05,-4.694214485559979e-06,9.11623952128304e-05
xseA,xseA,6.69255159011731e-05,0.00031569479363785784,8.161210031461552e-05,845,1.0294428911473866e-05,-1.251781198976215e-05,5.509358801073414e-05,4.067421780334055e-05,2.7442236906077874e-05,2.429876342079394e-05,-4.528031501603422e-05,2.7354566318619223e-05,-6.6586511862546e-05,6.152353398475898e-06
lpcA,lpcA,6.666342955050586e-05,0.00045642874818013947,0.00019338340411619,846,5.1378961518683855e-05,-4.5789574095279905e-05,-8.152434132507771e-05,6.15820060006349e-05,7.271892740269242e-05,2.1713441218709145e-05,-1.5836705116191325e-05,5.415275272460233e-05,-4.745452220828842e-05,-4.277516569979414e-06
livH,livH,6.651736507488875e-05,0.00036255334443741267,0.00012895196611248087,847,-2.0472592067295496e-05,1.5957960553683238e-05,-1.8967204522248824e-05,6.242178095042929e-05,5.600769529162547e-05,3.83066401243529e-05,4.1841277836059756e-05,-3.058776075085221e-05,-5.7295621692495443e-05,-2.0694810648369943e-05
frlR,frlR,6.640668913734161e-05,0.00037601255193398127,0.00012620242029295843,848,6.555144256709659e-06,-1.9856844015438202e-05,-7.651233725973689e-05,9.407181775408402e-06,-1.1456095561118929e-05,4.190349275842133e-05,6.49903332442615e-05,-2.7442693999775764e-05,-1.953496056225004e-05,9.835346850086054e-05
yncD,yncD,6.625848069576535e-05,0.0004621270307177437,0.00016841012224177703,849,8.857682764930188e-05,-1.4143231019020369e-05,-5.006960260395522e-05,-3.844811197171227e-05,0.000127225206530122,-2.5590157505605466e-05,-6.968317191069586e-05,3.44418111176642e-07,1.9489096505792533e-05,2.855720691036145e-05
moaA,moaA,6.623777259988123e-05,0.0004261496558784285,-9.241665769840776e-05,850,8.157776749520978e-05,5.558972126651702e-06,-4.0548457477043395e-05,1.1984970178884155e-05,4.377013190823012e-05,1.5698388882119928e-05,8.760348364805919e-05,-4.5489679941752246e-05,-2.507325958410046e-05,-6.884454463637754e-05
recC,recC,6.61189205773537e-05,0.0005280154249576645,-1.210330069847525e-05,851,2.5332138149808732e-05,-2.2251942121703165e-05,-1.7717605581757043e-05,-4.537825968035875e-05,-2.9840664319776034e-05,0.00011218954654491545,-5.8259586866955896e-05,5.731875413321087e-05,-5.7500193619604475e-05,0.00010222673393957401
yhhS,yhhS,6.610126323953277e-05,0.00037353060414280567,-0.0002938813884336777,852,0.00010491390079477975,-1.2879205586986892e-05,7.080484799953159e-05,-6.170719839247093e-06,-4.455846612439933e-05,-2.5008545858119663e-05,2.8036344433533023e-05,1.6060840463324827e-05,-1.936856409457431e-06,-6.316087663342603e-05
yccW,yccW,6.571075200386907e-05,0.00020005299187755913,-8.174928879237933e-05,853,2.011423401183966e-05,-3.1067349146606225e-05,6.44632391930062e-06,-3.61037707902388e-05,1.5265315997998876e-05,9.615223569461135e-06,2.384773846375025e-05,7.837995472995376e-06,3.6935854107383375e-05,1.2819186397984796e-05
lolB,lolB,6.56897490153965e-05,0.0004521021198259378,-5.238486227043458e-05,854,5.898574739764144e-05,-3.009705678414682e-05,9.107782650767085e-05,6.757868540590805e-05,-3.1125976953502354e-05,4.125367510944681e-05,-3.932921937348763e-05,-5.985334284947698e-05,-3.0003243647321166e-06,-2.980026507992473e-05
yjcO,yjcO,6.49940522713172e-05,0.000337296618245728,-7.195459481615417e-05,855,-1.4600438263228352e-05,1.1615419348983284e-05,5.053139540889087e-05,-3.8967218568190905e-05,2.711558880901515e-05,-2.5678634170417853e-05,1.8066988118359944e-05,8.544458508651608e-05,-5.690499198536829e-05,8.371358486757274e-06
pcnB,pcnB,6.490827895048216e-05,0.0003673530578453645,-0.000266524973618208,856,2.2954927129668852e-05,-1.111543370870917e-06,5.2151167977543424e-05,-4.8848367004985705e-05,-1.262780454021566e-05,4.812831546334709e-05,2.6606370793187352e-05,-4.930249874270736e-05,6.628988703417662e-05,-3.933217578866155e-05
yihW,yihW,6.484623289691117e-05,0.0008788827575786362,-0.0002342741404407837,857,7.31724878565211e-05,1.9451286914972884e-05,-5.902252145883191e-05,-7.856070209641557e-05,-8.159038920841757e-05,-7.573180104709863e-05,0.0001056846469377597,-0.00011211284853009882,0.0001981189359956231,7.543713753289689e-05
hisJ,hisJ,6.47642347899875e-05,0.0005294972015691608,-0.00012686643433750333,858,-3.7620260264974064e-05,-1.5226959639768687e-05,6.630895761049122e-05,3.1936501343000663e-05,-2.7546189753394238e-05,0.0001006347807625733,-0.00011653166236808529,2.1151797906746474e-05,7.709868055676246e-05,-3.544141136336434e-05
msrA,msrA,6.454889763719903e-05,0.0005427410502839137,4.017204167578226e-05,859,0.00011947951849096872,6.5927268602167956e-06,-3.562507974642054e-05,-8.819804180074773e-05,9.204335935431181e-05,-1.2785272029112417e-05,3.7014217152132486e-05,-4.853461891337269e-05,-5.395306383370397e-05,4.8515152102926566e-05
hipA,hipA,6.438924323510352e-05,0.00047602485812175944,-0.00030580245687059196,860,8.423672665610765e-05,-3.0133034628679225e-05,1.4994200716895046e-06,3.697025118533203e-05,-6.878275312185406e-05,6.1015891369122716e-05,5.4963426020162394e-05,-1.800791481157246e-05,3.152133537601718e-05,-8.889410488122219e-05
dacB,dacB,6.392433437932042e-05,0.0004462563344555329,-5.6358704683431634e-05,861,8.008475291156079e-05,-1.5549235227732173e-05,-9.608141624388347e-05,-3.615506370609206e-05,-2.7543494800207226e-05,7.45308216701756e-06,5.881364524040925e-05,-1.5836790060191293e-05,4.125748074419536e-05,6.748137335424368e-05
ackA,ackA,6.386430014638282e-05,0.0004618115642945158,0.00013738416574088412,862,2.617194892752851e-05,3.518378453997164e-05,8.503457149797036e-06,3.837388581856533e-05,9.746819594216398e-05,5.713665984242278e-05,-3.631196304310981e-05,-9.943273938506653e-05,-2.801108082879431e-05,-3.521784881709586e-05
asnS,asnS,6.380645432653927e-05,0.00037050850707740087,1.8419505417161303e-06,863,7.95984535930173e-05,-1.7980523027234597e-05,-3.9984629401889957e-05,6.395116733749095e-05,-5.6235543449252694e-05,-3.740866483141205e-05,3.233478847285324e-05,1.6164492752719128e-05,-1.7416656656414966e-06,2.5108578545889443e-05
menA,menA,6.34934380815673e-05,0.000558427236273836,8.839062705225964e-05,864,-0.0002190506422583294,8.76006585247841e-06,-1.9379014949199168e-05,-9.037241888605742e-06,5.71249959109549e-05,3.596450178144088e-05,7.800663064295562e-05,2.0544512157842576e-05,8.270535228746492e-05,2.785427854456432e-05
treR,treR,6.323636492964557e-05,0.0005151591321975605,-0.00010918344675558923,865,6.71013178857008e-05,-4.5691162880546195e-05,3.0445569769023648e-06,-6.611682962358155e-05,2.6106666087549785e-05,0.00012041275507363095,-8.699409181462563e-05,5.549582991675922e-05,-2.7159299315204114e-05,1.7036622623059935e-05
dnaX,dnaX,6.319658882439851e-05,0.0004455382026638179,-0.0002013313167793916,866,-2.566709600470573e-06,-6.63075931199802e-05,-5.084508603825614e-05,-2.3815662366469024e-05,-2.5698152143506032e-05,0.00012133499161948168,-2.384054183506211e-06,3.662825228566046e-05,9.640415183896608e-05,-1.955354946752149e-05
rimJ,rimJ,6.294760587746688e-05,0.0004892514235328637,8.72147863134384e-05,867,7.725720541043212e-05,-3.644991893223711e-05,-2.7880551513474352e-05,1.3315491133947675e-05,-2.994891752085175e-05,-8.74109254364677e-05,-3.146159542466752e-05,7.160154042929456e-05,2.2210655249134237e-05,9.171462248235671e-05
racR,racR,6.289870957140919e-05,0.00041420705388091285,1.4794203632230985e-05,868,8.291610092759727e-05,3.2111988552390446e-06,-1.9702211136015652e-05,2.1232300642940833e-05,-1.9278500914727216e-05,9.430062442677742e-05,-5.3818679237952795e-05,-6.754507411292073e-05,-1.5309706753135452e-05,3.689265687360648e-05
minD,minD,6.280857804944541e-05,0.0008405364015323975,-0.00013509906601488726,869,0.00034626127945714405,-3.6857883768919974e-05,5.497156754709854e-06,-2.703211412286113e-05,-5.889391515910549e-05,-5.685779346747545e-05,-0.0001048686035146616,-0.00010435360170845245,5.0133268279821944e-05,4.9780785299245704e-05
queF,queF,6.266650817713146e-05,0.0006995882027507975,0.0003712688006180659,870,7.792911815381248e-05,2.4040889306756247e-05,8.576307141071913e-06,2.9744045396415338e-05,6.206480804840006e-05,-8.312881294172378e-07,5.361338646472512e-05,-0.00011899732914218725,-0.00019863223001522854,0.00012515880095278326
tig,tig,6.252057053385889e-05,0.0006189295892889223,-1.898708295302537e-05,871,2.891448356943024e-05,-4.06802486159283e-05,-2.728063994248887e-05,5.307215046167221e-05,2.582425992251316e-05,7.06983856440233e-05,5.000956099821723e-05,-0.0001531139542253459,0.00011220623931553442,-5.712966659376861e-05
ybgF,ybgF,6.232556446046171e-05,0.00037937292131222226,4.495379921952935e-05,872,5.833739643417965e-05,1.2042566318556934e-05,1.3997068550015253e-05,2.1443930605741902e-05,2.7707682941930778e-05,-6.635827778858775e-05,-5.79093309921175e-05,8.283252974359464e-05,-3.425606964517505e-05,4.488068292322844e-06
yhhJ,yhhJ,6.224908244209474e-05,0.0005498763293637583,3.0084697317670923e-05,873,0.00014403969344288243,-2.3183081865364946e-05,1.9920471072486184e-05,-1.245347475280061e-05,-2.1706745546418423e-05,-4.7751180473306246e-05,-5.969877911197668e-05,6.177543120845606e-05,-7.90203617109649e-05,8.032711017910185e-05
nagK,nagK,6.201163724998908e-05,0.0004712319521358447,0.00023684285554386266,874,4.659434555563428e-05,1.1545045753565362e-05,-7.68646222199491e-05,2.9421016979139603e-05,8.480193847516106e-05,4.008562072187346e-05,-4.20483948705008e-05,1.896953626491794e-05,-8.569714035247793e-05,3.520429094262521e-05
yebC,yebC,6.18634300408988e-05,0.0005843574359927799,7.841877651908365e-05,875,7.264532294944744e-05,-2.526486070864131e-05,-0.00010595765491397676,1.2059314478006952e-05,4.728050491392047e-05,0.00018032400678740074,-4.718857783979414e-05,-5.968198134785699e-05,-2.315392816567139e-05,1.0801283888063802e-05
ycjG,ycjG,6.181686895785124e-05,0.000597606686253014,5.244823657486339e-05,876,4.026026838697064e-05,-1.5294214434687674e-05,2.094087110220754e-05,-6.457210955852827e-05,3.303780614096975e-05,-3.0667691655498686e-05,0.0001468059757913689,-0.00010784988661451818,-4.951100638434861e-05,8.866685618391583e-05
qor,qor,6.175440411272248e-05,0.0005883124102688909,-0.0003880576233060358,877,0.00027462559268909823,-1.9409235783326155e-05,-6.339190553807861e-08,9.065615214430874e-06,-7.258654258597574e-05,-8.656902127297189e-06,-3.7285835554707326e-06,-5.920366489536452e-05,4.1342199287277596e-05,-9.96306822251118e-05
yqjG,yqjG,6.106502881375754e-05,0.0006024367964423334,-0.0003919125784236862,878,0.00016462360061538287,-2.935387813816534e-06,-5.0382514901189346e-05,-2.3002556783296542e-05,2.2139975045686978e-05,5.256647931523637e-05,7.405711655318475e-05,-2.9804231248630767e-05,1.836374109855453e-05,-0.00016456119306735477
yeiB,yeiB,6.104522383504701e-05,0.0003144532914544232,8.886791397135696e-05,879,-3.2334364784428142e-06,1.7826319773384063e-06,4.0620586979835574e-05,2.9742800337963265e-06,9.336657717040908e-05,-5.9000002118489924e-05,-4.308630691175193e-05,4.591898809384678e-05,3.086193389508946e-06,-2.1384288301003432e-05
hfq,hfq,6.100590084821808e-05,0.0009086161202735877,-0.0004425908073332027,880,0.0003395012583113935,2.6271112072010773e-05,0.00011903864017749867,-1.8921003281271065e-05,-0.00011858187620959919,-3.5755557538971675e-05,-6.124738860749359e-05,-3.970191139896571e-05,-9.63077989247616e-05,-5.3289573751622036e-05
smpA,smpA,6.0747674073805264e-05,0.0004859595765088239,1.639390178928746e-05,881,-7.093076340949739e-05,-1.4509245511061242e-05,-2.0599152500513896e-05,-7.074012814922409e-05,4.772120942654828e-05,8.421954501084664e-05,2.1459380597384537e-05,5.8363783602312944e-05,-3.58266616472127e-05,6.158970665422218e-05
yfcF,yfcF,6.0743347026236385e-05,0.0005233171068034031,-0.0002364495222556201,882,0.00020500184386711384,-1.158594575811281e-05,-2.7160400274036394e-05,-1.2155516068755534e-05,-5.858856145649387e-05,5.5248904926799e-05,-6.437206878749638e-05,-4.031537745424586e-05,3.177947812090687e-05,-1.710901008944247e-05
yddE,yddE,6.066860037771942e-05,0.00038185396793137847,-4.28095009751626e-05,883,7.379663420935057e-05,-1.4930987014695108e-05,2.3335477382727342e-05,8.359415022883766e-05,-5.50709122410493e-05,-3.305292105729391e-05,-3.7944175177281224e-05,3.111560929181767e-06,3.7423461404451556e-05,-1.9593688286509957e-05
uspE,uspE,6.0525572587456826e-05,0.00040915582856300165,-0.0001772600574313141,884,9.16438213871211e-05,-5.968306751071335e-05,5.536096531029314e-06,2.6968286390818636e-06,3.276553188264327e-05,-2.0802457533405275e-05,3.159476482289276e-05,2.3519795480676985e-05,4.708386183178394e-05,-9.382960294365377e-05
nudK,nudK,6.041073591908183e-05,0.0005296787110857927,3.617363849290778e-05,885,0.00010050723721049337,1.7306406693180018e-05,1.8085905941704173e-05,-0.00010578761300127567,8.808814580724319e-05,-7.683634479046447e-05,-2.80091848502244e-05,-2.4000844941390916e-05,5.065373449789237e-06,6.599165440002729e-05
pheT,pheT,6.0169984640666066e-05,0.000463571176945486,-0.0004079437798779461,886,6.570468888983245e-05,9.669425502251827e-05,-1.7733876474507424e-05,-2.4247402454724057e-05,-7.837872721664393e-05,4.462376523082514e-05,-1.0079822059262524e-05,3.489979470547768e-05,1.994807694442249e-05,-7.126076794727201e-05
rsxB,rsxB,5.92528456200444e-05,0.000320490813721092,6.293340446914432e-05,887,7.123346100477578e-06,-1.6481679799865278e-05,-4.264577766478194e-05,7.579876310716032e-05,-3.7343962386745265e-05,6.266196502279616e-05,-3.414756419913131e-05,3.5000942745956593e-06,1.814933684135917e-05,2.263832432417931e-05
rfbC,rfbC,5.863915590998671e-05,0.0005966079065879622,-0.00015198008039969378,888,0.00011853199463186955,2.049054359543989e-05,-1.0406735463005108e-05,-2.2108053099352652e-05,7.552516234965238e-05,7.981074186228106e-05,3.326508880973157e-05,-0.00011434736783408376,-2.2034647447392963e-05,-0.00010008757149515328
moeA,moeA,5.839817246365937e-05,0.0001569685804742829,2.1971878704150065e-05,889,1.8632777782187092e-05,3.969088435827811e-06,4.465116456544429e-06,1.1852652981251092e-05,4.1875929329315815e-05,-2.4174551379454285e-06,2.688781148384488e-05,-3.111535386532375e-05,-2.208838275380384e-06,-1.3543556726662193e-05
ygiW,ygiW,5.838018527030639e-05,0.0009015078297630575,-0.0005993367509544718,890,0.00027163745408780694,-4.6530538630821494e-05,4.263458466447135e-05,-0.00017123460583762104,-1.2060692456708142e-05,1.0745531821869301e-05,-0.00010455500077347137,4.220393494707573e-05,0.00011272250199545861,-8.718298454775348e-05
pepQ,pepQ,5.8126095056676925e-05,0.00028960945703764305,3.384080738909199e-05,891,4.1552117390564735e-05,-2.0109407181616166e-05,4.722929890605139e-05,5.355731117011272e-06,-6.060084863934773e-06,-8.102572305095635e-05,2.5660719891463747e-05,-8.546465893975775e-06,7.382103772260891e-06,4.668780496980796e-05
nuoA,nuoA,5.7988443228244296e-05,0.0005102259139816917,-5.713171229820365e-05,892,7.318450894455421e-05,1.0380372453283127e-05,-0.00011416715215613958,-8.342671684447947e-05,9.078878866086036e-05,4.653155400133757e-06,0.00010510035314613655,-8.369939725521749e-06,-1.3221220299222343e-05,-6.933706351360566e-06
rsxA,rsxA,5.768210511786506e-05,0.0003476438128439027,0.0001329308961147093,893,-2.6566862751342633e-05,-2.208115170369376e-05,6.29390119408703e-05,-3.4404273323695374e-05,1.9176679689352406e-05,1.0013173100031044e-05,-3.485232822903183e-05,-2.417791580316807e-05,-2.8983220520871692e-06,0.00011053409425063015
yecC,yecC,5.7557593143902434e-05,0.0004425937544087127,0.0001584080023733899,894,7.004733616619749e-06,-1.3594434306050412e-05,-3.763889784490164e-05,0.00012469719879363355,-4.4884826313098335e-05,7.942818279718714e-05,-8.355467587591194e-05,1.077513329075618e-05,-1.2845246292442792e-05,2.8170425278110948e-05
nuoE,nuoE,5.747428435099266e-05,0.0003466053137490177,-0.00033402842120815,895,-1.7126372039529877e-06,-4.575809066480849e-06,3.1583105537017526e-05,-4.070763421516281e-05,-9.525811367625258e-05,3.069305219868206e-05,7.168602767138055e-05,6.061608882804499e-05,7.461524814880025e-06,-2.311320537163259e-06
yggL,yggL,5.738254047510475e-05,0.0003104923015035665,7.528850062564049e-05,896,3.0884762409464545e-05,-5.704624472756755e-05,-2.5881548045959605e-05,4.924136872006018e-05,2.8255785400700527e-05,1.7013270616362894e-05,-3.246545417031564e-05,1.96463369944966e-05,3.889589684825088e-05,-1.1161633570388086e-05
yaaA,yaaA,5.712376602257563e-05,0.0007109249447228323,-0.0006226714075745866,897,-8.261639112449799e-07,0.0002505409959864485,5.409048782300516e-05,-6.935065283542223e-05,-8.778700941314553e-05,-2.876940577208754e-06,-2.9762882231577578e-05,-1.0660781854091577e-05,7.939287156325039e-05,-0.00012563615852743775
yncI,yncI,5.665540696816577e-05,0.0005600378804847899,-4.732327751258555e-05,898,5.2112549435940374e-05,1.4050783274311574e-05,-0.00014847565387024082,4.849277668586861e-05,-8.146647277752532e-05,0.00011151011158739675,2.4011507142849838e-05,-2.1749110110545903e-05,2.052915478066385e-05,3.7639760819446814e-05
fliC,fliC,5.607525367603087e-05,0.0017287530725281256,0.000590901568261856,899,7.776727123904706e-06,9.579825452813382e-05,-0.00043756526752709667,0.0005845335914556211,-0.00017798493107373881,-7.819516814060256e-05,1.3791850078949214e-05,0.0001905137399154693,-5.953329327167036e-05,-8.306024941293881e-05
trpR,trpR,5.6015029385125414e-05,0.0006041635982153629,-0.0004008005424266795,900,-1.459555975413698e-05,-2.5946676478399944e-05,5.7994879638035684e-05,2.524497133661309e-05,-0.0001450135319887504,7.487701928342042e-05,0.00014015797160977576,3.181447193239919e-05,-3.5894320325191684e-05,-5.262419586863972e-05
gph,gph,5.554587723626098e-05,0.0004100802146210442,-6.31124375764445e-05,901,1.6470910493918507e-05,-3.4347954065189124e-05,4.135705477317178e-05,-2.93510630817955e-05,-2.7730530938646832e-05,-7.687277927064804e-05,-8.964841336112107e-06,3.240402628032273e-05,8.9282740530889e-05,5.329831385035058e-05
yfgM,yfgM,5.5471155917678546e-05,0.00045536987284118275,-0.00025820166980535517,902,5.0809553193480555e-06,-6.0104025026869675e-05,-3.8480076491044094e-05,-5.074844465993545e-05,-1.4026650226243207e-05,3.744029567354218e-05,8.106885373514752e-05,7.382271134185959e-05,5.80076983095333e-05,-3.6590162057659664e-05
ompT,ompT,5.540705222337012e-05,0.0008827962831567133,3.8904419082420675e-05,903,0.00019290685033786226,-1.2228455112958376e-05,0.00014893043204713415,8.012589373094294e-05,-5.77445984012525e-05,2.236405125089736e-05,-4.995741032008135e-05,-0.00016295117493146994,-0.00013081297670090942,2.4774440323204978e-05
dld,dld,5.468550804028437e-05,0.0003753505989696835,-0.00032113618973654773,904,4.721004348341986e-05,-1.1992343912137524e-05,0.00010458113765425691,-8.142299567661615e-05,-4.106541785937159e-05,1.071466844571976e-05,1.4478460130445628e-05,-1.5114860704430355e-05,3.803374379114176e-05,-1.0736927312143902e-05
leuD,leuD,5.449715200263406e-05,0.0004473469820996726,0.00010576177939725604,905,0.00010452399994840286,1.5097871076334825e-05,-5.4341971666846444e-05,9.465565315987556e-06,0.0001063121154784278,-7.4442264607115285e-06,-7.626847419404258e-05,-2.2722027632448396e-05,1.5522515232000268e-05,-3.564821509447032e-05
ftsZ,ftsZ,5.4293796999118825e-05,0.0004060145687773763,-0.0001314209369714721,906,7.815487476990992e-05,-7.398954213889033e-05,1.4874922214404734e-06,-3.486997915571103e-05,3.209917091106972e-05,9.306724610114492e-06,-3.120810285299205e-05,2.3599936994795523e-05,8.550598338091743e-05,-3.579276174153533e-05
yjeS,yjeS,5.428678912246397e-05,0.0003983712728296242,-9.308786787063943e-06,907,3.3741313780067373e-05,-4.993105669024296e-07,2.2758418498273106e-05,-4.692604758868682e-05,0.00010782073800601044,3.768448326169846e-06,-8.544841142113971e-05,5.824011236552331e-05,-7.627830272275366e-07,-3.8405689249623605e-05
ynfB,ynfB,5.3798916399657976e-05,0.0004404122492188941,-2.0975328617656017e-05,908,5.315632337012069e-05,-2.83981833143699e-05,3.088667809809846e-05,9.464947257207883e-05,-4.34348487967449e-05,-4.719915008747792e-06,5.079534048666472e-05,-8.19508894054225e-05,1.7617768282313335e-05,-3.4802829884332955e-05
sspA,sspA,5.367460595070629e-05,0.0005192817618380254,0.00028564674827466827,909,6.354086086994983e-05,-5.239147997595519e-05,5.030607930669182e-05,4.192537987942646e-05,0.00010564435701990623,-2.1299145268263975e-05,2.970566605036972e-06,-5.0307146164449316e-05,-0.00010880580653499112,2.2090940213354584e-05
yajQ,yajQ,5.357677520357367e-05,0.0004299344799746423,-0.00020132162766116552,910,0.0001398077331936069,1.1534272387100448e-05,6.398628897153787e-05,1.619220132845511e-05,-5.232595176073902e-05,1.023513170840769e-05,-5.490834562599004e-06,-6.809916415898458e-05,-2.452422610669969e-05,-3.773867579651202e-05
insD-2,insD-2,5.3458429270078314e-05,0.00046277613840510685,0.00016275718072702975,911,0.0001183932778304852,-1.5086718230551079e-05,2.9904519519344706e-05,1.463558666677292e-07,5.249115743551147e-05,-0.00011251768201122295,-3.794709293048155e-05,-3.9107361395258713e-05,1.7116814892086472e-06,5.5470291696374834e-05
ypjD,ypjD,5.2423946529659294e-05,0.000526876412369974,1.9863385224599394e-05,912,3.213682224938449e-05,5.685246191024208e-05,-0.00011248459005501233,-9.345823402162838e-06,7.632894041206514e-06,-1.0776513261569723e-05,0.0001551714060108979,-5.325038915531753e-05,-5.136891704609495e-05,3.785659523808567e-05
proV,proV,5.199171077720109e-05,0.0006824658666788923,-7.071952948018685e-05,913,0.00023340683689760438,-4.048463445434994e-06,-2.0556462436777047e-05,8.025985620803467e-06,6.420483405517834e-05,6.159113215446054e-05,-6.859294437046537e-05,-3.1068602165182776e-05,-0.00010937587650551079,-8.15947290274747e-05
sucD,sucD,5.189770783749041e-05,0.0005928340690826681,-0.00014870313810585157,914,9.765098774162652e-05,-1.9414267661908114e-05,1.7084510484544658e-05,1.6860699698326352e-05,6.734513078339705e-05,-8.932329892316123e-05,-2.9122068421615514e-05,7.294819340862593e-05,5.0476366343558736e-05,-0.00013260854561590398
hdeD,hdeD,5.162508644601568e-05,0.0012269976032188328,-0.0008607909276093019,915,0.00022899024882072597,-3.0421715813931996e-05,3.6084371596825713e-05,-0.0001860143430064015,-0.00024058278658689583,-8.674304740289683e-05,0.0002555501557337106,9.66723596695077e-05,-4.392436557628245e-05,2.2014209011654263e-05
ydbC,ydbC,5.105584577198508e-05,0.0004867689932279941,-8.067261536716874e-05,916,0.0001587347127597867,-5.613573420862206e-05,-1.8605077077790337e-05,-7.353089795963124e-05,-2.2273606161666195e-05,1.5408963032802787e-05,-1.576629347242617e-05,-3.154496484786853e-05,1.3772624383694495e-05,8.09961193237056e-05
prfB,prfB,5.0553393081544475e-05,0.0004240960685163545,5.9895703249047925e-05,917,-1.2766099663767857e-05,1.5901825647573106e-05,-0.00013023533355327775,-2.9510777910373623e-05,8.557677455340947e-05,4.5548481176754086e-05,-1.3417678112246128e-05,4.488241480280697e-05,4.541523461840584e-05,-8.414484777396319e-07
degS,degS,5.017951183767826e-05,0.0005553923862977305,-3.1470079036441375e-05,918,-8.308297362359973e-06,7.3286447898640805e-06,-4.268333790714905e-05,-5.2685585387147205e-05,0.00012410907274688966,0.00010160722591930124,1.0947435482835325e-05,-8.686044561424588e-05,5.879357012881407e-05,-6.2068770959124e-05
yliG,yliG,5.002122805270838e-05,0.0005634287203358935,-0.00025375589708058965,919,6.380639672594183e-06,-1.938036809969642e-05,6.622463108329822e-05,-0.0001419356328796621,-3.4618334283090425e-05,6.754597878858782e-05,-6.07694108791436e-05,2.1265279163077377e-05,7.062181283793143e-05,7.46866326488119e-05
yahK,yahK,4.983738921321346e-05,0.0005058458552939543,-0.0003717307039708968,920,0.00018924183400287909,-1.5752151739233586e-05,-3.4294939203878034e-05,-7.930040996785803e-05,-5.85093511576062e-05,-1.0411932904928857e-05,-4.835938992595714e-06,-1.7626128208925705e-06,8.859978825070476e-05,-2.3136896253377412e-05
yfeY,yfeY,4.97121204946584e-05,0.0004338273579168284,-3.3757241397920285e-05,921,9.491670289765376e-06,-1.6600717954541725e-05,-8.999378934994278e-05,2.9186936419814525e-05,-8.677012413800978e-06,6.794600021849896e-05,0.00013514513227766455,-5.630029860889009e-05,-7.953315926264944e-06,-1.2532484457644475e-05
pgpB,pgpB,4.9538729000213655e-05,0.00027775663626719766,1.1742800645264169e-05,922,-8.527052117072356e-06,-3.422894774229175e-06,-2.4178146931975482e-05,5.508130950356922e-05,3.847188976310745e-05,1.4871765062808958e-05,3.349214433326516e-05,-1.5068425366277244e-05,2.1730573970954878e-05,-6.291243444393776e-05
sufE,sufE,4.95219962486783e-05,0.0006195798693367156,2.2501884828431892e-05,923,0.00016071923178634327,-4.469242997870529e-05,-7.394570973786006e-05,-4.811287840551545e-05,8.121800570158521e-05,2.579189398645305e-05,6.391498807583007e-05,-1.2578806030008756e-05,-0.00010569911239192908,2.906813242485324e-06
ftsB,ftsB,4.935698001104582e-05,0.0005795586662624944,-0.0005795586662624944,924,0.00010230848549479208,1.3752315232794817e-05,6.3245527329829305e-06,-5.7986437300045015e-05,-0.00010533512572682681,5.904902610204691e-05,2.2390461504072822e-05,5.091317635243252e-05,5.971980571764802e-05,-0.00010177928009885247
vacJ,vacJ,4.8779548026081e-05,0.0005110379942856786,4.0295081654188185e-05,925,0.00012446333444428352,1.0682829733121181e-05,-5.63278924759055e-05,4.97241434464523e-05,1.3160805020641073e-05,8.18776585113817e-05,-9.488089994324652e-05,-5.8971624646433e-05,-2.6011724372549786e-06,-1.8347633626958775e-05
yafJ,yafJ,4.787573446598449e-05,0.0004915945928998189,-9.872088736306972e-05,926,0.00010967859483959986,-5.527139471733529e-05,-9.440903619990139e-05,-5.9820004043812526e-05,-1.2358994255867984e-05,7.893875186020398e-07,8.9128479759191e-05,1.7006356506414877e-05,6.375923207956007e-06,4.675642185113789e-05
speC,speC,4.769467633779171e-05,0.00038233130602796856,-0.000252070342326957,927,9.520222340848961e-06,2.7397665997577212e-05,9.486090273993627e-05,-3.348517355447731e-05,-7.9277551980176e-05,2.8147660572607126e-05,-4.495309479222045e-05,4.4511646991839926e-05,-9.602494518214696e-06,1.0574892540070656e-05
metC,metC,4.7678522235722264e-05,0.0006119867827548801,-0.0001378742213365883,928,0.00012983438799709832,-4.620327056091962e-05,2.7801491148910905e-06,1.102789386430119e-05,-4.138071940404167e-05,-5.509285246120692e-05,-0.00010888427449183976,-1.584798933087842e-05,0.00018619022151901058,-1.4745024010692545e-05
yfiD,yfiD,4.686346875694803e-05,0.000376426539486692,-5.4860945755024954e-05,929,2.8607599225806882e-05,1.8887397832307832e-06,5.7178249872178274e-05,-2.502344414731033e-05,0.00011320823202609164,-8.77997964699475e-06,1.0762183214512436e-05,-1.58174210844028e-05,-2.2977164108344322e-05,-9.218352637781976e-05
flgB,flgB,4.58621033438262e-05,0.0006492380973927421,0.0001502653316519427,930,2.610597552760358e-05,-6.0282062885433775e-05,-0.00014319139055649787,0.00015085217306505142,-6.503937157461401e-05,-3.3175172007912335e-05,5.0476345900889714e-05,7.712203402501396e-05,3.074265584227847e-05,1.2250916007447046e-05
pldB,pldB,4.5758100010827925e-05,0.00034313952942932976,0.00010150918065455371,931,5.789291793158672e-05,-3.37364230941915e-05,1.0741006004811739e-05,1.3035382533854653e-05,-1.481174461907101e-05,-9.666004494429717e-05,-3.48250205169123e-06,1.1910610965055172e-05,2.545889486686338e-05,7.541000241790718e-05
aroH,aroH,4.554117866514178e-05,0.0002224324286502265,6.709894913534801e-05,932,5.3377903689317965e-05,-2.7096087555576887e-05,2.8563443294817586e-07,1.1316913148271737e-05,1.8822414049913178e-05,-1.9006116684146663e-05,-4.1891936004395596e-05,-4.514847484232235e-07,2.400320163517312e-05,2.6180736702059982e-05
yihA,yihA,4.5440136542065833e-05,0.00027197442504328125,0.0001724141918089906,933,-5.634008749426072e-05,-1.0159732276694176e-05,3.178228940567963e-05,3.780172036847498e-05,2.266192044303912e-05,-2.711627465324202e-06,-7.413799372643583e-06,-3.6641897641685e-05,1.799782721146564e-05,4.8463523364014134e-05
yfbV,yfbV,4.5284720900454385e-05,0.0003261007394545156,-5.040989305908847e-05,934,6.060781390342753e-05,-2.9509937849042216e-05,-8.249797984624964e-06,3.5422124071349285e-05,4.332504215073049e-06,-4.057826657741657e-05,-1.9752792500207473e-05,6.754809908185e-05,1.778218890578513e-05,-4.2317214365739374e-05
gadB,gadB,4.454141248530784e-05,0.0011166633110408198,-0.000588127188226012,935,0.00024731343284003837,-5.029767232636335e-05,8.853741716899261e-05,-0.00018022998148697482,-0.00016524705873849916,6.211970103439918e-05,-6.960666166789957e-05,0.00010894765836451176,-7.067957505801911e-05,7.368415235512191e-05
gpmA,gpmA,4.43375814228285e-05,0.0005034669638303562,-9.431938695546243e-05,936,0.00018121825442334283,-1.7486381864153134e-05,-9.04735346037069e-05,-4.1449269304627774e-05,-2.031837025509202e-05,3.217487435841672e-05,2.373240705142998e-05,-5.470154430840154e-05,-5.135590867782486e-06,3.677673679340283e-05
acpP,acpP,4.4005463989679356e-05,0.0006453021167620966,0.00011535198753835872,937,2.6926248765820653e-05,-4.1410938981223325e-06,-6.154220244323076e-05,0.00012034947824955477,-0.00012317762149524974,1.711665178452024e-05,5.90902148230832e-05,3.866432774319511e-05,-0.0001117874085496058,8.250686900971403e-05
yiaJ,yiaJ,4.349323319118555e-05,0.0004800758683226411,-0.0003174058174318757,938,6.463781389922945e-05,2.2824261129637435e-05,-3.62662699498522e-05,-3.461952617245399e-05,-0.00010838427734421514,0.0001283390944951175,2.5289381170254954e-05,-3.9021244099206456e-05,1.4646488666349939e-05,6.047511396324044e-06
treA,treA,4.2944423417855574e-05,0.00041513912919170445,-0.00035572137888954173,939,8.376082954661254e-05,-2.970887515108138e-05,5.5411034659805315e-05,-2.3603304491054164e-05,-5.000322779178918e-05,8.971681325344266e-06,2.1344126331092486e-05,2.8199312859757943e-05,3.135479158216748e-05,-8.278194545299972e-05
nuoN,nuoN,4.288950102760081e-05,0.0004165489164179727,-7.489390548180027e-05,940,-3.665259245785423e-05,-4.913107327895574e-05,2.0619971113945393e-05,2.7581180418891506e-05,-4.874782330360059e-05,0.00010126245808832738,-2.947529281418023e-05,-2.282292584059513e-05,7.509115844401311e-05,5.164440657609356e-06
tag,tag,4.2544670785759164e-05,0.0005930720128906049,0.00019180731595437258,941,0.00014985171203680582,-3.61696075726468e-05,-3.340466903797849e-05,0.00011925030351695648,4.031188256089939e-05,-1.3694274291797124e-05,-7.6920096873448e-05,8.394443723520354e-06,-7.268883056876247e-05,-4.238619270778999e-05
nagE,nagE,4.2353415343157734e-05,0.0004942681119777338,4.482080777531754e-05,942,7.057303270108002e-05,-4.1395397573352575e-05,-4.342386659105858e-05,1.8517718428279614e-05,6.037347087775508e-05,-6.79379761269239e-05,1.0397393519610514e-05,-3.7896030279155964e-05,0.00010844914813372057,-3.530407774679706e-05
mraW,mraW,4.231420355076359e-05,0.000564260506784912,0.0001753177943659763,943,-5.208174932473157e-06,-7.614836246168488e-06,-3.207525621138999e-05,-7.343176114917943e-05,8.119573236293714e-05,4.963722343736634e-05,-0.00010044012294887024,7.140237162292211e-05,-4.220300012899292e-05,0.00010105202774461224
yiaF,yiaF,4.2142725310773726e-05,0.0006244083476165408,0.00022599398362894573,944,5.429327788589272e-05,-1.0300075735556093e-05,-3.813097049327353e-05,-3.6626889950104595e-05,6.67876216761915e-05,-8.285936073813396e-05,-0.00012321551423581534,9.11012726110838e-05,1.7185741546716385e-05,0.00010390762274377283
spoT,spoT,4.208764437238029e-05,0.0005272014297189637,-4.7523065970812376e-05,945,0.00012774218761765218,4.058020958058829e-05,1.958179562583262e-05,-2.7488019751934804e-05,3.3645803309876925e-05,-9.339466606483167e-05,1.0115926435459342e-05,5.2978614476262665e-05,-0.00011279871249936708,-8.875494357158165e-06
gadW,gadW,4.204181829638699e-05,0.0004563051371130492,-5.05702810502772e-05,946,0.00015015023073318448,-7.005540651791104e-05,-1.7153743628081872e-05,-1.3923991139085156e-05,-3.863733510888072e-06,-4.202690806823234e-06,-9.793209380554173e-05,4.2962698951583846e-05,4.253705474692164e-05,1.3523493273028129e-05
yjgB,yjgB,4.191271916417157e-05,0.0003708833701323303,4.2571582651587394e-05,947,4.595419779540985e-05,5.8869340567202476e-06,-2.6675036987127063e-05,-2.2303264242482526e-05,3.5927990931507534e-05,9.001149764575883e-05,-9.981052981502952e-06,-8.361140558569518e-05,-2.191456568727165e-05,2.861742421885447e-05
yigL,yigL,4.1378829195519155e-05,0.000630402497881162,-0.00021093301355775258,948,0.000161171949532418,6.11825712411738e-06,-2.2382719457349707e-05,9.767584008099343e-06,-0.00012319405766154036,6.904879179609089e-05,6.113469960529072e-05,-0.00011045699321521184,-3.8478064008719535e-05,2.8649381472324262e-05
ydhO,ydhO,4.0931645856590375e-05,0.00040921328779420596,-0.00013647782517764082,949,0.00012934251234002445,-1.8511385644617873e-05,-1.6764669782115415e-05,9.666356348641865e-06,-8.87730308446437e-05,4.43020610731872e-06,2.1527495317057463e-05,-6.0091734697430793e-05,2.8772311876879047e-05,3.133358483547663e-05
sucB,sucB,4.0878992051933356e-05,0.00042184053952020806,0.00017033935315922805,950,-9.233146039841811e-06,-1.108719640256068e-05,7.949984094838872e-05,1.987612979597269e-05,0.00010161969960978046,-7.887876252582898e-05,1.5882420264824018e-05,1.4481675167104849e-05,-7.539501196573346e-05,-1.5886656800172436e-05
ypfJ,ypfJ,3.999969508111297e-05,0.00033303129509407495,-0.00030841491375530614,951,1.0312540067346473e-05,2.021594434422934e-05,3.170384299029939e-05,-1.582495525650836e-05,-6.204429894578771e-05,6.133915025229103e-05,-1.2308190669384391e-05,5.259157743427307e-05,1.0352439999154646e-05,-5.6338355134800516e-05
rbsB,rbsB,3.986050237208907e-05,0.0003620575208414851,-5.321037764435484e-05,952,-4.570752347057349e-05,-4.868788536027822e-06,5.98555884372845e-05,2.0000356844701156e-05,-6.901855501348391e-05,-4.150364221461279e-05,3.454027286803595e-05,3.560322929757785e-06,4.0659209994357825e-05,4.2343260532649875e-05
ysgA,ysgA,3.974103989980465e-05,0.0005360196231297907,4.8090124621571264e-05,953,0.00010829200945251437,-1.4600977352709075e-05,8.861796365970239e-05,-3.184549106056455e-05,-4.895557299777813e-06,1.0313727781550617e-05,-9.675233642950501e-05,-6.381452558961706e-05,-3.623040388281955e-05,8.065663062103033e-05
hflC,hflC,3.945339977413726e-05,0.0005763751892045468,-0.00015103039630019489,954,0.00012974520535950838,-2.1790202681670055e-05,-6.654638329576605e-05,-3.710299806422865e-05,6.708817168976822e-05,-2.6011677252633246e-05,6.680256842196067e-05,4.4278349018104774e-05,-3.12359615323384e-05,-8.577367188856838e-05
clpB,clpB,3.905534299143651e-05,0.00040283614902376376,-7.218379196947615e-05,955,9.671690434417454e-05,1.1071951895157845e-05,-4.3561647885061584e-05,4.9733718601176014e-05,1.0610482390663486e-05,5.281268877642827e-05,-1.659788955797523e-05,-9.8181392461913e-06,-3.500430084607619e-05,-7.69084254808593e-05
ftsK,ftsK,3.896798246184816e-05,0.0004722447323583079,0.0001895211862839113,956,6.579867316958507e-05,-3.0014118243238115e-05,-0.00010246331652086361,0.00011198820857020807,1.1611195429716675e-05,5.710313190010319e-06,4.626045780821991e-05,1.4237509242338052e-05,-7.48061205570832e-05,-9.354819627045019e-06
cysB,cysB,3.87690529047034e-05,0.0003839213926105154,0.0001682361753655068,957,5.8278371925430646e-05,-2.4107072829389322e-06,-2.695336584187446e-05,7.630643236463308e-05,3.387865842699663e-06,-5.989764710758198e-05,-1.114034325297526e-05,4.956423669707365e-05,-7.217410636753538e-05,2.3808315927772363e-05
imp,imp,3.842557708395501e-05,0.0008562528869132812,0.0001902820577225349,958,0.00022418339421905413,-9.010726886584286e-06,-7.021039133978704e-05,6.130436110482193e-05,6.214292885879113e-06,-5.392232533299893e-05,-0.00012510756889038432,0.000108802020376319,-0.0001506626424649085,4.683516341254393e-05
ftsI,ftsI,3.842549286183624e-05,0.00047804722519811124,-0.0002590377554254892,959,-3.52604743632171e-05,-2.585040959796457e-05,5.680716614169813e-05,-5.6419713238506934e-05,-5.528953891986736e-05,4.831918563774168e-05,-4.699073004858153e-05,5.393532251059752e-05,9.777156386338857e-05,1.4031208765478369e-06
yoaB,yoaB,3.834118483926418e-05,0.0002459941088576944,-8.665358790765016e-05,960,5.6846718131422144e-05,2.8027934455908233e-05,8.43838995511886e-06,1.0046525500049271e-05,-1.4169463537560718e-05,2.9809511386469295e-05,-1.7985369269901988e-05,8.998567419511472e-06,-5.163836570507083e-05,-2.0033263496681545e-05
yeaP,yeaP,3.794327303134222e-05,0.00046908454812196566,0.00021194228658954326,961,5.748245514298345e-05,-4.616442178623559e-05,-2.3600571510664275e-05,-3.157494187710913e-05,0.00011765680365086516,3.9513733746118605e-05,-3.785609062763615e-05,-2.8993356817509318e-05,-4.738125492615724e-05,3.8860918036686706e-05
yggU,yggU,3.789018163549799e-05,0.00038549516219548043,-1.9245756254731994e-05,962,6.589752067833989e-05,-2.9941931127227978e-05,-3.601893551336091e-05,9.628940376995601e-06,1.7243833859635967e-06,-2.7877980547723544e-05,-4.26358923746608e-05,-3.529663964444178e-05,0.00013444182747419012,-2.0311110725762037e-06
yhbP,yhbP,3.788067400465234e-05,0.0003873658396454965,-0.0002846677683364874,963,-2.2540866693686445e-05,-3.2449745121023077e-06,0.00011688016126130632,-6.779654214477039e-06,-2.3130192320914538e-05,-1.3584353661330877e-05,-1.1978840787384939e-05,4.462943911851223e-05,5.1113656445255863e-05,-9.348370063052593e-05
yefM,yefM,3.785811236933752e-05,0.0005138243664544114,-0.00028485687309360734,964,5.317351421943868e-05,2.3230519122466374e-05,-7.761596253841022e-06,2.956832343528872e-05,-0.00014135888704961812,0.00013073314257704892,-3.532185274416329e-05,-4.1831974247109026e-05,3.913574005763179e-05,-1.1708816747805515e-05
ybjS,ybjS,3.781257483456777e-05,0.0008418367112838509,0.00014048954895619278,965,-1.7807019995266152e-05,-3.0923687012931775e-05,-0.00016415881008054504,-1.436785526022693e-05,9.190118665523412e-05,2.6693332184127112e-05,0.00030961239371947506,-0.00012649177092619715,-4.8262924949474556e-05,1.1617730500373093e-05
yjeK,yjeK,3.770685626509874e-05,0.00031273412492212967,-6.627366750470783e-05,966,7.608096406504328e-06,-2.6154854537871678e-05,5.585108748420722e-05,2.4057131074124655e-05,-7.065964901413966e-05,4.4267275380556616e-05,-1.4180805975497398e-05,-2.6518324801006738e-05,1.1117787928010932e-05,3.231911232021046e-05
amyA,amyA,3.768351397872387e-05,0.0005063150094126863,7.169128517561659e-05,967,8.52508257311947e-05,-2.203040107051018e-05,-0.0001498694085953226,0.0001142965665307192,-6.01816015273726e-05,3.170518803750196e-05,-2.234336523775779e-06,3.134645653996747e-05,8.827790282498078e-06,5.724345738236234e-07
metF,metF,3.7610014602446626e-05,0.00024363501958873945,5.633751996201415e-05,968,-1.7363027689492405e-06,-2.0920953145249224e-06,5.0614388737504027e-05,8.217816498586054e-05,-3.209800190629348e-05,-3.092970777107461e-05,-2.6546655932628807e-06,-3.039533334170461e-05,7.829963372228483e-06,-3.1063957973366705e-06
ybaS,ybaS,3.69318184822029e-05,0.0006603561000144655,-2.3459269411520592e-05,969,0.0002051958876961193,-3.8529286000351247e-05,3.16784597824251e-05,-2.675216402991575e-05,4.859028032989198e-05,6.317933143989784e-05,-0.00014387010406752528,-2.3847561615288584e-05,-6.36111832884154e-05,-1.5101841764635077e-05
gcvP,gcvP,3.6908829065345204e-05,0.00037153096422376687,-0.0001338660326898555,970,2.769499981376654e-05,-5.781933317487096e-05,8.215486821424479e-05,-2.887139702165277e-05,-4.4960684742288115e-05,4.04206214192265e-05,-3.565965264039899e-05,1.0129830807800268e-05,1.8466096437832203e-05,2.535347995168575e-05
ygeK,ygeK,3.6451960451467355e-05,0.0005170482840688655,0.00010349217646034355,971,-6.118338788202133e-05,3.926132830001749e-05,4.666938068100794e-05,-0.00010914931952012975,8.267543690561384e-05,1.1698025303105777e-05,-4.7200022176161876e-05,-2.1464914594937348e-05,-1.3005176354487583e-06,9.644595107042137e-05
cycA,cycA,3.63137879878542e-05,0.0004510660257213,1.6761593926987592e-05,972,2.716886840956978e-05,-7.038146357397167e-05,7.547556840522086e-06,3.333393794923345e-05,3.4236860246081104e-05,-4.115287351288234e-05,6.74373655871835e-05,-5.4808674541975195e-05,7.396531782198715e-05,-4.103310723789367e-05
ygdL,ygdL,3.607794526299936e-05,0.0005233932099875529,-0.00010057219329684236,973,0.00013074179434312922,-2.9289516441056647e-05,-4.680634815949587e-05,-4.741639420882554e-05,-1.6846131571346856e-05,-2.605208045411351e-05,4.5778016183306195e-05,7.12003653355898e-05,-7.724716152743834e-05,3.2015401763250894e-05
lolD,lolD,3.598464639003316e-05,0.00031469769382272086,-8.892266262292993e-05,974,9.189953369975442e-05,1.3432706147743296e-05,2.475216855116604e-05,5.292914597393541e-06,-2.3330065757931495e-05,3.232957707098928e-05,-4.140107912129331e-05,-6.619352188120863e-05,7.634270039330459e-06,-8.431856955910426e-06
ndh,ndh,3.590897547808055e-05,0.0005709192198468076,0.0001796023316939696,975,-6.055667171036218e-05,-3.921745133968118e-05,-7.945056101310325e-05,0.00017362506271471407,-6.54381700354674e-06,-2.2411028992527884e-05,6.69533825992864e-05,4.7664396114579325e-05,1.5171256233864236e-05,-5.9325592125142245e-05
yhfZ,yhfZ,3.5694783636654855e-05,0.00045020498938178006,-8.592321954331306e-05,976,2.1120106160628646e-07,3.635842330401703e-05,-0.0001198343918963527,2.5033952342458128e-05,-8.74207109762099e-05,1.8204725374031427e-05,3.385675930494532e-05,7.767620504274372e-05,1.4336079398992885e-05,3.7272540680422666e-05
dacC,dacC,3.563264008713118e-05,0.0005949255390820381,-0.0003045781373323984,977,0.000209237067100335,7.139764241246851e-07,-4.713948017821583e-05,-9.493913126332719e-05,-5.691037550629592e-06,1.9725751742465127e-05,4.084571193282928e-05,4.4756582384830556e-05,-9.803422069660402e-05,-3.384257980867684e-05
hslU,hslU,3.5129752775155363e-05,0.00046363711551954514,0.00027156250748508237,978,7.684862440441193e-05,3.981561901947836e-06,-9.996039125712935e-05,6.730224936597665e-05,4.426575598847732e-05,-1.5374572308369616e-05,-4.0016399187984064e-05,-5.890231861871185e-05,1.5207117710871605e-05,4.17781247756649e-05
rseB,rseB,3.479722263657252e-05,0.0005032619312800537,-0.0001490696503779105,979,0.00011157742031339706,-1.758947660475118e-08,-3.5866355445225016e-05,7.327833595165525e-06,1.0044254511277627e-05,8.112155700616816e-05,5.895851153230472e-05,-6.409933623258837e-06,-0.00011743017379953984,-7.450830197711215e-05
fliI,fliI,3.443498378769998e-05,0.00034128330496842704,0.00024492079686550406,980,-2.0483876339557212e-05,1.8625109262484445e-05,-2.864938634815004e-05,8.048980325094904e-05,4.629105923691119e-05,9.281853639776861e-06,2.0274291149200248e-05,-3.2210764572476956e-05,-7.208013333017936e-05,1.2897027838741783e-05
yjjK,yjjK,3.4365296910006334e-05,0.00046938274329221913,0.0002871485411971737,981,6.820114495982777e-05,-3.0534185329668566e-05,-6.388010360773576e-05,6.438042673934086e-05,5.7223748684490134e-05,-4.5395337157618944e-05,2.2915956087694963e-05,-3.637335928136478e-05,-4.132573781471835e-05,3.915274362975902e-05
rof,rof,3.415939289371216e-05,0.000674019742520618,4.7564943412521464e-05,982,0.0002541078024021888,-1.4593309564848066e-05,-5.563867338575914e-06,2.1324549101118993e-05,-2.1455814056939814e-07,-0.00018584905898553797,5.890503901129015e-05,-4.909262489429567e-05,-6.461675588962598e-05,1.9752177192567212e-05
rob,rob,3.4123795752642794e-05,0.0004376029532215879,-0.0001469099579146112,983,0.00010440127969806925,-1.923755796651755e-06,6.745268006127295e-05,-1.0338958928909873e-05,1.3629160926916047e-05,1.4461021450679543e-05,-2.1284407296523878e-05,-0.00010850917363339666,3.5919232350177556e-05,-5.9683283078990395e-05
dnaK,dnaK,3.3145302401397836e-05,0.0008213623488486129,0.00013982372592016105,984,0.0003015388937048648,-1.7111476931914263e-05,-0.00011018714536796142,-2.294250315581232e-05,2.1248396405613142e-05,1.6287914603548816e-05,-6.345096715308662e-05,-3.3280748640031e-05,-0.00014713568197480194,8.817862091097862e-05
avtA,avtA,3.2576661391696356e-05,0.0005979668971665454,-0.0001496624781789231,985,0.0001615619768726064,-3.6130812413889574e-05,7.100363381616432e-05,2.0016597995602546e-05,3.989924135060124e-05,-6.818711653232723e-05,9.20308448259789e-06,-5.991844120139051e-05,1.3587244761548427e-05,-0.00011845874773981719
ybgI,ybgI,3.2216763233575785e-05,0.0007720569662934104,-0.0003161598228168091,986,0.00024287050818623055,-5.6470770166325815e-05,-7.743031803127552e-05,-0.00011961261589213607,-5.422678589117501e-05,-6.21796115490049e-05,2.09931967568766e-05,5.222497099032944e-05,5.418031683836212e-05,3.1867871991694426e-05
ynjD,ynjD,3.177722230282323e-05,0.00022507680687189804,4.127167320480202e-05,987,-4.647695967212953e-05,7.00627555945614e-06,3.3101918476636917e-05,-2.2342703174861394e-05,1.1362970135122935e-05,1.7399224139909654e-06,2.7711747208602612e-05,-3.0268863501204587e-06,-2.4803243087426042e-05,4.750418079355109e-05
yjaH,yjaH,3.144344969472164e-05,0.00043926549600659646,-3.5288233317626014e-05,988,-1.6849610086551012e-05,1.705668926214514e-05,-1.9163816348136062e-05,5.466165349455242e-05,-0.00011085485129565489,8.331586328551958e-05,-4.1908263954555146e-05,2.604946081879164e-05,-1.513448147104031e-05,5.427080598965028e-05
ydfG,ydfG,3.1428996740768824e-05,0.0005859780600949696,-2.0465769645574426e-05,989,0.00014799055773124912,-4.3914705593341506e-05,2.436171510110024e-05,-2.6426746023592068e-05,2.2648222253396254e-06,-8.057550681253384e-05,1.2658361713893682e-05,-0.00012635757324763297,9.178453430043688e-05,2.964353734584964e-05
ftsH,ftsH,3.1373984987040864e-05,0.0005947007254951499,-9.902515921863915e-05,990,0.0001398796048283371,1.7281227026736406e-05,-5.1235423421732694e-05,-8.613570774503218e-05,0.0001309625614498207,-3.834333661395654e-06,2.4913961936201233e-05,-3.840798934353255e-05,-2.339747526177384e-05,-7.865244082058765e-05
tonB,tonB,3.099811396301518e-05,0.00026576823082763396,0.0002187548915911387,991,-4.514943433980548e-05,-3.859973298526598e-06,1.2160073926707682e-06,0.00010170172711468526,-9.902434981617424e-06,-2.9103355201396124e-05,-2.2991511362078763e-05,1.2388227243959431e-05,-6.378349248885007e-06,3.307721064400912e-05
bglA,bglA,3.0565347183438394e-05,0.0005546939917392876,0.00019624166279603411,992,0.00011684630345379211,-1.7791029954860494e-05,-3.622965662343032e-05,2.2917659178673937e-05,4.158321161520749e-05,6.237986101783463e-05,-3.5381113833161924e-05,-8.179507686531248e-05,-9.086744500115938e-05,4.8902634195854815e-05
accD,accD,2.969073450502761e-05,0.0003166663655137685,0.00015830314196415155,993,-7.017559579885236e-05,-1.87520464372376e-05,-3.36553225232295e-05,-1.3943239672268265e-06,4.142341990705049e-05,2.5180095825999367e-05,2.2306031056978284e-05,-1.951052677782418e-05,3.030116092460398e-05,5.396784229476593e-05
ptsN,ptsN,2.950757462977287e-05,0.0006339246095003396,-0.0002215193560906675,994,8.965115878140756e-05,1.3561441187656788e-06,-8.023639324940591e-05,-3.248351487851647e-05,8.628061818865082e-05,2.3629728764709983e-05,0.00013079844221152223,-1.6375300473343402e-05,-2.3310314793435963e-05,-0.00014980299404058166
asd,asd,2.950159815049341e-05,0.0008200480291488485,-2.0256952868548826e-05,995,0.00021706909903613874,-4.970933250515964e-05,-0.00011035106359894873,-1.7156311037150445e-05,0.00010249479232966935,-6.455656176937654e-05,-4.13685599585068e-05,0.0001052109222838628,-3.141522797848872e-05,-8.07161586515466e-05
fadR,fadR,2.9014901558416806e-05,0.000302199221449758,8.652849291468915e-05,996,-3.535291350015185e-05,-2.3315810694885113e-05,1.300506993287566e-05,5.314374710216871e-06,-1.7332112774868036e-05,5.34032302912049e-05,2.4094951268585824e-05,-3.4566434087471156e-05,-2.6024888888294442e-05,6.978943530120415e-05
glnL,glnL,2.8903106052169153e-05,0.000586258803483666,0.00013865622610375925,997,-0.0001253875753349023,-4.0968697237103426e-05,8.86121118835082e-05,2.4719473334004602e-05,8.509167071934486e-06,-0.00011232157614374271,3.46093299078343e-05,4.675313189104018e-05,5.3826715007570725e-05,5.055102567202509e-05
rffD,rffD,2.8771682145268704e-05,0.00035997044108177596,-8.559703417095486e-05,998,-2.941044721088468e-05,2.081941457306598e-05,4.583985930320004e-05,-1.4044654151550322e-05,1.8371497681710104e-05,5.9981007653389675e-05,4.9359282402156536e-05,-1.616341266906657e-05,-7.32413458937492e-05,-3.2739519543002864e-05
nfsA,nfsA,2.8753724900928686e-05,0.0002703536316567862,0.00012821230081635373,999,-1.280809532658429e-05,-2.5521326418007812e-05,-3.247642833330135e-05,7.742912498116396e-05,7.401458369810747e-06,4.880271337105845e-05,7.619626191912459e-07,1.5158418937633055e-05,-4.364653280770183e-05,-6.347570492333492e-06
yeiR,yeiR,2.8070321409725455e-05,0.0004875320256024826,3.9768572405032725e-05,1000,6.387579442395744e-05,-2.706767997571057e-05,-5.538290528992837e-06,-6.989310440565054e-05,0.00010270578017999988,-9.012533812790687e-05,6.421442077792969e-05,-3.710643905811775e-05,2.589840699118727e-05,1.1067711330297496e-06
ygeR,ygeR,2.7669936279511294e-05,0.00040577412500708386,0.00020681385925508492,1001,6.523026960214022e-05,1.394275685170844e-06,-2.870516214316895e-05,8.635278479098311e-05,2.809909653457392e-05,-7.746712376432044e-05,-8.063393267145596e-05,3.285558758868842e-05,-2.245875784840953e-06,2.7900164417410795e-06
relB,relB,2.761977827530692e-05,0.0005395517034251481,-0.00026011583461219993,1002,3.011684014141635e-05,-3.801145187323364e-06,-8.192227933717449e-05,-6.0506490554070373e-05,1.916884783335384e-05,-3.482566204862239e-05,3.368588663762361e-05,6.447781192405522e-05,0.00013613635431377848,-7.491038544772997e-05
ddlB,ddlB,2.7579214996593243e-05,0.00043896156236045895,-0.00019306624855477356,1003,4.410523478610738e-05,2.1369502746652463e-05,-4.001882813399453e-05,-8.706743226379045e-05,7.373285478923994e-05,4.753386415176113e-06,5.3927054443922414e-05,3.5382355497427836e-05,-9.195973979608278e-06,-6.940893930453964e-05
idi,idi,2.7155361612545836e-05,0.0005721694353836301,-0.0005300615654032387,1004,0.00013808753080754685,-1.9853499976335125e-05,-1.2004350138605817e-06,-3.337234865924232e-05,-0.00016809097111486119,3.552415666692113e-05,2.0635206236429605e-05,3.460255816534867e-05,7.081294662184174e-05,-4.9989782121242945e-05
ruvA,ruvA,2.6912345878438977e-05,0.0002657192080064961,2.75807558256371e-05,1005,9.883354185054812e-06,-3.194867405038254e-06,-5.469218071534687e-06,6.275494529885135e-05,2.0208983087533346e-05,-1.8198898030781995e-05,-3.635701973077294e-05,5.3468494371028046e-05,-4.660502915540445e-07,-5.5717377534346655e-05
fimA,fimA,2.6813998800968357e-05,0.0007394846597027132,0.00025908442906469304,1006,0.0001214720137995725,-8.900509721709327e-06,-0.00012037394283250146,-4.080353565909401e-05,0.0001608803556581293,-0.00015787699684813726,-2.8380345389430397e-05,3.699246705953104e-05,4.093209880081256e-05,2.2872393933795405e-05
dsbA,dsbA,2.6668354841585568e-05,0.0005704237200706808,-0.0002679893960374508,1007,3.60056030557978e-05,-4.0930076012156404e-05,1.0643438176347873e-05,1.7120905567971605e-05,4.227644340857229e-05,0.00016614949482641163,8.509116216015967e-06,1.7841036205016064e-05,-5.088973702791475e-05,-0.0001800578695744765
metG,metG,2.6398562260979204e-05,0.0003692388232290479,-0.0001402840638946506,1008,7.260322848748861e-05,-2.1979955545485135e-05,-1.541457597756947e-05,6.318909661397937e-05,-4.337024325120111e-05,3.8721452652924126e-05,-1.3893751530164664e-05,1.5948273122576995e-05,7.356641868044429e-06,-7.676160417961395e-05
flgD,flgD,2.5962012218753434e-05,0.001065374498161673,0.0005168028915572377,1009,-2.1033592768122056e-05,9.023928050307525e-05,-0.0002562582747803651,0.00033601297649048456,-0.0001174757607700654,-7.556555881636872e-05,-4.93730558365385e-05,6.065941320209931e-05,5.911348826977731e-06,5.2845236167576373e-05
rnhB,rnhB,2.5641942029627096e-05,0.0005044592766128859,-0.00021099933352687047,1010,5.351969835924644e-05,2.1919174219419196e-05,2.5887469896927627e-05,-3.9075337513482706e-05,7.35924913634999e-05,6.175611085830162e-05,-5.2923427541459506e-05,2.837566462386173e-05,-2.0214052638048312e-05,-0.0001271958495986389
ygfZ,ygfZ,2.5632427064302245e-05,0.0004516381930400133,1.570813415481537e-05,1011,1.4913579669056055e-05,-5.347265858353396e-05,-4.5559093848247873e-05,7.940693998529048e-05,4.66792629695954e-05,8.946852214489862e-06,8.868867521372597e-05,-8.955441130533122e-07,-7.659664097693308e-06,-0.00010541592234532706
yeiG,yeiG,2.5018017358471174e-05,0.0003705244642380126,6.86554365594238e-06,1012,1.99737363479696e-05,-2.3672606719673233e-05,2.1849612334745728e-05,4.690738005718841e-05,-1.1522615081951683e-06,0.00010904051205833814,-3.9849761347214e-06,-8.728741641850938e-05,-2.6842624616885058e-05,-2.981333804178646e-05
yfjF,yfjF,2.4976315335068576e-05,0.0005857770199951997,-0.0002824201775409653,1013,5.2089023606764054e-05,1.4983011872043629e-06,5.323056583304683e-05,-8.022394399604459e-05,5.8763190126985e-05,4.238647247084997e-05,-6.835340785999215e-05,-2.456182324014009e-05,9.740911444028394e-05,-0.00010726117723388875
nadR,nadR,2.4907265787083488e-05,0.00045201294577750244,2.549937153310347e-05,1014,0.00010724428367980231,-3.4678326398446834e-05,8.350596435637364e-06,-8.993947386071321e-05,7.936103805203523e-06,-5.1058240212453666e-05,6.344458463159988e-06,-3.7876799523595795e-05,1.3779746828866472e-06,0.00010720668871560317
tatB,tatB,2.4727243782808687e-05,0.0004960813171100823,0.00023869677499402497,1015,-3.394569898515165e-05,1.9024426219466693e-06,-5.5437136622724084e-05,3.720977855322684e-05,4.627160465166637e-05,-4.4918645380274985e-05,-6.361519911895436e-05,-3.776035655653173e-05,0.00012678982843608198,4.8230626183523644e-05
evgS,evgS,2.4608512190942646e-05,0.0003256941751418349,0.0001129746780163169,1016,-3.4158640119606592e-06,4.773238986464571e-07,-9.18948691497557e-06,8.918241191855943e-05,-3.308212679098664e-05,-3.895129698571825e-05,7.280029787312593e-05,-3.521329847099413e-05,-3.069075830081088e-05,1.2691309976056981e-05
usg,usg,2.452856646710991e-05,0.00045259111711639657,0.00020068111968363526,1017,1.9431691717131826e-05,4.511823235953894e-06,1.2302110027113416e-05,-1.621988147624672e-05,0.00013069437299713423,4.7157725934355226e-05,2.4462117880064685e-05,-7.774133542331812e-05,-0.00011820040997956359,-1.8696484455149106e-06
yecD,yecD,2.4343135869136065e-05,0.0004946217974118357,-0.0003490005851519831,1018,0.00011684563020368902,-5.907959364367148e-06,-4.8054146768364454e-05,7.641853467411146e-06,-0.00012326332686706583,-1.1206646529783536e-05,4.9078137137922234e-05,4.329821904978169e-06,8.158702392648528e-05,-4.670725124176881e-05
frdB,frdB,2.355012834111244e-05,0.0005034741144674744,-6.679318479682661e-05,1019,0.0001364310634159702,5.580409729240968e-06,-6.879262622381822e-06,8.978581687660669e-05,-6.303025008653962e-05,1.9340997098832907e-05,-9.266014882995205e-05,1.2373834283642658e-05,-2.901523650638336e-05,-4.837709501792415e-05
manA,manA,2.320973909857816e-05,0.00034938553116919214,-0.0001843903691621397,1020,4.49373631679058e-05,1.7842645073241372e-06,3.802538553661928e-05,-1.0609080203733592e-05,-5.081616430723718e-05,2.8674371015020166e-05,7.027196181279567e-05,2.6042890942200717e-06,-8.249758100352621e-05,-1.9165070520809983e-05
gpp,gpp,2.3138472013096937e-05,0.0003075856044682529,9.424203851535744e-05,1021,8.032128767097615e-06,-7.751969044614033e-06,5.052876860549531e-05,5.9202781502875685e-05,2.911243196041056e-05,-5.6696279998970245e-05,1.848592740479575e-05,-1.9011169086341006e-05,-2.913918989859364e-05,-2.962495819905905e-05
pfkB,pfkB,2.2743747846744515e-05,0.0007470817530921552,-7.640596523397907e-05,1022,0.0002243854935763602,-2.6124370755852407e-05,7.964334935387605e-05,-6.058762163220397e-05,-2.5167086927196915e-05,2.196030767343005e-05,-7.66935927684039e-05,-0.00015744583124325165,-1.615049929579655e-05,5.89235998657836e-05
yebV,yebV,2.2650790744339414e-05,0.00042808195001556065,-0.00032803605241937264,1023,8.340471066055548e-05,-2.238389349153361e-05,3.6353778095573644e-06,7.111036320466313e-06,-6.846828918440298e-05,-2.052801898609409e-05,8.41209431746025e-05,1.2973911794222941e-05,3.4120390620545464e-05,-9.133537797357996e-05
ybiV,ybiV,2.244692050580016e-05,0.0005074640126657283,-0.00023460433946972503,1024,0.00010150794570833432,-4.80199901344178e-06,0.00012223871040296965,-2.359276885177291e-05,1.1060431681637838e-05,1.5468169396144483e-05,-3.461005460400938e-05,-8.59573512989126e-05,1.468020939667792e-05,-9.354637231182737e-05
yqaB,yqaB,2.2310317486849603e-05,0.0004215712536326654,-0.00028012081375783615,1025,9.390450181784262e-05,2.164616837544864e-05,1.207785716207389e-07,-0.00010199672004082677,-3.6794017140929884e-05,-3.83125419693915e-05,5.74358121617564e-05,3.894803558682572e-05,-2.252718892175976e-05,9.885489046263388e-06
tldD,tldD,2.2190568971864946e-05,0.0004733436234946815,-0.00012244202227626273,1026,0.00010257514213137172,3.191221310345178e-05,-4.898042589700932e-06,-0.00010622209846784697,5.903754531708619e-05,5.091074126001728e-05,3.3314544213462628e-06,-2.0089921925750592e-05,-9.142529077667167e-05,-2.9411735014381204e-06
mpl,mpl,2.2128503255484332e-05,0.00047683308723645576,3.158663062079717e-05,1027,0.00010533007654588574,-3.403101100532588e-05,3.7381443975138215e-05,0.00010676927472494611,-1.9647157526352717e-05,-1.8469155514845937e-06,-2.2898818299257527e-05,-2.4778611043240832e-05,-6.388522830437154e-05,-6.026455026045265e-05
ygjD,ygjD,2.1442250205742425e-05,0.0004255537256529549,-0.0002503572325691801,1028,-7.996742476203491e-05,4.057847352112166e-06,6.977992536809194e-05,-3.902131121542971e-05,-5.785237028083727e-05,7.982919150182648e-05,-7.6308217798525e-06,2.2054857902058962e-05,4.777616580525914e-05,-1.758380968545185e-05
ydcP,ydcP,2.1078347813429185e-05,0.00046800023139567486,-0.0001414881216184244,1029,-1.9231273517986003e-05,-3.637712745008144e-05,0.0001104669362681597,-2.235802334945423e-05,4.287769792268461e-05,3.944055282945664e-05,5.1754102584251104e-05,-5.9175113129755525e-05,-5.594842868117687e-06,-8.072456147572798e-05
iaaA,iaaA,2.0830382831021443e-05,0.0005345602580221713,-0.0002122875408215802,1030,5.5604734640786204e-05,-1.6433355986874436e-05,-6.693524047362084e-05,5.6194200961884806e-05,-0.00010328933026996348,0.0001355369061280756,-2.1573561177915482e-05,9.095854104972215e-06,2.1263624590877556e-05,-4.8633449687200705e-05
yejG,yejG,2.0288671993791687e-05,0.0007913985458027252,-0.0002682365518421713,1031,0.00010437076655654123,-1.674846654828799e-05,-4.49280873535278e-06,-4.4017455333506965e-05,-0.0001351213681457433,-0.00010996440883562806,0.00013862921491125319,-7.521042930594765e-05,0.00010767874387540352,5.51648835550605e-05
ybgJ,ybgJ,2.0039058515627377e-05,0.0008154515389371429,0.0002412590977366638,1032,0.00010564113067824366,-1.6007477438742744e-05,-0.00019702915506676955,0.00015827593803275928,-8.513731565309944e-05,-2.0293259985659344e-05,9.631777426889651e-05,-6.273209069620853e-05,-1.6506941370278198e-05,5.751045574648573e-05
cobS,cobS,1.9796646104080327e-05,0.0004295373844129771,-2.6291023429433804e-05,1033,1.3224628225034584e-05,5.44035499801396e-05,-0.0001302341945023611,-3.2283921376946916e-05,6.732574340953271e-06,0.00012091353235427754,4.488551892844887e-06,-4.235225327514039e-05,2.6000200919619396e-06,2.230415837331691e-05
yebR,yebR,1.959851491574964e-05,0.00047515053905690586,-0.0001500946803039448,1034,0.00010790935323399456,-5.3728742006085675e-05,-4.13057174754454e-05,-1.296603301910431e-05,-6.861896445046632e-05,3.2322133878898215e-05,-2.7185905091261333e-05,-2.3970650028215095e-05,9.080612509796196e-05,1.6336914775473047e-05
yjgP,yjgP,1.9319175196113973e-05,0.0002953146681008902,8.77358822205867e-05,1035,-2.6427705349831554e-05,-5.299725827586108e-07,4.4816536278051305e-06,3.278199102793059e-05,1.0481410281458914e-05,8.068212199353102e-05,1.8625617318815554e-05,-2.4135546390767126e-05,-8.690452212903077e-05,1.026412739896084e-05
dapB,dapB,1.9220474254462686e-05,0.00040181329730484393,-3.33489236753093e-05,1036,-6.840886786351208e-06,3.8574632600112024e-05,2.3178110231029055e-05,-9.06948272732492e-06,-1.99720737467797e-05,-3.286342542903078e-05,-2.1349172419535912e-05,0.00012678681118483094,-0.00010120137041616811,2.1977331763681306e-05
yieG,yieG,1.9079564061997995e-05,0.0003451693122286722,-9.680069854884352e-05,1037,7.757474782352541e-05,-1.5185021171948691e-06,-5.7075219229640434e-05,1.943285893737695e-05,-2.9235606736475867e-05,8.511683138443272e-05,-9.942095560808807e-06,-1.1504171009041556e-05,-2.4711459985851703e-05,-2.905781944432385e-05
rffH,rffH,1.9053745914180776e-05,0.00032928851385150617,-4.1092935361893305e-05,1038,3.223848682486097e-05,-3.840033093183964e-05,-1.673081094305683e-05,-4.997040729465137e-05,5.990295266972443e-05,-2.9063694700185513e-05,7.0169715781877626e-06,7.00876539111204e-05,4.925064898949898e-06,-2.095214009892932e-05
ydcQ,ydcQ,1.8993369456389547e-05,0.000508466291824228,-6.81977341963025e-05,1039,-4.412959133344203e-05,-4.403742864414869e-05,-1.667496184297692e-05,4.39091019103694e-05,-0.0001398944793633516,8.194629519779174e-05,7.710293228627857e-06,5.419805795991018e-05,4.582887260583883e-06,7.138319508302573e-05
luxS,luxS,1.8844677503682982e-05,0.0010987056448638133,-0.0008071543667788349,1040,0.0003736341573435316,-5.3378162278820464e-05,-2.792788974373676e-05,-0.00016470477544057644,-0.00013882831886881196,2.3548130995489066e-05,2.888455400571076e-05,0.0001327083188390167,-6.446958701993202e-05,-9.06217503281875e-05
modB,modB,1.8664623308788165e-05,0.0004728820796991673,3.93600480241835e-05,1041,6.731060586191546e-05,5.304589336350236e-06,-8.811229303510283e-05,5.7521396097702334e-05,-4.612077037425744e-05,-6.893937796665149e-05,-2.3936286819177786e-05,8.224070171823765e-05,1.5784348546731102e-05,1.761170994304094e-05
yliJ,yliJ,1.803367783391742e-05,0.0005321450945345288,-0.0002832332137989265,1042,0.00019082441778778224,-6.118860077505151e-07,-2.175000656832081e-05,3.937526384857497e-06,-5.9213045111221694e-05,-2.1313572410988933e-05,2.198834532349462e-05,-7.684294899588339e-05,5.833909668808878e-05,-7.732424925614037e-05
yjfJ,yjfJ,1.7650294871455865e-05,0.00024089356981570097,7.614254777602847e-05,1043,-7.47714851182836e-05,-2.462360608133452e-07,4.8798699760934726e-05,5.3788719596447466e-05,-1.5296016464271848e-05,1.1415354674331937e-05,-1.3231671837412272e-05,6.86544012029774e-06,-8.07622799134148e-06,8.403718191566547e-06
yjiM,yjiM,1.7421928735731578e-05,0.00044968636968781517,0.00017064663762266554,1044,8.82672009696606e-05,-3.4926537249126796e-05,2.0383986454222805e-05,5.9277216111593595e-05,6.08113687538906e-05,-8.3011317834002e-05,-3.401109297129114e-05,-3.812897073533624e-05,4.814376922405779e-06,-2.6054301686285618e-05
pykA,pykA,1.7385905697248367e-05,0.00026860985796696256,-7.058569750333183e-05,1045,9.455694492747707e-05,-4.150029861212883e-07,9.031931888033674e-06,-1.9413631636556527e-05,2.097317726786566e-05,-5.359804896132052e-05,-2.4025851016507875e-05,1.228742448635323e-05,6.148403262375829e-06,-2.8159441534350873e-05
ypfI,ypfI,1.7385271703528746e-05,0.0005134493380185798,-0.00020139320261424064,1046,5.9325577110181995e-05,-5.55869814583872e-07,-3.938876703309819e-05,4.494737791413472e-05,-6.724832790807425e-05,0.00011117988807073483,8.053124519847877e-06,-7.113605294035286e-05,4.191133724615491e-05,-6.970301546141641e-05
mdoD,mdoD,1.7213442093260108e-05,0.00041735779244666843,-7.026851590193861e-05,1047,0.00015503739807023366,-1.205810428218919e-05,6.328644149659014e-06,1.05739787359473e-05,-4.613995047675725e-05,-7.619599203774526e-05,-6.567812838001246e-05,1.9226269765525424e-05,1.7080891712128154e-05,9.038434836470712e-06
yhiL,yhiL,1.718531139738528e-05,0.0003546538299477133,6.909766675025935e-05,1048,9.838484514585952e-05,-2.9477787761339277e-05,-1.864349232301698e-05,1.7918507828343746e-06,3.4187577003235505e-05,7.82494829108526e-06,-4.538781629564481e-05,-7.522516289516292e-05,3.656828816178218e-05,7.162061287752432e-06
yncE,yncE,1.700411840305532e-05,0.0003807675102623524,3.9462668234515386e-05,1049,0.00010491531499234667,3.447034940392119e-05,2.775514541906043e-05,-3.511611198590219e-06,2.2100504379075044e-05,-8.177914516663505e-05,-8.411061783989386e-06,-3.512360077554831e-05,-5.3056277004885584e-05,9.644500138300516e-06
glvC,glvC,1.6496675639541384e-05,0.00048821109995013194,5.553385584298322e-05,1050,-6.0412228358243975e-06,7.012714369999387e-06,4.145304597524195e-05,2.4695741644254835e-05,0.00010612661136381994,7.306577444152055e-05,-3.946293769640433e-05,-2.8989545074982698e-05,-6.655641928127138e-05,-9.480708726681247e-05
yjdI,yjdI,1.6406266284721356e-05,0.00039448390440913455,0.00012405552564855515,1051,8.306227395078317e-06,1.8566489499437218e-05,-4.13499508342914e-05,-2.217325721447528e-05,1.136594268176772e-05,6.525763668646078e-06,-5.8211597345825435e-05,-6.730401366761448e-05,7.964245160265281e-05,8.103821049934581e-05
aroK,aroK,1.638842482646077e-05,0.00026937926315219,0.00011587502307157798,1052,-4.3266259639093165e-07,-2.8225942943538262e-05,-3.9845068616515995e-05,-3.953181946029238e-06,4.78166505731739e-05,-3.9386776733120604e-05,7.221671041441093e-05,-1.4651786327269608e-05,5.822276798658645e-07,2.2268255321874707e-05
pstS,pstS,1.6357908564245993e-05,0.0008403427076495,-0.00019265100369123027,1053,0.00017022307533161115,-1.4952026689557201e-05,-6.233570714464252e-05,-1.5332831936457785e-05,-0.00013999264814435963,-4.917862871970671e-05,9.119147462144969e-05,9.975682563648687e-05,-0.00013020055690790311,6.717893251732527e-05
hslR,hslR,1.6085367601147174e-05,0.0003984615260271837,0.00027326669755828895,1054,1.444449332353796e-05,-4.833109752330492e-05,-2.594797864249264e-05,-2.6894226530178242e-05,8.646900800318121e-05,-7.562514161932092e-05,-1.1667019321898347e-05,2.125869438073115e-05,-2.7226155758231833e-06,8.51012511067151e-05
yohN,yohN,1.5984178953257623e-05,0.0002331363225346128,-1.6602254739347185e-05,1055,-3.2294533198470754e-05,-1.738770805472475e-05,9.077966934690175e-06,3.9061206878611394e-05,9.034755434449608e-06,-1.0488830331376295e-05,4.296885639225259e-05,1.547871023884483e-05,8.938754865086608e-06,-4.8405000206105784e-05
yfiO,yfiO,1.529183527104828e-05,0.0005852400389489578,-0.00022983772704101822,1056,0.00018605157259007617,-4.2649773848810175e-06,-0.0001027606909255223,-8.787067952103506e-05,-1.2551545216899683e-05,7.462501805312175e-05,-3.535593574151954e-06,3.95893464668051e-05,-6.713989406941449e-05,-6.850721147050239e-06
yrbG,yrbG,1.4836930597499595e-05,0.0004005818082578207,0.00021819482394521878,1057,-1.0167902120658326e-05,-1.3995944601915563e-05,6.480845518763779e-05,1.719847889045905e-05,0.0001018471622582281,-2.9037558584216425e-05,2.3855273091335222e-05,-0.00013459891075847551,-2.5423588875667896e-06,-2.5297638773279534e-06
yjcH,yjcH,1.4093442553846287e-05,0.0006158575241800872,-0.00015629096114246066,1058,-1.7030066759053087e-05,-1.2849604865391018e-05,6.866756792633244e-05,7.519006573382185e-06,7.149953840949878e-05,0.0001135315620595815,-4.7912860687820295e-05,5.375780839817183e-05,-7.29722042236679e-05,-0.00015011730427718815
sucC,sucC,1.3903305898887948e-05,0.0006734006629009699,0.00042335268004376413,1059,8.52581981617176e-05,-1.750138716428037e-05,1.3818887517059033e-05,8.619849459858829e-05,0.00015837640412256403,-9.984381396263256e-05,-2.9456847529219352e-05,-9.491989266136104e-05,-6.207983143372142e-05,-2.594690574982625e-05
cld,cld,1.3709428922763091e-05,0.0005090134202370625,0.00011324103003768548,1060,4.8889968271909435e-05,-1.166653011856255e-05,0.0001154173937200795,3.320665541536947e-05,-3.289805237461863e-05,6.807807330809284e-07,-6.783515010890807e-05,-5.1632479364490664e-05,-8.361978369056978e-05,6.316662643947344e-05
fliS,fliS,1.3273805310684e-05,0.0009241870967261338,0.00020454035909602775,1061,-5.9763725370879244e-05,-3.6438363520025e-05,-0.00025409409227017144,0.00021406754675000507,-8.498784612586609e-05,3.181424190686404e-05,2.2783565580837076e-05,0.00013753327762483557,6.253181915586711e-05,-2.0172618420783088e-05
yfcD,yfcD,1.3261534309255847e-05,0.0003364861016776763,-7.767457931062894e-06,1062,1.0215393470237352e-05,-1.3266077355706575e-05,2.879882830728753e-05,-2.3807791997518096e-05,3.284800973760592e-05,2.0352720490185214e-05,-0.00011824523477999421,1.5227170265737412e-05,6.743169572241265e-05,-6.2931795509913435e-06
yahO,yahO,1.3227895702895206e-05,0.0006423455447026856,-0.0002893678109496954,1063,0.0001321451277076279,-1.682101075971949e-05,2.708802230729933e-05,-0.0001162844948613698,-4.0538046856885665e-05,-0.00013622693800608828,0.00012838873252757943,-4.688334015832008e-06,2.1412253565428448e-05,1.875258409485534e-05
yggV,yggV,1.3088579172433707e-05,0.0004072994495182989,0.0001424351637898369,1064,-7.607069709100281e-05,3.1830388087539744e-05,-4.230013065404366e-05,1.8879960991773964e-05,0.00013077759862158082,-6.838919295666602e-06,1.8772216383161442e-06,2.0654967305491104e-05,6.173877700664503e-06,-7.18956881322195e-05
ybdR,ybdR,1.2788160818878663e-05,0.000299152522908478,-0.00010269231915564234,1065,9.1050307037863e-05,-1.5500513254175726e-05,5.952835397721755e-05,-5.066906411972292e-06,-2.5379447574301625e-05,-1.9961419592652203e-05,5.3916808485977465e-06,-2.6119378307941077e-05,-3.664879072164878e-05,-1.4505725182107915e-05
rsgA,rsgA,1.2741685704172471e-05,0.00041676212205168386,-1.6186283584302224e-05,1066,1.215666331169409e-05,-4.873536204849421e-05,0.00013087163598232444,4.524975842707525e-05,-9.631041167925024e-06,1.6986298802411085e-06,-2.573450814138899e-05,2.477521627659324e-05,-8.056829061673233e-05,-3.734101619921511e-05
gltA,gltA,1.2363177119174237e-05,0.0007394694132262281,-7.779570759398882e-05,1067,0.00021663743458997053,-4.6038193666159405e-05,-3.6344052626463676e-05,-5.479008675975687e-05,7.76451119806948e-05,6.897646957725593e-05,1.2657279024779884e-05,-8.792806778055016e-05,-8.288142676225156e-05,-5.557129045834522e-05
ahpC,ahpC,1.2332147584385e-05,0.00032678598369303443,-9.606191413971572e-05,1068,4.2836257717186616e-05,-1.1853852928122905e-05,-8.313477366273265e-05,6.199771142576177e-06,-2.518674286085438e-05,6.77012579587554e-05,1.0514308345388678e-05,4.2307470474802854e-05,-1.4173637043227637e-05,-2.2877911559387152e-05
oppC,oppC,1.22299414030963e-05,0.0003597559409172474,8.370507844719736e-05,1069,3.1079149998731004e-05,-1.1386282915423028e-05,-5.1820396596868595e-05,6.795439813249262e-05,1.921469540932378e-05,6.257671872250167e-05,-1.406676751831499e-05,5.167978897122746e-06,-5.7287969109799336e-05,-3.920158361666958e-05
ycfH,ycfH,1.1755902260723408e-05,0.000304217978245979,-0.00026411911090629955,1070,2.442253194123513e-05,-2.155498457743045e-07,6.71257303564511e-05,1.7938424148231405e-07,-7.353774301772293e-05,-1.855731901476746e-05,-1.0971805678156302e-06,2.5555675063944094e-05,4.070361865023855e-05,-5.2823245546547456e-05
dapF,dapF,1.1703035760410644e-05,0.0005176367529848443,0.00018348432535918822,1071,8.748791333955328e-05,9.617751596544189e-06,3.279277167836628e-05,8.128241610625173e-05,4.338285459685653e-05,-1.4872295497276936e-05,-0.0001698039643195722,-4.121900865205883e-05,1.0106187055055433e-05,-2.7071590143308826e-05
gltJ,gltJ,1.1399840818468653e-05,0.00035933392865071924,-0.0001126195078839798,1072,-4.60268865334617e-06,1.0098106152158124e-05,1.2100100015920382e-05,-6.605826248621859e-05,-4.764933483280657e-06,-6.260847215657044e-05,7.617882791524304e-05,-3.59326871367094e-05,6.677648821452869e-05,2.0213362436743674e-05
proW,proW,1.129488358109273e-05,0.0003402486640410457,-3.742498524445515e-05,1073,3.677485910223053e-05,-3.665710892446245e-05,4.803465616234361e-05,-1.492999851544936e-05,4.629988363248611e-05,4.466237491400893e-05,-2.1087694643344568e-05,-1.2085315268828454e-05,-3.5281836929173666e-05,-4.443493594871796e-05
oppB,oppB,1.1185565617866748e-05,0.00045187935389440204,-2.4203955690074345e-06,1074,9.891167452643604e-05,-8.934740902705677e-06,-3.537881039969939e-06,-1.003302686911522e-05,-9.980788998238983e-05,1.8397283353763633e-05,-2.8857146529981796e-06,-8.001531697555146e-05,-1.5132323715537335e-05,0.00011422350187593471
murB,murB,1.1016799850181389e-05,0.0004661992817838551,1.4450996831460816e-05,1075,0.00012800266410121195,5.548164263124735e-06,-2.125924316564994e-05,-6.120962014554715e-05,4.805498797150885e-05,-2.959055922077392e-05,-5.985995383335267e-05,-5.567186460151313e-05,3.111369396631324e-05,2.5888530514859416e-05
ybbO,ybbO,1.0828769491551097e-05,0.0006679453314520502,-0.0003587179807370209,1076,5.838180658293804e-05,9.175869927985578e-05,2.4543593449289942e-05,-3.020510514383277e-05,-0.00012649685058689785,0.0001647029511597169,-0.00010169192181693859,-3.881988939565298e-05,-1.4101864144923147e-05,-1.724264989200424e-05
ydjN,ydjN,1.0159442546469546e-05,0.000614863137057836,-9.579796200530031e-05,1077,-0.0001338125316891854,-4.5619374461514224e-05,3.919220725220557e-05,5.229090444764662e-05,-9.582470448584581e-05,-2.709523661913777e-05,9.628110399818838e-05,3.945713105094728e-06,0.00012008682069023366,7.145403087838068e-07
yfbQ,yfbQ,9.961666715441476e-06,0.0005098931745223096,0.00027896719812521857,1078,0.00010214314242132017,-4.216078120425844e-05,8.945880044071714e-06,-4.373965733153655e-06,4.050438926695237e-05,-5.050411082354061e-05,-3.3266711749104434e-05,-2.333987673714735e-05,-9.632030765622958e-05,0.00010833400888653129
purU,purU,9.233712405507093e-06,0.0003384957534984548,-0.00017550239459631533,1079,-6.434235476162067e-06,1.2871833202443329e-05,2.9532123826205428e-05,4.650664024109098e-05,-0.0001410169919214306,6.167040412447775e-05,-1.1816401142557053e-05,-5.363392006324145e-06,1.190772097282796e-05,1.1376010584935493e-05
fur,fur,8.826176903539343e-06,0.0006179845093705054,-6.396183844515786e-05,1080,6.9903457377668e-05,-4.914000431750245e-05,7.27564810838817e-05,5.749553723309654e-05,-4.698499885224757e-05,6.717651373593324e-05,-5.909032602202318e-05,4.607335370644291e-05,-0.00011128546789005158,-3.807836915165823e-05
ygiT,ygiT,8.670448542192155e-06,0.0004528539097395023,-0.00023062236856049732,1081,-7.979549488113873e-07,5.376893778047813e-05,4.640291336238529e-05,-4.279558619897176e-05,6.676423139080396e-07,-1.865932627668659e-05,-9.007031035939972e-05,-9.205366906967449e-07,0.00012992268568407574,-6.884801612408886e-05
gst,gst,8.622514283222331e-06,0.000443449884117965,0.00018312306073051034,1082,-4.1802174113062114e-05,1.7404444643129884e-06,-3.2212132639305697e-05,8.558196146654842e-05,7.532928661797875e-05,8.883368911338036e-06,-1.7790922180469154e-05,5.4501137740415494e-05,-6.056999540687355e-05,-6.503846057766082e-05
fabF,fabF,8.521111109246402e-06,0.00047841221874154983,0.0002774139427489544,1083,3.4704517860629574e-05,-4.157406376386667e-05,-6.783157581532888e-05,3.777978435565179e-05,7.923661009916189e-05,-2.557986210446516e-05,-1.153208801595375e-06,-9.880684333089564e-05,6.579462013566819e-05,2.59511324742867e-05
djlB,djlB,7.82609211309296e-06,0.0004509659149412101,-1.2636960399290022e-05,1084,-5.747569017729649e-05,3.484693274445214e-05,-1.637039797719393e-05,-9.12475315273923e-05,2.4048472576998083e-05,-5.6476291732175824e-05,2.6986206504846675e-05,4.7356409717270025e-05,3.13643571762889e-05,6.479362480729569e-05
yjeE,yjeE,7.722520083188357e-06,0.00048324295586572126,-0.00018828431174687543,1085,0.0001444145232591786,-1.0526279215591878e-05,-7.405940731753673e-05,-4.049274393970164e-05,-2.8484860778208403e-05,3.954033356854053e-06,-5.3569504029064655e-05,-9.324131497229678e-06,9.711418135842218e-05,-2.130329111393349e-05
ubiD,ubiD,7.6145088027857705e-06,0.0005791589690492647,0.00012973747676624378,1086,9.865714670183205e-05,1.9045506904209794e-05,-5.086749284664923e-05,-6.650275993654474e-05,9.218630850564326e-05,-4.425902161263431e-05,4.050533259892392e-05,-7.952530114200425e-05,-4.461765458540697e-05,4.299244421541625e-05
surA,surA,6.663381830932036e-06,0.0004076880465199496,0.0003316725687658196,1087,-2.3387235993939503e-05,-9.971855850376598e-06,-6.960786521541282e-06,0.00010258650988431014,3.874699456635635e-05,-4.00841830066051e-05,3.8007738877065005e-05,-1.096266384385383e-05,-0.00010914560712819246,2.783447084770932e-05
secM,secM,6.4715597702438154e-06,0.0008400684468510349,0.00020253567335704764,1088,-1.3215574240644515e-05,3.019892519162669e-05,8.653081300768654e-05,-8.484755408881207e-05,7.303117893093857e-05,6.627075272668479e-05,-0.0001414984583584044,5.091834173218352e-05,-0.00017723685685253456,0.00011631999172151925
rfbD,rfbD,6.243858537466638e-06,0.00046389483400427353,0.00019453809285540052,1089,-4.822921726962965e-06,5.784748064975072e-06,-4.6598866205105524e-05,-9.091590202344043e-05,7.388163357721357e-05,-8.416998434256393e-06,-8.275495419745233e-06,3.7977720486020995e-05,-6.97953039238929e-05,0.00011742524414266046
rlmL,rlmL,5.130748409159278e-06,0.0003543764771041193,0.00020443185377800726,1090,-3.466497356033082e-05,-2.8758424945400575e-05,-2.7757198628782854e-05,4.302006521932018e-05,7.946149096956798e-05,-3.547851542666301e-05,-1.8622065573698414e-05,-1.1641431117299392e-05,5.7272056567751104e-05,-1.7700255095304916e-05
narP,narP,3.9549186038855305e-06,0.0004010343737643408,0.0002480544220556078,1091,-7.518731186011196e-06,6.343034929886252e-06,-5.342512792804368e-05,2.31836972387199e-05,0.00010330138753629686,-0.00011103649792982938,2.191455412133528e-06,6.747507106707666e-05,-2.6078956091073323e-05,-4.804144452700831e-07
ribC,ribC,3.157919531370519e-06,0.00044514787198692116,1.7779716129095227e-05,1092,5.103746562736492e-05,-3.5481881485254175e-05,-4.469274264873169e-05,1.71366784581154e-05,3.6834679584943846e-08,0.0001504422863164667,-0.00010794545587021194,-2.6170200916110018e-05,5.499630677613857e-06,-6.704695307467462e-06
thrS,thrS,3.0319619137335807e-06,0.0005082539124624411,0.0003293642978206403,1093,6.097908472290954e-05,-4.02998013317325e-05,-5.442622527114279e-05,0.00010230942386008826,-6.438377618978923e-06,-3.150557442172923e-05,-0.0001091747405504089,-1.0766256080361416e-05,2.2027344979011914e-05,7.032708362607763e-05
puuD,puuD,2.9360129977764395e-06,0.0004460775124406127,0.00010815083607386743,1094,8.37066228953084e-06,-1.1335870668110108e-05,7.839532123114331e-05,5.996868869799477e-05,6.499008973143876e-05,-9.37139233590555e-05,1.2782000769086869e-05,-9.702262372242479e-06,-3.740333942839843e-05,-6.941535389361161e-05
sodB,sodB,2.3101677910920997e-06,0.00043752263522036473,-8.979522610763047e-05,1095,-1.9103417277618996e-05,-5.314167073949422e-05,2.0648662748893955e-05,6.901273381176296e-05,-0.00010704189940325566,2.7279944276319295e-05,5.375543629751757e-05,-3.260588272749096e-05,4.921962437123464e-05,-5.713363566776495e-06
yfgD,yfgD,2.227066123395758e-06,0.0006163017715081524,-0.00038959289547519103,1096,0.0001463165575180304,-2.026258172833817e-05,-3.468144700387092e-05,2.722665258645902e-05,-1.4351394288485598e-05,8.404835307594715e-05,-2.109263028149929e-05,5.167285563533749e-05,-1.0091126416313275e-05,-0.00020655817297387106
ddlA,ddlA,2.048315990468063e-06,0.0005741026805245105,-0.00013757430438989226,1097,3.655817640327644e-05,-3.1255198723830345e-05,-6.410915708852919e-05,6.362126609770651e-05,-4.143409443738158e-05,-5.9278566157243094e-05,6.73370382837644e-05,8.319612099410676e-05,3.736289647863518e-05,-8.995016586003703e-05
atpA,atpA,2.0200903817762524e-06,0.0005145423354225974,0.00033875888011670384,1098,-0.0001734949050022975,-7.031413014157847e-05,1.591382159178004e-05,9.714066413641799e-05,4.826734691062737e-05,-1.0781328314815515e-05,2.8147699654691926e-06,6.91631360956976e-05,-1.6707590617191117e-06,2.4981474202194656e-05
sfsA,sfsA,1.6222597556364397e-06,0.0004557587082432501,-0.0002490705419307234,1099,8.72523489871503e-05,-5.406023385870906e-05,-4.258080186332168e-06,-3.093100230146501e-05,4.5025769111222135e-05,4.356808618634131e-06,2.0011557799456947e-06,1.0384950442101933e-05,7.966945106038907e-05,-0.0001378189078973006
yigI,yigI,1.2629426544555675e-06,0.00035680751169900766,0.00021760965772407546,1100,-2.1211233890540295e-05,-1.7006663438448712e-05,-9.330793542479953e-05,6.35834201184885e-06,6.610928411975608e-05,2.0050709676623425e-07,-2.977216972813152e-05,-1.6474282040356004e-05,6.939841989069985e-05,3.69686740576606e-05
potD,potD,1.1193385470629835e-06,0.0005459496060719858,-0.00038265503134356704,1101,-4.670365086665861e-05,2.32684106517792e-05,7.111396595544956e-05,-8.462029157900493e-05,-8.690058914411962e-05,0.0001014615767985784,7.151152638938941e-05,-3.4943636497550704e-05,6.178992514327763e-06,-1.92469656751275e-05
ybeY,ybeY,9.693579297352252e-07,0.0006669091802689479,0.0001104396815442173,1102,0.00020008012070336825,-1.5102975903480645e-05,-0.00010573339990329991,-3.192225411390577e-05,3.273186411584269e-05,-3.3918794621936253e-06,4.623237454509129e-05,-8.439063101705166e-06,-0.0001683803386850212,5.489490973503935e-05
gltD,gltD,6.30759368280976e-07,0.0006092606828854737,9.61418780398481e-05,1103,0.00014081394000495083,-1.429152825275501e-05,-5.111506871708997e-07,-7.01435769649908e-06,0.00010692527278713134,8.83479098044299e-06,-0.000173959591294909,-5.701373744069465e-05,4.837171735435219e-05,-5.152459638656771e-05
hemG,hemG,5.102736869303374e-07,0.0005267260016019934,-0.00027994068052808734,1104,0.00011273949138180775,-1.3042903552673838e-05,0.0001018370344586552,-6.227596462855055e-05,-0.00010110660958088999,2.5374241015136893e-05,-4.630843380632274e-05,-3.4481018063943974e-05,-5.892934325150442e-06,2.3667370788862026e-05
ybiT,ybiT,3.6986215461349854e-07,0.0005013639790880504,-8.095026021274258e-05,1105,5.9446614131687913e-05,2.0362402971266347e-05,-7.620034529450085e-05,-2.828071098381128e-05,-5.3687169101354104e-05,0.00010498253158434296,-4.540642651883159e-06,-8.77881904351691e-05,2.439769087793393e-05,4.167768105610085e-05
ycaJ,ycaJ,2.4364237663725006e-07,0.0004341109548592978,0.00013869919830406815,1106,-5.134827426636445e-05,2.5285853077285088e-05,-3.3367080396156394e-05,2.8129156130030374e-05,4.437084464787184e-05,-6.60519941292275e-05,3.8748867396418745e-05,8.064257736636144e-05,-6.313772701203238e-05,-3.028580437549507e-06
yjdA,yjdA,-1.4548233152296755e-07,0.000574764682599385,-0.00022724241332873303,1107,3.998819915771582e-05,5.223276977188184e-05,-2.811842988735339e-05,1.9905554259584213e-05,-7.938835027107387e-05,-0.00012573715048838836,0.00010133419509619779,2.7860776856601062e-05,4.5988104991950254e-05,-5.421115181863833e-05
gltX,gltX,-1.988618185249581e-07,0.0004333801510067979,4.449380255443758e-05,1108,0.00011679319980805554,-2.2632346972187187e-05,-6.214970352394856e-05,7.282082108997508e-05,-4.630003374292828e-06,-2.672164541270112e-05,3.059102445558392e-06,-5.461245978180582e-05,2.3917521250547494e-05,-4.604334734772594e-05
yedQ,yedQ,-1.0188957664092997e-06,0.0002727044844534266,-1.852587252655056e-05,1109,6.399936448255356e-05,-2.3501679521434805e-05,-2.39411963040086e-05,-1.0258197420735473e-05,-3.247276212695241e-05,-7.3137549847908174e-06,3.8884854459747134e-05,-2.055866624170937e-05,-1.8815433510286474e-05,3.2958575401207955e-05
atpB,atpB,-1.432121541896904e-06,0.0004522379933529516,7.257075100543916e-05,1110,-0.00013221890127059293,7.550103160078915e-05,6.0792880307489444e-05,5.075853005182228e-05,-6.264706084930658e-06,1.1276521222983409e-05,2.7073972722443107e-05,-1.1982960821921808e-06,-7.822864477458802e-05,-8.9245092351205e-06
purD,purD,-1.8162719111223998e-06,0.00035748220565188566,8.906228810958443e-05,1111,2.9623022706600318e-06,-3.197699359212475e-05,6.135887553394778e-05,-9.933274026065464e-06,-1.0947204075465635e-05,-0.00011066364846275906,3.889105411244557e-05,-1.6128118625089144e-05,1.0117248752566154e-05,6.450348620076211e-05
fliA,fliA,-2.397857436676332e-06,0.0005570224919837951,0.0005519644152194653,1112,-1.3951921822002221e-05,-3.682819385236924e-05,-0.0001210109812457363,0.00016277834951624047,6.706148281138661e-05,-7.290765876440728e-05,2.5290383821648847e-06,-1.5768959172226862e-05,-1.9242459853493815e-05,4.4943446563767416e-05
yfiQ,yfiQ,-2.605749134493296e-06,0.0005294423593543598,-0.00011505848085200365,1113,0.0001352847527006277,-4.43933058359277e-05,-2.3920881536767135e-05,-2.670991658439657e-05,7.55466034731551e-05,-2.913068717762731e-05,-2.092621754658475e-05,-1.3274243681116101e-05,5.2586948936150464e-05,-0.000107668801882007
gntT,gntT,-3.0051927216995567e-06,0.000317320099936618,1.5049842099320896e-05,1114,-0.00011958111604523973,-1.260123909393391e-05,6.215733604858307e-05,1.7066389139024345e-06,1.7158887731134703e-05,6.550163678684466e-05,-9.354574356751745e-06,1.063295412699436e-05,-5.782514877006935e-06,-1.284320195622646e-05
ydhF,ydhF,-3.2503360912057093e-06,0.00037083990548494167,0.00012064030824772725,1115,-5.389465272692031e-05,2.4757797018880907e-05,-5.6235391481596265e-05,4.6809290024502995e-05,-1.840825187466244e-05,8.149093502892348e-05,4.4281469614040256e-07,-6.811757491947558e-06,-5.169506721294714e-05,3.0293947928420213e-05
glgC,glgC,-3.624393946988889e-06,0.00046806855874051873,-0.00020734321334599384,1116,0.00013082635163501387,-5.244276492058352e-05,6.072411646590367e-05,-3.348199848656669e-05,-5.769691126836102e-05,1.8815310755801932e-05,7.029259221011574e-06,-7.791990777667892e-05,1.482704431903391e-05,-1.430489389156369e-05
yjhD,yjhD,-3.7182550950836893e-06,0.00034430533590117373,-4.2741121655219965e-05,1117,-9.374129221256034e-05,-3.5198187043086386e-05,5.903019537944856e-05,3.5727915071527113e-06,-2.0930895575979493e-05,1.8261285140771844e-05,2.7147504994693804e-05,-1.826983636017745e-05,6.228176338097812e-05,-5.871584306325037e-06
ygjR,ygjR,-4.204383923640806e-06,0.00041966013724758816,0.00011979054648796319,1118,0.00013547306109254432,-5.820858188917436e-05,1.6486473510038683e-06,3.704811104431409e-05,3.632836828412439e-06,-8.852828908294824e-05,-7.656494043811224e-07,1.2813086936264305e-05,-6.442974020911076e-05,1.7112133409434665e-05
ispU,ispU,-4.235648509786537e-06,0.00044379791218583696,-2.868412875815171e-05,1119,-5.283177569639059e-05,-5.5418508107901386e-05,8.862369288039994e-05,-3.1068862075853446e-05,4.188020056244726e-05,-1.5620038659190425e-05,6.0946613972113746e-05,2.8330624423064275e-05,-4.1806368687912976e-05,-2.7271227120562934e-05
deoA,deoA,-4.265000900869508e-06,0.0003757497228913727,-7.906611489065209e-07,1120,6.05252516556274e-05,-2.3169703294969728e-05,-2.8957658319152e-05,5.1712041311585306e-05,3.633027504542258e-05,2.234910853430324e-05,-6.445235041646352e-08,-4.724540054968703e-05,1.4825684448313086e-05,-9.057014738189591e-05
yedP,yedP,-4.377931376837215e-06,0.0006581867898004137,-0.00010366172395322751,1121,0.00013128828007090898,-3.3965404133338445e-05,-6.004229410880494e-05,-0.00010830344170569141,-4.0798856669708165e-05,9.729935513095998e-05,-6.97188972133061e-05,3.234323299552118e-06,-1.845346675777643e-05,9.508247071036722e-05
pntB,pntB,-4.384899125526803e-06,0.0005435371333889113,0.0002727435780545043,1122,0.00011693201107374577,-1.1426244297151062e-05,-7.009003288636593e-05,7.678652723397061e-05,-1.8464766593457687e-05,-4.9484244413815815e-05,-3.432658392848854e-05,-6.713729968323568e-05,-2.3031844454704307e-05,7.585757882397584e-05
recJ,recJ,-4.490582104057142e-06,0.00029979108596962296,-6.959500212420416e-05,1123,1.8216876872849874e-05,1.610560114355377e-05,-1.5075947078149934e-05,3.313763980813501e-05,1.063568514388145e-05,3.3146473239475484e-05,-4.994245208235441e-05,3.640797572488732e-05,-6.306317810188593e-06,-8.081611706614712e-05
yiiM,yiiM,-5.057478930708237e-06,0.0005064200250032056,-0.00023488527544087911,1124,0.00014004050418170793,-1.2914515853076183e-05,4.1784240847745276e-05,-1.7753511567345872e-05,-8.815003224999487e-05,-1.2155901657574458e-05,-0.0001106969572705126,3.3662119390383014e-05,3.5194408616412484e-05,-1.4067833368452952e-05
hisQ,hisQ,-5.5639864766255864e-06,0.00035740193615047607,-0.00017958517876904482,1125,2.1210559143058872e-05,-2.3722651606145757e-06,6.417936687145757e-06,3.6732181729644144e-05,-6.652572027585615e-05,3.982703761948902e-05,3.2266369587738695e-05,3.9464890069848744e-05,-4.980393180045689e-05,-6.278104407662319e-05
fruA,fruA,-5.892195665360532e-06,0.000443811703154918,0.00029607320152537126,1126,-5.235994463289478e-05,-3.12450442213949e-05,-6.413689083459227e-05,-1.9887161741732774e-05,6.791510116284301e-06,4.13150593738809e-05,1.2667029699159694e-05,-2.683612803014681e-05,-3.0386779949377717e-05,0.00015818615455545382
arsB,arsB,-6.039092200137019e-06,0.0003555723956384492,-0.00028818534408616163,1127,-1.3342818330716785e-05,6.331118934352168e-06,2.8824575331696466e-05,-8.037404141423336e-05,-2.971019850967346e-05,3.754549668263054e-05,-2.0350707445427e-05,4.5316657074661524e-05,5.674880369581538e-05,-3.702797821924248e-05
gapA,gapA,-6.065090847747345e-06,0.000860094693468703,7.389078547951502e-05,1128,0.00021626765852581268,-2.6267574074442637e-05,-0.00012583985724485023,0.00014285229628133883,-0.0001453043458243341,1.2171723291157334e-06,3.0312777315331487e-05,-1.8926870881096406e-06,-0.00013377542792648858,3.636489685887913e-05
modA,modA,-7.129298658973114e-06,0.0008158169481519869,0.00025000842955639823,1129,8.943344199643896e-05,-6.010406116619361e-06,-0.0001873209112138476,0.00014265594238045058,-0.00012892312790965918,2.177449539586225e-05,-1.1341934314114393e-05,-7.787674385123946e-05,4.2773193995833935e-05,0.00010770675097792117
nhaR,nhaR,-7.994799731452724e-06,0.00046585704200797584,-0.00021265671490669572,1130,0.0001362446788295798,-3.3474842201663496e-05,1.5809197512933964e-05,-3.625508416942675e-05,3.1083197093246665e-05,1.5960566359057454e-05,-4.749865135398346e-05,-1.454347290174644e-05,2.9833481343443657e-05,-0.00010515387024289413
ribD,ribD,-8.290238365994095e-06,0.00033653169938860285,4.9977129703246806e-05,1131,2.7859457726465376e-06,-5.287611815770345e-05,7.683604593477595e-06,-1.7589154546628726e-05,3.7510733323058614e-05,4.0287596550368087e-05,-2.4188807697616363e-05,-7.775688847534994e-05,7.493098337955708e-05,9.218668921964626e-07
dhaL,dhaL,-8.348575084544158e-06,0.00026090283207958164,0.00013837746719199233,1132,-2.8276099056878922e-05,-2.8830503557232364e-05,-1.6541426091525706e-05,2.851630918574449e-05,4.7682733370658975e-05,1.0283792633810486e-05,1.1657797010810213e-06,-4.979307837374653e-05,3.862851360622377e-05,-1.1184596502679392e-05
ftsL,ftsL,-8.717083701120448e-06,0.0003365987342528094,-0.00012162487866663446,1133,3.478958529721299e-05,-2.2003043844958232e-05,-5.8688297051174766e-05,-1.7248060010900276e-05,1.2812560142520182e-05,7.503683834094692e-05,1.602949352279065e-05,2.5272347972373763e-05,-1.3983026754434307e-05,-6.073548131549736e-05
mglB,mglB,-9.01638837134993e-06,0.00029842811129458325,-6.526280841208222e-05,1134,-6.137052958971684e-05,-2.0971656279617703e-07,-2.2729354962748683e-05,2.3763162834610185e-05,-6.941264871770493e-05,5.997135440493085e-05,3.3834646182006295e-05,1.1392403571329013e-05,7.234406977361671e-06,8.509887491378664e-06
poxA,poxA,-9.072830769238556e-06,0.0005014385020310377,-2.8707549516140444e-05,1135,-5.468825385712978e-05,9.70297219581807e-07,-7.214502476828843e-05,-4.798534191325178e-05,6.308863327326108e-05,-3.199257603516827e-05,-1.4450988323601094e-05,5.292754380853541e-05,0.0001291963613295213,-3.3993481502698794e-05
ribE,ribE,-9.299499725641625e-06,0.0005155790316972185,-0.00020161051182518013,1136,3.4336760348096006e-05,-1.009732009680703e-05,5.9077922882739336e-05,-7.60950630538598e-05,7.435883474116948e-05,5.371057355152704e-05,7.603345926982565e-06,2.4052328535274004e-05,-7.252810509804269e-05,-0.00010371877746272056
ynfD,ynfD,-9.41166512977216e-06,0.00039507710352748517,-0.00020738226181745028,1137,0.00014201299481033392,-1.0816112369954922e-05,1.4429430383799363e-05,-8.35370977772356e-05,-2.597443525460345e-05,-2.6009326236853102e-05,-4.121555643486106e-05,-1.4691856255120495e-05,3.527572444649534e-05,1.1145695582278444e-06
pdhR,pdhR,-9.72823561652763e-06,0.0005299375593810139,0.00037156809404365076,1138,-0.0001106578067288416,-2.981367476105065e-06,9.54741281237235e-07,0.0001589009941504182,4.397743691102837e-06,-8.955395186574226e-06,-0.00012993002931773636,-1.7308298789513545e-05,7.822999138744437e-05,1.762119137204053e-05
flgK,flgK,-9.804783164880769e-06,0.000959863415036042,-6.855556181504735e-05,1139,4.69181159688747e-05,2.276611150639704e-05,-0.00023664857870553543,0.00020871024462937898,-0.00021569236790072553,1.518474428512482e-05,-2.9510327558296207e-07,6.747278946390365e-05,0.00011397731008190148,-3.219804921861751e-05
yggE,yggE,-1.0230233496510676e-05,0.0007412848615005012,-0.0005787226881947801,1140,0.00021083336505189367,-1.3794643241629217e-05,5.964237529182323e-06,-0.00015666886876103888,-2.5130404380839772e-05,8.913379344360959e-05,4.775024328577459e-05,-6.748644341123137e-05,1.1845674691535079e-05,-0.00011267718770376669
yfhJ,yfhJ,-1.040709808069272e-05,0.00043340105068114795,0.00023499883942064813,1141,2.9122743499322056e-05,-8.48230016490394e-06,-7.369912080583537e-05,3.4987103018460084e-05,7.698528250461227e-05,-3.42095445814417e-05,-9.483792827250903e-05,-1.0675180556230295e-05,7.007836213092787e-05,3.234851469053336e-07
ycjZ,ycjZ,-1.0444281843652262e-05,0.0004310986169121026,-0.0001437093489071988,1142,-1.2329885074665418e-05,-9.557735174087196e-06,1.5407055768433728e-05,-5.2294474760625274e-05,-5.690934715315462e-05,3.719501989135957e-07,8.83222150658715e-05,-8.968000721534493e-05,7.409893996265198e-05,3.212700653835438e-05
ydaN,ydaN,-1.0681647913009107e-05,0.0003421920339388861,0.00014083943711269952,1143,5.438400132011618e-05,2.1035685683937022e-05,-2.6018462532326205e-05,1.3480514569839e-06,7.602193951613216e-06,2.525661140904007e-05,-6.439251936784367e-05,-6.171444302332586e-05,-2.4311416002451872e-05,5.61286491912481e-05
rpoH,rpoH,-1.1523977907115892e-05,0.00039321311947605454,7.842741830569726e-05,1144,0.00011522158888999464,-3.527066623187273e-05,-0.0001031928704386546,-3.443238720528772e-05,2.3428769165436712e-05,3.1522809675602813e-06,-4.032206231198565e-06,4.586593522335961e-06,-2.5440418584571563e-05,4.445533823914169e-05
cysP,cysP,-1.1555684199762405e-05,0.000457165679795819,9.312388174009296e-05,1145,-0.00010133784904150709,1.8444904832232e-05,-1.583734141959161e-05,-7.548463409862799e-05,3.7788029004654143e-07,-2.5548973708376898e-05,9.586776672605589e-06,-1.6151883729687148e-05,7.850458342439748e-05,0.00011589085257874674
yobD,yobD,-1.1893794880987593e-05,0.0002686407515079413,-7.492419425685141e-05,1146,-2.420686516206332e-05,-6.17880568883543e-05,5.7520686242169025e-05,8.741898788747798e-06,2.121457786379532e-06,3.787723964033569e-06,1.6828329873673345e-05,4.889652441545454e-06,3.448372921692813e-05,-5.427235114404683e-05
rfaG,rfaG,-1.198640392124113e-05,0.0004973881025254011,0.00024389634137484122,1147,-6.91730299571054e-05,1.1319735210894416e-05,2.836874486180636e-05,-2.5538930627400383e-05,9.639296370633162e-05,-4.015722393396867e-05,6.15184698751788e-05,-9.211042764978605e-05,-2.7707641055060636e-05,4.5100935647868806e-05
ybbL,ybbL,-1.1987378120757475e-05,0.0005248939137447643,-0.00013079827166572987,1148,0.00014059132695540372,1.7002637469377996e-06,-5.547147018760276e-06,6.308978136838032e-06,2.2235575101110736e-05,-0.00014356006520242269,-1.939605558038556e-05,1.2977958087627209e-05,7.263916578408598e-05,-9.993737813119243e-05
fliT,fliT,-1.2636955703396835e-05,0.000739142554551854,0.0003378788422639032,1149,-7.115120273589929e-05,-1.5125557144881564e-05,-0.000174879602049175,0.0002489543226514597,-5.655786265741754e-05,2.3387947239472574e-05,1.33125791473761e-05,7.759795038592024e-05,-2.8400013826463065e-05,-2.9775516713788993e-05
lysC,lysC,-1.2690073480601597e-05,0.0003863243645727514,9.912674542657893e-06,1150,1.5015847950338295e-05,3.071058354066121e-05,-3.360431189331777e-05,-8.207994932889571e-05,9.015257196044481e-05,-1.6512099339409115e-05,5.093814209463062e-05,-4.496753128444659e-05,-1.288200508008638e-05,-9.461322100520953e-06
yfgC,yfgC,-1.2724989720864187e-05,0.00033518477916721174,-4.370235778400815e-05,1151,0.00011400732386724363,1.0690360489661933e-05,-5.462795357938824e-06,3.6565308644419977e-06,-2.3899238726316563e-05,-3.731259923318525e-05,-2.728944459688946e-05,3.2875679501826225e-05,-7.201984063914628e-05,-7.970965890561599e-06
tilS,tilS,-1.2736738172697658e-05,0.00047042301287102643,-0.00012056894521121709,1152,7.181881702529405e-05,-3.487283534251485e-05,-5.393545588960951e-05,1.0604939739344217e-05,-7.092181516217552e-05,-3.5315938948693736e-05,-4.0197863909742377e-05,7.068380041600209e-05,7.573558016852404e-05,-6.3359662691260736e-06
rfbB,rfbB,-1.3279245174450721e-05,0.0005430680250583137,-0.00028270511759457444,1153,0.0001112998298577578,1.0464578872868456e-05,4.505429373346994e-05,-6.44456400290338e-06,-0.0001055560121473209,9.807568747783521e-05,-9.605941884429209e-05,-1.2100482960898297e-05,-2.2021551926679163e-05,-3.599160523428829e-05
fliZ,fliZ,-1.3421621884581231e-05,0.0009278526278592576,0.0004983576642147446,1154,-8.592635037794163e-05,-3.76032213436436e-05,-0.00016491275726329506,0.00027825040009963307,-3.423852886004212e-05,-0.00014282784092207313,-3.5845760304145117e-06,0.00013087698142752701,4.808812146017806e-05,-1.5438500745093017e-06
fbp,fbp,-1.3757712809493665e-05,0.0003976770425772631,0.00016368537266607774,1155,5.873574640881444e-05,3.6709485203670754e-06,2.6605462274843086e-05,1.0165048704339856e-05,4.5138838723067113e-05,2.798367775156807e-05,-7.953552141078794e-05,-0.00010307865411984769,-2.3103202162742752e-05,1.9659942500885072e-05
yecA,yecA,-1.4020048383555276e-05,0.0004809525110233703,-0.00022004208281344777,1156,8.335523735839087e-05,-2.7792588130170864e-05,5.304178148373891e-05,-6.768346055721565e-05,-3.813701817523025e-05,-3.890355284051506e-05,5.3336279422418775e-05,-6.375907313427537e-05,4.373293305535897e-05,-1.1210586866055604e-05
modE,modE,-1.4538793472035664e-05,0.0003683925344965932,0.0001462524858889217,1157,2.8208118237532146e-05,-3.7868009560355014e-05,1.3039884676187301e-05,-6.98220213901163e-05,1.666040463639177e-05,-4.031147138493639e-06,-7.87684324732768e-06,-3.4133053344215303e-06,-6.845433731360026e-05,0.00011901846296216755
purE,purE,-1.4589548660190941e-05,0.0002677109616461386,8.321871000985786e-05,1158,-5.746178148116483e-05,3.440420775553979e-07,2.2554604904132384e-05,3.7377522107102546e-06,-2.0063944920111968e-05,2.6502708979207736e-06,-2.304732551070067e-05,-4.0577203241187275e-05,4.6633263018419834e-05,5.0640773384235176e-05
manX,manX,-1.4949724386208636e-05,0.0003729086685765484,5.696624332834822e-05,1159,-0.0001285868584216472,-2.5302342625660526e-05,3.694402912835848e-05,-2.8784337199825585e-05,2.2629752353268037e-05,3.425792737200265e-05,-5.961306937888451e-06,-5.2943512963567466e-06,5.798491892391337e-05,2.7162844317627334e-05
yfhL,yfhL,-1.4953065116507093e-05,0.00029315726297098624,0.00016655416178881278,1160,1.1347362414625594e-05,-2.5695941181192438e-05,-1.1757166625701131e-05,6.542150001112705e-05,2.2258581963223173e-05,4.731722678135804e-06,3.5342931860127956e-05,-2.2929346737944712e-05,-8.1793175860711e-05,-1.1879533638197391e-05
bcp,bcp,-1.509559545361517e-05,0.0006158730020599631,-0.0001859107648122748,1161,0.00018495793401440786,-1.204862274299091e-05,-3.4451296658518266e-05,-2.5188657028768913e-06,-3.877608560665354e-05,-8.94947085263243e-05,0.00011543076928876611,-4.176767770776377e-05,-3.7218812988246915e-05,-5.920822882341456e-05
tap,tap,-1.5235363722478194e-05,0.0011270326895690332,0.00029727344244009056,1162,3.910310364505789e-05,6.760988711067868e-06,-0.00032851046759779887,0.00032970208154023064,-0.00012456655839667233,4.2677918738659984e-05,3.91139524012324e-05,9.854061788702879e-05,-5.394051686653245e-05,-6.411648378475211e-05
ilvI,ilvI,-1.5482156313900753e-05,0.0005636624243583227,0.00016182964243815673,1163,0.0001896249421947613,-2.990098945633542e-05,-5.920398147799103e-06,-1.1291448765321735e-05,5.290211634767115e-05,-0.0001577722802402837,-2.5626174098538437e-05,-3.855690436430741e-05,-2.0504095263526006e-05,3.156307547977857e-05
nhaA,nhaA,-1.5814892752723006e-05,0.0003089580014997966,0.00014463461264001292,1164,-1.536695583938523e-05,2.239058192162876e-06,-3.161719928874341e-05,-3.166572729282619e-06,1.6113904452850986e-05,3.111055188881425e-05,-0.00011223571926884854,2.6038048946720253e-05,1.960746267291184e-05,5.1462528220076596e-05
tolB,tolB,-1.5968465886465372e-05,0.0004286574679252658,3.361554462118375e-05,1165,-6.5374502212386e-05,7.0825569281467825e-06,-0.00011118813368770584,5.0192218318944225e-05,-2.2021831683426878e-05,4.076942877618428e-05,8.794375607204321e-05,-4.381652054188723e-06,2.035654092408171e-05,-1.934684726815816e-05
ybaZ,ybaZ,-1.599778403390898e-05,0.0006351912648581637,0.0002322198557680915,1166,6.610208155163568e-05,-3.163666668176053e-05,-0.00010395752993940413,8.077047356106707e-05,-7.439519823886653e-06,-9.570003224917724e-05,3.940285505243365e-05,-8.686077575180781e-05,8.854124811708012e-05,3.478008212991085e-05
dadA,dadA,-1.601589246779458e-05,0.0004266713424440958,-0.00016451883980017775,1167,9.406947720304337e-05,1.2021712473435166e-06,-3.873663006430384e-05,-3.118473488524616e-05,-1.8963793380693267e-05,9.340631079870132e-05,-3.3087342313225137e-06,1.6649765739062442e-05,-8.903088702633271e-05,-4.011883786804673e-05
yrdC,yrdC,-1.6525685461592013e-05,0.00027471891637086793,-0.00012625181139917611,1168,8.300435555828715e-05,-8.998148179264682e-06,-1.9040302291268047e-05,-3.141260927077842e-05,2.0084103049689767e-06,-4.41866917103442e-05,2.190466472888496e-05,1.844445795982992e-05,3.734726902666956e-06,-4.1984549464574625e-05
yeaE,yeaE,-1.7472476476675902e-05,0.0003310904921996447,0.00011861242073423355,1169,-1.0509541188018848e-06,-3.5441656813431485e-05,-0.00010301234152899898,-2.1589044065391397e-05,1.6732599311051806e-05,3.161841022833247e-05,4.08975258041642e-05,-1.318748781153656e-05,1.2134055634817499e-05,5.5426416883118406e-05
tolR,tolR,-1.7927981574777452e-05,0.0005442458786130741,0.0001105983728951154,1170,-1.469843801967581e-05,-2.5637961133928168e-05,-7.723772053649528e-05,6.0793235456963794e-05,2.0854815869275528e-05,2.1686659082990812e-05,9.71771874789011e-05,6.264705063101705e-05,-0.00012819995473775615,-3.531285566607035e-05
soxS,soxS,-1.845959006375756e-05,0.00034772425754983155,-0.00015800340295682813,1171,6.144835820673974e-05,-2.8405726148735258e-05,5.506464645471099e-05,-1.4578046453420512e-05,-4.02665084447459e-05,-3.997171835447486e-05,-3.2477612271146473e-06,-2.3235221566176935e-05,4.811932908158625e-05,-3.338694161212643e-05
nuoL,nuoL,-1.8583812683857846e-05,0.0003747076628761094,2.6543453972383936e-05,1172,-1.8282166956251157e-05,-3.798473900975426e-05,-5.370471511364243e-05,5.62089069453631e-05,-5.815588673460725e-05,-2.851822996572852e-05,3.078588242722597e-05,3.237867726872351e-05,5.276165802130598e-05,5.9268004335072075e-06
tyrS,tyrS,-1.904604217020911e-05,0.0003486783187422771,6.042387844811412e-05,1173,7.930570522714462e-06,-2.287533282420788e-05,-4.277541607390809e-06,1.0051525762010764e-05,8.253948575986638e-05,6.429455624144237e-05,-1.3194520843569692e-05,-5.0494635307588344e-05,-2.1118056490561703e-05,-7.190209338292462e-05
purR,purR,-1.9080255577752755e-05,0.00048904413206854,0.00019405337541495972,1174,2.263317873691121e-05,-3.057080020257215e-05,-3.760303297977815e-05,-1.6260260865022187e-05,3.274843598956695e-06,2.7559949907414014e-05,9.560538679115953e-06,-0.00016962809977577392,7.14814501383268e-05,0.00010047197718466896
recF,recF,-1.9126657421890164e-05,0.000447909048831799,-7.830222539514941e-05,1175,9.579587506688755e-06,-4.947436858627774e-05,4.3402329408541875e-05,-5.5642890266699804e-05,4.321561806231423e-05,-8.22986855772578e-05,-9.814739492474977e-06,8.872749287257854e-05,2.9466167854830975e-05,-3.628716920413422e-05
rstA,rstA,-1.922577034563226e-05,0.00048548911174266354,-0.0003699031661680372,1176,0.00010601960988839076,-1.0879077613298753e-05,3.70981428183873e-05,-7.681567307830228e-05,-3.327217154704188e-05,6.267300715887091e-05,-3.608491925398623e-05,-1.0828975920028201e-05,2.7340910832866713e-05,-8.447662363149059e-05
yqgE,yqgE,-1.9255041001194428e-05,0.00024027533627401745,-7.937957597747013e-05,1177,3.914792615053893e-05,-6.978860356229936e-06,8.817845122201298e-06,-3.158628370378638e-05,-1.96518479335866e-06,-5.331653969158067e-05,2.161576143562876e-05,-2.0152480100463043e-05,4.092861492804251e-05,-1.576583999218724e-05
yggW,yggW,-1.9365380218944574e-05,0.0004108142767598507,0.00016613151260037604,1178,-6.18489248128751e-05,4.7295584734339215e-06,-0.00010504195967079853,4.0922486234072915e-05,-4.0597857040390165e-05,-7.601086965333856e-06,2.7603853163162084e-06,5.208605505092539e-05,2.216752619867163e-05,7.305843699703299e-05
lpxA,lpxA,-1.9489515692001277e-05,0.00038324812633474246,2.7658429553254313e-05,1179,-1.321640639462691e-05,-4.246368957199382e-05,-1.7074147585917933e-05,-0.0001031372314452059,0.00010466320979402854,-9.690814958501684e-06,1.675319588284299e-05,-1.5786531057125657e-05,5.790442106269521e-05,2.5584785818038633e-06
yibQ,yibQ,-1.9539233820809357e-05,0.0007182014072087154,-1.3008072994035046e-05,1180,0.00010243046547262115,2.0827541230022157e-05,-2.490400688855766e-05,-3.560085689962574e-05,-8.323397368863187e-05,7.321603616657932e-05,-0.0001430213603621735,5.0295866643895074e-05,-8.211012267577369e-05,0.0001025611771808354
rluE,rluE,-1.966063247105603e-05,0.0005742811713200271,0.0001097236990228025,1181,1.9187878154060815e-05,-2.734162822028227e-05,4.910792006006161e-05,2.5973451594805415e-05,-3.533520768392965e-05,0.00012864773025056023,-0.00010296827767157812,-6.349800200074169e-05,-6.782778631900984e-05,5.439328936499747e-05
ybgC,ybgC,-1.9794448339018228e-05,0.0002533181223477439,-0.00012817668312045644,1182,-2.5498034748407475e-05,2.87261620431887e-05,1.7523429422155928e-06,-1.5698499732590695e-05,4.372161317690917e-06,5.9072417733582574e-05,1.228705776348761e-05,1.0551695204197433e-05,-3.2700523547545325e-05,-6.265922731483756e-05
pntA,pntA,-2.0017414103090002e-05,0.000727130427381665,0.00019040078854624408,1183,0.00014070281907995063,1.3363944093640065e-05,-0.0001622967187004611,7.912545230431924e-05,-5.695715182478386e-05,-9.330000491318633e-05,-6.1020045303946204e-05,5.268679887822502e-05,4.65410554111088e-06,6.302338674204165e-05
bioD,bioD,-2.006001036194628e-05,0.0009727281730773146,-0.0002557741125035222,1184,0.00016993861776461424,1.7565312122584142e-05,-0.00016534167076932515,-0.00011545804454775797,4.5267624037255964e-05,-7.200969558891441e-05,0.0001253365522088439,0.00011822597522438589,-7.585803989140065e-05,-6.772664092223222e-05
ybeZ,ybeZ,-2.0340843720890132e-05,0.0007217615159853758,-0.0002473587489551609,1185,0.0002672370308847745,3.7921148827260884e-05,-0.0001228089246842538,-2.329732597418164e-05,-8.101142621986494e-05,1.3734840300970573e-05,3.181731611923681e-05,-2.7406228586725447e-05,-8.698623024412814e-05,-2.954104414397895e-05
fliO,fliO,-2.0844949646937417e-05,0.0004944200608441388,3.871897901808584e-05,1186,-0.000136149253668199,-8.671077604617855e-06,-5.1889587833862815e-05,6.985960082443262e-05,-4.192916385173109e-05,1.919885192824905e-06,5.838011039639895e-05,8.570779750966754e-05,2.092016167527665e-05,-1.8993422287127347e-05
uxuA,uxuA,-2.12101319827713e-05,0.0003380787090747364,0.00021521912790128752,1187,-4.3570594953152694e-05,-3.793624719143906e-05,-4.960506006923975e-05,7.429640851950086e-05,1.955436086248304e-05,3.6610734433195486e-06,3.404593048689608e-05,2.3722786656508808e-05,-4.8532518314922336e-05,3.1537285772742093e-06
fadL,fadL,-2.146226346049547e-05,0.0003533352811019355,-1.8227447498447925e-06,1188,-9.410927597906552e-05,-6.056046868109185e-06,2.19383538980293e-05,-4.433127198588488e-05,-1.646119252118002e-06,2.3636393304822957e-05,6.241805518053154e-05,-4.1256058196037886e-05,2.3608819304503464e-05,3.433488713283275e-05
yfgL,yfgL,-2.1509444830315574e-05,0.00040840190637969696,4.3478893080152636e-05,1189,8.238756667587057e-05,-1.6541923373315834e-05,-2.68810039285923e-05,-3.652392741014121e-05,7.699843866222146e-06,6.355001256376042e-05,-0.00010465534366689725,-2.817179373460465e-05,-2.1816834914550436e-06,3.980880766883759e-05
cysG,cysG,-2.1572801412843954e-05,0.000630987708601209,0.0001467854313477085,1190,-2.179407181558677e-05,3.7038154063921736e-05,-6.554359414309924e-05,3.763225707445135e-06,6.595455753556824e-05,-0.0001137598812427746,-0.00011807123952998476,0.00018630524080795794,1.1646275479289467e-05,-7.111468275581096e-06
hflK,hflK,-2.216599401391225e-05,0.0006497752131820273,6.359723483176122e-05,1191,0.00013105229529742222,-5.680829428828962e-05,-5.818429956977075e-06,-6.412891511010837e-05,8.178115771877053e-05,-7.622463096351479e-05,1.268650249553781e-05,8.522127627206464e-05,-0.0001329903332790799,3.0633778002623186e-06
ybaJ,ybaJ,-2.2733347157361357e-05,0.0005957494959794167,-5.579814558154478e-05,1192,6.225612154903804e-05,4.398541305833886e-05,1.2014010308624299e-05,1.5224922899885932e-05,9.597606580244422e-06,-4.712863680910737e-05,-9.463908411177047e-05,-0.00010338542479792782,0.00014343000001489618,-6.408827584958342e-05
yifL,yifL,-2.299396979405167e-05,0.0002442916202623142,0.00011191927224316906,1193,6.703660110031108e-06,-5.477059585557841e-05,-1.6830438598775828e-05,3.6306009030310913e-07,2.2040926701998825e-05,-4.822799245853988e-05,-1.381376811528883e-05,1.6122519691736377e-05,4.3359994207805095e-05,2.2058664432256774e-05
ftsA,ftsA,-2.311364873759429e-05,0.0005595046358825732,0.00031262778815663317,1194,8.034358667056948e-05,-4.994063134323708e-05,1.4675959496349273e-05,3.9752373342487366e-05,4.386400262179826e-05,-0.00012093000944254554,2.8418877696051242e-05,-7.757358128013747e-05,-4.286492024416364e-05,6.114069374523383e-05
ybfA,ybfA,-2.3381322491005538e-05,0.0005808659698393168,-0.00018517041540794184,1195,5.749766232259384e-06,3.935090012523232e-05,-5.836582462606774e-05,-5.40596463431068e-05,2.6379712653512167e-05,4.584834677498185e-05,9.142492346620124e-05,-0.00011310223993610755,6.998867442196865e-05,-7.659593525987906e-05
ltaE,ltaE,-2.372800619924526e-05,0.0005412184947336866,2.524956437414753e-05,1196,0.0001209222056958225,-4.4993642276381135e-06,-1.0997846731865986e-05,-0.00010704356506077737,5.800936298747247e-05,-1.0604736844272435e-06,-6.148046414213888e-05,3.0018694423169683e-05,-9.739153661961836e-05,4.979498116075604e-05
ycbK,ycbK,-2.3807689401486985e-05,0.000462479557584488,-1.871898062521931e-05,1197,6.57074308013659e-05,-2.224356395804701e-05,-3.873835396772279e-06,-4.705020302748965e-05,5.9885187856895004e-05,-1.5694654317183232e-05,-6.191217904370414e-05,-5.827086790703267e-05,9.37433154332396e-05,-3.4098319842758504e-05
ushA,ushA,-2.401319161506715e-05,0.00042683161610994173,8.134404630489634e-05,1198,5.062651072503496e-05,2.090285483436042e-05,-1.9275733047465578e-05,6.517597613647222e-05,2.471294238216227e-05,3.999092816940743e-05,-7.234164280497614e-05,-1.353081909527905e-05,-5.905071774106381e-05,-6.12234911737199e-05
hisF,hisF,-2.416126524501622e-05,0.0004886041267210961,0.0002802178712189126,1199,1.930927617239438e-05,1.2566001530170541e-05,-7.2568029138198495e-06,-7.231785004852684e-05,9.545450469503987e-05,-6.768721971366168e-05,-1.9418894181018173e-05,-4.714578155902052e-05,-4.255614756700907e-05,0.00010489164834043515
yigP,yigP,-2.441818101091168e-05,0.00023635917374151773,4.9292524656503e-05,1200,2.2271596955920416e-05,-4.331302368995345e-05,-1.5193638272255206e-05,-1.667234869511012e-06,3.199255489985826e-05,-7.3539799983562696e-06,4.149872281742894e-05,-4.497265233858717e-05,1.0207621692095401e-05,-1.7888148207551587e-05
gltP,gltP,-2.4604575221530832e-05,0.000416810277804469,2.0472535814585887e-05,1201,1.8382411373142036e-06,2.2492627786902608e-06,3.420403002172817e-05,8.859527647014038e-05,-3.902615527475268e-05,4.099521662124455e-05,-2.9647122521515932e-05,2.8220824262351482e-05,-0.0001003990078178711,-5.163514089886017e-05
ygiV,ygiV,-2.4723595396098994e-05,0.00048116984013429263,-0.0001603339614154936,1202,0.00013870008482516088,-3.47389590470498e-05,-8.612863818982173e-06,-6.465632567598928e-05,1.9073760631145707e-05,-2.2001907886023777e-05,-3.299904569059707e-05,-4.2991402285600985e-05,7.044927691279023e-05,-4.694621336095271e-05
sbcB,sbcB,-2.5148302373581123e-05,0.0006250525308662874,3.1367528012196906e-05,1203,0.0001258524809257364,-4.3577119781499e-05,-7.323135593328033e-05,6.289610605276149e-05,-5.7609660724713925e-05,-8.21475421396941e-06,-6.629199220835845e-05,0.00011120352726785528,-7.399870124937352e-05,-2.176832508739677e-06
dnaN,dnaN,-2.525284010404435e-05,0.0005896376912508331,-0.00029605183585739055,1204,0.00017550791196130615,-5.181703003498332e-06,-3.723412123215557e-05,-7.085447217777612e-05,5.027487223770836e-07,2.6197093002776734e-05,-9.831065857047944e-05,-5.563696168210802e-06,7.99846718869344e-05,-9.030061452531842e-05
crcB,crcB,-2.538398591998294e-05,0.0002303001733543078,-2.7168595323151047e-05,1205,-9.868776594883462e-06,6.93373412893508e-07,4.429944273450602e-05,-5.987796083193055e-06,-4.383302583796769e-05,-2.270374344100888e-05,-1.9137700107272364e-05,3.392074627016917e-05,-2.6311037572819936e-05,2.354453129959374e-05
glnB,glnB,-2.5814047047193365e-05,0.00047672169047752855,-0.0003286286047040966,1206,8.563115437770621e-05,3.409445818964441e-06,-2.204122167797688e-05,-1.5240523860658574e-05,-8.402044269276196e-05,3.155503502066337e-05,-3.378908408289559e-05,0.00010485818649783358,-1.8216237125843524e-05,-7.796035932222443e-05
yjtD,yjtD,-2.5887084950857666e-05,0.0002419192592524023,6.469159235771772e-05,1207,2.003019399059315e-05,-7.241333974364279e-06,-3.2377574219331174e-05,-6.184938616617921e-06,3.8960316368912404e-05,1.3272989493102608e-06,3.31621669474908e-05,1.4536110894465703e-05,-7.472620124245215e-05,-1.3373124048864456e-05
cobB,cobB,-2.6808458452737702e-05,0.00041316577074175536,0.00023794621141643525,1208,-2.8942784664587796e-05,-1.9867560110116944e-07,-6.775659539613348e-05,4.8593461788642475e-05,5.4333660825678266e-05,7.425948897799832e-05,1.3350290684661745e-05,-2.522229092188065e-06,-0.00012056682984323601,2.64175386752802e-06
fkpA,fkpA,-2.6858627660128305e-05,0.0004710178618750012,0.00016308180288167622,1209,8.613215624974053e-05,-3.6863733842270213e-06,5.555096241788873e-05,-1.2284910829033255e-05,3.6190481190299565e-05,-2.2194019597728057e-05,-0.0001286719369302864,-5.827263666018182e-05,-2.382836736610823e-05,4.420601724950764e-05
cof,cof,-2.692826528666233e-05,0.0004926922371075704,-0.00026965644719218325,1210,9.273229527510851e-05,-1.241471362647251e-05,-3.3234291199633614e-05,-5.30930439549068e-05,1.8933585002869372e-06,-2.5739320254728514e-05,9.800893712227255e-05,4.0247395012786074e-05,-3.823621137657203e-05,-9.709267078480293e-05
ybgH,ybgH,-2.7289155725770128e-05,0.000308633580631666,5.660229522588909e-05,1211,6.721944766352287e-06,-4.091443421180086e-06,2.422856633911784e-05,-1.214722475385693e-05,1.8718074324064433e-05,-4.450003441362758e-05,8.29179068435614e-05,-0.0001012862439673715,-5.936421622681978e-06,8.085720179851984e-06
mdlA,mdlA,-2.7308628808995125e-05,0.00046550153175068396,-1.538682611587004e-05,1212,0.00010764062798202439,-4.177839741960045e-05,-9.774094208679828e-05,-6.8032752599574885e-06,4.3234530494681454e-05,-2.3099578765847236e-05,-1.9203904050479527e-05,2.832415978108258e-05,3.989713321305598e-05,-5.777898269715654e-05
yhbW,yhbW,-2.7939056903001088e-05,0.0004343512113894595,-0.00023091641338971627,1213,9.856722424533724e-05,-3.035941032121527e-05,4.881556298275736e-05,-5.837346752879493e-05,-6.394764855170952e-05,-4.22535869718138e-05,3.6180307400295346e-05,-2.9104401706842545e-05,1.964298261483927e-05,-7.106619065854248e-06
menF,menF,-2.8816411137505093e-05,0.0008951692549927499,-1.2411846436587664e-05,1214,0.00018565837737948346,-2.9330785713608215e-05,8.0001317558453e-05,-2.299694500517155e-05,-9.301489056427695e-05,-0.00011270096024972098,-7.448971629903063e-05,7.211902020728377e-05,-0.00012945953523331913,9.539770678240213e-05
ftn,ftn,-2.8904310182941367e-05,0.0005005896875869384,-0.00013971074480973846,1215,0.00015644646740780154,-1.8935807483272173e-05,1.973451505374028e-05,-4.238623957601107e-05,-2.4780346104074487e-05,-2.8603730719709283e-05,5.966170624045671e-05,-1.1155522062194704e-05,-0.00012174441112342383,-1.7140941816254358e-05
proY,proY,-2.9015596232670775e-05,0.00037487058361160617,0.00024661320522188914,1216,2.7793252331366183e-05,-2.8094406960999604e-05,-6.270694415975087e-06,0.0001261592529140901,-3.6335436863492345e-05,-1.0175976475987281e-05,-2.41759747836313e-05,-7.21679962090527e-05,-2.4722604213000167e-05,1.897498844401143e-05
hemY,hemY,-2.9738010449342267e-05,0.00038711527007036554,0.00014652401345262696,1217,8.693155621607054e-05,-7.777559622512379e-05,-1.8507330661111736e-05,6.25192751913637e-05,-1.0397433532085452e-06,-2.9949300626582155e-05,1.8341756914351e-05,-7.80681390573149e-05,1.0896041488726417e-05,-3.0865303365128072e-06
ybiJ,ybiJ,-3.093117730875506e-05,0.0005377013056415324,0.0001303811236191955,1218,5.8660669297859225e-05,7.706868688211862e-06,-0.00010882716907985933,4.315912814470942e-05,-2.0522709033301833e-05,-5.1328269548301845e-05,5.897220937748271e-05,5.779763461431282e-05,-0.00010363809381368071,2.708855404381263e-05
yneH,yneH,-3.099004910289102e-05,0.00038422524606536256,0.00012638640439287325,1219,-5.273016478588714e-05,-1.550523843650263e-05,4.5466993544240086e-05,9.586347516367907e-05,-1.1106105890544309e-05,-7.757952545173098e-05,-6.098997068772187e-06,-7.5284243225459235e-06,3.528712977331663e-05,-3.705919162814364e-05
entA,entA,-3.101135303104428e-05,0.0003906621028225209,-8.148141285575794e-05,1220,-7.627027131640452e-05,-2.222608829834588e-05,4.913545213445821e-05,5.132284996636556e-06,4.561480648997561e-06,-8.078869788606688e-06,7.895901036961371e-05,-3.832134993439027e-05,4.2037146746032254e-05,-6.594014858903522e-05
yjeP,yjeP,-3.106085321293645e-05,0.00039668384013224,0.00033022320314778656,1221,9.980955553318913e-06,-1.8374109151440207e-06,9.3800325744857e-06,3.9598828691342994e-05,9.641802065009548e-05,1.4164674216873935e-06,1.245286294273466e-05,-7.847863663835304e-05,-0.00013355629911909113,1.3564325625986603e-05
yffS,yffS,-3.110860799146711e-05,0.0003280950796884891,0.00015733179165262367,1222,4.622758216314494e-05,-3.742483122020566e-05,-5.327503183736416e-05,3.602455100882852e-05,4.4431339350821724e-05,1.012203812312143e-05,1.168772520259437e-05,-5.198298716110165e-05,-1.9574695092234655e-05,-1.734429852907197e-05
aroL,aroL,-3.111676027678702e-05,0.00035223578443348584,-2.0463307160653344e-05,1223,5.450011398837845e-06,-2.248836272350305e-05,-1.3888339922313216e-05,-1.8920140330738663e-05,-2.8149168484420962e-05,-3.947114617699989e-05,1.7993934708241154e-05,-6.875911471716061e-05,0.00011583629087483094,2.127927509643945e-05
hscA,hscA,-3.1246230850170846e-05,0.000317953206641606,0.0001846810929648282,1224,-1.976883414786816e-05,1.3103489786689042e-05,-2.7363824475850458e-05,2.0231728996329783e-05,6.193201699725811e-05,-6.995563717565174e-06,-6.23219044263378e-05,4.808625211544065e-05,-5.270327704200762e-05,-5.44631493625921e-06
apt,apt,-3.127603788084598e-05,0.0005003764088943323,0.0002015456149025207,1225,-5.5899893441522386e-05,-6.60495293795794e-06,-8.69869959540411e-05,-4.41036477666434e-05,6.114379352783023e-05,5.693926894167949e-05,3.261789983937521e-05,1.575458044820778e-05,-7.22307332874244e-05,6.809464274965053e-05
ygiQ,ygiQ,-3.1521182760774334e-05,0.0004465816206152143,-0.00012347551023684825,1226,-5.858668632171802e-05,-2.6155619117481616e-05,-2.779275999454486e-05,-1.6806702699333053e-05,-0.00010613486733485339,6.860199425493626e-05,5.892030481468464e-05,3.4564696322223944e-05,-3.5747662200634067e-06,4.544322353537516e-05
kgtP,kgtP,-3.175930534612187e-05,0.0006527130409464785,-0.00025206045417270023,1227,0.00025646372060833186,-1.1476121009781483e-05,-9.950320425481056e-05,-8.82622129937562e-05,1.654215687584388e-05,3.7470990316002575e-05,-6.564152605693986e-05,-5.29124383680054e-06,-1.8720413527128194e-06,-7.018982364149873e-05
dsbG,dsbG,-3.192366507903018e-05,0.0004640023965282171,-0.0001750287532054111,1228,0.00012985742345331938,-5.084793221170986e-06,-4.181359817645881e-05,-0.00010636910617609218,1.5303108672263302e-05,-3.654582473119647e-05,6.196288038202892e-05,-4.573949686031343e-05,8.915953216981869e-06,-1.241021163839176e-05
bdm,bdm,-3.1954987975092754e-05,0.00046832261967118916,-3.7649053717716397e-06,1229,0.0001027683504413788,-2.156616789458141e-06,1.527604047750709e-05,6.710402419698282e-05,-8.672822410877488e-06,3.303540073217946e-05,-6.096006208031405e-05,-1.0860793221740371e-05,-9.119736086121336e-05,-7.629114845953754e-05
sucA,sucA,-3.226303571133805e-05,0.0004362061206694956,-1.7416771184384564e-05,1230,8.281076921526129e-05,-4.360134771002059e-05,-2.8487668192145795e-06,6.234387670865956e-05,-1.4964665705605637e-05,5.6816896555157906e-05,-7.011409374319809e-06,-2.763470572821679e-05,-6.595456840212417e-05,-7.221911445091524e-05
potB,potB,-3.227406253143758e-05,0.0005304120261360222,-8.766524132706487e-05,1231,-4.957350906266452e-05,-3.068947848718084e-05,-0.00010314183457552931,-9.793822220835523e-05,3.560138445736774e-05,0.00010477057286889482,6.586864304228995e-05,3.8853074673543616e-05,1.6081209384599453e-06,2.367185821736266e-06
yebT,yebT,-3.24177846884233e-05,0.0008005674272979743,-0.00048747360098245075,1232,0.00013993152818458227,-6.189852419279992e-05,6.197711536818384e-05,-9.678101530809666e-05,-0.00016168410607373375,-4.6530795360094365e-05,9.08667325812896e-05,9.129944517071982e-05,-4.811759360486748e-05,-1.4805714536066477e-06
viaA,viaA,-3.315125482641114e-05,0.00033398509916085007,6.303044534187015e-05,1233,7.581575308355079e-05,-2.7613233880839823e-05,-6.772003232499104e-05,-7.376722668142272e-06,5.199201968873512e-05,-3.6640779985898032e-06,2.2609149394933575e-05,-1.7416463143707763e-05,-3.010194521449658e-05,-2.9675701762863345e-05
yfbT,yfbT,-3.327757585891582e-05,0.00038314774777707016,-0.00020226331435092598,1234,0.000106248474103255,-1.977923787800296e-05,3.7395815454264713e-07,-3.575180456227768e-05,1.946864734579073e-05,-5.119433148927841e-05,1.3722796242952566e-06,2.1673047240719766e-05,2.5798679490473747e-05,-0.00010148728788843394
aspC,aspC,-3.33925298145055e-05,0.0005997696751730855,-7.4538988984778e-05,1235,0.00013133989048589884,-2.5424495910841555e-05,-0.0001366943637484678,-3.056143533441281e-05,-3.0489040938545284e-05,0.00010044823666783743,4.431572865223748e-05,-7.42077685713872e-05,-1.920399799014095e-05,7.084716873316346e-06
gatZ,gatZ,-3.3457098838671576e-05,0.0005286453852620718,0.00031990316199483683,1236,-0.00010565511289906639,-3.0113252126283238e-05,3.306011552296665e-05,-2.149852553843857e-05,0.0001155894615416683,-3.894327800384057e-05,-6.263355423741285e-05,4.9812470572212256e-05,-2.2207519245330055e-05,4.913209557485289e-05
bfr,bfr,-3.381624358742657e-05,0.0006469754768441434,-0.00022961699945583502,1237,0.0002399969923967304,-8.301553779581171e-05,1.3272080203129392e-05,-7.565225705109673e-05,-5.999630738773574e-05,-7.189258810166674e-05,2.450875809418104e-05,-4.9839169879474035e-05,2.4869843017115877e-05,3.931942917201659e-06
mutT,mutT,-3.413532068942171e-05,0.0005920606904210525,-0.00031403381765907095,1238,7.621826101025546e-05,2.393079370291237e-05,-1.852748212075736e-05,-1.5079030860700957e-05,-0.0001355565370264463,1.885312288788863e-05,4.86378439271444e-05,0.00011132266333761452,-0.00012048595426023342,-2.3449001287099078e-05
yihI,yihI,-3.440881448754403e-05,0.0006721241183258767,-3.562693550884242e-05,1239,0.00011208133927049905,-5.687665397015342e-05,2.663799826841216e-05,0.0001340646681556872,-4.709901108162717e-05,-6.0699038543311625e-05,-2.762887530386907e-06,-6.384534320897804e-05,4.607364622456798e-05,-0.00012198353207225323
yedI,yedI,-3.442649835052899e-05,0.0003127145114298347,-9.918986192215689e-05,1240,2.9958557149960536e-05,4.372371798466354e-06,4.1393696639436785e-05,-5.6794199155995107e-05,3.059905696937426e-05,-1.3449560865422578e-05,3.2820323982414905e-05,-6.067155338259928e-05,-2.042153536442791e-06,-4.061303794972207e-05
rpoC,rpoC,-3.460324480704498e-05,0.0006124875946582852,0.0003730304775643288,1241,-0.00020790434694644753,-5.3847234262688696e-05,6.4101114049642895e-06,0.00010887901642068945,7.6634118988685e-05,-4.549431949279633e-05,3.328785093309097e-05,2.1047270719181522e-05,4.268380645900889e-05,-1.6299519030732555e-05
mazG,mazG,-3.4719784879900545e-05,0.0003047156438668087,3.490852347682461e-05,1242,-8.199410357296096e-06,5.150806111584257e-06,-2.93703511346865e-05,-3.207904768727041e-05,-4.364960711006542e-06,8.215035182219362e-05,-7.194282621862108e-05,-2.376111826447402e-05,1.1158393862937248e-05,3.6538377696738985e-05
asmA,asmA,-3.485871381731423e-05,0.0003928063492402829,0.0002620182218020257,1243,-2.412541832131083e-05,9.468521269048523e-06,-3.380129728474016e-05,1.1160189137240576e-05,4.550516119014784e-05,-0.00011464562437464751,4.863472685848838e-05,7.2908155915917415e-06,-4.126019154810009e-05,5.6914403664967315e-05
argS,argS,-3.515876594501035e-05,0.0005431086338237782,-0.00018445410684841268,1244,4.980043038438627e-05,-1.9146262688839657e-05,4.634614890138114e-05,1.1402578468282698e-05,-0.00010900935660788164,-5.9449281945872336e-05,0.00014642577618533377,-1.1608135014437673e-06,-8.816832688324425e-05,-1.2199658257112585e-05
rimK,rimK,-3.530943539838455e-05,0.0005200715477760557,-0.0002622365928679974,1245,8.943895897636858e-06,3.0234491557479063e-05,6.132429860371494e-05,-0.00010072629251219086,-6.713329486082765e-06,3.380701991662768e-06,-9.338925175528416e-06,0.00013849766813834197,-0.00011957855227850074,-4.1333392134917384e-05
ompA,ompA,-3.530954515311213e-05,0.001045186029466588,0.0001985504699476376,1246,0.0002959091897453134,-0.00015458180354856608,-7.80119446058609e-05,0.00019439800784887366,-0.0001274085900141617,-1.5037734191534212e-05,-5.4439337091932714e-05,-8.817421235594545e-05,-2.259416550184891e-05,1.4631044562550808e-05
mutL,mutL,-3.557852033487179e-05,0.0007690705852781859,1.3662871505490908e-05,1247,8.510389722698871e-05,-2.3210774069384155e-05,6.45287410542831e-05,9.436265085495893e-05,6.182614573951849e-05,2.3657696321555707e-05,3.726690127435212e-05,-4.956165577813256e-05,-0.00016240550194984428,-0.00016714662100916788
yihD,yihD,-3.5750333422398294e-05,0.0004657843382525133,0.00027360912195619245,1248,4.272841378175014e-05,-1.7683027546642752e-05,3.3335217274145336e-05,2.1731665736077755e-05,3.738192474956611e-05,2.002397709226497e-05,-6.973967802264223e-05,-0.00011951013803835033,-4.3834492229820496e-05,5.981580378125322e-05
ilvA,ilvA,-3.590819748672881e-05,0.00028065199691374386,3.385545194311796e-05,1249,-4.670911273119325e-05,-2.934245081985855e-05,6.415326528141533e-05,-9.98934373748919e-06,2.465738470195407e-05,2.730172506260975e-05,-4.2763532330495186e-05,6.259524667528378e-06,-1.3781243844929848e-05,-1.5694413736270307e-05
cspB,cspB,-3.599317574160942e-05,0.0003993279078337434,8.323949647358732e-05,1250,1.8001707853819548e-05,-1.5245899228034801e-05,-5.498528053817034e-05,-4.250063077284646e-05,4.14471543663569e-05,-2.0723886841413248e-05,2.416389411062817e-05,-8.420484440721153e-05,7.337797294278385e-05,2.4676636772478515e-05
selB,selB,-3.633844714635572e-05,0.00026578460236696764,-7.658770037463129e-05,1251,-4.610568296744799e-05,-8.380647406895191e-06,5.340318278610614e-05,-5.8127708768137735e-05,-1.2525692303316368e-06,-1.3065417774878356e-05,6.936210456584061e-06,-2.412949860897078e-05,5.14664801296399e-05,2.917204237975864e-06
cysU,cysU,-3.646945866528581e-05,0.0003875008260451212,0.0002561139257555437,1252,-3.5931142084802676e-05,-9.184035845511923e-06,3.135164366414897e-05,2.66936703980427e-05,1.623840407611267e-05,-1.7966159208212366e-05,3.434180648063978e-05,-3.161251912721985e-05,-0.00011729128608945669,6.689015907097357e-05
ompC,ompC,-3.662952709668327e-05,0.0009740956779322586,-0.0007056141568678911,1253,0.00029942999269492126,-1.4893032783815923e-05,0.00011913053766490554,-0.0001781315939618341,-0.0001233316355013522,5.017254505796079e-05,-5.915349146894298e-05,-4.847291681214237e-05,-1.172131946728247e-05,-6.965861251910083e-05
trkD,trkD,-3.664993727358278e-05,0.0006468658725693336,2.750694931673742e-05,1254,6.204653847237042e-05,-1.3671286777329006e-05,4.332572746662991e-05,-2.6977729189890896e-05,-0.00010483030585941546,-9.122370762995751e-05,-6.284303141163441e-05,7.24991606379914e-05,-4.2211844053230906e-05,0.00012723654107088365
yedW,yedW,-3.665415034010916e-05,0.00025858848868883844,-6.855189451381494e-05,1255,-2.9128046333585568e-05,2.5812330844177534e-05,-8.868126107775895e-06,-9.300896017515793e-06,-7.979531381592173e-05,5.66879888986882e-06,3.394533458566924e-05,9.0475174481736e-06,-2.052893723967483e-05,3.649318740647547e-05
cvpA,cvpA,-3.668054891032232e-05,0.0002581033111219811,8.270019741416984e-06,1256,3.2248809256896885e-07,-2.1427829586596565e-05,-5.314369492779514e-07,4.4776015560910944e-05,2.5721587360228265e-05,-1.541797130104664e-05,1.438408970854689e-05,-2.5311824673638672e-05,2.550720038357431e-05,-8.470286750559187e-05
htrG,htrG,-3.678343777526119e-05,0.0005847084255666397,-0.00019555990057579088,1257,9.53902875641242e-05,6.18539032910216e-05,2.3261923367946265e-05,-8.152551722397281e-05,-6.552069843354364e-06,-5.7290963868443626e-05,-8.441429972499509e-05,9.345637967259724e-05,-5.286899890198576e-05,-2.809408210819884e-05
rluB,rluB,-3.7082488873143554e-05,0.000446255696466611,6.4477394396086556e-06,1258,1.4468329273094767e-05,3.88156525292417e-05,1.1944530464982263e-05,-1.2102596606446362e-05,-1.708725925875261e-05,5.2964795346136325e-05,7.252081503484715e-05,-0.00012205699700642323,-9.042223979825506e-05,1.3872481148431517e-05
yccK,yccK,-3.724946234888343e-05,0.0006406677195264579,-6.508529194489783e-06,1259,7.753262878400304e-05,3.180057673611862e-05,8.670812998059937e-05,-0.00011732294981907238,-1.022383904068048e-05,-1.5628406181413516e-05,-2.740353757761522e-05,-4.1379456415826694e-05,-0.00012700040190306242,0.00010566779308806624
folK,folK,-3.741893085919994e-05,0.00037949023151775534,0.0001245843567163081,1260,-4.081302459142675e-05,-2.544943152437021e-05,8.157263393009045e-05,1.947141316374e-05,-4.5880303470633166e-05,-1.6073711720850576e-05,-3.852843848570822e-05,-2.116244339844952e-05,-2.054722799703919e-05,6.999160323544725e-05
yihX,yihX,-3.762838491933539e-05,0.00037170593155566784,9.697580467752565e-05,1261,6.70204272528619e-05,-1.486510931602061e-05,-8.381483594055305e-05,4.1683751666551316e-05,-2.134556180251984e-05,-2.920831180511744e-05,-2.7176373253648836e-05,4.899907438368939e-05,-2.825696611964187e-05,9.335520015063646e-06
ybeL,ybeL,-3.765527391428988e-05,0.000343724892961313,-0.00017630393963606616,1262,4.5891377163588486e-05,-3.160635808140634e-05,9.992166188623835e-06,-3.093340419787895e-05,3.765906568520899e-06,6.575475166999314e-05,-3.7234492164848125e-05,-1.1103719847848061e-05,2.7630607932785182e-05,-7.981210914581996e-05
ypeB,ypeB,-3.766321970299735e-05,0.0005091764367278697,-0.00015467155951743173,1263,-2.4509550169746236e-05,-1.9533381674166547e-06,-0.00012068932178113891,-7.927851030890231e-05,1.4216528074262216e-05,-1.58837004126549e-05,8.242568107704819e-05,3.162589546127208e-05,0.00010748850389985366,-3.110540737557444e-05
pta,pta,-3.781302622584341e-05,0.0005779636585011388,-0.00026499367678105496,1264,-7.527091642754606e-07,-2.03107814068964e-05,-4.01167260272748e-05,-1.391167477311465e-05,-8.482856058016183e-05,3.3744813003834936e-05,0.00016170601952493718,7.462448360887562e-05,-9.53047742615953e-05,-5.26631161501727e-05
fabB,fabB,-3.814344685237226e-05,0.0006076404945391349,-4.785903076806865e-05,1265,0.0001755202001715946,-6.102753045853901e-05,-9.942403501249208e-05,1.6715592831041973e-05,6.043606539857589e-05,3.207666544216883e-05,-5.068480144063984e-06,-2.0281746846298463e-05,-1.693728119452172e-05,-0.00012015289703983834
ascG,ascG,-3.8680732052095926e-05,0.0004064247964190654,0.00020353480904706432,1266,-9.31748848387777e-06,-1.4343419277777642e-05,-7.401928858261943e-05,5.4132278608469204e-05,-1.8671768974628278e-05,-6.194443361831628e-05,-2.2769036258475153e-05,-2.1487329039886113e-05,8.277322471137227e-05,4.696652886364326e-05
ycdZ,ycdZ,-3.9746282531501404e-05,0.0002341917486619084,0.0001041514306458418,1267,-7.22948745388163e-05,9.936783588554263e-06,4.1123544569581004e-05,2.3125635382803876e-05,-1.3959830849898014e-05,-6.951585045215447e-06,-1.748260969629406e-05,-5.2539251539840506e-06,-2.102619031249701e-05,2.3036769524264335e-05
ksgA,ksgA,-3.9894783722297916e-05,0.00021541049953767959,5.133854914186706e-05,1268,1.5254787261480583e-05,-1.796908825006614e-05,-2.8464868445592817e-05,-5.76487567495095e-05,2.9729404735020993e-05,-2.204206068229892e-06,-7.83779428396393e-06,-1.352792783262649e-05,9.1324311869162e-06,3.364123472427308e-05
dinG,dinG,-3.990345482663705e-05,0.0006587660346958664,3.9033338736534337e-05,1269,9.161706651010823e-05,4.7809458611396135e-05,-1.90725627320091e-05,6.544206837034495e-06,-0.0001004537755799037,6.998604727825796e-05,-9.077522264987436e-05,-6.75023744428971e-05,-7.153080935656746e-05,9.347451069781786e-05
nth,nth,-3.994403735865524e-05,0.00042536151825167337,0.0001680538156209809,1270,-0.00014082251557136693,2.0877315491612337e-05,4.427062228740908e-05,-2.7521807346495223e-05,1.8984982617377063e-05,3.598410618982959e-05,-6.341134060844058e-06,-1.443318586880346e-06,-5.652400223957774e-05,7.259171386028098e-05
pps,pps,-4.003563706503685e-05,0.0007533333216010532,-0.00028880855975560796,1271,0.0001833177500781883,-3.6245485223765304e-05,-2.2384229263414434e-05,-6.930884887741536e-05,-0.00014206817225563935,5.6077257555330394e-05,-0.00012667774371281055,4.65123363817823e-05,2.378657552997484e-05,4.695492272273231e-05
phoU,phoU,-4.007050300612917e-05,0.00043121840983744304,0.0002831687913428944,1272,6.80011053981555e-05,-3.6039340971632065e-05,-7.044670672829532e-05,6.810119823849604e-06,4.593506317759542e-05,-4.37992263429774e-05,-4.518895274139542e-05,-4.017022963748591e-05,6.0237038491188314e-06,6.88039611669376e-05
cyoD,cyoD,-4.016614163907438e-05,0.0005767253357563814,0.00012329296248249604,1273,5.444897870141841e-05,3.679872786833146e-05,-5.541955261294597e-05,1.0363090738490283e-05,-2.1199305065720147e-05,3.12278280055672e-05,-0.00012242715031182618,-0.0001093997307072356,8.30413469959055e-05,5.239962474894069e-05
glnA,glnA,-4.051667532658581e-05,0.0005601908211954911,4.34795918617576e-05,1274,-5.262141423373836e-05,-5.942519456465281e-05,0.00014412378344582573,5.603390376599975e-05,8.911388128897572e-06,-0.00010059361477457054,5.0767997593729565e-05,-1.0698107894394604e-05,-1.3551583166370685e-05,-6.346383362731143e-05
ubiF,ubiF,-4.064191972924745e-05,0.0008103861789194957,0.0004483555847095768,1275,0.00011008276919060439,4.152809532255503e-06,-0.00010088504028521117,-3.038658631669162e-05,0.00011534854505980222,-8.366147705860067e-05,3.639313206540789e-05,-5.4894825096170186e-05,-0.0001556861205676979,0.00011889487374705408
glmS,glmS,-4.0851686441802054e-05,0.00037580073423859617,0.00020220795904213584,1276,7.346727618847584e-05,-1.5427046778673736e-06,-0.00013906104092505572,-6.207828440065925e-06,5.763020951391845e-05,-1.991613762497303e-05,7.12128296968838e-06,-9.237372592828958e-06,-3.236112607940809e-05,2.925575522631437e-05
deoC,deoC,-4.088231255311007e-05,0.0005386870155680516,-0.0001357075665393076,1277,9.036495319197708e-05,-1.2414669673475182e-05,-2.3521797793403043e-05,3.343841380009872e-05,1.7866086440716897e-05,-8.121689558255015e-05,-3.3031861224128046e-05,2.7245487456858174e-05,7.998741061781993e-05,-0.00013959943978702444
gsk,gsk,-4.1037103259449914e-05,0.00031463213803924683,-0.00012724681845076234,1278,-4.100626872727279e-05,-1.4981551369414302e-05,6.991735982484943e-05,-2.210578959875766e-05,-5.720027689337613e-05,4.952352225681469e-05,1.7356635308234342e-05,-3.543916199973617e-05,-2.2656776978189856e-06,-4.835894362972349e-06
yfiC,yfiC,-4.114945279005241e-05,0.0005244295801044883,-0.00018874469205881067,1279,0.00011012011530965676,-2.0501071961709072e-05,5.841314701156565e-05,-6.110610928935804e-06,1.982686109218316e-06,-8.359494705795101e-05,5.402300679393287e-05,-6.176373889396045e-05,1.7101108432844363e-05,-0.00011081914760471403
folE,folE,-4.1282895781591104e-05,0.0006232820581317051,0.0001858496564936725,1280,0.00019624805312232243,-6.02023417815022e-05,1.421533083141925e-05,2.6741065436055612e-05,-8.252816865274615e-06,-0.00012664215541267134,-5.046457556759424e-05,-8.451098148677986e-05,-2.209605842825826e-06,5.379513178525969e-05
pdxK,pdxK,-4.131562329685782e-05,0.0004438520092042003,-0.00020062244911712838,1281,7.555413950417715e-05,-1.1769929546265928e-06,5.790231722160545e-05,-0.0001033893562029384,-1.640950868957769e-05,4.2615944995176835e-05,-9.905197369891045e-05,2.5195791232711798e-05,-2.1385813389998902e-05,-1.1701713144770284e-06
lhr,lhr,-4.14863483734601e-05,0.0002813857223149502,0.00016593422739221876,1282,-2.6559982955419602e-05,1.0468212935691729e-05,-2.9150544217268954e-05,0.00010149341093356097,-3.571069819040603e-05,-5.31484146355648e-06,-5.218447937011694e-05,-8.956715913661524e-06,7.988063101492346e-06,-3.5587732337756077e-06
yniA,yniA,-4.15203592266808e-05,0.0004789546279078189,-0.00041480490887742456,1283,8.677923718262519e-05,-1.7476479155049215e-05,5.3097123002188306e-05,-0.0001476610898837399,-6.904663130132133e-05,-1.1273119199302893e-05,3.828965878672924e-05,-3.3252611608450758e-06,4.055111536902635e-05,-1.1454912866991441e-05
clpX,clpX,-4.176606007485886e-05,0.0006514817313480992,-0.00019341122640209864,1284,0.0002874793048624398,-4.9652311042185394e-05,-0.00012174399340058116,-3.0691850698521864e-06,-0.0001058567465018567,-1.9922026723361252e-05,-1.770211209222632e-05,-2.0014809214646143e-05,1.7378530774180364e-05,-8.662711666769848e-06
phoQ,phoQ,-4.303679104948675e-05,0.0004576877595981332,5.7394204777390086e-05,1285,7.912725068088484e-05,-3.987308671356889e-05,-5.718857795134343e-06,6.60029472550779e-05,9.087272941671392e-06,-8.435339531771472e-06,5.310801339668914e-05,-5.516861074220636e-05,-7.325486720833134e-05,-6.791151333279761e-05
yehY,yehY,-4.3152423838908465e-05,0.0008539969661749823,-0.0005877178017981952,1286,0.00019748712430120557,-2.2981767950506154e-05,5.596510895534714e-05,-0.00015028742569754496,-0.00013548728675444677,-0.00010722434028068841,8.110693022722423e-05,7.086310768425998e-05,-2.9334739571989814e-06,-2.96604003665601e-05
yciS,yciS,-4.3690848681142164e-05,0.0007882140744016464,5.3351705514671096e-05,1287,0.00012057053823937536,-6.794457267024179e-06,-7.459727498552323e-05,-3.8019703141445096e-05,-8.54732330943984e-05,0.00012336770996826879,-2.4216815719839315e-05,-0.00017214964116722117,-1.4701336165942876e-05,0.00012832336465260795
lamB,lamB,-4.370165939308441e-05,0.0003276833706572319,5.718698768921705e-05,1288,-0.0001336734071251822,-3.2928109229513056e-07,3.1023488513838544e-05,-1.2804872793948806e-05,4.46462499080865e-05,-3.94903956868346e-06,4.667956336000082e-05,-9.837201478977166e-06,1.964155385014788e-05,-2.5098712966071373e-05
dapE,dapE,-4.450557511890079e-05,0.00041324760069299187,-0.00017720052454938908,1289,5.215545417197832e-05,-2.356504085525197e-05,-6.77273654169716e-05,-3.0326109049104654e-05,-6.007936543912579e-05,8.173739815582177e-05,4.445470852590002e-05,-2.673113179957782e-05,6.0234519333454235e-06,-2.0447575345914495e-05
gnsB,gnsB,-4.4519880400127826e-05,0.00044951032628803454,0.0001096569810872506,1290,-6.312188568385152e-06,-2.3254668225204e-05,8.796767172785519e-06,-6.108220677768903e-05,4.703236742052705e-05,-2.743378948171327e-05,-1.0116478374114014e-05,-0.00011881577191697571,0.00010004769864991742,4.661838970072337e-05
yebY,yebY,-4.463729147364425e-05,0.0006045943431859775,0.0002682480676457858,1291,0.0001367308239045111,-1.7208271270560253e-05,3.144231386558478e-05,3.091238496442549e-05,3.7345480586763135e-06,-5.844866089560698e-05,-4.673691824770502e-05,-0.00015011908191899108,-5.210288499694756e-05,7.715845506296898e-05
kdsD,kdsD,-4.463798267298088e-05,0.0004889687763010789,2.797349856610718e-05,1292,7.491955710869582e-05,-2.0693368795618315e-05,1.6098762474568463e-06,-8.399439453452865e-05,-3.4740245482252516e-05,-5.803682256581659e-05,-5.717501235900014e-05,-1.2163535749813698e-05,3.523356549455204e-05,0.00011040239796334432
sspB,sspB,-4.480243270460008e-05,0.0005293288457367598,0.00010837261174280111,1293,2.402297266783734e-05,-6.2425402896664725e-06,4.337027846990486e-05,-6.848372518314074e-05,-1.319212165723611e-05,-7.058675364575624e-05,4.524047096632147e-06,5.6884971922228184e-05,-0.0001285604984448804,0.00011346093635947736
ycgM,ycgM,-4.491001022808907e-05,0.0004095632232588203,2.7126753702540684e-05,1294,3.8186517491662325e-05,5.013715259118639e-06,4.4895195759204924e-05,-9.988544541209064e-06,5.945870062047822e-05,3.4772477384901485e-05,-7.928037119154877e-05,-5.138822864183114e-05,-2.821768802682232e-05,-5.8361784342043346e-05
metL,metL,-4.5212075064056465e-05,0.0004538637331768183,0.0001154840120631136,1295,4.011375593115458e-05,1.7009916889573234e-05,1.6200681551078514e-05,-4.4183986287947045e-05,7.296002294301835e-05,-0.00012088619803158558,-8.446771980090474e-05,4.5723692079432977e-05,5.957827817665975e-06,6.359931844457259e-06
yrdB,yrdB,-4.539356545642281e-05,0.00018904904335885606,-2.5498186967118978e-05,1296,-2.9051823680753594e-06,1.0210430665068322e-05,3.5844685234152444e-06,1.566332571668728e-05,-2.476644150930728e-06,-6.237590212620065e-06,-2.9400383967773656e-05,-2.7568945930712165e-05,4.236951404604576e-05,-4.863255777752745e-05
era,era,-4.5582636578557355e-05,0.0005405973589933089,0.00011469766032118254,1297,6.86293676149678e-05,4.119266683241944e-05,-3.2774975450031324e-05,1.125091233773363e-05,0.00010436467652500344,-6.143546912955962e-06,-0.00012333077088094117,2.2069737897251502e-05,-4.978262755058025e-05,-8.105807699142446e-05
parC,parC,-4.610012290223968e-05,0.00043294729143072616,0.0002970859469293564,1298,-7.802379279923133e-05,3.9618524887014596e-05,1.2232100898473857e-05,2.604326763241454e-05,6.599142275053735e-05,-1.5769794293158712e-06,-0.00011307074063510172,1.6080046465196405e-05,-4.6852194302833966e-05,3.3458221630606476e-05
mrdA,mrdA,-4.612429906680167e-05,0.00031105937014526636,0.0001985314859290556,1299,1.4368253656528818e-05,-2.9656611962495125e-05,-1.5115243016267693e-05,2.1451633671634003e-05,7.294135679519341e-05,-9.523426643796033e-05,1.6207237303744046e-06,-2.0396316153610418e-05,2.2085567685501725e-05,-1.8189397035700468e-05
fepA,fepA,-4.620331856881756e-05,0.0002813682819451684,0.00021501497237860518,1300,1.2617958791739662e-05,1.756502350532895e-05,-7.814928573491183e-05,4.649816214311709e-05,2.982130715901411e-05,-1.2947538210593162e-06,-6.96199771848615e-05,-1.4721783516160283e-05,2.9936724862129307e-06,8.086357602762623e-06
emtA,emtA,-4.6221101624524514e-05,0.0004090457591078118,-0.00031827775165799556,1301,4.141077174423134e-05,-2.45357796368647e-06,3.99821282390148e-05,-6.789849998599954e-05,-9.580448644129347e-05,-4.2930425761221645e-05,6.193065071802638e-06,4.1363443580375593e-05,5.2462920106219256e-05,-1.8546440213967026e-05
insH-6,insH-6,-4.636033106387882e-05,0.00033006606270643657,1.0241303839631761e-05,1302,-4.3969528838059375e-05,1.3374388334511357e-05,1.6526770925958532e-05,-1.25608803327374e-05,1.9294452833247373e-05,-3.123164850319642e-05,-7.219267359302235e-05,-3.4653795055086386e-06,9.26572537275616e-05,-2.4793086112633505e-05
btuE,btuE,-4.6543537765836274e-05,0.000676389753534657,0.00016022099007590565,1303,0.00014085333147959787,1.3586273008700523e-05,-5.025784565104938e-05,-8.684064641990459e-05,3.3895849373146e-06,-5.689304881791276e-07,-9.14595961374064e-05,-0.00013233962695370714,1.6804130821172692e-05,0.00014028978763762468
trxB,trxB,-4.665903624677361e-05,0.0006737302217319316,0.00021882291085099063,1304,0.0001487821680385831,4.304764824580021e-06,-0.00014372454202118265,2.448628586654173e-05,-3.9283666526772736e-05,3.4503182223256e-05,-0.00011523060565956018,-6.195581478183709e-05,5.798738272786573e-07,0.0001008793179623395
hisG,hisG,-4.682046317078714e-05,0.0010269854239601433,0.000289119290545343,1305,-0.00010547187838114333,3.153130931106132e-05,-0.00011614794177693444,-0.00014566719012294661,9.428223973090264e-05,0.00012721948741237465,-0.0001297384454033676,6.451507986101754e-05,-3.987748788107322e-05,0.00017253436407932188
yaiE,yaiE,-4.697644545818675e-05,0.00019927684593849075,-7.1820619348297564e-06,1306,-3.7992874021222344e-07,5.905147396466351e-06,-4.9930423852055685e-05,-1.334133238494536e-05,-1.3816045483434584e-05,-1.4917555012062804e-05,1.0145267472879223e-05,-3.07413602256281e-05,6.002166119893474e-05,7.812417187169271e-08
yejM,yejM,-4.704733323841831e-05,0.0006180184225065347,-0.00025141320971025136,1307,-6.044294755088375e-06,2.4503718818571332e-05,5.077039241857077e-05,-5.270626865608183e-05,-5.7805222506262e-05,-5.9848576482183835e-05,1.4254855398906312e-05,0.00019595657799800978,-0.00011740973516086945,-3.871878031199102e-05
pqiA,pqiA,-4.755043140652326e-05,0.00036427500434115976,-5.2122950285961534e-05,1308,6.911915752414496e-06,-1.6388165554961134e-05,-6.955525939634253e-05,-3.9527699479672354e-05,3.0156917161157755e-05,4.133524026372404e-05,4.9240480992519986e-05,-3.997568491513768e-05,3.0717732297501966e-05,-4.0465908527727794e-05
ybcJ,ybcJ,-4.779035293247219e-05,0.0004448254875351805,-3.964421685082988e-06,1309,-2.0190250708875408e-05,-3.955907330241325e-05,-3.798079806758182e-05,8.274743610814914e-05,-4.039127952242945e-05,3.232725437117328e-05,8.344287682203175e-05,-6.742620460398291e-06,-3.321035427763086e-05,-6.823354389449728e-05
mqo,mqo,-4.798396832957084e-05,0.0006922100332360275,0.00018078014561078907,1310,9.174569633427392e-05,-3.771040763318031e-05,8.549514949107419e-05,3.367503656506677e-05,7.611531620398534e-05,-0.00014114630374214066,-4.369070964203e-05,-0.00010415731563700512,3.508183385882805e-05,-4.339226412844301e-05
ygiB,ygiB,-4.807386936286793e-05,0.0005079915600944383,5.875542953946485e-05,1311,1.666985900130884e-06,1.382219789424253e-05,-9.375512267012263e-05,-8.121060794628247e-05,7.787132575036382e-05,-8.634512180787839e-05,-1.6721862304369654e-05,9.388877405886499e-05,3.402949947796589e-05,8.680062284217104e-06
rbsR,rbsR,-4.8207189511777095e-05,0.0005761606707679009,-0.0002849668202951576,1312,2.5823185645713378e-05,-2.4037954785876382e-05,9.376604274984659e-05,-1.808690438940484e-05,-9.63009782438617e-05,8.113761097603066e-06,7.556280784558363e-05,6.0710943289315256e-05,-0.00012155897045049529,-5.21991222702008e-05
yciI,yciI,-4.8382742702931286e-05,0.0007252155583841912,-9.70651152410235e-06,1313,0.00024572105467608637,-6.0294541819691905e-05,-2.160696058808047e-05,-3.6265627230313165e-05,-8.529616492030984e-05,-4.161428119275268e-05,1.7818812743744372e-07,-0.00011627908832036635,-2.544248647204685e-05,9.251716503710617e-05
alaS,alaS,-4.856562147177919e-05,0.000470237361288625,-7.719367943945662e-06,1314,0.00017477565779725471,-3.843428304786429e-05,-9.788798303733313e-05,1.2103285672017e-05,-7.499905413415704e-06,1.4616722442205422e-06,1.969357286266025e-06,2.0525896908664635e-05,-8.283344491512526e-05,-3.274587496646372e-05
yjgJ,yjgJ,-4.869109842978561e-05,0.0003208478098762568,2.4141585425827903e-06,1315,-5.566980297191436e-06,-3.0746591888209165e-06,4.1214391704864435e-05,-1.436675949658782e-05,4.921579277422297e-05,8.102905303367917e-06,-0.00010377355194918446,3.597832513689239e-06,3.394743342709103e-05,-5.7987503221236564e-05
ydcA,ydcA,-4.874604051331251e-05,0.00012597538571200843,-2.637577825825044e-05,1316,-4.3321482300112344e-05,6.906501123662177e-06,1.1891979937866053e-05,2.0125692499860003e-06,-2.536018539842188e-06,-1.2867436719965876e-06,1.1046136716008305e-05,-3.1790085047840644e-06,6.757485571825427e-06,-3.7037460095925285e-05
rsd,rsd,-4.9521383497943155e-05,0.0005102818590957066,-0.0001281303497591864,1317,0.00010535869681441613,5.312179905316181e-05,5.483080648300882e-05,-9.681256186391383e-06,-2.503277588428761e-05,1.7068935448294906e-05,-4.2034155469102305e-05,-6.917227253132785e-05,-7.98693266678299e-05,-5.411183455788579e-05
malM,malM,-5.040940618461653e-05,0.0005021913056982741,8.584068973723933e-05,1318,-0.00012349277190661155,5.868442582622695e-06,-4.2936311485962894e-05,3.6805816482347784e-06,6.194721883389538e-05,1.204404124908517e-05,6.184131573447128e-05,-6.19591138430521e-05,8.050934970851949e-05,-4.791215870581877e-05
ymjA,ymjA,-5.0757194004136915e-05,0.0004634522060134819,0.00016418392433659688,1319,4.2031389178754325e-05,-1.576412281585889e-05,-7.546657891180249e-05,7.210084974864065e-05,4.828652692532583e-05,2.357132335755545e-05,2.0357416794396212e-05,-7.249766691618223e-05,-2.970231985722926e-05,-6.367401150773651e-05
ptsH,ptsH,-5.104248403134406e-05,0.000649889950045465,-0.00024128368447560544,1320,0.000103087053937787,-7.087519312216954e-05,-3.032273994431045e-05,-3.0921014813781045e-05,3.740089557002887e-05,0.00011563214909702693,-4.867934888942448e-05,4.3303634402217664e-05,-1.7024955258996428e-05,-0.00015264296500972258
secA,secA,-5.1068371551933954e-05,0.00034247593644262295,0.00029292736975892444,1321,-5.626637433952768e-05,-1.2270630432777478e-06,-2.4786031047368797e-05,4.978215713491262e-05,7.249993362858801e-05,2.3421691681843872e-05,-5.40096305433043e-05,-4.803968525980944e-06,-5.432649483781362e-05,-1.3525916600053613e-06
fimC,fimC,-5.131870452477893e-05,0.0005169711577785178,0.0002188724645418877,1322,6.638821207547222e-05,-1.138596140576537e-06,-6.060113706377942e-05,-7.88533526858499e-06,6.609371936965241e-05,-0.00016052843458748027,-3.898682443143599e-06,-5.009274564808354e-05,7.477579927425782e-05,2.5568495907486973e-05
ssb,ssb,-5.132394858257495e-05,0.00028786977273062765,0.0002333775222859198,1323,2.1514012340677228e-05,-1.8283812667359196e-05,-6.0249023036760676e-05,1.4884754030419632e-05,4.823429903793071e-05,5.73211288167668e-06,-1.4598146927066338e-05,-5.037378531780549e-05,-2.609209270760959e-05,2.7907733783322088e-05
ycgE,ycgE,-5.205365694047317e-05,0.00043420308107153493,-4.787912004107144e-05,1324,9.392158936430577e-05,9.002683935159634e-06,-3.236997428441499e-05,6.843608296283213e-05,-2.293414096470942e-05,1.9714355803233357e-05,-5.134472645295219e-05,-3.276018428625037e-05,-8.251012528782092e-06,-9.546833048889501e-05
yjgR,yjgR,-5.2828330677778376e-05,0.0008281110372221754,0.0002385137000927381,1325,1.403945130172089e-05,-4.2028452497372645e-05,-2.4703698947474097e-05,-0.00011059593259797073,8.691897761501814e-05,0.00012390612918938848,-0.00010167998756185266,4.62571554756385e-05,-0.0001614616123453067,0.00011651963969043246
atpC,atpC,-5.29862099567048e-05,0.0005758903590592476,0.00018321145167737136,1326,2.1316154200560887e-05,2.041749856821384e-05,6.865689698956005e-05,3.058992885718623e-05,-2.7845117695223273e-05,-5.6374840615858646e-05,-0.00013980005688099298,5.810378623738011e-05,-9.041826931590133e-05,6.236780969837032e-05
gatY,gatY,-5.3022090314290234e-05,0.0004938743187665643,0.00011328640436621167,1327,-9.15054196437733e-05,-3.563277870548064e-05,5.1935637628689056e-05,-8.629645487981875e-06,6.2014789761467804e-06,3.772947316391915e-05,-8.041605374884504e-05,-5.726430695434645e-05,9.199920091958628e-05,3.256032353779581e-05
yqaA,yqaA,-5.302297571338283e-05,0.000369763678519066,-0.00010194703028133398,1328,5.602100001776023e-05,3.2439071651709846e-05,-6.144288445865617e-05,-5.8269167013957806e-05,-4.417320736917894e-06,-7.246543966020986e-05,1.5518109717567555e-06,2.7913381316417574e-05,4.044508744519719e-05,-1.4798515246482707e-05
ycgN,ycgN,-5.3282053519924694e-05,0.0003874799462709629,0.00010354275913036467,1329,-9.306358821245522e-05,-4.609628569313176e-05,1.8747071393211643e-05,-9.232327503315565e-06,1.8762880500831517e-06,-3.6332010956404495e-05,0.00010675799600777958,7.231198665992367e-06,-3.565678753013679e-05,3.248639225845239e-05
yjgX,yjgX,-5.3414646342940046e-05,0.00025742316960509874,2.1804753494133756e-05,1330,1.7623490617663673e-05,-2.5755808789517554e-05,1.6811107269737278e-05,-3.545311315369666e-06,-1.833000168342445e-05,-9.114183681014715e-05,-1.6645949375560582e-05,4.6688047938442384e-05,1.4811249230845049e-05,6.070366574390965e-06
yrbK,yrbK,-5.383709133903836e-05,0.0007109041209785449,-0.0001967962273088295,1331,0.00010410414355347521,-9.352872217367691e-05,3.898175673468486e-05,-5.426781242229355e-05,-4.7380648160888436e-05,-0.00012391547558659796,3.43023322627961e-05,-3.960974907458285e-05,0.0001511452822687971,-2.3668198740751945e-05
rhsB,rhsB,-5.43166684477984e-05,0.0006661312811889724,-0.00011413397402168063,1332,6.968561759944303e-05,-1.580560186052371e-05,-5.0475412552192014e-05,-8.117528355664922e-05,-4.5501078693487026e-05,6.151148538650753e-05,-8.699404618745458e-05,0.0001322591623692397,-8.027255196807886e-05,4.2451041015396744e-05
acrA,acrA,-5.450040071911472e-05,0.0006497216020141057,-0.0001928236298513206,1333,2.2939089153020227e-05,3.5145706134833375e-05,-6.530480624669339e-05,-0.00015253581218133524,4.620242547184527e-05,0.0001130889354510157,-3.289306668751973e-05,8.02344444367809e-05,-8.404868767533415e-05,-1.7328628575727683e-05
ydiY,ydiY,-5.462601855832781e-05,0.0008699473271784797,0.0001222310147116762,1334,0.00011765383390281345,-6.157921812788461e-06,-9.137206293623589e-05,2.35442974287923e-05,-0.0001254468390497229,-7.019848413717129e-05,3.451712615818583e-05,-0.00016911136493248525,9.624035712267959e-05,0.0001357050396976048
ycaO,ycaO,-5.470315287948562e-05,0.0004957527193922633,0.00012377291874090315,1335,-0.0001372536377704381,-2.228007700595978e-05,-5.885789873581718e-05,-2.0347851968438242e-05,-3.314409941116666e-05,-3.3443712440545773e-06,1.46160767825694e-05,2.3890062387467734e-05,9.399180977603808e-05,8.802683431031365e-05
ykgN,ykgN,-5.472977210877568e-05,0.0004198995385561094,-3.6436755291004444e-05,1336,4.665958989789132e-05,-4.037262950467511e-06,-5.159808339682562e-05,-9.721933957863455e-05,5.1076484375620956e-05,-5.407220952342721e-05,7.954643357782996e-05,-3.038775988308767e-05,4.742783869201116e-06,5.595915031235261e-07
pgsA,pgsA,-5.52436439325542e-05,0.0003452016106956988,3.036130256187396e-05,1337,5.124130007936861e-05,-5.464585367505629e-06,-9.624026278099518e-05,3.9338891605544205e-05,-6.676290494861245e-05,-2.4949978422445407e-05,3.678452441217024e-05,2.6314246267611054e-06,-6.8048957945678226e-06,1.4982842657728122e-05
fdx,fdx,-5.700829604841402e-05,0.0003739024124425899,0.00014626059179430063,1338,-4.661120251338435e-05,2.094245705112658e-05,-4.895434156941563e-05,-7.200328485069706e-05,0.00011203423364934804,1.7020423919992262e-06,-4.27018794182788e-05,1.9173126030321776e-05,-5.184645893726127e-06,4.595199074292324e-06
wbbL,wbbL,-5.715907159042363e-05,0.0003163936221801886,3.6142405872730877e-06,1339,2.3769984774398348e-05,8.590053830153328e-06,3.498692168106506e-05,3.296093087699983e-05,-6.486703807616016e-05,-8.241628182153306e-05,2.5324066935158174e-06,-3.949302698761293e-05,2.1643285741165083e-05,5.133691697585059e-06
yafQ,yafQ,-5.727630290053733e-05,0.00048362558552207517,8.559102368065925e-05,1340,7.87781896256776e-05,5.125346154388709e-06,-3.7021300446511566e-05,-4.2275614220611815e-05,8.326204492824949e-05,4.6009060602453095e-05,-4.868929204154949e-05,-3.8761241431542974e-05,-7.687442575351366e-05,-2.682907031757671e-05
nuoG,nuoG,-5.740949525091876e-05,0.0004432573710096663,2.8742303612232866e-05,1341,0.00012178680119658461,-9.957382261960776e-06,-6.565083613518238e-05,-1.367626549554711e-05,1.360712922084258e-05,-8.976878773215491e-05,2.4821303840242986e-05,3.27087036217036e-05,-5.701570196080894e-05,-1.4264459544638426e-05
adk,adk,-5.744625613447537e-05,0.0005402950355055595,3.8907002703060444e-05,1342,0.00015427991259503934,1.9946334477482273e-05,4.173439347978951e-05,-2.4642946173165613e-05,-3.875724551797042e-06,6.214705123975758e-06,-0.0001341930470015213,-9.606847245272273e-05,-4.0090455640810764e-05,1.9249044009255185e-05
mrdB,mrdB,-5.917784696154166e-05,0.0009108203359992404,5.100735473770086e-05,1343,-1.2855585370720834e-05,-2.272595783758967e-05,-9.12724994858497e-05,-4.7671419340800146e-05,7.873288472529318e-05,7.337710606949515e-05,0.000273711253724061,-0.00016453885743622935,-0.00011078806051278789,-3.514671149641342e-05
xseB,xseB,-5.932400886439009e-05,0.0005063731029230192,-0.00019995739871978235,1344,0.0001196991772248281,-1.921859067399862e-05,1.7235798386974845e-05,-4.622504734637436e-05,-1.9063723262688456e-05,4.3786635040980824e-05,-6.77156260643665e-05,4.2802936376530826e-05,-6.627363536325332e-05,-6.435193318302342e-05
yhhL,yhhL,-5.955433172874669e-05,0.0005754911477786954,-0.00016758498507661517,1345,9.144087585167403e-05,1.93748611375181e-05,8.630885404313306e-05,-0.00010567212918876159,-3.579032833049038e-05,-6.03594674819606e-05,3.2951017876078225e-05,-7.969740073401741e-05,-3.6003414018491136e-05,2.789279911657101e-05
serC,serC,-5.9721825395415556e-05,0.0009803988143989003,0.00014535514783613592,1346,0.0003005845134954671,-2.476592593175249e-05,-0.0001621600567391327,8.206751623089912e-05,-7.017640171234813e-07,5.887700210455703e-05,-8.132651845548251e-05,-0.00021255696376025132,1.8809462670819184e-05,-3.854909099341545e-05
yaeP,yaeP,-6.015152394324347e-05,0.0003582440752256702,-0.0001876214564001559,1347,2.8843555406448017e-05,-1.0266982112877927e-05,-1.1303364118302533e-05,-4.4699053491882764e-05,-2.4514564261690293e-05,7.372962333413278e-05,-1.7886265257619148e-05,-4.585469792395754e-05,4.647309690063257e-05,-5.4672872418126626e-05
tar,tar,-6.0437133510983916e-05,0.0009889367303515363,0.00044987601619170985,1348,3.63847201879867e-05,1.7117811823640588e-05,-0.0002724788909574649,0.00029557967642648765,-8.652683574783359e-05,3.0864630670349164e-06,-7.68220770986319e-05,0.00011208112691512644,-7.45257287890387e-05,-1.4333399338291103e-05
ruvB,ruvB,-6.0454297358659954e-05,0.0005437824012574389,0.00020825267012296067,1349,2.1490084524118006e-06,-1.3627197781764582e-05,-7.137891029247538e-05,-7.577177781988983e-05,1.8044239214179609e-06,1.9190418660549158e-05,-7.870563669103202e-05,7.065366063438832e-05,-6.26348267228876e-05,0.0001478665402806222
yciN,yciN,-6.0455548973984296e-05,0.0003092140572260309,0.0002201746705150292,1350,-4.933963811772275e-05,-4.074589029158958e-05,3.0077710238564454e-05,2.8471448751916176e-05,-5.029169077466366e-06,-2.3402918710657243e-05,-4.147812028728287e-05,9.412814039470005e-06,-2.483906661528878e-05,5.6417281096072626e-05
zwf,zwf,-6.139226841669281e-05,0.0005076352515547289,-0.00030779750193507565,1351,-3.5285738127282236e-05,-2.1611021836881492e-05,-4.302211484566289e-05,-1.8441862065436232e-05,-9.58017085772294e-05,7.213751308281372e-05,1.9204238793712114e-05,3.756878888296088e-05,9.421095080953131e-05,-7.035131453321861e-05
rnt,rnt,-6.168960852087271e-05,0.00039174268536238196,-4.8522985601214426e-05,1352,-9.782581007874367e-06,-3.84761403222817e-05,-3.346555263395622e-05,-5.049439303774629e-05,6.170604046070875e-05,2.6824853334078667e-05,-2.8179535455762722e-05,2.5413531885616495e-05,5.108211274035072e-05,-6.631794448400603e-05
cheY,cheY,-6.188125527121402e-05,0.0009424053318115004,0.0004890212390327896,1353,-2.4576449024469433e-06,-5.0176121093122206e-05,-0.00018956443928551034,0.00032545332831465597,-4.324605796520553e-05,-5.518777584382045e-05,4.9073035097133095e-05,6.573567485835413e-05,-9.287397598258903e-05,-6.863727846866272e-05
glnS,glnS,-6.193809097442701e-05,0.0005752980341542927,0.0005361940444759232,1354,1.9551994839184715e-05,-1.3507574622595669e-05,-6.281358148557018e-05,6.896040182550571e-05,5.58228480549722e-05,-1.9351977145969893e-05,-9.68598750502322e-05,-2.0896615442952722e-05,-0.00010518843881703917,0.0001123447268702702
yqhA,yqhA,-6.203716918445025e-05,0.000477877212513144,0.00011098798886793553,1355,-7.313722364488004e-05,1.0863642083926801e-05,-8.974938617460371e-05,-4.881195214778986e-06,-2.7872466197754842e-05,-1.0489885481513326e-05,8.730944845193405e-05,-6.38270341352662e-05,5.251785987420955e-05,5.722907125427647e-05
ndk,ndk,-6.218370515282922e-05,0.0006073596607905039,-5.233109118804023e-05,1356,-0.00011567004763786794,-7.957971955802955e-05,9.821226580372465e-05,-2.4903060448648144e-05,-1.00577754728055e-05,5.024292606890086e-05,9.760048439336904e-05,-8.226451760533435e-05,2.6532301552842795e-05,-2.2296562248981068e-05
dxs,dxs,-6.224428100945736e-05,0.00038441913865606714,-0.00018498915823846816,1357,-2.5560182587458637e-05,1.0325374172517869e-05,-1.9250700007232118e-05,-4.1197817080540453e-05,-9.177413578318448e-06,9.143288592305883e-05,-5.4904107614108754e-05,3.294091159934541e-05,2.6388257128382807e-05,-7.324148896510387e-05
adhE,adhE,-6.274442658409771e-05,0.0005538018835453874,-0.0001710642246936021,1358,0.00013781213487009108,-3.5060506730564044e-05,2.701541674322021e-05,-6.873440950292129e-05,-3.972933255827609e-05,3.9077713167424074e-05,-1.5298486655167226e-05,-0.00014100983604016135,4.1623463699909454e-05,-8.440583577652525e-06
yfjG,yfjG,-6.277235744561331e-05,0.00035709665283649634,0.0001211296823422804,1359,3.8109043507102676e-05,1.3177558647965182e-05,1.0147471714825475e-05,2.3085775731430904e-05,6.306018220366541e-06,3.464501614598116e-05,-8.577239212223637e-05,2.1691263727769582e-05,-0.00012394898151535456,-2.1313150346390383e-07
prmB,prmB,-6.37555909898787e-05,0.0005434387020861458,-0.00031747987048012414,1360,4.694358239917945e-05,-4.4057722596054046e-05,-6.359145008361909e-05,-8.00104020978703e-05,-7.715280064898875e-05,-5.3302431233376486e-06,9.56462197830605e-05,7.419465491847238e-07,9.650980681670883e-05,-3.345452798814235e-05
fliP,fliP,-6.380201262425286e-05,0.0005036438336550021,-0.00015741066066472838,1361,-3.111256616605218e-05,1.1420490934479532e-05,-4.850562702683696e-05,4.142495981803598e-05,-7.389830523051766e-05,3.3065605384499654e-05,0.00013400985437835947,-3.5564812520640315e-05,-1.6508620963571445e-05,-7.813299123200894e-05
sseA,sseA,-6.390454818274416e-05,0.0007011288659117975,-0.00033974215111309174,1362,0.00015559579894694985,-4.066400349693571e-05,-6.802078569378826e-05,-0.00010367788484787701,1.6301144159848472e-05,9.303369962021394e-05,1.8452295993720022e-05,3.522922014379437e-05,-5.5707424048780424e-05,-0.00011444660895988941
cysK,cysK,-6.425804519088952e-05,0.0006334523040656221,0.00019238924927964185,1363,0.00013528322644384635,-8.533312218261597e-05,-0.00013913075078078873,4.878849793319346e-05,1.7344320184377955e-05,-5.1176128100884154e-05,5.988431438165526e-05,-7.114795749077176e-05,2.329677049429331e-05,-2.067216073195242e-06
cybB,cybB,-6.465625909092951e-05,0.00034281478225620327,-0.00031138272374431624,1364,1.97648887355293e-05,3.421918550383975e-06,3.9653296599300257e-05,-1.1037423433556397e-05,-8.037345915075019e-05,-1.5716029255943554e-05,2.61451130070512e-05,3.498281864003941e-05,1.5111226050332771e-05,-9.660860883331629e-05
proX,proX,-6.487517421016449e-05,0.0008254926767180804,-4.0807921193924355e-05,1365,0.00017542565130528756,-6.043984858563018e-05,-7.46026926304513e-05,-4.197601090503354e-05,0.0001422867209242571,2.6113311474420958e-05,-6.223121614358894e-05,3.6483067549992356e-05,-5.278189947815052e-05,-0.00015315225772126798
yhjD,yhjD,-6.505958669730417e-05,0.0005383228493920988,-7.096919533648748e-05,1366,0.00011259581203190251,5.563634016436743e-06,-5.3642516953971315e-05,-1.9950330416037494e-05,5.22879462532492e-05,-8.912473955071713e-05,-2.641749252861882e-05,-1.2204131741249158e-05,6.618423904580882e-05,-0.00010035200685410754
hdeB,hdeB,-6.51791981568851e-05,0.0018751939710627307,-0.0012319562886714266,1367,0.0003348274317472137,-4.987180699145215e-05,0.00023058875313157232,-0.0002803023432540249,-0.0003639102745019083,-0.0002368846054820674,0.00011898276270862462,0.0002206084388655121,-3.4862428722132474e-05,-4.355125658222638e-06
truC,truC,-6.535790613160418e-05,0.00028753586601501735,-2.9561232679708112e-05,1368,-4.6169479087493484e-05,-3.5677720322131265e-05,5.348552039405331e-06,-1.7963800976151474e-05,4.747271174064099e-06,-1.2403260028766275e-05,4.9430926593624094e-05,-2.99895860551995e-05,5.156223013461306e-05,-3.424303960356877e-05
galU,galU,-6.574747862251841e-05,0.0004992468209907127,-0.0004344596117138184,1369,0.00010992164691754577,-3.195027373443095e-05,-4.4333090401614014e-07,-9.399605597975984e-05,-9.79808892834144e-05,2.9050267912562064e-05,3.876395699317257e-05,1.8348475136442826e-05,2.0665324224373863e-05,-5.8126599904994176e-05
malP,malP,-6.58300671595781e-05,0.0005341438757408748,-4.211627645146662e-05,1370,0.00010523291641502676,4.212032903902167e-06,-4.6259679473478966e-05,1.9104783863252524e-05,3.0126551572405167e-05,7.548061953606171e-05,-4.255657791302711e-05,-1.4812199938963374e-05,-9.315400688357694e-05,-0.00010320450724118006
glpR,glpR,-6.583465396391741e-05,0.0004981319834901813,-0.00020843435738261045,1371,0.0001215995512657969,-3.819017467512504e-05,-2.839455692710769e-05,-9.320115867966142e-07,-0.00010457689588092169,-3.22281124724715e-06,5.910158146960385e-05,3.544753202773122e-05,-7.504127020430559e-05,-3.162559820554561e-05
hflX,hflX,-6.601794165076496e-05,0.0004325874380428252,-0.00014110244333343023,1372,3.739879419159637e-05,-4.8656727520659537e-05,5.683478661588316e-05,-9.303541292241774e-05,4.439355886054151e-05,3.255991592520285e-05,-1.5899440670411997e-05,1.2097692602806233e-05,-3.679277030308443e-05,-5.491833843022137e-05
secE,secE,-6.607568201859589e-05,0.000520968560237764,0.00016754209277981653,1373,1.2056162242700874e-06,-8.358173267508116e-06,-8.93692201138801e-05,5.505753376470099e-06,9.964855271954332e-05,0.00012108651678930056,-3.8280706819281984e-05,-1.5338852898730826e-05,-8.775406731337582e-05,-5.4421100715403105e-05
leuL,leuL,-6.608482542639287e-05,0.0003537384549824383,-9.43864326343107e-05,1374,-3.562130756132738e-05,-4.71467674112518e-06,-2.2085722399278668e-05,6.725430447233259e-05,-8.113446436224457e-05,3.4829111646785234e-06,4.4533108301713e-05,3.5158217567632275e-06,2.504066908253538e-05,-6.63554691404398e-05
yfiH,yfiH,-6.753220706877164e-05,0.00038713534667608133,-3.779199707072001e-05,1375,1.621800834451147e-05,-3.20154174396139e-05,6.875632213592852e-05,-4.160005903036763e-05,3.9494010700538185e-05,-5.829645159950551e-05,3.442916250411264e-05,9.040661185640545e-07,-4.4865795063023086e-05,-5.0556053739916375e-05
tas,tas,-6.755413418968216e-05,0.0004420853457919296,3.798127719394103e-05,1376,0.0001485519618117597,-3.696235648221811e-05,-3.779684161773321e-06,-2.6516341932938874e-05,3.871364398936401e-05,-1.6131753361259062e-05,-6.024718607769257e-05,-2.6431640169373197e-06,-8.155552340369094e-05,-2.6983730554295693e-05
yegH,yegH,-6.810001416680658e-05,0.0003837101894903084,0.000324303281228189,1377,-1.3587886177384523e-05,1.1638296512475878e-05,-2.1719624426668446e-05,7.81598215510166e-05,7.396300635656028e-07,-0.00012098073767933976,-2.1456312940433064e-05,1.806515761858384e-05,-4.816054060473174e-05,4.920218191610903e-05
mfd,mfd,-6.816571465083927e-05,0.0005371937906284197,-0.00015251431067339768,1378,0.00012073694691701755,-3.317705781135421e-05,2.624229879043706e-06,-3.5187417873822595e-05,-6.691457175293532e-05,0.00011115286119272895,-5.838627472761794e-05,-1.4444264256647237e-05,-8.633214318189161e-05,-8.238023035360576e-06
csgF,csgF,-6.84343458682914e-05,0.0006139363809090523,-0.0003417590035227596,1379,0.00011665990940387917,6.315958722782479e-07,7.517062553328229e-05,-8.761598902610725e-05,-7.0385488015137085e-06,-9.690510964492164e-06,-0.00011118120903372707,-1.5216968694927105e-05,8.028888671094074e-05,-0.00011044213686790454
flgA,flgA,-6.87927268303423e-05,0.0003818364770002142,0.00014204349039727922,1380,5.233430249512424e-07,-3.6652745321120455e-07,-0.00014492342645389567,9.433823852199159e-05,-2.0331428789882153e-05,-1.170598702678537e-05,1.0573501525284915e-05,5.108679201270822e-05,-1.0605804242862913e-05,-3.738142794864096e-05
dipZ,dipZ,-6.998563020504394e-05,0.0003853217500750923,0.0002268024459647603,1381,4.620848210167082e-05,-4.515408501299164e-06,-7.531900572853959e-05,-1.3744368175942361e-05,5.3645116736485664e-05,-6.987529548143537e-05,1.8086658002300636e-05,-6.419961225285161e-05,1.220143775252138e-06,3.8507659319314885e-05
yobH,yobH,-7.00148944754613e-05,0.0009786232429677354,-2.4964913770700274e-05,1382,-8.601925447769386e-05,-1.1919112351363832e-05,4.6349864168529676e-05,0.00010144286640178507,-7.536058667747988e-05,0.00019555177969006766,-0.00010002669971981225,0.00011095966398575464,-0.00017742123164786255,-7.357218384738597e-05
yjiV,yjiV,-7.056540608574232e-05,0.0004919975884529064,-0.00014875807658313708,1383,-5.176555562243725e-05,-2.6856744785865597e-07,9.787520191261335e-05,-8.992701129359225e-05,1.1904054636742008e-05,-1.4039076235772205e-05,5.639397697009488e-05,-9.364250199207448e-05,4.454285766413176e-05,-3.163878467758947e-05
fis,fis,-7.063892566590123e-05,0.0010416856987943799,-1.2581756837088464e-06,1384,-0.0003637616079549811,-1.5593914886790178e-05,5.303429613754276e-05,-0.00013659911395435195,8.644492887907087e-05,0.00013778433540464062,0.00012465369118955358,6.940050055295554e-05,-4.020767543401738e-05,1.4205634400476023e-05
dxr,dxr,-7.13204702147411e-05,0.00035105637356218984,8.95570699156999e-05,1385,-8.398829981321495e-05,-4.020669193776485e-05,2.0439522226023224e-05,-3.330454644632941e-05,3.427260788015795e-05,5.099033462080148e-05,2.4664658011048718e-05,-5.368888369115624e-05,1.3505905190421412e-06,8.150238416650844e-06
ybjX,ybjX,-7.196584694582415e-05,0.0004565600162839739,-0.00015043132607987623,1386,-5.823758366970763e-06,5.6129546354262636e-06,9.799382677745402e-05,6.170948576391161e-05,-9.661349776695667e-05,1.875346231108121e-05,8.22735518120177e-06,-4.755389434937529e-06,-8.077571153622893e-05,-7.629457450980512e-05
recO,recO,-7.205614408890609e-05,0.0002539268484660858,0.00011871212742330047,1387,-5.931415326808695e-05,7.761488463231415e-06,-5.4972440128434784e-06,4.072838143564936e-05,-3.9588295645452036e-05,-1.5381745891547807e-05,-3.694469754180699e-05,-6.265359917758672e-06,2.025757641270921e-05,2.218790587699988e-05
yrbB,yrbB,-7.313371963060831e-05,0.0004871558849836289,-1.6205536406270203e-05,1388,0.00010575668526862267,-3.086372834992416e-05,4.6731231907857714e-07,-6.76409941480602e-05,-6.498069826200734e-05,1.283502069718072e-05,-1.862052252264061e-05,-7.931389657487847e-05,-1.87249624496078e-05,8.79520643916283e-05
evgA,evgA,-7.326400784104255e-05,0.0005653110723148403,6.853394591011508e-05,1389,0.00011477941508102145,-4.161405301778351e-05,5.1583958291435365e-05,-6.300582968057587e-05,6.440589015504496e-05,-8.214694018212793e-05,1.525426870939709e-05,-9.90821648171505e-05,-2.9673460940370767e-05,-3.76509143993284e-06
ilvC,ilvC,-7.33792089931025e-05,0.0006325404733383065,0.00033754784686246123,1390,-2.1302113974483023e-05,9.622836331523188e-05,-0.00014415064218499673,8.819635578378416e-05,2.4110600893843345e-05,-8.914922345921542e-05,-2.9052926051407482e-05,-6.930493549560187e-05,5.1267949922690796e-05,1.9777362257051854e-05
radA,radA,-7.367042908408499e-05,0.000432705473524231,-4.843488258626908e-05,1391,-8.486348788684368e-05,-3.672482781967984e-05,1.3986429816105104e-05,5.6113408089904896e-05,-8.624470835861914e-05,-1.4433571672552545e-05,4.783506909243492e-06,3.8386571974094676e-05,6.624760543072485e-05,-3.0921355566462786e-05
ribF,ribF,-7.367053816670273e-05,0.0005196123532517347,0.00011933003751512849,1392,1.046749809807434e-05,-6.131094036315911e-05,-2.4519115528038792e-05,2.177960103841067e-05,4.610553842043855e-05,-9.920607804023156e-05,5.883755524814009e-05,-6.654992199315294e-05,8.578071473745235e-05,-4.505538978463633e-05
yncB,yncB,-7.37250223523658e-05,0.000610423983311687,-0.0003692840554715728,1393,0.0001646722621604743,-4.9632504570577614e-06,3.631559895025926e-05,-9.035061097765431e-05,-5.167705650433201e-05,1.791036172103982e-05,-8.556558057752518e-05,4.945125764788719e-05,-3.00411328854741e-05,-7.947687142998302e-05
rfbA,rfbA,-7.418016201172843e-05,0.000640253400095493,-9.286178567985778e-05,1394,0.00010064519271059467,-4.761323334949387e-05,3.964611787390538e-05,5.3889784758188546e-05,-6.303020021159566e-05,-1.900265409271353e-06,-6.025803365188116e-05,-0.0001100344900389827,8.885552369919369e-05,-7.438055839238599e-05
gloB,gloB,-7.420489307319067e-05,0.0005631800790078403,1.2038200877627977e-05,1395,8.806896604807232e-05,-8.754228625688413e-06,-7.982159639436515e-05,-7.189154246850233e-06,6.120096656899772e-05,-1.1110478012332989e-05,9.521766035025482e-05,-6.014505540342721e-05,-6.65768149379227e-05,-8.509515841992882e-05
ypaA,ypaA,-7.42704963850175e-05,0.00034895772489544705,-4.091159790199549e-05,1396,7.609594317682116e-05,-3.438748212350722e-05,1.008847268445586e-05,-6.197744125567827e-05,-8.956279036750342e-07,4.587717637809096e-05,-3.595638199048136e-05,-7.587668179627779e-05,-2.52049557061261e-06,5.282022015846808e-06
nudC,nudC,-7.433116814542058e-05,0.0006124690266696232,-0.00015641909391812082,1397,0.00019714680178095168,-1.8476355962702166e-05,-3.802557077718325e-05,-8.114688753444902e-05,2.844804563222579e-05,1.041814109188655e-05,-8.278335299428381e-05,-6.0291641009356166e-05,3.3055940757037315e-05,-6.267628912954747e-05
ymbA,ymbA,-7.452753499660753e-05,0.0005476040233414212,0.00022389218683597625,1398,-6.522776942870692e-05,2.419417458613461e-05,-2.754404154093018e-05,1.3251696409450663e-05,6.689627365518016e-05,9.945451696015596e-05,3.274158256148544e-05,-3.35710430317181e-05,-0.0001792572810227127,-5.46564414494646e-06
ftsQ,ftsQ,-7.455154827847469e-05,0.00035922950584708766,-0.0001831919120389749,1399,8.855990514299088e-05,2.5764912116996126e-06,-6.0935990557168584e-06,-4.434240670531248e-05,-4.7244468572425696e-05,-1.5205957166143418e-05,5.794932203344368e-06,-6.671924068219612e-05,4.540765022627164e-05,-3.728485488098662e-05
ubiA,ubiA,-7.471378091073162e-05,0.0004274392957803689,0.0002682934170044094,1400,-7.038642477901426e-05,9.137103050143833e-06,4.6348115397669716e-05,-2.4087720940166203e-05,8.221729510363181e-05,-5.515730023737367e-05,-1.4067932911791031e-06,-2.859811387745186e-05,-7.144018522036518e-05,3.8660243883373294e-05
yqhC,yqhC,-7.50263873641729e-05,0.0005525849244060015,-0.00023268785303726764,1401,-7.529796856037336e-05,-1.1029977011642853e-06,6.546850029100356e-05,-9.029748844172918e-05,-5.983701592974824e-05,-8.354756942282931e-05,3.290742072915391e-05,9.225131949822687e-05,4.815202800252998e-05,-3.722615829242853e-06
yabP,yabP,-7.544444195378965e-05,0.00015661963881706943,0.00010539849192480564,1402,-3.5887888405897476e-05,-1.7073002581757156e-05,-1.6120333378161934e-05,-5.448019447543681e-06,-1.3117000442704011e-05,4.698648749989594e-06,2.346904805894612e-06,-5.6047736008522634e-06,-2.2781022528513022e-05,3.3542044875755684e-05
lysA,lysA,-7.545999207279117e-05,0.0005708158234646967,0.00032467509953808596,1403,-7.231572220032838e-05,4.223011872526135e-05,3.097128730885694e-05,4.512676385022365e-05,0.00011959859641379628,-7.74174439081982e-05,9.751149397814615e-06,-8.490507795403938e-06,-0.00012479642733344095,-4.0117806531372554e-05
thrA,thrA,-7.546722279976002e-05,0.0004227131439363707,-4.864306573260618e-05,1404,3.5793265636965665e-05,-1.5004873275564838e-05,-0.00011028385515412748,-9.604844720846264e-05,5.291850548734813e-05,-6.185196384791518e-06,3.387144116631729e-05,5.1039748277674236e-05,-2.64260880005028e-06,-1.8925202545068587e-05
proB,proB,-7.555171024660442e-05,0.0005459949091080625,2.7035038407940824e-06,1405,0.00015991258907000315,4.650266679863498e-06,-0.00011096807037194674,1.1939318608638565e-05,1.9591623484722665e-05,-5.231221193120424e-05,2.3407991683328484e-05,1.5719809904172695e-05,-7.953798207791611e-05,-6.79550452962664e-05
yeeE,yeeE,-7.577201778834803e-05,0.0004399657243840729,0.00022242065214229953,1406,3.9352736017048305e-05,-1.0558710086578519e-05,-4.340990895818471e-05,-2.6457399644983032e-05,0.00011831898632881263,-2.9655947759432346e-05,-0.00010674293137339997,-2.2506703756778043e-05,2.4425130952001505e-05,-1.8537269506853838e-05
ybdH,ybdH,-7.581701758456694e-05,0.0004412432707199618,0.00033487167675065523,1407,-1.0259741489947523e-05,4.565554872792684e-06,3.7881941352629966e-05,6.345836841667578e-05,7.680726192559902e-05,-2.7062662835424537e-05,-6.449157099230874e-05,-8.68304211975457e-05,-5.914744687780723e-05,-1.0738300759230654e-05
ydgH,ydgH,-7.60646716149923e-05,0.0004311532632352749,9.567462177717577e-06,1408,6.0624151521913534e-05,1.3605052196090682e-05,-3.5506745299876145e-05,5.70839116083097e-05,-7.818624307253131e-05,4.623118048382741e-05,-2.669280653920489e-05,-3.880246389416642e-05,-6.227443536493911e-05,-1.214627325441576e-05
helD,helD,-7.607069517445128e-05,0.0005133059408177021,-0.00010888354518599435,1409,5.8375343747460464e-05,-5.863231588257229e-05,-1.1460358382681982e-05,-8.553320536371025e-06,-6.712093883886289e-05,-0.00010045500756238105,-3.166351598821856e-05,0.00014280696083626335,1.7435318237901595e-05,-1.680286080498891e-05
ugd,ugd,-7.626472048638931e-05,0.0005194578727389645,0.0002685569305965484,1410,3.397171079659481e-05,-3.073504806652716e-06,-7.145383244024177e-05,-3.263812468867834e-05,6.388136024641422e-05,-1.0888796192020545e-05,-4.3786712591701674e-05,-0.00013602032589338188,5.88406355859349e-05,6.490286949734368e-05
yaiL,yaiL,-7.754446685318814e-05,0.0006146218000643565,0.00039198059597436957,1411,8.464463526647851e-05,-1.4340143495875393e-05,-2.5225255346355168e-05,4.2766543045396145e-06,-1.416841593860973e-05,1.2507550839905245e-05,-0.0001371859545019766,-4.45886921410374e-05,-0.00011057467203491806,0.00016710982619466084
ugpQ,ugpQ,-7.840762071184378e-05,0.00035539310172899645,-0.00015580084859365028,1412,-2.536453750801979e-05,-1.1272432858531648e-05,4.4898336247860694e-05,-0.0001370699251513427,-4.2771119856025476e-05,1.5319009963817591e-06,3.7484483768722827e-06,2.5577244532840407e-05,-4.2234584650048894e-07,6.273681035462116e-05
sbmA,sbmA,-7.852615565961568e-05,0.0003840087411401401,0.0002452119089486881,1413,-3.5204943609766533e-05,-3.8576057170672786e-06,-6.491932103530407e-05,7.567805644160966e-05,-5.806637030684536e-05,3.3087645216650144e-06,-2.346416173408989e-05,8.023281267215604e-06,-4.5755045996804725e-05,6.573119050977192e-05
proA,proA,-7.869198894255076e-05,0.0002640702498393062,0.00013687430974994403,1414,3.835863885761321e-05,-1.5789120686828912e-05,1.3496299596639833e-06,3.323991070099127e-05,-2.388970122740387e-05,-1.9996931350758576e-05,-5.7029671720873795e-05,-1.880837298537345e-05,-3.586732141968986e-05,1.974095093010924e-05
clpS,clpS,-7.877896616635272e-05,0.00047273803338220585,-0.00026350484997568274,1415,6.960327421961296e-05,2.4867481268709923e-06,-4.340642517058727e-05,-0.00010934733078245759,-3.155197389474792e-05,5.384389292841327e-05,5.0918578989432505e-05,-6.121016653267425e-05,2.0127039343596817e-05,-3.0242603393812237e-05
pstB,pstB,-7.886936163355946e-05,0.00033108369302520317,-5.248195640024366e-05,1416,2.788597150413857e-05,-4.671546653954633e-05,-9.258540177293344e-05,-3.8142510078389073e-06,-5.6371964229299e-05,1.2926611145594251e-05,2.641274479202239e-05,3.26133063680088e-05,2.6268531886057855e-05,-5.489443779763658e-06
rpmH,rpmH,-7.926838694587305e-05,0.000386505321821185,6.64501242767967e-05,1417,1.8426171506848548e-05,4.044572972783993e-06,-6.92191910452933e-05,-4.7441341866504725e-05,2.874883988931769e-05,5.5083944174770575e-05,-7.214199891325116e-05,3.503156825128628e-05,-4.408432255847981e-05,1.2283370642648862e-05
yrbC,yrbC,-7.937480645170515e-05,0.0003451453287436751,0.00011712700875387643,1418,2.615194568709293e-05,3.506929562557348e-05,-8.410061890392186e-05,-3.085470434547281e-05,4.0884617936782076e-05,-1.1765491760447273e-06,-9.56165975227871e-05,-5.115976494636268e-07,2.1933214336760107e-05,8.84618755977636e-06
fliK,fliK,-7.93819287643819e-05,0.0005654249034987954,0.00037389276185270616,1419,-6.503252761850598e-05,-4.132125940492408e-05,-0.00012373398538647557,0.0001509432642035999,-2.2915501241890354e-05,-6.940014247979267e-05,6.815128701714679e-06,5.721081367826628e-05,8.824627201173302e-06,1.9227653582452594e-05
kefF,kefF,-7.960452686823598e-05,0.00040116423156355584,4.70437499053665e-05,1420,9.675048677334232e-05,-1.7995930149071673e-05,-4.522700555799899e-06,2.655373421933542e-05,2.2432782430656193e-05,-3.107337522199548e-05,1.5042848924326027e-05,-8.366636109817754e-05,-3.785910705942497e-05,-6.526690513142635e-05
wzxE,wzxE,-7.974694173869124e-05,0.0003431179201050427,0.0001142353088065588,1421,7.4533946875401796e-06,-3.0375853990015192e-05,-4.066795298500591e-05,2.6708465951853794e-05,5.7045057107532265e-05,-6.23217742396864e-06,-4.6588259318607144e-05,-2.1058847678817765e-05,4.047857143624947e-05,-6.650933952545229e-05
folC,folC,-8.052113520602889e-05,0.00035897749057204784,-2.4317531402857052e-05,1422,2.468018786332044e-05,-4.8123657248128216e-05,2.1158446223536755e-05,3.190220630298812e-05,-5.9048894967354865e-05,3.9455558087519693e-05,-2.3475453342699123e-05,2.203177920564446e-05,-6.382866269077992e-05,-2.5272644640076235e-05
yjgA,yjgA,-8.056700683836225e-05,0.0004084292290326979,1.610698580710271e-05,1423,6.74810467766979e-05,-1.1663001212828281e-05,-1.2096184770224617e-05,-2.6254404257420802e-05,-2.6027970685848015e-05,7.639769989283085e-05,-3.9211595779275647e-05,-7.0291332443613e-05,-5.8953628786319686e-05,2.0052364427639043e-05
yibN,yibN,-8.067999028460194e-05,0.00037540918508138495,9.324060966378511e-05,1424,-1.242910994041926e-05,-3.5249282049645006e-05,2.020589854437662e-05,3.0480529166600123e-06,-7.453542287263931e-05,2.5924807561231805e-05,-3.624612613387095e-05,2.041815873055218e-05,-6.958464668641891e-05,7.776767964557088e-05
pbpG,pbpG,-8.076461556543723e-05,0.00030815122317459756,0.00016958952103791425,1425,-2.6518621933617656e-05,2.5906856667333822e-06,-4.6228114940983135e-05,5.743021310202788e-05,2.2352374880470686e-05,-2.780384746891996e-05,-3.8149923711796936e-05,-2.038727606843966e-05,3.132003015534823e-05,-3.537013524626007e-05
metH,metH,-8.100496899263593e-05,0.0004301159380879417,2.5853535868893e-05,1426,0.00013560843264078963,-1.2111452619381958e-05,-1.0389086376629141e-05,3.6992641929304276e-06,-6.652276846873472e-05,-2.2631494952706716e-05,-3.521156725184462e-05,-7.444445802686156e-05,-3.4249625844130104e-05,3.524778771393283e-05
artJ,artJ,-8.165630245567492e-05,0.000713857420763791,0.00019651733269448863,1427,-0.0002705882471623402,-3.0109590101762487e-05,0.00015628915581344507,9.629559507256201e-05,9.266696061060465e-06,-1.3815527801345998e-05,-1.1590516500189343e-05,-2.3521204029879377e-05,5.424911220699056e-05,-4.8131776014215625e-05
rpsB,rpsB,-8.21127841788225e-05,0.001285091318482415,0.0007212744047029215,1428,-0.0004207002910642895,-3.2751167185925875e-05,0.00015336960928778934,5.538823489971944e-05,0.00014586674738156856,2.100606001744437e-05,0.00010753278758451312,-9.368302055780422e-05,-0.0001364675725225992,0.0001183258279807615
pepD,pepD,-8.220661979840014e-05,0.0006507432636629303,0.0002362590821145969,1429,5.6652897381568664e-05,1.193210765862325e-05,-9.179960004135201e-05,3.8635347505771146e-05,6.569207579579008e-05,-0.00010703453328288319,-8.503488542429909e-05,-5.53047308386681e-05,0.00011135589359051199,-2.7301192143462865e-05
ybeB,ybeB,-8.331651612475117e-05,0.00031266516697956527,0.00019067697626126438,1430,-3.7439359331894716e-05,1.43743543265355e-05,-1.708741229678408e-05,4.3424768671538085e-05,3.0328242058837287e-05,-5.044657488096127e-05,-3.7466415991471416e-05,-3.547829838892796e-05,2.654696037049617e-05,-2.0072780662118757e-05
murD,murD,-8.398246732700898e-05,0.0005095384313720051,-0.00012239974356453978,1431,-8.653401552818494e-06,1.795536112307797e-05,3.2301405688384465e-05,-1.7977336698807616e-05,-0.00013894320706963717,-0.00010026444939583457,7.11616714171272e-05,3.763010547123804e-05,-3.092205463240923e-05,5.372943832267039e-05
iscS,iscS,-8.402850648845417e-05,0.0004909040760394029,0.0003079766185885478,1432,6.542513523482263e-05,-5.2993423475478946e-05,-0.00012412885471871867,-4.034736351195225e-06,8.185596344944987e-05,-9.104275484715241e-05,-4.963295593627714e-06,2.2003857139409694e-05,-1.0303226277755559e-05,3.4152828951792165e-05
efeU,efeU,-8.4042397857792e-05,0.0002743164446121941,-6.337631778516305e-05,1433,-1.8159677409661666e-05,-2.7807006133528323e-05,3.433211347430292e-06,1.140115602192171e-06,-2.5171917208063827e-05,6.645521357619762e-05,1.4899357373503509e-05,-5.8363264268133354e-05,9.209125477877444e-06,-4.9677556215605874e-05
panD,panD,-8.434587000953056e-05,0.0005771008356656648,0.00012534042340221638,1434,9.80457597929121e-05,-2.2389403718505724e-05,-8.302605904502763e-05,-6.599969237492569e-06,-0.00010163194115615292,1.2737291044487928e-05,6.865244900678697e-06,-8.570162509078802e-05,-3.137435458963083e-05,0.0001287291870899884
ycaR,ycaR,-8.467445699507127e-05,0.00048204915676863683,-0.00018595147472967664,1435,3.62723686295145e-05,6.731288870371303e-06,-3.518415415062352e-05,-1.889430162395891e-05,-0.00013916038736558437,7.356254955173172e-05,-6.00263583591481e-05,-3.009660538253917e-05,5.937941970799598e-05,2.274172312716933e-05
folD,folD,-8.495039193894392e-05,0.0005939218683936828,0.0003480642366307012,1436,8.085941222885584e-06,-6.417940383269329e-05,-0.0001102554502037371,7.125624184222391e-06,0.00011292425739282436,3.896811393674522e-05,7.587476072185995e-05,-0.00010258834933788945,-6.241292679199345e-05,1.150704076883186e-05
sapD,sapD,-8.500785068616833e-05,0.0008618756593349835,3.188892049955927e-05,1437,0.0001673366217336397,-3.0275809764855642e-06,-0.0001662143770425049,2.6803079429292354e-05,-0.00014705339126274596,0.00010060335642132648,-7.539707920765463e-05,-2.4746557775820296e-05,-5.7002768745364574e-05,9.369084674014909e-05
rsmB,rsmB,-8.589410134430845e-05,0.0004224184746228338,0.00034705874649977955,1438,-4.1617379745487454e-05,-4.4678842632912584e-05,1.9233773485271313e-05,-1.8446090576255822e-05,6.0797717183584175e-05,-6.469676236140662e-05,-1.9380099608688862e-05,-1.96240326099414e-05,-4.5713080448878415e-05,8.823069597040721e-05
lysP,lysP,-8.591856003609428e-05,0.00047674842052503546,1.2594956142941198e-05,1439,-0.00015304148185420844,-2.370746878773411e-06,1.1680970871942872e-05,1.8206682968389626e-06,-9.107507919218298e-05,2.5029092430128913e-05,7.990889624957177e-05,-3.4846182355400004e-05,2.438269344722059e-05,5.259260894876749e-05
yifK,yifK,-8.598316529051502e-05,0.00028180235168785646,9.901787520776914e-05,1440,-7.587357252584802e-05,4.629796598622255e-06,-4.398223184359746e-05,1.3247452902221052e-05,-2.487390359720544e-05,-3.645509125585957e-05,-2.707959266675258e-06,3.505422348297765e-05,2.6834314561238332e-05,1.8143805653611447e-05
crr,crr,-8.636680364464852e-05,0.0007807081253348688,-0.0002887078342345796,1441,0.00021637044570460047,-5.840889618957365e-05,-0.00011959603205245987,-5.4599457503622636e-05,-0.00014055575957626855,4.269524762584817e-05,2.7765993649490883e-05,-6.0377319167833975e-05,5.2721075724893504e-05,7.61789814027714e-06
birA,birA,-8.638883977815488e-05,0.0007636047374991351,0.0004402660312613631,1442,1.951376587317639e-05,6.047275945174621e-05,-8.250673422145405e-05,-8.168282779396342e-05,7.442548773283735e-05,-1.0750531169990142e-05,-0.00013573234811925796,-5.9970232065622974e-05,-5.435411526835647e-05,0.0001841959358027302
degP,degP,-8.662995224937713e-05,0.00037516935835508103,3.8677143548222045e-05,1443,1.6623391381508924e-05,-1.6825931849307667e-05,-6.482888270249119e-05,-6.574872147677284e-05,7.378736607890644e-05,1.8133374601681598e-05,3.0976164459918173e-05,-5.1481070320946275e-05,4.74940653083685e-06,-3.201504895271114e-05
hemC,hemC,-8.699701249313688e-05,0.00033135449885776864,0.00013390615866733764,1444,4.6677614487122055e-05,-6.567713707084252e-06,2.680954546030573e-05,-1.644448352961669e-05,1.3013829793168987e-05,-6.208435769088398e-05,-1.4135491276770684e-05,8.792526618171032e-06,-0.00010994370947109716,2.6885226823548087e-05
yhjK,yhjK,-8.721951665118565e-05,0.0005038561789018159,9.436101714571249e-05,1445,-0.0001297474873529555,7.2605107485857155e-06,-5.2691596565579563e-05,3.501241866192504e-06,-5.578008239204988e-05,-5.7318681465915824e-05,3.986419736421558e-05,8.497479924333272e-05,1.6867991129867817e-05,5.584959077312076e-05
uhpT,uhpT,-8.723819809570814e-05,0.00047913319927927263,-1.7762931519591887e-05,1446,3.655645663224841e-05,2.0884743291533493e-07,1.7499694385963798e-05,7.51578868963092e-05,-3.510853503571763e-05,-1.4077134089391713e-05,6.65246152443455e-05,-6.085757966319385e-05,-8.05925332309456e-05,-9.254991666824158e-05
ydcI,ydcI,-8.763065938973796e-05,0.00046959203061285325,0.00014312555256833361,1447,-5.241120538804536e-06,-3.3270900510980113e-05,-6.241599251223844e-05,7.668540714708833e-05,2.249100379971167e-05,-8.46590448443004e-05,-2.1595322237469935e-05,6.10879730387129e-05,3.071630162604476e-05,-7.142896435750219e-05
amiC,amiC,-8.794962129430507e-05,0.0006667135636819301,0.0003218947206179842,1448,-3.940194828140861e-05,-2.593710482949632e-05,-4.91778076729644e-05,0.00010664794039725351,0.00010937926086144422,-0.00013981691548161192,-2.39431646257782e-05,3.2847960803888096e-05,4.050680913122672e-05,-9.90546515968582e-05
entB,entB,-8.800069002078293e-05,0.00029784390621430423,9.366234483439769e-05,1449,4.886747627888179e-05,-1.838693459588549e-05,3.0560450547228424e-05,-4.1645450114818555e-06,2.521077570897132e-05,-5.405906101745712e-05,-3.3996783706966955e-05,-6.409957049507011e-05,2.8290556167915893e-07,-1.8215403290682083e-05
ybaB,ybaB,-8.81504441289573e-05,0.0004526468981803693,7.438782378809005e-05,1450,5.029009297866109e-05,-3.2681052241963415e-05,-0.00013639981152676933,4.1058970708001094e-05,-1.5167820603653184e-05,6.250866713229294e-05,1.599159165441505e-05,-5.337752650749583e-05,1.2398904552335818e-05,-3.2772460274781536e-05
ylbG,ylbG,-8.87283562985398e-05,0.0004920107184843141,-1.596816410396818e-05,1451,4.2522147902498e-05,-3.9084228376774123e-05,7.739649084583155e-05,2.8645341407856607e-05,-4.823281801649051e-05,-6.469050708432611e-05,5.307720093670099e-05,-6.969281437017074e-05,-3.590838595104537e-05,-3.276078359262008e-05
ygaZ,ygaZ,-8.912023479084048e-05,0.0007012017272414788,6.775463489170013e-05,1452,9.373174991190742e-05,-2.27081298952482e-05,2.5207641915130473e-06,1.1097406250232557e-05,7.379395498025158e-05,-0.00014760923092907075,-0.00012926945901178634,6.354463694908707e-05,6.135223394232744e-05,-9.55741611800543e-05
menE,menE,-8.930608226760294e-05,0.00044973819157175833,-0.00014665082190952575,1453,-3.3362505126833614e-05,-7.478097786602136e-05,4.2070651658887214e-05,-4.305879362921973e-05,4.917363550720708e-06,4.119677924772236e-05,2.0693800367856267e-05,-3.848283828754062e-05,7.133745982689116e-05,-7.983702201006532e-05
fliE,fliE,-8.936048192876793e-05,0.0004949020738755037,0.00033764076617663364,1454,-4.484523145264634e-05,-2.8397575944411272e-05,-4.3205856104512474e-05,0.00010329703622805915,3.199280872672686e-05,-0.00011582298581568245,1.189788243099364e-05,5.5583068587588266e-05,-4.8709925754030174e-05,-1.114970283085314e-05
fliN,fliN,-8.951497996852324e-05,0.00037378813643383114,-0.00011271899321331971,1455,-6.889797064506896e-05,2.5608684247389064e-06,-4.3198476321519345e-05,1.8438124643667422e-05,-0.00010877032738592207,2.7762998841001157e-05,1.6476919294439816e-05,6.812189146617183e-05,8.775775562634833e-06,-1.0784783848666813e-05
hisD,hisD,-9.000401020100051e-05,0.0005642592150151587,-6.797628115669062e-05,1456,-4.2682050909516336e-06,-3.927534490832702e-05,-0.00012052130928161695,-3.809747137790715e-05,7.166602957918214e-05,6.355616013376757e-05,0.00010190541269412938,-1.1711658896371563e-05,-6.989191727847251e-07,-0.00011255870388012056
serS,serS,-9.002491904806965e-05,0.0005875480539358723,4.2068761195732996e-05,1457,0.0001799678518199793,-6.9559297615829285e-06,-4.8217532932919545e-05,-3.4519492709315126e-05,3.2663937985616684e-05,-2.9762233806986857e-05,-0.00010670240798600214,-9.05063650926944e-05,3.6129777638305284e-05,-2.2122524202469883e-05
rfaY,rfaY,-9.035740695368045e-05,0.00019690659288773836,0.00013554161167547067,1458,-6.713691849039121e-05,-4.727340773736815e-06,1.6348020331696578e-06,2.3260054414927755e-05,-1.9919224805901784e-06,-2.3975968329321393e-05,-4.57998498466698e-05,1.512240645446765e-05,1.1933359637906363e-05,1.323970426557529e-06
smtA,smtA,-9.066850434806805e-05,0.0004832752206251962,0.00015136982106954893,1459,1.3691807729461206e-05,3.968601375060651e-05,-9.617709262423284e-05,-2.155887191299181e-05,-1.533653536662659e-05,2.8931920406473362e-05,-3.367321968778097e-05,-0.00012022614289499993,4.6747550611664164e-05,6.724606564035884e-05
fhuB,fhuB,-9.075805113738968e-05,0.0007483405758453594,-0.00017748513530042992,1460,0.00015343584558420722,2.365268939228578e-05,-9.818965167669322e-05,-3.5693499143058766e-05,7.266755091341415e-05,2.9715521705806125e-05,-1.760092740798124e-05,4.931965475827162e-05,-9.696959027437617e-05,-0.00017109564498926516
yihE,yihE,-9.09743227828208e-05,0.00047261538001946453,-0.00026624304777732826,1461,5.139817437148072e-05,-2.3850393963152357e-05,-1.3874738559202773e-05,-8.708070144984165e-05,-1.8698724768631713e-05,0.0001067724275437433,-5.6347053254383685e-05,-9.113980344329308e-06,3.2649926703097836e-05,-7.282925906160118e-05
ilvL,ilvL,-9.098647500577976e-05,0.0007014168165703501,0.00015828088565918646,1462,8.62051389288762e-05,-4.0966153916154006e-05,-7.779998472330463e-05,8.166083563151228e-05,-7.25691228268295e-05,-1.1020062843501109e-05,5.1151680103325e-05,-0.0001938463214782757,6.164202359655115e-05,2.4555492522020548e-05
cbl,cbl,-9.115862458705792e-05,0.0004475586280705868,3.6957940921948726e-05,1463,6.865040777625368e-05,-7.289321761456952e-05,5.456208504508033e-05,-2.191439618265651e-05,5.498750892043042e-05,-1.548717090916066e-05,-3.2372415742921034e-05,-5.243292262965347e-05,-1.4085048679532646e-05,-6.0173454570328524e-05
ypfH,ypfH,-9.133726078612719e-05,0.0007345222033561098,0.00017824258404849363,1464,0.00012679796331184286,-1.7604354577269618e-05,-6.756130662394881e-06,0.00010665383040197498,-0.00011718586161673114,3.415598472523401e-05,-0.00011578539133773341,-7.1278812901867e-05,-8.431918097512238e-05,5.398469284593937e-05
def,def,-9.145110446401485e-05,0.0002077567197751508,-0.0001385372158639846,1465,-1.205706163363993e-05,-1.5018553963419206e-05,-5.79089151534252e-06,-1.1788742603877768e-05,-1.141632440866156e-05,-1.7432448431814307e-06,3.075294773516347e-05,1.1852055441678139e-05,1.5547804478726354e-05,-9.178909315146041e-05
fliG,fliG,-9.148765170746306e-05,0.0006285433112498319,0.00040864579131664666,1466,-9.396991926415482e-05,1.2165982417251544e-05,-0.0001621909126182635,0.0001974143827324098,-4.243865136049151e-05,-2.642925954233591e-05,8.902948961491761e-06,4.644117722735785e-05,-3.4986738693401776e-05,3.6033384326735173e-06
dapA,dapA,-9.165251545817173e-05,0.0006228774023274937,7.954988718859843e-05,1467,0.00013351375557992267,-2.1650626150288304e-05,-0.00015431736769751171,-1.8304929201047736e-05,5.523182423079029e-05,-8.758380055061005e-06,1.884454282307353e-05,-0.00011125544662439481,5.8022320800874534e-05,-4.297820916452919e-05
tolA,tolA,-9.197244175043786e-05,0.00046697207888017785,-6.248318190192185e-05,1468,5.517747653647664e-05,-1.160820088135546e-05,6.231755479705207e-05,-6.824728493794299e-05,-5.231743018452103e-05,2.6667883935057105e-05,-2.7346880633483506e-05,-5.756459042649458e-05,-6.238787325151027e-05,4.3336903296284146e-05
fhuD,fhuD,-9.281867981082697e-05,0.0003594033682478914,6.944193991435887e-05,1469,-9.608864412040051e-05,-3.313077182605646e-05,6.60476054294752e-05,-1.874967876304466e-06,-2.7792445545561617e-05,-8.592398436410218e-06,-5.863179622462594e-05,1.6049652518056113e-05,3.321604279736889e-05,1.7979043473632045e-05
paaX,paaX,-9.292631673219959e-05,0.0002999055039163206,-0.00011215605823756332,1470,5.755615531018096e-05,-2.1479838995047558e-05,1.34174083972007e-06,-6.640939698850825e-05,-3.974702977738227e-05,-4.791276141181322e-05,-2.0866883151508785e-05,2.833786175183234e-05,1.2638596409318055e-05,3.6152392810090736e-06
ygiA,ygiA,-9.328806157196871e-05,0.00015753712501993846,-3.367969248210741e-06,1471,-6.024284264625711e-06,-3.357973810946637e-05,-6.826327730440552e-07,-1.9934850066720187e-05,6.84247417517964e-06,-9.159119994828843e-07,7.950847265217148e-06,1.7331210283588093e-05,-2.90395365640652e-05,-3.523563951854917e-05
yejK,yejK,-9.342716131916495e-05,0.0005590874621445095,-0.0001277407012317177,1472,-2.0415953841455785e-05,2.6181893229793162e-05,-5.543585799632833e-05,-0.00010112830595158942,-7.298287463049261e-05,0.00013271638015850172,-3.842596657215648e-05,-3.786835273981458e-05,1.0404627717736677e-05,6.352724930664071e-05
pssA,pssA,-9.3557243601717e-05,0.0003050107361322797,0.0001464524734418512,1473,-1.0357978600075495e-05,-3.396157295248418e-05,-8.513121922438572e-05,1.4425974402599369e-05,5.234648751356277e-05,6.160604234274672e-06,-9.166949579765474e-06,3.279368011484454e-05,-2.0341422514192433e-05,-4.032484699609504e-05
ybhT,ybhT,-9.398458390972224e-05,0.0005393477293862374,9.419350338802854e-05,1474,-1.7025955907539217e-05,-5.616757329238475e-05,0.00010017900240437793,3.991409509752751e-05,2.5219550602856488e-05,-4.3444784312706496e-05,5.736892463349564e-05,-3.079848531537819e-05,-0.0001042001718587403,-6.502918596123085e-05
argP,argP,-9.409928114379932e-05,0.0009870341180282826,0.0003022878947184131,1475,2.6403793495777963e-05,6.893758113226586e-06,-0.0001568871617725565,-8.248200840358404e-05,-1.93748873094787e-05,-0.00011078767155851792,-0.00010707799298389581,0.00020721866433286753,-6.395697755800805e-05,0.00020595120250036962
argG,argG,-9.424246821361169e-05,0.0013541736148153052,0.00022580726243675897,1476,-0.0005199538103639796,-4.842977105005206e-05,0.0003167405803090849,0.00018040856441799106,6.875254570517222e-06,-2.8072589640339594e-05,-6.250448583152584e-06,3.3120601763699446e-06,0.0001226291138268836,-0.00012150142187693462
gatD,gatD,-9.434422964815243e-05,0.0004978092138326779,9.393982585939213e-05,1477,-0.00011957741562807158,-1.6926180782486756e-05,2.680812916171782e-05,-4.6276984843664245e-06,8.165344914228859e-05,-5.686547314235594e-05,-2.0852001150832172e-05,3.074605030120665e-05,6.25248634870497e-05,-7.72279525523023e-05
xerC,xerC,-9.441025961251963e-05,0.00031295406370694364,0.000112821564164379,1478,3.552921330765178e-05,-1.6394376316403386e-06,-1.710428856493596e-05,-6.405191589624977e-05,4.3065270177784315e-05,4.851205673807768e-07,-1.6816042961549018e-05,-4.9531104510203345e-05,-5.4539372095153206e-05,3.0192297994395136e-05
lspA,lspA,-9.468086937994966e-05,0.0002457688844649579,0.00017977637065067468,1479,-5.5709313678953436e-05,-1.4930989142767005e-06,-6.032425918536915e-05,4.4033023354587704e-05,-1.8505565309680655e-06,-3.845367893559048e-05,-1.2393969677295951e-05,1.3816867664580144e-05,1.7328832711593395e-05,3.652838117428611e-07
livF,livF,-9.497249495625106e-05,0.0003507061510439682,-0.00014234287413349944,1480,-9.639188818950273e-05,-7.789750265731641e-06,1.4422588596157873e-06,-4.346427331586636e-05,-4.7806147494028854e-05,7.810076414418866e-06,5.490628293187048e-05,4.809985162106442e-05,1.5608358216889e-05,-2.7387263734980043e-05
pdxH,pdxH,-9.539803670402943e-05,0.000530906593900834,4.950240615424698e-05,1481,5.546342883817277e-05,-4.701203343668395e-05,-2.686697498932022e-05,2.3931428770954087e-05,2.2645528627824e-05,-7.47375565395805e-05,-9.501097766317771e-05,5.42280946571801e-05,6.148579770427133e-05,-6.952477267366932e-05
yjbD,yjbD,-9.551487734039901e-05,0.0006281354046670367,-0.00017956251861601588,1482,0.00020306350781600836,-5.1649412214700795e-05,-1.2807063411173942e-05,-7.471734354015177e-05,5.0019303748227176e-05,1.32274520990833e-05,-3.0988754963567196e-05,-5.2755460849652235e-05,-2.6066447838189087e-05,-0.00011284065818628286
yaaX,yaaX,-9.558094928963581e-05,0.00042102970101878996,-8.796354163333398e-05,1483,-4.1513196901390944e-05,-3.9680666924122705e-05,9.123489123106532e-06,-0.00010879892437901605,-3.4633930660384924e-05,-3.367860628929825e-05,3.0023634629020485e-05,5.750458941360972e-05,1.4412053120924252e-05,5.1660609577916095e-05
trpB,trpB,-9.56803906300315e-05,0.0005212024807712791,-1.3956135587809575e-05,1484,5.0669198619088054e-05,-6.160573283936108e-05,7.373053599079034e-05,-3.8059436678921324e-05,-0.00010032094035265153,4.799196538093136e-06,-5.6388598941047925e-05,-3.89896113042446e-05,-1.3077115584428881e-05,8.356211392265231e-05
marR,marR,-9.5926162063292e-05,0.000580349947092024,1.7221336723325055e-05,1485,1.992387566842325e-06,-6.648844751045503e-05,-4.980410431301952e-05,-5.412189358891879e-05,2.460407212981218e-05,2.4855909137992944e-05,0.00014501470154625268,-0.00015788901795438782,4.5744822133465894e-05,-9.834591210876865e-06
ybjC,ybjC,-9.610199816226185e-05,0.0004601194172578045,-0.0001088624650489958,1486,0.00010081832355703945,-2.1414837548979693e-05,-4.21323203495991e-05,1.3569015404900456e-05,-6.716507703172545e-05,1.9526030872109223e-05,4.809533971372219e-05,-2.0759128927582377e-06,-9.643638990816685e-05,-4.888616997880384e-05
speD,speD,-9.63543367042994e-05,0.0005837035272591884,2.1983684061758474e-05,1487,-9.343648461555426e-05,3.496468999267875e-05,-1.3600809052123185e-06,7.086595474236078e-05,-3.3366615445471535e-05,7.200007355742475e-05,5.789169070941023e-05,7.952186275569962e-06,-0.00013718108539734604,-7.468466561815972e-05
ppiD,ppiD,-9.637558824595933e-05,0.0005838499293486491,0.00014976207676385396,1488,7.010149324321743e-05,1.4103920861070364e-05,-0.00014940122952444032,-1.6139511921541354e-05,0.00011447820862882304,-6.597622236119264e-05,4.5053547818234105e-05,-2.8823267267684345e-05,-8.127075274111236e-06,-7.164545244833437e-05
narY,narY,-9.67013091257504e-05,0.0008397689375886045,-0.0006624729840372578,1489,0.000196111254863725,-5.501682010634956e-06,-3.0166042470299994e-05,-0.0001639945480040578,-0.00013487815598082123,0.00010158521816412897,-5.298025229473833e-05,3.990385698206322e-05,3.3933484221509835e-05,-8.07144425966251e-05
yidC,yidC,-9.712933578075471e-05,0.0006720079934295065,-7.947492550416761e-05,1490,-0.000160217395458831,0.0001551091380565137,-1.9595201766673598e-05,-0.00014688551996987342,4.8838499721109056e-06,-3.8008286940521965e-06,5.900410619567971e-05,-5.4069718715700324e-05,1.474269524477015e-05,5.3699539355301356e-05
tsr,tsr,-9.76763379502972e-05,0.0006134890097672784,0.00024864508117979425,1491,-3.3210641504559145e-05,-1.8935667432336975e-05,-0.00014558292430417958,0.0001486942852904895,-3.302694269204871e-05,-8.464352694197112e-05,7.86845083052829e-05,1.3628203643302893e-05,1.689933866941532e-05,-4.018297098369227e-05
ycdO,ycdO,-9.812320162688898e-05,0.0005203822092429189,0.00023080030946558166,1492,-1.2817146941081982e-05,-8.61935545735206e-06,2.0730217037243395e-05,8.064167964186623e-05,9.23966086096417e-05,-8.140970169164791e-05,-6.795392362282466e-05,-3.1752843389835716e-05,1.7360998519263604e-05,-0.00010669973433216158
ygdE,ygdE,-9.837561050104358e-05,0.0005557269420022999,-4.8973989511512896e-05,1493,-1.4109958065429606e-05,-2.3441428868806185e-05,-0.00010211737150228953,-8.323017380475524e-05,-5.394081692296313e-06,2.8717102206103162e-05,-9.87582623180949e-05,3.2886810296707936e-05,0.00015212229775704377,1.4949455490773305e-05
xdhA,xdhA,-9.845117546561098e-05,0.000698922550405538,-0.00010290794917146401,1494,0.00014336892012696605,-6.988913382892068e-05,5.912682078114924e-06,2.5287611880919654e-05,-3.838508991895741e-05,-0.00013758697441624475,0.00012432224527193152,-6.524358049095199e-05,1.3442281120314428e-06,-8.758208428049974e-05
macA,macA,-9.84927291400438e-05,0.0004481153058622154,-0.0003034541059518282,1495,1.0539657147821675e-05,5.1813826595956005e-06,2.0219273090574606e-05,-3.65302735491345e-05,-0.00011455218242548394,-7.233059995519359e-05,3.641870428193796e-05,5.983158701755856e-05,4.262068416359737e-05,-4.989096157131755e-05
yeiU,yeiU,-9.881327254095671e-05,0.0007341156110601189,-0.0004084686366417168,1496,0.00010000753895900374,-5.207757192284988e-05,4.944492414895959e-05,-0.00012190805532234272,-0.0001244207493624961,-0.00011074591528635112,3.6223986724757174e-05,6.083477013550831e-05,7.113994929135226e-05,-7.312149906497968e-06
fliL,fliL,-9.913644178273078e-05,0.0006480763213746397,0.00031440892603884794,1497,-0.00012581117792103552,1.3318831514519969e-05,-0.00014230756011068967,0.00013310483197134066,-2.3218320019863433e-05,-8.001905370367793e-05,7.364177298621476e-05,5.128270626342234e-05,3.121797060456679e-06,-2.250269823418625e-06
yhfK,yhfK,-9.915024151109481e-05,0.0003117832049296584,0.0002771956479209285,1498,-3.420631395283838e-05,-9.698729768223564e-06,-1.924869178821646e-05,4.171183666619282e-05,6.201545612483257e-05,-1.414506302636012e-05,2.5891889182564015e-06,-8.398247593124013e-05,-2.948085916738941e-05,-1.470458958610853e-05
yeaQ,yeaQ,-0.00010125118383479942,0.00076415807556373,-4.560255349315471e-05,1499,0.0002754878069538665,-3.347958019937589e-05,3.977261302475208e-05,-3.8193157339827905e-05,1.6193025885846705e-05,-0.00014086332675967704,-3.819152360180606e-05,-0.00013010566650231502,-4.446380862669308e-07,-5.1426737209995854e-05
mobB,mobB,-0.00010147675983295215,0.00027820053879802604,0.00027557476681674395,1500,-4.04368377437631e-05,-8.986452779813734e-06,-6.175625261440073e-05,-1.3128859906410474e-06,3.391202950399356e-05,-6.416803845886145e-06,-3.246251750557109e-05,-3.013734464670234e-05,-8.329554188710943e-06,5.44498599785434e-05
iscA,iscA,-0.00010215496991500133,0.0007089070713427653,3.785599830871489e-05,1501,0.00014297089929550476,-1.2905113202427757e-05,-0.0001290184651680776,-4.023359706489728e-05,0.00010883825630415958,-6.838719946470024e-05,5.1566895114217645e-05,-4.7904958097673824e-05,-6.327542588701118e-06,-0.0001007541450424055
hchA,hchA,-0.00010227999629386738,0.00044531214711348964,3.505799601019426e-05,1502,8.295166963772832e-05,-1.8749323124837582e-05,-8.929824187144241e-06,-4.31435781728437e-05,-7.459562341366113e-05,-1.8745293488103592e-05,-4.595026651976724e-05,-6.368216279732103e-05,4.436204327414526e-06,8.412820144466828e-05
nudF,nudF,-0.00010234423667111637,0.00035615362697197196,4.6065237200079714e-05,1503,-8.845721353448088e-05,1.1434553854343826e-06,1.3483286310331149e-05,1.2443051619505183e-05,-1.4875952770198107e-05,4.8448993512180044e-05,3.147765367754663e-05,1.9908254645430417e-05,-0.0001002091669320398,-2.5706598584825408e-05
cysH,cysH,-0.00010252754593574861,0.0005681842535523076,0.00039073385702576686,1504,-0.00011887455836177603,-1.2359168521522176e-05,-5.282505786630966e-05,6.263957292813415e-06,6.667727169425576e-05,-3.1590635682890116e-05,-3.8445085316368006e-05,-8.126139399516212e-05,8.872519826327039e-05,7.116192655793992e-05
yhgF,yhgF,-0.0001025464730805097,0.0005617976929370403,1.9065013570308527e-05,1505,5.6569044996220766e-05,-5.983523226133163e-05,2.037504566584477e-05,4.487775000189015e-05,-3.3464526748173024e-05,-6.387354465214887e-05,4.466454971119024e-05,-0.00012184482633830375,6.313921955311936e-05,-5.315395300881772e-05
puuR,puuR,-0.0001027231346756283,0.0004298626159367578,5.586347694513306e-05,1506,2.7744470077018385e-05,1.3441895589729937e-05,-4.9208220523685644e-05,-1.684204626311638e-05,5.7956683146797376e-05,-4.191979028048155e-05,3.349448444905691e-05,3.0932207367962145e-05,-9.377835248998087e-05,-6.454446574892861e-05
wbbI,wbbI,-0.0001028344150098325,0.0006565336008806134,9.628418709907522e-05,1507,-3.8692621968878285e-05,-2.13737349721635e-05,-1.3119508191090098e-05,4.822316489588898e-05,-0.0001268688939816151,0.00015325581290915404,-9.4802502521961e-05,-3.346605517956408e-05,-5.136069112995094e-05,7.537061513034748e-05
rpmB,rpmB,-0.00010331598944462607,0.0006079174369781375,-6.786950185505981e-05,1508,-0.00010179563804216549,4.522703821484639e-05,0.00017397881994560106,-4.0502418881059206e-05,2.2930560667694555e-05,5.108966053037299e-06,5.055338885576382e-06,-6.839733132729832e-05,-7.690043752438045e-05,-6.802088743647828e-05
inaA,inaA,-0.00010346086892197778,0.000820394811402429,-0.0003953221537828751,1509,0.00012672269665079232,-8.372420893965883e-05,2.3320897899924443e-05,-3.5235934099721527e-05,-0.00015933303396494972,-9.31529788274135e-05,0.00010651772363701481,0.00010190565305249405,-3.5659141042704675e-05,-5.4822543287755154e-05
talA,talA,-0.00010424916059271282,0.0008269981900867672,-0.0005258411783227789,1510,0.0002775585323353344,-5.7172149360572414e-05,3.7035872996812095e-05,-0.0001921051948422065,-1.1256629634008263e-05,-5.0780526514868276e-05,4.678010941488063e-05,-1.8322268842326776e-05,-2.430356116422663e-05,-0.00011168334498153112
yjcE,yjcE,-0.00010460316292253298,0.00032307614911857946,8.060201413134414e-05,1511,4.136556759172772e-05,-1.8239584758146076e-05,-8.021385271567694e-05,2.2657368412520597e-05,-3.0395392067558957e-05,-1.305492152525627e-05,4.5213557093774915e-05,-4.4233674923535146e-05,-2.3439679289826757e-05,-4.26255074055606e-06
ftsN,ftsN,-0.0001046747590304998,0.000561121052948322,7.011677568229043e-05,1512,0.00012874272711307257,3.74829987575271e-05,-7.870366136976007e-05,4.8364559527134416e-05,-7.927641276241605e-05,-0.00011365694490637366,-1.1250938466200685e-05,-2.8480692653859113e-07,-4.972514155812178e-05,1.3632861561176962e-05
yebK,yebK,-0.00010520373875923398,0.0004960544696040777,-0.00015467626113772074,1513,3.6945285413501846e-05,3.929205298874469e-06,-6.337930079380964e-05,2.8173633286630265e-05,-8.65773810545412e-05,-7.771295572775452e-05,-1.423214424984087e-06,4.829057707694598e-05,7.808666434646933e-05,-7.153625218056643e-05
ycjF,ycjF,-0.00010557084501078637,0.0004576057975137174,0.00018884120600031924,1514,7.978167908694333e-06,-1.3821334119414927e-05,-7.519168838591343e-06,9.581002837450078e-05,-1.4900919220556048e-06,7.222927996827044e-05,-6.239005025729194e-05,-7.15837422552143e-05,-7.209917791200505e-05,-5.2684755957678745e-05
yniC,yniC,-0.00010557395922555822,0.00024901519899800975,4.483791797929609e-05,1515,2.2745701129490217e-05,-1.6678139074155568e-05,1.3602905406088181e-05,-5.0596192740106225e-05,1.2683166641592463e-05,1.5143841233672224e-05,-6.826906623821648e-05,-3.84970536070292e-06,-3.790147569860281e-05,7.545005475382698e-06
dcp,dcp,-0.00010578107330966088,0.0003289616417287093,5.4887987821831886e-05,1516,2.676552442622892e-05,-9.992475846136442e-06,-1.7085359471443445e-07,-5.093359006245834e-05,-7.433517560125987e-06,3.829483125826769e-05,1.3609363646357775e-05,-2.6404539942603134e-05,-0.00012243638051314675,3.2920564878669824e-05
ybiS,ybiS,-0.00010651974573215923,0.00047729345774225523,-1.6687785082047588e-07,1517,4.037875696174234e-05,-9.691101733724754e-06,-3.2689625900338934e-05,-0.00011920296200294252,-1.5483464734241298e-05,4.67531798448071e-05,-7.664287175230962e-05,1.69118042528046e-05,-3.8196575613650086e-05,8.134311494569396e-05
trkA,trkA,-0.00010660879711079356,0.00030277257656204803,0.00011255017105270336,1518,-4.115240027021982e-05,-3.850968872465422e-05,-2.2376177380271476e-06,3.0959197743153164e-05,7.785832212745915e-06,2.1469250930569537e-05,2.7751812017135958e-05,1.0115796822022656e-05,-8.701663711857542e-05,-3.577434298494419e-05
gltK,gltK,-0.0001068991682980453,0.000502381816829542,-0.00038956705423483614,1519,7.726852343429541e-05,-5.2264153804051336e-05,1.3564335739868391e-05,-6.389849417089285e-05,-8.724107803263104e-05,-4.143227493301614e-06,4.8590086024693114e-05,1.2185841931738317e-05,4.6132537135153153e-05,-9.709353906291684e-05
aldA,aldA,-0.00010728577314546138,0.0005697983411078358,-0.00023178625174197364,1520,2.6553866693650147e-06,5.151157000691004e-06,6.0675533457174875e-05,-6.779961025865785e-05,4.682516970047696e-05,6.065651540866099e-05,-0.0001221808749824541,3.6659218069792925e-05,1.8633303675025436e-05,-0.0001485615718855366
gntR,gntR,-0.00010741991413807856,0.0003743803885347161,6.70650826866271e-05,1521,5.1011149960386966e-05,-2.5458388065245322e-05,1.1012426064008529e-05,-1.0767250786792185e-05,1.1141633830065092e-05,-2.9009319501391418e-05,1.1831951930618132e-05,-0.00015511339421396975,4.848307541324005e-05,-2.0551798768998648e-05
ybhA,ybhA,-0.00010756067364833973,0.00042603976912948413,3.48223783520418e-05,1522,-5.24131003981176e-05,-2.2253258660803322e-05,-3.691160729584901e-05,3.510879733924275e-05,-5.682910594234981e-05,-5.523782388157701e-05,-2.8506486165173272e-05,8.859003048880925e-05,3.55407199125202e-05,-1.464883904504192e-05
aer,aer,-0.00010790065389922513,0.0006891413945605252,9.234185697763378e-05,1523,-9.605906486235259e-06,-1.1551112424003673e-05,-0.0001481790421512233,0.00010072096535533447,-9.384940087221505e-05,4.076883229256091e-05,7.408880409733516e-05,7.504176858541947e-05,-0.00012068459935228274,-1.4650962943915114e-05
accA,accA,-0.00010833307342566742,0.00043054679564775533,-7.094172096454837e-05,1524,2.1892804244113885e-05,-6.279762098991895e-05,-5.0920516944556525e-05,-3.7965554836317745e-05,2.2439587330723424e-05,-2.4394471470416948e-05,2.6732585036359365e-05,-1.9250340605987635e-05,9.004188449984728e-05,-7.411142968951357e-05
pth,pth,-0.00010835203300859097,0.0004628540927455279,4.639053082704935e-05,1525,4.309852747248851e-05,3.766099164785332e-05,4.8136641036790046e-06,-4.6323975643030236e-05,2.900975400328587e-05,1.2714269007961594e-05,-0.00014703190066891797,-7.858065711408477e-05,4.995382363320015e-05,-1.3666529451026447e-05
yeeD,yeeD,-0.0001096075432796643,0.0003006458148435906,-6.66292650740571e-05,1526,-1.7122036638775977e-05,1.3914160458726055e-05,1.1733331300831884e-05,4.04520823779393e-05,-6.302285488670435e-05,-2.5851920998895343e-05,2.94195616444659e-05,-2.8597174433763628e-05,-4.985060435392493e-06,-6.554763166809565e-05
yciB,yciB,-0.00010974717207414931,0.0005462635023032794,-0.00020691633059396295,1527,-2.6158506536786476e-05,-2.6430130218819332e-05,-0.00010856235510024476,8.522593998807668e-06,-0.00015198549176737342,6.310631375810832e-05,3.698262126458493e-05,4.059557875722603e-05,6.905105733583816e-05,-1.4868853565490372e-05
argD,argD,-0.00010981499284689909,0.0005303498958046654,0.00018597709597702327,1528,-0.00022596579460254732,-1.7066736229070966e-05,0.0001174720527974431,5.5403353176282203e-05,-3.054306551664084e-05,9.230873402073477e-06,-2.2389040532704196e-05,-2.4117807444818895e-05,1.4940408197663617e-05,1.3220763905420733e-05
atpD,atpD,-0.00011003771518786844,0.0009842747125538885,0.000320390987582055,1529,-0.0002746808125348721,0.00013150441720372025,0.00014702511576750152,6.203473727379747e-05,9.655422843799088e-05,-3.3685143515624223e-05,-7.78904760304535e-05,-7.66430501324329e-05,-3.084440214280076e-05,-5.341232951469509e-05
yedE,yedE,-0.00011085109150569621,0.0004257432163372882,8.787385880639979e-05,1530,3.574574475289474e-05,-1.0781022418863026e-05,-5.14417386349988e-05,-3.98474236610948e-05,3.703440398881367e-05,-4.2365911893729274e-05,8.46659136740876e-05,-6.010324854314017e-05,-5.508221209229908e-05,-8.675596677367079e-06
fiu,fiu,-0.00011128617523057731,0.0003043837052971464,6.103407134250286e-05,1531,-8.199810526367925e-05,3.912806850824933e-05,1.3851887868976374e-05,4.1529136474919454e-05,-5.762942469254663e-05,1.5958442750163653e-06,-4.092630964790315e-05,-1.8255336933322775e-05,4.438279061230218e-07,-9.025763726410043e-06
yddV,yddV,-0.0001113319112014728,0.0006090318216808268,-0.0002193204519286953,1532,0.00011666709085477151,-8.264113898589039e-06,-5.4234406498179914e-05,-5.6922448889994615e-05,-6.555898719731947e-05,9.153971109425915e-05,-6.58022258115753e-05,-6.655493866772145e-05,4.064315329064627e-05,-4.284474547776998e-05
lolA,lolA,-0.00011142407005650473,0.0004327587720592851,1.1446508053807824e-06,1533,0.00013961936525009415,3.251005638558811e-06,-9.680756560066796e-05,-3.0457196810548005e-05,3.181394938753841e-06,-1.1222332409551052e-05,-9.182192321847172e-05,1.4615585173983371e-05,-1.3918495264888348e-05,-2.7863907753767815e-05
purT,purT,-0.0001117257952333114,0.0002880650789760317,0.00019962249565052368,1534,-9.393909248538032e-06,-1.7756014545567513e-05,-6.452858100627812e-06,-2.626576374197637e-05,2.0195337493818925e-05,1.795552792077764e-05,-8.467814136270757e-05,-1.6772617593405038e-05,-3.857613251184922e-05,5.001877645676359e-05
mreB,mreB,-0.00011268822125139075,0.0004515594099583737,0.0001548188863429301,1535,-1.1920306593549007e-05,-7.375568899360798e-05,7.513441599279575e-05,9.43011783606957e-05,-2.1634550752952277e-05,-5.7519840736907624e-06,-1.702863763823532e-05,-3.0013665368377798e-05,-7.041768712249532e-05,-5.160129506197374e-05
htpX,htpX,-0.00011289293557074952,0.0002927732742180296,1.8412650519372852e-06,1536,3.994754294761641e-05,-3.1749367445348236e-06,4.10493518528516e-05,8.943274523172018e-06,-1.965076045369201e-05,-6.189458698602421e-05,-3.633455962633548e-05,-3.694129660799034e-05,-1.8615146926549438e-08,-4.4818349328886114e-05
yebF,yebF,-0.00011401548532414967,0.0008196219672141667,-0.0003002378012558238,1537,0.00016432731593890863,5.020317717189568e-06,7.076023050431845e-05,-5.731183343458654e-05,-4.950855338830636e-05,0.0001126953767845919,-0.00011330328901887857,-4.850471964192458e-05,-9.788407431836833e-05,-0.00010030625646709383
flgE,flgE,-0.00011446227162723556,0.0010010692927216397,0.00042672671915112807,1538,9.586612691785958e-05,-3.1996886277832065e-05,-0.00020649027422678707,0.0002955939784180705,-6.16241290174731e-05,-9.56639993033867e-05,4.785746896944474e-05,3.9859362418272495e-06,-8.415286771030758e-05,-7.783762563865112e-05
pitA,pitA,-0.00011488072965017964,0.000349730385740198,9.744659742549027e-05,1539,-0.00011445175995283548,1.8018855962121078e-06,7.491082495880464e-05,-1.0866540767032477e-05,1.125204859746352e-05,-2.007904017795199e-05,2.6307487067109373e-05,-7.780564285459316e-05,3.152581825419563e-06,-9.102573942775727e-06
dppD,dppD,-0.00011552344428046307,0.0004340156512978107,0.0001475966832841736,1540,4.473763737896694e-05,4.939965353538952e-06,-0.00015936371796026818,-2.6611847782652534e-05,-1.0929014359061766e-05,-4.688671245651618e-05,-3.09782552306382e-05,1.6047915968805928e-05,3.994310316379239e-05,5.357748164356957e-05
glyS,glyS,-0.0001156107697188859,0.0005914547460876989,0.0001286933374645048,1541,0.00014264288470174826,3.225468591409392e-05,5.945793609585515e-06,-2.7598549257912853e-05,2.6475627664413106e-05,2.29387908282565e-05,-0.0001803688106109785,-2.66078947150091e-05,-0.00011895750331939195,7.664205466309204e-06
yfdH,yfdH,-0.00011577484464779373,0.00028654911300603165,-0.00013681680234944,1542,-2.8143017413266042e-06,-3.27261825748625e-05,-4.128833877866812e-06,2.2274449168535544e-05,-9.500250979285865e-05,1.8658885663405556e-05,1.3021316099367487e-05,3.1432483247810386e-05,-1.2922387965704372e-05,-5.3567762874293756e-05
relA,relA,-0.00011593401456962436,0.00045783097896317815,0.00020947626239604892,1543,2.3110597095950016e-05,-3.22398479118942e-05,6.334182524331871e-06,5.773439053935094e-05,4.3640995296531406e-05,4.0128316740612626e-05,-4.851831587738499e-05,-6.661280814162846e-05,-8.49072629128235e-05,-5.460426192267009e-05
eno,eno,-0.00011598184923710834,0.0007022240981320804,-0.0004512563627676569,1544,0.00017730185109791365,-4.296128402717433e-05,2.287804132666058e-05,-1.796238101653885e-05,-5.5101152244218175e-05,-4.6766473239025914e-05,-3.325739088122158e-05,-2.4987195347899593e-06,9.29412320229118e-05,-0.00021055557274162555
menC,menC,-0.00011656450218173946,0.0009263735866404117,1.1648895728767913e-05,1545,0.00015729278203957973,-1.0452716033183898e-05,-9.79566744548808e-05,-0.00010588166009893875,-0.0001066817986545342,3.59930074299711e-05,-9.269341752322522e-05,-0.00010780277764631267,5.15130972327981e-05,0.00016010565552698717
glnP,glnP,-0.00011686606503203591,0.00044123853545263735,-4.250476903023227e-05,1546,3.598889269985043e-05,2.082736425336701e-05,-2.659994927633572e-07,4.88054716048011e-05,-4.878343761726274e-05,-0.00010340722864997712,-2.4580990505422686e-05,-2.2307192958238257e-05,5.6564506652282156e-05,-7.970745101867246e-05
yajO,yajO,-0.00011689641932442085,0.0006008905024347218,-0.0001521649479235127,1547,0.0001478206432421719,-2.8217994612041515e-05,-9.862228264710292e-06,-0.00014719053714544204,-3.134172513966613e-05,-2.7186750942623524e-05,3.747625396550666e-06,4.642719425528655e-05,-0.00011509422477508783,4.4001578661141364e-05
pldA,pldA,-0.00011695075042201843,0.0005928265193753263,-1.8351034948069115e-05,1548,8.581014857680427e-05,-3.8031799194465505e-05,-6.144451000769591e-06,-3.774752178584596e-05,-9.628571229296788e-06,-0.00013525124080189784,9.638655467291549e-05,-0.0001078102512164957,5.574118122693422e-05,-2.027479966990103e-05
yeiP,yeiP,-0.00011781905343699222,0.0004067419594727644,0.00021191513522690137,1549,-3.842491925338362e-05,3.478777929209257e-05,-7.358679919321333e-05,6.966576830306534e-05,-2.170384174513301e-05,-0.00010538676962879182,-2.2264290971378765e-05,1.872961420069945e-05,2.12782912220287e-05,-9.138856629777438e-07
cspE,cspE,-0.00011782298752681906,0.00047935323368779624,5.680385728856231e-05,1550,-0.00013986265696699728,0.00011134219366657063,-4.309215263024176e-05,-4.01935896764231e-05,-2.862219242791312e-05,-1.2414627784075831e-05,-1.0286986039091753e-05,3.1116712428710106e-05,-2.41159050825648e-05,3.830621698520785e-05
rffE,rffE,-0.00011886471932356326,0.00031934491625217786,-6.69989138915601e-05,1551,1.941169926714273e-05,-2.678579242195967e-05,-1.8113609040610124e-05,-8.079517649785701e-05,7.935341767667013e-06,-1.9862965241107936e-05,-1.3382512994248377e-05,-4.009277971471576e-05,7.289305742949757e-05,-2.0071981877371673e-05
creB,creB,-0.0001190070343027564,0.0003053161756220637,-5.9605897280451555e-05,1552,1.6330498980661666e-06,-2.2422841748045388e-05,-5.099483485670438e-06,-3.107896904830683e-05,-1.0426499874871003e-05,-5.2218558969560126e-05,3.875499954747557e-05,-4.3114254967530115e-05,5.276652121411189e-05,-4.7800996868426154e-05
mtlR,mtlR,-0.00011923778862731629,0.000398924735338165,-2.613610969468623e-05,1553,-0.00011393297554290211,2.515753173530769e-06,3.4054782514837785e-06,4.3479057989717325e-05,-2.2378758808819217e-05,4.137030150000696e-05,4.907288244068554e-05,-9.690415040788105e-06,-1.929186424833187e-05,-9.378724834189937e-05
yfjD,yfjD,-0.00011932601887321071,0.0009396227291446045,-0.00017527215763848985,1554,3.2710942906539117e-06,-1.1151248153430336e-06,-0.0001426443453755719,-0.00021956963119315297,9.760455993139346e-05,-1.2266274152339694e-06,0.0003092727009136496,-0.00013269893871713942,-6.885689498375616e-06,-2.5334016994090758e-05
molR,molR,-0.0001197794736442292,0.00029801480945236916,1.5097900358087078e-05,1555,-1.385632257230043e-05,-7.938441008519422e-06,8.212105160272777e-06,-4.322898029452134e-05,2.82964743228677e-05,2.6387978343941098e-05,2.6221110076988403e-05,-9.836277439373916e-05,-8.10234260780141e-06,-3.740828067141742e-05
grxD,grxD,-0.0001197895080498226,0.0003602503619447059,0.00015734696637123815,1556,1.7805303654919968e-05,2.1109348235673598e-05,3.352357327721699e-05,-2.9013472618923345e-05,3.7003357580214385e-05,-2.1116410409432712e-05,-0.00010321954304372486,-2.1199668366561865e-05,-6.54708405586215e-05,1.0788844199416734e-05
exoX,exoX,-0.0001198058638371511,0.00041787983030184915,1.9962811334200425e-05,1557,5.08302853193221e-05,-4.254164696825344e-06,-0.00010134701572054304,-4.688722954271276e-05,-3.382406512470128e-05,4.4458536268821755e-05,-2.7346500815944544e-05,-5.518387116877317e-05,2.295839322826648e-05,3.078976841593871e-05
secG,secG,-0.00011981020117864386,0.0005835756376348625,0.00030279241863859,1558,-0.00013797468183351358,-1.6779727201897637e-05,-7.161131930837226e-06,6.933544308909723e-06,6.53882808960882e-05,-8.714808656165074e-05,0.0001403916094981362,-2.8860032862028286e-05,-7.376925901682568e-05,1.9169283524975194e-05
yliB,yliB,-0.00012039260634820439,0.0006307725831512536,4.609111558794682e-05,1559,0.00012640060860802835,-4.604421325303965e-06,-7.935572666646981e-05,3.248949927780497e-05,6.81596485163792e-05,2.693091037672338e-05,1.2093216225886935e-06,-8.280405140897791e-05,-7.101850217466435e-05,-0.00013779989317431297
proQ,proQ,-0.00012063452581995807,0.00048270820747588986,-6.881820201579277e-05,1560,7.302796801678272e-05,-2.539368175859217e-06,-2.344716666048804e-05,-5.783898421010767e-05,-2.003544266859656e-05,-5.161128087880459e-05,0.00010800887281118319,-9.43490333731341e-05,-3.4998153641762594e-05,-1.6851937039171203e-05
ptsG,ptsG,-0.00012071303036447753,0.0004486848651510509,0.00031879654602134857,1561,-0.00020547099141867092,3.154142359461402e-06,1.0049188330093184e-05,5.025726304150546e-05,1.6044767170584818e-05,-7.922795633909332e-05,1.751531534095681e-05,2.371113343442931e-05,1.0514380099910517e-05,3.273972761634519e-05
livG,livG,-0.00012074212269170512,0.000361917096975929,0.0002525562307955339,1562,-7.735268924700036e-05,1.3009144188754796e-06,2.731495281772144e-05,2.3689667436299577e-05,4.768304470885563e-05,-3.124322615344025e-05,2.0598907760359823e-05,-4.201597938117033e-05,-8.525205695896528e-05,-5.465658093240837e-06
uxuR,uxuR,-0.00012081638078388904,0.00038655985772277017,0.00020655304353476263,1563,-6.076913520720542e-05,1.8045625416418175e-05,-6.571469026315436e-05,-5.500045375951502e-05,-4.06085082351846e-06,-3.5838906809904684e-06,-1.3456198651959728e-05,1.289647709455212e-05,-5.110289986698617e-05,0.00010192963595847026
flgC,flgC,-0.00012082562758305057,0.0010272177977669278,0.0007325446769946395,1564,-2.0243653381351233e-05,4.940316500591628e-06,-0.000278093235503606,0.00035981584162539566,-8.354103071706797e-05,-5.8485215988354684e-05,-3.66349939402185e-06,5.8855213168484646e-05,-0.00012999507769058752,2.9584713797466755e-05
yhdE,yhdE,-0.00012096357335722399,0.0004844642167944129,0.0002938818955929477,1565,-5.4546048671340215e-05,-8.053512125630292e-06,-1.3238518158069114e-05,-1.0165745299619273e-05,7.115101201343584e-05,-0.00010030552561332242,-5.6718455382929493e-05,8.512541530111337e-05,-5.968608982490766e-05,2.5473894404045253e-05
yoeB,yoeB,-0.00012104010323834603,0.0005735114609679382,-0.00017870019206988626,1566,7.769668160798552e-05,-2.66529971704785e-05,-9.183979057741836e-06,-0.00010225785561929707,-1.2963603522429196e-05,9.107927909342356e-05,-0.0001538986163943755,-7.670041826430112e-06,5.7459718163386995e-05,-3.4648688512389874e-05
ilvG,ilvG,-0.00012113163855910958,0.0005949760376597571,0.00020868526702565713,1567,2.6421621050809057e-05,3.555343954500521e-05,-0.00018006618846513786,-7.653277435881243e-05,6.120954734316798e-05,1.0836322927343816e-05,4.259951889237523e-05,1.2017085427042458e-06,-0.00010145487528548306,5.91000412489182e-05
yadG,yadG,-0.0001217951142064579,0.0006418195646537491,0.00025127020155785694,1568,-6.928671897803287e-05,1.7343522410839427e-05,4.8793598623360766e-05,-6.336234200857133e-05,7.159307935302623e-05,-8.15068976625214e-05,2.2246166299096398e-05,4.352905220607812e-05,-0.00016765138078097787,5.650680633124463e-05
potH,potH,-0.0001219753514007202,0.0005935409027607911,0.00019075051530978012,1569,3.440427858428449e-05,-8.026451801289634e-06,-5.909955306685566e-05,-9.499236083724676e-05,9.775100634088617e-05,-4.200421778918845e-05,7.199855430397422e-05,-1.8801282300702544e-05,-0.0001348342612854726,3.162893645089053e-05
acrB,acrB,-0.00012236161888235533,0.0007265153034143577,8.900469224007519e-05,1570,5.349123946062937e-05,-4.276521804326698e-05,-6.221543296717306e-05,-3.6493558307083735e-05,-0.00011163226972467847,-5.354716041142134e-05,6.31377577080455e-05,-0.00011778482169473287,5.400048038670413e-05,0.00013144736471062214
dut,dut,-0.00012258519687880653,0.0004919145244940968,0.00020936670722822306,1571,-6.210499485187842e-05,-5.805745179258541e-05,6.749381983754956e-05,1.657357753204223e-05,3.318341449480943e-05,-5.631260655545797e-05,6.741385194324395e-05,-9.024494302055268e-05,-3.416362761383381e-05,-6.366236852143389e-06
yfcL,yfcL,-0.00012273150720125783,0.00038280180100583484,5.5277638491468036e-05,1572,-6.285366966233277e-06,2.842710969451856e-05,-2.171121207110377e-05,5.6045630603964835e-05,1.5468912123895306e-05,-3.933284902916608e-05,2.9787967011524977e-05,3.055274683848376e-07,-8.019574895428817e-05,-0.00010524147708275503
btuR,btuR,-0.00012277064406644093,0.0005318192404395745,-0.00026611834415501804,1573,5.16992354453875e-05,-3.7876805357770207e-05,-7.474727402612468e-05,-6.227452325140868e-05,-8.50594152840723e-06,5.7119534839750186e-05,-2.0226368758383345e-05,6.452500718407771e-05,3.118052071735137e-05,-0.00012366402933091357
sdhC,sdhC,-0.00012286356722517814,0.0004256219432185118,4.059417296685278e-05,1574,-0.0001158276498682607,-2.0473943901104394e-06,1.6747128452427552e-05,-1.0311657201661359e-05,1.2870295010838685e-05,-1.0238910274399613e-05,5.509328251059367e-05,-9.212380854907285e-05,6.666848202280693e-05,-4.3693334938340006e-05
aroD,aroD,-0.00012309704727841525,0.0003973138526498516,-1.2149752982352477e-05,1575,-1.1880524355537e-05,-7.604018931391719e-06,1.0382984647467662e-05,3.208335325141297e-05,-7.831444528179112e-06,9.464206478683755e-05,-4.1969633670252356e-05,-4.513869155181651e-05,-5.390582807333901e-05,-9.187530885361773e-05
srmB,srmB,-0.0001234971004399747,0.0005198859221016119,-0.00014931067509473938,1576,-3.764751062472954e-05,-1.2238179769249944e-05,-5.390193413877968e-05,-1.1307928225255043e-05,-8.899211059072373e-05,-7.510535775763518e-05,0.00014125959166756813,5.693481916325043e-05,-6.394641213041889e-06,-3.6103848951378254e-05
yiiU,yiiU,-0.00012396258639400324,0.0005914273830604506,0.00017535116201882438,1577,6.697168318804348e-05,-4.8758523610133316e-05,-1.5291108161351542e-05,-9.887538097060693e-05,3.908304751145117e-05,7.500422665915759e-06,-6.023875511224863e-05,3.469062369624694e-05,-0.0001345312168728865,8.548662127156633e-05
yedS,yedS,-0.0001240530317906938,0.00038575534243775523,-0.00016030628031087597,1578,3.1841706230731237e-06,-4.1675667552731724e-05,-5.091169189875894e-06,-1.8883642338258696e-05,2.175682717256191e-05,7.871110507867044e-05,-1.3758664789950974e-05,2.719905244922524e-05,-3.044220235831913e-05,-0.0001450528408850881
apaG,apaG,-0.00012414297422096818,0.0003859909411274294,-1.5212378791331996e-05,1579,-5.363929834997366e-05,-1.3067862498782592e-05,-1.0533878581417287e-05,-4.285140549534581e-05,-8.686541586802445e-05,2.6664228902694767e-05,-4.810909688065501e-05,2.982797907670703e-05,1.4392630616608653e-05,6.0039144857220165e-05
emrB,emrB,-0.0001242629513832886,0.00024185789050467244,0.00011147957277746456,1580,-6.973278382185488e-05,-3.900599999897664e-06,-1.3804670862545471e-05,-5.4792246518614116e-05,1.8299344132008164e-05,-2.2365715538724806e-05,-1.846440420234356e-05,9.466957308500679e-06,9.299550364891394e-07,3.0101213083693958e-05
aceK,aceK,-0.00012446214446369384,0.0011180284780996795,-0.0005262685280091245,1581,0.00010813456149350274,-2.8782664671018386e-05,0.00013177995306184475,-0.00017383114317810747,-0.00015377178973660072,-0.00017784525471256329,0.00010908426689557624,0.00014554678868877014,-8.701445898339692e-05,2.2375966782990623e-06
tatA,tatA,-0.00012616078706303492,0.0002975318730731885,-3.957331270892548e-05,1582,8.146019841775402e-05,-2.1350484920921086e-05,-6.18002773421636e-06,-3.516116676922727e-05,-4.548853517205555e-05,-4.9667422427029836e-05,-1.3049437848816404e-05,4.225344587322748e-06,-3.873190725114779e-05,-2.2173479446973815e-06
ygdQ,ygdQ,-0.00012633358524238175,0.0004501122039759659,0.00016677181188337554,1583,-0.00010709659768997147,-2.4773369784419856e-05,-3.01142467963798e-05,3.1785298186690964e-05,-2.6684534516265387e-05,1.801169302045271e-05,3.94935503951368e-05,-9.955414582213733e-05,5.748041811444032e-05,1.511834965007131e-05
gidA,gidA,-0.00012639363984229496,0.0003933134892512343,6.915079522386865e-05,1584,-3.161490148604646e-05,-4.637442583027139e-05,-2.287049299457805e-05,9.375097579796928e-06,3.181532759236391e-05,-3.714307201893562e-05,-1.084532925015869e-05,9.226949953230885e-05,-4.119349548540042e-05,-6.981184748137399e-05
metI,metI,-0.0001265392938012821,0.00024679916630144497,0.00022742341506986515,1585,-7.489286612142613e-05,-1.2770406157360753e-05,-4.9770401332332614e-05,2.517280236959687e-05,3.4957133880484604e-05,-1.8510834901789408e-05,-7.529717607879421e-06,-8.708908758504887e-07,-1.2636237438934818e-05,-9.687875615789921e-06
malT,malT,-0.00012728333471543235,0.0004542150532963478,0.0002123429422777698,1586,-5.400040596383029e-05,6.522631454674877e-06,1.9420010218828147e-05,-2.290344130179555e-05,9.159851708980027e-05,-5.534549381803725e-05,-0.000132334580915391,4.153055119304435e-05,4.394149334110099e-06,-2.6165272006836e-05
eda,eda,-0.0001274261394233926,0.0005007871207914859,0.0002022510417788784,1587,-1.0829675554322858e-05,-4.0659630916906574e-05,-3.129209639290278e-05,0.0001318235125066738,-2.393392213248567e-05,-1.2406432586500447e-05,5.485697817737283e-05,-3.161930831124331e-05,-9.288842501663237e-05,-7.047713919644522e-05
nsrR,nsrR,-0.00012774782943265905,0.0007148880932312788,-0.0003702312226341704,1588,0.00017464741479889025,-6.161802274512953e-05,2.7395441769179473e-05,-0.00016233904088686784,-1.1636448336673969e-05,-4.55759543951981e-05,-4.177592764898585e-05,-2.3358530509240682e-05,9.152727533124014e-05,-7.501403680987292e-05
ppx,ppx,-0.00012784685639155918,0.00034654278754718955,9.162682666336861e-05,1589,-0.00010187073746142305,1.409174217156117e-05,-5.3187962663562625e-05,-3.59029851855135e-05,2.4944711197856527e-05,1.966576535277949e-05,-3.908139578243688e-05,2.164973975562708e-05,2.8996007099990922e-05,-7.151740876438284e-06
yigA,yigA,-0.00012795250749849285,0.00043869922411748317,0.00022273283772623583,1590,2.9332194293312036e-05,8.15554191900559e-06,-5.973837804190012e-05,-4.376202010985989e-05,5.444404569256776e-05,1.1307653295852591e-05,-9.543938965937038e-05,-8.43860779968576e-05,1.5425783577593563e-05,3.670813953116362e-05
fabZ,fabZ,-0.00012861470337806633,0.00045206596430869505,-0.00017131171435053305,1591,-5.8888551418555154e-05,-5.9992614163323276e-06,1.779201008210343e-05,-8.768442657817001e-05,7.66815836442301e-06,-4.827554790609181e-05,-1.9545605873678698e-05,1.1189311888877877e-05,0.00012507615012991003,-6.994694065055271e-05
parE,parE,-0.00012865729541158334,0.00043745234927961344,-9.370474097444148e-05,1592,2.3941206651738964e-05,-1.0199651893661912e-05,2.4235167452899587e-05,-8.77297576595158e-05,4.855032331544112e-05,-5.177137366154815e-05,3.572419071809128e-05,2.19466387958441e-05,-6.135245528193481e-05,-7.200158384893773e-05
agp,agp,-0.00012877578451518898,0.0003839172315872496,-0.00029403378476375536,1593,1.0254363875854804e-05,1.7714106043935037e-05,-3.882459905263376e-06,-9.828375125957455e-05,9.514965660334262e-06,6.403136286467416e-05,-2.1564669599259e-05,2.6055925091232036e-05,-9.979628246890485e-06,-0.00012263599904023187
mltC,mltC,-0.00012897584392060194,0.0004221005726547522,0.00013455564692381342,1594,2.624317760063778e-05,-3.531804315662287e-05,-3.281480655411228e-05,2.3142426167698834e-05,1.93089299811428e-05,-5.398058631330379e-05,-4.7132130970592995e-05,7.786783061759573e-05,-6.663118664580926e-05,-3.96614546472359e-05
dacA,dacA,-0.00012930876533220098,0.0005714614977870624,-0.00023469727498303037,1595,0.0001092029755333634,-4.875343695675892e-05,-5.728347151507065e-05,-4.039436156856806e-05,-0.00011731287895035516,6.534103362152914e-05,-4.9914849894949336e-05,4.653235707253816e-05,-1.2430353035237084e-05,-2.4295779638692452e-05
nudH,nudH,-0.00012985523880975106,0.0007102144404908308,4.126241636316644e-05,1596,0.00011392945034304199,3.65777053399955e-05,-3.377935506957207e-05,-1.8933936521149388e-05,0.00010184314155134643,-0.00014061230406477995,-9.096160123712841e-05,-8.542026504171767e-06,3.7829303606155956e-05,-0.00012720561625348937
znuB,znuB,-0.00012987531498900184,0.00042155821329785214,0.00014220222630596064,1597,-4.497850321353129e-05,-4.531089318107345e-06,-1.2347167818054606e-05,-1.2593731181458756e-05,6.0983121104462574e-05,4.0229772253140664e-05,-7.119672945421084e-05,-8.784360889353972e-05,4.462855579682187e-05,-4.222593426452441e-05
gyrA,gyrA,-0.0001301672225511898,0.0003726275972988017,-9.362247692464598e-05,1598,2.863017972551411e-05,-4.806641679515707e-05,1.778196075231055e-06,-2.4601853468346824e-05,3.0201390177125443e-05,-1.1048853793865176e-07,2.382018703464162e-05,-6.112426467685673e-05,3.680023436129377e-05,-0.0001174943864466965
wbbH,wbbH,-0.00013055226676352013,0.0005564770875412321,-0.0002260643358316484,1599,0.00019091766329614157,-9.594144598173086e-06,2.2044747092714425e-05,-5.883401917412077e-05,-0.00010324279756168294,-7.651434295897346e-06,-7.765140137605238e-05,-2.943537617814381e-05,-4.087401940652523e-05,-1.623148456178055e-05
rpmJ,rpmJ,-0.00013080153012314937,0.0006491995058708395,4.352670043708484e-05,1600,-0.0001961208255361364,-1.2351829178410855e-05,8.015891292599503e-06,-5.8109481652841074e-05,7.512586709460473e-05,-6.27645813448102e-05,6.915766679438482e-05,7.406566445040804e-05,3.283389824184798e-05,-6.06538002847959e-05
ygbI,ygbI,-0.0001308312497686904,0.0003494716296798467,8.943147345304427e-05,1601,-1.4192185634251395e-05,-3.586009649856322e-05,2.602455830741683e-06,-4.358219849936729e-05,7.375047648403365e-06,-0.00013247746930465412,7.589970290147979e-05,-1.4039489787432502e-05,7.935720881812451e-06,1.550726269314088e-05
sufS,sufS,-0.00013103432837385223,0.0005485810592133296,8.471487378741891e-05,1602,2.8657795842485138e-05,1.7419995666838288e-05,-6.688828579076722e-05,4.554864817285403e-05,-2.63336513424706e-05,9.363769043071778e-05,-0.00011229671927702356,2.350923530684345e-05,-9.191431325972945e-05,-4.237472412360008e-05
nusB,nusB,-0.0001310749270886387,0.0001650554554089066,9.749957865740922e-05,1603,2.364776874875385e-06,-4.287604898281884e-06,-5.182033388723993e-05,6.586648877544198e-06,-1.5906860271751533e-05,5.174000336973967e-06,-2.105518291808042e-05,2.864838070740406e-06,-4.7527746452011483e-05,-7.467462821407396e-06
dcrB,dcrB,-0.0001312372296319184,0.0003245733750235752,-0.00015497847010196924,1604,-1.6488313926596868e-06,-3.14466976891993e-05,1.9498686304453784e-05,-0.00010346225900437291,-2.6336351832224958e-05,-3.824048422557368e-05,6.453183487136884e-05,1.2637551520005817e-05,-1.3461439153370358e-05,-1.330923903034596e-05
yidD,yidD,-0.00013140443955320308,0.0003977039569254809,3.7706244694617956e-05,1605,-0.00010999043067087056,-2.7912197278624107e-05,9.87780513651211e-06,2.8888398344209057e-05,-6.824824237361127e-05,4.0128081373512244e-05,5.425547383190547e-05,-3.49110334219913e-05,-1.6003041094354372e-05,-7.489253399890365e-06
agaR,agaR,-0.00013143929762318574,0.0004519792553606938,-7.698003082303859e-05,1606,5.991997790614873e-05,-6.0172706070946115e-05,-6.727129210273942e-05,-3.632830218798579e-05,-4.0496656366159625e-05,2.8334348960091292e-05,4.545331548990557e-06,6.747032045352342e-05,-6.005561409514205e-05,-2.738470566896674e-05
pnp,pnp,-0.00013170241706727376,0.0007651132728129585,0.00016107807062864347,1607,-0.00022974816169668208,-3.775977545058106e-05,0.00012220219912688715,4.2714294359864105e-05,3.8139346355240246e-05,5.349390482847987e-05,4.7477163037919116e-05,1.2678520164451894e-05,-0.00011473409385843347,-6.616581393441951e-05
frsA,frsA,-0.00013178172453890015,0.0002857515854006369,0.00017843092445621398,1608,-1.8141765653380203e-05,-4.406579281235891e-05,-3.5781072051219796e-05,-3.0371893395271923e-05,-1.9030643844568513e-05,-2.2050773352498485e-05,-1.88243133495993e-05,4.2577932323710175e-06,-2.0500400510871376e-05,7.272713719849739e-05
chpA,chpA,-0.00013209842364242687,0.0004570400288182983,-2.013863668115377e-06,1609,5.015490985885708e-05,1.3394166275433156e-05,-8.605786013808915e-05,-3.7093115702138075e-05,-5.740326809907349e-06,6.891619289924716e-05,-5.137862095546286e-05,3.000553355439835e-05,-9.007660148153947e-05,-2.422270114322569e-05
nrdR,nrdR,-0.0001321066402446368,0.0004556734361568608,0.0003216017656628188,1610,1.4304906613986163e-05,-1.4138276242255474e-05,2.4541932012478405e-05,0.00011608626771225722,6.850291617390267e-06,-7.527157848521687e-05,-1.8702975855703758e-05,-1.6862998322481908e-05,-0.00014072521267453436,-2.818899662055646e-05
oppF,oppF,-0.00013277776622321326,0.0002914499969099537,-5.473735368124015e-05,1611,-5.206587613298337e-05,-1.8577203731182656e-05,-2.3138825944483283e-05,-8.589650054632746e-06,-7.600874002040147e-05,4.780781268983191e-06,-2.4574415805707498e-05,6.379618556289639e-05,1.0759148511490667e-05,-9.159169877192503e-06
yjeF,yjeF,-0.00013330715191355502,0.0006571677599829922,0.00029489447382801694,1612,0.00010374807735867194,1.3099892667311461e-05,-5.027959562507707e-05,-6.42886730515042e-05,3.1639675195100026e-05,-8.260501453602858e-05,-0.00012159756096141376,-1.6312622652111137e-05,-6.015398912213883e-05,0.00011344265881363517
rbsD,rbsD,-0.0001335667559221826,0.0004180802331243702,3.478557222469446e-05,1613,-0.000130266344749759,-1.5140496915284249e-05,-7.518765444202458e-05,-6.965053496535114e-06,-3.575577949124137e-05,-5.838406567464514e-06,7.848502308364943e-05,3.7528035749346324e-05,2.6243679768098045e-05,-6.669758860967608e-06
lpp,lpp,-0.00013365886407130104,0.00045269542669638615,-0.00014690827317603557,1614,-1.939979252716962e-06,-5.3317730476683134e-05,9.757298108771468e-05,-3.304884178324422e-07,-9.594382387362456e-06,-8.348684327269446e-05,3.526637285774577e-05,-1.4149023758080758e-05,2.667892736708213e-05,-0.0001303586978184734
dppC,dppC,-0.00013382888901160452,0.0003983561828976398,-1.713874718220307e-05,1615,-8.475788627003341e-05,5.825411400108386e-07,1.9055800604786062e-05,-7.802306409959405e-05,-3.422342232623979e-05,-3.213236170164915e-05,3.465404033107041e-05,4.120859653822028e-05,-3.695580155710576e-05,3.6762668328930045e-05
uspF,uspF,-0.0001340870757072623,0.0004982133982607852,6.702872776096597e-05,1616,-2.579165629191305e-07,4.866620753421062e-05,-2.3475514738634544e-05,-3.1366930586223156e-05,4.982159262420279e-05,-7.552160683345371e-05,8.357536111834802e-05,-4.5751011675805745e-05,-8.779342057585967e-05,-5.1983836011127804e-05
murI,murI,-0.00013461301661031442,0.000442281206954694,-9.26367430182827e-05,1617,8.878078291115801e-07,-1.9731395589436643e-05,-3.041333112334483e-05,3.2691284356216676e-05,-8.058218058832867e-05,3.1043831661847544e-05,8.688451329571425e-05,-9.198622089920755e-05,2.3266580292997766e-06,-6.573398358218658e-05
holB,holB,-0.0001347859451092473,0.0002307278020072571,0.00014310455960405208,1618,-6.369071821365814e-06,-7.343464048841734e-06,-7.438169339291836e-05,2.38074498861159e-05,-3.108972400925088e-05,-3.714606499977823e-05,-1.3244978668009277e-05,-1.3181876618087896e-05,1.2721897192351627e-05,1.144158137053739e-05
astE,astE,-0.00013495342442731425,0.0005143837443000238,-9.497732893953224e-05,1619,-5.834335534838543e-06,5.367381918227279e-06,-0.0001155927501276181,-1.5966186888123686e-05,-6.571585267643371e-05,1.731351123767063e-05,-2.4155563508350545e-05,-6.412055850943861e-05,0.00016703426678045687,-3.3283337118865856e-05
hscB,hscB,-0.00013517474631348768,0.0005962707612967606,7.479996815111422e-05,1620,3.218233229136011e-06,-4.1324275081115444e-05,-0.0001197975199918503,7.125572119122925e-05,-4.809567292132899e-05,8.586892352829278e-05,7.020512954297843e-05,-7.071669396218412e-05,-3.2441154497558305e-05,-5.3347437351086996e-05
mnmE,mnmE,-0.00013638026589959536,0.0003285560899095147,0.00015703651604979826,1621,2.1815906709048297e-05,1.9144712960838254e-05,-8.250393654553167e-05,-8.418408251736661e-06,-2.1761894183226792e-05,-7.717019719440122e-05,-7.62012686741875e-06,1.4618864825008185e-05,-3.499361486223991e-05,4.050842751006491e-05
lrp,lrp,-0.00013642964384351345,0.0005657082105528441,-0.000255249874887083,1622,0.00019989514104138464,-9.372502325383672e-06,1.474414231328071e-05,-9.88681051564951e-05,-4.8705091422237174e-05,-1.6538341564311895e-05,-1.0628747499335777e-05,-6.372234999342286e-05,-5.496722645042636e-05,-4.826656278656596e-05
thiL,thiL,-0.0001365743381982967,0.0003800174945532448,6.699157154408061e-05,1623,1.4829359809277155e-05,-3.056332860175337e-05,-8.12401642745065e-05,-3.633906509708239e-05,-4.104873365501224e-05,4.1417847353524024e-05,2.2877955589686286e-05,-5.651346470351741e-05,-1.259116004389883e-05,4.259641542498658e-05
ygdD,ygdD,-0.00013675480107790887,0.0005264384726454772,0.0001340555782402274,1624,-3.8525290484115135e-06,-2.0448324211346567e-06,-8.08442476152641e-05,-9.729118410848234e-06,0.00010056433751868838,1.203977455777631e-05,-0.00010992092045725811,-3.302015838209554e-05,8.223772370731946e-05,-9.218483052668089e-05
uvrD,uvrD,-0.00013685828075989473,0.00036660557071847,-4.223830452826954e-05,1625,6.247313714104393e-05,-6.120187135191128e-05,-5.855827578440506e-05,-3.1627605351321425e-05,-5.7769915610182e-05,-1.953621030794398e-05,-2.288727565083992e-05,2.4620928024697065e-05,2.777957981354665e-05,-1.5077168257870483e-07
murC,murC,-0.00013720930318848832,0.0004899745737220914,-0.00021627823240293474,1626,1.3743021186552252e-05,-4.4687634536970576e-05,7.44573170725162e-06,4.076358466678846e-05,-7.932017223836554e-05,1.0097909232828115e-07,8.617762466984183e-05,2.8151693944039126e-05,-5.139695145581932e-05,-0.00013818718022413445
aroC,aroC,-0.0001372748410450269,0.0007402500388992536,-0.00018418446909848228,1627,0.00015280514528333495,-3.9391779040814276e-05,-0.00016029557490943665,-7.44861961720332e-05,1.2125184464581701e-06,8.721679748034601e-05,-5.947870266382168e-05,-1.765420983985489e-05,6.025313771697423e-05,-8.745597734617955e-05
ecfK,ecfK,-0.00013764670716990337,0.0002787524180413907,0.0001908602498855187,1628,2.8879680826107367e-05,-4.648502399655443e-05,-4.9730051911944795e-05,1.5805671326367437e-05,1.914130644415191e-05,6.726196839116954e-06,-2.960353740016401e-06,-4.8580269707217415e-05,-5.2103656837202303e-05,-8.340206412711696e-06
insL-3,insL-3,-0.0001379096516780675,0.0004959178565822093,0.0001512778342047223,1629,6.112342492746343e-05,-6.566133932508033e-05,-7.661753862081744e-05,-1.3553151740056362e-05,6.868082257077393e-05,-1.995879194419508e-05,-1.737255561845782e-05,-7.530679731414118e-05,4.919985495383352e-05,-4.844357956739017e-05
mntH,mntH,-0.00013791159146569373,0.0006191475618788969,0.000409854467146305,1630,2.841023563236221e-05,-2.789582209975232e-05,1.5733976893927713e-05,-6.915686137793872e-06,9.466353690441144e-05,-5.664570177112149e-05,-0.0001025034804356548,-0.00018456888622797287,5.358664870221219e-05,4.822358707368807e-05
sdhD,sdhD,-0.00013822888945203913,0.0004167298416168072,-1.1171014565595107e-05,1631,-0.00012689041355710165,-5.177372606879644e-05,-9.780315773420915e-06,-8.138291237002195e-06,-1.3481188656522301e-05,5.180762219079056e-05,-1.433495812628699e-05,5.303913833258734e-05,3.4403715559006094e-05,-5.3080472115292654e-05
aroM,aroM,-0.00013829248973791427,0.0005492761009525807,-1.9463790974896813e-05,1632,-2.192476954997962e-05,-3.1856873673594545e-05,5.1938176866269666e-05,-8.80666200469788e-05,-7.289084461734089e-05,-8.315154063332866e-05,4.6487974782404e-05,-4.5893646824024927e-05,2.4986329650745382e-05,8.207932430791415e-05
ycjD,ycjD,-0.0001384165279338321,0.0004999635351434373,-0.0002648623878665877,1633,-9.761967002720276e-06,-1.2074441312364658e-05,-2.4869862207818985e-05,-7.765766580106216e-05,-0.00010091840434304722,5.476071021627365e-05,-7.084430311552091e-05,0.0001091647221498503,1.684807123867865e-05,-2.3063387756100516e-05
cyaA,cyaA,-0.00013897346430976373,0.0003776621312216662,3.275506858537689e-05,1634,1.8577366195970444e-05,-2.8957596914839965e-05,-8.681929923282689e-06,3.4264934524410667e-06,-2.7200157754031308e-05,9.734047380753975e-05,-2.6057911615089207e-05,-9.096631642202351e-05,-4.7118351575845136e-05,-2.9335533560603184e-05
nanR,nanR,-0.0001394544376131685,0.0002412817391031015,3.793557192406791e-05,1635,-9.63548321777222e-05,-2.024608167747565e-05,1.727945932596694e-05,6.935040406486623e-06,-5.313313055107396e-06,-1.607270125190021e-05,1.4622801199344621e-05,1.1683205582955116e-05,3.9314423021319505e-07,-5.2381160195929525e-05
yegS,yegS,-0.00014064689653573977,0.0006374874649247506,-0.0003852796575854556,1636,8.347314325736657e-05,4.2087177356585587e-05,5.4205342234683064e-05,-0.0001630590478825116,-5.789133379368151e-05,-3.2117164025437293e-05,-6.016933241309002e-05,6.865462134587012e-05,-3.381740723112012e-05,-4.201289538440455e-05
yggT,yggT,-0.00014078723624948473,0.00034020221312220235,-5.778643349446753e-05,1637,1.071743097927434e-05,-2.0433895492990134e-05,7.65478501757232e-05,-5.8951773264639615e-05,-3.600690555180928e-05,-4.4021044099143314e-05,-2.5720304180902503e-05,1.2442207281361262e-05,-5.103264604083145e-05,-4.32815605552723e-06
ydcL,ydcL,-0.000141102884113254,0.00046763306406763733,-0.00012024286372154502,1638,0.00010803542951333763,9.35095228770153e-06,9.171955933990083e-06,-8.262361710491892e-05,1.4554970333834365e-05,2.215178190832806e-05,-8.546517903133312e-05,-2.6139515260921232e-05,-4.753543554695744e-05,-6.260422714631494e-05
yagU,yagU,-0.0001411669085466998,0.0005911702943925255,-0.00022006919952331937,1639,9.270348181375816e-05,-3.3977581006469996e-05,9.273182620947592e-06,-6.551685448218245e-05,-5.527642329953902e-05,-5.3347097844790304e-05,-9.506991763999555e-05,0.00012302502848820707,-3.155950943347196e-06,-5.9824776253288125e-05
fliJ,fliJ,-0.0001413774416321267,0.0005568725959103602,0.0002709271488011565,1640,-2.5752982027555814e-05,-2.2995870286806256e-05,-8.588517843190239e-05,0.00014017931319548576,-1.4766161174641573e-05,-0.00012157443007185986,9.747037119704124e-06,5.7821226823926816e-05,-1.7512098342148228e-05,-6.063829843632925e-05
moeB,moeB,-0.0001414186613680165,0.00037092923989162077,-0.00015191541290239855,1641,-1.8214460355367544e-05,-5.370327267049482e-06,-5.985230190138657e-06,-3.885958508503615e-05,-5.8564855306334875e-05,3.896435371698607e-05,-2.0556040463711e-05,-5.938085521834444e-05,7.579093554481605e-05,-4.924259674383652e-05
exbD,exbD,-0.00014288641723260922,0.0004970875452105347,-4.1840372153309355e-05,1642,2.733575201596013e-05,1.3374376034497902e-05,-8.90683826451469e-05,7.02994429991985e-05,-3.992712529035383e-05,4.784192904549508e-05,-1.492129410476642e-05,1.8249063893811192e-05,-5.333446677950091e-05,-0.00012273571240180395
ytfM,ytfM,-0.00014293936386071298,0.0004088188273158516,-4.891222673270052e-05,1643,8.260892286453183e-05,-8.765434280361264e-06,-4.907454288021709e-05,6.466580833793236e-06,-1.6970142395467852e-07,3.695249862042026e-05,6.911729408824002e-06,-7.940615011085295e-05,-3.624059218635103e-05,-0.00010222267470654531
trkH,trkH,-0.00014305536657146183,0.000507896281011721,0.0002233278630773612,1644,-0.00013401809812673863,-5.988188294241837e-06,-5.8090007425820715e-05,8.815327065103806e-05,-2.9981743185609075e-05,-5.2139878235277054e-05,7.91264933294233e-05,1.514069323966822e-05,-2.7222629311424814e-05,-1.80352792124793e-05
nlpA,nlpA,-0.00014340444116788114,0.0005865200062635349,-3.908997137986337e-06,1645,0.0001534323528940564,-1.7712498257610175e-05,-4.0464150356968925e-05,-6.0779054318280615e-05,-3.290823015859779e-05,-0.0001085294612721814,7.253680386744908e-06,-0.00010456882935206912,4.084118394308094e-05,2.0030565323944686e-05
ubiC,ubiC,-0.00014397272070331885,0.00038829890081075295,-2.325009713228404e-05,1646,-8.172947356271671e-05,-2.4834442084332357e-05,1.6364295885108607e-06,2.9198723300202658e-05,-8.574843691351938e-05,-3.904109656110929e-05,-7.720666330873447e-06,2.7181133300018183e-06,8.86098238350017e-05,-2.7061695304484718e-05
holE,holE,-0.00014435086615036932,0.000370289643056332,0.00021854480316417182,1647,3.717503710841661e-05,-3.0454358928237823e-05,3.773252918866452e-05,-7.705523012660045e-07,3.8061822155900163e-05,-2.4279522215296104e-06,-1.972103020631966e-05,-0.00012721833204817876,-7.653372755008584e-05,-1.9430134773292612e-07
suhB,suhB,-0.0001445015800868318,0.0007848784767116125,0.00011898440893874063,1648,-0.00037089973237721725,-4.657005609024225e-05,0.00010673194741088709,3.738793628872786e-06,2.342132236824633e-05,6.000794996135537e-05,8.47913541091642e-05,4.1497080833864646e-05,-7.301538360597994e-06,-3.9918701571164695e-05
yehX,yehX,-0.00014526115797889908,0.0005350249363105058,-5.7077836999669913e-05,1649,6.347529784776769e-05,1.403282565566289e-06,-3.001941364235534e-05,-7.319631422350771e-05,-6.0758883135560046e-05,9.003594114639708e-05,-2.538486916732015e-05,-0.00015078356697595922,7.181667736289081e-06,3.278569986978327e-05
cysS,cysS,-0.0001457112899147882,0.000449544879743463,0.00028596782064062163,1650,2.461249852655984e-05,-8.626912958152314e-06,-3.199318850881324e-05,5.2406762282433816e-05,5.033928261762672e-05,-0.00017572876523033325,2.455825148771705e-05,-6.85987695760199e-06,-4.1801561637081e-05,-3.261777953714383e-05
yedD,yedD,-0.00014572169296154486,0.0004691872104762903,0.0002496009323201743,1651,2.474696730766783e-05,4.927726996854818e-06,-4.3744516752915354e-05,3.9060578084194394e-05,-5.4591152814543706e-05,-8.376160804509096e-05,-1.8588025363161697e-05,2.5527291958991595e-05,-0.00010676914874320584,6.747019440966404e-05
nemA,nemA,-0.00014581574752290985,0.0007183405865293075,-8.048162582778391e-05,1652,8.578301205404032e-05,9.383315590800785e-06,-9.970922205606386e-05,-5.938921057642887e-05,-2.6717984867314826e-05,0.00019109609185835775,-8.043509646015254e-05,-9.61316710234128e-06,-0.00012917199473220413,-2.7041491231603186e-05
seqA,seqA,-0.00014604706675370272,0.0004355806528653118,-0.00018168737894943822,1653,3.334595622845438e-05,-3.476099973028245e-05,-5.056910567133139e-05,-7.3859950493346655e-06,-6.696961196286858e-05,2.6986272875559126e-05,5.392201747074948e-05,-4.1616531556322954e-05,3.051254648104155e-05,-8.951161583936723e-05
cheW,cheW,-0.0001469278280837938,0.0010828228856317277,0.0005082950830519482,1654,-9.204813072787497e-05,-2.1469911813239205e-05,-0.0002152573223181423,0.00030612521467800316,-8.344615378718402e-05,-0.0001105867143475576,4.0622192985780275e-05,0.00012120012111018348,-5.0071690457020574e-05,-4.199543340674202e-05
ihfA,ihfA,-0.0001470995053203418,0.000570688214642693,-0.00019708865813824501,1655,0.0001285924113386672,5.321565265150542e-06,-6.582399107737267e-05,-3.124710127730538e-05,-4.933313218346383e-05,4.3473163141700854e-05,-0.00010155132608696605,3.440721491565701e-05,-1.9424461087885286e-05,-9.151384826852422e-05
tnaC,tnaC,-0.00014720849819021206,0.0003133002492924924,0.00010204145627617287,1656,-7.540108048239511e-05,3.4670119201224444e-05,2.9843161960376276e-06,2.7892895032334837e-05,9.243235929814714e-06,8.255309191728532e-06,-1.0856066840248303e-07,-3.0322076396082635e-05,-6.470300427530283e-05,-5.971965191916915e-05
atpH,atpH,-0.00014770325129198305,0.0007766081618410119,-0.0001681274353739395,1657,-0.0002045382013294042,0.00010567221849948629,4.044740738750576e-05,-2.0031759595643944e-05,-0.00013558913798843516,3.9131454811112805e-05,-9.9702161904132e-05,7.6151873218092125e-06,0.00012158618725460035,-2.29444574888215e-06
potF,potF,-0.00014803469265771318,0.0006219920571283555,-0.00014934859065751681,1658,0.00019188061466641023,-2.0958127440482573e-05,-2.3042209889136894e-05,-6.9841391730658e-05,-8.373974767137069e-05,-8.718690371181342e-05,4.020856982449717e-05,-7.541633933188568e-05,-2.482865511768703e-05,4.889497744413695e-06
ftsE,ftsE,-0.00014900225144722878,0.0005281971563345362,-7.911856650378553e-05,1659,-5.109519915056555e-05,1.7437596054529043e-06,-0.00012097654258499153,3.944455265024199e-05,-0.00011873824676366327,7.501724615197717e-05,-1.3023000529576329e-05,5.9806940862314487e-05,1.3584953173667203e-05,-3.47667148620859e-05
rpoD,rpoD,-0.0001490479010752174,0.0005564036150429079,-0.00010911937273123346,1660,-7.073513837564591e-05,-4.169144498381574e-05,4.2773835823651554e-05,-0.00010198231893114755,6.363755487108108e-05,-3.632456032263606e-05,9.674733459116563e-05,5.191316979469759e-07,-1.1253422602658428e-05,-9.073887284315895e-05
tadA,tadA,-0.00014947420109969796,0.0006391047474667267,0.0003739570809803861,1661,4.64577684581571e-05,-1.5977192389472134e-05,3.657644185679986e-05,-2.3505488500670754e-06,-2.389241549766194e-05,-0.00014711113545385192,-4.187568640759085e-05,2.32966585804843e-05,-0.0001630824956845684,0.0001384844042880731
sppA,sppA,-0.00014991733588416953,0.0007069805871261621,-6.743169476096963e-05,1662,-1.765236407780203e-05,-3.186672635438072e-05,-0.00012505968805163895,3.009218627305199e-05,-9.233065786759912e-05,-1.8641738794578415e-05,0.00013465705489969825,0.000113782384448246,-9.646174263114409e-05,-4.643604372802244e-05
yjaG,yjaG,-0.00015049246876221807,0.00039522980338605775,-2.580236819972648e-05,1663,4.56272290630586e-05,-4.2245614853111194e-05,2.1155831834946454e-05,-8.587567646213837e-05,-3.094990148064249e-05,2.690744695210615e-05,-8.56568592354104e-05,-1.202274809833991e-05,-1.6110335944495512e-05,2.867815946180857e-05
sdiA,sdiA,-0.00015082012145269875,0.0007046212878568457,-9.98724024809904e-05,1664,0.0001676045596633726,-4.8224702656209406e-05,-5.400593428925334e-05,2.165202273814441e-05,-0.00011719141698059707,-5.906423036952801e-05,-3.2710344853560466e-05,8.764400080055648e-05,-8.671720778123206e-05,-2.9806867724391908e-05
yceG,yceG,-0.00015095462654468125,0.00024951599303150236,0.00011896231112629365,1665,1.1858592053822323e-05,-3.703727175224375e-05,1.7957823889221407e-07,-3.1027963723350166e-05,1.627818838436655e-05,2.0964324566329475e-05,-3.4696287373334453e-05,-4.813551194018316e-05,-4.8091892628770084e-05,-1.246382370210185e-06
uvrA,uvrA,-0.00015151923683759044,0.000486490918496082,0.00012577794810292832,1666,3.982089557186988e-05,2.3731162900806143e-05,-4.630908550285738e-05,-6.344866499366058e-05,6.17531443332017e-05,-8.251175525762557e-05,4.218063802336807e-05,-4.872404564906385e-05,-6.683640255675667e-05,-1.1175123706872176e-05
yceA,yceA,-0.0001520007559667055,0.0003917510647972288,-0.00019016792316564434,1667,-2.716436947923315e-05,-1.8436568855279614e-05,3.968205782916401e-05,-4.404333364994017e-05,-2.9609117582504667e-05,-5.257261078707447e-05,-2.618021694205031e-06,4.676055282386052e-05,3.3432543762237136e-05,-9.743188833373009e-05
yadH,yadH,-0.00015241443968404126,0.00040451020475387137,-3.933889406475202e-05,1668,-5.329442361640299e-05,-3.346861070349918e-05,2.987264016987823e-05,-2.5037917699211457e-05,-0.00012145435688873617,2.326440956519762e-06,-3.578849851271002e-05,-9.41851479839649e-06,4.323319369496608e-05,5.0615607713550986e-05
asnB,asnB,-0.0001524689677791107,0.0005441084965229037,0.000309841688305086,1669,5.377344411781672e-06,-4.900932615403389e-05,-0.00012092078900002155,8.60095213861975e-06,-3.909359064661758e-08,-7.931949682922627e-05,0.00011054670970657287,-9.90000265770789e-05,1.1702563999077093e-06,7.01245017150145e-05
yqjA,yqjA,-0.00015263518782226675,0.000574701677013743,-0.00037790463316881033,1670,4.992405548340119e-05,-1.635910440946578e-05,-3.640965603739906e-05,-2.8467080484712618e-05,-0.00014255356154080842,3.921205851827852e-05,-4.56297614756015e-05,4.534018210081828e-05,7.655694849324014e-05,-9.424926847001751e-05
ihfB,ihfB,-0.000154039218301476,0.00046054498141955653,0.00014647604594384203,1671,5.993606456829248e-05,-3.6698730654099696e-05,-0.00010896788008078538,-2.1787926013159537e-05,-5.9761578232713493e-05,-1.2443525394980286e-05,-5.204831225868398e-06,1.5548898923691727e-05,-6.242762825890945e-05,7.776791806705607e-05
lipB,lipB,-0.0001540906824270923,0.0004393964710897481,-1.2745664450482114e-05,1672,-2.6789097190145397e-05,-2.8993893729612034e-05,-8.106735796799042e-05,-1.2716467290869763e-05,-4.259632385181435e-05,-7.647505443188518e-05,7.886718013044579e-05,2.1688021779286958e-05,4.209769242159516e-05,-2.810538229610312e-05
nuoC,nuoC,-0.00015459297256438908,0.0003373152552394376,8.400608221280687e-05,1673,-3.086018177004214e-05,-3.0370662037841407e-05,-8.614945416809219e-05,2.9403348115264735e-06,-1.3637712815577372e-05,2.8523479315661988e-05,-5.6978232259346544e-05,5.989732721033582e-05,-3.3618036792735006e-06,-2.4596067171740226e-05
yliA,yliA,-0.00015473727591133008,0.0006023622902710942,-6.564031580467236e-05,1674,0.00017179687921304532,-2.452169122279712e-05,-6.331639497831723e-05,1.516918849510561e-05,-0.00010483131509015466,3.6846439471731114e-05,-7.463078696403541e-05,-7.41988511953713e-05,-1.652407437758421e-05,-2.052666926295218e-05
rseA,rseA,-0.00015536245568883262,0.0005133758308828582,0.00014111059493467182,1675,7.985693150240704e-05,7.915987094435325e-06,-0.00011220906561850398,-4.334947000615184e-05,-7.681074806639522e-06,-9.288045506172222e-05,-1.3926811850730002e-05,4.7329154564459464e-05,-6.432226594209785e-05,4.3904614435710975e-05
ymdA,ymdA,-0.00015538827664699943,0.0005103896743575739,0.00020288588833448007,1676,8.105998230826198e-06,-9.582293038429979e-06,3.978007158895343e-05,2.2171723064084716e-05,3.230936670934048e-05,-6.454976870679638e-06,-0.00012195990767790192,-0.00016415951398559027,7.51335392620824e-05,-3.0732283929684854e-05
ycgL,ycgL,-0.00015542958717617455,0.00048760088752124143,0.00017596439637289032,1677,3.3393709747940375e-05,4.752210279315063e-05,2.4772490318680818e-05,-4.525839504874995e-05,-4.473873736514836e-06,3.9767392913893775e-07,-0.0001517348217361288,-5.129438065177985e-06,-0.00011491870876213642,5.999967338362267e-05
sulA,sulA,-0.00015597297370008783,0.00048390244061437553,0.00014139588384323335,1678,4.2564879288542735e-05,-2.4241472516687792e-05,1.6090785491241034e-05,3.2156167676007184e-06,0.00010209345190975937,-0.0001162289017302534,-1.2296717947051648e-05,-4.651858328136918e-05,-8.05441807608233e-06,-0.00011259761360578732
purF,purF,-0.00015638901276159972,0.0006171622822351238,-0.0002561317070238896,1679,-6.619429975880066e-05,-4.809290865742583e-05,4.864523026129406e-05,4.536226986846904e-05,-0.00018343032985767993,5.685132927945489e-05,-2.08658093209216e-05,6.033964508407731e-05,1.9188160243466764e-05,-6.819229990353376e-05
glk,glk,-0.00015650441659929132,0.0005146002719592297,-1.3699602768198277e-05,1680,0.00011764531144235929,4.827688582094366e-05,-3.864145807701734e-05,-6.263197207780232e-05,-2.5080980901722783e-05,1.0514787120885919e-05,-0.00012093894977297675,-6.14171913723415e-05,-2.6841792077399783e-05,2.6109432957803057e-06
ybaY,ybaY,-0.00015656935525342071,0.0008107920209337597,-0.00018258533883310158,1681,0.0003271113328401695,-7.015060706967949e-05,-4.530137251406805e-05,-7.750504879392018e-05,-2.1248521547417383e-05,-2.4446582546784828e-05,-3.477887583873649e-05,-8.71711708784966e-05,-5.225473220256362e-05,-7.08237767019236e-05
ycfL,ycfL,-0.00015752568640597445,0.0003959474229318664,-3.6479620295989155e-05,1682,7.129282520880722e-05,-7.108786563554586e-05,1.7447401156222133e-05,-7.434785458155973e-05,1.758559545756594e-05,-1.732857720981945e-05,-4.5430335681622395e-05,-2.8301527333384938e-05,1.2885046440350652e-05,-4.024039422698801e-05
aspS,aspS,-0.00015814697937070456,0.0003571602527296858,0.00020543139154894827,1683,-5.1229631843119214e-05,-4.8419244040005006e-05,-2.3640218564989e-05,-2.3084278684004497e-05,-3.8936759223796785e-06,-7.985084863395956e-06,-3.8591768849979576e-05,-6.080971328232224e-05,4.888647598398459e-05,5.062016069550603e-05
astD,astD,-0.00015847383519063221,0.0003851735827894313,0.00013127674920281713,1684,1.1091657782992337e-05,8.802153830326191e-06,1.806334708713564e-05,2.2120334609489952e-05,-8.180565863517203e-05,7.185599457680877e-06,-5.572961248309841e-05,-7.951945775013521e-05,-5.476898012162609e-05,4.608678103177453e-05
ybjP,ybjP,-0.00015901034964952508,0.0004094240981647968,-0.0002016571583442973,1685,7.238196357357424e-05,-7.145030851971859e-06,-9.109310774385256e-07,-0.00011646472962722661,-1.2857495294796082e-05,-3.135463049992001e-05,-4.9917029011832396e-05,-1.4555848469086972e-05,5.282491068406164e-05,-5.101152907488851e-05
nlpI,nlpI,-0.00015907217363912991,0.0005572497357776829,-8.126345554095106e-05,1686,-0.0002319240290109584,-2.8167379925224904e-06,0.0001005911709230327,-7.836410641656502e-05,-2.288110578825483e-05,-3.252373114885024e-06,3.0343012279368888e-05,3.8451749586745866e-05,2.9702848280129043e-05,-1.892260238522063e-05
kefB,kefB,-0.00015911028280078148,0.00033867859821535645,0.00011774962553757949,1687,-4.731029624760343e-06,-6.328667555436304e-06,-3.949640972787407e-05,4.668675735082187e-05,-4.8947378409372e-05,-6.252074079746052e-05,-4.69249932295294e-05,-2.1525513590585464e-05,4.30974003564656e-05,-1.841970757305085e-05
cydD,cydD,-0.00015915206875130196,0.0004785073064893164,-0.0001440125716465638,1688,-5.914830077730132e-05,-2.0490492524069775e-05,-8.530880922321604e-05,-9.334742913724129e-05,-2.3102812156695625e-06,7.33491886062876e-05,5.678842894626856e-05,-2.2997648967891756e-06,2.954000131645106e-05,-5.592460984602205e-05
rplQ,rplQ,-0.00015932516044739572,0.0007605972525406002,0.0002801195035544595,1689,-0.0002745111714850264,-2.970917910537648e-05,-0.00011071491896897624,-2.6031796433907827e-06,0.00010542310848815074,5.668698535168601e-05,3.7540704257056294e-05,6.68633924767938e-05,3.4121855472915394e-05,-4.24227572912281e-05
lpxM,lpxM,-0.0001595146671550469,0.0005363432651635082,-0.0003578789520480499,1690,8.660720376683929e-05,-5.261648247809188e-05,-1.2371236245346554e-05,-0.00010519078422181382,-0.00014762873286808037,-2.424443783429073e-05,2.158913979708354e-05,6.45867911915133e-05,1.5631164248794534e-05,-5.877292511654217e-06
yjhU,yjhU,-0.00015990888610992329,0.00029316624887854964,-4.90139573340295e-05,1691,-6.184180146208444e-05,1.0839309941594087e-05,5.5789371442719075e-05,-2.5274562975203198e-05,-2.0191410591531217e-05,-1.8490228869302489e-06,-2.2818350338692173e-05,-8.061718267890758e-06,-2.7505252816662447e-05,-5.899544815524198e-05
zapA,zapA,-0.00015996191213087162,0.0004972180509578336,-8.678149713054908e-05,1692,8.353197686900184e-05,-7.301475074372296e-05,-1.9709832496109792e-05,-7.299789559091196e-05,-7.074119684822905e-05,-7.10862962444181e-05,-1.7638101455267787e-05,6.472870473604846e-05,-3.401908165692899e-06,2.0367387808430676e-05
dnaE,dnaE,-0.00015997922142421754,0.00042497027841557347,-0.00010964822750448047,1693,1.7641188641527606e-05,-1.6049455678735422e-05,-8.872240606406838e-05,-2.9737320532650745e-05,-0.00010278687600299324,2.641203157545196e-05,-2.4791633707635585e-05,-2.809753000510712e-05,8.844230827869842e-05,-2.2895279287050215e-06
yggD,yggD,-0.0001600405725395695,0.00022739285654993166,-2.4730381849818447e-05,1694,-1.922572292398035e-05,-1.5286676580202226e-05,2.7868230746939853e-06,-3.44015382446078e-05,-9.254815309598914e-06,-5.95954620788666e-05,2.286520626658916e-05,-7.223375767007432e-06,8.024112663897939e-06,-4.872912364048726e-05
cytR,cytR,-0.0001602302414530004,0.0004219250439123212,-0.0001054902458476084,1695,-4.7231021404365384e-05,-2.6160290222246775e-05,3.384595455951369e-05,-0.00011218490339838675,-1.5681779261338757e-05,9.52015663482067e-05,-2.841451991954459e-05,-5.641156748619966e-05,1.799880321940031e-06,-4.9935609905788844e-06
kbl,kbl,-0.0001611463520881702,0.0005455660082570509,9.095157531365672e-05,1696,-8.782169520632469e-05,3.073477540147394e-05,-2.4275618402925917e-05,-2.9833623198062173e-05,6.310777895824135e-05,6.881131734772037e-05,2.955595637700473e-05,-4.990390950741336e-05,-9.314978971044854e-05,-6.837154414743592e-05
uspB,uspB,-0.0001614148501568994,0.0010021282056743605,-0.0002201843681731355,1697,0.00025798289525705786,-3.819434934007555e-05,-4.883008869292242e-05,-9.501509797029583e-05,-0.00012616030778520414,-6.898743675952165e-05,-7.191169932093419e-05,0.0001319979859111902,-0.0001326725480466762,3.0375796590482545e-05
hisB,hisB,-0.0001622345662767317,0.0005913352622425956,0.00015135305776753922,1698,-5.801304939892636e-05,-4.543926562754108e-06,-0.00012356099043953525,-3.923167050168132e-06,-9.786536235475543e-05,9.09869309506094e-05,1.37426178402139e-05,-8.887841845352442e-05,1.3473024041781366e-05,9.634777515032731e-05
rng,rng,-0.00016253130795703305,0.0003075185052536434,7.369638386175932e-05,1699,1.572866326504191e-05,-3.844296593212182e-05,-4.4002003087769755e-05,-5.140493794369585e-05,2.837466068297978e-05,7.545431062363791e-06,2.0844843637919664e-05,-4.415286493730766e-05,-3.5634949917522325e-05,-2.1387184786920808e-05
leuS,leuS,-0.00016261413026930283,0.0004821878977760806,0.00011165352620012843,1700,5.4605681293000697e-05,2.5478082989690026e-05,-0.00011132394244009603,-5.355802787609172e-06,2.7346547432038413e-05,5.2356572038659766e-05,-4.408101557123626e-05,-3.6963612513847e-05,-7.720559403088682e-05,-4.7471046679016426e-05
lpxC,lpxC,-0.0001627344342520699,0.0005533697164796843,-1.4463605379676564e-05,1701,2.380869458226297e-05,-3.5664239126436876e-05,-6.64699893744098e-05,-6.467691021024552e-05,6.506136574296046e-05,4.946215690053159e-05,-0.00010225746130619673,1.4114782420899713e-05,4.287064146715249e-05,-8.898347534858817e-05
glnQ,glnQ,-0.00016292389113445639,0.0004122826186846637,7.80469888878033e-05,1702,-3.181969051341013e-05,4.454252748141515e-06,-2.5523058532996788e-05,-1.9513969323250756e-05,-4.759440471823226e-05,-7.161484942422391e-05,5.3667723758283075e-05,-9.153728239744621e-05,4.188746435052259e-05,2.466992291815647e-05
dnaG,dnaG,-0.00016553359718678802,0.0004288392382291157,-0.00016702988156019107,1703,-4.2654593775699225e-05,4.202699920102414e-05,-7.714475498232884e-05,-0.00014732759873135407,-1.8885965361294878e-06,4.3991294825867536e-05,2.7236993669791613e-05,1.8397532824480548e-05,-1.1105329576434242e-05,-1.7065544106005995e-05
speA,speA,-0.00016625925588718214,0.000579069757332434,-7.185461988421717e-05,1704,-3.981782790801647e-05,9.750790753474641e-05,-6.20100965647046e-05,-3.2234652713837626e-05,4.996501036728137e-05,5.893233282059819e-05,-2.1142391152944102e-05,-1.9360766267613124e-05,-6.13114764635488e-05,-0.0001367872955391434
ydcM,ydcM,-0.0001666764934618313,0.0003868906734620952,0.00022900264380945045,1705,5.964259501281465e-07,-4.5447716750983035e-05,-6.509169920498377e-05,2.8015300233868368e-05,-2.4958594098187147e-05,4.008346441170122e-05,-0.00012387721030697224,-1.7408363100837063e-05,1.3305530366305827e-05,2.8106369038128373e-05
paaJ,paaJ,-0.00016699356851751883,0.00027328342120287535,2.2115678336854705e-05,1706,-5.1498519777252584e-05,1.7641731673794357e-07,-4.495581560661406e-05,4.357536960177707e-06,1.3660079081567153e-05,6.6045066786338414e-06,2.8346386305561608e-05,-1.3960516515544054e-05,-1.9267081828709482e-05,-9.045656113207692e-05
fpr,fpr,-0.00016714363965927772,0.0006175606093848588,0.00010562006842372164,1707,0.00014976480859813293,-4.394903315695315e-05,-2.6603630000913097e-05,-7.936925770947766e-06,5.569258308389521e-05,-0.00010129258946942133,-4.417009648827437e-05,-8.988240670483309e-05,1.9751093180762424e-05,-7.851744293072547e-05
tatC,tatC,-0.0001673835574415787,0.0003636317116655172,-8.125529283258633e-05,1708,-4.0449215720606436e-05,-1.784881771836292e-05,6.212004846680047e-05,-5.757635182781467e-05,-1.1107986271033946e-05,2.699472965019544e-05,-2.1828414244610648e-05,9.009298994973355e-06,-6.106176173288544e-05,-5.563508703823388e-05
secF,secF,-0.00016752697624136735,0.0004227875311768808,-6.38559364284581e-05,1709,-2.0851691049780154e-05,-2.6734238560579472e-05,-0.00013187986776385177,-6.521076188499095e-05,-1.2865770783479785e-05,1.9396542483486872e-05,8.389995829954075e-06,2.8469043587878855e-05,7.137469556643695e-05,-3.761492366644198e-05
sapA,sapA,-0.0001675777724025189,0.0003802617854098458,0.00021492406325325543,1710,-9.809183360819421e-05,-2.6238472367705852e-05,-3.894529212986965e-05,3.132988949105801e-05,-4.191220838009436e-06,-0.00010141146172443054,2.2374001061749345e-05,5.26381159508561e-05,-1.5759750102923752e-06,-3.4655232276802972e-06
dnaA,dnaA,-0.00016764680759090038,0.00031324198490276266,0.00014258106414362734,1711,-5.35957869035421e-06,-1.949385798890856e-05,-8.488345783043332e-05,4.244412084217785e-05,-3.15451102281543e-05,-4.08076193163731e-05,-3.11609213256882e-05,-3.7619685292597365e-06,3.0353467813753273e-05,-2.343188233766008e-05
hisM,hisM,-0.00016950295658585583,0.00025632609452666343,0.0001469433928155306,1712,-3.064423310526697e-05,-2.3823704289252557e-05,-2.603629680840427e-05,6.8651411232697714e-06,1.6783965926607595e-05,-5.6650905488059805e-05,-2.2092597725797194e-05,-1.873789920443884e-05,1.9762461920526434e-05,-3.492888893503998e-05
argA,argA,-0.00016955262732324872,0.0005949616463355834,0.0001797065447037253,1713,-0.0002841606016374396,5.201853383776759e-06,0.0001135540953637979,5.6315004620198754e-05,-2.095902906472664e-05,3.407681766921778e-05,-1.792743583771916e-05,-2.8931053424296818e-05,3.5567384691761463e-06,-3.027901686523383e-05
ftsY,ftsY,-0.00016977622787631087,0.0005293613147009036,7.681860141805739e-05,1714,-6.666463691734331e-05,2.6138130902761735e-06,-8.059619201491606e-05,-3.128283848366318e-05,5.185512709942914e-05,9.631896646452722e-05,-7.132527409983217e-05,2.9004636758063847e-05,-3.264872792795984e-05,-6.705110184489269e-05
hrpB,hrpB,-0.00017019414880193695,0.0007789030444805386,0.0002939211684503491,1715,-0.00015943211422468552,1.4477414731385472e-05,3.487362037805612e-05,-8.086752563488743e-05,5.7542241275042594e-05,-0.00019612471191309398,5.1505683019420084e-05,6.076669425134559e-05,-3.812424486857074e-05,8.518879418405093e-05
yaiT,yaiT,-0.00017044081222623993,0.0004945485250524472,-0.00011358677879305348,1716,7.322345186889834e-05,-1.5714893392362234e-05,-9.744613912860369e-06,-4.9257170841108194e-05,3.516558809203437e-05,-0.0001203508867954261,1.83061954984355e-05,-9.504890937013786e-06,3.5358620953735434e-05,-0.00012792221276057287
ugpC,ugpC,-0.000170460849764826,0.0006523900846817127,-0.00020569058489122884,1717,0.00011635214125043127,-1.855283714487815e-05,-1.5567895438901306e-05,-0.0001640595804263004,1.8010503616568162e-05,-1.3389987305717635e-05,-7.420485555193711e-05,-8.36236708372396e-05,0.00010660197259144395,-4.2026640518295176e-05
mdoH,mdoH,-0.0001707308394165085,0.0004966747912340252,4.274819044080804e-05,1718,5.801339812452166e-05,4.552466895338887e-05,-1.8092614186332725e-05,-7.242872587300669e-05,2.3501428083083058e-05,1.8845791879178326e-05,-0.0001669185029345007,-6.119894563350015e-05,1.708668886858643e-05,-1.5064026697926612e-05
cmk,cmk,-0.00017078830223500978,0.0004445950553334632,-0.00014013454057703838,1719,-1.5495214023079952e-05,-6.108138263920814e-06,-3.890460622768613e-05,-3.21081806818732e-05,-0.00011089465593622396,8.573090859686561e-05,-5.65722266800996e-05,-3.5150072183425883e-05,5.1172467952361076e-05,-1.245858478792692e-05
pgm,pgm,-0.00017080814060872263,0.0007363087799951689,5.58496033054799e-05,1720,0.00025732943715179045,-1.4336472926105546e-05,-4.896431066181037e-05,-2.699067178325152e-05,2.5420882541432652e-05,-6.730010122227177e-05,-0.00013268150124593262,-9.774894986321982e-05,-9.626973189551575e-06,-5.5909479409802515e-05
yecI,yecI,-0.00017147580334217404,0.00035479560200490733,9.323297667302333e-05,1721,2.3994062109569513e-05,-2.5700437827481397e-05,-5.459304619076259e-05,-2.890215294148874e-05,-3.2821477834398224e-06,-7.066761044414304e-05,-4.650116893161102e-05,-2.6552025944967284e-05,6.766583722179711e-05,-6.937112609646806e-06
livM,livM,-0.00017177954039656132,0.0003465192551525967,0.00018293573771798003,1722,-3.8999728945181144e-05,-3.114450147378347e-05,2.309479864671777e-06,-5.8476801661882934e-05,7.075675435792733e-05,-0.00010870531760357268,-1.512119405482374e-05,3.986445188301466e-06,1.031717796711712e-05,-6.701854035335041e-06
dicA,dicA,-0.00017276077956087434,0.0004473151622217242,0.0003547965521797596,1723,2.687654550708719e-05,1.1709033565153186e-05,-8.247935407154242e-05,2.8551074278340665e-05,3.089388212465854e-06,-4.9716613951031876e-05,-9.584635058104983e-05,-8.199565228767514e-05,7.673725948741908e-06,5.9377423818636135e-05
cyoC,cyoC,-0.00017371720405899804,0.0005625682448720009,0.0002914966799441926,1724,-9.909487675897747e-05,-3.66906827138063e-05,-3.523243894534564e-05,0.00011622919033375383,-1.84748307808656e-05,7.53848251795199e-05,-4.047973187464591e-05,-9.930554178156762e-05,2.8115048932277337e-06,-3.886462161029096e-05
galM,galM,-0.00017409436866733138,0.0006637254927179987,2.4772032872157808e-05,1725,5.9903646176682636e-05,2.258745964080013e-06,-1.4757722746817054e-06,-9.391148173676459e-06,-3.0499814498262573e-06,0.000182653169884571,-6.221114390669676e-05,-2.2688963209190488e-05,-0.0002578728834045093,-6.222003827408407e-05
yfgB,yfgB,-0.00017421966421817897,0.0004253176601367604,0.00030642456861297053,1726,-7.102169948562092e-05,-1.461627990073829e-05,-1.0784984486053792e-05,3.901536224316027e-05,3.940108456342718e-05,4.713255115270328e-05,-1.0185419977311434e-06,-7.948042775494177e-05,-0.00011053273394319214,-1.2313994609191653e-05
yjbH,yjbH,-0.0001746032324922073,0.0006003031293210153,9.093750239341162e-05,1727,2.6047494117212488e-05,1.0369924697495567e-05,4.9817992833898544e-05,-8.388444238386318e-05,-7.406544728668924e-05,1.049751214464281e-05,-0.00010781384269658475,-1.7928900553031664e-05,-0.00010376054798644247,0.0001161170246211546
otsB,otsB,-0.0001748734266996563,0.0007228989473841348,-0.00022396894906393373,1728,0.00023545797987644103,-4.479517692499211e-05,1.846930182249215e-05,-0.00013235576865784705,-4.303606385140985e-05,-8.823157932445665e-05,-1.9884041659585983e-05,2.008547864330606e-05,-9.655420125106579e-05,-2.402935537253809e-05
thyA,thyA,-0.00017611685273208322,0.00022878556457948837,-4.5119366039836516e-05,1729,-1.0116437289392772e-05,-5.784430885748692e-06,-2.017863136130019e-06,-0.00010160266956623956,2.3835640637888534e-05,-3.3771883907289585e-05,2.0614567647602462e-07,-1.6306843413376312e-05,2.2925696093379933e-06,-3.285108045760885e-05
ybiN,ybiN,-0.00017679728412575756,0.0005648962913848543,0.0001390451576371111,1730,-0.00011320819425337596,-3.2711121128675225e-05,-2.0798540235579504e-05,-9.318067836807693e-05,3.334550271706334e-05,0.00011974488850579468,-6.0544166802899755e-05,-2.5119728050945243e-05,-2.5284358915753306e-05,4.095911240669035e-05
rumA,rumA,-0.00017702738714935488,0.00040398019255340407,0.00010106203525891923,1731,9.957068245855695e-05,-4.048228265337524e-05,1.3905720243467623e-05,-1.773782516052641e-05,-4.367318593733288e-06,-2.18415276097901e-05,-4.5131429980289416e-05,-7.137575591233461e-05,-7.369011775037225e-05,-1.5877532190958132e-05
trmD,trmD,-0.0001772755080688365,0.0005596506693054256,0.0005308817109074181,1732,-0.00018869344279948494,1.43844791990038e-05,-1.7739615704097093e-05,1.0271054908300522e-05,0.00012061475251227947,-4.820550796145412e-05,-2.0940916133397506e-05,-2.9699315910219884e-05,-6.318429017847757e-05,4.5917293998710855e-05
cyoB,cyoB,-0.0001773180278871346,0.0005622880570113291,8.908879583388258e-05,1733,-7.072638981087267e-05,-3.672387464702054e-05,-6.022684348728426e-05,6.80752720408315e-05,-1.8439363156427728e-05,-2.684208764011855e-05,-5.7053376394264895e-05,-6.040582402213491e-06,0.00012440974252126582,-9.375052491102975e-05
apaH,apaH,-0.0001777015252951025,0.00042165698272371064,0.00020633161764654114,1734,-3.193950672994684e-05,-1.9506360439815794e-05,-0.00010127663279533861,4.493395763382618e-05,-4.045714126336752e-05,-5.8366780815015024e-05,5.965749846697551e-05,7.548042808241716e-06,-4.813283196592274e-05,9.838229805260673e-06
aroF,aroF,-0.0001780909759277498,0.0005338664340087406,0.00015291855008587677,1735,-0.00014478553634064754,4.63430988990114e-05,-9.118762893912691e-06,-8.477044899208108e-05,5.878935519159096e-05,4.9821108327037034e-05,-7.143238083845999e-05,9.539285743302466e-06,-4.587157590314396e-05,1.3394880879553613e-05
truB,truB,-0.00017812053029849423,0.0003945251399705636,5.95076818268245e-05,1736,-0.00012205215013369468,-1.1818974212481822e-05,-1.4232472274822843e-05,5.7703473308759474e-05,-5.9047521912302945e-05,2.758925426320571e-05,-3.943556319498795e-06,-1.7265784649436423e-05,2.2909577264069483e-05,-5.7962375632291404e-05
rnr,rnr,-0.00017900060263743042,0.0003584425013047509,-0.0001567225355181616,1737,-3.82384404507591e-05,-3.0192173076724486e-05,-8.253971099213952e-06,-0.00011484111786614717,-2.4919449258580478e-05,4.2669511603084665e-05,2.823360890888227e-05,1.8817828821693338e-05,-2.4175398266597132e-05,-2.8101001953068337e-05
putA,putA,-0.00017949438513665243,0.0005441345907407826,0.00031439664520959337,1738,0.00010968210916594486,-2.4522312274994525e-05,-5.60989458061209e-05,4.958608329569083e-05,4.790847157689334e-06,-5.965386532675302e-05,5.1868635996497234e-06,-0.0001014337491718141,-0.00012010561535903492,1.307419958309031e-05
lysS,lysS,-0.00018016312460398197,0.0004799978475513829,0.00018946786122023485,1739,-5.2227133888719196e-05,1.4083593522990084e-06,-5.0578724390935686e-05,-3.9571754956445115e-05,-3.5520329974471824e-05,-1.1549097494590135e-05,-4.173358867249632e-05,6.876454888235807e-05,-9.889985670002413e-05,7.97444532390434e-05
yjjV,yjjV,-0.00018079232629552517,0.0004948380588571532,-0.00011976571930740759,1740,9.150576616834532e-05,-1.2494751398545999e-05,-8.988826476895663e-05,-0.00010076610618845412,-1.0703237846562062e-05,-6.724873465609353e-05,-9.18568616487571e-06,-8.718732786400968e-06,6.551710011246872e-05,-3.8809678766450185e-05
cheA,cheA,-0.00018084705393585417,0.0013398656058741308,0.0004344815457122822,1741,-4.779274369733623e-05,-1.431254587922042e-06,-0.00033559239054365585,0.000383899975543373,-0.00013657279986067268,-7.119448276894979e-06,8.587058757063354e-05,0.00010973871285513168,-0.0001113377631440243,-0.00012050992979448633
motB,motB,-0.00018222644208114463,0.0009301559911185593,0.00023322759282356083,1742,-5.786875802311006e-05,-5.403807743788093e-06,-0.00017123410685411747,0.00020356305692816585,-9.860320789565012e-05,-7.288342969585666e-05,-7.073863272602198e-05,7.906406188354992e-05,9.13376557069916e-05,-7.945927366130764e-05
prmA,prmA,-0.00018403954752536827,0.000485859288405165,-5.384809817326076e-05,1743,-3.078819486493068e-05,9.31409530384571e-06,6.142551251684913e-05,-6.742934916728498e-05,-9.349834767445782e-06,-7.212220860692093e-05,-6.232777223191905e-06,-0.00010686241442090862,8.017026261920355e-05,-4.2164638914583754e-05
sufB,sufB,-0.00018446636787926185,0.0005616327356480415,-0.00025734312030819976,1744,1.367505191093167e-05,9.79396292901823e-06,1.5232239522224082e-05,-7.92362590967296e-05,3.7773697348935737e-05,5.780480143745483e-05,-4.123687424744658e-05,-7.313423607353856e-05,5.430343073582529e-05,-0.00017944218234593694
sufA,sufA,-0.00018456889894594508,0.0003583873048612362,8.43721091760198e-05,1745,8.690920295764558e-05,-1.3172312722034532e-05,-8.466081506238307e-05,-1.853778013943652e-05,-2.122638501864615e-05,-1.915926548502208e-05,-2.053044738452657e-05,-5.963381184652553e-05,-2.4223054518136237e-05,-1.0334229726879981e-05
moaB,moaB,-0.00018479542147123033,0.00035880342359346563,0.00014759821939686697,1746,1.534220446116663e-05,-1.8023002764686453e-05,3.46842776566685e-05,-4.322690485807819e-05,-9.601528500783691e-06,-9.84776797930203e-05,-9.489408066036424e-05,-7.576225955415118e-06,2.74768662160232e-06,3.42298323216802e-05
yajD,yajD,-0.00018621861669926494,0.0005374386339581708,-2.315597378471964e-05,1747,2.5498396667155044e-05,-2.1615570057542324e-05,-1.4668776823790631e-05,-0.00010984168052989407,1.1105896601830603e-05,3.982511813448327e-05,-5.4310690900095666e-05,-0.00015544039570346635,9.9180597225984e-05,-5.951511313928832e-06
fabR,fabR,-0.0001867146352368476,0.00048218577826513625,5.54426151486658e-05,1748,-7.979204277429002e-06,-4.838260352701062e-05,6.320401634003633e-06,-6.018956301172877e-05,3.3743061746497637e-05,-0.00010601117523511839,-3.3902286357942995e-05,-3.8795865562902396e-05,0.00010767210813364305,-3.918950877885976e-05
sstT,sstT,-0.00018687519766614263,0.0004987403679860523,7.85184803269893e-05,1749,3.2912909121333e-05,-3.9739642218034056e-05,-7.126899747369187e-05,-6.394101943991591e-05,2.0758433412976973e-05,9.500006304074118e-05,7.2611795849036915e-06,-7.70386541647011e-05,-7.982369688711682e-05,-1.0995772642637721e-05
ptrB,ptrB,-0.0001879964038752829,0.0005235254073112315,-0.0003745791290773278,1750,0.0001526036553477256,-6.867672777256848e-06,-3.073211260898082e-06,-0.00011583686545052377,-8.930787932385444e-05,-8.431021310716156e-06,-7.706965939970229e-06,1.5160846370248696e-05,-4.839426782811056e-05,-7.614302170192711e-05
pmrD,pmrD,-0.00018812766811739136,0.00035818108493862336,7.607191588319024e-05,1751,4.7577215751809315e-06,-1.428732705773893e-05,3.8348827329630686e-05,4.192015950580438e-05,-5.0926556225891396e-05,-5.655544839461764e-05,-5.673620262846699e-05,-1.6265595844382437e-05,-3.13617669798964e-05,-4.702147939701355e-05
ivbL,ivbL,-0.000188622837651685,0.0005178193213512111,-3.158423826631346e-05,1752,6.475666511024887e-05,-4.828461186901604e-05,-0.00012995287450037507,2.829193573060951e-06,-3.089791368122296e-05,4.713397213054414e-06,8.639121573562586e-05,5.907770217772949e-06,-6.205086159999674e-05,-8.203481785083722e-05
potA,potA,-0.0001887753418602464,0.0005540733915872686,-4.396978969779575e-05,1753,-3.8536004979199505e-05,-9.506592703362959e-06,-9.216581543484223e-05,9.11831161064905e-06,-3.997883834136001e-05,0.00010776829587484435,1.1375213281346794e-05,5.438720409667089e-05,-0.00010572507621668267,-8.551203904831012e-05
gadC,gadC,-0.00018918433074506917,0.0013267784294138584,-0.0009023320109099329,1754,0.0003425514987285404,-4.97542787655605e-05,6.552039364669305e-05,-0.00025599310803642945,-0.00018588045329212663,-0.00014508310802180887,6.720446634841051e-07,0.00016005311229567724,-1.738582246459363e-05,-0.00010388460949894491
leuA,leuA,-0.0001892136473711025,0.0007250452013676271,0.00016175324532410716,1755,0.00012397871623555246,2.6625309948903935e-05,-0.0002452888669085246,-4.459620020066542e-05,9.219738748926582e-05,-2.7577131617729198e-05,-2.552466152271279e-05,-5.2811175807634746e-05,2.5114363324540108e-05,-6.133138831209807e-05
ybiB,ybiB,-0.00018932133724062518,0.0004846702043988083,0.00012616796600879552,1756,0.00011033405808633867,-1.582779124690002e-05,2.801463549825404e-05,-3.0086684675384737e-07,9.325739994498866e-06,-5.685179393094034e-05,-8.298809795117268e-05,-0.00010908422621746302,-3.134143586282701e-05,-4.0601558763659846e-05
ompF,ompF,-0.000189324244802495,0.0009031047244571162,0.0005095720483567536,1757,-0.0001807774056650682,-7.524061903428748e-05,-0.00013862624828992948,0.00026190488300796214,-1.6481076318951386e-05,8.99301702310918e-05,5.055186588256649e-06,-3.969741003548588e-05,-1.0091820374201772e-05,-8.529990491188141e-05
ompR,ompR,-0.00018994285132686736,0.0003594676035837316,0.00010442766604648693,1758,-2.2575009878767438e-05,-5.724421074566921e-05,-2.7432572760014433e-05,-5.086853935327284e-06,-9.76356295108332e-06,-7.326705999218136e-05,-7.593792307679935e-06,-4.3834989130796896e-05,8.476237612843212e-05,-2.790717575377962e-05
rfaC,rfaC,-0.00019086032637321266,0.0004936185350197695,9.161655997251558e-05,1759,2.2940614061275583e-05,-2.437744539112531e-05,5.1983210457698476e-05,-6.427550895722756e-05,2.714595994835205e-05,-5.7934137158581725e-05,-0.00012183620641340379,-6.132379858467966e-05,4.9309319855952303e-05,-1.249233419147304e-05
cstA,cstA,-0.00019086566296101006,0.0003632250002906156,8.476665613394417e-06,1760,2.113954526416099e-05,8.641515094280194e-06,5.186389701594094e-05,-1.0562772269387938e-05,-3.9801294129013436e-05,-2.3629440521804758e-05,-6.14076018600854e-05,4.534711290420615e-06,-0.00010081379057011482,-4.083043227540644e-05
ygaY,ygaY,-0.00019267947425524788,0.0003591310521023689,-8.901143082628981e-05,1761,7.703905220166217e-05,-2.5343175412096406e-05,5.1097134038700985e-06,-0.00012732289015478503,1.0770233180282419e-06,-4.8641310221128575e-05,-6.892488096338537e-06,-1.0441337172431379e-05,-4.266447641801641e-05,-1.4599585704012065e-05
yhbC,yhbC,-0.00019281898523078233,0.00041826085959092974,-6.040597785127495e-05,1762,-0.0001074616655374473,-1.6113307142740433e-05,-7.70525903454669e-07,-0.00014569161916914012,2.6401905131078408e-06,1.0658567031212315e-05,5.5387663416629015e-05,2.759556910412087e-05,-3.550280465807346e-05,1.6438947115003653e-05
plsX,plsX,-0.00019302512248016917,0.0005599749395163818,-3.142943763039313e-05,1763,-0.0001814108769477579,-8.222253176340849e-06,4.4464702201544205e-06,-9.224745264540873e-06,-0.00012390580055759618,0.00010525420805475512,5.287096447634086e-05,-5.003228197338396e-05,-3.704073078655682e-06,2.090326576685592e-05
mmuP,mmuP,-0.00019416258421231703,0.00037137773859710654,0.0002374408236825113,1764,-5.271927817966937e-05,-3.248452276865829e-05,-1.7737585325352338e-05,2.9620185275901694e-05,-5.0080490678439234e-05,1.6887966778858367e-05,-2.0759518708771477e-05,-7.969329633523365e-05,-2.9295469408587416e-05,4.2099425137634676e-05
amn,amn,-0.00019506629584215723,0.0005827306739796395,-4.932966231185037e-05,1765,0.00015708220605967397,-2.7463148167303314e-05,-2.814522485118892e-05,-0.0001362764832518033,1.4217749098066534e-05,2.25322339110006e-05,-2.414059328003802e-05,-0.00012503292332211084,-4.770086711518692e-05,-1.392449232670358e-07
lpxP,lpxP,-0.0001956315707793305,0.00034754498979203553,5.614786672301354e-05,1766,-6.290960651572931e-05,-2.3248095859745196e-05,-5.7743722917618514e-05,-1.3665432393411085e-05,-8.488197570779721e-05,-1.475391261418658e-06,3.830972607844226e-07,-2.766405562996304e-05,4.676805617251828e-05,2.8805556073049806e-05
dadX,dadX,-0.00019598652003272686,0.0006856339610881231,0.0004961627493307057,1767,6.18489304263275e-05,3.1011570162925745e-06,-6.379372359781478e-05,-2.9785518436088598e-05,6.067093912591817e-05,-7.116893256774896e-05,-0.00013126634550626032,-1.668092985612224e-05,-0.00012811479059639003,0.00011920269395915986
lon,lon,-0.00019664678520567457,0.0005351947959499211,0.00018996052567783547,1768,-9.48921159450504e-07,-9.878044770716805e-06,1.1101926319110873e-05,5.829523981969646e-05,4.5160549862375915e-05,-7.931010659635313e-06,-6.711721648542132e-05,5.471628937093999e-05,-0.00017324667805658194,-0.00010679891944599193
ispG,ispG,-0.00019787877416768096,0.0004915161689145527,0.00021455760792697326,1769,-7.198331479205175e-05,-2.9820888061721673e-05,-5.31801245368577e-05,3.7562051492797714e-05,6.0220745958191325e-05,-3.6943557402539146e-05,-2.172622594064879e-05,4.9035899922446845e-05,-4.159998023595489e-05,-8.944338057134289e-05
artQ,artQ,-0.00019962500296468746,0.00047328065608773885,-8.140745490256306e-05,1770,-2.9351935631237035e-05,8.792644883884201e-06,-4.4291611252704485e-05,4.1918845151143135e-05,-0.00015443979496002725,4.842035231225833e-06,8.127430129527251e-05,-5.2793957324759234e-05,-2.7580251232744003e-05,-2.799527912474116e-05
yhjE,yhjE,-0.00020001870609378077,0.0006234374516568633,2.4530923454988297e-05,1771,0.0001627435052823856,-6.1005550628080054e-05,1.668288302662673e-05,-4.918305737389655e-05,3.228298447252895e-05,-2.487251394985492e-05,-0.00011455616769247592,-4.875730493015143e-05,-4.2509665882834524e-05,-7.084381841802865e-05
lpxD,lpxD,-0.00020053599372449798,0.0006011657427805042,-0.00019112091404126192,1772,9.14283793589863e-05,-2.5546880963745603e-05,-0.0001548574257859212,-0.0001360088917815121,-1.1464701081228996e-05,-1.3874271039385102e-05,7.618865228286907e-05,-1.074383658056926e-05,3.269784288614778e-05,-4.8354861020138845e-05
rhlE,rhlE,-0.00020062778888131237,0.0005065103531480063,-1.3665988630377377e-05,1773,-8.145805375031533e-05,-3.4597533758959273e-05,9.679383265370841e-06,-9.056987740999993e-05,-9.53659837059469e-05,3.761125236818458e-05,6.949345420040794e-06,-5.1577622389437905e-05,1.9912328719648823e-05,7.8788972360102e-05
ydcS,ydcS,-0.0002007145814517871,0.0003622723723019655,0.00011318150415868638,1774,5.196240187269088e-06,-7.946120094540193e-06,-0.0001133027262183958,4.157390498506307e-05,-6.266400208014103e-05,-4.829763164856333e-06,2.240221267494661e-05,-7.007442376747054e-05,1.1606537577810422e-05,-2.2676441551472433e-05
dmsD,dmsD,-0.00020125434822347043,0.00028948391125053347,0.00015121781198344116,1775,-6.757920059877976e-05,2.9710477304065533e-05,-9.034432390556343e-06,-3.172882291382902e-06,1.4404304209465974e-05,-5.153046815868179e-05,-5.9548159244359344e-05,-7.1234541506556784e-06,-1.1130842864488396e-05,-3.624969003809771e-05
ydjA,ydjA,-0.0002018950592439362,0.0004159489931386497,4.2488572688104936e-05,1776,4.88018671381309e-05,-3.205264205365209e-05,2.434088404944935e-05,-3.3243212851291395e-05,-4.374325234123017e-05,-9.138333191295094e-05,-7.04416700789328e-05,3.3884215759776496e-05,-3.53411388678415e-05,-2.716778085394072e-06
rlpA,rlpA,-0.00020216341357749484,0.0006329020953813395,0.00012520268686275646,1777,0.00010841364432980149,-1.8380518294884052e-05,-5.584780444295904e-05,-1.139761005204581e-05,-8.035194315599383e-05,6.947480402137921e-06,-5.199527413628493e-05,4.6739026319312467e-05,-0.00019955960439724954,5.3269189850670444e-05
ygiF,ygiF,-0.00020278721000614012,0.00040644352021896284,4.164658286725051e-05,1778,2.4471481391800584e-05,-3.533171042259488e-05,-6.137724025249762e-05,-9.113971586463448e-05,6.96534798456977e-05,-2.3664276213084613e-05,-2.0471538329622793e-06,-3.197119097626955e-05,7.703193868913038e-06,-5.908407755050803e-05
ycjX,ycjX,-0.0002035953056500031,0.0003259395289587277,9.222264148235593e-06,1779,-1.1888378528378722e-05,1.7788801992034506e-05,-7.529099069478708e-05,-3.0984745225680798e-06,-9.76061935781118e-06,4.3383309662327824e-05,-5.0588776592055004e-05,-1.5157165342547214e-05,-1.4655585395713662e-05,-8.432742687050449e-05
yeeF,yeeF,-0.00020359647246616329,0.000524043210242089,3.3581144173250665e-05,1780,-0.0002473039442539001,7.409389371875327e-06,2.9662438303229104e-05,-4.155829016719715e-06,-5.8237182649930714e-05,6.368385522082377e-05,-8.054217931714314e-06,5.946768599203469e-05,-2.3454015022055427e-05,-2.2614652479805897e-05
yaeI,yaeI,-0.0002046891565277031,0.0005911052690451739,-0.00020887920817331114,1781,8.486445736105707e-05,-4.399885057589215e-05,-8.840868019375328e-05,-5.399085894697554e-05,-6.248859382612632e-05,-2.5384713532534794e-05,7.68552520988139e-06,0.00010065807368779694,-3.332078613375115e-05,-9.030472957740524e-05
frmB,frmB,-0.00020562844951864991,0.00030338710368712867,9.139942935530612e-05,1782,3.0340745044517872e-05,-1.76009709804664e-06,8.897272423049944e-06,-1.4816888677279965e-05,-4.615651836353065e-06,-5.295966872866766e-05,-6.861235015811759e-05,-7.406115053638548e-05,9.641309616671536e-06,-3.768196956803886e-05
dctA,dctA,-0.00020571602122225789,0.0007055151253519796,0.0002804612264817487,1783,-0.00010251105567982737,1.2430713337823214e-05,-0.00016307728795739528,3.998920142153876e-05,1.0569640588577297e-05,-3.156910813547277e-07,0.00018690999671692159,-0.00010567385296256346,-7.085144622560726e-05,-1.3186239380370647e-05
sseB,sseB,-0.00020610693268095927,0.00035322300228404275,0.0001044860988519659,1784,1.5398325192939726e-05,-2.7499083916063174e-06,7.832107434992848e-06,4.3413323924647826e-05,-2.3251881389972097e-05,2.101952428221059e-06,7.055827927196092e-07,4.106743028020657e-06,-0.00018269131825175017,-7.097185944917243e-05
rplN,rplN,-0.0002070591698003348,0.0010392551068649772,-0.00021180015774660668,1785,-0.00037668349701592586,0.0001468822378460837,0.00017235289962718014,-0.00013465141295638465,-9.726862296354435e-05,-1.4553605396801086e-05,9.96784099678191e-06,3.5304897463606414e-05,2.9099720452210697e-05,2.2490372146458238e-05
yecN,yecN,-0.0002074686469279538,0.0005225639922046979,-0.00022472082215789778,1786,-2.5768663085970014e-05,-9.77981106840967e-06,-5.646109832540672e-05,-8.533657730062501e-05,-8.410227561418324e-05,0.00011777962678709549,-2.868601970222147e-05,3.9768045851276575e-05,-2.822599284139218e-05,-4.6655881628117536e-05
rho,rho,-0.00020846778137056146,0.000586559614533847,0.00016274225794994405,1787,7.034420459138236e-05,-4.389839928179622e-05,-0.00022352960481833873,2.0064566100199242e-05,4.3434433089835477e-05,5.5086683992707214e-05,1.1602880751849089e-07,-2.8164895205202498e-05,-1.555903774652335e-05,-8.636176090034343e-05
dkgB,dkgB,-0.00020932443448005042,0.0005101088539637435,0.000197588592908521,1788,2.4416993449422693e-05,-2.888267075909971e-05,-1.8735590824027092e-05,-1.9819267313379105e-05,6.335244655061308e-05,4.241318114067018e-06,-8.905562484054396e-05,5.8381451627743716e-05,-0.00015382239046184837,-4.94011000229987e-05
pheA,pheA,-0.00021016405953598429,0.000458762814983268,-0.000166280033114389,1789,5.210665289942807e-05,2.6045746090189364e-05,-0.00012782157755251728,-0.0001126868897316375,-4.844053883194478e-05,2.215216385806919e-05,-1.841981338192216e-05,1.4688114942824551e-05,9.30669993313063e-06,-2.7094617761604382e-05
ybfE,ybfE,-0.00021063182842452846,0.0003059907629965067,0.00016948682310114505,1790,-2.2856297724580174e-05,-1.2382754737196815e-06,-8.871055967069818e-05,5.368089319157313e-06,3.363627072841532e-05,5.982659754073558e-06,-2.5720665006267268e-05,-6.020863512598795e-05,2.692447484342943e-06,-5.957686270926434e-05
ftsX,ftsX,-0.00021098952474160935,0.000458742284389858,-3.3838142348092735e-05,1791,-1.607670331433462e-05,-3.899154175661935e-05,-2.5658489594406928e-05,-3.2651114450629614e-05,-9.178074765786326e-06,-0.00010056972973882088,8.198992542023398e-05,-3.115560661670086e-05,4.188645440389035e-05,-8.05846443284351e-05
yehZ,yehZ,-0.00021104704894959493,0.00039016340532859194,9.597510457426608e-05,1792,5.718440245789021e-05,-2.7652141787862144e-05,-3.18767399391846e-05,-2.8476307647564636e-05,3.237377573160824e-05,-0.00010918065370593707,-2.2597337995340582e-05,-1.1171536164951788e-06,-1.8271452175001135e-05,-6.143344027170803e-05
metE,metE,-0.00021123565129780436,0.0007205538807356058,0.0004134826759041007,1793,-0.0001282184579445399,5.337269769681466e-05,3.3018660890868156e-05,-6.32313070680589e-05,0.00010932888665875543,-7.799031185637089e-05,-8.681395734463145e-05,-0.00010964073180310398,3.91293676001088e-06,5.5025932712451655e-05
corA,corA,-0.00021134496770948752,0.0002816659189675115,0.0002458952029544117,1794,-8.856507501606369e-05,-1.8614951649209974e-05,-5.921570860464515e-06,-1.7885358006549914e-05,7.878652802797436e-06,-1.460926142165937e-05,-5.08635251305934e-06,-4.392932158195367e-05,-5.189355228953905e-05,2.728182282621456e-05
kdgR,kdgR,-0.00021152519112601907,0.00031833558350321395,4.997819488268013e-05,1795,-2.1127313588705705e-05,-2.4471205583193776e-05,-5.321655075187559e-05,-2.9156508459388983e-05,-1.5308355060401386e-06,5.3405196188597446e-05,-6.37563307128109e-05,-1.497534170287242e-05,-6.61014685348865e-06,-5.008615415624034e-05
yieF,yieF,-0.0002117258257873657,0.0007378888994430189,8.658235713514269e-05,1796,0.00010107437593049302,-5.395729590131315e-05,-1.1368587496123498e-06,-5.412756920724168e-05,0.000103725442175299,5.828171872203456e-05,-1.4702430691344443e-05,-0.00017462667702745674,-6.408692374405508e-05,-0.00011216960729416881
damX,damX,-0.00021214741695691023,0.0003880951032075058,0.00018040324297293814,1797,-4.5841675095643996e-05,-2.929154194402849e-05,-9.768664335784698e-05,-1.4623984486305898e-05,2.7548265233209e-05,-3.591331258472375e-05,-4.796773487476978e-05,2.2166520202701405e-05,3.8259057689387414e-05,-2.879636773888912e-05
yhjR,yhjR,-0.00021304220059465258,0.000554888593202262,-5.4799714286411175e-05,1798,0.00015042162401695218,-5.3887769859757345e-05,-3.8693469658303456e-05,2.0501572286852485e-05,-1.6074814847296458e-05,-5.8193353414200266e-05,-5.3751731441456666e-05,-1.4028253938126164e-05,-1.0988288859228985e-05,-0.00013834771488008792
rbfA,rbfA,-0.00021566301875027921,0.0003305433261052559,-6.126459368759822e-05,1799,-1.4875079991511234e-05,-9.834472952684148e-06,-2.030123480655937e-05,-8.207184472829025e-05,-2.6055803890670134e-06,3.173519190896649e-05,-5.1833327891445634e-05,2.570496176852184e-05,-3.779525056662844e-05,-5.378638110158146e-05
slp,slp,-0.00021672001742427909,0.0005870184684304013,-0.00011363955569641949,1800,0.00010353868977224865,-3.421260855714099e-05,8.161053573081243e-05,-2.708161704003174e-05,-5.673421084753429e-05,-9.479399823414741e-06,-7.721637496118545e-05,-3.4622206378132806e-05,-8.115886664711687e-05,-8.136395867278325e-05
allR,allR,-0.00021738535681257336,0.0005667406396571775,-0.00014329680453399517,1801,6.797564400840177e-05,-1.6327046476949928e-05,-0.00014116314764288032,-2.160032262842482e-05,-9.324213049166844e-06,8.663710357164564e-05,2.006489384225468e-05,-3.716873151266465e-05,-1.7062991929096272e-05,-0.0001494165449956926
epd,epd,-0.00021801495086431748,0.0004045021970548447,0.0002179399898235753,1802,1.6657671456829912e-05,-5.320875421037488e-05,-9.332682933747167e-05,5.847890043867278e-06,-4.9032524051438584e-05,2.7590908107366212e-05,-2.4681419469753487e-05,-2.691790579053806e-05,-6.409114110000444e-05,4.314715348720018e-05
yncC,yncC,-0.00021825355413036335,0.0005077164985486234,0.00021359590506011517,1803,6.181877859563596e-05,-1.3368649737043768e-05,-7.033104917541063e-05,3.819172094857106e-05,-6.252587294607075e-05,-0.00012864312047455254,2.271564520254741e-05,-4.4989980943689964e-05,-4.3126353062725716e-05,2.20053274623756e-05
yebO,yebO,-0.00021843196364043608,0.0004209205315971159,1.9714647887125972e-05,1804,1.0829988582066307e-05,-1.864230827484916e-05,-6.046613964985664e-05,-3.136764717702818e-05,-4.485571763579224e-05,-1.4000648109360565e-05,-4.084978568670977e-05,-8.63587080213448e-05,9.041429539627362e-05,-2.3135293063834605e-05
rpmF,rpmF,-0.00021846208757688397,0.00032206507080748787,-6.6384256847229064e-06,1805,-1.744946395872597e-05,-3.055613910015927e-05,-3.8536439857965174e-05,-4.267174402010631e-05,-6.573495998177302e-05,5.1801491615301935e-05,-3.554602124793877e-05,-2.7530235455098096e-05,-8.095022941495205e-06,-4.143552628924123e-06
rrmJ,rrmJ,-0.00021849261818665856,0.0006954242879982557,0.0001097231459712387,1806,0.00010938438374790381,-2.883418755691518e-05,-9.098632049298721e-05,-0.00012635555188518374,0.00010777497650407304,-0.00015485635555600164,-1.3061707525952577e-05,-7.060169348817566e-06,2.1306474653821732e-05,-3.580416072659922e-05
zraR,zraR,-0.00021872938112732545,0.0003811838785308701,-4.875203305527077e-05,1807,6.821106694458295e-06,6.389402354022861e-05,-4.4122542321869374e-05,-3.3121760023959237e-06,-3.9050341276042305e-05,-6.316787058172393e-05,1.520228998046383e-06,-5.8925509834206397e-05,8.991889469039068e-06,-9.137818981285988e-05
nadD,nadD,-0.00021946857168979588,0.00042329415840667954,0.00019340255169589352,1808,-1.4428172100038074e-05,6.816793429267601e-06,-0.00011954511548439843,7.190942469303102e-05,-7.000940492909804e-05,8.080035499584672e-06,1.5106539736558611e-05,-1.7336292980322482e-05,-8.512934979349658e-05,-1.493302976088416e-05
prfC,prfC,-0.0002199848240067353,0.0007931930994409119,0.000214089784925124,1809,-8.840332044717503e-05,2.643782539224198e-05,-4.440376346868749e-05,-0.00014273715961436498,-5.096549216274851e-06,-8.594917463520331e-05,-7.886274626126796e-05,0.00011528012303501216,-6.113624808084999e-05,0.00014488618928983418
atpI,atpI,-0.00022051775173778277,0.0006008167818785884,0.00013644256706686465,1810,7.607017755422632e-05,-3.866539451046497e-05,-5.1631553237525664e-05,2.7626467162848312e-05,-4.295457888341833e-05,-5.551379478394258e-05,8.645287035332819e-05,-0.00011356875914270235,-8.162370563524266e-05,-2.670948061488903e-05
cysW,cysW,-0.00022086542888747091,0.00048807632232977577,-5.090154485269674e-05,1811,-0.0001468283260441673,-2.836565599561323e-06,-3.2336822621844954e-05,-0.0001282880739112996,5.942825220647216e-07,-3.5991391950901166e-05,3.209192179029223e-05,2.7300361495908168e-06,9.818920625920461e-05,-8.18969548084894e-06
nusA,nusA,-0.00022106708610909414,0.00034096136708235093,0.00012216397398946891,1812,-9.202459084594817e-05,-2.5570434831886163e-05,3.6427339302571722e-06,-3.321056902918073e-05,3.784609108798722e-05,7.882124931401726e-06,-2.8680351530871076e-05,1.0576190536982266e-05,-4.74412022392173e-05,-5.40870781186191e-05
yhdH,yhdH,-0.00022148495679136948,0.0007078963243416411,0.00021535481127283733,1813,0.00015006548478445223,-3.2214817565240016e-05,-0.00012139897380367381,9.256460637760789e-05,5.755926130756616e-07,-3.3422924767071614e-05,-9.319189701865081e-05,-3.758031994067307e-05,-5.06764357212463e-05,-9.620527174994963e-05
bax,bax,-0.00022458774719042541,0.0003345474372540321,0.00019197890506320682,1814,-5.441772568245741e-05,7.210556053496739e-06,2.770814239790516e-05,-3.6365567644010764e-05,5.168454802775139e-06,-8.80307994316169e-05,-1.4134369593199692e-05,-7.418661442937954e-05,-1.2432515441564483e-05,1.4892691777626318e-05
yfhA,yfhA,-0.00022460594837795398,0.0004279479352873666,0.000133019910992911,1815,1.0374948750106702e-05,-5.254073500785209e-05,-1.4206697288906735e-05,-3.277509013355516e-05,8.170450220310681e-05,9.591542501492817e-06,-5.293598302662403e-05,-6.122713037142933e-05,-1.786887524221984e-05,-9.472243076207314e-05
yegQ,yegQ,-0.00022547957984738823,0.0003961001932121323,-4.574830532747658e-05,1816,1.066919755276493e-05,2.8266321993098248e-05,-5.742066158484706e-05,-5.7219965544788304e-05,-0.00010429598506225861,-2.6583945031008732e-05,-4.870065456470426e-05,2.0472779116894366e-05,-1.6568674742153306e-05,2.5902008019614514e-05
argF,argF,-0.00022601068835666964,0.0006145192902472193,0.000423133708749608,1817,-0.0002740666785782799,-2.532772712674207e-05,9.135827354171532e-05,4.2421783702317396e-05,3.283947126846682e-05,4.334517207090326e-06,-2.7067908225311046e-05,-3.292806079259225e-05,-6.087461457901921e-05,2.330025522568497e-05
ytjC,ytjC,-0.00022718409182274614,0.00043503648192292184,0.00029845460138896,1818,-6.857296738147819e-05,2.5407680043652208e-05,1.3806721412402289e-05,-1.9119002916856993e-05,5.040993238962267e-05,-8.976577483012044e-06,-0.00011029025760194286,9.957535894069447e-06,-0.0001241514814895439,4.3443253103412575e-06
rffA,rffA,-0.0002274779534201687,0.0005568157356081425,0.00013094017502348536,1819,-2.9137028673068943e-05,-1.903072615811453e-05,-7.76537876309976e-05,-5.047397301648026e-05,1.9498844792186277e-05,1.973055021707746e-05,-3.7867673360921595e-05,0.0001254394960847232,-0.000160689894700525,-1.7293760974047704e-05
mraY,mraY,-0.00022748128267041802,0.00032182854993338916,-7.21161508949818e-06,1820,-4.239675734137483e-05,8.102671911381785e-06,2.491716383999176e-05,-6.15283421588155e-05,-4.9319518894690684e-05,-9.86604677381617e-07,1.4153797880112028e-05,-6.667015730228978e-05,-4.725494810089926e-05,-6.4985878264519095e-06
hepA,hepA,-0.00022902621217914883,0.00040123319569142755,0.00015720217929369575,1821,1.9551875456215167e-05,-1.9482938303086142e-06,-8.039515142715037e-05,-6.998452613729995e-05,6.655161629992423e-05,-1.7643555692935887e-05,-1.0788687182882457e-05,-9.15622452966948e-05,-1.032813776266532e-05,-3.247910660535083e-05
yeaY,yeaY,-0.00022973364809129664,0.0004325642825697656,-4.677577491113861e-05,1822,-5.363074456132938e-05,-2.9149003357055026e-05,4.880387798579008e-05,-4.589525951157604e-05,-3.415787753953282e-05,-8.091807042366491e-06,9.058312872034189e-06,-0.00010202269886856264,4.3553126381410235e-05,-5.820157445010877e-05
ygdI,ygdI,-0.00022980130744993855,0.000715330249540993,0.00040896534405646394,1823,0.000119726906902815,1.8013834827547825e-05,-4.440001638880269e-05,-1.5441711011901675e-05,1.594551371948732e-05,-3.814759148987299e-06,-0.00017634641072471392,-0.00014030301187752163,-9.225986934353856e-05,8.907821559567706e-05
sbp,sbp,-0.00023035288757635626,0.0004635373081096488,2.170547109957993e-07,1824,-3.587840834395714e-05,1.2819494361213988e-05,-4.3634442913616166e-05,-7.280705294683168e-05,1.4417041761016328e-05,7.222360323484228e-05,-7.113611744720156e-05,1.7132070909573692e-05,-6.681117094453112e-05,-5.6677905246864895e-05
ycaD,ycaD,-0.00023174700660941568,0.00037379923863243474,6.964563559777984e-05,1825,-6.185202575290541e-05,-7.869588771550842e-06,-9.575954529407797e-05,-2.292541502976865e-05,2.2195163836690058e-05,-2.4301218796551982e-05,4.7063157421021104e-05,-9.744894663331004e-06,1.7677947537983855e-06,-8.032043431273934e-05
ruvC,ruvC,-0.00023206826110857187,0.00043555474192911656,9.734973337131113e-05,1826,8.077441438427407e-06,-3.295331766128392e-05,-8.583963698725299e-05,-6.791677858243703e-05,-3.640074654253179e-06,2.676705558978308e-05,-8.999820447965741e-05,-5.34634891539597e-05,6.270115401400204e-05,4.197589368059841e-06
yjjJ,yjjJ,-0.00023357491450957585,0.0005451233083932905,-0.0002050762455926365,1827,7.264241163670163e-05,-4.106614998749382e-05,4.011060983802351e-06,-4.834749017065277e-05,-9.617238216527211e-05,-7.324755407067588e-05,2.3774877863283978e-05,5.534584645806936e-05,-5.570982734215728e-05,-7.480570771518127e-05
gntU,gntU,-0.0002336730614540161,0.0004666139565851329,0.0003278643521829613,1828,-0.00011489977151400389,-1.1875775820103516e-05,-4.915714800689473e-06,-3.6759791610279455e-05,6.648768147954959e-05,3.2615010590806354e-05,-6.0548809112873385e-05,-5.5540389730754606e-05,-6.560325643087019e-05,1.736775549520245e-05
hsdM,hsdM,-0.00023384860775219093,0.00046789978565337317,0.00022962092791730274,1829,4.457431223345602e-06,-1.6406388155933036e-05,-6.5867664045276734e-06,4.7876895242702446e-05,-1.611356150092156e-05,6.469126248454309e-05,-9.066240449969545e-05,-6.0800322834348664e-05,-0.0001264275796481307,-3.387717365922496e-05
yfdI,yfdI,-0.00023422873129652156,0.0003798429611099628,0.0001689602305253376,1830,3.895492678436457e-05,-5.296803904627582e-07,-9.037657245437888e-05,2.3612700811974282e-05,1.0239487310381771e-05,-8.409364369074184e-05,-1.0405401221387888e-06,-6.215822279855366e-06,-5.82931487577165e-05,-6.648643850794802e-05
hisC,hisC,-0.00023452574132146908,0.0006136161886769231,-4.0352721824968005e-05,1831,-8.586399030958152e-05,1.4754452158503091e-05,-0.00011277244825802083,-0.00015633436170373226,4.3470875969708325e-05,6.684079312769395e-05,-4.452441888866691e-05,5.526315476806056e-05,9.215947653761116e-06,-2.4575745839194615e-05
mcrA,mcrA,-0.00023587627300444966,0.0003021858524942402,9.377257099809106e-05,1832,-3.346742267669563e-05,2.772335030884455e-05,-1.1624390232712122e-05,6.118196998635484e-07,-7.648329043923005e-05,-6.0045513226444035e-06,-0.00010652910728943027,-2.3736036810672638e-05,-1.118626397795986e-05,4.8196197361871824e-06
torT,torT,-0.00023600149745305936,0.0005579502342969679,-0.0004136444340057196,1833,-1.0153283595337434e-05,-2.5184807109232775e-05,-2.8540904989641865e-05,-0.00013422026747232467,-6.732903634719695e-05,4.9372790180843833e-05,-8.27390445141204e-06,1.6378848401199057e-05,9.522272983991136e-05,-0.00012327366190986787
hemA,hemA,-0.00023632110138358165,0.0008411911460403338,-0.000523951334097592,1834,0.00014545358780849508,6.472593700320995e-05,3.0998734848378223e-05,-0.00018099167139823852,-0.00011304607446721163,-4.640649908784096e-05,-9.804354952801848e-05,-1.4169857355511483e-05,6.125676266829282e-05,-8.609847187513666e-05
yagN,yagN,-0.0002372914045343042,0.0004533986854254957,-0.00012250831257572216,1835,5.5161331679892863e-05,-1.7090425660133313e-06,-3.6202966238794545e-05,-7.55677585446055e-05,-1.885313502023295e-05,5.289230876570291e-05,-5.8097502277593794e-05,-3.4799268001795395e-05,-3.463640734068974e-05,-8.547896499017475e-05
trxC,trxC,-0.00023762753384032562,0.0005383793795313805,-0.0002541978343947925,1836,-1.917506037913214e-05,4.0342333880022606e-06,5.592308483281121e-05,-0.00013247046360910896,-2.2484839974890113e-05,-7.510202140594063e-05,-2.7428004527699795e-05,9.041860462471396e-05,-2.0385686255521412e-05,-9.095738053356e-05
spr,spr,-0.00023769693034726106,0.0005361975424295945,-5.355383419577045e-06,1837,5.499291218134112e-05,-7.594410969326728e-05,2.310636810644114e-05,-3.911588300092415e-05,-1.6875296856279528e-05,7.115102575338449e-05,-0.00010981222923530713,-3.158314506568382e-05,-4.808159551075053e-05,-6.553497702621537e-05
rsuA,rsuA,-0.0002377937950859792,0.00042652921298302687,-6.179946896371368e-05,1838,6.59154360134666e-05,-1.9666315653214465e-05,-9.92642631549103e-05,-6.690379495018635e-05,-1.363246909130926e-05,1.517623545552385e-05,1.3276037479533347e-05,-1.4233450176911218e-05,-4.920084302462059e-05,-6.926036798335085e-05
aroA,aroA,-0.00023826437224577614,0.0005461865985358999,0.00023533870073769286,1839,6.654563249483729e-05,-5.720205607466857e-07,-0.00017242074040658276,-1.8255301391215174e-05,6.366980229837948e-05,-1.7019442848160355e-05,-0.00010417301910194334,-3.290762442098376e-05,2.3745678351845115e-05,-4.687733666120596e-05
rplM,rplM,-0.00023893110404960358,0.0008567737402829124,6.012539961925316e-05,1840,-0.00032287385645866516,-7.249057987513374e-05,7.629697695493077e-05,-7.597196709492985e-05,8.407700779488711e-06,2.5510132594909256e-05,7.949558969980418e-05,0.00011921091808752146,-5.4677432837795165e-05,-2.18385858997341e-05
gshA,gshA,-0.00023916992934651458,0.000529154824000757,-0.00018768429093160848,1841,9.534616126248864e-05,-1.3702781092563223e-05,-8.335477832059068e-05,-0.00012421845966619884,1.4944876768341998e-06,-7.218321944458613e-05,2.5856212108619823e-05,1.7674264471208666e-05,4.6213218079698546e-06,-9.070313814969688e-05
infA,infA,-0.00023930954504768209,0.0003338205246573629,-3.048006124728126e-05,1842,2.696872120050956e-05,-6.72614270522771e-05,7.185978481886735e-06,1.3100790122444092e-05,-5.481404274609087e-05,-2.031067224059376e-05,-1.8938376878943713e-05,-5.093344698741843e-06,-2.696562071204029e-05,-9.31815505238349e-05
hisP,hisP,-0.00023942424551161488,0.0006413680559175037,5.128285212686973e-05,1843,-2.0974074831488766e-05,-2.2475938084277762e-05,-9.823433342215184e-05,7.939094437078837e-05,-7.903501213443149e-05,-2.6975387543084824e-05,9.02686157204857e-05,3.131234511167044e-05,-9.827477577039526e-05,-9.442662892872946e-05
ymfI,ymfI,-0.00024099287335456915,0.0004844975388193119,0.00012461290966427183,1844,1.0765402594153633e-05,-3.390293705987292e-06,-6.239061967603652e-05,-1.6407460355595062e-05,1.6151117899860703e-05,9.483581223835707e-05,-5.336629164266918e-05,-2.8547983905911866e-05,-0.00014070891741132632,-5.7933639389414314e-05
panB,panB,-0.00024320168435600737,0.00046644630278037296,-3.039298942317e-05,1845,2.094564054869316e-05,-2.9478988112201085e-05,-2.0573609081469042e-05,-1.098952558832116e-05,-8.335892515632763e-05,2.864675582885327e-05,-8.816597324705456e-05,-7.980808623787682e-05,6.20299128346364e-05,-4.244888614493988e-05
amiB,amiB,-0.00024383867058505837,0.00027589041647731064,-8.382513114860931e-05,1846,-6.641919008170358e-05,-2.5474512027500294e-05,2.1369962621316283e-06,-2.4674290984227312e-05,-7.12565372286855e-05,-2.4954981509698383e-06,4.1059227860482675e-06,9.782953897946237e-06,-1.6434424041769355e-06,-6.790107265392102e-05
mukB,mukB,-0.0002445012807705115,0.00034858988297713586,0.00011473159065656634,1847,4.59006382940831e-06,1.9904760667014465e-05,-6.174047090784012e-05,-2.155238331601021e-05,-2.8727296281821256e-05,1.9486024036913813e-05,8.063452569975597e-06,-0.00010108219242459214,-6.883807348441883e-05,-1.4605165459141112e-05
dppB,dppB,-0.0002466781936501972,0.0005446043681961913,0.00032463617387728757,1848,-4.482512306890247e-05,1.7786763619982174e-05,-0.00015377956328935181,2.6814881995232845e-05,-3.057808815032233e-05,2.2335113268222518e-05,3.928413212092481e-05,-0.00010818653893942798,-5.827196747518962e-05,4.274219626863469e-05
rpsA,rpsA,-0.000248017742961054,0.0008415182699054186,0.00012446668445961846,1849,-0.00033822171088439365,5.810196421826533e-05,-6.010985934769016e-05,4.633268679610882e-06,5.30909104826396e-05,4.1007249412411624e-05,0.000139567500566895,-2.6936727788184276e-05,3.4937011235991186e-07,-0.00011949970841296822
fliM,fliM,-0.0002486265175013848,0.0006321036690407439,0.0003042045167976144,1850,-0.0001378038577132498,-1.507170781014744e-05,-0.00015457130433517533,0.00010570878641897292,-9.786067005682384e-05,-2.5472963214478338e-06,2.7634977651300905e-05,3.845392841344006e-05,-3.25102570342202e-05,1.9940883285965717e-05
glgP,glgP,-0.0002486574730900601,0.0006186807645574934,-0.00018907466663816986,1851,8.963328531435164e-05,-4.849298461125297e-05,-0.00011450823589323195,-3.467227111947231e-05,-1.0876212825802504e-05,-5.180182845517683e-05,2.939811344501212e-05,3.398024628601661e-05,3.200000068833627e-05,-0.00017331758591884015
gcvA,gcvA,-0.0002499856698932525,0.00036044036652755577,-0.00012251585213789908,1852,2.538056224721269e-05,5.419119869448247e-06,-1.1849193737271888e-05,-4.365635781985078e-06,-3.0611431145462074e-05,6.68714488397708e-06,-0.00010315132968925086,1.77405213165136e-05,-3.961733768305582e-06,-0.00015127369408812863
mprA,mprA,-0.0002530303915806658,0.0005773525466683402,8.035538495174382e-06,1853,-4.288230605247339e-05,-7.4614522660435094e-06,-3.070872672758243e-05,5.1492728152500556e-05,-4.049840087960071e-05,-5.7461060173620065e-05,2.8753471222031397e-05,8.191487816930525e-05,-0.00010268776920953735,-0.00013349175381564558
surE,surE,-0.0002539594133583665,0.0006258734301890814,-0.000107103072903581,1854,0.00011026788438392233,-1.6223175571998712e-05,-0.00011797438383081408,-3.685425839739648e-05,-3.2895128240445894e-05,-4.8054470810504045e-05,7.56891240314351e-05,-3.5979425688314693e-06,-7.35352058606019e-05,-0.00011078185649313139
dedA,dedA,-0.0002545451365265531,0.0004767056293338126,0.00017232804511836311,1855,-3.1179786478523204e-05,-1.8565933821113527e-05,-0.00011145422868974431,-0.00013773499795273378,1.534948180148259e-05,-1.3434172976573078e-05,8.743063055445282e-06,5.710731099545685e-06,-5.3256263011494954e-05,8.127697044715619e-05
yfeH,yfeH,-0.00025548315106456156,0.0008286574915888178,-0.00022802726620057786,1856,6.419865208329715e-05,3.439146810039097e-05,-0.0001525594656143674,-0.00010279918396471364,-9.296780299563646e-05,0.00018799705007844006,-4.217174430573143e-05,-8.38435052005688e-05,-2.1740397573452365e-05,-4.598822167221963e-05
yqeF,yqeF,-0.0002556174717526842,0.0007115535396637396,0.0004931869192708301,1857,-0.0001298089211168389,-2.1902731461365407e-05,-6.248773688348049e-05,-5.039342801337287e-05,0.00013098086816031466,-9.967182420140202e-05,-4.891392236593445e-05,5.878988218308185e-05,-7.04069416658177e-05,3.8197283612131156e-05
chpR,chpR,-0.00025591760435755986,0.00041707840794800804,0.00014274155841195372,1858,1.9128014617403032e-05,3.0010807738665568e-05,-7.004675569743967e-06,-3.952354724899393e-05,3.144157943915548e-05,-6.178983267885932e-05,-0.00012395079702024714,-3.8922941268516856e-05,-1.6800157203458098e-05,-4.850605516296463e-05
yfhQ,yfhQ,-0.0002565991321605049,0.0004171003732983702,3.122010072305858e-05,1859,-0.00014733726204342053,-8.647952682820328e-06,7.3032264237471e-05,-4.7022024227803864e-05,-4.569682604715197e-05,7.218356331461618e-06,-2.0653250385261604e-05,-3.688695622078481e-05,-1.0634815678427105e-05,-1.997066544376735e-05
rsxE,rsxE,-0.00025746470449066714,0.0005123573057816711,0.00036513871098416974,1860,-7.850114008532061e-05,-4.3368521711379835e-05,-4.927311041662678e-05,0.00012422308262956754,1.4693507010730842e-06,-4.5762068094245e-05,-4.531140510540042e-05,1.7538673148613743e-06,-5.0839329639307176e-05,-7.185543008388933e-05
rssA,rssA,-0.00025797177804992187,0.0007620235570287798,-0.000240853179351482,1861,9.953369387626861e-05,2.981440996925566e-05,-0.00010210854088399458,-0.0001807147614581469,-3.567855583262273e-05,-3.5441734408132075e-05,-4.4057619263883704e-05,-7.89772942826385e-05,0.00012267778564390466,-3.301916140993232e-05
ybeD,ybeD,-0.00025824010826973326,0.000524266888469033,0.00010087377970629032,1862,6.234366424500401e-05,3.529087838383023e-05,-0.0001493124115604785,-1.0707336754887582e-05,-5.815761932551009e-05,-3.980431651271553e-05,-4.105629444768757e-05,-8.239731156678004e-05,3.537884747081561e-05,-9.818208201323796e-06
fmt,fmt,-0.0002588631114158225,0.00034502617553429425,0.000229074158304187,1863,4.935428723573988e-06,-1.0114873605570557e-05,-7.845243276450065e-05,-1.6626692784910015e-05,-5.308633521919706e-07,3.588302375437767e-05,-0.00010568637343597983,-3.788396626078625e-05,-5.264944127111909e-05,2.2630795812842472e-06
hsdS,hsdS,-0.00026113926382164787,0.0007354910522165147,-0.00042545031164147013,1864,2.2950902189777677e-05,-2.3834572813380556e-05,4.4355532195303665e-06,-0.00019728947846303906,-0.00011818072942846516,-6.174859808437577e-05,3.3880346977131686e-05,0.00017590909181099365,-6.943719938976587e-05,-2.7824579840054812e-05
sdhA,sdhA,-0.00026138561538149174,0.00042102654143158134,0.00026011302173069447,1865,-2.5950413949869873e-05,-4.290986479249139e-05,4.598802394867503e-05,2.4029958367443872e-05,9.802480708925936e-06,-3.1924370537742146e-05,-1.676142040133468e-05,-0.00014079998781508726,-4.839128500824279e-05,-3.446873590176843e-05
ydfH,ydfH,-0.00026260477790096087,0.0007777240095898108,0.00028124025221228874,1866,6.747341255028984e-05,-3.6479425184874727e-06,-9.424702606334204e-05,-0.00010455082569998889,4.8977226594254904e-05,-0.00011610447659678741,-5.483407517706399e-05,-0.00014678004768971597,7.621764043848227e-05,6.489133626139788e-05
rpsT,rpsT,-0.0002627488910659741,0.0003551320040630358,2.11212898035234e-05,1867,-6.439398610537359e-05,5.251846361699417e-07,-2.6787886293597377e-06,-1.7952217796440734e-05,-2.0172731528760933e-05,-6.511307774546776e-05,3.7821615918840875e-05,7.844755943520037e-06,-5.5940794453078515e-05,-8.268885130602369e-05
yaiA,yaiA,-0.00026321574528431453,0.0004965530045379877,-0.0001332811502545979,1868,3.0211928252446445e-05,-1.0698031873308346e-05,-3.954338011420926e-05,-5.1500508118402265e-05,1.6474923430890495e-05,-0.00011491959172328676,2.047445109319101e-05,5.1766753292553666e-06,4.433065152105323e-05,-0.00016322286308194443
yojI,yojI,-0.00026376833204191436,0.00045330744793248897,7.545520320121711e-05,1869,-3.364236741346062e-05,-3.362789637760372e-05,-7.378850457268583e-05,-1.4083554070345735e-05,2.3308157278444508e-05,2.2389862027945125e-05,-9.838766996840185e-06,4.907153863889764e-05,-9.017563292781817e-05,-0.00010338116762844742
gadA,gadA,-0.0002647933028281599,0.0016998711445384365,-0.0010535367224942455,1870,0.00030259900728202104,9.5171019977185e-06,0.0001016757680052446,-0.00028750381181858365,-0.000289194103309063,-0.00017642198744360015,4.5322334422826465e-05,0.0002584247091473276,-0.0001467452235784953,-8.246709753355599e-05
yaiX,yaiX,-0.00026524512248024296,0.0004888247686079273,-0.00015683141524637734,1871,5.9388180378149715e-05,4.209280900029277e-06,-6.200285850162312e-05,-7.072856033816487e-05,-3.78564934423951e-05,6.847582452984363e-06,-0.00010399381817915185,3.337800728572123e-05,7.96677204695758e-06,-0.00010245321508275016
dnaJ,dnaJ,-0.0002660284990906065,0.000575733103827498,0.00042856158276123883,1872,3.858191021606706e-05,-6.839868296120397e-05,-0.00014096855387934045,5.684918100113266e-05,5.534698236873006e-05,-0.00013586959118539512,-2.222295681763059e-05,-2.249139508093556e-05,4.074228782515976e-06,-3.092962153454658e-05
mdtK,mdtK,-0.0002660560139964275,0.0005561228169455998,-9.137449927421396e-05,1873,9.315630507493806e-05,-8.483274576224936e-06,-2.0522859100923055e-05,-3.484911032191781e-05,-8.467854093941173e-05,-0.0001536199298039149,1.2778832161461101e-05,-4.974809535463004e-05,3.909826423818697e-05,-5.9187605373991185e-05
yidQ,yidQ,-0.00026608759337474076,0.0006570021658018275,0.00010944654034176039,1874,2.9302382490049607e-05,-7.925399402971936e-05,4.311970058087218e-05,-0.00010236508280460998,-4.124722536456986e-05,-0.0001382805877021237,5.774342148993194e-05,-2.1970398640600013e-05,-7.84275910466612e-05,6.529178165268969e-05
nhaB,nhaB,-0.0002667352555909746,0.0005261758787130608,0.0002911930214699266,1875,-3.0036858022385175e-05,-7.113522378783969e-05,-0.00012838350512435367,4.849136559153849e-06,3.791292178825023e-05,-6.961678165107166e-05,7.152190044675024e-05,-6.67500231584394e-05,1.5436352766888755e-05,-3.0533175407928065e-05
infC,infC,-0.0002676535042969398,0.0004488991532843573,2.0986550871382634e-05,1876,-2.4320276436630325e-05,-4.5291779107621724e-05,-0.00011376998030424341,8.72941789235217e-07,-0.0001687576360850616,1.5029212898972866e-05,8.753358408892014e-07,2.9294116381563716e-05,-6.136656857091506e-06,4.455121758304784e-05
ptsI,ptsI,-0.0002695015350995175,0.00046498972371785763,0.00020377134333645662,1877,-9.219075945904429e-05,-3.634773020840934e-05,-4.722810543056415e-05,4.189084031293886e-06,6.265679779666734e-05,-3.107814509666263e-05,3.089821248120885e-05,-3.5986977838100324e-05,-2.4702933666415223e-05,-9.971097770949166e-05
leuB,leuB,-0.00027061725132459006,0.0007533074161043991,-4.0855847773527047e-05,1878,0.00017039643544822374,3.493600434780664e-05,-0.00027168022409730153,-7.690328727209953e-05,-1.0913838699054288e-06,3.2150725848916334e-05,3.861916744957855e-06,-5.416954127320429e-05,-3.037601879493028e-05,-7.774187840705361e-05
yidZ,yidZ,-0.00027109090284093253,0.0007326343089171082,-0.00010249398716735246,1879,7.175883477879539e-05,8.225066288720228e-05,7.676220537209012e-05,-0.00012714484717475926,-4.827124201260394e-05,-9.109738786465192e-05,-7.961577579099125e-05,-9.931504813222273e-05,-4.5041949087011955e-05,-1.137635581677927e-05
pflB,pflB,-0.00027304763553536604,0.0008152705963126,-0.000217608509604666,1880,0.00018964988249844315,-4.3493317278157027e-05,-7.388409525495351e-05,-6.208957222553769e-05,-0.00012538339462011904,8.146159789017386e-05,-0.00016112779928784362,-1.8403932191923665e-05,-1.9218993410891653e-06,-5.785510572435931e-05
aroB,aroB,-0.0002739863363056586,0.0006595319021320712,0.00033424922226982023,1881,-0.00011323064545828117,-3.9928168161791866e-05,4.014362861893484e-05,3.9550890280197917e-05,6.952786348445668e-05,-0.00010966622353893941,-5.295541197396347e-05,4.355040052961686e-05,-7.203135930331517e-05,-7.894731078257378e-05
trmI,trmI,-0.000275376700227621,0.00039809441158905476,4.041458053263314e-05,1882,-3.1782157792725814e-05,1.998837500533089e-05,-2.335921525945939e-05,-8.01561904711406e-05,-3.3342203857177545e-05,4.137048067538596e-05,-8.139889000304763e-05,-2.738700629948378e-05,-5.5327226706127294e-05,-3.982665519175756e-06
cysZ,cysZ,-0.0002760093809880919,0.0007484441563023131,-0.0003240301810716802,1883,8.623135930256254e-05,-6.657360822823998e-05,-2.939558966966548e-05,-2.287498358320699e-05,-0.0001493563678020384,-7.518766209198033e-05,6.2427549080719e-05,8.75584792738291e-05,-4.1050127625430706e-05,-0.00012778842964464066
ftsW,ftsW,-0.00027605098621541436,0.00044202948733832836,1.9155347064605037e-05,1884,4.002701581962263e-05,-3.5567191226744644e-05,8.697820515570965e-06,-7.547725650254106e-05,-4.2576790422688693e-05,-2.2011890921835377e-05,-0.0001344236769896996,-3.858965806318707e-05,3.426441422626339e-05,-1.0393772650174905e-05
yhjY,yhjY,-0.0002772376278964045,0.00071279936737534,-9.588243175345691e-05,1885,0.00011517108462372521,-5.199203864687361e-05,-3.109153273357587e-05,-6.831374652905505e-05,-1.0043746013146067e-05,3.811288279431928e-05,-4.972137900732059e-05,-0.00017565351742317143,6.449690232142321e-05,-0.00010820253728272958
fliF,fliF,-0.0002787039362737764,0.0006762719022707548,0.00045327508193372136,1886,-6.283286779641329e-05,2.2478070858816076e-06,-0.00015071643623824926,0.00013214025792208673,-8.383825455079016e-05,-0.00010232998155543954,-7.777037913137344e-05,4.6412792347728633e-07,2.4948220608367747e-05,3.8983569458675936e-05
gcvH,gcvH,-0.0002796475105299115,0.0006150334607082582,0.00020716625063341675,1887,-0.00022527060981707158,-1.7160756013850998e-05,3.5261617780774665e-06,-7.788613582699306e-05,-1.0887752038975604e-05,5.7128247402112576e-05,-7.290761189981132e-05,5.450530799126202e-05,-4.322762002238223e-05,5.253325791772138e-05
fldA,fldA,-0.00028002013959221807,0.00032098273614880965,4.812719993137154e-05,1888,-9.371109659798972e-05,1.170944030334877e-05,-5.7138118830076734e-05,-8.92770503401705e-06,-9.167214350183592e-05,-1.006907112342713e-05,-6.7736651090030176e-06,-1.6863016379594032e-05,8.77185797494705e-06,-1.5346621294570287e-05
yebG,yebG,-0.00028308155567543754,0.0005314822158702669,0.0002924351551430131,1889,-6.792631866044142e-05,-2.2995107840032286e-05,-5.5197753501224266e-05,-3.906985811144809e-05,0.00011173754611981179,-4.506412751581549e-05,1.2462783977602861e-05,-4.881996846917639e-05,-6.021786340013833e-05,-6.799088827457597e-05
fucR,fucR,-0.00028365164828273435,0.0005737926383766094,0.0004070619504404477,1890,3.339506074643954e-05,-1.192063461840518e-05,-0.0001775604947603649,7.558442890140349e-05,-4.997028322164132e-05,-3.457653147872305e-05,-7.23060765461477e-05,-8.008390081532747e-05,-2.304221889062332e-06,3.60910053990945e-05
prkB,prkB,-0.00028561624208061037,0.00052049816977649,3.694803312786093e-05,1891,-7.075213471411175e-05,-2.7926997548639127e-05,7.195056467551255e-05,-4.1277052651084486e-05,-3.75750822011725e-05,-3.7082889799224355e-06,-8.924789219299637e-05,-8.708778801650571e-05,4.549039917242721e-05,-4.548196962411771e-05
nuoK,nuoK,-0.00028590661791805244,0.0006994620022742142,-4.676521847129305e-05,1892,-4.91911597321528e-05,-4.297054416400432e-05,-0.00012256554949627315,1.0009539386830938e-05,-0.00010829859607253432,0.00016553700789085369,-9.97595228381519e-06,3.12311449003962e-05,-9.163564683838411e-05,-6.804686150896937e-05
cdh,cdh,-0.0002881190383846907,0.00041935471118898995,0.0002864278433344514,1893,-9.380837649924883e-05,-2.7604179042246986e-05,-0.00010163727929167681,3.178910302923913e-05,9.89507101204759e-06,-3.8059023582829106e-05,-6.533383843057601e-06,2.3933662360862877e-05,-4.356486096137457e-05,-4.2529771566406366e-05
tsf,tsf,-0.00028948099247353413,0.0007036074218973531,0.0006180640680150646,1894,-0.00024322984691663724,-2.36730524702883e-05,1.1105750256769067e-05,5.736628516128707e-05,0.00013859117929385328,-4.914631736644288e-05,-2.6890993176627062e-05,-6.31907386035218e-05,-5.874733196755114e-05,-3.166592668437513e-05
fruK,fruK,-0.0002926787137764431,0.00046240175815273247,0.0001410280437646905,1895,-9.381321827487394e-05,-2.9725683038712796e-05,2.8253797011002066e-06,-6.798321249308773e-05,-1.2250903444434115e-05,-9.170687194599444e-05,-7.162816114881415e-05,-1.0432185618670583e-05,7.762736155539894e-05,4.40878093164556e-06
ilvN,ilvN,-0.00029325743841570717,0.00041728072993513264,0.00011669950935263993,1896,-8.758518387725779e-05,-1.2978869860405547e-05,-3.984359638171753e-05,-6.636779196777041e-05,2.1118869750388227e-05,-4.243830351636991e-05,-6.30252962577473e-05,3.350484034683412e-05,7.387935662490395e-06,-4.303004231415142e-05
accB,accB,-0.0002934399897399019,0.0005887780515100381,4.108144623224333e-05,1897,-0.00014335128572816514,3.3477340975263905e-05,3.791441726898448e-05,-2.48649329024752e-05,-7.132375103988312e-05,7.607247487373226e-05,-0.00011203982240452094,2.0479776708743186e-07,-5.953864073845462e-05,-2.9990587811470972e-05
mrcB,mrcB,-0.0002959919749343755,0.0004977050469186831,0.00014803169752890502,1898,-4.507759764343336e-05,-1.790478453816994e-05,-0.00010216923131363508,-8.989057321311036e-06,-2.9345796932339264e-05,6.922792981154467e-05,-5.836197410113742e-06,3.162860618060916e-05,-0.00015188056131844194,-3.564528444908493e-05
rpmG,rpmG,-0.00029614836820616617,0.0007821460627460802,0.00010152259885876722,1899,-0.0002561916583431101,-4.729318962991507e-05,0.00013261961779372687,-4.788885861149571e-05,-0.00011242142675211317,2.3964196713721236e-05,-1.7578837344556645e-05,-5.7773244794932484e-05,2.341763207259948e-05,6.29974006899094e-05
zur,zur,-0.00029765043867036766,0.0004984298016925045,0.00032493152842855903,1900,-4.5560686026081595e-05,-2.200584954747679e-05,8.110644374120821e-05,9.779290379059288e-06,-5.64269289076446e-06,-3.3640066996055937e-05,-0.00014772677764399956,-0.0001272292936901518,-1.6234753386905898e-05,9.503947390800855e-06
ispH,ispH,-0.00029983941680520996,0.0006513058229919303,2.5850844719361985e-05,1901,-1.2979917624007999e-05,1.0011611186289468e-05,-8.222797723297546e-05,-0.00010970626860007039,-7.514753659043658e-05,0.0001178620727594877,-8.858983418301559e-05,-8.591831066430666e-05,-2.1002775003757428e-05,4.785951914758298e-05
rpmI,rpmI,-0.0003008140123237295,0.0004495022132527714,0.00022181920213102562,1902,-0.00010985125228191091,1.717930363899328e-05,-2.3438994687815955e-05,-3.4668493510658514e-05,3.118973733496205e-05,-0.00011133346867843338,-2.037407421323095e-05,-3.947318049554524e-05,2.5975059490565646e-05,-3.601864892065547e-05
gatC,gatC,-0.0003030047798609636,0.00041125893339588355,0.0002819593211887948,1903,-9.620153998127287e-05,-1.0193697833424303e-05,1.481672688884876e-06,-1.7490664482538942e-05,3.329435381554458e-05,1.9351050263030525e-05,-9.009517196284713e-05,-5.579522696457663e-05,-6.1029136734673654e-05,-2.6326418669090053e-05
cysM,cysM,-0.00030384500048701257,0.00045360616120003857,0.00020371778001156523,1904,-3.4625719940314634e-05,-3.4812570181725975e-06,-0.00016850161649016438,-7.006394016432078e-05,4.123946510017478e-06,-6.632125975721245e-05,1.215771414195692e-05,-3.573178747334072e-05,4.272253628795896e-05,1.587638341657965e-05
nrdA,nrdA,-0.00030478298563288886,0.0006913364110457904,5.512974917712695e-05,1905,0.00013503039966652325,-2.3035189794940102e-05,-0.00013407354227991207,-0.00010577054326482699,-4.85453571542877e-05,2.8757030848693777e-05,-1.3190467985272847e-05,-9.489429457565821e-05,-7.85503032844417e-05,2.9489282191233727e-05
argE,argE,-0.0003075623834289497,0.0006430092342943999,3.171295931338293e-05,1906,-0.00015115247013156342,-5.190650271587324e-05,0.00012932023249005107,-1.2463808925682405e-05,-1.0427987357016454e-05,2.686074225975663e-06,-4.8543107588932574e-05,-8.575901636752218e-05,3.5717118716698354e-05,-0.00011503291577508454
yqjB,yqjB,-0.00030842528508619687,0.00045599218564888695,0.0001530119375975372,1907,-1.560350765507315e-05,2.3447144326872974e-06,4.013829103331047e-06,-0.00010232212071059343,1.9778054584827556e-05,-0.00010885321086966398,-1.0325025869095088e-05,4.280945977906312e-05,-0.00014510487026311628,4.8373923814360295e-06
yjbQ,yjbQ,-0.0003096033749947794,0.0003594806471896366,0.00017120452316698244,1908,2.4938636097428573e-05,-1.6051189265608766e-05,-6.467310948351384e-08,-3.371592221831651e-05,-5.961223146538635e-06,-9.828737572357102e-06,-6.472760869145635e-05,-6.948753053029723e-05,-0.00010518284600910656,-2.9522280549043326e-05
yoaE,yoaE,-0.0003110918369196586,0.00047309947719307097,9.53401605247718e-05,1909,-6.517116590874259e-05,-2.8447767951265026e-05,-7.435889660599142e-05,2.4472269121038292e-05,-0.00012932136659579412,-2.5072803644781747e-05,4.3898615543044255e-05,-6.669691562710228e-05,1.2632935472623574e-05,-3.0267407226876284e-06
yjjG,yjjG,-0.0003119270486991268,0.0005370863393039102,1.0913922286657634e-05,1910,2.6522679840752718e-05,-2.736883295787983e-07,3.222739779994328e-05,-5.913113016223992e-05,-7.417055375623667e-05,5.0229430865521345e-05,-0.00016460654681582358,3.600136796174353e-06,-0.00010911989564988151,-1.7204879287757978e-05
plsC,plsC,-0.000312348395524823,0.0006576170807436475,0.00022187616955642432,1911,-8.689642565079094e-05,7.53986468188202e-06,-3.907025217177373e-05,5.289530282334542e-05,5.2066216975232776e-05,-9.697126242303288e-05,-5.75060432325157e-05,-5.4341121873344506e-05,6.013295812895207e-05,-0.00015019763278277754
dusB,dusB,-0.0003133000345929665,0.0005418685676436062,0.0002763016976375276,1912,-0.00026399052991044454,-1.8262679293187163e-05,6.021396867147764e-05,-4.124372391083464e-05,-1.6644928824322338e-05,1.4680813596404639e-05,-6.644640803889638e-06,-4.252029689690192e-05,-3.8277501478706115e-05,3.938948425743757e-05
glnG,glnG,-0.0003140441396203808,0.00043146353092223715,0.00020222323424267215,1913,2.361989900357847e-05,-5.863941802746345e-05,3.5089796647349693e-05,-2.164594329988542e-05,-2.8101917426274192e-05,-5.066178427750129e-05,-2.078353544563883e-05,-6.839178066359669e-05,-0.0001183668641682544,-6.162591962694736e-06
purK,purK,-0.0003154543221050852,0.0005482397099755811,0.00022322564090082792,1914,-7.992222151325729e-05,-3.75439529597264e-05,-7.407606965742002e-05,-2.8040572392201947e-05,7.382602744669698e-05,3.747156645457164e-05,-3.543605946145249e-05,5.095100033979338e-06,-8.492834439965129e-05,-9.189979565662366e-05
infB,infB,-0.0003194014671717269,0.0005524130957906388,0.0002916088836259788,1915,-0.00021935392248944693,-2.8606653067997948e-05,-5.91182806157804e-06,-6.599331331357615e-05,1.8262042869027354e-05,-3.138019837863334e-05,-8.466136616995043e-05,1.2841896258193002e-05,5.156689651056083e-05,3.383497867167478e-05
ydiA,ydiA,-0.0003198523207257171,0.0004386607707120246,0.00010843954946965605,1916,-0.00010593259933780707,-3.7827300889374237e-06,-3.573506744058894e-05,-6.790902084798411e-05,-2.0075980181609e-05,7.935830321103895e-06,-3.728138519582105e-05,5.146839467204983e-05,-9.081837802768583e-05,-1.7721384598437433e-05
yijD,yijD,-0.0003223349573286007,0.0005436031377476555,0.00011244453157900051,1917,3.7579375168300025e-05,1.0530431602351785e-05,-8.34016640998245e-06,1.106549680290438e-05,-0.00010942960767870933,-8.987026330302736e-06,-8.628703493536059e-05,5.1458786635971254e-05,-0.0002133441101847779,-6.581101998995142e-06
yidR,yidR,-0.0003250696833767841,0.0006342588757994839,0.00024981992303400614,1918,-0.00014506333162641143,-2.8168121999929146e-06,-2.518587508551127e-05,-0.0001317684486938192,-4.9416776867496035e-05,-5.586915878326843e-05,-5.423999604242082e-05,1.1034250821423645e-05,-1.5303880289213836e-05,0.0001435603453899263
mpaA,mpaA,-0.00032655081260926313,0.0007147973120685896,-6.686556636643595e-05,1919,0.0001578557115920276,-2.184500565730684e-06,1.6304235534342154e-05,-8.121950491210043e-05,-4.2559608648718174e-05,-4.7764834306238264e-05,-0.00011894625297578504,-0.00015507028500332285,1.9963302603293445e-05,-7.29290759270309e-05
ygdK,ygdK,-0.00032776231625877616,0.0005665936996607577,-0.0002061705591025304,1920,5.8366864059574246e-05,1.882113485661735e-05,-6.939852222370092e-05,-0.00011545108702201511,-5.4792727254432585e-05,-4.423888172410728e-05,-4.151359230921344e-05,-2.5060574022091975e-05,4.222769278479918e-05,-9.672262340420558e-05
bfd,bfd,-0.00032835025877820604,0.00043773361941167635,0.00015299775261088644,1921,-7.783517195281873e-05,-1.360042749898054e-05,-5.048149981180523e-05,-4.8175664124067e-05,8.558174610146436e-06,4.613350570658873e-05,-5.907006321886672e-05,-2.131748227834314e-06,-8.368860069082944e-05,-4.8058763569739256e-05
ydcT,ydcT,-0.00032955116701204756,0.0006862452600360203,0.00016935443371468388,1922,4.473819596693646e-06,2.2884543235777633e-05,-6.6158574856786406e-06,-4.4607055054203894e-05,6.16523917905174e-05,-0.00012747598837528225,-0.00012846002745411467,-0.00010359558176975912,8.933629188899765e-05,-9.714370338499534e-05
yejL,yejL,-0.0003316051130874847,0.00038543674745830344,8.408979455255095e-05,1923,-6.956991493977338e-05,-4.8949028105500574e-06,1.4218762484745862e-05,-5.5783136681058904e-05,-2.415897925799958e-05,-7.788509111159963e-05,-1.0904857797528476e-05,-7.150850434597562e-05,1.269705470066347e-05,-4.3815543328408394e-05
dusC,dusC,-0.00033446057312060113,0.0003998241116699425,7.871702593611556e-05,1924,-9.750377957468384e-05,-8.12071358069951e-06,-2.201185848492503e-05,-2.64794847110842e-05,3.4146841591573867e-06,-5.9857300879176566e-06,-9.758053306691642e-05,-4.653269848729168e-06,2.9267085115513277e-05,-0.00010480697304031599
dksA,dksA,-0.00033597087251765963,0.0005361701233817062,9.006136123261892e-05,1925,7.488736939878908e-05,-1.8547968766653483e-05,2.521225603323417e-05,-0.0001005020073812186,-1.592013570168121e-05,-7.689848793683843e-05,-0.00010801122738430166,-0.00010938371427138217,-2.743439479867774e-07,-6.532612559620562e-06
yfcE,yfcE,-0.00034016262158067026,0.0004250305061024081,-3.279013735761461e-05,1926,-5.864966737986633e-06,-3.2185292142532224e-07,-7.065365727053854e-05,-0.00017777959720054128,-3.822522975535433e-05,1.2905494774115717e-05,-4.463603411150686e-05,-3.8324302966930834e-05,-6.790922877255383e-06,2.952844748675316e-05
glf,glf,-0.00034197373471682273,0.0003873522532319274,0.00027504371231388636,1927,-0.00012758556510423865,1.168033807948416e-05,-5.854669059126001e-05,-2.3698665935775205e-05,2.691622320252129e-06,-3.4360999905802095e-05,-6.710334067153125e-05,8.317298857816021e-06,-4.0909764179822724e-05,-1.2457967585945133e-05
yciC,yciC,-0.000351248354109014,0.0004272119247800059,0.0003110320669982909,1928,-9.644711896584902e-05,6.606397579656864e-06,-5.6984135529704405e-05,1.816273826044507e-05,-5.1483531311200624e-05,-2.5437198114825483e-05,-9.903147001886357e-05,-3.224720996786224e-05,-2.7599475536204592e-05,1.321264949539401e-05
yrdD,yrdD,-0.0003519640131863101,0.000790733076561125,-4.89213596764651e-05,1929,7.539723649292897e-05,-2.810977207598625e-05,-5.075187131070817e-05,-0.00017450041841323552,-0.00010203700702393376,-2.7467043600847525e-05,-7.153629558343455e-05,6.789255618869678e-05,-0.00011694613686557173,7.609473900578169e-05
yeiE,yeiE,-0.00035472365647382456,0.0005531367303716197,0.00013960099027065728,1930,6.347417640854956e-05,-4.165469280317553e-05,-7.077237931528863e-05,-0.00010102239302665168,3.059176938626486e-05,-3.342608142442071e-05,-6.10995694433958e-05,-0.00010882436794859289,5.140591154083065e-06,-3.713070946119685e-05
yphA,yphA,-0.00035779277434339247,0.0005841929786632707,0.00023287870194168848,1931,5.337432167047004e-05,2.646914943777e-06,-9.388617217212106e-05,-2.2689890210314784e-06,5.717886554569201e-05,-0.00014181429207404627,-4.898454996898005e-05,-3.327191049840395e-05,-3.340005004323619e-05,-0.00011736691272551256
uup,uup,-0.00035855398010255,0.0004033808697075661,0.00014435487849035438,1932,2.241344480250805e-05,-7.497820112864656e-05,-6.949391137411253e-06,-2.9391189287643796e-07,-7.293219614810402e-05,-3.947952514244147e-05,-8.782243734375639e-06,-0.0001059198669596121,-3.7758645996473186e-05,-3.387344276511733e-05
rplY,rplY,-0.00035860429366483274,0.0008087892869265137,0.00022668801648597373,1933,-0.00038415260169549304,-2.0519247857535885e-05,9.347478599804178e-05,-2.2822573024577237e-05,-6.341088829139209e-07,8.884728447371684e-06,0.00011319863117415557,9.53435101127146e-06,-0.00011306680215321479,-4.250145668193832e-05
rpsI,rpsI,-0.0003595237415762224,0.0008480255631113621,0.00013968702610316113,1934,-0.00038791008624047086,-6.449522599264608e-05,9.091213785398895e-05,1.9006511971923797e-05,-0.00012003172123367481,6.224821557666374e-05,-5.873965788416884e-06,-1.6570504613804056e-05,7.208404536499339e-05,-8.893148474779618e-06
argH,argH,-0.00035955659333870247,0.0008998882009303613,0.00020054477061328307,1935,-0.0003107581552859015,-1.7979999682945875e-05,0.00011251631764723529,5.281207611021554e-05,-3.888157842759346e-05,2.5159746794846226e-05,-9.026469577339741e-05,-7.840155891936188e-05,7.967766324353235e-05,-9.343640904533176e-05
rluD,rluD,-0.0003648530669728614,0.0004972590085543267,0.00010204175312923394,1936,-5.019927208580275e-05,-1.3865700533460948e-06,-1.3713363159631572e-05,-9.777213634014729e-05,-4.39032804938308e-05,-0.00010583753693140847,5.5933210878568305e-05,-4.928088528881576e-05,-6.89629934106113e-05,1.0269759912164378e-05
yobF,yobF,-0.0003666531531761563,0.0005895194268581487,0.0001265578311789594,1937,2.714426997169968e-05,8.428886686929647e-05,-3.0108414381878116e-06,-9.205282886241914e-05,-1.2173649778180672e-05,-0.00013210028812678094,-4.555295646129622e-05,-0.00011176991363961652,-6.560462935267256e-05,-1.5821182357998693e-05
yfcG,yfcG,-0.0003695952841534142,0.00048743292930459074,0.00013637331745367003,1938,-1.0089618066060157e-05,6.850137160297498e-06,-3.379864663522494e-05,-0.00010111112017988525,5.2068685415290785e-05,-5.128059810605601e-06,-0.00010540669910261419,-2.1594971136771053e-05,-8.381644321256368e-05,-6.756854858527764e-05
tufA,tufA,-0.00037150312232677124,0.0010072125918961484,0.0008316121514638078,1939,-0.0005006390059160533,9.2206064013833e-06,7.634409680786051e-05,0.00017477773514469405,2.4766529553243503e-05,-6.606297975840569e-05,-0.00011662317385063839,2.235517006926458e-06,-6.03269758636237e-06,3.051024987058071e-05
edd,edd,-0.00037705085724537514,0.0005762005657927513,3.60892763866464e-05,1940,-4.435240729772248e-05,8.238907230649563e-06,-2.7070625204792048e-05,5.092280607165907e-05,-0.0001019805444695567,4.0413140971379455e-05,-0.00010775046143266645,-7.221231958363758e-05,-3.836301499221226e-06,-0.00011942305203146674
pal,pal,-0.00038093926724479303,0.0006541395075749627,-2.1851203902998704e-05,1941,4.916898950760142e-05,-4.400649040689126e-05,-0.00010654648645613798,-9.445363525759184e-05,-0.00014688532846220267,-9.718418714641627e-06,4.7487402511584814e-05,-3.5811467083218714e-05,-8.011756102919382e-05,3.994372814589861e-05
ybdA,ybdA,-0.000382319787230248,0.0007109530424895843,0.00027651344106975146,1942,-7.112636408097107e-05,-1.168104791789735e-05,-9.706735759629005e-05,-0.00010714520190947791,-9.050167436403593e-05,-9.400424537196223e-05,-5.010389932136707e-05,1.95729244364025e-05,-2.500662429791438e-05,0.00014474370319326565
gatR,gatR,-0.0003880349597904264,0.0005618775820859306,-5.4505073701296e-07,1943,-9.021444181592805e-05,1.207440212136231e-05,-1.1078421492511903e-05,-9.351818689288781e-05,-8.983906668960001e-05,-0.00010412881731234826,-7.52445850536706e-05,3.3012618849315205e-05,4.1834290177074595e-05,-1.093275168123184e-05
puuB,puuB,-0.00039222265264316045,0.0006473828105377961,-6.144768232356257e-06,1944,0.00011981886288907731,-4.039818207358052e-05,7.76121605824051e-06,-2.6632616764415817e-05,-1.1546236663406169e-05,-0.00015022441685338885,-6.055081679680593e-05,-1.1594860194556047e-05,-5.785074523438857e-05,-0.00016100485700993637
thiI,thiI,-0.00039877949656961647,0.0005059144919008635,0.00011767551343908015,1945,-0.0001342850120272748,-1.831753143059988e-05,-7.020511809427578e-05,-0.00010358524399768242,5.370413429631923e-07,5.303045632266028e-05,-2.371067904854664e-06,-3.604399618084634e-05,-5.003523568915708e-05,-3.7503788910548904e-05
rplS,rplS,-0.0003997905592768808,0.0006378071696143034,0.00017773966951843893,1946,-0.0003850664809541512,1.6583887162169309e-06,5.344077220917769e-05,-9.362909206935661e-05,-2.7919041930211265e-05,3.298955926981439e-05,2.0396895853155316e-05,-6.304990907812197e-06,-5.879258584060761e-06,1.0522689120346917e-05
rplU,rplU,-0.00040500982790714487,0.000581043812067389,0.00023683908221386785,1947,-0.00022175876113016238,-1.0889986356260083e-05,-5.77603944633381e-05,-0.00010680590757436219,1.3342925633587075e-06,3.84305722556695e-05,-7.424598362998384e-05,-2.1565786833160304e-05,2.686588509672888e-05,2.1386242164364968e-05
fabH,fabH,-0.00041143318090767155,0.0006093750635443302,0.00019744796732490283,1948,-0.00011876199040384881,2.6368836926878104e-05,-1.2004392455596833e-05,-0.00010642414032994791,-5.1511754617659554e-05,-7.52868464418064e-05,-8.584181315320065e-05,-6.0573184823940716e-05,2.1658816235228114e-05,5.09432881562231e-05
ilvB,ilvB,-0.00041149456568932583,0.0005744610384677576,0.00034643790894093636,1949,-8.699153194613965e-05,1.4272011235143524e-05,-0.0001686992153653486,-3.084480420324071e-05,-4.661228928335426e-05,-2.0744906175793667e-05,-8.565578903888137e-05,-5.3429266065783534e-05,2.2282460041672133e-05,4.4928765112400195e-05
argC,argC,-0.00041448126782832654,0.000712389786772013,0.00038992880511355763,1950,-0.00029388121918831107,1.1312490922566778e-05,3.518942166402504e-05,4.850821550519398e-05,1.1498795563275821e-05,-5.6554131036781965e-05,-5.230623961723855e-05,-8.841069503198394e-05,4.244533581678164e-05,-7.228324242585424e-05
pstA,pstA,-0.00041874804873630794,0.000640375759803703,5.4459688993049884e-05,1951,7.657432350267578e-05,-7.74572561047803e-06,-9.927768357102734e-05,-6.519120891689483e-05,-3.4089609277552135e-05,-0.00018040628726249562,-3.712339487895506e-05,-2.2864633075420445e-05,3.423953203102184e-05,-8.286336167718203e-05
mreD,mreD,-0.00042627091198105336,0.0005184070979153537,0.00015854161553027898,1952,-0.00018746825153975418,-3.1308492119920694e-05,-3.1157809423428714e-05,-4.701609697572827e-05,-3.198177603997633e-05,3.811276802915725e-05,-8.479872663890471e-05,-3.741077000808039e-06,7.955324937992917e-06,-5.4866775209682606e-05
mgtA,mgtA,-0.00043323897068261,0.0005672146043969891,-0.00018063922923303285,1953,-0.00012566617614713014,2.1532685321343115e-06,3.589338373957397e-05,-0.00011432996933512539,-3.679557190614935e-05,-3.544402708932594e-05,-3.2177484345522016e-05,3.453123554052602e-07,2.8595852230075992e-05,-0.00015581355871654667
rpsU,rpsU,-0.00043658969025663514,0.0006754257535493205,-4.483097589694988e-05,1954,-0.0001446723380108943,3.5912850205367715e-05,-3.854673004846128e-05,-5.6098085606811174e-05,1.2184076074321778e-05,-1.7024022178301637e-05,1.8485123740584135e-05,5.2835981626069036e-05,-0.0001028702225142063,-0.00019679632354430312
argI,argI,-0.000437247697706,0.000917386719248778,0.0002576406846683729,1955,-0.00045714885710427855,4.474038511952009e-05,0.0001611349446389659,-3.144507598439995e-05,-6.0800165032760624e-05,3.1752446514555924e-05,-3.176663403732944e-05,-8.08992471992564e-05,-1.5257229119363974e-05,2.4417344983470203e-06
topA,topA,-0.0004417117571864613,0.0004417117571864613,0.0001201310633012101,1956,-1.680514141831429e-05,-1.857003107032281e-05,-0.000144041916247116,-1.1697047551050969e-05,-0.0001475038680743511,-5.691349287429077e-07,-6.0958664899265076e-05,-1.6803551874836352e-05,-2.317296980523828e-05,-1.589431317223526e-06
rplK,rplK,-0.0004462274578116144,0.0008446347490658676,0.00010221716140373959,1957,-0.00034201996849676417,-3.271611978123978e-05,4.12436028765333e-05,-3.1080683038383456e-05,-0.00010303176265960272,-5.251569553718026e-05,-2.277412444858408e-06,0.00015796004275059325,-4.3896758974760916e-05,-3.789270250595124e-05
argB,argB,-0.00045401558217704127,0.0008684147687896267,0.0006968931881923974,1958,-0.00036673697419606295,-2.0620273892148988e-07,8.151061314832254e-05,6.266665312266416e-05,6.302232703530593e-05,-9.955475049250111e-05,-4.8015868947822293e-05,-4.435732282160894e-05,-9.809387913612503e-05,-4.250177150292057e-06
nrdB,nrdB,-0.0004579135958018627,0.0012069386625569909,-0.00016036023963236778,1959,0.00011136530438982947,-4.316392645376176e-05,-5.4355137715198475e-05,-0.00012709303616110652,-0.00020144461369885595,-0.00013692747617932594,8.001188178178866e-05,0.00016373461506309853,-0.000269441938971178,1.9400732142847268e-05
rpsQ,rpsQ,-0.0004597226883110841,0.0007177548446924297,0.00027633986363410207,1960,-0.00029704492481824726,-2.3975240107375148e-05,-9.66116928754508e-06,-0.00018584159869221054,3.5337281287560854e-05,-5.0132870326498415e-06,1.6831892106495977e-05,-6.720254656372913e-05,1.803399973045731e-05,5.881290506615861e-05
obgE,obgE,-0.00046454541960456243,0.0010753981157205863,8.977698148550205e-05,1961,-0.00028190679312917286,0.00016441501296674457,-0.00017299320311566554,-0.00013157397142764333,-9.964610192773815e-06,3.5455679679987793e-05,-0.00012768755235820575,2.850729402840153e-05,7.704836138287801e-05,-4.584563743911308e-05
ahpF,ahpF,-0.00046479370963880515,0.0005189687716841266,8.155393811613994e-05,1962,-4.912993190645613e-05,-9.597170124501635e-05,-7.873933579969647e-05,-7.954014807080573e-05,-5.892806573483996e-05,-3.3649539389182464e-05,2.708753102266074e-05,-3.872760976766819e-05,-4.043236792113682e-06,-5.315167195568692e-05
yceD,yceD,-0.00046934676809284274,0.0009466701255650896,-7.0301259117394415e-06,1963,-0.00023859388726553868,3.119576553935238e-05,-3.789170320658845e-05,-0.00011983348648372135,-0.00019205932651473334,0.00013376154720060745,-2.222840036374541e-06,-8.623399414369148e-05,-3.1173209178318345e-05,7.370436599616359e-05
rpsG,rpsG,-0.0004732822241010084,0.0010393337833247117,0.0003184163459745558,1964,-0.0004921549627784769,2.1773611056265337e-05,0.00011859397634630988,-0.00011052366299177545,-7.541941631963353e-07,-0.00011174524306290671,3.7836519694786644e-05,7.097675442274431e-05,-4.112994071650464e-05,3.3844918091745494e-05
leuC,leuC,-0.00047706377831572335,0.0009523008915885852,0.0004290993177839204,1965,0.00011436299627253155,-1.2904554966294828e-06,-0.0002792152221497682,-0.00011237951039097627,0.00011135867151996271,-3.64521890913306e-05,-9.749139962741232e-05,-0.00016489216680114948,1.1896888843936671e-05,-2.2961391394887914e-05
rpsJ,rpsJ,-0.00047800822164138757,0.0006573742713798527,0.00017377927949438588,1966,-0.0002845769204568556,-5.114567450496343e-05,1.1806481856627998e-05,-0.00016638332655957607,1.5764347646496774e-06,-1.9861913480608725e-06,-3.51624097491815e-05,-2.843672389198262e-05,6.36076875265293e-05,1.2692420721425514e-05
fabA,fabA,-0.0004846151516939849,0.0007076335970118564,0.00010543776433790711,1967,-4.936027297514782e-05,1.2486513683239925e-05,-0.00030191956199258864,-0.00010061221378119649,-9.490045817295447e-05,2.095309167314736e-05,7.214563902643642e-05,-2.85340186379957e-05,-2.079784879303756e-05,5.9239782761120836e-06
rplT,rplT,-0.0004884641318213915,0.0006977676923914175,0.0005804966449206151,1968,-0.00035785557260147304,2.2204137059371603e-05,-9.490134723232683e-05,2.1676061582450494e-05,5.310118614424046e-05,7.670395498950373e-06,-9.169183179620315e-05,-1.9806365400089624e-05,-9.980389923258059e-08,-2.8760991177079207e-05
accC,accC,-0.0004943072851154399,0.0005351806903269613,0.00019241077131356104,1969,-0.00012490666702730932,1.3133022557468696e-05,7.303680048292032e-06,-3.899181922863439e-05,-1.712675014541035e-05,-6.56089919361618e-05,-0.00010647199700861418,-4.36823690495241e-05,-2.312570579865179e-05,-9.482968752689464e-05
rpsR,rpsR,-0.0004995442850501618,0.000887582099111188,0.00043865440500504157,1970,-0.000513989151658232,9.168264335703779e-05,1.124574854261221e-05,-9.895326452142726e-06,-9.143643325068667e-05,-5.677493268270698e-05,-9.817681141666132e-06,-1.1649666895240332e-05,2.020369545059386e-05,7.088681968026927e-05
tufB,tufB,-0.0004995930049847572,0.0009804334491650345,0.0006323677747991753,1971,-0.0004719524359774841,-6.362862845351844e-05,0.00014681142402734714,1.5604657730148772e-05,6.558213721446536e-05,-0.00010255766319739133,-6.055829424867447e-05,1.2422003118177351e-05,-2.6516795160422422e-05,-1.4799410037405036e-05
rpsF,rpsF,-0.0005428550075713487,0.000978122171280647,0.00032195999422620627,1972,-0.00045439349300461726,6.402240670787418e-05,-5.035487654445179e-05,-3.3173989860621966e-05,-0.00010998340050789201,-4.185182832950849e-05,0.00012090129145083227,-5.198879800965874e-05,-1.8742203169247672e-05,3.2709883695942764e-05
rimM,rimM,-0.000557021614332143,0.0007985616217101957,0.0005334174748487078,1973,-0.000403701208616734,9.8513058081332e-06,-3.57192288838292e-05,-5.9877404262243096e-05,-6.506447773685256e-06,5.633691558668236e-05,-0.00013902272230532076,-2.3399948880970092e-07,-3.2730606690547274e-05,5.4581782294210833e-05
rpsC,rpsC,-0.0005626626643531285,0.0009384714443010135,0.00036799084896603235,1974,-0.0005469698427900663,-5.404184837092256e-07,-1.087163287066494e-05,-9.888958406487967e-05,-2.8199029465068954e-05,-6.50965466526819e-05,8.154320031456443e-05,5.239526153135181e-05,2.421322229162568e-05,2.975270583640056e-05
rpmA,rpmA,-0.0005773552482230904,0.0006967713700554387,0.00026013890136327166,1975,-0.0002296595728162222,-3.74090303827478e-05,-4.182620257613985e-05,-6.39224454213424e-05,-0.00011997209669732133,3.4421692227419836e-05,-1.984955140393958e-05,-6.761258908632052e-05,-5.68118207552309e-05,2.528636868875437e-05
rplO,rplO,-0.0005844907709437222,0.0008086311015283579,0.0005699478826545038,1976,-0.0005178096508386877,-6.839451261234778e-06,-2.816816272036024e-06,1.9561372741692297e-05,-3.572887741326937e-05,-7.898883847031764e-05,-5.2951810959227066e-05,-1.4254910212674063e-06,8.361273202365773e-05,8.896060526967879e-06
rplJ,rplJ,-0.0005878945376182519,0.0007968617227911405,0.0006027367762571841,1977,-0.0005762549457388745,-1.9308505497971124e-05,-2.7336885512926264e-05,-3.1455391422773916e-05,-3.644696350266379e-05,5.624397096753279e-06,-1.5754385294865475e-06,1.1627407271554181e-05,1.190831397323304e-05,7.532347424490376e-05
rpsH,rpsH,-0.0005895294850430242,0.001004008868419115,0.0003712308047523257,1978,-0.0004652316962334009,-8.656811429263994e-06,4.384537849979206e-05,-9.607714696206899e-05,-9.499008279103356e-05,1.4009250888346864e-05,-1.7917098623730745e-06,-0.00013002172945292904,6.74671726921532e-05,8.191788960775338e-05
rplV,rplV,-0.0006000562383636564,0.0009138400251131279,0.0003517053300146627,1979,-0.0005250136921680169,-2.0380747403181213e-05,-4.930452903477512e-05,-9.053718938717717e-05,-2.1084137534448548e-05,-2.3861047949870834e-05,-1.4212661008051228e-05,3.0292456910238347e-05,0.00012659943646449733,-1.2554127252871122e-05
rpsS,rpsS,-0.0006174074522381482,0.0009624004214247233,0.0006184251853649782,1980,-0.0005109132763336183,-4.56265338685043e-06,8.604800821295786e-05,-8.593960981691465e-05,6.37348743586121e-05,-3.9778575290828475e-05,-8.942107128350664e-05,-1.9032481215367166e-05,-4.025626950435008e-05,2.27136020217176e-05
secY,secY,-0.0006178266712932405,0.0010256279786955492,0.000497484592598404,1981,-0.0005087685402363949,2.1724246738868843e-05,-0.00014624450962104373,-4.6328538025728645e-05,-3.2070109533359233e-06,-8.745152978280805e-05,9.746463248491415e-05,-1.9091706006729882e-05,8.471177447737123e-05,-1.063549036835363e-05
rpmC,rpmC,-0.0006216446886102696,0.0011611793047058014,0.0002359493849381043,1982,-0.0006369389362920664,-5.445958899899558e-05,3.633484157287115e-05,-6.715494745160251e-05,-6.6338088171097e-05,5.84100844363809e-06,9.957104120671088e-05,0.00012802041682454586,-7.165819530890854e-06,-5.935461621338301e-05
fusA,fusA,-0.0006273992553693972,0.0008113801510401582,0.0006282976998986888,1983,-0.00028548533529852417,-0.000136539498491558,-4.9843252940407846e-05,3.418735301932226e-05,2.7569900006244915e-05,-0.0001110377804217504,9.51391492549518e-06,-7.517580529161583e-05,2.0719279884318026e-05,-6.130803076092137e-05
rplX,rplX,-0.0006341211660670799,0.0012139209263005608,0.00010172601928360329,1984,-0.0006269654521383004,3.3067392061256046e-05,0.0001893283225047567,-7.688379225037976e-05,-7.669896092958156e-05,7.976722390829138e-06,-1.0423603027023134e-05,-2.043441762675857e-05,5.952744315989848e-05,-0.00011261482021177705
nusG,nusG,-0.0006422373065921007,0.0008429326145774187,0.00017150236066086112,1985,-0.000254917529617258,-8.55212258569415e-06,5.162600117163689e-05,-0.00016656584767317075,-7.914135453185729e-06,-1.0517473098562754e-05,-0.00012782870397217298,4.872165282102215e-05,-0.00010540165834545206,-6.0887489839263317e-05
rpoA,rpoA,-0.0006505112078615138,0.0008809016463394316,0.0006828092398405628,1986,-0.0005280458465973816,-3.408360221378263e-05,-3.250143002738075e-05,-5.9657051084142404e-05,6.317487486911979e-05,3.9389152165292036e-05,-3.930011722519135e-05,-2.2722890475127917e-05,-4.9395489477465996e-05,1.2631192204547083e-05
purA,purA,-0.0006638933454036046,0.0008920214723487145,0.0005549560932430941,1987,-0.00022840626312043056,-1.5112983502676486e-05,-0.00014925604069590656,-5.874905133785913e-05,5.1338206257148705e-05,6.272585721540617e-05,-9.456137663032813e-05,-6.61734302520785e-05,-0.00011864048233733541,-4.705778099954485e-05
cspA,cspA,-0.0006749343266773541,0.001103338810002608,0.0005794403125570437,1988,-0.000338210399778773,0.00012595661551092653,-0.0001286922971101924,-9.769533328495178e-05,-6.292908401803762e-06,-8.933722779205845e-05,-0.00013731548245877207,3.200439152510014e-05,-9.159291951342967e-05,5.6241234626600306e-05
rpsE,rpsE,-0.0006752079131817818,0.0009096693339463014,0.0006567078005792628,1989,-0.000596309079518943,-1.8152316648278848e-05,6.156210964795198e-06,-3.404608684110836e-05,-1.5347019585459625e-05,-2.734907653058385e-06,1.3711842764168086e-05,-0.0001258492133171933,5.721960652798809e-05,4.014305012530848e-05
rplW,rplW,-0.0006860876371577158,0.0012479114855734497,0.00022110339067573455,1990,-0.0006493602170776023,6.103830714363871e-05,-1.3160035563375057e-06,-0.00018179860682005498,-5.389169583419659e-05,-2.482416711881553e-05,-5.5808870958575936e-05,9.590332082348424e-05,0.00012077211682748317,3.198179413260943e-06
rpmD,rpmD,-0.0006967229638074793,0.00098553057445167,0.0008806674801698282,1991,-0.000584277709528712,-4.170130937001024e-05,5.180712515762824e-06,-7.000914323391401e-06,1.1516669779406434e-05,-0.00012595521590962007,-8.219161999784091e-05,1.2826343022919106e-05,2.7423577278847674e-05,8.745650272515931e-05
rplI,rplI,-0.0007258183735425846,0.0011144715057705874,0.0003887592849005714,1992,-0.0006908244050183946,8.233040484298976e-05,-3.458840789156374e-05,-0.00011579020495906518,-5.838091114349835e-05,-1.5782811660831494e-05,-4.778198983232534e-06,3.9625518209296764e-05,6.672907128015786e-05,5.641571781556999e-06
rpsN,rpsN,-0.0007640876178114973,0.0009599024830813462,0.00047096275697802487,1993,-0.0005709561139319261,-6.119447626184647e-05,1.2444313065143248e-05,-0.0002014410911947117,4.2840947586122764e-05,2.9752357297836e-05,-2.0605874420941176e-05,-7.797494636996222e-06,8.321014939696238e-07,1.2037713191852706e-05
rplA,rplA,-0.000810664173866943,0.0012788390988029074,0.0003724385770416317,1994,-0.0006920508318348654,-3.974160080186707e-05,9.737210279243867e-06,-0.00016424934118295102,-0.00014870986251524183,9.04021442735394e-06,2.2352675627991462e-08,6.357785289386319e-05,5.7863426906356e-05,9.38464052855372e-05
rpsM,rpsM,-0.0008252109225799305,0.0009523457075147734,0.0003381781337202217,1995,-0.0004896545587059186,-7.832341323185878e-05,-1.1227162857033643e-05,-0.00013118464444986178,-4.298617333936226e-05,-4.604400850922873e-05,3.731426768690699e-05,2.625312478051444e-05,-2.001277731345761e-05,-6.934557664063034e-05
rplB,rplB,-0.0008400060757601908,0.0010714758718952495,0.0007387030405783923,1996,-0.0005488299649621991,-2.652419554191763e-05,-0.00014145997088040434,-8.009961982029018e-05,4.120256878172213e-05,-9.661012711333234e-05,-5.046262895724536e-05,4.09161621381003e-05,3.3616167147707043e-05,-1.1754466552331173e-05
rplD,rplD,-0.0008441683817411602,0.001181214679615449,0.0004318809446300184,1997,-0.0007750601480358658,4.329544883550667e-05,-7.69616573594401e-06,-0.0002118623040324503,1.1433077973491196e-05,4.957100250865611e-05,-1.2358420377432723e-05,3.680208176690833e-05,2.7421537852582104e-05,-5.714492496611788e-06
deaD,deaD,-0.0008525100201176742,0.0011883994420034535,0.0003915115474890136,1998,-0.0003151252770472085,-9.240587028874219e-06,-0.00017304195104989826,-0.00028824089580984584,-4.483591790908429e-05,6.536713353828991e-05,-0.00013881112763627652,-2.526089194720188e-06,-4.863288538465613e-05,0.0001025775774045998
rplF,rplF,-0.0008539397642199972,0.0012588265512947143,0.0003607514101397859,1999,-0.0007740400137802418,2.361764203835597e-06,3.361251963530911e-05,-0.00017479275799456775,-0.00010246619305477988,2.1258224358044342e-05,-5.084192927766184e-06,6.800869783653163e-05,4.653741349439582e-05,3.0664774009241936e-05
rplR,rplR,-0.0008978007591148651,0.0011839712935946601,0.000588844359308716,2000,-0.0006232865715529518,0.00011156026433732477,-9.890647067133821e-05,-0.00013060695823692857,1.4131396348350964e-05,-8.668520121433312e-05,-3.855277441986284e-05,-2.484541224485104e-05,1.73936065542218e-05,-3.8002638014496886e-05
rpsK,rpsK,-0.0009168916564295845,0.0010778639852595103,0.0010454921034780882,2001,-0.0006566387369845646,-3.572451993384658e-05,-3.0975870586814946e-05,-1.618594089071107e-05,3.4316792510773296e-05,-0.00011729239019773673,-6.39442463489517e-05,-1.1256335122457019e-05,-6.535978077946485e-05,4.6169371904189605e-05
priB,priB,-0.000917266514591224,0.0010509960182919571,0.0005493520536620273,2002,-0.0006398562955056739,-2.3055258515813542e-05,-6.24800365888307e-05,-9.00572405022335e-05,-6.461073978324574e-05,-2.8032867950861538e-05,-2.508491035670385e-05,6.686475185036649e-05,-2.1664667059108625e-05,-2.9289250179119148e-05
rplE,rplE,-0.0009264418738419074,0.0010504190408092532,0.0003824077926416077,2003,-0.0005898863938281789,-3.484066443760705e-05,8.945248415149234e-07,-0.00014971390854107014,-7.892487148956845e-05,-3.396406172659405e-05,8.385066145855723e-06,5.270899249630218e-05,-5.772229673305056e-05,-4.3378260569511264e-05
rplP,rplP,-0.0010007060844649791,0.0012776502788431885,0.0008287665465864578,2004,-0.0007126152776645697,1.2409822982137987e-06,-6.705007169711637e-05,-0.00012250740394484063,-1.2810257165373795e-05,-0.00016496513559799173,-5.923003558419151e-05,1.3859303740943608e-05,7.40239189789935e-05,4.934789217095387e-05
rplL,rplL,-0.0010478277848112692,0.001134725045818137,0.0007012135489749182,2005,-0.0007081267866344194,-4.622437475953526e-05,-1.8913354780466862e-05,-0.00013332033083486697,-3.447485699866864e-05,4.344863050343394e-05,-3.4371378739319244e-05,-2.4865495041575173e-05,-8.546790744121166e-05,-5.5119300846399605e-06
rpsD,rpsD,-0.0010762698691377975,0.001300824067422569,0.0008031195242264022,2006,-0.0006820979103220624,-4.387970378485283e-05,-0.0001330832542998738,-6.26586423958032e-05,-9.228696603290093e-05,-0.00012454724235619566,7.998302187833697e-05,1.3923641291042256e-05,-4.999324908849461e-05,1.8370435973006308e-05
rplC,rplC,-0.0013882724457231525,0.0015043251236164536,0.0004407282326380448,2007,-0.0007589164847084791,2.660113611348452e-05,-5.288735128639649e-05,-0.00027962762956540817,-0.00015461015254065192,-6.864593613666931e-05,-9.207690599570434e-05,2.0872760279072784e-05,1.0552442554093217e-05,-3.9534324436493904e-05
