,UMAP_1,UMAP_2,batch,cluster
AAACCCAAGGTAGGCT-1-exp,-7.469366,-7.715895,exp,1
AAACCCATCCATCCGT-1-exp,-7.117099,-7.9218187,exp,1
AAAGAACTCTGTGCGG-1-exp,-11.523803,-6.084713,exp,0
AAAGGATAGCTATCTG-1-exp,-12.576033,-6.3937874,exp,0
AAAGGATGTGTTCATG-1-exp,-9.475826,-5.752942,exp,1
AAAGGGCAGATCGCTT-1-exp,-9.832896,-5.68693,exp,0
AAAGGGCTCTTTCCGG-1-exp,-11.497744,-3.9342315,exp,0
AAAGGTAGTTGAATCC-1-exp,-4.8175273,-8.243423,exp,1
AAAGTGAGTGGACCTC-1-exp,-11.0188,-5.755114,exp,0
AAAGTGATCCCATTTA-1-exp,-6.4351497,-7.271921,exp,1
AAATGGATCTCATTAC-1-exp,-6.202823,-8.777058,exp,1
AACAAAGAGCATGCGA-1-exp,-8.696675,-7.7367673,exp,1
AACAAAGCACACCTTC-1-exp,-12.193898,-5.593814,exp,0
AACAACCAGGAACGCT-1-exp,-10.6920805,-5.9540787,exp,0
AACAACCAGGCAGGTT-1-exp,-7.615406,-7.744267,exp,1
AACAACCTCAAGGTGG-1-exp,-10.568569,-6.150472,exp,0
AACAAGACAACACAGG-1-exp,-7.931452,-6.324286,exp,1
AACAAGAGTTGGACCC-1-exp,-10.258926,-5.958966,exp,0
AACACACAGTATCCTG-1-exp,-4.8422265,-7.9973454,exp,1
AACACACTCGCTCATC-1-exp,-5.378963,-7.1811004,exp,1
AACAGGGTCGAACGCC-1-exp,-11.853003,-5.3533306,exp,0
AACAGGGTCTCATTGT-1-exp,-6.7199697,-8.161921,exp,1
AACCACACAAGAAACT-1-exp,-5.1033177,-6.5296373,exp,1
AACCATGGTCCGTTTC-1-exp,-9.7707,-6.451851,exp,0
AACGAAACATTACGGT-1-exp,-12.598366,-6.004789,exp,0
AACGAAAGTAGCGTCC-1-exp,-6.3618793,-6.6864476,exp,1
AACGAAAGTGCATACT-1-exp,-10.215184,-6.4575143,exp,0
AACGTCACAGTATGAA-1-exp,-10.610195,-6.1670938,exp,0
AACGTCAGTCGCATCG-1-exp,-10.0288315,-5.9695783,exp,0
AACTTCTAGTCCCTAA-1-exp,-7.957644,-8.071926,exp,1
AACTTCTCATTGAGGG-1-exp,-7.01898,-6.918371,exp,1
AACTTCTTCGATAACC-1-exp,-11.7108965,-3.7561378,exp,0
AAGAACAGTAGTCTGT-1-exp,-8.421679,-6.734216,exp,1
AAGAACATCTAGTCAG-1-exp,-7.6395726,-8.568919,exp,1
AAGCCATCAACGGCCT-1-exp,-6.0961533,-7.728972,exp,1
AAGCCATCAGGATGAC-1-exp,-13.030763,-6.459865,exp,0
AAGCCATGTAAGGTCG-1-exp,-8.325049,-5.6777797,exp,1
AAGCGTTGTATCGAGG-1-exp,-12.512374,-5.4428363,exp,0
AAGGAATCAGAGGCAT-1-exp,-4.508436,-7.5631013,exp,1
AAGGAATTCAGACAAA-1-exp,-8.189736,-6.5106845,exp,1
AAGGTAAGTAAGGCCA-1-exp,-6.116405,-7.8974895,exp,1
AAGGTAAGTGAGTAGC-1-exp,-12.764637,-5.3014584,exp,0
AAGTCGTAGGCTGGAT-1-exp,-11.994376,-5.8531847,exp,0
AAGTGAAGTCCCTGAG-1-exp,-5.1642737,-4.891513,exp,1
AAGTTCGAGGATGAGA-1-exp,-7.123618,-6.4707804,exp,1
AATAGAGCATACAGCT-1-exp,-5.190266,-2.9808109,exp,2
AATAGAGTCCGTATGA-1-exp,-7.160333,-7.267822,exp,1
AATCGTGTCGGTCGAC-1-exp,-12.27618,-6.4390855,exp,0
AATGAAGGTGAATGAT-1-exp,-4.2537737,-7.0584564,exp,1
AATGCCAAGTACGAGC-1-exp,-10.266403,-5.3925414,exp,0
AATGCCAGTCCCGCAA-1-exp,-5.1959085,-8.7296915,exp,1
AATGCCAGTTATGACC-1-exp,-5.697605,-7.855162,exp,1
AATGCCATCCGCAGTG-1-exp,-11.621951,-4.482531,exp,0
AATGCCATCGGTCACG-1-exp,-5.9346075,-7.0578213,exp,1
AATGGCTCAAGCCCAC-1-exp,-6.410946,-8.174397,exp,1
ACAAAGATCCAGCAAT-1-exp,-7.783253,-7.103948,exp,1
ACAAGCTTCACTCACC-1-exp,-10.626906,-6.601167,exp,0
ACACAGTCACTCACTC-1-exp,-12.9021225,-5.462862,exp,0
ACACAGTCAGTACTAC-1-exp,-6.1072145,-7.0199475,exp,1
ACACCAAAGCCAAGGT-1-exp,-6.6408277,-7.0995755,exp,1
ACACCAAGTTTCGACA-1-exp,-11.217746,-5.8301497,exp,0
ACAGCCGGTTCAAACC-1-exp,-10.663575,-3.387999,exp,0
ACAGCCGTCCAATCTT-1-exp,-13.44414,-5.606839,exp,0
ACAGGGACAGTCACGC-1-exp,-7.15231,-6.187264,exp,1
ACATCCCCACTCAGAT-1-exp,-8.091293,-5.343184,exp,1
ACATCGAAGAAGCCTG-1-exp,-7.4831386,-3.807057,exp,2
ACATCGACATGAATAG-1-exp,-7.922867,-6.6900897,exp,1
ACATCGATCTACTGCC-1-exp,-6.82657,-8.538651,exp,1
ACCAAACAGCGTTACT-1-exp,-11.526481,-3.5915482,exp,0
ACCAACACAAGTGATA-1-exp,-6.075631,-7.684641,exp,1
ACCAACATCTATCACT-1-exp,-9.811182,-7.2120748,exp,1
ACCACAAAGAGCATTA-1-exp,-6.6924653,-6.7755203,exp,1
ACCACAACAGGGTCTC-1-exp,-4.8089814,-7.794237,exp,1
ACCATTTGTGGTAATA-1-exp,-10.430081,-4.283375,exp,0
ACCATTTTCCACTAGA-1-exp,-8.112056,-7.168232,exp,1
ACCGTTCCATGACGAG-1-exp,-6.828678,-3.6565142,exp,2
ACCTACCTCACCCATC-1-exp,-10.38881,-3.6712618,exp,0
ACCTGAAGTTACCGTA-1-exp,-8.410713,-6.57482,exp,1
ACCTGAATCGCCTAGG-1-exp,-5.1995277,-8.235423,exp,1
ACCTGTCTCCTAGCGG-1-exp,-6.1895347,-6.818728,exp,1
ACGATGTCAACACTAC-1-exp,-7.7252574,-7.68786,exp,1
ACGCACGGTCACTCGG-1-exp,-8.463946,-7.8932333,exp,1
ACGGAAGGTTGAGAGC-1-exp,-4.51594,-6.7632504,exp,1
ACGGGTCAGCGTGAGT-1-exp,-8.939303,-7.2605023,exp,1
ACGGTCGAGTATCCTG-1-exp,-11.752684,-5.566439,exp,0
ACGGTTACAGGCATTT-1-exp,-9.152403,-5.695103,exp,1
ACGTACAGTCGGAACA-1-exp,-9.794989,-1.8481538,exp,2
ACGTAGTAGGCTCAAG-1-exp,-7.230475,-5.7934227,exp,1
ACGTTCCGTAGGTACG-1-exp,-8.455336,-3.5314794,exp,2
ACTACGAAGCCAAGTG-1-exp,-9.781258,-4.0810933,exp,2
ACTATCTAGATTGCGG-1-exp,-6.045364,-8.072584,exp,1
ACTATGGAGTAGTCAA-1-exp,-11.948414,-5.0800304,exp,0
ACTATGGCAGAATTCC-1-exp,-7.4311566,-7.3736057,exp,1
ACTATGGTCGTGACTA-1-exp,-11.296093,-5.616849,exp,0
ACTCCCAGTTGCATGT-1-exp,-5.5226703,-7.0127473,exp,1
ACTCTCGAGCACTCCG-1-exp,-7.6088014,-7.090538,exp,1
ACTGCAAAGGTCCCGT-1-exp,-10.70807,-4.1572065,exp,0
ACTGTCCAGCGTCAGA-1-exp,-5.7371426,-7.827518,exp,1
ACTGTCCGTCTCTCTG-1-exp,-8.263529,-7.614072,exp,1
ACTGTCCGTTGATGTC-1-exp,-7.0888166,-6.6230097,exp,1
ACTGTGAAGAGTTGTA-1-exp,-11.090554,-6.750642,exp,0
ACTTAGGCAAGATCCT-1-exp,-5.86275,-7.1167474,exp,1
ACTTCCGCACAACGCC-1-exp,-11.67308,-5.054672,exp,0
ACTTTCATCCGTATAG-1-exp,-8.120873,-6.364227,exp,1
ACTTTGTCAATACCTG-1-exp,-7.5401487,-6.6999817,exp,1
AGAAATGCATCCCGTT-1-exp,-5.3078175,-6.5272036,exp,1
AGAACAAAGGTAGTCG-1-exp,-10.114763,-2.6544843,exp,2
AGAACCTAGAGGTTAT-1-exp,-10.909681,-6.7836246,exp,0
AGACACTCAAGTGGTG-1-exp,-11.642161,-5.205986,exp,0
AGACACTTCGACTCCT-1-exp,-6.125612,-7.0248523,exp,1
AGACAGGAGCTTCTAG-1-exp,-5.5812297,-8.313221,exp,1
AGACCATTCGCAGTCG-1-exp,-6.834047,-7.1394186,exp,1
AGACCCGGTGACGCCT-1-exp,-11.106916,-5.252941,exp,0
AGAGAATTCCTCAGAA-1-exp,-6.245876,-7.257369,exp,1
AGAGCCCAGGCTCCCA-1-exp,-9.884175,-5.0123496,exp,0
AGAGCCCTCACCGGGT-1-exp,-11.420345,-4.9809813,exp,0
AGATCGTTCACCTCGT-1-exp,-11.639342,-3.4572012,exp,0
AGATCGTTCTATGCCC-1-exp,-6.2552514,-7.1306887,exp,1
AGATGAAAGGTGAGCT-1-exp,-13.105828,-6.582612,exp,0
AGATGAAGTGCACATT-1-exp,-12.640881,-4.3733134,exp,0
AGATGAATCAGGCGAA-1-exp,-10.511738,-4.018746,exp,0
AGATGCTAGATGTAGT-1-exp,-9.887222,-5.264442,exp,0
AGATGCTAGCACTAGG-1-exp,-12.25353,-3.297408,exp,0
AGCATCACAGTATTCG-1-exp,-5.9794917,-6.8955116,exp,1
AGCCACGTCAGCGCGT-1-exp,-8.46514,-3.56514,exp,2
AGCGATTGTACACTCA-1-exp,-4.195675,-6.923591,exp,1
AGCGCTGGTAGCGAGT-1-exp,-7.484511,-7.066137,exp,1
AGCTACAAGGTTGACG-1-exp,-12.139331,-5.0734653,exp,0
AGCTACAGTGGACTGA-1-exp,-8.195743,-3.6047058,exp,2
AGCTACAGTGTATCCA-1-exp,-8.259959,-6.5620894,exp,1
AGCTACATCATTGAGC-1-exp,-10.043533,-4.9794006,exp,0
AGCTCAAAGTCGCCAC-1-exp,-7.3636007,-6.824436,exp,1
AGGAAATAGGGAGGGT-1-exp,-9.264672,-7.7525597,exp,1
AGGAAATGTTGGTAGG-1-exp,-7.406421,-3.008643,exp,2
AGGAAATGTTTGGCTA-1-exp,-7.418237,-6.6682453,exp,1
AGGACGACAACTTGGT-1-exp,-5.710272,-8.008497,exp,1
AGGACTTGTGCAATGG-1-exp,-6.9027376,-7.7461734,exp,1
AGGACTTTCTCACGAA-1-exp,-12.529416,-5.6033926,exp,0
AGGATAAAGCCGCTTG-1-exp,-9.454403,-4.03213,exp,2
AGGATAACATATAGCC-1-exp,-10.728423,-5.4650254,exp,0
AGGATCTAGGGACCAT-1-exp,-8.6232605,-7.736046,exp,1
AGGATCTTCCCGAAAT-1-exp,-10.923932,-5.065442,exp,0
AGGCATTAGTGGACGT-1-exp,-5.7416673,-6.8092318,exp,1
AGGCATTGTAACCCGC-1-exp,-12.540686,-4.777103,exp,0
AGGCCACAGTTGGGAC-1-exp,-5.262986,-8.6678915,exp,1
AGGGAGTAGAGGACTC-1-exp,-10.318689,-4.6093526,exp,0
AGGGAGTCAGCGTTGC-1-exp,-10.280981,-3.8593721,exp,0
AGGGCTCGTGGTAATA-1-exp,-10.252216,-5.0412736,exp,0
AGGGTCCGTACGGGAT-1-exp,-6.3319125,-7.3533616,exp,1
AGGGTCCGTTCGGCTG-1-exp,-10.315485,-5.4909244,exp,0
AGGGTCCTCGGCTTGG-1-exp,-4.587224,-7.1618257,exp,1
AGGGTTTGTCGTCGGT-1-exp,-7.5229464,-7.042369,exp,1
AGGGTTTTCATTGAGC-1-exp,-12.552747,-6.319356,exp,0
AGGTAGGGTGTGACCC-1-exp,-8.811897,-6.2968893,exp,1
AGGTAGGGTTACAGCT-1-exp,-12.775854,-6.094456,exp,0
AGGTTACAGCAGCGAT-1-exp,-12.7609005,-5.8952303,exp,0
AGGTTACTCGCGAAGA-1-exp,-8.160558,-6.568001,exp,1
AGGTTGTAGGATACCG-1-exp,-6.5341306,-7.572739,exp,1
AGGTTGTGTGCATTAC-1-exp,-5.600734,-8.31327,exp,1
AGGTTGTTCACAACCA-1-exp,-8.149914,-6.314768,exp,1
AGGTTGTTCTCCCATG-1-exp,-11.895492,-5.6220555,exp,0
AGTAACCCAGAACTCT-1-exp,-10.843474,-6.633641,exp,0
AGTACCAGTATAGGGC-1-exp,-8.063632,-8.2851095,exp,1
AGTACTGTCTCTTGCG-1-exp,-11.896989,-6.2905664,exp,0
AGTAGTCGTGGCCACT-1-exp,-10.756426,-5.8151793,exp,0
AGTAGTCTCGGCATCG-1-exp,-9.282945,-7.4856386,exp,1
AGTCAACGTAGAGCTG-1-exp,-5.7143593,-7.068271,exp,1
AGTCAACGTCTACAGT-1-exp,-8.950571,-7.909336,exp,1
AGTCACAAGGGCCCTT-1-exp,-7.175997,-6.4355717,exp,1
AGTCACAAGGTAGTAT-1-exp,-10.123473,-2.7179492,exp,2
AGTGATCGTCAGTCTA-1-exp,-5.831747,-8.026289,exp,1
AGTTCCCAGATTGATG-1-exp,-11.717856,-6.4335017,exp,0
AGTTCGATCGACCACG-1-exp,-6.6923313,-7.270931,exp,1
AGTTCGATCGCGTGCA-1-exp,-4.9410715,-7.8846707,exp,1
ATACTTCTCGCTTGCT-1-exp,-11.085864,-4.9101367,exp,0
ATAGACCAGTTGTAGA-1-exp,-10.183357,-6.4448023,exp,0
ATAGGCTAGGCCCAAA-1-exp,-5.860167,-7.5551677,exp,1
ATAGGCTGTGGAAATT-1-exp,-11.99125,-5.922827,exp,0
ATATCCTAGAGCCTGA-1-exp,-7.155727,-7.2553067,exp,1
ATATCCTGTAGATGTA-1-exp,-10.947478,-5.24878,exp,0
ATATCCTTCTTAGCAG-1-exp,-8.178345,-6.428479,exp,1
ATCACAGTCTCGACGG-1-exp,-9.588624,-4.645794,exp,0
ATCACGAAGCTCTATG-1-exp,-11.267068,-6.2030787,exp,0
ATCACTTAGGAAGTAG-1-exp,-9.279423,-5.555341,exp,0
ATCACTTAGTAAACTG-1-exp,-10.217279,-6.3313046,exp,0
ATCACTTGTATTTCGG-1-exp,-11.108919,-4.7846437,exp,0
ATCAGGTGTTTACCTT-1-exp,-7.3717594,-7.9709716,exp,1
ATCAGGTTCAATCTTC-1-exp,-13.437134,-5.421231,exp,0
ATCATTCAGTGGCGAT-1-exp,-10.434133,-5.356624,exp,0
ATCCACCAGGTTCTTG-1-exp,-4.362903,-7.6484857,exp,1
ATCCACCGTCTGTTAG-1-exp,-11.936269,-3.6482904,exp,0
ATCCACCGTTCTCCCA-1-exp,-11.476538,-5.7196608,exp,0
ATCCATTCATATGAAG-1-exp,-6.299475,-7.25084,exp,1
ATCCATTGTGGTTTAC-1-exp,-6.3261156,-7.3896036,exp,1
ATCCTATGTACTGGGA-1-exp,-7.5295477,-7.4055233,exp,1
ATCGATGGTGTGTCCG-1-exp,-5.9143295,-7.370418,exp,1
ATCGATGTCGGCATAT-1-exp,-11.164431,-6.4485073,exp,0
ATCGCCTCATAGAATG-1-exp,-9.390277,-5.2895684,exp,0
ATCGGATAGGCCCGTT-1-exp,-5.1199512,-8.5527525,exp,1
ATCGGATAGTGGCGAT-1-exp,-8.69853,-2.9223826,exp,2
ATCGGCGCACACACTA-1-exp,-6.909095,-6.786377,exp,1
ATCGGCGGTACCACGC-1-exp,-8.403369,-4.141903,exp,2
ATCGGCGTCACGATAC-1-exp,-4.361172,-6.9634295,exp,1
ATCGTAGAGCGGCTCT-1-exp,-8.951271,-5.7328515,exp,1
ATCGTAGCAATTGCAC-1-exp,-8.811232,-5.9251056,exp,1
ATCGTCCCACATTACG-1-exp,-7.818404,-4.366634,exp,2
ATCGTCCGTTGGACCC-1-exp,-9.706746,-4.815636,exp,0
ATCGTGAGTCGGCCTA-1-exp,-9.781612,-5.1175146,exp,0
ATCTCTACACCGTCTT-1-exp,-10.745356,-4.5979223,exp,0
ATCTCTAGTACCTAAC-1-exp,-7.311738,-3.6349418,exp,2
ATGAAAGGTAGTCGGA-1-exp,-12.054536,-3.8017256,exp,0
ATGACCAAGGGAGGGT-1-exp,-11.241216,-4.170433,exp,0
ATGAGGGTCACCGGTG-1-exp,-8.411473,-6.6117177,exp,1
ATGAGTCCATGTTACG-1-exp,-11.592881,-4.3017554,exp,0
ATGCCTCAGCCGATTT-1-exp,-7.266122,-5.2584567,exp,1
ATGCCTCAGTACGTCT-1-exp,-6.52729,-7.098675,exp,1
ATGCCTCAGTCAGAGC-1-exp,-9.424621,-5.986616,exp,1
ATGCCTCTCGAGTACT-1-exp,-6.570752,-7.056612,exp,1
ATGCGATGTCGATTAC-1-exp,-8.202455,-7.789959,exp,1
ATGCGATTCATTCATC-1-exp,-5.4153647,-8.144975,exp,1
ATGGAGGGTCGACGCT-1-exp,-12.4552355,-6.328882,exp,0
ATGGAGGTCAAGTGGG-1-exp,-7.795622,-6.291283,exp,1
ATGGATCTCGAGCTGC-1-exp,-7.831364,-4.412788,exp,2
ATGGGAGTCACATACG-1-exp,-5.5498357,-7.2841825,exp,1
ATGGGAGTCCGTTGGG-1-exp,-5.670526,-6.898232,exp,1
ATGGGTTAGGTAAACT-1-exp,-8.374381,-7.247076,exp,1
ATGGTTGCAACGCATT-1-exp,-6.6017857,-6.6867504,exp,1
ATTACTCAGTATGATG-1-exp,-11.951928,-4.372577,exp,0
ATTACTCGTGTCGCTG-1-exp,-8.470932,-6.547948,exp,1
ATTATCCTCCTCACCA-1-exp,-12.399714,-5.037326,exp,0
ATTCAGGTCTAGTTCT-1-exp,-8.890513,-5.9487324,exp,1
ATTCGTTGTCTCGACG-1-exp,-6.247103,-7.694915,exp,1
ATTCGTTTCAAGCTTG-1-exp,-6.9140496,-7.7046003,exp,1
ATTGTTCCACCGCTAG-1-exp,-8.096686,-6.733196,exp,1
ATTTACCAGACCGTTT-1-exp,-5.8691773,-8.359235,exp,1
ATTTACCAGGAAGTCC-1-exp,-9.4440975,-2.5363488,exp,2
ATTTACCTCGTGCACG-1-exp,-6.9800406,-7.448909,exp,1
ATTTCACTCGCGGTAC-1-exp,-12.459914,-5.12465,exp,0
ATTTCTGTCCAGGACC-1-exp,-9.448166,-5.967617,exp,1
ATTTCTGTCTGGGAGA-1-exp,-4.384449,-7.1472063,exp,1
CAAAGAAGTATCACGT-1-exp,-10.672116,-3.481018,exp,0
CAACAACCATGCACTA-1-exp,-8.894501,-7.176844,exp,1
CAACCTCTCCTCTAGC-1-exp,-9.596144,-6.1959486,exp,1
CAACGGCAGGCTGAAC-1-exp,-10.442571,-5.9298697,exp,0
CAAGACTTCACATTGG-1-exp,-8.532774,-6.737643,exp,1
CAAGACTTCCGGCAAC-1-exp,-10.116747,-5.2149935,exp,0
CAAGAGGCACGCTGTG-1-exp,-6.665919,-7.043434,exp,1
CAAGCTAAGACGCATG-1-exp,-11.85872,-4.3431525,exp,0
CAATACGGTTGCATCA-1-exp,-5.3504915,-7.200659,exp,1
CAATCGAGTGACGCCT-1-exp,-11.464467,-4.209964,exp,0
CAATGACGTCTTGTCC-1-exp,-6.343215,-7.4772534,exp,1
CAATGACTCAAAGAAC-1-exp,-9.371085,-6.3455777,exp,1
CACAACAAGCGCCGTT-1-exp,-9.401769,-6.28161,exp,1
CACAACACAGCTGAGA-1-exp,-11.61916,-6.6742516,exp,0
CACACAAAGGCTTTCA-1-exp,-4.766118,-8.333578,exp,1
CACAGATGTCGAATTC-1-exp,-12.770811,-5.4735684,exp,0
CACATGAGTGCAGATG-1-exp,-11.797165,-5.7415004,exp,0
CACATGAGTTGATCGT-1-exp,-7.9804177,-5.2766366,exp,1
CACCGTTGTTGGCCTG-1-exp,-12.688796,-3.42845,exp,0
CACGAATGTAGTAAGT-1-exp,-8.745386,-2.5700305,exp,2
CACGGGTAGAGTATAC-1-exp,-6.0448174,-7.6683264,exp,1
CACGGGTGTGGTAACG-1-exp,-7.6014066,-7.7845244,exp,1
CACGTGGCAGGACGAT-1-exp,-11.068247,-5.815045,exp,0
CACTAAGTCTTTACAC-1-exp,-8.785281,-3.4366822,exp,2
CACTGGGAGAAGGCTC-1-exp,-6.2153387,-6.731188,exp,1
CACTGGGCAGGCACAA-1-exp,-10.823732,-6.8696065,exp,0
CACTGGGCATGACCCG-1-exp,-6.5287733,-7.4700775,exp,1
CACTGGGTCATCACAG-1-exp,-4.8841224,-7.1105533,exp,1
CACTTCGGTCTTTCAT-1-exp,-7.3610673,-6.5156054,exp,1
CAGAGCCCATTCTCTA-1-exp,-9.868896,-3.7833302,exp,2
CAGATACTCGACTCCT-1-exp,-6.4672656,-6.876347,exp,1
CAGATCATCACATCAG-1-exp,-9.064054,-6.695694,exp,1
CAGATCATCGGTAAGG-1-exp,-9.359579,-7.3081174,exp,1
CAGCAGCTCGACATAC-1-exp,-5.5684557,-7.530541,exp,1
CAGCCAGCATGCAGCC-1-exp,-9.977521,-5.3517666,exp,0
CAGCGTGAGCTGGAGT-1-exp,-5.27164,-7.5238523,exp,1
CAGCGTGTCCTCTGCA-1-exp,-10.824743,-5.928952,exp,0
CAGGCCACACAGTGTT-1-exp,-8.844365,-6.6323757,exp,1
CAGGCCAGTGTTTACG-1-exp,-8.336863,-8.054565,exp,1
CAGGGCTAGGTTCCAT-1-exp,-11.090297,-6.430138,exp,0
CAGGGCTCAGTAGAGC-1-exp,-8.214147,-6.5855722,exp,1
CAGTGCGTCGATACGT-1-exp,-9.015664,-6.7751937,exp,1
CAGTTCCCAAGAAACT-1-exp,-6.4411945,-7.906646,exp,1
CAGTTCCGTACCGTGC-1-exp,-10.165546,-5.524221,exp,0
CATAAGCAGAACGTGC-1-exp,-8.572023,-7.273157,exp,1
CATAAGCGTCTAGATC-1-exp,-5.435457,-8.349223,exp,1
CATACTTGTTTCCAAG-1-exp,-10.793957,-5.965212,exp,0
CATAGACTCTAGACCA-1-exp,-9.125522,-3.2786105,exp,2
CATCAAGAGTTTCAGC-1-exp,-8.275681,-6.9647202,exp,1
CATCCGTAGGTTATAG-1-exp,-7.4647107,-6.324587,exp,1
CATCGCTGTGTGACCC-1-exp,-11.46185,-5.9022346,exp,0
CATCGCTGTTACAGCT-1-exp,-5.0854864,-7.15129,exp,1
CATCGGGAGGCTGAAC-1-exp,-5.073525,-7.21041,exp,1
CATCGGGGTTGTTTGG-1-exp,-5.8975034,-7.542164,exp,1
CATCGGGTCAACGCTA-1-exp,-11.334629,-4.9886546,exp,0
CATCGTCAGTAGACAT-1-exp,-7.2726502,-7.1600537,exp,1
CATGAGTGTAGGGAGG-1-exp,-6.0472355,-6.801528,exp,1
CATGCAAGTACATACC-1-exp,-8.189769,-5.9878035,exp,1
CATGCCTCACAATTCG-1-exp,-7.094507,-6.4468474,exp,1
CATGCCTGTCCGGCAT-1-exp,-6.246731,-7.256573,exp,1
CATGCGGGTAGAGTTA-1-exp,-10.08451,-6.922153,exp,1
CATGCTCCAATACAGA-1-exp,-5.5871897,-7.1218824,exp,1
CATTCATCAGCGACAA-1-exp,-11.831643,-5.968234,exp,0
CATTCCGTCAAGTGGG-1-exp,-8.890789,-6.8507814,exp,1
CATTCTAAGATAGTGT-1-exp,-5.021364,-7.781023,exp,1
CATTGTTAGGCCTTCG-1-exp,-7.0845323,-6.6232166,exp,1
CATTGTTCATTCAGGT-1-exp,-12.6168585,-5.226253,exp,0
CATTGTTGTTCGTAAC-1-exp,-10.918052,-4.7196074,exp,0
CCAAGCGGTTTACCTT-1-exp,-6.1154394,-7.3426757,exp,1
CCAATGACAGTGTGCC-1-exp,-10.622416,-3.3241618,exp,0
CCAATGATCACCCATC-1-exp,-10.58276,-3.0183706,exp,2
CCACGTTGTAGCGTCC-1-exp,-11.6681,-4.3316464,exp,0
CCACTTGAGATACAGT-1-exp,-8.543634,-7.5434966,exp,1
CCACTTGGTAGGTACG-1-exp,-9.928411,-5.19761,exp,0
CCATCACCAACGCATT-1-exp,-7.383502,-3.135041,exp,2
CCATCACCACCTCAGG-1-exp,-8.007581,-6.3407974,exp,1
CCCAACTGTACAGGTG-1-exp,-7.572942,-7.028306,exp,1
CCCATTGAGCACCTGC-1-exp,-10.330415,-5.1892996,exp,0
CCCATTGAGGGTGAGG-1-exp,-5.721728,-7.2866974,exp,1
CCCATTGTCACGGGCT-1-exp,-12.359123,-3.9584343,exp,0
CCCGAAGGTAGCCAGA-1-exp,-8.401416,-7.1866665,exp,1
CCCGGAACACCTCAGG-1-exp,-7.623851,-5.754462,exp,1
CCCTCTCTCTAGCCAA-1-exp,-6.764632,-7.143088,exp,1
CCCTGATCAAGCGCTC-1-exp,-6.494498,-7.6276565,exp,1
CCCTTAGAGTCTCGTA-1-exp,-6.9065447,-8.648274,exp,1
CCCTTAGTCTACTGCC-1-exp,-8.902438,-7.08532,exp,1
CCGAACGGTTCTCAGA-1-exp,-10.788736,-4.839394,exp,0
CCGAACGTCTAATTCC-1-exp,-8.615735,-5.854986,exp,1
CCGATGGTCGCAAGAG-1-exp,-6.686311,-7.288708,exp,1
CCGGACAAGGTTGACG-1-exp,-12.799845,-5.558354,exp,0
CCGGACAAGTGTTGAA-1-exp,-8.461928,-7.015881,exp,1
CCGGGTATCTGAGAGG-1-exp,-9.911824,-4.2754803,exp,2
CCGTAGGGTCGTTGGC-1-exp,-12.85366,-6.0259557,exp,0
CCGTAGGTCTCGCAGG-1-exp,-8.741224,-7.25144,exp,1
CCGTGAGAGCGACATG-1-exp,-8.897597,-7.8422465,exp,1
CCGTGAGAGGCTCTAT-1-exp,-11.180392,-5.3233542,exp,0
CCGTGAGCAAGTCCAT-1-exp,-10.918506,-6.265872,exp,0
CCGTTCAAGGTAGATT-1-exp,-4.1526804,-7.5585327,exp,1
CCTAAGAGTACTTCCC-1-exp,-7.54769,-6.7545834,exp,1
CCTATCGCAAGAGCTG-1-exp,-8.316904,-6.5626884,exp,1
CCTCAACCAATGTTGC-1-exp,-12.855397,-4.4327226,exp,0
CCTCACAAGCTACTGT-1-exp,-8.464383,-6.8383293,exp,1
CCTCACACAAGTTCCA-1-exp,-5.834506,-7.917525,exp,1
CCTCACAGTGCGTGCT-1-exp,-7.7929683,-5.501693,exp,1
CCTCACAGTTTGTTCT-1-exp,-7.0906696,-3.9580264,exp,2
CCTCAGTGTTGCTAGT-1-exp,-11.341853,-5.003746,exp,0
CCTCAGTTCTACTATC-1-exp,-9.38527,-5.9065084,exp,1
CCTCATGCAGCTACTA-1-exp,-13.446315,-4.7316732,exp,0
CCTCATGGTATGTGTC-1-exp,-9.728534,-6.462237,exp,1
CCTGCATGTACAAACA-1-exp,-6.9196935,-6.5682573,exp,1
CCTGTTGAGTGCAGCA-1-exp,-9.196372,-3.6575077,exp,2
CCTGTTGCATGCTGCG-1-exp,-6.547116,-7.030047,exp,1
CCTTCAGCATCCGCGA-1-exp,-4.8195167,-7.2389317,exp,1
CCTTCAGGTTCACCGG-1-exp,-7.7906985,-4.1906695,exp,2
CCTTGTGTCCACCTCA-1-exp,-9.946731,-4.9297247,exp,0
CCTTTGGCATCTGGGC-1-exp,-4.448679,-8.4564705,exp,1
CCTTTGGGTTTCCAAG-1-exp,-9.786888,-5.5834594,exp,0
CGAAGGATCTAGTCAG-1-exp,-7.8340545,-6.119503,exp,1
CGAAGTTGTAGCCCTG-1-exp,-9.063741,-2.2959287,exp,2
CGAAGTTTCGTACCTC-1-exp,-10.357387,-5.782706,exp,0
CGACAGCCAGTGTATC-1-exp,-11.999113,-6.3082595,exp,0
CGACAGCTCAAACTGC-1-exp,-11.389304,-6.021652,exp,0
CGAGGAAAGTGTTGAA-1-exp,-5.843695,-7.6410155,exp,1
CGAGTGCAGCCGATAG-1-exp,-9.280869,-6.4049478,exp,1
CGAGTGCCAGTGTGGA-1-exp,-11.372653,-4.493898,exp,0
CGAGTTAGTCACGTGC-1-exp,-7.6358457,-8.121462,exp,1
CGATCGGAGAGTGAAG-1-exp,-7.71594,-6.6913724,exp,1
CGATCGGAGGACTAAT-1-exp,-12.69121,-5.336106,exp,0
CGATCGGCACGTTGGC-1-exp,-12.563377,-5.9711847,exp,0
CGATGCGAGAGGCCAT-1-exp,-7.041332,-7.8906193,exp,1
CGATGCGTCCCATAGA-1-exp,-6.156606,-6.4891853,exp,1
CGATGGCGTCACTGAT-1-exp,-8.254755,-6.6024265,exp,1
CGCCAGACACATCCCT-1-exp,-8.217021,-7.2480764,exp,1
CGCCAGAGTGCACGCT-1-exp,-6.5684505,-6.646809,exp,1
CGCCATTTCGACACTA-1-exp,-11.012227,-5.9647117,exp,0
CGCGTGAAGCCTTGAT-1-exp,-6.61095,-7.523571,exp,1
CGGAACCCACATTGTG-1-exp,-6.2365017,-6.9484477,exp,1
CGGAACCCAGGGATAC-1-exp,-7.962031,-8.259072,exp,1
CGGAACCCATTCACCC-1-exp,-13.276879,-5.916923,exp,0
CGGAATTCACTGGCGT-1-exp,-8.522027,-6.457635,exp,1
CGGAATTTCATGCCGG-1-exp,-12.712448,-4.300641,exp,0
CGGACACAGTTCCGTA-1-exp,-4.014368,-7.4996233,exp,1
CGGACACAGTTGTACC-1-exp,-10.613696,-4.625387,exp,0
CGGACACGTCAAGTTC-1-exp,-11.736451,-3.8123198,exp,0
CGGAGAATCTCGCTCA-1-exp,-5.0575376,-8.467892,exp,1
CGGGACTAGCAACTCT-1-exp,-8.410694,-3.958702,exp,2
CGGGACTCAAGCCCAC-1-exp,-6.6361737,-7.4315004,exp,1
CGGGACTGTCGGCTAC-1-exp,-9.787922,-3.2552383,exp,2
CGGGCATAGCTGGCCT-1-exp,-10.418336,-4.9939547,exp,0
CGGGTCATCGGCTATA-1-exp,-9.569114,-6.3952174,exp,1
CGGTCAGCAGTGCGCT-1-exp,-5.333176,-8.216704,exp,1
CGTAAGTCATTGTGCA-1-exp,-8.480009,-6.1552362,exp,1
CGTAATGCAGTTGCGC-1-exp,-6.4699335,-7.6138253,exp,1
CGTAGTAGTACCCGAC-1-exp,-12.231968,-5.552021,exp,0
CGTCAAAGTATTCCGA-1-exp,-11.378532,-5.9415016,exp,0
CGTCCATCAGACGCTC-1-exp,-11.37393,-2.8881397,exp,0
CGTCCATCATCTGTTT-1-exp,-4.1310167,-7.886358,exp,1
CGTGAATAGCTTTGTG-1-exp,-12.2517805,-5.4673886,exp,0
CGTGAATCATTGCTTT-1-exp,-8.78275,-6.464126,exp,1
CGTGCTTAGGTTAAAC-1-exp,-12.846622,-6.627919,exp,0
CGTGCTTGTACGCTTA-1-exp,-13.078437,-6.3091984,exp,0
CGTGCTTGTTTGGGTT-1-exp,-11.530872,-5.1588726,exp,0
CTAACTTCACGCGCTA-1-exp,-11.35758,-4.6013117,exp,0
CTACAGAGTAGGTACG-1-exp,-5.52429,-8.5801525,exp,1
CTACATTGTGTTAACC-1-exp,-12.1295,-5.135647,exp,0
CTACCTGAGGTAAACT-1-exp,-7.229632,-7.8514247,exp,1
CTACCTGGTGCATTAC-1-exp,-8.284807,-5.9060946,exp,1
CTACTATCACAAAGTA-1-exp,-13.079611,-6.5052967,exp,0
CTACTATGTGACTGTT-1-exp,-9.131421,-4.087448,exp,2
CTAGGTAAGATCCCAT-1-exp,-7.132105,-6.9404464,exp,1
CTAGGTACAGGCTACC-1-exp,-4.0366697,-7.7123857,exp,1
CTCAACCAGTAACGTA-1-exp,-9.6796665,-6.500526,exp,1
CTCAACCAGTGACACG-1-exp,-7.9851832,-6.294856,exp,1
CTCAAGATCTTGGTCC-1-exp,-12.150762,-5.3140674,exp,0
CTCAATTAGATGAAGG-1-exp,-5.9381695,-7.8712587,exp,1
CTCAATTGTACACGTT-1-exp,-6.906375,-6.9281597,exp,1
CTCAGAAAGACATCCT-1-exp,-12.425584,-5.725762,exp,0
CTCATCGGTAGTCTGT-1-exp,-8.319751,-7.093677,exp,1
CTCATGCCAAGGCTTT-1-exp,-4.514671,-6.5221243,exp,1
CTCATGCGTGGTAACG-1-exp,-6.3670015,-6.957478,exp,1
CTCCATGAGCGCCGTT-1-exp,-7.374859,-7.5055203,exp,1
CTCCATGAGTGCCAGA-1-exp,-9.204433,-3.6998734,exp,2
CTCCATGCAGGCTACC-1-exp,-4.3820324,-7.9033413,exp,1
CTCCATGGTCAAGTTC-1-exp,-8.5268135,-4.222114,exp,2
CTCCATGGTGATGAAT-1-exp,-7.301752,-6.973553,exp,1
CTCCCAAAGGGCCAAT-1-exp,-9.27651,-7.0245175,exp,1
CTCCCAATCTCCTGTG-1-exp,-11.116789,-4.897616,exp,0
CTCCTTTAGATAGTCA-1-exp,-8.823936,-7.4612784,exp,1
CTCGAGGAGTCATGGG-1-exp,-6.7505198,-3.925064,exp,2
CTCGAGGGTAGTATAG-1-exp,-12.041714,-4.8791804,exp,0
CTCGAGGGTGGAGGTT-1-exp,-6.589431,-7.413146,exp,1
CTCGAGGTCGTGGCGT-1-exp,-10.797864,-6.430562,exp,0
CTCTCAGGTTCGAAGG-1-exp,-8.66995,-6.9898343,exp,1
CTCTCAGTCCTGCTAC-1-exp,-10.551154,-5.20194,exp,0
CTGAGCGAGGTACAGC-1-exp,-6.3125916,-7.2682123,exp,1
CTGAGCGGTCGAACAG-1-exp,-7.6354346,-6.79291,exp,1
CTGAGGCTCCGACGGT-1-exp,-8.290152,-4.6936083,exp,2
CTGATCCAGACGCTCC-1-exp,-11.0953455,-4.6340127,exp,0
CTGCAGGTCTCTCGAC-1-exp,-8.5212145,-4.0753603,exp,2
CTGCCATCAAGGGCAT-1-exp,-4.1518917,-7.4220304,exp,1
CTGCCATGTGTGTACT-1-exp,-10.23833,-4.409139,exp,0
CTGCCATTCCATGATG-1-exp,-12.2871065,-3.8183467,exp,0
CTGGACGCACGCGCAT-1-exp,-5.1969147,-8.037418,exp,1
CTGGACGCATGAATCC-1-exp,-7.2116847,-5.4798317,exp,1
CTGGCAGGTCGTAATC-1-exp,-11.930645,-6.009724,exp,0
CTGGCAGTCGCAGTTA-1-exp,-8.715783,-5.8748007,exp,1
CTGTATTCAAACTCGT-1-exp,-10.038702,-4.1076636,exp,2
CTGTATTTCATGTCAG-1-exp,-10.223463,-5.5945625,exp,0
CTGTCGTTCAGTCCGG-1-exp,-5.7248573,-8.226644,exp,1
CTGTGAACAAGAGGCT-1-exp,-7.9488635,-5.8795285,exp,1
CTGTGAATCCGCGATG-1-exp,-10.597147,-4.456541,exp,0
CTTCGGTCAATCCAGT-1-exp,-5.8516903,-7.3000855,exp,1
CTTGAGACACGTAGTT-1-exp,-6.770793,-8.460042,exp,1
CTTGATTGTGCGTGCT-1-exp,-12.727421,-6.391862,exp,0
CTTGATTTCGCCAACG-1-exp,-4.6566715,-8.5410795,exp,1
CTTTCAATCCGACGGT-1-exp,-11.513724,-3.377798,exp,0
GAACGTTAGACCTTTG-1-exp,-8.2886305,-7.3567944,exp,1
GAACGTTCAAGAGGTC-1-exp,-8.4538145,-7.836404,exp,1
GAACGTTCAGCAGTCC-1-exp,-11.001939,-3.8135324,exp,0
GAACGTTTCCAGTGTA-1-exp,-9.098352,-7.2676063,exp,1
GAAGAATGTGAATAAC-1-exp,-6.558324,-8.662557,exp,1
GAAGCGAAGCTTACGT-1-exp,-6.0985613,-7.2567587,exp,1
GAAGGACGTGGGCTCT-1-exp,-10.81612,-4.88581,exp,0
GAAGGGTGTGAAGCTG-1-exp,-5.8739915,-8.674842,exp,1
GAATAGAAGTTATGGA-1-exp,-6.1202397,-7.574418,exp,1
GAATAGACACTTCAAG-1-exp,-8.389666,-6.3435774,exp,1
GAATAGATCCTCTAGC-1-exp,-8.995111,-7.0955763,exp,1
GACACGCGTACCGTCG-1-exp,-8.673871,-7.975624,exp,1
GACACGCGTCAAGTTC-1-exp,-12.185467,-5.9295816,exp,0
GACAGCCAGCATAGGC-1-exp,-10.447371,-4.7427306,exp,0
GACAGCCAGTGCTAGG-1-exp,-7.8858213,-7.979599,exp,1
GACATCAAGTTGAAAC-1-exp,-9.4321785,-6.7501755,exp,1
GACATCACATGGCACC-1-exp,-9.264129,-6.529021,exp,1
GACATCAGTCGGCACT-1-exp,-7.0287166,-8.159156,exp,1
GACATCATCCATCTGC-1-exp,-7.225166,-6.850719,exp,1
GACCAATAGCTCATAC-1-exp,-10.204165,-6.6243424,exp,1
GACCAATCACTTCAAG-1-exp,-5.6304092,-7.076025,exp,1
GACCCAGGTAGACGGT-1-exp,-6.5033226,-8.281788,exp,1
GACCCAGTCTAAGCGT-1-exp,-7.5739117,-8.142929,exp,1
GACCCTTTCCGAAATC-1-exp,-9.368492,-4.4626327,exp,2
GACCTTCGTGATGTAA-1-exp,-10.21262,-2.9140723,exp,2
GACGCTGTCGACCTAA-1-exp,-9.670709,-6.8876176,exp,1
GACGTTAAGAGCCTGA-1-exp,-4.4991283,-8.018876,exp,1
GACTATGTCATCACTT-1-exp,-11.299837,-5.6359324,exp,0
GACTCAACAGAATGTA-1-exp,-6.14691,-7.083382,exp,1
GACTCAAGTATTGACC-1-exp,-6.4107103,-7.2325554,exp,1
GACTCTCAGGCCACCT-1-exp,-13.031288,-6.5505414,exp,0
GACTCTCCATTGCAAC-1-exp,-7.540573,-7.0949287,exp,1
GAGAAATAGCGGCTCT-1-exp,-11.75722,-5.5236526,exp,0
GAGAAATCAGACCTGC-1-exp,-6.941002,-6.986361,exp,1
GAGAGGTCAGTGGCTC-1-exp,-7.562426,-6.7338605,exp,1
GAGCCTGTCTGGGCAC-1-exp,-11.534693,-6.5022607,exp,0
GAGCTGCAGATCGCTT-1-exp,-8.675478,-2.6430652,exp,2
GAGCTGCCACTGAATC-1-exp,-8.408691,-6.190461,exp,1
GAGCTGCCACTTGGCG-1-exp,-8.377639,-7.9550443,exp,1
GAGGCAACATTAAGCC-1-exp,-8.398958,-6.3072968,exp,1
GAGGGATGTGAGACGT-1-exp,-9.28024,-3.5109384,exp,2
GAGTCATGTTCCGCTT-1-exp,-11.290991,-4.136155,exp,0
GAGTCATTCAACGCTA-1-exp,-8.081318,-5.80321,exp,1
GAGTCTATCGGTCAGC-1-exp,-7.755707,-6.956919,exp,1
GAGTCTATCTTTCCGG-1-exp,-12.4191265,-5.4619737,exp,0
GAGTGAGAGAGAACCC-1-exp,-6.3310575,-6.857307,exp,1
GAGTGAGTCTAGGCAT-1-exp,-11.022848,-5.141962,exp,0
GAGTTACTCATTTGCT-1-exp,-5.0517364,-6.8049517,exp,1
GAGTTGTTCGGTAGGA-1-exp,-9.763702,-6.456987,exp,1
GAGTTTGAGGTGAGCT-1-exp,-4.4976687,-8.262359,exp,1
GATAGAAAGATCGGTG-1-exp,-10.18796,-2.9368546,exp,2
GATAGAACAAAGGCTG-1-exp,-11.863444,-5.7490273,exp,0
GATAGAATCAACCTCC-1-exp,-4.620301,-7.7419977,exp,1
GATAGAATCTGCTCTG-1-exp,-6.8131647,-8.342308,exp,1
GATCAGTTCCACACAA-1-exp,-4.825185,-7.1222825,exp,1
GATCATGGTACCTATG-1-exp,-9.785461,-2.3094382,exp,2
GATCATGTCCGGACTG-1-exp,-12.439166,-5.396597,exp,0
GATCCCTCATGAATAG-1-exp,-6.096821,-6.2987537,exp,1
GATCGTATCAAACCCA-1-exp,-10.481249,-5.0161963,exp,0
GATGACTCATGGCGCT-1-exp,-8.792166,-5.195094,exp,1
GATGACTGTGCCTTTC-1-exp,-6.080846,-7.8692427,exp,1
GATGACTGTTTATGCG-1-exp,-10.6702,-6.9756236,exp,0
GATGAGGAGAAGTCAT-1-exp,-8.985006,-6.8299613,exp,1
GATGGAGAGGACGCTA-1-exp,-6.2444468,-7.011538,exp,1
GATTCGATCCGAGAAG-1-exp,-12.708234,-6.260869,exp,0
GATTCTTTCGCGTCGA-1-exp,-7.0853066,-7.6090727,exp,1
GCAACCGAGGATGCGT-1-exp,-8.699317,-7.9288845,exp,1
GCACGGTGTTTGGAGG-1-exp,-7.1849685,-7.7805753,exp,1
GCACGTGAGATGATTG-1-exp,-7.54549,-6.678079,exp,1
GCACTAAGTACTGGGA-1-exp,-10.0550375,-6.0858073,exp,1
GCACTAAGTTCCGCGA-1-exp,-10.940858,-3.9657927,exp,0
GCAGCCAAGCCAAGTG-1-exp,-7.9149904,-6.592916,exp,1
GCAGCCAAGCTGGAGT-1-exp,-7.653481,-6.824104,exp,1
GCAGGCTCACGACCTG-1-exp,-5.327899,-7.8597183,exp,1
GCATCTCGTCCTTGTC-1-exp,-9.623148,-3.445165,exp,2
GCATGATTCAGCGCAC-1-exp,-5.2900586,-8.174141,exp,1
GCATTAGAGCGGCTCT-1-exp,-10.552284,-2.7057614,exp,2
GCATTAGCACGGTCTG-1-exp,-9.135045,-2.9618387,exp,2
GCATTAGCATCCGCGA-1-exp,-4.95414,-7.6471925,exp,1
GCCAACGAGAATACAC-1-exp,-9.06346,-2.9946892,exp,2
GCCAGCACAAGCTGTT-1-exp,-7.3006206,-8.64424,exp,1
GCCAGCAGTACCACGC-1-exp,-9.691107,-4.744281,exp,0
GCCAGCAGTCAGTCTA-1-exp,-4.840855,-7.0038214,exp,1
GCCAGCATCCCGAACG-1-exp,-10.660674,-5.407203,exp,0
GCCAGGTCATCTCGTC-1-exp,-8.298283,-4.2825265,exp,2
GCCATGGAGCCTCAAT-1-exp,-8.598731,-6.5800824,exp,1
GCCATTCAGGTTGCCC-1-exp,-7.9696355,-7.792158,exp,1
GCCCAGACACCTCAGG-1-exp,-11.852683,-5.141385,exp,0
GCCCGAAAGTCTACCA-1-exp,-7.6155663,-6.670465,exp,1
GCCGATGCAGTAGGAC-1-exp,-11.330471,-3.7789397,exp,0
GCCGATGGTTGTGTTG-1-exp,-10.485033,-6.3193,exp,0
GCGAGAATCCCTCAAC-1-exp,-12.1893,-4.0366626,exp,0
GCGATCGGTCTTCGAA-1-exp,-11.213091,-5.8691154,exp,0
GCGGAAAAGCGAGAAA-1-exp,-8.8582325,-7.0693836,exp,1
GCGGAAACAAGCGCTC-1-exp,-10.126355,-3.8671284,exp,2
GCGTTTCCAGAGTTCT-1-exp,-4.1915684,-7.3146534,exp,1
GCTACAACACAATTCG-1-exp,-11.441483,-4.4373126,exp,0
GCTCAAAAGTTCCTGA-1-exp,-9.952651,-5.5416317,exp,0
GCTGAATAGACTTAAG-1-exp,-12.71539,-5.5819964,exp,0
GCTGAATCACCTCAGG-1-exp,-7.1811376,-7.102778,exp,1
GCTTCACAGCCAGACA-1-exp,-9.257194,-2.4482212,exp,2
GCTTTCGTCCGTATGA-1-exp,-8.617431,-6.282118,exp,1
GGAACCCGTGCCGTAC-1-exp,-10.367741,-4.634927,exp,0
GGAACCCTCGCAGTTA-1-exp,-7.8235803,-6.81874,exp,1
GGAAGTGGTCGCTCGA-1-exp,-4.8052187,-7.2329993,exp,1
GGAATGGAGTGTAGTA-1-exp,-9.619933,-3.34063,exp,2
GGAATGGGTGTGCTTA-1-exp,-11.764717,-6.2368336,exp,0
GGACGTCAGGTAAGTT-1-exp,-10.226919,-3.9011676,exp,2
GGAGATGAGAGATCGC-1-exp,-8.514855,-7.973096,exp,1
GGAGCAAGTGGTCTTA-1-exp,-8.717,-7.188676,exp,1
GGAGCAAGTTTACTTC-1-exp,-8.594772,-5.938344,exp,1
GGAGGTACACATTCGA-1-exp,-10.855024,-2.3831804,exp,2
GGATGTTGTTAAGGGC-1-exp,-7.666076,-3.1812,exp,2
GGATGTTTCCCAATAG-1-exp,-6.4645166,-6.9092793,exp,1
GGCACGTAGCTGACAG-1-exp,-10.970466,-2.7533703,exp,0
GGCACGTGTCAATCTG-1-exp,-10.112983,-2.9645221,exp,2
GGCAGTCTCTGGCTGG-1-exp,-10.762614,-5.2640195,exp,0
GGCGTCATCTGGACCG-1-exp,-8.816839,-3.4989061,exp,2
GGCTGTGAGAAGCGGG-1-exp,-11.838282,-2.8206534,exp,0
GGCTGTGGTACAGAGC-1-exp,-11.504148,-5.326116,exp,0
GGCTTGGTCAGCTGTA-1-exp,-11.771155,-4.02197,exp,0
GGCTTTCGTCCAGAAG-1-exp,-7.8970075,-7.873143,exp,1
GGCTTTCTCGAGCCTG-1-exp,-7.563584,-6.624605,exp,1
GGGAAGTGTCTGTCAA-1-exp,-7.678581,-7.3892465,exp,1
GGGACCTGTAGCGAGT-1-exp,-9.523485,-2.8603084,exp,2
GGGACTCGTATCTCTT-1-exp,-7.151465,-6.9210377,exp,1
GGGAGTAGTTCTCCTG-1-exp,-11.015411,-6.061543,exp,0
GGGATCCTCTAAGCCA-1-exp,-8.9338,-6.484141,exp,1
GGGATGAGTTCCACGG-1-exp,-11.642774,-3.3783958,exp,0
GGGCGTTAGGCATTTC-1-exp,-10.502027,-4.5560994,exp,0
GGGCGTTGTAGACAGC-1-exp,-8.529184,-6.229534,exp,1
GGGCGTTGTGCCTTCT-1-exp,-8.701697,-6.5182877,exp,1
GGGCGTTTCCTACCAC-1-exp,-8.734453,-7.311609,exp,1
GGGCGTTTCTCGACGG-1-exp,-11.269307,-4.4848695,exp,0
GGGCTCACAACAGTGG-1-exp,-9.580802,-2.9113288,exp,2
GGGCTCAGTCTCAGGC-1-exp,-11.886763,-3.8810556,exp,0
GGGTAGACATGGCTAT-1-exp,-12.2660675,-5.010156,exp,0
GGGTATTAGGAATGTT-1-exp,-8.700917,-7.417057,exp,1
GGGTATTCAGCAGAAC-1-exp,-6.9931836,-6.4385247,exp,1
GGGTCTGAGGCGAAGG-1-exp,-8.666756,-6.459335,exp,1
GGGTCTGGTTGCTCAA-1-exp,-6.2111177,-7.3389792,exp,1
GGGTCTGTCCCAGTGG-1-exp,-13.2470665,-5.4753313,exp,0
GGGTGTCCAGAGCTAG-1-exp,-5.664663,-7.448962,exp,1
GGGTTATCATAGTCGT-1-exp,-11.278975,-3.494794,exp,0
GGGTTTACATCATCCC-1-exp,-5.476329,-8.472565,exp,1
GGTAACTAGAGCACTG-1-exp,-11.076944,-2.762578,exp,2
GGTAACTCATATGGCT-1-exp,-4.556655,-7.2436323,exp,1
GGTCACGCACAGCCAC-1-exp,-11.560862,-5.989233,exp,0
GGTCACGCAGTAGTTC-1-exp,-5.162675,-8.403844,exp,1
GGTGGCTGTAGGAAAG-1-exp,-10.724327,-2.6113563,exp,2
GGTGTCGGTGGTAACG-1-exp,-6.8221126,-7.747184,exp,1
GGTGTCGTCCTCCACA-1-exp,-7.383949,-7.5363736,exp,1
GGTGTTACAGCTAACT-1-exp,-7.2739224,-6.565706,exp,1
GGTGTTAGTAGTTACC-1-exp,-9.48058,-6.667572,exp,1
GGTGTTAGTATATGGA-1-exp,-11.133396,-3.8224251,exp,0
GGTGTTATCTCAGAAC-1-exp,-11.389353,-4.4308524,exp,0
GGTTAACCAGCTCTGG-1-exp,-6.9885263,-3.8659227,exp,2
GGTTAACGTCCACGCA-1-exp,-6.1634474,-7.4196134,exp,1
GTAACACTCCTACACC-1-exp,-7.222333,-6.4531083,exp,1
GTAATCGTCGAGCCAC-1-exp,-9.818627,-5.5068884,exp,1
GTACAACAGCCATCCG-1-exp,-8.469259,-8.086664,exp,1
GTACAGTAGACGTCGA-1-exp,-10.246499,-3.7120214,exp,0
GTACAGTGTGGTCCCA-1-exp,-10.433861,-6.851835,exp,0
GTAGAGGAGGCATGGT-1-exp,-4.699885,-7.7001853,exp,1
GTAGAGGCACTTGAAC-1-exp,-11.105054,-6.03923,exp,0
GTAGAGGGTCGCCACA-1-exp,-8.737233,-6.3351684,exp,1
GTAGCTATCGCACGAC-1-exp,-5.7107024,-6.529082,exp,1
GTAGGAGCAACATACC-1-exp,-11.110477,-5.9330077,exp,0
GTAGGTTTCGCAACAT-1-exp,-8.311597,-3.8277593,exp,2
GTAGGTTTCTTTCTAG-1-exp,-4.3940344,-6.813186,exp,1
GTAGTACGTAGCGAGT-1-exp,-13.438694,-6.157504,exp,0
GTATTTCGTACGCTAT-1-exp,-11.285071,-6.012708,exp,0
GTATTTCGTTTGACAC-1-exp,-7.083743,-7.5201635,exp,1
GTCACGGGTTGCTGAT-1-exp,-12.947224,-6.0732355,exp,0
GTCACTCAGATACGAT-1-exp,-8.754693,-6.980077,exp,1
GTCAGCGGTCGTATGT-1-exp,-9.802049,-5.183205,exp,0
GTCATGATCCAATCTT-1-exp,-7.4809494,-6.6715097,exp,1
GTCCACTAGTAGGAAG-1-exp,-7.350845,-7.7376814,exp,1
GTCCCATGTTGGAGGT-1-exp,-8.232,-7.003971,exp,1
GTCCTCAAGAGGACTC-1-exp,-8.267648,-6.0578914,exp,1
GTCCTCAGTCTGTAAC-1-exp,-4.2870307,-7.5080514,exp,1
GTCGCGAGTCACTTCC-1-exp,-11.352492,-4.0258346,exp,0
GTCGTAAGTTAGGACG-1-exp,-10.705158,-3.7046762,exp,0
GTCGTTCTCAGATGCT-1-exp,-5.642659,-8.690433,exp,1
GTCGTTCTCTGAACGT-1-exp,-8.54682,-6.8195786,exp,1
GTCTACCTCTCATTGT-1-exp,-7.923643,-8.012808,exp,1
GTCTAGATCCAACCAA-1-exp,-11.015607,-3.6499984,exp,0
GTCTAGATCTGCATAG-1-exp,-6.086677,-8.722061,exp,1
GTCTTTAAGGTGCTGA-1-exp,-11.534017,-4.411259,exp,0
GTCTTTAAGTCATACC-1-exp,-7.0403323,-6.9364834,exp,1
GTCTTTACAGGTCCGT-1-exp,-7.4199824,-7.6258974,exp,1
GTGAGGAGTCCATCTC-1-exp,-7.3855023,-7.485268,exp,1
GTGAGTTTCCTAAACG-1-exp,-4.725559,-7.9752502,exp,1
GTGATGTGTAAGATCA-1-exp,-10.766114,-5.3868237,exp,0
GTGATGTGTGTGTGTT-1-exp,-10.408995,-3.0923498,exp,2
GTGATGTTCCTCTAGC-1-exp,-7.405272,-7.1215963,exp,1
GTGCACGCAAAGCAAT-1-exp,-4.366295,-7.59566,exp,1
GTGCACGCACATTGTG-1-exp,-4.3497076,-7.333923,exp,1
GTGCACGGTAACACCT-1-exp,-10.301934,-6.2769322,exp,0
GTGCACGTCCCTTGTG-1-exp,-13.097414,-4.9350843,exp,0
GTGCAGCCAATGACCT-1-exp,-9.858848,-3.7081726,exp,2
GTGCAGCTCCTACTGC-1-exp,-4.7243295,-6.9158525,exp,1
GTGGAAGTCTTTGCTA-1-exp,-6.0245967,-7.0422335,exp,1
GTGGAGAAGACATCCT-1-exp,-9.323324,-6.0968947,exp,1
GTGGCGTCAGTAGAAT-1-exp,-7.4827075,-7.692227,exp,1
GTGGTTACAAAGCACG-1-exp,-5.4212737,-8.858947,exp,1
GTGGTTAGTGCACAAG-1-exp,-11.494336,-5.2195406,exp,0
GTGTAACTCTGGTTGA-1-exp,-12.001891,-4.339885,exp,0
GTGTGATCACATATCG-1-exp,-12.845639,-5.1002097,exp,0
GTGTGATTCGCTACGG-1-exp,-11.5698,-6.3445954,exp,0
GTGTGGCCACTCCGGA-1-exp,-6.3006077,-6.780394,exp,1
GTGTGGCGTTTACTTC-1-exp,-8.453894,-5.139244,exp,2
GTGTGGCTCAGCAATC-1-exp,-8.70788,-3.3169327,exp,2
GTGTGGCTCGGCCAAC-1-exp,-10.827377,-6.335208,exp,0
GTGTTCCGTTCCTAGA-1-exp,-11.045565,-2.6171536,exp,0
GTGTTCCTCGCTACAA-1-exp,-9.356393,-4.8737373,exp,1
GTTACAGTCACTGAAC-1-exp,-7.8394976,-5.8932686,exp,1
GTTACAGTCACTTGGA-1-exp,-12.455183,-6.4453244,exp,0
GTTACAGTCGTAGCTA-1-exp,-12.925777,-4.377774,exp,0
GTTACAGTCTCAGGCG-1-exp,-10.508424,-5.2485394,exp,0
GTTACCCTCAAGTGTC-1-exp,-8.28447,-8.11558,exp,1
GTTACGAAGTATGACA-1-exp,-4.8573394,-8.480406,exp,1
GTTACGATCCCGTGAG-1-exp,-8.321875,-6.8472137,exp,1
GTTAGACTCTGTCAGA-1-exp,-11.882395,-4.5425243,exp,0
GTTAGTGAGCCAAGGT-1-exp,-12.312993,-5.8335657,exp,0
GTTCGCTGTCTCTCAC-1-exp,-5.1966987,-8.432635,exp,1
GTTCTATCACAAGGTG-1-exp,-9.910419,-3.1220117,exp,2
GTTGAACAGGTCACCC-1-exp,-8.846535,-5.325504,exp,1
GTTGCGGTCCGGTAGC-1-exp,-13.0629835,-6.278355,exp,0
GTTGTAGCAAAGCACG-1-exp,-9.069273,-5.8611116,exp,1
GTTGTAGTCTCCGTGT-1-exp,-5.758369,-6.6654806,exp,1
GTTGTCCAGTAGCATA-1-exp,-9.401042,-3.246717,exp,2
GTTGTGAAGTGCACTT-1-exp,-13.1589155,-4.2532463,exp,0
GTTGTGATCCACGGAC-1-exp,-9.99678,-7.0667233,exp,1
GTTTACTGTGTAGCAG-1-exp,-9.318624,-3.611809,exp,2
TAACCAGGTCACTCTC-1-exp,-8.850857,-7.692401,exp,1
TAACCAGGTTTACGTG-1-exp,-10.839355,-5.9290185,exp,0
TAACTTCGTTCGGTCG-1-exp,-8.185434,-7.014829,exp,1
TAACTTCTCGGCAGTC-1-exp,-7.216644,-7.7122025,exp,1
TAAGCCAAGGTTCTTG-1-exp,-11.053109,-5.006204,exp,0
TAATCTCAGTAGCATA-1-exp,-7.036248,-7.624524,exp,1
TAATTCCGTAAGCGGT-1-exp,-5.138373,-6.873216,exp,1
TAATTCCGTCTTGTCC-1-exp,-5.1992106,-7.11842,exp,1
TACAACGAGGAGGCAG-1-exp,-7.7826715,-5.966306,exp,1
TACACCCTCCTCGATC-1-exp,-11.22903,-5.1599636,exp,0
TACACCCTCGGCCTTT-1-exp,-8.929247,-4.031937,exp,2
TACAGGTTCGAGCTGC-1-exp,-12.667086,-6.16564,exp,0
TACATTCCAGCTTCGG-1-exp,-8.710422,-7.336353,exp,1
TACCCACGTTGTCTAG-1-exp,-6.901651,-6.2386603,exp,1
TACCGAAAGCGTTACT-1-exp,-10.219422,-5.434187,exp,0
TACCGAATCGCTAGCG-1-exp,-9.917405,-4.315808,exp,0
TACCGGGCACGGGTAA-1-exp,-7.868152,-6.055165,exp,1
TACCTCGAGAAACTGT-1-exp,-9.257195,-7.1217084,exp,1
TACCTGCGTCTTTCTA-1-exp,-11.823837,-5.310042,exp,0
TACCTGCGTTACCCTC-1-exp,-8.86118,-3.642374,exp,2
TACGGGCGTACGGTTT-1-exp,-8.500219,-2.9545949,exp,2
TACGGGCGTAGACAAT-1-exp,-8.1933975,-6.0149317,exp,1
TACGTCCCATATCTCT-1-exp,-12.3664465,-5.892727,exp,0
TACGTCCCATGGGATG-1-exp,-7.9714108,-6.169331,exp,1
TACGTCCGTAGACGGT-1-exp,-12.476556,-6.6456766,exp,0
TACTGCCAGCATGAAT-1-exp,-11.817987,-5.341391,exp,0
TACTGCCAGTCTGTAC-1-exp,-9.865047,-7.224988,exp,1
TACTGCCCAACTCGAT-1-exp,-8.867075,-4.349592,exp,2
TACTTCAAGGTTACCT-1-exp,-11.106804,-4.2342844,exp,0
TACTTCACATAATGCC-1-exp,-9.840014,-6.1580443,exp,1
TACTTCAGTGGTCTGC-1-exp,-11.551764,-3.8932793,exp,0
TACTTGTTCGGTGCAC-1-exp,-11.45319,-2.820573,exp,0
TAGACCACAGCTCCTT-1-exp,-11.594968,-5.6654873,exp,0
TAGACCAGTCCACAGC-1-exp,-4.3129964,-8.06686,exp,1
TAGACCATCCATACTT-1-exp,-7.596537,-6.669465,exp,1
TAGACCATCGAGAAAT-1-exp,-11.360466,-6.5415435,exp,0
TAGACTGGTACGGGAT-1-exp,-10.990547,-5.7652793,exp,0
TAGGAGGAGAGAGTGA-1-exp,-7.3648562,-6.9793854,exp,1
TAGGGTTCAAATTAGG-1-exp,-5.8407073,-8.441012,exp,1
TAGGTTGTCAACTCTT-1-exp,-5.351197,-7.417177,exp,1
TAGGTTGTCCGCCTAT-1-exp,-7.5101304,-6.6093345,exp,1
TATACCTCATACCAGT-1-exp,-4.508028,-7.9517317,exp,1
TATACCTTCTAGCATG-1-exp,-9.460995,-6.359949,exp,1
TATATCCCACGCTATA-1-exp,-10.005212,-6.4380345,exp,0
TATATCCGTGTTAGCT-1-exp,-7.639252,-7.9387712,exp,1
TATATCCTCACTTATC-1-exp,-8.365802,-6.037394,exp,1
TATATCCTCTTCACGC-1-exp,-5.1569047,-6.9395523,exp,1
TATCCTACACCGTCGA-1-exp,-7.423333,-6.515222,exp,1
TATCCTAGTCAAACGG-1-exp,-6.8010845,-7.452293,exp,1
TATCGCCTCTTCCACG-1-exp,-9.433428,-3.795645,exp,2
TATCTGTCACTAGTAC-1-exp,-10.223483,-4.7774105,exp,0
TATCTGTCAGCGAACA-1-exp,-6.2142715,-7.056939,exp,1
TATCTTGGTGACTAAA-1-exp,-10.750351,-4.614946,exp,0
TATGTTCAGGTTGGAC-1-exp,-4.8212123,-7.875079,exp,1
TATGTTCCATTGTAGC-1-exp,-12.202063,-5.1145544,exp,0
TATTGGGAGTACGTCT-1-exp,-9.034219,-6.1335278,exp,1
TATTTCGCAGTCACGC-1-exp,-4.2832127,-7.8488455,exp,1
TATTTCGCAGTGTACT-1-exp,-8.979942,-6.3413587,exp,1
TATTTCGGTACCTATG-1-exp,-13.203915,-5.386556,exp,0
TCAAGACAGTAGGCCA-1-exp,-6.863797,-6.3378496,exp,1
TCAAGACTCCCATAAG-1-exp,-11.63334,-5.1607404,exp,0
TCAAGCATCGTCCATC-1-exp,-9.825283,-6.365006,exp,1
TCAATCTGTCTGTTAG-1-exp,-11.081431,-4.3887825,exp,0
TCAATTCGTGACAGCA-1-exp,-4.34259,-7.403002,exp,1
TCACAAGAGAACCCGA-1-exp,-9.863006,-3.0986295,exp,2
TCACAAGTCCGATAAC-1-exp,-13.423383,-5.072274,exp,0
TCACATTAGCTTGTTG-1-exp,-8.425557,-6.8557835,exp,1
TCACATTAGTAAGCAT-1-exp,-10.297122,-2.9951131,exp,2
TCACGCTCACAATGAA-1-exp,-6.728879,-6.484761,exp,1
TCACTCGAGCCTTTCC-1-exp,-6.163789,-7.6377416,exp,1
TCACTCGAGTGTTGTC-1-exp,-10.249975,-3.6439576,exp,0
TCAGCAATCTCTGCCA-1-exp,-7.343077,-6.598312,exp,1
TCAGCCTTCAGTGTTG-1-exp,-8.023247,-5.8183203,exp,1
TCAGGGCAGACGCCCT-1-exp,-9.97822,-5.7239037,exp,1
TCAGGTACAGCAGAAC-1-exp,-6.9564843,-6.182742,exp,1
TCAGGTATCGGTATGT-1-exp,-8.273215,-6.808682,exp,1
TCAGTCCAGCAATAGT-1-exp,-12.830116,-4.845693,exp,0
TCAGTCCTCTGCACCT-1-exp,-5.5748625,-7.2354527,exp,1
TCAGTGAGTATCTTCT-1-exp,-8.51903,-7.080456,exp,1
TCAGTTTAGTACAGAT-1-exp,-7.5637894,-7.139628,exp,1
TCATCCGAGTGCTACT-1-exp,-7.016287,-7.710989,exp,1
TCATCCGGTTCCGCGA-1-exp,-12.771272,-6.072212,exp,0
TCATGAGCATACAGAA-1-exp,-7.018504,-6.9899707,exp,1
TCATGCCGTCCACTCT-1-exp,-5.005478,-7.271979,exp,1
TCATGGAAGGTACATA-1-exp,-9.122897,-3.292061,exp,2
TCATGGAGTACTCGCG-1-exp,-5.9824266,-7.7577057,exp,1
TCATGTTTCTAGCATG-1-exp,-6.268742,-7.7242575,exp,1
TCATTACCACGGTCTG-1-exp,-12.565464,-6.0012484,exp,0
TCATTACGTCCTGTTC-1-exp,-9.944835,-2.8687263,exp,2
TCATTCACACTGAGGA-1-exp,-11.577949,-2.9573863,exp,0
TCATTGTAGATGCCGA-1-exp,-8.127327,-7.0358934,exp,1
TCATTGTCAGCACAAG-1-exp,-12.502643,-5.650844,exp,0
TCATTTGAGAAACCAT-1-exp,-10.963157,-5.8128767,exp,0
TCATTTGAGACGCTCC-1-exp,-5.689901,-6.8759255,exp,1
TCATTTGGTTTCGTGA-1-exp,-11.400774,-4.306005,exp,0
TCCACGTTCTTCGACC-1-exp,-9.636262,-3.8188221,exp,2
TCCATGCGTGAGGCAT-1-exp,-12.451701,-4.8128877,exp,0
TCCCAGTAGGTACCTT-1-exp,-3.969989,-7.831063,exp,1
TCCCAGTAGTAACGTA-1-exp,-4.643926,-6.9041843,exp,1
TCCCATGAGCGAATGC-1-exp,-9.913714,-5.8483343,exp,1
TCCCATGAGGTCGCCT-1-exp,-8.09583,-3.730892,exp,2
TCCCATGGTTGGAGGT-1-exp,-10.657946,-6.164771,exp,0
TCCCATGTCAAGAGGC-1-exp,-9.180826,-4.8363295,exp,0
TCCGGGAAGATGCGAC-1-exp,-7.9889655,-6.614928,exp,1
TCCGTGTAGAAAGCGA-1-exp,-4.361681,-7.24753,exp,1
TCCGTGTAGGACGGAG-1-exp,-8.009732,-6.514091,exp,1
TCCTAATAGACCCGCT-1-exp,-9.275947,-5.933367,exp,1
TCCTCCCAGACAGTCG-1-exp,-3.9198027,-7.2825556,exp,1
TCCTCCCTCCTCAGAA-1-exp,-4.545584,-6.9488654,exp,1
TCCTGCACACACGCCA-1-exp,-8.387874,-7.1231422,exp,1
TCCTGCAGTTGCTCAA-1-exp,-12.866791,-5.422872,exp,0
TCCTGCAGTTTGTTGG-1-exp,-5.040266,-7.518664,exp,1
TCCTTCTAGGTACCTT-1-exp,-7.6736336,-7.6455736,exp,1
TCCTTCTCACAATGTC-1-exp,-9.259765,-4.218492,exp,2
TCCTTCTCAGCAATTC-1-exp,-8.448437,-5.758695,exp,1
TCCTTCTGTCTCCCTA-1-exp,-11.425808,-6.3181067,exp,0
TCCTTTCGTAGACAAT-1-exp,-5.086886,-8.575299,exp,1
TCGAACAAGTAGATCA-1-exp,-6.1290026,-6.7074065,exp,1
TCGAAGTTCGCTAATG-1-exp,-12.692403,-6.2807064,exp,0
TCGACCTAGAGGCTGT-1-exp,-5.4609194,-7.2021303,exp,1
TCGACCTGTAACTGCT-1-exp,-8.797705,-7.065315,exp,1
TCGACCTGTGTCCATA-1-exp,-5.2535896,-7.3404913,exp,1
TCGACGGAGCTTGTTG-1-exp,-7.206192,-8.325995,exp,1
TCGATTTGTTGCCAAT-1-exp,-12.881672,-5.920996,exp,0
TCGATTTGTTTAAGGA-1-exp,-4.7782764,-6.8650894,exp,1
TCGCACTAGTGTGTTC-1-exp,-9.596417,-4.496516,exp,0
TCGCAGGGTATCATGC-1-exp,-4.340812,-8.042929,exp,1
TCGCAGGTCAGAGCAG-1-exp,-11.992333,-5.7587743,exp,0
TCGGATAAGCGTCAGA-1-exp,-9.579797,-5.305271,exp,0
TCGGGACGTAGCTGTT-1-exp,-11.309657,-4.4494443,exp,0
TCGGGCACAAATTGCC-1-exp,-10.729076,-3.469191,exp,0
TCGGGTGAGAGGATGA-1-exp,-4.6742997,-8.349234,exp,1
TCGGTCTGTATTCCTT-1-exp,-8.12242,-6.8738394,exp,1
TCGGTCTTCGTCAACA-1-exp,-9.884533,-4.354574,exp,0
TCGTAGACAAATGGAT-1-exp,-6.848728,-8.140633,exp,1
TCGTAGAGTAGACAAT-1-exp,-11.035862,-5.6686273,exp,0
TCGTAGAGTGTTTGCA-1-exp,-6.3131433,-7.0406566,exp,1
TCGTAGATCTCCGTGT-1-exp,-12.985203,-5.666983,exp,0
TCGTCCATCTAGTGTG-1-exp,-10.326537,-5.9091606,exp,0
TCGTGGGCACTGCTTC-1-exp,-7.78788,-6.551361,exp,1
TCGTGGGTCTGAGTCA-1-exp,-9.664037,-5.9050655,exp,0
TCGTGGGTCTGGTGCG-1-exp,-8.987147,-6.8124156,exp,1
TCTAACTTCAGCTCTC-1-exp,-4.770442,-7.6510386,exp,1
TCTACCGTCTATCGGA-1-exp,-11.762483,-5.1094856,exp,0
TCTATACCATCGCTCT-1-exp,-12.005091,-5.811014,exp,0
TCTATACCATGTCAGT-1-exp,-10.493582,-5.088735,exp,0
TCTCAGCCAACTTGCA-1-exp,-12.818114,-3.8810093,exp,0
TCTCCGACACAAGCCC-1-exp,-11.296032,-4.311359,exp,0
TCTCCGACAGAAGTGC-1-exp,-6.8101063,-7.6453357,exp,1
TCTGGCTGTCTGTGTA-1-exp,-6.436274,-7.751244,exp,1
TGAACGTAGTCATCGT-1-exp,-11.511484,-3.5098233,exp,0
TGAATCGAGTTAACGA-1-exp,-10.527219,-3.3400452,exp,2
TGAATGCAGAATTGTG-1-exp,-7.6908994,-6.1111345,exp,1
TGAATGCCACCAGCCA-1-exp,-9.699782,-3.6671226,exp,2
TGACAGTTCACGAACT-1-exp,-8.2485895,-6.3489614,exp,1
TGACCCTGTTGTGTAC-1-exp,-10.253722,-3.0701325,exp,2
TGACGCGGTAACTAAG-1-exp,-5.1844244,-7.3945956,exp,1
TGACGCGTCTGTCCGT-1-exp,-8.088228,-2.3054054,exp,2
TGACTCCCACGGTGTC-1-exp,-9.437176,-3.7815018,exp,2
TGAGGAGAGCATGCAG-1-exp,-11.790228,-6.116136,exp,0
TGAGGAGTCGAACGGA-1-exp,-5.179657,-7.331876,exp,1
TGAGGGACATAGGAGC-1-exp,-6.1303515,-8.492513,exp,1
TGAGGGAGTTGCATAC-1-exp,-11.0664625,-5.854472,exp,0
TGAGGGATCCTACCAC-1-exp,-8.485897,-5.9523015,exp,1
TGAGGTTCAATTGGTC-1-exp,-9.6744795,-3.4788644,exp,2
TGAGGTTTCTTCACAT-1-exp,-5.3119216,-6.088924,exp,1
TGAGTCATCGACCACG-1-exp,-6.1272116,-7.1019573,exp,1
TGATCAGGTGCCTTCT-1-exp,-7.350331,-5.7675095,exp,1
TGATCAGGTGGGTCAA-1-exp,-12.746385,-6.0873094,exp,0
TGATGCAAGCTGTTCA-1-exp,-10.583513,-5.711557,exp,0
TGATGGTGTAAGCAAT-1-exp,-5.2960763,-6.9573402,exp,1
TGATGGTGTACCCGCA-1-exp,-10.777288,-4.6402516,exp,0
TGATTCTTCACCTTGC-1-exp,-7.9069905,-6.782455,exp,1
TGATTTCGTCAACGCC-1-exp,-6.027285,-7.638776,exp,1
TGATTTCTCGTAACCA-1-exp,-13.01053,-4.5514565,exp,0
TGCACGGGTGGCCACT-1-exp,-7.736217,-7.7037463,exp,1
TGCAGTAAGATTGGGC-1-exp,-4.1815724,-7.914647,exp,1
TGCAGTAGTCTTCCGT-1-exp,-8.085724,-5.7622533,exp,1
TGCATGACAGATCACT-1-exp,-12.334046,-6.187935,exp,0
TGCGGCAAGACATAGT-1-exp,-9.132074,-7.1055527,exp,1
TGCGGCAGTCACTCGG-1-exp,-9.363684,-6.1675744,exp,1
TGCGGCAGTGCATGTT-1-exp,-8.257721,-8.071644,exp,1
TGCGGGTGTCACTGAT-1-exp,-9.360966,-6.1165595,exp,1
TGCTCCATCTGCGAGC-1-exp,-4.748419,-8.045778,exp,1
TGCTGAACAGGGATAC-1-exp,-11.240243,-4.584036,exp,0
TGCTTCGCATCCCACT-1-exp,-11.190497,-4.378935,exp,0
TGCTTCGGTAGGTAGC-1-exp,-10.141538,-6.9608335,exp,1
TGCTTCGTCTCAACGA-1-exp,-7.408766,-7.6378684,exp,1
TGCTTCGTCTGCACCT-1-exp,-10.547509,-2.1922624,exp,2
TGCTTGCCAGGCGTTC-1-exp,-4.9884067,-8.147988,exp,1
TGGAACTTCGGTTCAA-1-exp,-8.5229025,-6.5428967,exp,1
TGGAGGAGTGGTCTCG-1-exp,-10.9377985,-5.896644,exp,0
TGGAGGATCCTGCCAT-1-exp,-4.777743,-7.9294653,exp,1
TGGAGGATCGAAGGAC-1-exp,-9.173772,-5.4383187,exp,0
TGGATCAGTATGAGAT-1-exp,-5.915655,-8.146299,exp,1
TGGATCAGTGACTGAG-1-exp,-3.9037485,-7.426455,exp,1
TGGATGTCAGCGAACA-1-exp,-9.864713,-3.704299,exp,2
TGGGAGAGTGAGGATC-1-exp,-9.395959,-5.107119,exp,0
TGGGCGTAGGAAGTCC-1-exp,-10.212599,-5.0581236,exp,0
TGGGCGTCATGCAGGA-1-exp,-5.4855695,-7.137804,exp,1
TGGGCTGAGTCTCTGA-1-exp,-10.226784,-6.6659436,exp,1
TGGGCTGCAAGCCTGC-1-exp,-13.118706,-6.3503475,exp,0
TGGGTTATCGTGGAAG-1-exp,-7.6282253,-6.6489053,exp,1
TGGTACACAGCGATTT-1-exp,-11.364407,-5.2434225,exp,0
TGGTACACAGGTCCGT-1-exp,-7.3515,-7.8753505,exp,1
TGGTACATCGGATTAC-1-exp,-5.800648,-7.7774878,exp,1
TGGTTAGGTTGCATAC-1-exp,-7.24874,-6.8460503,exp,1
TGGTTAGTCAGCTAGT-1-exp,-9.921436,-4.871019,exp,0
TGTACAGAGTTAGTGA-1-exp,-6.8103757,-7.2856894,exp,1
TGTACAGCACGACAGA-1-exp,-11.838237,-5.022822,exp,0
TGTACAGTCCAATCCC-1-exp,-7.0155315,-7.185553,exp,1
TGTACAGTCCGGTAAT-1-exp,-12.143532,-5.5732713,exp,0
TGTAGACGTCGTATTG-1-exp,-9.517928,-7.0298753,exp,1
TGTCCACCAAACGAGC-1-exp,-11.03074,-4.5247808,exp,0
TGTCCACTCTAGTGAC-1-exp,-12.911844,-3.628341,exp,0
TGTCCCACAAGCGAGT-1-exp,-7.5674562,-5.941057,exp,1
TGTCCTGCAATCGAAA-1-exp,-10.472503,-4.2568197,exp,0
TGTGATGAGCTAAATG-1-exp,-13.212203,-5.3880677,exp,0
TGTGATGAGGCATGGT-1-exp,-3.8088639,-6.7934093,exp,1
TGTGCGGCACTGTTCC-1-exp,-9.708441,-5.997011,exp,1
TGTGCGGCAGGATGAC-1-exp,-12.210547,-5.934285,exp,0
TGTGCGGGTTGCGAAG-1-exp,-10.989349,-5.3499804,exp,0
TGTGGCGAGATACGAT-1-exp,-10.041411,-6.125579,exp,0
TGTGGCGGTCCGTACG-1-exp,-9.361192,-4.4119415,exp,0
TGTGGCGTCAAACCTG-1-exp,-12.1318035,-4.44709,exp,0
TGTGGCGTCGGAGTAG-1-exp,-5.513374,-7.503683,exp,1
TGTGTGATCCTTCTGG-1-exp,-11.614191,-5.1835456,exp,0
TGTGTGATCTGGCCGA-1-exp,-7.9792986,-6.171227,exp,1
TGTTACTGTTACCCAA-1-exp,-6.1738167,-6.483534,exp,1
TGTTCATGTTCTGACA-1-exp,-9.252817,-7.1105022,exp,1
TGTTCCGAGATCGGTG-1-exp,-9.498913,-6.451248,exp,0
TGTTCCGTCTCATAGG-1-exp,-6.077557,-8.559348,exp,1
TGTTGGATCTCTAGGA-1-exp,-7.975238,-6.5068026,exp,1
TGTTTGTGTAAGATAC-1-exp,-5.799148,-6.8758345,exp,1
TTAATCCCACGGCACT-1-exp,-5.945662,-7.2888103,exp,1
TTAATCCGTGTTGATC-1-exp,-4.2764926,-7.075892,exp,1
TTACCATAGGGACCAT-1-exp,-11.06434,-3.04436,exp,0
TTACCGCGTACAGTTC-1-exp,-8.399555,-5.760724,exp,1
TTACGCCGTCGGTAAG-1-exp,-11.588683,-4.561739,exp,0
TTACTGTCAATTCACG-1-exp,-9.171643,-6.511007,exp,1
TTACTGTTCATTATCC-1-exp,-11.71488,-5.8931003,exp,0
TTACTGTTCTCGGTCT-1-exp,-9.73794,-3.6814744,exp,2
TTAGGCAAGCTCGGCT-1-exp,-4.9684095,-8.176303,exp,1
TTAGGCATCTTGAACG-1-exp,-6.0050735,-7.6099634,exp,1
TTATTGCAGGTGGGTT-1-exp,-8.615256,-7.1515856,exp,1
TTCAATCTCACCGCTT-1-exp,-12.283447,-5.7524858,exp,0
TTCACGCTCGTGTGGC-1-exp,-10.194956,-6.2035294,exp,1
TTCATGTTCAAACCCA-1-exp,-13.246143,-5.9759555,exp,0
TTCATGTTCCTTGACC-1-exp,-7.470323,-2.165134,exp,2
TTCATGTTCGGTCATA-1-exp,-5.3824983,-7.999352,exp,1
TTCCGGTAGCGAGGAG-1-exp,-11.449833,-5.9345093,exp,0
TTCCTCTAGAACTTCC-1-exp,-10.930279,-5.3924065,exp,0
TTCCTCTAGTTAGAAC-1-exp,-8.410049,-6.362467,exp,1
TTCCTCTGTGCCGTAC-1-exp,-9.438872,-6.826825,exp,1
TTCGCTGAGAAACTGT-1-exp,-12.408466,-3.890705,exp,0
TTCGCTGAGCTGTCCG-1-exp,-11.6260605,-5.11447,exp,0
TTCTAACAGACGATAT-1-exp,-5.978331,-7.8495016,exp,1
TTCTAACAGCCGATAG-1-exp,-10.314984,-6.403187,exp,0
TTCTAACAGTCGGCCT-1-exp,-5.8072734,-6.816946,exp,1
TTCTAACCATACTTTC-1-exp,-7.610498,-6.8097315,exp,1
TTCTAGTGTCGCAGTC-1-exp,-8.465689,-7.3752155,exp,1
TTCTCTCGTCCGTTTC-1-exp,-6.691722,-6.9217696,exp,1
TTCTGTACACTGGCGT-1-exp,-9.311999,-5.9127545,exp,1
TTCTGTATCCCTCAAC-1-exp,-4.1463656,-7.305634,exp,1
TTCTTCCCAGAACTCT-1-exp,-10.337216,-3.7675543,exp,0
TTCTTGAAGACCCGCT-1-exp,-9.319482,-3.433344,exp,2
TTCTTGATCGCTGTCT-1-exp,-8.239196,-7.397448,exp,1
TTGAACGAGCCAAGTG-1-exp,-8.093261,-6.552036,exp,1
TTGAACGCAATAACGA-1-exp,-7.9725943,-6.9811816,exp,1
TTGAACGTCGCCAGAC-1-exp,-7.390932,-7.87504,exp,1
TTGACCCTCAACGCTA-1-exp,-6.475053,-3.016675,exp,2
TTGACCCTCCCTTCCC-1-exp,-4.8000507,-7.4194684,exp,1
TTGATGGGTATCTTCT-1-exp,-6.2917905,-7.1811695,exp,1
TTGCATTTCTTGGTGA-1-exp,-8.318352,-6.1102767,exp,1
TTGCCTGAGCGTGCTC-1-exp,-9.684729,-6.4695272,exp,1
TTGCCTGTCAGTCACA-1-exp,-10.481992,-3.8865151,exp,0
TTGCGTCCAGGGACTA-1-exp,-10.326805,-5.441077,exp,0
TTGCGTCGTAGACGGT-1-exp,-12.875777,-5.6674457,exp,0
TTGCGTCTCAAGCCGC-1-exp,-7.630548,-6.8776393,exp,1
TTGCTGCAGTACTGGG-1-exp,-9.768253,-4.625241,exp,0
TTGCTGCCAAGACCGA-1-exp,-9.512414,-7.6374826,exp,1
TTGCTGCTCCACGAAT-1-exp,-5.8289847,-7.739694,exp,1
TTGGATGCATTCTTCA-1-exp,-10.077541,-7.0549817,exp,1
TTGGATGGTCTAACGT-1-exp,-8.172258,-6.24945,exp,1
TTGGGATAGTCTGGTT-1-exp,-10.787422,-2.4048874,exp,2
TTGGGATCATCTTAGG-1-exp,-10.626187,-6.271977,exp,0
TTGGGATGTATCGGTT-1-exp,-12.418651,-6.5102077,exp,0
TTGGGTACATGTGGTT-1-exp,-7.983455,-8.170685,exp,1
TTGTGGAAGGATACAT-1-exp,-7.1465507,-7.711588,exp,1
TTGTGGAGTGATGGCA-1-exp,-7.8657556,-6.9197483,exp,1
TTGTGGATCGTAGGAG-1-exp,-9.554912,-4.1223454,exp,2
TTGTGTTCAATCGTCA-1-exp,-7.0467916,-8.143874,exp,1
TTGTGTTGTCTCCTGT-1-exp,-12.958157,-5.8608594,exp,0
TTGTTGTTCGGCTTCT-1-exp,-7.976269,-6.0709105,exp,1
TTGTTTGTCCCTGTTG-1-exp,-5.916608,-7.6721373,exp,1
TTGTTTGTCGATTCCC-1-exp,-9.871283,-6.9417677,exp,1
TTTACCAAGTCTACCA-1-exp,-11.701131,-5.394986,exp,0
TTTACCAGTCCGGATC-1-exp,-8.538303,-6.7870927,exp,1
TTTACTGCAGACGGAT-1-exp,-11.972823,-5.703875,exp,0
TTTATGCAGGGCCAAT-1-exp,-10.80889,-3.9872115,exp,0
TTTATGCCATGGGTCC-1-exp,-9.217012,-7.124683,exp,1
TTTATGCTCGTGTTCC-1-exp,-10.216736,-4.807061,exp,0
TTTCACACAGGCTACC-1-exp,-5.625281,-8.514383,exp,1
TTTCACAGTCGTGGAA-1-exp,-9.131128,-5.8816624,exp,1
TTTCATGGTACTAACC-1-exp,-13.363939,-5.4549065,exp,0
TTTCATGGTGAGTGAC-1-exp,-6.995894,-7.137575,exp,1
TTTCGATTCTCCGATC-1-exp,-6.6305256,-6.83399,exp,1
TTTGATCGTGGAGAAA-1-exp,-11.327265,-4.7522473,exp,0
TTTGGAGAGACTTCGT-1-exp,-10.488751,-4.56324,exp,0
TTTGTTGAGGACAGCT-1-exp,-10.243393,-5.0522237,exp,0
TTTGTTGCACCGTCGA-1-exp,-11.261631,-3.6358128,exp,0
AAACCCACATATGCGT-1-dis1,-10.216268,-2.001776,dis1,2
AAACGAAGTGTGGTCC-1-dis1,-12.456958,-5.265634,dis1,0
AAACGCTAGACGCATG-1-dis1,-10.6060505,-3.4340498,dis1,0
AAACGCTCAGGAGGAG-1-dis1,-8.078867,-3.4713995,dis1,2
AAAGAACTCTACCTTA-1-dis1,-12.944007,-5.3005843,dis1,0
AAAGGATCAGGAATCG-1-dis1,-9.0154505,-1.8585365,dis1,2
AAAGGATGTGAATTGA-1-dis1,-7.3979287,-1.7854142,dis1,2
AAAGGATGTTCTCCAC-1-dis1,-5.352819,-2.6613426,dis1,2
AAAGGTAAGAGCAGCT-1-dis1,-10.179959,-2.563217,dis1,2
AAAGTCCCACACGGTC-1-dis1,-11.429956,-3.5797098,dis1,0
AAAGTCCTCAGCTAGT-1-dis1,-12.908546,-3.7493637,dis1,0
AAAGTGAAGCATCAGG-1-dis1,-11.795165,-3.0559292,dis1,0
AAAGTGAAGCCTCGTG-1-dis1,-13.669366,-5.916841,dis1,0
AAAGTGAAGCTAGAAT-1-dis1,-10.920953,-2.855719,dis1,0
AACAAAGCACACCTTC-1-dis1,-13.354005,-5.321482,dis1,0
AACACACTCGCTCATC-1-dis1,-8.804977,-6.071112,dis1,1
AACAGGGCACACGGTC-1-dis1,-5.8257704,-2.3242395,dis1,2
AACCAACGTCTTACAG-1-dis1,-8.555624,-2.4603496,dis1,2
AACCATGTCTCATTAC-1-dis1,-9.626295,-2.2405531,dis1,2
AACCTTTCACGTAACT-1-dis1,-11.029023,-4.3590956,dis1,0
AACTTCTCAGACACCC-1-dis1,-8.600044,-2.435014,dis1,2
AACTTCTCATCCGGTG-1-dis1,-9.096887,-1.9445777,dis1,2
AACTTCTTCATCGCCT-1-dis1,-9.468389,-2.5511448,dis1,2
AAGAACAAGATCACCT-1-dis1,-6.0688524,-3.5426595,dis1,2
AAGAACATCGATGGAG-1-dis1,-10.859805,-3.9913633,dis1,0
AAGCCATCAGCCGGTT-1-dis1,-9.810862,-2.9707232,dis1,2
AAGCCATTCAATCTCT-1-dis1,-12.314495,-4.257305,dis1,0
AAGCGAGTCGAACCAT-1-dis1,-11.753966,-3.688669,dis1,0
AAGCGTTGTACTCGAT-1-dis1,-10.515026,-5.1408257,dis1,0
AAGTACCGTAGGTACG-1-dis1,-10.856407,-3.033489,dis1,0
AAGTCGTAGTCAATCC-1-dis1,-6.48474,-2.6981094,dis1,2
AAGTTCGCATAGCTGT-1-dis1,-7.1297936,-2.6677868,dis1,2
AAGTTCGTCCTCACGT-1-dis1,-12.267943,-5.4812107,dis1,0
AATAGAGAGGATTCAA-1-dis1,-12.399747,-5.088082,dis1,0
AATAGAGCAATGGGTG-1-dis1,-10.039719,-2.7185614,dis1,2
AATCACGCACAAGTGG-1-dis1,-11.074918,-4.8171897,dis1,0
AATCACGGTTCAGCGC-1-dis1,-12.54335,-5.6318617,dis1,0
AATCACGTCTGGCCAG-1-dis1,-12.227479,-4.4631357,dis1,0
AATCGACAGACTGGGT-1-dis1,-8.547145,-2.3321977,dis1,2
AATCGACAGTGCTCAT-1-dis1,-12.420777,-3.761929,dis1,0
AATCGACGTGAATGTA-1-dis1,-9.10677,-2.0666316,dis1,2
AATCGACTCCAGCAAT-1-dis1,-13.209732,-4.3142495,dis1,0
AATCGTGTCTCTTGCG-1-dis1,-11.056401,-2.4566925,dis1,2
AATGAAGGTGAATGAT-1-dis1,-8.675,-6.8697963,dis1,1
AATGCCAAGACGCAGT-1-dis1,-13.277979,-5.895738,dis1,0
AATGCCAAGATTTGCC-1-dis1,-11.631911,-3.0224254,dis1,0
AATGCCAAGCTTGTTG-1-dis1,-5.1235595,-2.8416317,dis1,2
AATGGCTAGCCACCGT-1-dis1,-11.160388,-3.202069,dis1,0
AATGGCTTCTTGCGCT-1-dis1,-5.9091573,-2.825307,dis1,2
AATTCCTCATAAGCGG-1-dis1,-12.164252,-4.956465,dis1,0
AATTTCCAGTATTAGG-1-dis1,-11.880517,-5.244013,dis1,0
AATTTCCCATTGTCGA-1-dis1,-6.318134,-1.9936428,dis1,2
ACAAAGATCCAGCAAT-1-dis1,-7.682288,-7.345741,dis1,1
ACAAAGATCGTGAGAG-1-dis1,-6.2419977,-7.3980722,dis1,1
ACAAGCTCAAGGATGC-1-dis1,-12.912645,-3.3758342,dis1,0
ACACAGTCAAGCAATA-1-dis1,-10.445337,-5.1063757,dis1,0
ACACAGTCATCATGAC-1-dis1,-8.288303,-2.314428,dis1,2
ACACCAAGTTAAGGAT-1-dis1,-9.463366,-3.160352,dis1,2
ACACGCGGTTATCTTC-1-dis1,-12.437614,-4.759217,dis1,0
ACACTGAGTTCCTAAG-1-dis1,-8.101202,-1.7367439,dis1,2
ACAGCCGCAAGACGAC-1-dis1,-9.358832,-3.1229074,dis1,2
ACATCCCCAGTTACCA-1-dis1,-9.30916,-2.018124,dis1,2
ACATCGACATTAGGAA-1-dis1,-5.1334596,-2.7447798,dis1,2
ACATGCAAGGATTCAA-1-dis1,-7.368456,-1.8452413,dis1,2
ACATGCAGTAGTACGG-1-dis1,-11.644666,-5.6511183,dis1,0
ACCAACACACTAGAGG-1-dis1,-6.9690366,-2.6199856,dis1,2
ACCAACAGTCCAGCGT-1-dis1,-11.304521,-3.2114666,dis1,0
ACCCAAAGTCTGATCA-1-dis1,-12.635126,-5.294701,dis1,0
ACCCAAAGTTCCTAGA-1-dis1,-12.526296,-3.846963,dis1,0
ACCCTTGCATAATCCG-1-dis1,-5.9422455,-2.731225,dis1,2
ACCGTTCCATTCTGTT-1-dis1,-9.232172,-1.8154817,dis1,2
ACCTGTCGTTCTTGCC-1-dis1,-9.611737,-2.3382738,dis1,2
ACGATCATCGAGTTGT-1-dis1,-12.251852,-3.8326173,dis1,0
ACGCACGAGAATCGCG-1-dis1,-12.623827,-5.619322,dis1,0
ACGCACGCAGAACTTC-1-dis1,-10.280382,-2.4069326,dis1,2
ACGCACGTCGAATCCA-1-dis1,-11.951611,-5.2775373,dis1,0
ACGGAAGGTGGACTAG-1-dis1,-5.4714694,-2.5135136,dis1,2
ACGGGTCTCCTCAGGG-1-dis1,-11.133684,-3.0394003,dis1,0
ACGGTCGCAATCGCGC-1-dis1,-11.220838,-3.7236152,dis1,0
ACGGTCGTCACTGTCC-1-dis1,-8.638268,-1.9098067,dis1,2
ACGGTCGTCCACGAAT-1-dis1,-9.406042,-3.2293375,dis1,2
ACGGTTAAGTGAACAT-1-dis1,-8.992617,-2.8829787,dis1,2
ACGTAACAGGGAGGTG-1-dis1,-12.987117,-3.658107,dis1,0
ACGTAACCACTATCGA-1-dis1,-11.212328,-4.2277923,dis1,0
ACGTACACAAGTAGTA-1-dis1,-10.02933,-4.2288876,dis1,2
ACGTACAGTCGGAACA-1-dis1,-5.8757496,-2.3510768,dis1,2
ACGTCCTTCTCAATCT-1-dis1,-12.515346,-5.380524,dis1,0
ACTATGGAGTGGTGAC-1-dis1,-10.963751,-3.434966,dis1,0
ACTATGGCAGATTTCG-1-dis1,-10.112584,-3.1353242,dis1,2
ACTCCCAAGGCTTAAA-1-dis1,-11.159468,-3.0668254,dis1,0
ACTGCAACAATAGGGC-1-dis1,-11.396096,-3.3829634,dis1,0
ACTGCAACAGACGATG-1-dis1,-12.540382,-4.997513,dis1,0
ACTGTCCAGGCCCACT-1-dis1,-6.111615,-3.391009,dis1,2
ACTGTGAAGCCTGTCG-1-dis1,-11.628439,-3.2983992,dis1,0
ACTTAGGCAAGATCCT-1-dis1,-10.002558,-6.6730056,dis1,0
ACTTAGGGTGACTAAA-1-dis1,-11.1977825,-2.564932,dis1,0
ACTTCGCAGTGCGCTC-1-dis1,-10.374079,-3.0098236,dis1,2
ACTTCGCCAACGGCCT-1-dis1,-10.611515,-2.1535099,dis1,2
ACTTCGCCATGTTCGA-1-dis1,-13.123502,-4.8329988,dis1,0
ACTTTCAGTAGCACGA-1-dis1,-6.6671643,-1.9879799,dis1,2
ACTTTGTTCCCTTTGG-1-dis1,-7.6056,-2.0938146,dis1,2
AGAAATGGTTGACTAC-1-dis1,-12.25989,-6.0254474,dis1,0
AGAACAAAGGTAGTCG-1-dis1,-5.36713,-2.8073595,dis1,2
AGAACAACATTGCTTT-1-dis1,-6.721765,-4.595918,dis1,2
AGAACCTAGGGTGAGG-1-dis1,-11.438649,-3.0432017,dis1,0
AGAACCTTCGGTGCAC-1-dis1,-11.104097,-3.3908107,dis1,0
AGACACTCAGGACTTT-1-dis1,-5.0635977,-3.064186,dis1,2
AGACACTTCGACTCCT-1-dis1,-5.942888,-6.664236,dis1,1
AGACACTTCTACCTTA-1-dis1,-12.523725,-4.892341,dis1,0
AGACAGGGTACTGCCG-1-dis1,-8.090712,-2.9067774,dis1,2
AGACCATGTCTTAGTG-1-dis1,-11.980071,-3.8561845,dis1,0
AGACCCGCATCGTGCG-1-dis1,-8.595107,-2.7199752,dis1,2
AGACCCGTCAGAATAG-1-dis1,-11.317229,-3.68049,dis1,0
AGACTCAGTCATATGC-1-dis1,-11.018151,-3.2435257,dis1,0
AGACTCAGTTCAAGTC-1-dis1,-12.461379,-4.5811334,dis1,0
AGAGAATAGCTTCATG-1-dis1,-12.717001,-3.8225183,dis1,0
AGAGAATTCGCTAGCG-1-dis1,-10.058826,-3.2325928,dis1,2
AGAGAGCCACGCGGTT-1-dis1,-12.195044,-3.5250418,dis1,0
AGAGCCCGTATGCTAC-1-dis1,-5.4002824,-2.6804802,dis1,2
AGATCCACAAACTGCT-1-dis1,-6.52391,-1.8740808,dis1,2
AGATCCACATGAAAGT-1-dis1,-9.239277,-2.1160953,dis1,2
AGATCGTCACATCATG-1-dis1,-13.301505,-5.330318,dis1,0
AGATCGTGTCACGCTG-1-dis1,-10.396739,-3.1829925,dis1,2
AGATCGTGTCACTACA-1-dis1,-7.0807633,-1.9018003,dis1,2
AGATCGTTCAGGGATG-1-dis1,-8.829489,-1.9202753,dis1,2
AGATGAACAAGGCAAC-1-dis1,-6.176171,-2.4040813,dis1,2
AGATGAAGTCCGGATC-1-dis1,-11.2223425,-3.9833379,dis1,0
AGATGCTAGGCACGAT-1-dis1,-11.122338,-2.6592739,dis1,0
AGATGCTAGTGATCGG-1-dis1,-7.709366,-7.655812,dis1,1
AGCATCACAGTATTCG-1-dis1,-10.242921,-5.564588,dis1,0
AGCCAATAGCCTCTTC-1-dis1,-7.5338564,-8.070484,dis1,1
AGCCACGGTGGGATTG-1-dis1,-12.350603,-4.8877444,dis1,0
AGCCAGCTCTGGCCAG-1-dis1,-8.5796795,-1.9911182,dis1,2
AGCGATTCAAGGCCTC-1-dis1,-11.836678,-3.6678686,dis1,0
AGCGATTGTAATTGGA-1-dis1,-12.729209,-4.70158,dis1,0
AGCGCTGTCTGCGGGT-1-dis1,-7.8975086,-2.4933167,dis1,2
AGCGTATAGCGAAACC-1-dis1,-8.97062,-1.7510524,dis1,2
AGCGTATAGTACTGTC-1-dis1,-11.723445,-4.2242894,dis1,0
AGCGTCGTCTCGGGAC-1-dis1,-6.7376704,-2.109849,dis1,2
AGCTACAAGTGCTAGG-1-dis1,-11.390494,-4.165317,dis1,0
AGCTACACAGTAGTTC-1-dis1,-11.109441,-2.6005492,dis1,0
AGCTCAAAGATGCCGA-1-dis1,-5.300388,-3.1158679,dis1,2
AGCTCAACATGTTTGG-1-dis1,-12.743753,-4.901445,dis1,0
AGCTCAAGTAGGTACG-1-dis1,-7.6517406,-2.0160882,dis1,2
AGGACGAGTCTCTCTG-1-dis1,-6.993768,-2.1262023,dis1,2
AGGACGATCCAAGAGG-1-dis1,-12.296393,-5.1576905,dis1,0
AGGACTTCAAATGCGG-1-dis1,-10.362829,-3.7261066,dis1,2
AGGACTTGTGATTCTG-1-dis1,-13.334519,-4.783722,dis1,0
AGGAGGTGTATTCTCT-1-dis1,-11.873287,-3.0364258,dis1,0
AGGATAAAGGCTATCT-1-dis1,-13.004016,-4.654904,dis1,0
AGGCATTGTGACTCGC-1-dis1,-12.089635,-2.7483852,dis1,0
AGGCCACGTACGTGTT-1-dis1,-12.767789,-4.3399796,dis1,0
AGGGAGTGTGTTACTG-1-dis1,-11.307295,-5.272816,dis1,0
AGGGCCTTCTTCACAT-1-dis1,-12.144563,-3.5586698,dis1,0
AGGGTCCCAAGTTTGC-1-dis1,-6.454363,-3.175837,dis1,2
AGGGTTTGTCCGGCAT-1-dis1,-11.237633,-3.2620213,dis1,0
AGGGTTTTCGCTACGG-1-dis1,-11.741761,-4.4812217,dis1,0
AGGTAGGCACTCACTC-1-dis1,-11.275183,-3.679798,dis1,0
AGGTAGGCATGAGATA-1-dis1,-12.607532,-4.936347,dis1,0
AGGTAGGGTAATGATG-1-dis1,-11.633887,-5.29424,dis1,0
AGGTAGGTCAGATTGC-1-dis1,-10.966371,-4.1387205,dis1,0
AGGTCATGTGCGAACA-1-dis1,-7.0304275,-1.8120477,dis1,2
AGGTCATTCATTATCC-1-dis1,-7.2373815,-1.8666028,dis1,2
AGGTCTATCGTGCGAC-1-dis1,-12.274122,-3.5431843,dis1,0
AGGTCTATCTCTGACC-1-dis1,-10.854662,-3.0853999,dis1,0
AGGTTACCAATCCTTT-1-dis1,-5.710495,-2.374181,dis1,2
AGGTTGTGTTCAACGT-1-dis1,-11.908714,-3.071379,dis1,0
AGGTTGTGTTCATCGA-1-dis1,-13.189512,-5.2705135,dis1,0
AGTCAACAGTATGGCG-1-dis1,-13.300391,-5.7142296,dis1,0
AGTCTCCAGCCAGAGT-1-dis1,-12.512355,-4.7055078,dis1,0
AGTCTCCTCCATACAG-1-dis1,-5.3002987,-2.9339862,dis1,2
AGTGACTTCATGCCGG-1-dis1,-10.516377,-2.8998551,dis1,2
AGTGATCAGCATCTTG-1-dis1,-7.0046806,-3.1578379,dis1,2
AGTGCCGCAGCTATAC-1-dis1,-11.991097,-4.675644,dis1,0
AGTTAGCAGATAGTCA-1-dis1,-9.604047,-2.2985692,dis1,2
AGTTCGAGTAGTCTTG-1-dis1,-10.991046,-2.7070184,dis1,0
ATACCGAAGTCAAGCG-1-dis1,-10.375014,-3.0005074,dis1,2
ATACCTTTCAAGTGTC-1-dis1,-7.9652634,-6.133663,dis1,1
ATACTTCGTCGCCACA-1-dis1,-11.878989,-4.977282,dis1,0
ATACTTCGTGATGGCA-1-dis1,-8.770667,-2.8267586,dis1,2
ATACTTCGTTGTGTAC-1-dis1,-7.2950635,-2.1709478,dis1,2
ATACTTCTCGATTCCC-1-dis1,-8.284041,-2.4287696,dis1,2
ATAGACCGTCATCGGC-1-dis1,-11.51103,-2.712805,dis1,0
ATAGAGAGTCCTGTTC-1-dis1,-10.820316,-4.3213234,dis1,0
ATAGGCTTCTTTCTAG-1-dis1,-13.137866,-4.5463214,dis1,0
ATATCCTGTGATGTAA-1-dis1,-12.128675,-5.577328,dis1,0
ATATCCTTCACTACGA-1-dis1,-9.997656,-2.86978,dis1,2
ATATCCTTCCTGGCTT-1-dis1,-13.143213,-4.9524984,dis1,0
ATCACAGCATGAGAAT-1-dis1,-12.015504,-4.5887575,dis1,0
ATCACGAAGCAGGTCA-1-dis1,-9.90832,-3.0422125,dis1,2
ATCAGGTTCAATCTTC-1-dis1,-11.889175,-3.991675,dis1,0
ATCATTCTCTGTCTCG-1-dis1,-7.9992304,-3.3604355,dis1,2
ATCCATTCATATGAAG-1-dis1,-9.210387,-6.2214527,dis1,1
ATCGATGGTGTGTCCG-1-dis1,-8.406123,-6.591796,dis1,1
ATCGCCTGTGCCCAGT-1-dis1,-7.4081187,-1.7738739,dis1,2
ATCGGATCACAAGCCC-1-dis1,-7.39372,-1.7647102,dis1,2
ATCGGATTCCAAACCA-1-dis1,-7.6966143,-4.1022587,dis1,2
ATCGGCGCATGAGTAA-1-dis1,-12.59865,-4.276882,dis1,0
ATCGTAGTCATACGAC-1-dis1,-12.732692,-5.5556216,dis1,0
ATCGTCCAGCGGTATG-1-dis1,-13.123733,-3.7825017,dis1,0
ATCGTGACATCTTCGC-1-dis1,-12.174437,-2.9358175,dis1,0
ATCGTGATCCGGTAGC-1-dis1,-10.183124,-1.9592279,dis1,2
ATCTCTAGTATCGTTG-1-dis1,-12.034477,-4.845263,dis1,0
ATCTCTATCCAACTAG-1-dis1,-12.8069935,-3.601157,dis1,0
ATCTTCACACACCTGG-1-dis1,-6.734624,-2.6803086,dis1,2
ATCTTCATCCGTTGAA-1-dis1,-9.051794,-2.1657956,dis1,2
ATGAAAGAGGGAACAA-1-dis1,-8.112226,-3.5036774,dis1,2
ATGAAAGCAGCTGGTC-1-dis1,-9.618349,-1.7743747,dis1,2
ATGAAAGCAGTTTGGT-1-dis1,-10.869947,-2.4275393,dis1,2
ATGAGGGTCGATCCCT-1-dis1,-12.35308,-3.4277356,dis1,0
ATGAGTCCATCTGTTT-1-dis1,-10.479535,-3.5407758,dis1,0
ATGAGTCGTCGGTGTC-1-dis1,-11.235275,-3.048892,dis1,0
ATGATCGTCTGTCTCG-1-dis1,-11.814574,-5.143389,dis1,0
ATGCATGCACTAGAGG-1-dis1,-12.4704,-4.510104,dis1,0
ATGCATGCATCTGGGC-1-dis1,-11.736911,-2.7466822,dis1,0
ATGCATGTCCGTGTGG-1-dis1,-6.868685,-1.9065248,dis1,2
ATGCCTCAGGGAGGGT-1-dis1,-9.874106,-1.9100221,dis1,2
ATGCCTCGTGTAAACA-1-dis1,-7.103162,-1.6892356,dis1,2
ATGCGATTCTACACTT-1-dis1,-6.080162,-7.7015395,dis1,1
ATGGAGGCAGGCTCTG-1-dis1,-7.014633,-1.7774276,dis1,2
ATGGGTTGTGTGAGCA-1-dis1,-8.325398,-3.2650325,dis1,2
ATGGTTGGTAGTGGCA-1-dis1,-12.065681,-4.624059,dis1,0
ATGTCCCCAGACCCGT-1-dis1,-8.151832,-2.761375,dis1,2
ATGTCCCGTAGAGTTA-1-dis1,-8.795568,-3.0234585,dis1,2
ATGTCCCGTCTTACTT-1-dis1,-7.9797173,-2.6806595,dis1,2
ATGTCCCTCAGCTCTC-1-dis1,-9.127466,-3.0119655,dis1,2
ATTACTCAGACTCTAC-1-dis1,-11.4499235,-4.19361,dis1,0
ATTACTCAGTTAACGA-1-dis1,-12.526715,-4.6487994,dis1,0
ATTACTCTCCGTAATG-1-dis1,-11.106657,-3.1051729,dis1,0
ATTATCCAGCGCCGTT-1-dis1,-12.002503,-5.3947225,dis1,0
ATTATCCGTTGTCATG-1-dis1,-11.7542515,-3.9660664,dis1,0
ATTATCCTCACTTGTT-1-dis1,-13.309405,-4.359828,dis1,0
ATTCACTTCCACGAAT-1-dis1,-8.954531,-1.7774949,dis1,2
ATTCATCCACTATGTG-1-dis1,-8.398451,-2.523551,dis1,2
ATTCATCGTAGCGCCT-1-dis1,-11.518381,-2.2114475,dis1,0
ATTCATCGTTGTAGCT-1-dis1,-9.386275,-2.2192113,dis1,2
ATTCCATGTATCACGT-1-dis1,-6.57508,-2.0766475,dis1,2
ATTCCCGAGTGACCTT-1-dis1,-11.9557,-2.9445548,dis1,0
ATTGGGTAGCTTAGTC-1-dis1,-10.066108,-3.0389926,dis1,2
ATTGGGTGTCTCAAGT-1-dis1,-13.07232,-5.577561,dis1,0
ATTGTTCAGCACCAGA-1-dis1,-12.067468,-4.0132265,dis1,0
ATTGTTCGTATGCTAC-1-dis1,-7.5068946,-1.9580472,dis1,2
ATTTACCAGGAAGTCC-1-dis1,-5.1066666,-2.9889033,dis1,2
ATTTACCAGTCATACC-1-dis1,-6.0326247,-2.7257142,dis1,2
ATTTCTGGTCTCACGG-1-dis1,-10.7757,-3.8036609,dis1,0
ATTTCTGTCTGGGAGA-1-dis1,-7.546132,-6.41478,dis1,1
CAAAGAATCACCGACG-1-dis1,-12.759392,-5.1520786,dis1,0
CAACAACCAGCACAGA-1-dis1,-7.525515,-1.9091378,dis1,2
CAACAACGTAAGCTCT-1-dis1,-12.353318,-4.0419726,dis1,0
CAACAGTAGACAACAT-1-dis1,-12.977348,-4.9851274,dis1,0
CAACAGTGTACCACGC-1-dis1,-12.110192,-3.4099324,dis1,0
CAACAGTTCCAATCCC-1-dis1,-6.4656734,-6.001629,dis1,1
CAACCAAGTGGTTTGT-1-dis1,-9.933759,-3.050773,dis1,2
CAACCTCGTAAGATTG-1-dis1,-7.0395036,-2.772711,dis1,2
CAACGGCTCATGGGAG-1-dis1,-12.69687,-3.7782388,dis1,0
CAAGACTAGAGAGTGA-1-dis1,-11.738101,-5.272145,dis1,0
CAAGACTTCAAACCTG-1-dis1,-11.981542,-3.5508783,dis1,0
CAAGAGGCAAGCGAGT-1-dis1,-11.56897,-3.8158607,dis1,0
CAAGGGACAAGAGTGC-1-dis1,-8.033154,-1.655979,dis1,2
CAAGGGACAGGAATAT-1-dis1,-10.145012,-3.5399094,dis1,0
CAATCGAGTCGAACGA-1-dis1,-9.118043,-2.9762437,dis1,2
CAATCGAGTGACGCCT-1-dis1,-12.147402,-5.7722325,dis1,0
CAATCGAGTTTCGCTC-1-dis1,-8.403153,-2.021054,dis1,2
CAATGACGTGTAGTGG-1-dis1,-13.228296,-6.127673,dis1,0
CAATTTCTCCTAGCCT-1-dis1,-11.329326,-2.3865929,dis1,0
CACAGGCAGTTGCCTA-1-dis1,-8.397224,-2.000297,dis1,2
CACAGGCTCAGCACCG-1-dis1,-11.489718,-4.24829,dis1,0
CACGAATTCTGGGCGT-1-dis1,-8.495194,-2.0159123,dis1,2
CACGGGTCACTCAGAT-1-dis1,-6.4237466,-3.7593536,dis1,2
CACGTGGCAGAGGACT-1-dis1,-11.314612,-2.8384113,dis1,0
CACGTGGGTGCATACT-1-dis1,-12.928606,-5.118568,dis1,0
CACGTGGGTTATCCAG-1-dis1,-8.44512,-1.965047,dis1,2
CACTAAGAGAGAGTGA-1-dis1,-6.227935,-2.875242,dis1,2
CACTGAAAGTCATGCT-1-dis1,-11.419513,-3.799971,dis1,0
CACTGGGTCATCACAG-1-dis1,-9.297901,-6.3638625,dis1,1
CACTTCGGTACACGCC-1-dis1,-12.151744,-3.7994335,dis1,0
CAGATACGTACGAAAT-1-dis1,-12.886757,-4.0601907,dis1,0
CAGATCAAGCGGCTCT-1-dis1,-12.619412,-3.457873,dis1,0
CAGATCATCGCTTAAG-1-dis1,-9.163109,-2.140268,dis1,2
CAGATTGGTTGGTACT-1-dis1,-9.25038,-1.8730851,dis1,2
CAGCAATAGGTGAGAA-1-dis1,-12.4861355,-3.0957696,dis1,0
CAGCACGGTACTCAAC-1-dis1,-12.420696,-4.738828,dis1,0
CAGCAGCGTATCCCTC-1-dis1,-13.265385,-5.26508,dis1,0
CAGCAGCTCTGTACAG-1-dis1,-8.1676235,-1.9710447,dis1,2
CAGCCAGTCCTGTTGC-1-dis1,-10.777006,-3.850761,dis1,0
CAGGTATCAGCCTACG-1-dis1,-8.749881,-2.6452117,dis1,2
CAGTGCGAGTAGTGCG-1-dis1,-12.118807,-3.0912645,dis1,0
CAGTGCGCAGTAGGAC-1-dis1,-11.642816,-4.4393845,dis1,0
CAGTTAGAGAGCCTGA-1-dis1,-12.784171,-3.3219025,dis1,0
CAGTTAGAGCAATTAG-1-dis1,-5.482355,-2.3148155,dis1,2
CAGTTAGCACCCTATC-1-dis1,-5.5415845,-2.651489,dis1,2
CAGTTAGGTTGGGTAG-1-dis1,-11.571147,-5.421535,dis1,0
CAGTTCCTCTGTCGTC-1-dis1,-11.583839,-2.6707537,dis1,0
CATACAGGTCGCATGC-1-dis1,-8.899011,-1.8098905,dis1,2
CATACTTGTTGTCATG-1-dis1,-12.627831,-3.3854349,dis1,0
CATCAAGTCCTACGGG-1-dis1,-8.876653,-2.4609156,dis1,2
CATCCCATCCTACGGG-1-dis1,-7.2076406,-7.6041417,dis1,1
CATCGCTTCAATCCGA-1-dis1,-12.416119,-4.4173813,dis1,0
CATCGCTTCATTACGG-1-dis1,-10.671929,-2.3216329,dis1,2
CATCGGGTCTCCGATC-1-dis1,-5.1974373,-4.730232,dis1,1
CATGAGTCAAACTCTG-1-dis1,-12.207593,-4.572625,dis1,0
CATGCAACAGTCGTTA-1-dis1,-8.722452,-1.9220994,dis1,2
CATGCCTTCCGTGGGT-1-dis1,-10.328229,-2.3829165,dis1,2
CATGCGGAGTCGCTAT-1-dis1,-12.94735,-6.028534,dis1,0
CATGGATGTCATCCCT-1-dis1,-11.60331,-5.648481,dis1,0
CATGGTAAGAAACCCG-1-dis1,-9.934966,-3.2834487,dis1,2
CATGGTAGTACGAGTG-1-dis1,-11.051394,-2.718649,dis1,0
CATTCTACACATCCCT-1-dis1,-11.563594,-2.429947,dis1,0
CATTCTAGTAATACCC-1-dis1,-6.4408746,-3.3449829,dis1,2
CATTGCCAGAGCCGAT-1-dis1,-8.430611,-2.2988255,dis1,2
CATTGTTAGGCCTTCG-1-dis1,-11.04419,-4.802589,dis1,0
CATTGTTTCGCGATCG-1-dis1,-11.054524,-2.7543523,dis1,0
CATTTCATCTCCGTGT-1-dis1,-12.444594,-3.5766933,dis1,0
CCAAGCGTCATCGTAG-1-dis1,-8.748742,-3.2166715,dis1,2
CCACAAAGTAGCTGCC-1-dis1,-10.881798,-2.74757,dis1,0
CCACACTTCTTGCAGA-1-dis1,-11.95713,-3.5760577,dis1,0
CCACCATCAATACGAA-1-dis1,-11.935504,-2.7177749,dis1,0
CCACGAGGTTTGGGAG-1-dis1,-8.708333,-2.1786013,dis1,2
CCACGTTCACCTCTGT-1-dis1,-12.266917,-3.0696404,dis1,0
CCACTTGGTCGCAGTC-1-dis1,-8.650866,-3.1687877,dis1,2
CCATAAGCATCTTAGG-1-dis1,-11.053647,-4.6137094,dis1,0
CCATAAGTCTGCATGA-1-dis1,-12.864838,-5.074831,dis1,0
CCATCACCATGACGAG-1-dis1,-5.715262,-2.581722,dis1,2
CCATCACTCGTCTCAC-1-dis1,-5.494505,-2.3288743,dis1,2
CCCAACTAGATGCTTC-1-dis1,-10.419632,-2.338826,dis1,2
CCCAACTGTGCCGAAA-1-dis1,-12.282425,-5.9519925,dis1,0
CCCAACTTCTCGAGTA-1-dis1,-10.7441,-2.9426541,dis1,0
CCCATTGAGAGGTTAT-1-dis1,-7.480559,-3.0273998,dis1,2
CCCATTGTCACTGTCC-1-dis1,-5.0580087,-2.9711206,dis1,2
CCCGGAACATCATTGG-1-dis1,-8.72624,-2.637339,dis1,2
CCCTCAAAGGACTTCT-1-dis1,-11.166786,-3.556921,dis1,0
CCCTCTCAGGCGTTGA-1-dis1,-10.503524,-2.9880416,dis1,2
CCCTCTCCATATAGCC-1-dis1,-10.400698,-3.6357327,dis1,2
CCCTCTCTCTGTCCGT-1-dis1,-12.75948,-5.6261873,dis1,0
CCCTGATGTTCCATTT-1-dis1,-13.1119175,-3.8116617,dis1,0
CCCTTAGAGCTCCCTT-1-dis1,-12.930903,-6.0381103,dis1,0
CCCTTAGGTATCAAGA-1-dis1,-11.980339,-4.712137,dis1,0
CCGCAAGGTAACGCGA-1-dis1,-12.437269,-4.6766014,dis1,0
CCGCAAGGTTCGAGCC-1-dis1,-12.216142,-4.403888,dis1,0
CCGCAAGTCCTAACAG-1-dis1,-10.613636,-2.947018,dis1,2
CCGGACAAGCGTACAG-1-dis1,-5.52755,-2.3345506,dis1,2
CCGGACACAACTTGGT-1-dis1,-12.503525,-5.517939,dis1,0
CCGGGTATCGTGCATA-1-dis1,-8.447353,-2.5390074,dis1,2
CCGTAGGAGTGGCGAT-1-dis1,-11.793104,-2.701798,dis1,0
CCGTGAGAGCAAATCA-1-dis1,-7.4975033,-3.4535944,dis1,2
CCGTGAGAGCTCCATA-1-dis1,-12.01001,-2.844655,dis1,0
CCGTGAGTCCTGTAAG-1-dis1,-8.873411,-2.7052498,dis1,2
CCTAACCCAACTTGCA-1-dis1,-11.544308,-3.2818015,dis1,0
CCTAAGATCATCCCGT-1-dis1,-12.362342,-4.821973,dis1,0
CCTACGTTCATTCACT-1-dis1,-12.698221,-3.9209669,dis1,0
CCTCATGCAGCTACTA-1-dis1,-13.6365795,-5.850196,dis1,0
CCTCATGCATCTCCCA-1-dis1,-6.447004,-2.5411193,dis1,2
CCTCATGTCTAAGAAG-1-dis1,-11.415689,-5.434646,dis1,0
CCTCCAATCCGTAATG-1-dis1,-10.964365,-2.669804,dis1,0
CCTCTAGTCACCTTGC-1-dis1,-10.325977,-2.5080168,dis1,2
CCTCTCCGTGTTCATG-1-dis1,-12.536169,-5.934994,dis1,0
CCTGCATCACGCGTGT-1-dis1,-9.344964,-2.0829496,dis1,2
CCTGTTGAGGGTACGT-1-dis1,-12.001743,-4.722497,dis1,0
CCTTCAGCAGATCCTA-1-dis1,-11.627786,-3.430213,dis1,0
CCTTGTGAGACTTCAC-1-dis1,-7.659256,-2.2224238,dis1,2
CCTTGTGCATCAGCTA-1-dis1,-10.109066,-3.9451115,dis1,2
CCTTGTGTCAACTCTT-1-dis1,-12.648946,-4.2872114,dis1,0
CGAAGTTGTCACGCTG-1-dis1,-11.576501,-2.8104537,dis1,0
CGAAGTTTCGACGCGT-1-dis1,-8.201095,-3.0175955,dis1,2
CGAATTGAGCTAAGTA-1-dis1,-12.868447,-3.699189,dis1,0
CGAATTGCACCAACAT-1-dis1,-13.293197,-5.1426077,dis1,0
CGATCGGCATAATCCG-1-dis1,-11.643315,-3.0981994,dis1,0
CGATGCGAGATACTGA-1-dis1,-9.7445345,-3.8785686,dis1,2
CGATGCGAGCATGGGT-1-dis1,-11.737504,-3.8802915,dis1,0
CGATGGCCAATGTTGC-1-dis1,-11.754653,-2.929377,dis1,0
CGATGGCGTTCGTACA-1-dis1,-13.341962,-4.9052453,dis1,0
CGCAGGTGTAGGAAAG-1-dis1,-11.312819,-2.5365832,dis1,0
CGCATAACATTGAAGA-1-dis1,-8.726736,-2.5116756,dis1,2
CGCATAATCGCCGAGT-1-dis1,-9.743339,-2.1578128,dis1,2
CGCATAATCGTGTTCC-1-dis1,-5.242348,-2.6318355,dis1,2
CGCATGGGTACGACAG-1-dis1,-11.740417,-5.3503118,dis1,0
CGCATGGGTTATTCTC-1-dis1,-6.0371056,-2.125326,dis1,2
CGCCAGATCGTCTACC-1-dis1,-7.8859706,-2.3945067,dis1,2
CGCGTGAAGAGTTGAT-1-dis1,-9.182495,-2.194504,dis1,2
CGCGTGAGTATGGAGC-1-dis1,-12.776671,-5.587143,dis1,0
CGCGTGAGTGCTTCAA-1-dis1,-10.032315,-2.8043664,dis1,2
CGGAACCAGATGGCAC-1-dis1,-7.3387747,-2.0481608,dis1,2
CGGAACCCAGCCGTCA-1-dis1,-8.005684,-2.0374463,dis1,2
CGGAGAACACGACAAG-1-dis1,-10.660276,-3.4468613,dis1,0
CGGCAGTTCTGCACCT-1-dis1,-13.322552,-4.1564865,dis1,0
CGGGACTTCCCTCTTT-1-dis1,-8.575062,-2.0010784,dis1,2
CGGGCATTCGCGATCG-1-dis1,-7.888949,-3.2409244,dis1,2
CGGGTGTAGCCTATTG-1-dis1,-9.630775,-2.707916,dis1,2
CGGGTGTTCCCTCTTT-1-dis1,-12.843435,-5.7280865,dis1,0
CGGTCAGGTCAGTCTA-1-dis1,-6.9347343,-2.6554835,dis1,2
CGTAAGTGTAATTAGG-1-dis1,-10.256944,-4.121511,dis1,0
CGTAAGTGTCACGCTG-1-dis1,-9.828853,-2.7496967,dis1,2
CGTAATGTCCTAACAG-1-dis1,-11.6205635,-3.0049274,dis1,0
CGTAGTAAGCATTTCG-1-dis1,-12.46387,-4.12686,dis1,0
CGTAGTATCCTACAAG-1-dis1,-11.693519,-4.3167324,dis1,0
CGTGAATCAGTGGTGA-1-dis1,-10.674359,-3.7867153,dis1,0
CGTGATACAAATTGCC-1-dis1,-7.507304,-2.2342443,dis1,2
CGTGATAGTAGCGCTC-1-dis1,-13.100269,-3.8047547,dis1,0
CGTGATATCTCCAATT-1-dis1,-13.547067,-5.2634697,dis1,0
CGTGCTTAGGTTAAAC-1-dis1,-11.713209,-6.221921,dis1,0
CGTGCTTCAATGTCAC-1-dis1,-8.435588,-2.036068,dis1,2
CGTGCTTTCGGCTCTT-1-dis1,-8.187018,-1.6521561,dis1,2
CGTGTCTTCACGATCA-1-dis1,-11.440006,-3.860944,dis1,0
CGTGTCTTCCTTATCA-1-dis1,-12.011311,-3.800259,dis1,0
CGTTCTGCAACAGAGC-1-dis1,-10.93376,-3.3469574,dis1,0
CGTTGGGCAAGTGCTT-1-dis1,-12.186275,-3.1585848,dis1,0
CGTTGGGCAGCGACCT-1-dis1,-12.108604,-4.8450813,dis1,0
CTAACCCGTTGTCATG-1-dis1,-8.227184,-2.428789,dis1,2
CTAAGTGGTACGAGTG-1-dis1,-11.782556,-3.1990497,dis1,0
CTAAGTGTCTGAGAAA-1-dis1,-13.29821,-4.1490088,dis1,0
CTACCTGAGTTTGAGA-1-dis1,-11.366574,-5.2004237,dis1,0
CTACCTGCATTGAGCT-1-dis1,-12.30549,-3.13648,dis1,0
CTACGGGAGGAAAGTG-1-dis1,-11.074423,-2.8549728,dis1,0
CTACTATAGGCGTCCT-1-dis1,-6.6940737,-3.5159163,dis1,2
CTACTATAGTACCCTA-1-dis1,-11.756598,-3.261456,dis1,0
CTACTATCAGAGGCAT-1-dis1,-12.573735,-5.513667,dis1,0
CTACTATTCCTTGGAA-1-dis1,-12.651818,-3.306281,dis1,0
CTACTATTCTCCAATT-1-dis1,-10.319041,-2.504364,dis1,2
CTATAGGAGACATCAA-1-dis1,-12.671468,-3.8028836,dis1,0
CTATCCGAGGAGACCT-1-dis1,-12.538925,-4.293699,dis1,0
CTATCCGGTCTTGAGT-1-dis1,-8.635417,-2.9105012,dis1,2
CTATCTAGTTCCGCAG-1-dis1,-11.017848,-2.9079013,dis1,0
CTCAACCCAATAAGGT-1-dis1,-8.707036,-2.247178,dis1,2
CTCAATTGTGCGTGCT-1-dis1,-11.833354,-3.6235967,dis1,0
CTCACTGCAGTTGTCA-1-dis1,-12.648541,-4.190662,dis1,0
CTCAGTCTCTCATAGG-1-dis1,-6.8670697,-2.722471,dis1,2
CTCATGCGTGTCCAAT-1-dis1,-9.897211,-2.1097002,dis1,2
CTCCAACTCCATTTGT-1-dis1,-7.6851735,-6.8643255,dis1,1
CTCCACAGTTACGATC-1-dis1,-13.193131,-4.20826,dis1,0
CTCCCTCCAACCGTAT-1-dis1,-10.611189,-5.0174804,dis1,0
CTCCCTCCACTGTGTA-1-dis1,-8.331658,-1.8761127,dis1,2
CTCCCTCTCCCAGGCA-1-dis1,-11.274523,-3.458315,dis1,0
CTCCTTTGTGTTCATG-1-dis1,-10.103319,-2.4608536,dis1,2
CTCGAGGCATACCATG-1-dis1,-11.591918,-3.0755498,dis1,0
CTGAATGGTCTGATAC-1-dis1,-13.062149,-3.9941204,dis1,0
CTGAGCGTCCCTTGGT-1-dis1,-7.4295125,-2.4402275,dis1,2
CTGAGGCCAGCAGACA-1-dis1,-10.127761,-3.4619386,dis1,2
CTGAGGCCAGCGCGTT-1-dis1,-4.830707,-5.169217,dis1,1
CTGATCCGTATACCCA-1-dis1,-7.8507814,-2.2237792,dis1,2
CTGCGAGCACGTATAC-1-dis1,-10.039954,-2.4051588,dis1,2
CTGCGAGTCAGTGTTG-1-dis1,-6.382761,-2.290846,dis1,2
CTGCTCACACTATCGA-1-dis1,-13.161856,-6.0113163,dis1,0
CTGCTCATCCGGACTG-1-dis1,-10.808497,-3.6473167,dis1,0
CTGGTCTGTAGCGCTC-1-dis1,-12.202448,-3.4989016,dis1,0
CTGTACCCATATCTCT-1-dis1,-12.27698,-3.8155482,dis1,0
CTGTCGTGTTGTGTTG-1-dis1,-7.791988,-2.1036263,dis1,2
CTGTGAAGTTGTGTTG-1-dis1,-12.180058,-5.981844,dis1,0
CTTACCGGTAGCCAGA-1-dis1,-13.093775,-5.0714245,dis1,0
CTTCCGAGTAGGTTTC-1-dis1,-12.974705,-5.30635,dis1,0
CTTCCGATCTTCCACG-1-dis1,-10.519968,-2.7380033,dis1,2
CTTCGGTGTCAAGTTC-1-dis1,-7.328724,-2.726127,dis1,2
CTTCTAAAGAATTCAG-1-dis1,-12.426729,-3.3518147,dis1,0
CTTCTAAGTGTCCAAT-1-dis1,-13.411516,-4.8548226,dis1,0
CTTCTAATCTGCAGCG-1-dis1,-8.977626,-2.7382822,dis1,2
CTTCTCTGTACACTCA-1-dis1,-12.469305,-4.3625107,dis1,0
CTTCTCTTCGAAGCAG-1-dis1,-7.598718,-2.9664865,dis1,2
CTTGATTGTATTAAGG-1-dis1,-12.271137,-3.8952508,dis1,0
CTTTCAACACCTCAGG-1-dis1,-8.300121,-1.9930803,dis1,2
CTTTCGGTCCGGCAGT-1-dis1,-9.894158,-2.3955283,dis1,2
GAAACCTAGGTTCACT-1-dis1,-9.7862215,-2.010343,dis1,2
GAAATGAGTCGTAATC-1-dis1,-12.335913,-3.3232384,dis1,0
GAAATGAGTGGCTTGC-1-dis1,-7.347599,-2.7894425,dis1,2
GAACGTTCATCATCTT-1-dis1,-10.07943,-2.9571579,dis1,2
GAACGTTGTGTAGCAG-1-dis1,-10.788819,-4.5045037,dis1,0
GAAGAATAGCTTTCTT-1-dis1,-12.012102,-4.8325214,dis1,0
GAAGCCCCATCCGCGA-1-dis1,-6.9761004,-1.9653559,dis1,2
GAAGCGAAGAGGGCGA-1-dis1,-12.249761,-3.3950942,dis1,0
GAAGCGAGTCAGTCCG-1-dis1,-10.221226,-2.6295035,dis1,2
GAAGCGATCAAGCCGC-1-dis1,-12.305286,-5.2114534,dis1,0
GAAGGACAGACATACA-1-dis1,-11.684046,-5.032612,dis1,0
GAAGGACAGCGGACAT-1-dis1,-8.654016,-1.9237585,dis1,2
GAAGGACCACTGCACG-1-dis1,-6.7177052,-2.8153267,dis1,2
GAAGGGTAGAGCTTTC-1-dis1,-10.979771,-3.4342773,dis1,0
GAAGGGTAGGGATGTC-1-dis1,-10.139371,-3.0248122,dis1,2
GAAGGGTCAGAGAGGG-1-dis1,-5.8598137,-2.4922495,dis1,2
GAAGTAAAGCCTGAGA-1-dis1,-12.5951,-5.331706,dis1,0
GAAGTAATCGTGGGTC-1-dis1,-10.929174,-3.85831,dis1,0
GAAGTAATCTGTCCGT-1-dis1,-6.2540097,-2.0163088,dis1,2
GAATAGAGTTCCACGG-1-dis1,-8.994864,-3.1287434,dis1,2
GAATCACTCCAGCTCT-1-dis1,-12.783483,-3.273415,dis1,0
GACACGCAGGAGAGTA-1-dis1,-9.69702,-2.060753,dis1,2
GACACGCAGTTGTCAC-1-dis1,-7.855614,-2.7256584,dis1,2
GACACGCTCACTACTT-1-dis1,-13.267125,-6.258335,dis1,0
GACACGCTCGCCTAGG-1-dis1,-5.3237123,-2.4929602,dis1,2
GACAGCCCATGTGGCC-1-dis1,-8.096097,-1.9632987,dis1,2
GACATCAGTTAAGGAT-1-dis1,-9.312173,-2.7494955,dis1,2
GACCAATAGGTTACAA-1-dis1,-8.4643135,-2.4468207,dis1,2
GACCCAGAGTCCCTAA-1-dis1,-10.805741,-3.2579436,dis1,0
GACCGTGAGGTTCCGC-1-dis1,-11.489624,-4.828033,dis1,0
GACCGTGGTCCAGGTC-1-dis1,-7.7556415,-3.6102529,dis1,2
GACCGTGGTGAACGGT-1-dis1,-12.8642235,-4.604362,dis1,0
GACCTTCCACCCAATA-1-dis1,-11.856881,-6.317047,dis1,0
GACGCTGGTGTAGCAG-1-dis1,-11.243899,-3.8262715,dis1,0
GACGCTGGTTTCGATG-1-dis1,-10.497412,-4.379815,dis1,0
GACGCTGTCCGATAAC-1-dis1,-10.581587,-4.34479,dis1,0
GACGTTAGTGTCCATA-1-dis1,-12.73112,-4.1152706,dis1,0
GACTATGAGTCACTCA-1-dis1,-10.604339,-2.5300002,dis1,2
GACTATGAGTCTGCGC-1-dis1,-9.015539,-2.1956244,dis1,2
GACTATGTCGAGAGAC-1-dis1,-11.10449,-3.3512888,dis1,0
GACTCTCCAGCATACT-1-dis1,-12.149744,-4.0817914,dis1,0
GACTCTCCATCACCAA-1-dis1,-11.602468,-4.5949373,dis1,0
GACTGATAGAGAATCT-1-dis1,-9.877986,-2.1540496,dis1,2
GACTGATCACTGGATT-1-dis1,-12.396079,-5.883655,dis1,0
GACTTCCGTGAAGCTG-1-dis1,-9.226413,-2.1139503,dis1,2
GACTTCCTCTCTCAAT-1-dis1,-13.131527,-4.5439143,dis1,0
GAGAAATAGCGGCTCT-1-dis1,-6.391839,-2.719526,dis1,2
GAGACCCCATCCTTCG-1-dis1,-12.368489,-3.8756251,dis1,0
GAGACCCTCGTAACCA-1-dis1,-10.368428,-2.354862,dis1,2
GAGAGGTAGAGCATAT-1-dis1,-12.501309,-3.4194145,dis1,0
GAGAGGTAGTCCCAGC-1-dis1,-11.629406,-3.3496554,dis1,0
GAGAGGTTCTGGCCAG-1-dis1,-7.9687815,-2.8687348,dis1,2
GAGCCTGAGACGGATC-1-dis1,-13.088265,-5.8024945,dis1,0
GAGCTGCCAGCGTTGC-1-dis1,-8.491555,-3.1785278,dis1,2
GAGCTGCGTCGTTGGC-1-dis1,-11.980546,-4.586004,dis1,0
GAGCTGCTCCGTGGTG-1-dis1,-13.018565,-6.1337137,dis1,0
GAGGGATCAAGCCCAC-1-dis1,-6.0493636,-2.2890618,dis1,2
GAGGGATTCAAGTAAG-1-dis1,-11.856487,-4.1341405,dis1,0
GAGGGTACAGCTCCTT-1-dis1,-10.146877,-2.4124675,dis1,2
GAGTCTAGTTGCGGCT-1-dis1,-12.955862,-3.9086986,dis1,0
GAGTCTATCGAAGGAC-1-dis1,-7.582828,-2.951992,dis1,2
GAGTCTATCGGTCAGC-1-dis1,-8.8168335,-7.827799,dis1,1
GAGTGAGAGGTACTGG-1-dis1,-11.188227,-4.0638456,dis1,0
GAGTGAGGTTGACGGA-1-dis1,-6.883644,-2.7236216,dis1,2
GAGTGAGTCACTCCGT-1-dis1,-9.754271,-2.0673416,dis1,2
GAGTGTTGTCAGACGA-1-dis1,-6.455689,-2.2038531,dis1,2
GAGTGTTTCGTTCGCT-1-dis1,-10.407652,-3.0885735,dis1,2
GAGTTGTGTCGCACGT-1-dis1,-11.734638,-4.2853355,dis1,0
GAGTTGTTCCTTCTTC-1-dis1,-7.58681,-1.83521,dis1,2
GAGTTTGGTGGTCCCA-1-dis1,-7.0377617,-1.9420712,dis1,2
GATAGCTCATTGGGAG-1-dis1,-8.414227,-1.9865011,dis1,2
GATCAGTTCCTTCTAA-1-dis1,-9.713159,-3.0093565,dis1,2
GATCATGGTCTTAGTG-1-dis1,-11.379363,-2.628571,dis1,0
GATCCCTTCAATGTCG-1-dis1,-11.8576355,-4.25332,dis1,0
GATCGTAGTTCCAAAC-1-dis1,-9.059172,-2.5403304,dis1,2
GATCGTATCAAACCCA-1-dis1,-11.928719,-5.3032756,dis1,0
GATGACTGTCATCACA-1-dis1,-13.25418,-4.606904,dis1,0
GATGGAGTCTGTGCAA-1-dis1,-7.2265234,-2.6393182,dis1,2
GATTCGAAGTGAGGTC-1-dis1,-13.143129,-5.8675294,dis1,0
GATTCGAGTCGCAACC-1-dis1,-11.596837,-2.9383564,dis1,0
GATTCGAGTTAGGACG-1-dis1,-9.005681,-2.2257533,dis1,2
GATTCTTAGGGAGAAT-1-dis1,-13.220876,-4.9610214,dis1,0
GATTCTTAGTTACGGG-1-dis1,-11.194972,-3.9655113,dis1,0
GATTCTTCAGGCAATG-1-dis1,-12.037792,-2.9852662,dis1,0
GATTGGTGTAGGGTAC-1-dis1,-10.930784,-2.536404,dis1,0
GATTGGTGTCTTAGTG-1-dis1,-12.985552,-5.9352894,dis1,0
GATTTCTAGGAGCAAA-1-dis1,-7.963302,-2.2313693,dis1,2
GATTTCTTCGAGGCAA-1-dis1,-7.334017,-2.012991,dis1,2
GCAACATGTTGAATCC-1-dis1,-11.843736,-5.0103498,dis1,0
GCAACCGGTGCTGTCG-1-dis1,-10.535514,-3.209513,dis1,0
GCACATACATCGGCCA-1-dis1,-10.730282,-2.8417249,dis1,2
GCACATATCGGACTGC-1-dis1,-13.044331,-6.1775436,dis1,0
GCACGGTGTTCGATTG-1-dis1,-12.69845,-3.5889328,dis1,0
GCACTAAGTGCGTTTA-1-dis1,-11.94316,-4.5952163,dis1,0
GCAGCCAAGCCAAGTG-1-dis1,-12.440993,-3.456615,dis1,0
GCAGCCAGTACGCTAT-1-dis1,-10.616685,-2.7402053,dis1,2
GCAGCTGGTCTATGAC-1-dis1,-12.298052,-4.213824,dis1,0
GCAGGCTGTTCTTGCC-1-dis1,-10.760711,-2.4508677,dis1,2
GCAGGCTGTTTCCCAC-1-dis1,-12.349521,-4.5772047,dis1,0
GCATCGGCAGCCGTCA-1-dis1,-8.040359,-3.4412687,dis1,2
GCATGATGTTCGAAGG-1-dis1,-12.88328,-4.06605,dis1,0
GCATTAGTCACTGGTA-1-dis1,-5.2326584,-2.7938461,dis1,2
GCCAACGCAAACTAGA-1-dis1,-6.32999,-2.2370563,dis1,2
GCCAACGCAACCCTCT-1-dis1,-12.816184,-5.2381454,dis1,0
GCCAACGGTTGGAGGT-1-dis1,-6.3524528,-4.081424,dis1,2
GCCAGTGTCGATTTCT-1-dis1,-9.727059,-1.7328036,dis1,2
GCCATGGCAGTGACCC-1-dis1,-10.038416,-2.4274182,dis1,2
GCCATTCAGAACAGGA-1-dis1,-13.019603,-5.6126723,dis1,0
GCCCGAAAGCCATTCA-1-dis1,-12.131322,-3.4960554,dis1,0
GCCCGAAAGCCGGAAT-1-dis1,-7.3143215,-2.4418356,dis1,2
GCCCGAAAGTTGGACG-1-dis1,-12.396849,-4.2772436,dis1,0
GCCGATGCAAATCCCA-1-dis1,-12.351879,-5.133337,dis1,0
GCCGTGAAGGGAGGGT-1-dis1,-6.5124655,-2.1250534,dis1,2
GCGAGAACAAGAGTTA-1-dis1,-11.501607,-3.646416,dis1,0
GCGAGAATCGAGATAA-1-dis1,-8.281853,-2.4864733,dis1,2
GCGGAAAAGGCATTTC-1-dis1,-13.15886,-5.1219006,dis1,0
GCGGAAAAGGTTCCGC-1-dis1,-11.903,-4.919412,dis1,0
GCGGAAACAGAATCGG-1-dis1,-8.149333,-7.0061507,dis1,1
GCGGAAAGTTGCTTGA-1-dis1,-12.082241,-3.618614,dis1,0
GCGGATCAGCAATAGT-1-dis1,-12.269007,-5.4412,dis1,0
GCGGATCCAACACAGG-1-dis1,-11.586153,-3.211526,dis1,0
GCGGATCCAAGCTGCC-1-dis1,-11.938057,-4.9707866,dis1,0
GCGGATCTCGGCATAT-1-dis1,-13.0654125,-4.333199,dis1,0
GCGTGCAAGCCTAGGA-1-dis1,-12.004803,-4.567084,dis1,0
GCGTGCAGTTACGTAC-1-dis1,-10.256869,-2.1407943,dis1,2
GCGTTTCGTGTAGTGG-1-dis1,-10.308223,-3.688113,dis1,2
GCTACAACAGAACATA-1-dis1,-8.029793,-2.8229396,dis1,2
GCTACCTCAGGTCCGT-1-dis1,-6.5141735,-2.0738716,dis1,2
GCTGCAGGTAGGTCAG-1-dis1,-12.076193,-5.485151,dis1,0
GCTTTCGCACTTCAGA-1-dis1,-10.385841,-3.1593356,dis1,2
GGAACCCGTGCCTTCT-1-dis1,-12.47341,-3.1171062,dis1,0
GGAAGTGGTGGACAGT-1-dis1,-12.068307,-4.0339456,dis1,0
GGAATCTGTGACGTCC-1-dis1,-12.658989,-5.3475165,dis1,0
GGAATCTGTGTTATCG-1-dis1,-13.100323,-4.467461,dis1,0
GGAATGGGTTTGCAGT-1-dis1,-12.665226,-6.6230803,dis1,0
GGACGTCGTCACAGTT-1-dis1,-6.478509,-2.0739303,dis1,2
GGAGATGTCCTCAGAA-1-dis1,-11.544179,-3.1666298,dis1,0
GGAGCAATCTCCCAAC-1-dis1,-5.9420733,-2.3160436,dis1,2
GGATCTAAGTATGTAG-1-dis1,-9.81119,-2.9358168,dis1,2
GGATCTACATCATGAC-1-dis1,-12.066696,-3.218592,dis1,0
GGATCTATCTTAGCCC-1-dis1,-7.979425,-2.5731797,dis1,2
GGCACGTCACGTGAGA-1-dis1,-9.438554,-1.8474218,dis1,2
GGCGTCAAGGACAGCT-1-dis1,-9.631872,-1.9910976,dis1,2
GGCTGTGAGCGATCGA-1-dis1,-8.629667,-1.756069,dis1,2
GGCTTGGTCCTACCAC-1-dis1,-8.293061,-2.016287,dis1,2
GGCTTTCAGAAGATCT-1-dis1,-12.252333,-5.1295958,dis1,0
GGCTTTCGTAATACCC-1-dis1,-6.2753053,-2.3384712,dis1,2
GGGAAGTGTATGGAAT-1-dis1,-10.568988,-4.1477547,dis1,0
GGGACAACAATTGGTC-1-dis1,-11.434636,-4.4905095,dis1,0
GGGACAACATTCGATG-1-dis1,-12.143947,-5.007103,dis1,0
GGGACTCGTCAAATCC-1-dis1,-10.658766,-3.346432,dis1,0
GGGAGATAGGCCCACT-1-dis1,-11.324297,-5.200695,dis1,0
GGGAGTATCAGACCTA-1-dis1,-10.158012,-2.1554189,dis1,2
GGGCTACAGATTAGAC-1-dis1,-12.106133,-3.134647,dis1,0
GGGCTCAAGCTGGCCT-1-dis1,-8.966777,-4.694112,dis1,2
GGGCTCAGTACCTATG-1-dis1,-8.319861,-2.555664,dis1,2
GGGTCACCACTCTAGA-1-dis1,-9.865566,-2.1653411,dis1,2
GGGTCTGCACATATCG-1-dis1,-9.119066,-2.4586017,dis1,2
GGGTGTCAGACGCATG-1-dis1,-7.856288,-2.1118731,dis1,2
GGGTGTCCATCGTCCT-1-dis1,-6.549704,-3.0536253,dis1,2
GGGTTATTCTTGTTAC-1-dis1,-11.479037,-2.5284011,dis1,0
GGTAGAGAGGGAGGAC-1-dis1,-9.446841,-1.9130718,dis1,2
GGTAGAGGTACTGAGG-1-dis1,-10.924189,-3.2911465,dis1,0
GGTCTGGCAGCGTAGA-1-dis1,-10.460197,-2.098269,dis1,2
GGTCTGGTCCATACAG-1-dis1,-10.384107,-2.8516643,dis1,2
GGTGGCTAGGGTGAGG-1-dis1,-9.451187,-1.8623531,dis1,2
GGTGTCGTCTAATTCC-1-dis1,-10.642673,-2.3597717,dis1,2
GGTTCTCTCGGAGTGA-1-dis1,-12.027858,-3.1750746,dis1,0
GGTTCTCTCTCTGAGA-1-dis1,-6.1870193,-2.3331585,dis1,2
GTAACACGTTCGTGCG-1-dis1,-5.1781073,-2.9831686,dis1,2
GTAACCACATTCTTCA-1-dis1,-9.254749,-3.385844,dis1,2
GTAAGTCAGTTCACTG-1-dis1,-8.462736,-2.4937687,dis1,2
GTAAGTCGTATATGGA-1-dis1,-10.428044,-3.175126,dis1,2
GTAATCGAGCCTGCCA-1-dis1,-7.1851244,-1.770753,dis1,2
GTAATGCCAGCTGAGA-1-dis1,-12.171108,-3.63929,dis1,0
GTACAACAGTGCACAG-1-dis1,-9.956178,-1.9927223,dis1,2
GTACAGTTCAGAGTTC-1-dis1,-12.986835,-4.247137,dis1,0
GTACAGTTCTACGCGG-1-dis1,-7.4584866,-1.8009819,dis1,2
GTACAGTTCTGAGTCA-1-dis1,-6.209853,-6.60098,dis1,1
GTAGAGGCACGTAGTT-1-dis1,-11.274456,-2.607894,dis1,0
GTAGAGGTCGAAGCCC-1-dis1,-10.678741,-3.7746928,dis1,0
GTAGATCTCCCTTGGT-1-dis1,-6.5790687,-2.2778761,dis1,2
GTAGCTAAGCGCCTTG-1-dis1,-5.485978,-3.204181,dis1,2
GTAGGAGGTCGTTGGC-1-dis1,-12.486087,-4.0298347,dis1,0
GTAGGAGTCAGCGCAC-1-dis1,-8.925515,-7.2306294,dis1,1
GTAGGAGTCTTTGATC-1-dis1,-5.884524,-2.8649957,dis1,2
GTAGTACCACCCAAGC-1-dis1,-8.107571,-3.0384018,dis1,2
GTAGTACTCCGATCGG-1-dis1,-11.627351,-4.43429,dis1,0
GTATTGGAGTCAAGCG-1-dis1,-13.139358,-6.3808775,dis1,0
GTATTGGCATATCTCT-1-dis1,-6.98699,-2.3479657,dis1,2
GTCAGCGAGCGCCGTT-1-dis1,-13.066613,-4.8278723,dis1,0
GTCATGAAGACTCAAA-1-dis1,-11.114052,-4.264885,dis1,0
GTCATTTTCGCAAGAG-1-dis1,-7.718476,-1.7010401,dis1,2
GTCCACTAGGCAGGGA-1-dis1,-11.487181,-4.55106,dis1,0
GTCCACTCATCACAGT-1-dis1,-11.90339,-5.0930395,dis1,0
GTCCACTTCGCTGCGA-1-dis1,-11.419877,-3.4957998,dis1,0
GTCGCGAGTGTTTGCA-1-dis1,-11.261553,-2.5149047,dis1,0
GTCGTAATCTGCCCTA-1-dis1,-5.9715424,-2.1303272,dis1,2
GTCGTTCAGCCGAACA-1-dis1,-12.126737,-4.3135724,dis1,0
GTCGTTCTCGACCCAG-1-dis1,-10.864852,-2.5127323,dis1,2
GTCTAGAGTGTGACCC-1-dis1,-13.217798,-6.0511594,dis1,0
GTCTCACCACGCGTCA-1-dis1,-12.36874,-3.8238382,dis1,0
GTCTGTCGTGCAATGG-1-dis1,-11.745186,-4.4566555,dis1,0
GTCTTTAAGGTGCTGA-1-dis1,-12.313042,-4.120814,dis1,0
GTCTTTACAAAGGGCT-1-dis1,-10.939806,-3.946573,dis1,0
GTGAGCCCAATCTCGA-1-dis1,-7.7523856,-2.15711,dis1,2
GTGAGCCGTACAGTCT-1-dis1,-8.354034,-1.9187838,dis1,2
GTGAGGAGTTAAGGAT-1-dis1,-12.408917,-5.612932,dis1,0
GTGAGTTAGGTAAACT-1-dis1,-8.130351,-1.9454681,dis1,2
GTGAGTTGTCTTGCTC-1-dis1,-11.245872,-4.861662,dis1,0
GTGATGTTCTACTGAG-1-dis1,-8.015796,-2.214931,dis1,2
GTGCACGCAGAACGCA-1-dis1,-6.0277467,-2.1743004,dis1,2
GTGCACGGTAGGCTGA-1-dis1,-12.358519,-3.7591944,dis1,0
GTGCACGGTTGAGGAC-1-dis1,-7.6500373,-1.9215715,dis1,2
GTGCTGGGTAGATGTA-1-dis1,-10.4470005,-2.8123977,dis1,0
GTGCTGGGTGAGTAAT-1-dis1,-10.82043,-2.8498237,dis1,0
GTGCTTCGTCTAGGCC-1-dis1,-12.097377,-4.2325253,dis1,0
GTGGGAAAGTCGCCAC-1-dis1,-13.110815,-5.1876154,dis1,0
GTGGGAAGTGTGTGTT-1-dis1,-6.1643195,-2.6470442,dis1,2
GTGGTTATCGCGGTAC-1-dis1,-6.895411,-2.380625,dis1,2
GTGTCCTAGCGCCTAC-1-dis1,-12.129134,-5.458568,dis1,0
GTGTGATCAACATACC-1-dis1,-8.536141,-2.0979116,dis1,2
GTGTGGCTCGTTCCTG-1-dis1,-10.828636,-2.3626313,dis1,2
GTGTTAGCACACCAGC-1-dis1,-12.149359,-4.6506557,dis1,0
GTGTTCCCAGCAGTCC-1-dis1,-10.175517,-3.9108603,dis1,2
GTTACAGCACTTGTCC-1-dis1,-8.470781,-2.7953732,dis1,2
GTTACAGTCGTAGCTA-1-dis1,-9.455791,-2.6164954,dis1,2
GTTACGACAATGTCTG-1-dis1,-11.315636,-2.3602586,dis1,0
GTTACGAGTTGAGTCT-1-dis1,-13.336728,-4.5693674,dis1,0
GTTAGACAGGAACTCG-1-dis1,-13.5704,-5.884994,dis1,0
GTTATGGGTGAGATAT-1-dis1,-12.748134,-3.9143395,dis1,0
GTTCATTCAGCGGATA-1-dis1,-11.467612,-2.8113642,dis1,0
GTTCCGTAGCAGAAAG-1-dis1,-10.683267,-4.2179537,dis1,0
GTTCGCTTCCGTGACG-1-dis1,-12.630133,-5.73294,dis1,0
GTTCTATCATGCTGCG-1-dis1,-10.731952,-2.28768,dis1,2
GTTGCGGTCGGAGTAG-1-dis1,-12.603151,-6.195328,dis1,0
GTTGTAGAGGGCAGGA-1-dis1,-7.6486173,-1.6042302,dis1,2
GTTGTAGGTAACATGA-1-dis1,-7.09239,-2.4414659,dis1,2
GTTGTAGGTCGAGATG-1-dis1,-12.9594145,-5.5448327,dis1,0
GTTGTAGTCTAAGGAA-1-dis1,-5.7641063,-7.5476947,dis1,1
GTTGTCCTCCGATTAG-1-dis1,-8.33727,-2.527194,dis1,2
GTTGTGAAGTTGGAGC-1-dis1,-10.339396,-2.4947076,dis1,2
GTTGTGATCACGAGGA-1-dis1,-9.224908,-2.2674763,dis1,2
GTTTACTAGGCGTTAG-1-dis1,-9.062891,-2.509136,dis1,2
GTTTACTCAAATTGGA-1-dis1,-12.287369,-3.2029388,dis1,0
GTTTACTTCGATGGAG-1-dis1,-8.902441,-2.4528317,dis1,2
GTTTGGACATTCCTCG-1-dis1,-10.000292,-2.12394,dis1,2
GTTTGGAGTTCAACGT-1-dis1,-13.195288,-5.4779305,dis1,0
TAACACGCAATAACGA-1-dis1,-5.1787066,-4.5942397,dis1,1
TAACACGCACCGTACG-1-dis1,-11.000703,-3.9018474,dis1,0
TAACCAGGTCGACTTA-1-dis1,-12.813986,-3.434459,dis1,0
TAACTTCAGACGCTCC-1-dis1,-11.834211,-3.0284557,dis1,0
TAACTTCCAGGGCTTC-1-dis1,-7.841185,-1.8405799,dis1,2
TAACTTCGTAGTCGTT-1-dis1,-9.304109,-2.1582766,dis1,2
TAAGCACGTGCTCGTG-1-dis1,-12.657482,-6.186238,dis1,0
TAAGCCACAGGTACGA-1-dis1,-10.573492,-2.4981196,dis1,2
TAAGCCAGTCGGTGTC-1-dis1,-11.475202,-4.664759,dis1,0
TAATCTCGTCAACGCC-1-dis1,-12.547331,-4.247058,dis1,0
TAATTCCCAGTATGAA-1-dis1,-8.573274,-1.7654241,dis1,2
TAATTCCGTTGACTAC-1-dis1,-13.217469,-5.0165567,dis1,0
TACACCCCACCGCTAG-1-dis1,-11.657715,-6.222472,dis1,0
TACAGGTCAACTCATG-1-dis1,-7.987088,-2.0928292,dis1,2
TACAGGTTCGCATGAT-1-dis1,-11.363921,-3.3699868,dis1,0
TACCCACCATCGCTGG-1-dis1,-12.918594,-5.586892,dis1,0
TACCCGTAGAGAACCC-1-dis1,-7.794377,-1.7710791,dis1,2
TACCCGTCATTAAGCC-1-dis1,-7.8308706,-2.9495058,dis1,2
TACCCGTGTATCGAAA-1-dis1,-12.109787,-3.7495105,dis1,0
TACCTCGAGCCTCACG-1-dis1,-5.9777327,-2.2695096,dis1,2
TACCTCGAGTAGCTCT-1-dis1,-11.779988,-3.6536489,dis1,0
TACCTGCCATACGCAT-1-dis1,-12.45411,-3.1599276,dis1,0
TACGGTAAGGCTTTCA-1-dis1,-12.296376,-3.0992007,dis1,0
TACGTCCAGCGAACTG-1-dis1,-12.2654505,-3.1368408,dis1,0
TACGTCCGTTGAGGAC-1-dis1,-10.864404,-2.650959,dis1,2
TACTGCCAGCGTCGAA-1-dis1,-12.203317,-5.663517,dis1,0
TACTTACCAATCGCGC-1-dis1,-9.232574,-2.531294,dis1,2
TACTTACGTGGGAGAG-1-dis1,-12.940427,-4.3069263,dis1,0
TACTTACTCCACCTCA-1-dis1,-10.325817,-2.963516,dis1,2
TACTTCAGTGGTCTGC-1-dis1,-6.93468,-2.530233,dis1,2
TAGACCATCGGCTCTT-1-dis1,-12.990338,-3.9720023,dis1,0
TAGCACAAGGCTAGCA-1-dis1,-11.69286,-4.8989253,dis1,0
TAGGAGGGTAGCACGA-1-dis1,-9.464226,-2.8052912,dis1,2
TAGGAGGGTTTGACAC-1-dis1,-11.414576,-6.035096,dis1,0
TAGGTACAGTCTGCAT-1-dis1,-7.27614,-3.2309625,dis1,2
TAGGTACTCATCCCGT-1-dis1,-9.44401,-2.0028071,dis1,2
TAGGTTGTCAACTCTT-1-dis1,-10.221624,-5.7076154,dis1,0
TAGGTTGTCCATTTAC-1-dis1,-7.808503,-2.4203436,dis1,2
TAGTGCACAATTTCGG-1-dis1,-5.5975466,-2.767102,dis1,2
TATACCTTCTGGGAGA-1-dis1,-12.702209,-5.883616,dis1,0
TATATCCAGCATCGAG-1-dis1,-9.113162,-3.0212069,dis1,2
TATATCCAGGGCCTCT-1-dis1,-13.04449,-3.7593167,dis1,0
TATCAGGAGCCTCGTG-1-dis1,-5.1577654,-2.845652,dis1,2
TATCAGGGTTATCTGG-1-dis1,-8.314526,-2.7958083,dis1,2
TATCCTACAACCTAAC-1-dis1,-12.783792,-5.001516,dis1,0
TATCCTATCCGGCAGT-1-dis1,-7.212017,-6.477787,dis1,1
TATCGCCTCGTGAGAG-1-dis1,-12.411082,-6.2867627,dis1,0
TATCTGTTCGCAATTG-1-dis1,-12.798762,-3.5592003,dis1,0
TATCTGTTCTCACTCG-1-dis1,-10.022043,-1.9458243,dis1,2
TATCTTGAGGAGCAAA-1-dis1,-12.454837,-4.8783183,dis1,0
TATGTTCCACGAGGTA-1-dis1,-12.2403,-4.5828576,dis1,0
TATGTTCTCGAACCAT-1-dis1,-8.437762,-2.6988614,dis1,2
TATTCCAAGGACTAAT-1-dis1,-9.289765,-2.495642,dis1,2
TATTGCTAGCGCATCC-1-dis1,-12.368247,-5.3062897,dis1,0
TATTGCTAGTTCGGTT-1-dis1,-5.0202765,-5.020274,dis1,1
TATTGCTGTTCCCAAA-1-dis1,-12.785498,-5.227763,dis1,0
TATTGCTTCCGTGCGA-1-dis1,-12.916027,-4.493011,dis1,0
TATTGGGTCCCAAGCG-1-dis1,-11.273647,-6.2725167,dis1,0
TCAAGCAAGCCGATAG-1-dis1,-12.667525,-3.9549825,dis1,0
TCAAGCAAGCTGGCCT-1-dis1,-5.041348,-2.9937985,dis1,2
TCAAGCACACGTAGAG-1-dis1,-12.995489,-4.31081,dis1,0
TCAAGCATCGTCCATC-1-dis1,-12.655063,-6.462966,dis1,0
TCAAGTGAGCAGTCTT-1-dis1,-7.1604137,-2.798028,dis1,2
TCAAGTGCAGAGTAAT-1-dis1,-13.284321,-4.546037,dis1,0
TCAAGTGGTCTGCATA-1-dis1,-13.297358,-5.391753,dis1,0
TCAATCTTCGTTCCCA-1-dis1,-13.341181,-4.376425,dis1,0
TCAATTCAGAGTCTTC-1-dis1,-10.5491495,-3.1124568,dis1,0
TCACAAGGTGTCACAT-1-dis1,-12.130618,-4.135109,dis1,0
TCACACCGTAGGACTG-1-dis1,-12.764729,-4.596538,dis1,0
TCACATTCACGCAAAG-1-dis1,-10.7392845,-2.9897945,dis1,2
TCACGCTTCACTTGGA-1-dis1,-8.092811,-2.3454661,dis1,2
TCACGGGGTTCCGCGA-1-dis1,-12.197868,-4.08223,dis1,0
TCACTCGAGCCTTTCC-1-dis1,-6.2164445,-7.639331,dis1,1
TCACTCGAGGGCATGT-1-dis1,-11.726303,-3.1100807,dis1,0
TCACTCGAGTTGGAGC-1-dis1,-9.683903,-2.0943928,dis1,2
TCACTCGCAAGCGATG-1-dis1,-11.524013,-5.7154007,dis1,0
TCAGCAACACGACCTG-1-dis1,-7.2394958,-2.0972865,dis1,2
TCAGCCTAGCGCACAA-1-dis1,-5.2905383,-4.0324516,dis1,1
TCAGCCTAGTCCGCCA-1-dis1,-11.637687,-3.4180043,dis1,0
TCAGGGCGTTTGCAGT-1-dis1,-8.844504,-2.1447701,dis1,2
TCAGGTAGTTATCTTC-1-dis1,-11.751884,-2.5570455,dis1,0
TCAGTCCTCTGCACCT-1-dis1,-8.736838,-6.8272395,dis1,1
TCAGTTTCAGTGTGCC-1-dis1,-7.6991,-2.3314433,dis1,2
TCAGTTTCATCTCGTC-1-dis1,-11.766061,-2.8068225,dis1,0
TCAGTTTGTTGGATCT-1-dis1,-12.994086,-4.486283,dis1,0
TCAGTTTTCGGCTGGT-1-dis1,-9.515091,-3.4808028,dis1,2
TCATACTAGTTGCTCA-1-dis1,-6.9359946,-3.6019232,dis1,2
TCATACTGTACTTCCC-1-dis1,-7.3267403,-1.951007,dis1,2
TCATACTGTGTTCAGT-1-dis1,-11.903039,-3.5124896,dis1,0
TCATCCGGTATCATGC-1-dis1,-11.697441,-2.588606,dis1,0
TCATCCGTCGCGTGCA-1-dis1,-10.984365,-5.584252,dis1,0
TCATGAGGTAAGATTG-1-dis1,-6.674339,-4.028325,dis1,2
TCATGCCAGAGTACCG-1-dis1,-11.373719,-4.1475773,dis1,0
TCATGCCCACCCTGTT-1-dis1,-11.668642,-3.51725,dis1,0
TCATGGAGTAACAGTA-1-dis1,-13.008072,-4.006481,dis1,0
TCATGGATCATGGAGG-1-dis1,-10.953623,-2.303453,dis1,2
TCATGTTTCTAGCATG-1-dis1,-6.2857037,-7.869633,dis1,1
TCATTACAGCGTTAGG-1-dis1,-12.557214,-5.979837,dis1,0
TCATTGTGTCAGTCCG-1-dis1,-9.66283,-2.4680138,dis1,2
TCATTTGGTAGCGCCT-1-dis1,-6.746269,-1.9531512,dis1,2
TCCACGTTCTCCCTAG-1-dis1,-9.690078,-2.93148,dis1,2
TCCAGAAGTCATTCCC-1-dis1,-12.014527,-2.8514905,dis1,0
TCCAGAATCACCATGA-1-dis1,-12.581642,-4.422768,dis1,0
TCCATCGCAGTTGTTG-1-dis1,-12.496067,-3.6974423,dis1,0
TCCATCGTCCATTTGT-1-dis1,-10.8939495,-3.8104668,dis1,0
TCCCACATCCAGCAAT-1-dis1,-11.958898,-3.2827075,dis1,0
TCCCAGTGTGGCAACA-1-dis1,-8.717861,-1.8611896,dis1,2
TCCCAGTTCTGGCCGA-1-dis1,-10.374557,-2.442964,dis1,2
TCCGGGAGTATTGGCT-1-dis1,-11.479744,-2.7248685,dis1,0
TCCGGGATCGAGTTGT-1-dis1,-9.897923,-2.521389,dis1,2
TCCGTGTCAATAGGGC-1-dis1,-8.482488,-3.044299,dis1,2
TCCGTGTGTAGGTACG-1-dis1,-13.007239,-4.5606194,dis1,0
TCCGTGTGTTAGAGTA-1-dis1,-5.4469633,-2.4549134,dis1,2
TCCTCCCTCCTCAGAA-1-dis1,-4.580659,-7.368117,dis1,1
TCCTCGATCGTCGGGT-1-dis1,-8.317969,-1.9347749,dis1,2
TCCTCGATCTCTATAC-1-dis1,-5.453304,-3.07599,dis1,2
TCCTCTTTCCTCAGAA-1-dis1,-10.807785,-3.1600726,dis1,0
TCCTGCAGTATCGGTT-1-dis1,-11.618559,-4.0422,dis1,0
TCCTTCTCACACCGAC-1-dis1,-13.221579,-6.179901,dis1,0
TCCTTCTTCAGACCGC-1-dis1,-12.841514,-4.7664886,dis1,0
TCCTTCTTCCGTATGA-1-dis1,-7.8279448,-3.2641804,dis1,2
TCGACCTAGCCTGAGA-1-dis1,-9.5907955,-2.2126052,dis1,2
TCGACCTCAAGTGCAG-1-dis1,-4.719706,-5.3595996,dis1,1
TCGATTTCAACTCCAA-1-dis1,-11.011088,-5.762103,dis1,0
TCGATTTCAGATACTC-1-dis1,-7.9546156,-2.5430171,dis1,2
TCGATTTTCTTGGTCC-1-dis1,-11.582519,-5.108707,dis1,0
TCGCTCAAGGCACCAA-1-dis1,-11.322561,-3.329879,dis1,0
TCGCTCAGTGTATTGC-1-dis1,-6.829761,-2.5525064,dis1,2
TCGCTTGAGATGTAGT-1-dis1,-6.0722294,-2.256029,dis1,2
TCGCTTGCACCCTTAC-1-dis1,-10.813683,-3.2219205,dis1,0
TCGCTTGTCTATTGTC-1-dis1,-9.882788,-2.9244795,dis1,2
TCGGATATCATGGAGG-1-dis1,-10.633081,-4.6681423,dis1,0
TCGGGCAAGACGGATC-1-dis1,-8.797563,-3.711401,dis1,2
TCGGGCAGTAAGGCTG-1-dis1,-12.30746,-4.6932735,dis1,0
TCGGGTGGTTAAGGAT-1-dis1,-12.077053,-2.7521975,dis1,0
TCGGGTGTCCCGAGTG-1-dis1,-6.663377,-1.7556189,dis1,2
TCGGGTGTCGGCTGAC-1-dis1,-9.325546,-1.9878668,dis1,2
TCGTAGAGTTAGAAAC-1-dis1,-13.435609,-4.413634,dis1,0
TCGTCCAAGACATAGT-1-dis1,-8.145918,-2.3170657,dis1,2
TCGTGCTAGCACGTCC-1-dis1,-7.0388584,-2.1349297,dis1,2
TCGTGCTTCTTAGCAG-1-dis1,-6.979332,-2.1081722,dis1,2
TCTAACTGTGGCTTGC-1-dis1,-10.249895,-3.7169318,dis1,2
TCTAACTTCGACATTG-1-dis1,-5.8798704,-2.656368,dis1,2
TCTACCGAGGGCTGAT-1-dis1,-7.2447605,-2.5379968,dis1,2
TCTACCGTCCGTCACT-1-dis1,-9.911783,-3.1348448,dis1,2
TCTATACGTGGACTGA-1-dis1,-9.088687,-3.4762115,dis1,2
TCTATCAGTGAGGATC-1-dis1,-12.308328,-3.135377,dis1,0
TCTCAGCTCTTGCAAG-1-dis1,-11.213228,-4.2582994,dis1,0
TCTGGCTCATAGTCAC-1-dis1,-9.459523,-2.7218397,dis1,2
TCTGGCTGTTTGCCGG-1-dis1,-12.910822,-5.239239,dis1,0
TCTTAGTCAAAGGGTC-1-dis1,-6.393778,-2.6507442,dis1,2
TCTTGCGTCACTCGAA-1-dis1,-6.0224643,-2.2048917,dis1,2
TGAATGCAGTTGGCGA-1-dis1,-12.339386,-5.7197366,dis1,0
TGACAGTCATACATCG-1-dis1,-9.9762745,-2.086518,dis1,2
TGACCCTAGTCAGCGA-1-dis1,-8.749361,-2.0765932,dis1,2
TGACGCGAGACAACAT-1-dis1,-7.591373,-2.5363185,dis1,2
TGACGCGGTAACTAAG-1-dis1,-9.207941,-6.66515,dis1,1
TGACGCGTCTGTCCGT-1-dis1,-5.2984548,-3.1771889,dis1,2
TGAGACTAGGTTCAGG-1-dis1,-11.294054,-3.728986,dis1,0
TGAGCATAGCCTATTG-1-dis1,-10.916464,-4.569154,dis1,0
TGAGCATCACGCTGTG-1-dis1,-8.52052,-3.3298602,dis1,2
TGAGCGCAGAGGGTAA-1-dis1,-12.420409,-4.9491215,dis1,0
TGAGCGCTCTTGAGCA-1-dis1,-11.64522,-3.3196168,dis1,0
TGAGGAGAGCTGACAG-1-dis1,-11.530262,-3.3474927,dis1,0
TGAGGAGTCGTTCTAT-1-dis1,-11.424154,-3.81892,dis1,0
TGAGGGAAGATTTGCC-1-dis1,-11.79254,-4.192391,dis1,0
TGAGGGAAGGGCGAAG-1-dis1,-5.0838304,-2.8064153,dis1,2
TGAGGTTAGGACAGTC-1-dis1,-12.084776,-4.058426,dis1,0
TGAGTCACAAGACCTT-1-dis1,-13.207254,-4.153216,dis1,0
TGATCTTAGAGCATAT-1-dis1,-7.4388294,-3.1427312,dis1,2
TGATGGTCAGTAGGAC-1-dis1,-10.802745,-2.4876614,dis1,2
TGATTCTGTTCCACGG-1-dis1,-7.5648456,-2.1643145,dis1,2
TGATTTCCACTTCTCG-1-dis1,-11.905563,-5.6317506,dis1,0
TGATTTCGTCAACGCC-1-dis1,-9.849959,-5.7433615,dis1,1
TGATTTCTCATACAGC-1-dis1,-6.0822887,-2.5097165,dis1,2
TGCACGGTCATTGCCC-1-dis1,-12.798205,-4.651571,dis1,0
TGCAGGCGTGCACGCT-1-dis1,-12.638469,-4.1106687,dis1,0
TGCAGGCTCCTGGTCT-1-dis1,-8.869446,-2.8203766,dis1,2
TGCATCCAGACAACAT-1-dis1,-11.137428,-4.0906477,dis1,0
TGCATGACAGAAGTTA-1-dis1,-8.987214,-3.0380728,dis1,2
TGCCGAGCATCAGCGC-1-dis1,-12.184487,-4.4864287,dis1,0
TGCCGAGTCACCGGTG-1-dis1,-11.307964,-3.2806253,dis1,0
TGCGACGGTATAGCTC-1-dis1,-12.334337,-4.940027,dis1,0
TGCGATACAACACTAC-1-dis1,-11.474031,-2.9784017,dis1,0
TGCGGCAAGGGTTAAT-1-dis1,-13.347413,-4.4297533,dis1,0
TGCGGGTCAGGCTCTG-1-dis1,-7.884572,-6.6629558,dis1,1
TGCGGGTTCTCCAATT-1-dis1,-12.823751,-4.5959024,dis1,0
TGCTCCAAGGTAGTCG-1-dis1,-11.143508,-4.452471,dis1,0
TGCTCCAGTACACTCA-1-dis1,-12.763819,-4.9987845,dis1,0
TGCTCGTAGGTCATAA-1-dis1,-13.276301,-4.5384727,dis1,0
TGCTGAATCTAAACGC-1-dis1,-12.6211,-4.7865305,dis1,0
TGCTTCGTCTGCACCT-1-dis1,-5.339687,-2.8462818,dis1,2
TGCTTGCAGAAGAGCA-1-dis1,-9.2059555,-4.4095497,dis1,2
TGGAGAGCAGAACGCA-1-dis1,-9.775674,-2.2155004,dis1,2
TGGAGGACAGATCATC-1-dis1,-11.793522,-4.6650057,dis1,0
TGGATCAGTCCTACAA-1-dis1,-10.346544,-5.456712,dis1,0
TGGATCATCTTCCAGC-1-dis1,-5.957653,-3.0097754,dis1,2
TGGATGTGTGCCGGTT-1-dis1,-12.062227,-4.6742587,dis1,0
TGGCGTGCAAGAGGTC-1-dis1,-13.486424,-6.0542016,dis1,0
TGGGAAGTCTGCTTTA-1-dis1,-12.913295,-4.8883166,dis1,0
TGGGAGAAGACTGTTC-1-dis1,-13.116543,-5.4869027,dis1,0
TGGGCTGAGACTTCGT-1-dis1,-12.33672,-4.837997,dis1,0
TGGGTTATCCGCATAA-1-dis1,-12.951496,-5.246103,dis1,0
TGGTACAGTCAAAGTA-1-dis1,-10.422986,-2.9299734,dis1,2
TGGTAGTAGCCTTTGA-1-dis1,-12.42169,-5.2621384,dis1,0
TGGTTAGCAACATCGT-1-dis1,-9.174767,-1.9965917,dis1,2
TGGTTAGGTTTCGATG-1-dis1,-10.699159,-3.942288,dis1,0
TGTAACGGTAGGCTGA-1-dis1,-12.662544,-3.4580138,dis1,0
TGTAACGTCACTAGCA-1-dis1,-10.654306,-4.1136675,dis1,0
TGTAAGCAGCGCATCC-1-dis1,-9.247543,-2.0763109,dis1,2
TGTACAGGTCGCATTA-1-dis1,-11.332174,-2.360133,dis1,0
TGTCAGACAAAGTGTA-1-dis1,-6.3547053,-2.1372485,dis1,2
TGTCAGAGTAACAGGC-1-dis1,-10.975756,-2.1956003,dis1,2
TGTCCACAGCATTGAA-1-dis1,-12.051512,-3.3386889,dis1,0
TGTCCACCACTCCTGT-1-dis1,-6.7927775,-1.838762,dis1,2
TGTCCACTCTAGTGAC-1-dis1,-7.9699383,-3.2668734,dis1,2
TGTCCTGTCCCTATTA-1-dis1,-10.145984,-2.146634,dis1,2
TGTGAGTAGGTCACTT-1-dis1,-5.957887,-1.926129,dis1,2
TGTGATGGTGCTGATT-1-dis1,-9.390754,-2.7783492,dis1,2
TGTGCGGCACTGTTCC-1-dis1,-13.240735,-6.319163,dis1,0
TGTGCGGGTTAGGACG-1-dis1,-6.9424872,-2.8510516,dis1,2
TGTGCGGTCGCGTTTC-1-dis1,-12.913133,-5.526579,dis1,0
TGTGTGAAGACCATGG-1-dis1,-12.022808,-3.583406,dis1,0
TGTGTGACACGACCTG-1-dis1,-6.7186275,-1.9687523,dis1,2
TGTTCTAAGTCAATCC-1-dis1,-11.951959,-4.15489,dis1,0
TGTTGAGGTACGCTAT-1-dis1,-11.113835,-2.6540241,dis1,0
TTAATCCCACGGCACT-1-dis1,-10.894091,-4.991263,dis1,0
TTACAGGAGCAAATCA-1-dis1,-12.413961,-3.6908298,dis1,0
TTACGCCCAAAGCACG-1-dis1,-5.6591496,-2.7224832,dis1,2
TTACGCCGTGAAGCTG-1-dis1,-6.583946,-2.751692,dis1,2
TTACTGTTCAGCTGTA-1-dis1,-8.07016,-2.221673,dis1,2
TTAGTCTTCGCTTTAT-1-dis1,-11.548214,-4.9742036,dis1,0
TTATTGCCATGTCGTA-1-dis1,-8.607553,-1.7827287,dis1,2
TTATTGCGTAAGCGGT-1-dis1,-12.936374,-4.1860185,dis1,0
TTATTGCTCGGATAAA-1-dis1,-12.088097,-2.903075,dis1,0
TTATTGCTCTGAGGTT-1-dis1,-9.476659,-2.5518174,dis1,2
TTCACCGAGAGTTGAT-1-dis1,-7.4646077,-2.4496682,dis1,2
TTCACCGGTAGTCCTA-1-dis1,-11.90959,-5.8840017,dis1,0
TTCACGCGTCTGTGTA-1-dis1,-12.9801,-4.6344643,dis1,0
TTCAGGACACCTGATA-1-dis1,-11.27907,-3.1939058,dis1,0
TTCATGTAGGCACTAG-1-dis1,-8.839735,-2.2649493,dis1,2
TTCATGTAGTGAGCCA-1-dis1,-12.417871,-5.503842,dis1,0
TTCATTGAGCACACAG-1-dis1,-4.5202456,-5.56846,dis1,1
TTCCAATGTCATAGTC-1-dis1,-8.605698,-2.9187436,dis1,2
TTCCACGCACACCTGG-1-dis1,-6.7911673,-2.1701517,dis1,2
TTCCGTGCAGATTAAG-1-dis1,-10.30419,-2.3421533,dis1,2
TTCCTAAAGCATCAGG-1-dis1,-10.288704,-2.169736,dis1,2
TTCCTCTGTGGCCTCA-1-dis1,-11.965061,-4.8849626,dis1,0
TTCGATTAGGTCATTC-1-dis1,-7.8352337,-1.779953,dis1,2
TTCTGTATCTCCGATC-1-dis1,-5.896796,-2.7777953,dis1,2
TTCTTCCAGATTGATG-1-dis1,-12.942059,-6.1069965,dis1,0
TTCTTGAGTCGTGATT-1-dis1,-12.01746,-3.2665997,dis1,0
TTCTTGAGTTCCACGG-1-dis1,-9.301271,-2.3861816,dis1,2
TTCTTGATCTTCCAGC-1-dis1,-6.583446,-2.4504175,dis1,2
TTGACCCCATTGCTTT-1-dis1,-10.592149,-2.179341,dis1,2
TTGAGTGTCCTCAGGG-1-dis1,-11.475252,-4.8822794,dis1,0
TTGATGGAGCTGACAG-1-dis1,-10.133672,-1.9104354,dis1,2
TTGATGGAGGTCACCC-1-dis1,-6.8797235,-2.355476,dis1,2
TTGCATTCAGCAGGAT-1-dis1,-7.570344,-2.2057364,dis1,2
TTGCCTGAGTCGCTAT-1-dis1,-7.543815,-2.7842655,dis1,2
TTGCCTGCAGAGTTGG-1-dis1,-8.755511,-3.5411491,dis1,2
TTGCGTCAGCGAGTCA-1-dis1,-11.418216,-3.2674363,dis1,0
TTGCGTCGTCTCGACG-1-dis1,-12.777892,-3.9933376,dis1,0
TTGCTGCAGAAGAACG-1-dis1,-8.021441,-1.9992353,dis1,2
TTGGATGAGGGTGAGG-1-dis1,-9.38019,-3.110951,dis1,2
TTGGGATCACCAGCCA-1-dis1,-6.6894307,-6.980585,dis1,1
TTGGGATGTAGTACGG-1-dis1,-10.758995,-4.7641573,dis1,0
TTGTGGACAGCAGGAT-1-dis1,-13.212737,-5.5590334,dis1,0
TTGTTGTAGATGTTCC-1-dis1,-8.209651,-2.8760552,dis1,2
TTGTTGTGTCAGGTAG-1-dis1,-6.3324723,-2.5867338,dis1,2
TTGTTGTTCAGCCCAG-1-dis1,-12.022971,-3.3526235,dis1,0
TTGTTTGTCTGAGATC-1-dis1,-5.0225577,-3.0816844,dis1,2
TTTACCAAGATGGTAT-1-dis1,-12.417632,-3.2357678,dis1,0
TTTACGTAGTCCCGGT-1-dis1,-5.0471797,-4.957603,dis1,1
TTTACGTCACCCTATC-1-dis1,-11.831445,-3.3101664,dis1,0
TTTACTGCACCTAAAC-1-dis1,-12.96511,-3.9769142,dis1,0
TTTACTGTCGTTATCT-1-dis1,-11.8188,-3.3331258,dis1,0
TTTAGTCAGGATTCCT-1-dis1,-11.471076,-2.541839,dis1,0
TTTCACAAGGTTCTTG-1-dis1,-12.5363455,-4.2404995,dis1,0
TTTCACAGTTCGGCCA-1-dis1,-8.75056,-2.6920269,dis1,2
TTTCATGTCACACCGG-1-dis1,-12.157866,-4.930563,dis1,0
TTTCCTCCAGTTAAAG-1-dis1,-11.637014,-3.921525,dis1,0
TTTCGATAGCTGACCC-1-dis1,-9.815449,-2.6782663,dis1,2
TTTGATCTCGTCTACC-1-dis1,-12.84874,-4.6046352,dis1,0
TTTGGAGTCATTCGGA-1-dis1,-9.209384,-2.5026393,dis1,2
TTTGGTTTCCTTCGAC-1-dis1,-6.4691663,-2.6704252,dis1,2
TTTGTTGTCGACATTG-1-dis1,-10.315691,-3.4406102,dis1,2
AAACCCAGTATGAAAC-1-dis2,-6.830975,-3.3226051,dis2,2
AAACCCATCCTTCTTC-1-dis2,-10.715575,-3.5672367,dis2,0
AAAGAACAGCAGCCCT-1-dis2,-6.912487,-3.8314636,dis2,2
AAAGAACAGCATACTC-1-dis2,-10.971879,-3.4804125,dis2,0
AAAGGATCAGACATCT-1-dis2,-12.966882,-5.65377,dis2,0
AAAGGATTCGGTCTGG-1-dis2,-6.849611,-3.8334465,dis2,2
AAAGGGCGTAGCGCCT-1-dis2,-12.227449,-3.2513723,dis2,0
AAAGGTAGTACGTACT-1-dis2,-6.998814,-2.7437594,dis2,2
AAAGTCCGTGATTCAC-1-dis2,-7.1013393,-2.5316954,dis2,2
AAAGTGAGTTGGAGGT-1-dis2,-10.623597,-3.4919515,dis2,0
AAATGGACATTAAGCC-1-dis2,-6.8736963,-3.004401,dis2,2
AACAAAGAGTATAGAC-1-dis2,-11.937761,-4.647819,dis2,0
AACAAAGCACACCTTC-1-dis2,-8.527243,-2.7951896,dis2,2
AACAAAGGTTGGCCGT-1-dis2,-5.0927243,-3.1048043,dis2,2
AACAACCAGATAGTGT-1-dis2,-9.038632,-2.8656304,dis2,2
AACAACCCAGCGCTTG-1-dis2,-7.2195663,-2.1411688,dis2,2
AACAAGACAGTGTGCC-1-dis2,-7.9789557,-1.9443966,dis2,2
AACAAGAGTTCGAGCC-1-dis2,-6.1986322,-2.542405,dis2,2
AACACACCAATCCAGT-1-dis2,-11.243047,-3.3324008,dis2,0
AACACACGTGTTATCG-1-dis2,-10.121044,-3.5549042,dis2,2
AACCATGCATCATTGG-1-dis2,-10.388353,-2.6816072,dis2,2
AACCATGTCACTAGCA-1-dis2,-7.7175894,-3.5702746,dis2,2
AACCATGTCTGTGTGA-1-dis2,-5.594109,-2.4524882,dis2,2
AACCCAACAGAGGTTG-1-dis2,-11.302796,-4.366128,dis2,0
AACCCAACAGATTTCG-1-dis2,-7.046541,-3.680783,dis2,2
AACCTGAAGCGAATGC-1-dis2,-10.014853,-3.549565,dis2,2
AACCTGAGTGGATGAC-1-dis2,-8.672862,-2.7868128,dis2,2
AACGAAAAGCGCATCC-1-dis2,-12.621592,-4.4966164,dis2,0
AACGTCATCCATTTAC-1-dis2,-7.7401876,-2.9338171,dis2,2
AACGTCATCTAGCCTC-1-dis2,-8.493019,-2.720257,dis2,2
AACTTCTGTCCCTGTT-1-dis2,-6.622637,-2.0946944,dis2,2
AAGAACAGTAATCAGA-1-dis2,-9.6594515,-4.156459,dis2,2
AAGAACATCATACGGT-1-dis2,-7.9645576,-3.2300808,dis2,2
AAGAACATCGTAGTGT-1-dis2,-11.074714,-3.2725859,dis2,0
AAGACAAAGAATTCAG-1-dis2,-6.36369,-2.520852,dis2,2
AAGACAAGTGGGCTCT-1-dis2,-6.784499,-2.8912718,dis2,2
AAGCCATGTCTACGAT-1-dis2,-11.324818,-3.6896574,dis2,0
AAGCGAGGTAGAGACC-1-dis2,-8.910993,-2.1310692,dis2,2
AAGCGAGGTATGAAAC-1-dis2,-6.75691,-2.235323,dis2,2
AAGGTAAGTTGGCTAT-1-dis2,-5.6662235,-2.4879835,dis2,2
AAGTACCAGAGGATGA-1-dis2,-6.032822,-2.2667365,dis2,2
AAGTACCGTTGTCCCT-1-dis2,-8.160927,-2.88574,dis2,2
AAGTTCGAGGATACCG-1-dis2,-5.500502,-4.566966,dis2,1
AAGTTCGAGTATTGCC-1-dis2,-11.708804,-3.773347,dis2,0
AAGTTCGAGTCTAGAA-1-dis2,-8.0564165,-3.088912,dis2,2
AAGTTCGTCTAACGCA-1-dis2,-6.7422614,-3.1076982,dis2,2
AATAGAGAGCACTGGA-1-dis2,-7.7330565,-2.4802833,dis2,2
AATAGAGAGGCCTGCT-1-dis2,-6.616677,-3.0180366,dis2,2
AATCACGCAGCACAAG-1-dis2,-11.823661,-4.035975,dis2,0
AATCGACCAATACGAA-1-dis2,-7.5230765,-2.4350338,dis2,2
AATCGTGGTAGACGTG-1-dis2,-10.277502,-3.3888764,dis2,0
AATCGTGGTCCTTTGC-1-dis2,-11.119675,-3.5135338,dis2,0
AATGAAGGTTGATCGT-1-dis2,-12.502447,-4.0109963,dis2,0
AATGACCGTGAATTGA-1-dis2,-12.888867,-4.8024626,dis2,0
AATGGAATCATGAAAG-1-dis2,-11.165948,-3.0847347,dis2,0
AATGGCTCAATCGAAA-1-dis2,-13.276927,-4.1205983,dis2,0
AATTCCTCAGGTCCGT-1-dis2,-9.551599,-2.4160683,dis2,2
AATTTCCAGTACCCTA-1-dis2,-8.012729,-2.7868018,dis2,2
AATTTCCGTTCGGTCG-1-dis2,-6.4538274,-2.2609403,dis2,2
ACAAAGATCCAGCAAT-1-dis2,-7.64706,-6.362647,dis2,1
ACAACCAAGAGCATAT-1-dis2,-7.3418922,-2.152055,dis2,2
ACAACCAGTTCGGCGT-1-dis2,-9.358272,-3.3120892,dis2,2
ACAAGCTGTAACTAAG-1-dis2,-7.906402,-2.8411806,dis2,2
ACAAGCTTCCTCTTTC-1-dis2,-7.196511,-1.9363668,dis2,2
ACACCAATCAAACCTG-1-dis2,-10.263551,-2.5097775,dis2,2
ACACGCGAGACCATTC-1-dis2,-8.987583,-3.1695256,dis2,2
ACACTGATCACCTTAT-1-dis2,-7.439338,-2.745852,dis2,2
ACAGAAAAGCCACAAG-1-dis2,-10.10901,-4.0426235,dis2,2
ACAGAAAGTGGTGATG-1-dis2,-8.321433,-3.426929,dis2,2
ACAGCCGCAGGAGGTT-1-dis2,-7.024097,-3.5425048,dis2,2
ACAGCCGCATCCTTCG-1-dis2,-5.639003,-2.6297555,dis2,2
ACAGGGAGTTTGATCG-1-dis2,-8.91528,-3.409695,dis2,2
ACATCGACAGAATCGG-1-dis2,-8.168687,-3.5838668,dis2,2
ACATCGAGTACAAAGT-1-dis2,-6.1428366,-2.3195317,dis2,2
ACATCGAGTCCACTCT-1-dis2,-9.285785,-2.540608,dis2,2
ACATTTCTCTTGATTC-1-dis2,-8.962017,-3.0275626,dis2,2
ACCACAAAGATGAACT-1-dis2,-7.529339,-2.4976232,dis2,2
ACCCAAAGTGTCCTAA-1-dis2,-5.273536,-4.6393237,dis2,1
ACCCTTGCAAATACGA-1-dis2,-9.537337,-3.077945,dis2,2
ACCCTTGCAGACCGCT-1-dis2,-6.9451103,-3.2958834,dis2,2
ACCGTTCCACAACCGC-1-dis2,-6.589791,-2.226261,dis2,2
ACCGTTCCACCCTTGT-1-dis2,-12.14588,-4.357035,dis2,0
ACCTACCAGTCATCGT-1-dis2,-6.356712,-2.39489,dis2,2
ACCTGAAAGGTATAGT-1-dis2,-7.011767,-2.5096946,dis2,2
ACCTGTCAGAGCAACC-1-dis2,-5.7348323,-2.5426342,dis2,2
ACCTGTCTCTAAGGAA-1-dis2,-10.028597,-3.268541,dis2,2
ACGATCATCATCTATC-1-dis2,-10.996205,-4.7004547,dis2,0
ACGATGTAGGTCGTGA-1-dis2,-10.100144,-3.4422352,dis2,2
ACGATGTAGGTGGTTG-1-dis2,-7.9219384,-2.738639,dis2,2
ACGCACGCAGCAGTAG-1-dis2,-5.7904253,-2.924635,dis2,2
ACGCACGTCTAGTCAG-1-dis2,-6.9582644,-1.7344816,dis2,2
ACGGGTCGTACGAAAT-1-dis2,-8.487828,-2.7323644,dis2,2
ACGGTTACAACACACT-1-dis2,-10.823271,-4.743811,dis2,0
ACGGTTAGTAGTGTGG-1-dis2,-10.397345,-3.260218,dis2,0
ACGTACAAGATACCAA-1-dis2,-7.3590527,-2.2507944,dis2,2
ACGTACATCATTGCTT-1-dis2,-7.5840335,-2.9524903,dis2,2
ACGTTCCAGGCTTCCG-1-dis2,-8.717714,-2.8319921,dis2,2
ACGTTCCCACTAGGCC-1-dis2,-5.0630364,-4.9057746,dis2,1
ACGTTCCGTGTGATGG-1-dis2,-7.0189466,-2.8897173,dis2,2
ACTATCTTCAGTGATC-1-dis2,-10.519642,-2.4622526,dis2,2
ACTATTCCAATCGAAA-1-dis2,-11.83668,-3.8936424,dis2,0
ACTATTCTCACTCTTA-1-dis2,-9.922214,-2.41974,dis2,2
ACTCCCACACGGCACT-1-dis2,-11.2330475,-4.7432985,dis2,0
ACTCCCAGTGTGAATA-1-dis2,-6.7213135,-2.4510748,dis2,2
ACTCCCATCGAACTCA-1-dis2,-8.686963,-3.2866244,dis2,2
ACTGCAAAGGAAGTCC-1-dis2,-6.552957,-3.2412643,dis2,2
ACTGCAAGTCCTACGG-1-dis2,-11.138927,-3.0836196,dis2,0
ACTGTGATCACTGTCC-1-dis2,-11.456167,-3.6128147,dis2,0
ACTTAGGAGCAACAGC-1-dis2,-7.5451417,-2.2890751,dis2,2
ACTTTCACAAAGGATT-1-dis2,-8.245528,-2.2022758,dis2,2
AGAAATGAGCGTTAGG-1-dis2,-10.744476,-2.6008844,dis2,2
AGAAATGGTCTCCCTA-1-dis2,-7.563486,-3.429702,dis2,2
AGAACAAAGGTAGTCG-1-dis2,-9.028109,-1.9803181,dis2,2
AGACACTCACTGTCCT-1-dis2,-9.003768,-2.428059,dis2,2
AGACCATCATACATCG-1-dis2,-11.401278,-3.2827635,dis2,0
AGACCATTCTTAATCC-1-dis2,-10.18573,-2.424867,dis2,2
AGACCCGGTATTGACC-1-dis2,-10.29711,-4.7401958,dis2,0
AGACCCGGTGCCTACG-1-dis2,-9.017503,-3.6314929,dis2,2
AGACTCATCTCAACCC-1-dis2,-6.276895,-4.166106,dis2,2
AGAGAATCATTACTCT-1-dis2,-7.427565,-1.8598197,dis2,2
AGAGAATTCAACTTTC-1-dis2,-13.370801,-5.208785,dis2,0
AGAGCCCCAAGCACCC-1-dis2,-9.202158,-2.5316973,dis2,2
AGATGAAAGCAAGTCG-1-dis2,-7.0884333,-1.9866939,dis2,2
AGATGAACAGCAGTCC-1-dis2,-7.6119223,-2.195468,dis2,2
AGATGCTAGCGGCTCT-1-dis2,-7.971837,-2.0540102,dis2,2
AGATGCTAGTGATCGG-1-dis2,-8.1497755,-6.7016993,dis2,1
AGCCAATTCGCCCAGA-1-dis2,-7.8910522,-2.933854,dis2,2
AGCCAGCTCGGCTGTG-1-dis2,-5.756074,-2.6680558,dis2,2
AGCGATTAGACATCCT-1-dis2,-11.668772,-5.6005135,dis2,0
AGCGATTAGCCGGATA-1-dis2,-11.408402,-4.197923,dis2,0
AGCGATTGTTCCTAGA-1-dis2,-5.631143,-2.6388156,dis2,2
AGCGCCAGTCGTACAT-1-dis2,-10.138433,-3.001975,dis2,2
AGCGCTGAGGCCACTC-1-dis2,-11.014384,-4.45442,dis2,0
AGCGTATAGTATTGCC-1-dis2,-7.1058455,-2.905102,dis2,2
AGCGTCGAGTCACGCC-1-dis2,-9.564914,-2.782429,dis2,2
AGCTACAAGAATTGCA-1-dis2,-8.718569,-2.5254016,dis2,2
AGCTTCCGTATCTCGA-1-dis2,-11.3490925,-3.7392018,dis2,0
AGGACGAGTGGCTACC-1-dis2,-7.894738,-2.3236287,dis2,2
AGGACTTCATGCACTA-1-dis2,-10.793573,-4.4397483,dis2,0
AGGACTTTCATCTATC-1-dis2,-11.102559,-3.0019448,dis2,0
AGGAGGTCAAATACGA-1-dis2,-6.5901747,-2.3971393,dis2,2
AGGAGGTGTGGATCAG-1-dis2,-8.4123745,-2.6203456,dis2,2
AGGATAACACGACCTG-1-dis2,-10.881941,-2.9012682,dis2,0
AGGATCTTCGACATTG-1-dis2,-10.889855,-4.1259775,dis2,0
AGGATCTTCGCTTTAT-1-dis2,-12.764717,-5.3522573,dis2,0
AGGCATTAGATTGGGC-1-dis2,-5.8674884,-2.6892164,dis2,2
AGGCATTAGTTGTAAG-1-dis2,-8.285491,-3.2939992,dis2,2
AGGCATTCAACAGAGC-1-dis2,-9.977903,-4.1287513,dis2,2
AGGCATTCAGGCTACC-1-dis2,-4.9706407,-5.0139256,dis2,1
AGGCCACAGGGTCAAC-1-dis2,-6.942542,-2.9535909,dis2,2
AGGCTGCTCTGTCCGT-1-dis2,-5.154921,-2.7513006,dis2,2
AGGGCCTTCTTCACAT-1-dis2,-5.825504,-4.0985065,dis2,1
AGGGTCCAGACAACAT-1-dis2,-12.000126,-4.8031836,dis2,0
AGGGTCCAGGCACCAA-1-dis2,-11.63071,-4.4568033,dis2,0
AGGGTGACAGAGAGGG-1-dis2,-11.475379,-3.1112905,dis2,0
AGGTGTTTCTCAACGA-1-dis2,-8.43554,-2.3498118,dis2,2
AGGTTGTGTACTCCCT-1-dis2,-10.248167,-2.9020863,dis2,2
AGTAACCAGAGTCGAC-1-dis2,-6.818687,-2.5532515,dis2,2
AGTAACCGTTAGAGAT-1-dis2,-7.406516,-3.4543917,dis2,2
AGTACCACATGACTCA-1-dis2,-5.018233,-3.5188706,dis2,2
AGTAGCTAGTTTGTCG-1-dis2,-5.434786,-2.8889115,dis2,2
AGTAGTCCACCAGTTA-1-dis2,-6.949478,-2.2356172,dis2,2
AGTCATGCAAATGCTC-1-dis2,-9.43169,-2.9434884,dis2,2
AGTCATGGTCTAACGT-1-dis2,-11.333908,-3.9749079,dis2,0
AGTCTCCGTCGCTTAA-1-dis2,-12.675865,-6.1058235,dis2,0
AGTGACTCATCGCTCT-1-dis2,-11.666468,-4.2958,dis2,0
AGTGACTTCCATAAGC-1-dis2,-4.949261,-3.8311799,dis2,2
AGTGATCAGTAACAGT-1-dis2,-7.7441487,-2.4558358,dis2,2
AGTGATCAGTATGACA-1-dis2,-5.743837,-2.462359,dis2,2
AGTGTTGTCGATGGAG-1-dis2,-7.3625093,-1.8782473,dis2,2
AGTTAGCGTCGTTCAA-1-dis2,-7.293679,-2.3922977,dis2,2
AGTTCCCGTCGTCAGC-1-dis2,-6.4909406,-2.5248253,dis2,2
AGTTCGAAGCCAAGGT-1-dis2,-8.603018,-2.6348417,dis2,2
ATACCGAAGGCTCTCG-1-dis2,-5.858924,-2.8960657,dis2,2
ATACCGACAAGCCATT-1-dis2,-10.063876,-2.2387474,dis2,2
ATACCGAGTCTTAGTG-1-dis2,-12.3364725,-4.5719104,dis2,0
ATACCTTGTTGATCGT-1-dis2,-11.672126,-3.230269,dis2,0
ATACTTCGTAAGACCG-1-dis2,-8.512961,-2.764271,dis2,2
ATAGACCGTTCCTACC-1-dis2,-8.616505,-3.6385982,dis2,2
ATAGACCTCCGACATA-1-dis2,-8.471452,-2.6607692,dis2,2
ATAGGCTCAATAACCC-1-dis2,-10.18185,-3.6238403,dis2,0
ATAGGCTGTCACCGCA-1-dis2,-10.046676,-3.720973,dis2,2
ATAGGCTGTCCCTGTT-1-dis2,-7.3031945,-2.8377695,dis2,2
ATATCCTAGCGACAGT-1-dis2,-7.5046825,-2.9148982,dis2,2
ATATCCTAGGACACTG-1-dis2,-9.811642,-3.5612237,dis2,2
ATATCCTGTCAGTCGC-1-dis2,-7.513335,-2.2557278,dis2,2
ATCACAGGTCCGAAAG-1-dis2,-10.867493,-3.3871841,dis2,0
ATCACGAAGAGGTTTA-1-dis2,-10.446365,-2.3411796,dis2,2
ATCAGGTTCCGTGTCT-1-dis2,-9.241929,-6.853212,dis2,1
ATCATTCGTCGGTGTC-1-dis2,-10.422385,-3.8572142,dis2,0
ATCCACCAGTCGTCTA-1-dis2,-11.379854,-3.229411,dis2,0
ATCCACCCATATTCGG-1-dis2,-5.8481474,-2.5181744,dis2,2
ATCCACCGTCCGACGT-1-dis2,-11.522256,-4.7966366,dis2,0
ATCCATTTCTAAACGC-1-dis2,-6.3517966,-2.3403344,dis2,2
ATCCGTCCACTATCCC-1-dis2,-10.310721,-3.2953799,dis2,0
ATCGATGGTGTGTCCG-1-dis2,-9.510294,-6.3279943,dis2,1
ATCGATGTCCGTTTCG-1-dis2,-10.222585,-3.1634696,dis2,2
ATCGCCTTCCCTCAAC-1-dis2,-12.305718,-4.0432634,dis2,0
ATCGGCGGTTCGGTTA-1-dis2,-9.528955,-3.3801224,dis2,2
ATCGTAGCACCCATAA-1-dis2,-6.8133445,-3.1409867,dis2,2
ATCGTAGCACCTTCCA-1-dis2,-7.9654317,-2.7362344,dis2,2
ATCGTCCAGGATTACA-1-dis2,-9.19117,-3.4997168,dis2,2
ATCGTGAAGCTGTGCC-1-dis2,-7.1123257,-2.5366836,dis2,2
ATCGTGATCATTTGGG-1-dis2,-11.518488,-3.958606,dis2,0
ATCTTCACAGCGCGTT-1-dis2,-7.122246,-2.2557704,dis2,2
ATCTTCATCGCTAGCG-1-dis2,-8.623754,-2.4467378,dis2,2
ATGAAAGCATATCGGT-1-dis2,-8.825788,-2.3725245,dis2,2
ATGACCAGTCTGTCCT-1-dis2,-10.870933,-4.2318616,dis2,0
ATGAGGGGTCGGTAAG-1-dis2,-7.1003914,-3.024219,dis2,2
ATGAGGGTCCTCATAT-1-dis2,-5.3937225,-3.4854994,dis2,2
ATGAGTCGTCGGTGTC-1-dis2,-5.535969,-3.2009456,dis2,2
ATGAGTCTCGCTTAAG-1-dis2,-6.485083,-2.7232199,dis2,2
ATGATCGAGGATTCCT-1-dis2,-9.256883,-5.597207,dis2,1
ATGCATGAGCCGATCC-1-dis2,-6.577468,-2.512012,dis2,2
ATGCATGAGGTTTACC-1-dis2,-10.889013,-3.6164694,dis2,0
ATGCATGGTATCTCTT-1-dis2,-8.865119,-2.3257856,dis2,2
ATGCGATTCAGGAAAT-1-dis2,-10.464702,-3.3752406,dis2,0
ATGGAGGAGTCAGAGC-1-dis2,-7.5469403,-2.454843,dis2,2
ATGGATCTCATCGACA-1-dis2,-6.9983463,-2.273907,dis2,2
ATGGGAGAGGTAGTAT-1-dis2,-5.138191,-4.7747865,dis2,1
ATGGGTTCAGCTTTGA-1-dis2,-6.965117,-3.335412,dis2,2
ATGGGTTTCCCATACC-1-dis2,-9.309597,-3.6379452,dis2,2
ATGGTTGCATCTATCT-1-dis2,-10.609609,-2.8281798,dis2,2
ATGTCCCGTATCCCTC-1-dis2,-7.9742723,-2.3257046,dis2,2
ATGTCCCGTGCACAAG-1-dis2,-11.157912,-4.42615,dis2,0
ATTACCTCAGCGTTGC-1-dis2,-10.867099,-3.8382564,dis2,0
ATTACCTTCCTACAAG-1-dis2,-10.520538,-3.6628127,dis2,0
ATTACTCTCTTGGTCC-1-dis2,-6.3903117,-2.797164,dis2,2
ATTATCCTCAAGCCAT-1-dis2,-8.669312,-3.5739846,dis2,2
ATTCAGGGTCATCACA-1-dis2,-8.030189,-2.9397936,dis2,2
ATTCCATCAGGTGTGA-1-dis2,-9.394518,-4.148185,dis2,2
ATTCCCGAGAGCAACC-1-dis2,-7.3952827,-2.1564574,dis2,2
ATTCCCGGTAACATGA-1-dis2,-11.92762,-5.808069,dis2,0
ATTCCTAGTAAGGCCA-1-dis2,-7.2862825,-3.209636,dis2,2
ATTCGTTAGTCGGGAT-1-dis2,-9.881614,-3.5460527,dis2,2
ATTCGTTGTACATTGC-1-dis2,-12.529547,-4.5866,dis2,0
ATTCTACAGGCGTTGA-1-dis2,-9.245215,-2.6689222,dis2,2
ATTCTACCATGACTCA-1-dis2,-10.334785,-3.1118333,dis2,2
ATTCTACTCCGCACTT-1-dis2,-8.82839,-2.3345578,dis2,2
ATTCTTGAGTTGGCTT-1-dis2,-12.439889,-3.943931,dis2,0
ATTGTTCAGAGTGTGC-1-dis2,-9.01019,-3.1067374,dis2,2
ATTGTTCCAACCAACT-1-dis2,-8.473474,-2.729757,dis2,2
ATTGTTCCACCCTAGG-1-dis2,-10.523598,-6.163805,dis2,0
ATTTCTGAGACTCTTG-1-dis2,-9.995448,-4.0203824,dis2,2
ATTTCTGCAACAAAGT-1-dis2,-12.780527,-4.888811,dis2,0
ATTTCTGCAATGCAGG-1-dis2,-9.392778,-2.7753158,dis2,2
CAAAGAAAGAGCCCAA-1-dis2,-9.666566,-3.1555085,dis2,2
CAAAGAATCAGTAGGG-1-dis2,-5.8516746,-2.6361048,dis2,2
CAACCAAGTGCTGCAC-1-dis2,-10.912835,-3.162727,dis2,0
CAACGATGTACCAATC-1-dis2,-11.545759,-2.9599497,dis2,0
CAACGATGTTTCACAG-1-dis2,-6.443844,-2.9138963,dis2,2
CAACGATTCCCAGGAC-1-dis2,-7.597639,-7.284981,dis2,1
CAACGATTCTACACTT-1-dis2,-8.47148,-2.146783,dis2,2
CAACGGCCAATGCAAA-1-dis2,-5.528318,-2.5095975,dis2,2
CAAGACTCAAGCGGAT-1-dis2,-11.104761,-4.005136,dis2,0
CAAGAGGAGCGTATGG-1-dis2,-11.459557,-4.8013053,dis2,0
CAAGAGGCAAGCGAGT-1-dis2,-6.670567,-3.0132678,dis2,2
CAAGCTAGTTTCTTAC-1-dis2,-8.316015,-3.016326,dis2,2
CAAGGGAAGCACCAGA-1-dis2,-7.766137,-1.927058,dis2,2
CAATACGTCTGGGTCG-1-dis2,-9.366957,-2.2754927,dis2,2
CAATCGAAGCACTAGG-1-dis2,-5.401159,-2.6200652,dis2,2
CAATCGAGTGACGCCT-1-dis2,-12.570173,-3.6626103,dis2,0
CAATCGAGTTTGCCGG-1-dis2,-7.453925,-3.3436859,dis2,2
CACAACAGTCGTGTTA-1-dis2,-8.329867,-2.5254023,dis2,2
CACAACAGTTGCACGC-1-dis2,-10.498865,-2.4912872,dis2,2
CACACAAAGCATTGTC-1-dis2,-8.714385,-2.4402487,dis2,2
CACACAACAGTTACCA-1-dis2,-6.893961,-3.3548803,dis2,2
CACACAAGTAGGATAT-1-dis2,-6.843935,-3.546625,dis2,2
CACAGATTCAAGTCTG-1-dis2,-7.4510183,-3.0970361,dis2,2
CACAGATTCAGACCTA-1-dis2,-7.6244063,-3.10722,dis2,2
CACATGAGTCACGTGC-1-dis2,-7.167027,-3.2203293,dis2,2
CACGGGTGTCCCGGTA-1-dis2,-7.638648,-2.9425166,dis2,2
CACGTGGAGGTAGGCT-1-dis2,-10.133514,-3.0258036,dis2,2
CACTAAGCATTGCTGA-1-dis2,-9.000626,-3.5032678,dis2,2
CACTTCGAGCACTCTA-1-dis2,-9.461182,-3.8632123,dis2,2
CAGAGCCAGGTACTGG-1-dis2,-11.188988,-3.453215,dis2,0
CAGATACAGTTGGACG-1-dis2,-7.1079674,-3.067729,dis2,2
CAGATACCACCTTCCA-1-dis2,-8.076576,-3.2681763,dis2,2
CAGCAATAGCCAAGCA-1-dis2,-11.472907,-4.7502384,dis2,0
CAGCACGGTTGATGTC-1-dis2,-7.023717,-2.324531,dis2,2
CAGCAGCCACACTGGC-1-dis2,-9.106451,-3.5305872,dis2,2
CAGCGTGTCACCCTGT-1-dis2,-6.822028,-2.1968446,dis2,2
CAGGCCATCGTTAGAC-1-dis2,-6.1213694,-3.8905792,dis2,2
CAGGTATCACCCTGTT-1-dis2,-11.869325,-4.1096563,dis2,0
CAGTGCGGTTTAGACC-1-dis2,-5.649509,-3.715425,dis2,2
CATAAGCAGGCCTAAG-1-dis2,-10.965964,-3.5342174,dis2,0
CATACAGAGACAGTCG-1-dis2,-11.516563,-4.930152,dis2,0
CATACAGGTAAGATTG-1-dis2,-9.411585,-2.3641381,dis2,2
CATACAGGTTAAACCC-1-dis2,-11.053723,-3.1233509,dis2,0
CATACCCCACGTCTCT-1-dis2,-12.808438,-5.311085,dis2,0
CATACTTTCCATCTAT-1-dis2,-10.474935,-3.76763,dis2,0
CATACTTTCGAAGAAT-1-dis2,-6.135888,-2.2593973,dis2,2
CATCAAGCATGAGTAA-1-dis2,-8.684963,-3.0011587,dis2,2
CATCCACTCCGGACGT-1-dis2,-10.319818,-3.8550181,dis2,0
CATCGTCAGAAGTCAT-1-dis2,-8.495345,-2.1960573,dis2,2
CATCGTCAGCACTGGA-1-dis2,-9.221985,-2.877496,dis2,2
CATGAGTAGGTTCACT-1-dis2,-7.3351574,-2.8775787,dis2,2
CATGAGTCAGTCTGGC-1-dis2,-10.464986,-3.0988553,dis2,0
CATGAGTCATCCAATG-1-dis2,-11.020261,-3.7437086,dis2,0
CATGAGTCATCGATGT-1-dis2,-10.613369,-4.4766145,dis2,0
CATGCAACAACAAAGT-1-dis2,-12.428401,-5.141144,dis2,0
CATGCCTAGCCGAATG-1-dis2,-8.462141,-2.5111108,dis2,2
CATGCGGAGGTACTGG-1-dis2,-5.79181,-2.4936166,dis2,2
CATGCGGCAAGTATCC-1-dis2,-6.838939,-2.284359,dis2,2
CATGCTCCAGCCTACG-1-dis2,-6.4646163,-3.5907676,dis2,2
CATGCTCGTCTTCTAT-1-dis2,-10.423349,-4.4209213,dis2,0
CATTGAGAGCCATATC-1-dis2,-6.9864163,-3.866568,dis2,2
CATTGCCGTCCCTGTT-1-dis2,-5.834133,-2.8904245,dis2,2
CATTTCATCTAGACAC-1-dis2,-8.459329,-2.7174602,dis2,2
CCAATGAGTAACATGA-1-dis2,-11.500705,-5.4282193,dis2,0
CCAATTTGTATCCTCC-1-dis2,-5.242414,-4.752889,dis2,1
CCAATTTGTGCCCGTA-1-dis2,-6.4828687,-2.524887,dis2,2
CCACAAATCTCAATCT-1-dis2,-8.115821,-1.8004795,dis2,2
CCACACTGTAGTACGG-1-dis2,-5.0696344,-4.900566,dis2,1
CCACGAGTCCAGCTCT-1-dis2,-5.3620152,-2.9109697,dis2,2
CCACTTGAGCCTATCA-1-dis2,-9.311709,-2.949326,dis2,2
CCATAAGTCGTCGATA-1-dis2,-12.326907,-4.1814413,dis2,0
CCATCACGTGAGTAGC-1-dis2,-8.563942,-2.8607388,dis2,2
CCCAACTAGTTCTCTT-1-dis2,-7.432748,-2.1107855,dis2,2
CCCGAAGAGTATGGAT-1-dis2,-6.421066,-2.3552728,dis2,2
CCCTAACAGAGTACCG-1-dis2,-7.1009297,-2.3674822,dis2,2
CCCTAACGTACAGAGC-1-dis2,-7.5544753,-2.793483,dis2,2
CCCTAACTCGGCGATC-1-dis2,-10.751693,-5.220067,dis2,0
CCCTGATTCGACATCA-1-dis2,-10.322665,-2.4504178,dis2,2
CCCTGATTCGACATTG-1-dis2,-6.254828,-2.263424,dis2,2
CCGAACGAGATAGCTA-1-dis2,-5.3118634,-4.7889733,dis2,1
CCGAACGGTTGATGTC-1-dis2,-10.236054,-3.7523937,dis2,2
CCGATCTAGCAATAGT-1-dis2,-5.873227,-2.8047178,dis2,2
CCGATCTAGCGGTAGT-1-dis2,-12.061795,-5.152564,dis2,0
CCGATGGTCGACGAGA-1-dis2,-11.586832,-5.0988407,dis2,0
CCGCAAGGTGTTTCTT-1-dis2,-11.59665,-5.2754517,dis2,0
CCGGACATCAATCCAG-1-dis2,-10.622009,-3.949119,dis2,0
CCGGGTAAGTCACAGG-1-dis2,-10.324643,-4.3595915,dis2,0
CCGGGTAGTCGAATGG-1-dis2,-9.224541,-3.5580459,dis2,2
CCGGTAGGTACCTAAC-1-dis2,-8.588768,-3.099474,dis2,2
CCGTAGGCAGCCTACG-1-dis2,-7.4429317,-2.672616,dis2,2
CCTATCGCACTGTGTA-1-dis2,-9.787645,-3.3186357,dis2,2
CCTATCGTCACTCCGT-1-dis2,-11.529805,-3.1004255,dis2,0
CCTATCGTCGCCAATA-1-dis2,-12.591189,-3.895724,dis2,0
CCTATCGTCGGCTATA-1-dis2,-9.3056,-2.279013,dis2,2
CCTCAACGTGACCGTC-1-dis2,-7.9288497,-2.5856936,dis2,2
CCTCAGTTCGCTACGG-1-dis2,-8.756887,-1.9956399,dis2,2
CCTCATGCAGGTGTTT-1-dis2,-6.5370393,-3.2094173,dis2,2
CCTCATGGTCCACATA-1-dis2,-12.702395,-4.889242,dis2,0
CCTCTAGAGATTGGGC-1-dis2,-5.523945,-3.415526,dis2,2
CCTCTAGTCTTCTGGC-1-dis2,-5.574803,-2.7276628,dis2,2
CCTCTCCAGACTCTTG-1-dis2,-11.087541,-3.6308653,dis2,0
CCTCTCCAGGTACCTT-1-dis2,-10.97418,-3.3585365,dis2,0
CCTCTCCCAAGCTACT-1-dis2,-8.338339,-3.0249999,dis2,2
CCTGTTGTCGTTCTCG-1-dis2,-9.527223,-2.6041934,dis2,2
CCTTCAGGTTCAAAGA-1-dis2,-11.746849,-4.7939487,dis2,0
CCTTGTGAGCGCGTTC-1-dis2,-11.442031,-3.4734526,dis2,0
CCTTGTGAGGTGATAT-1-dis2,-9.198525,-2.7602065,dis2,2
CGAAGGAGTGGACCAA-1-dis2,-5.8097568,-2.3856921,dis2,2
CGAAGTTTCGCATGAT-1-dis2,-7.036384,-3.9375155,dis2,2
CGAATTGAGTAGAATC-1-dis2,-10.748715,-3.8413992,dis2,0
CGAATTGCACAAATAG-1-dis2,-10.85414,-2.7268558,dis2,2
CGAGAAGAGATTACCC-1-dis2,-9.540477,-2.4738913,dis2,2
CGATGCGGTTCGTACA-1-dis2,-6.446317,-2.2590053,dis2,2
CGATGCGTCGATGCTA-1-dis2,-12.49145,-4.7527227,dis2,0
CGATGGCAGCGTGCTC-1-dis2,-7.8034616,-3.5569007,dis2,2
CGCAGGTGTAGGAAAG-1-dis2,-7.0726433,-3.1358848,dis2,2
CGCATAAGTAGAATAC-1-dis2,-6.7172813,-2.966321,dis2,2
CGCATGGCATGCGGTC-1-dis2,-11.758182,-4.8001323,dis2,0
CGCCATTCAGTGTGCC-1-dis2,-9.160705,-2.284695,dis2,2
CGCCATTTCTCGGTCT-1-dis2,-10.377141,-2.4443324,dis2,2
CGCGTGATCACCGGGT-1-dis2,-9.013304,-3.262273,dis2,2
CGCGTGATCTTTGCTA-1-dis2,-8.60734,-2.7328162,dis2,2
CGGAACCCAAGGCGTA-1-dis2,-6.1399617,-3.2042844,dis2,2
CGGAACCGTAGCGATG-1-dis2,-7.7857113,-2.0980651,dis2,2
CGGACACTCTACACAG-1-dis2,-8.590005,-2.5959396,dis2,2
CGGAGAAAGCACGGAT-1-dis2,-10.835956,-3.5970879,dis2,0
CGGAGAAAGGTAGCCA-1-dis2,-10.550617,-3.5025659,dis2,0
CGGAGAACATGGATCT-1-dis2,-13.066522,-4.1627154,dis2,0
CGGAGAAGTCCACATA-1-dis2,-5.319368,-3.0016081,dis2,2
CGGGTCATCCCTTTGG-1-dis2,-4.813609,-5.2430425,dis2,1
CGGGTGTCAATCCAGT-1-dis2,-8.320098,-3.4240348,dis2,2
CGGTCAGGTTTCACTT-1-dis2,-7.661011,-3.0706565,dis2,2
CGTAAGTCAGATTTCG-1-dis2,-8.790953,-2.1390889,dis2,2
CGTAAGTGTTTGTTCT-1-dis2,-4.9493074,-5.001314,dis2,1
CGTAATGCACAACATC-1-dis2,-8.187658,-2.3415906,dis2,2
CGTAATGCAGCAGTGA-1-dis2,-6.012268,-3.60164,dis2,2
CGTCAAATCGTAGTCA-1-dis2,-6.547706,-3.1983469,dis2,2
CGTGAATCAGGCAATG-1-dis2,-6.3322463,-2.463421,dis2,2
CGTGAATGTCCCTGTT-1-dis2,-5.6047635,-2.6435854,dis2,2
CGTGATACACAGTACT-1-dis2,-8.469728,-3.1722658,dis2,2
CGTGCTTAGGTTAAAC-1-dis2,-12.865853,-6.2218895,dis2,0
CGTGTCTAGGTATAGT-1-dis2,-12.073694,-4.6235046,dis2,0
CTAACCCAGAGAATCT-1-dis2,-6.627146,-2.9722605,dis2,2
CTAACCCCATACCGTA-1-dis2,-13.159296,-4.1451893,dis2,0
CTACAGACATAGTCGT-1-dis2,-6.9192777,-3.2037559,dis2,2
CTACAGATCATTGCTT-1-dis2,-10.438748,-2.5757263,dis2,2
CTACATTAGCGTCAAG-1-dis2,-8.028032,-2.7816176,dis2,2
CTACCCACACACCGAC-1-dis2,-9.689277,-3.669841,dis2,2
CTACCCACACCCTGAG-1-dis2,-10.037731,-2.2778091,dis2,2
CTACCTGAGAAAGCGA-1-dis2,-6.122383,-2.3393757,dis2,2
CTACGGGAGATGACCG-1-dis2,-12.941132,-4.0774503,dis2,0
CTACTATGTCACTACA-1-dis2,-8.4027605,-4.7052035,dis2,2
CTAGACAAGCGTGCTC-1-dis2,-11.332726,-4.177057,dis2,0
CTAGACACATCGGCCA-1-dis2,-12.378329,-3.493014,dis2,0
CTAGACACATGTGACT-1-dis2,-10.94342,-4.00874,dis2,0
CTAGGTAAGAGTGAAG-1-dis2,-9.137298,-3.9560497,dis2,2
CTATAGGCAATAGTCC-1-dis2,-8.195191,-2.7008517,dis2,2
CTATCTACACGTCGTG-1-dis2,-5.82686,-2.3924327,dis2,2
CTCAACCAGCACTTTG-1-dis2,-9.968862,-2.7730477,dis2,2
CTCAACCCAGTGACCC-1-dis2,-9.514587,-2.1228871,dis2,2
CTCAACCGTTTACCTT-1-dis2,-10.762867,-2.545058,dis2,2
CTCAAGAAGAGAGCAA-1-dis2,-9.897046,-3.8851566,dis2,2
CTCAATTTCGAACGGA-1-dis2,-8.635423,-2.981816,dis2,2
CTCACTGGTAGCTCGC-1-dis2,-9.028399,-6.802722,dis2,1
CTCACTGGTCATAGTC-1-dis2,-9.854479,-4.895705,dis2,2
CTCACTGGTGGCTTGC-1-dis2,-8.713206,-2.5991645,dis2,2
CTCAGTCGTACAAGTA-1-dis2,-9.39536,-2.8168705,dis2,2
CTCCATGCAGCGTTTA-1-dis2,-9.685092,-7.2434907,dis2,1
CTCCATGTCGTTGTAG-1-dis2,-11.039254,-4.757068,dis2,0
CTCCCAAAGAGCCATG-1-dis2,-7.765604,-2.6658819,dis2,2
CTCCCAAAGTACTCGT-1-dis2,-10.606426,-2.9835355,dis2,2
CTCCTCCCACTGTTCC-1-dis2,-6.1218224,-2.645526,dis2,2
CTCCTCCGTCTGATCA-1-dis2,-9.508681,-3.4506822,dis2,2
CTCCTTTAGAAGCGGG-1-dis2,-7.957436,-3.7492518,dis2,2
CTCGAGGGTATTGGCT-1-dis2,-9.598369,-3.3048928,dis2,2
CTCTCAGGTGTGATGG-1-dis2,-9.063151,-2.0943742,dis2,2
CTCTGGTAGCTGCGAA-1-dis2,-6.2761717,-3.1460767,dis2,2
CTCTGGTCACGTTCGG-1-dis2,-10.417656,-3.0906544,dis2,2
CTCTGGTTCACGACTA-1-dis2,-11.628284,-4.1496153,dis2,0
CTGAGCGAGATCACCT-1-dis2,-7.325592,-3.4072173,dis2,2
CTGAGCGAGTAACCTC-1-dis2,-8.025521,-2.6403196,dis2,2
CTGAGCGGTGCTGCAC-1-dis2,-6.274012,-2.2272725,dis2,2
CTGAGGCCACCTGCAG-1-dis2,-6.962757,-2.698387,dis2,2
CTGAGGCTCGGCTCTT-1-dis2,-10.24689,-3.7182913,dis2,2
CTGATCCTCATTGTTC-1-dis2,-7.126623,-3.3527844,dis2,2
CTGCAGGGTCTCCTGT-1-dis2,-11.629156,-4.631129,dis2,0
CTGCATCAGTCAGCGA-1-dis2,-5.299176,-2.8669603,dis2,2
CTGCATCGTCAGGAGT-1-dis2,-8.281455,-3.4168355,dis2,2
CTGCCATGTTTGCAGT-1-dis2,-7.4364576,-2.2889194,dis2,2
CTGCCTACACGGCCAT-1-dis2,-11.219554,-2.7940776,dis2,0
CTGCGAGGTCTGTAGT-1-dis2,-13.068931,-4.888821,dis2,0
CTGCTCAGTGTCCCTT-1-dis2,-8.165103,-2.8513687,dis2,2
CTGGCAGCACGACGTC-1-dis2,-5.9322133,-3.178126,dis2,2
CTGGCAGTCCTCTAAT-1-dis2,-9.442809,-3.6876497,dis2,2
CTGTACCCATATCTCT-1-dis2,-6.2559047,-3.2259388,dis2,2
CTGTACCTCTCCATAT-1-dis2,-7.7412295,-7.126371,dis2,1
CTGTAGAGTATTGCCA-1-dis2,-10.174414,-2.871191,dis2,2
CTGTGGGAGCATGAAT-1-dis2,-11.846737,-5.516339,dis2,0
CTGTGGGCAATTGGTC-1-dis2,-7.542844,-2.884745,dis2,2
CTTACCGTCGGCTATA-1-dis2,-9.926559,-3.3607385,dis2,2
CTTCAATAGCAATAAC-1-dis2,-10.724386,-2.8442776,dis2,2
CTTCCGACATCAACCA-1-dis2,-11.610796,-4.7619743,dis2,0
CTTCCTTTCACGAACT-1-dis2,-6.08876,-2.432928,dis2,2
CTTCGGTAGTTAGTAG-1-dis2,-7.312126,-2.312688,dis2,2
CTTCGGTGTATCGAGG-1-dis2,-11.190201,-3.6892762,dis2,0
CTTCTAACACCCTGTT-1-dis2,-5.7476788,-4.0820107,dis2,1
CTTCTAAGTTTGGGTT-1-dis2,-8.718161,-2.421672,dis2,2
CTTCTAATCGTTGCCT-1-dis2,-5.5032268,-4.439983,dis2,1
CTTGATTCAATGCTCA-1-dis2,-11.988916,-2.935172,dis2,0
CTTGATTGTCACTACA-1-dis2,-6.9818616,-2.4767418,dis2,2
CTTGATTGTGTCACAT-1-dis2,-11.319302,-3.659592,dis2,0
GAAACCTTCACCCTGT-1-dis2,-10.016836,-3.4603913,dis2,2
GAAATGAAGAAGTGTT-1-dis2,-11.150212,-3.033754,dis2,0
GAACACTCAGGAAGTC-1-dis2,-10.371442,-3.8342922,dis2,0
GAACACTCATACCATG-1-dis2,-10.769349,-3.1023884,dis2,0
GAACGTTGTTCACGAT-1-dis2,-11.916299,-3.178951,dis2,0
GAACTGTTCAAGCCCG-1-dis2,-6.154635,-2.1250927,dis2,2
GAAGAATTCGTGGGTC-1-dis2,-9.626029,-3.420582,dis2,2
GAAGGGTAGGGATCTG-1-dis2,-8.630267,-2.452972,dis2,2
GAATCACGTCTGTGAT-1-dis2,-10.314382,-3.8012564,dis2,0
GACACGCCAGATACCT-1-dis2,-12.303537,-4.909439,dis2,0
GACACGCGTTGTAGCT-1-dis2,-6.5915375,-2.4138846,dis2,2
GACAGCCCAAGAATGT-1-dis2,-7.2315454,-2.9790206,dis2,2
GACAGCCCACCCTGAG-1-dis2,-8.49463,-2.928896,dis2,2
GACAGCCCAGGGACTA-1-dis2,-11.828955,-4.041058,dis2,0
GACCAATCACTTCTCG-1-dis2,-8.179465,-3.2190807,dis2,2
GACCCAGGTATTCTCT-1-dis2,-8.008401,-2.3493707,dis2,2
GACCCAGGTCAGCGTC-1-dis2,-8.921454,-3.1131165,dis2,2
GACCCTTTCAATCCGA-1-dis2,-8.24457,-3.1412952,dis2,2
GACCGTGCAACCAGAG-1-dis2,-6.166391,-3.2347863,dis2,2
GACCGTGCACGACGCT-1-dis2,-7.214958,-2.6779199,dis2,2
GACCGTGGTCACTCTC-1-dis2,-7.109335,-2.5920165,dis2,2
GACCGTGGTCACTTCC-1-dis2,-8.040167,-2.7391531,dis2,2
GACTATGCAACAGATA-1-dis2,-6.041421,-2.6900637,dis2,2
GACTCTCTCTCAGAAC-1-dis2,-12.285098,-4.6732516,dis2,0
GACTGATTCTATCACT-1-dis2,-10.239493,-3.3380659,dis2,2
GAGACTTGTATCCTCC-1-dis2,-6.77872,-2.838557,dis2,2
GAGAGGTCACGTGAGA-1-dis2,-8.667202,-3.3638546,dis2,2
GAGATGGAGCGCCATC-1-dis2,-11.028756,-2.9003139,dis2,0
GAGATGGCAGTAGAAT-1-dis2,-10.581973,-2.47199,dis2,2
GAGATGGGTGTTATCG-1-dis2,-7.896048,-2.7549565,dis2,2
GAGCCTGAGTCCCGGT-1-dis2,-10.211342,-4.330435,dis2,0
GAGCCTGCACATTGTG-1-dis2,-7.2994084,-2.7082307,dis2,2
GAGCCTGTCTGCTAGA-1-dis2,-12.547961,-4.7337456,dis2,0
GAGCTGCAGTTCTACG-1-dis2,-7.7912393,-2.7295418,dis2,2
GAGGCAACAACCAATC-1-dis2,-7.1389685,-2.612081,dis2,2
GAGGGATTCAACGAGG-1-dis2,-10.02728,-3.5267293,dis2,2
GAGGGATTCTTGGGCG-1-dis2,-7.899434,-2.502276,dis2,2
GAGGGTACAATAACGA-1-dis2,-10.10359,-2.7551658,dis2,2
GAGGGTAGTCAGTCTA-1-dis2,-6.301155,-2.1630683,dis2,2
GAGTCATCAAGAATGT-1-dis2,-9.013213,-6.3501277,dis2,1
GAGTCATCAGCGATTT-1-dis2,-9.046845,-3.3618448,dis2,2
GAGTCTATCGGTCAGC-1-dis2,-8.01314,-5.0195427,dis2,1
GAGTCTATCTCTGCCA-1-dis2,-9.076043,-3.7903118,dis2,2
GAGTGAGGTGGATGAC-1-dis2,-9.814326,-3.1020877,dis2,2
GAGTTACGTGTAGCAG-1-dis2,-6.7165837,-1.8093736,dis2,2
GAGTTGTGTATCGATC-1-dis2,-7.5112486,-3.3307927,dis2,2
GAGTTTGGTGATTCTG-1-dis2,-12.585086,-4.510275,dis2,0
GATAGAATCGTTCGCT-1-dis2,-8.390807,-3.3620253,dis2,2
GATAGCTCAACCTATG-1-dis2,-9.4695425,-4.0780945,dis2,2
GATAGCTTCATTGAGC-1-dis2,-7.273269,-3.0275862,dis2,2
GATAGCTTCGCTTTAT-1-dis2,-10.15049,-3.152099,dis2,2
GATCACATCGCCAGAC-1-dis2,-11.2822485,-3.6022303,dis2,0
GATCAGTAGCCTCAGC-1-dis2,-6.2080936,-2.620375,dis2,2
GATCAGTAGTAGCATA-1-dis2,-8.720184,-2.4929864,dis2,2
GATCAGTAGTATTAGG-1-dis2,-8.027019,-2.9512084,dis2,2
GATCCCTAGGTCATAA-1-dis2,-8.026744,-2.933258,dis2,2
GATCGTATCTTTCCGG-1-dis2,-9.47301,-2.0594063,dis2,2
GATGACTAGGACAAGA-1-dis2,-6.535559,-2.579953,dis2,2
GATGCTACAACTCATG-1-dis2,-6.418328,-3.067891,dis2,2
GATGGAGCATACTTTC-1-dis2,-5.499246,-2.818062,dis2,2
GATGTTGCATATGAAG-1-dis2,-12.073348,-4.944326,dis2,0
GATTCGACAGCTGTGC-1-dis2,-11.418787,-4.092021,dis2,0
GATTGGTAGCGAACTG-1-dis2,-4.825363,-5.1874123,dis2,1
GATTGGTTCCTGCTAC-1-dis2,-11.765811,-4.2206903,dis2,0
GATTTCTCACCCTTAC-1-dis2,-5.5110574,-4.307569,dis2,1
GCAACATCAACTCGAT-1-dis2,-8.973257,-3.1041145,dis2,2
GCAACCGCACATATCG-1-dis2,-8.597644,-2.840829,dis2,2
GCACATAGTTCGTAAC-1-dis2,-10.923549,-3.8536572,dis2,0
GCACATATCATTCGTT-1-dis2,-6.178309,-2.8370285,dis2,2
GCACTAACACTTGGGC-1-dis2,-9.549312,-1.8631606,dis2,2
GCACTAATCGTCACCT-1-dis2,-6.315035,-2.110029,dis2,2
GCAGCTGCAAACTCGT-1-dis2,-5.445481,-2.8798134,dis2,2
GCAGGCTAGCCACAAG-1-dis2,-5.3033395,-2.9885564,dis2,2
GCAGGCTGTCACTTAG-1-dis2,-10.1105385,-6.335839,dis2,1
GCAGGCTTCTACCAGA-1-dis2,-9.007777,-2.848269,dis2,2
GCAGTTACAGACCGCT-1-dis2,-8.128015,-2.2612112,dis2,2
GCATCGGCAGTAACAA-1-dis2,-7.4647646,-3.039337,dis2,2
GCATGATAGACTCTTG-1-dis2,-10.339666,-3.8206089,dis2,0
GCATTAGGTTGCATCA-1-dis2,-9.22717,-2.4160097,dis2,2
GCCAACGGTTAGGCTT-1-dis2,-7.875641,-2.6492448,dis2,2
GCCAACGTCCGCAACG-1-dis2,-7.872245,-2.661024,dis2,2
GCCAGCACAGGTGAGT-1-dis2,-11.285105,-3.7095046,dis2,0
GCCAGTGTCGCCACTT-1-dis2,-8.316725,-3.0400147,dis2,2
GCCATTCCAAATACGA-1-dis2,-9.449231,-2.8394885,dis2,2
GCCCAGAAGGTTGACG-1-dis2,-11.785888,-3.1279278,dis2,0
GCCCAGAAGTATCCTG-1-dis2,-10.455181,-3.227566,dis2,2
GCCGATGCAAAGGGTC-1-dis2,-9.17953,-2.462581,dis2,2
GCCGATGGTGACTGAG-1-dis2,-9.54401,-4.103239,dis2,0
GCCTGTTTCTAAACGC-1-dis2,-6.6126413,-2.0532627,dis2,2
GCGATCGAGGCTCCCA-1-dis2,-5.5015826,-2.7843275,dis2,2
GCGTGCAGTCACATTG-1-dis2,-12.792654,-4.9578843,dis2,0
GCGTGCATCGGCCCAA-1-dis2,-12.026411,-4.6403847,dis2,0
GCGTTTCAGACATCCT-1-dis2,-11.465831,-4.6721954,dis2,0
GCGTTTCTCCTATTGT-1-dis2,-6.7490044,-3.443649,dis2,2
GCTACAAAGCCATGCC-1-dis2,-11.376231,-4.480981,dis2,0
GCTACCTCAGTGCGCT-1-dis2,-8.918537,-2.4726665,dis2,2
GCTACCTGTCTACGTA-1-dis2,-9.447609,-3.841381,dis2,2
GCTGCAGGTGTTCCTC-1-dis2,-7.9697385,-2.5297887,dis2,2
GCTTCACAGTCCCGGT-1-dis2,-10.397321,-4.917322,dis2,0
GCTTCACCATACTTTC-1-dis2,-8.443625,-3.0432806,dis2,2
GCTTCACCATTAAGCC-1-dis2,-12.962461,-5.26668,dis2,0
GCTTCACTCGTGAGAG-1-dis2,-8.854327,-2.8202326,dis2,2
GCTTCACTCTCCGATC-1-dis2,-5.2028375,-2.904994,dis2,2
GGAACCCGTAGGATAT-1-dis2,-12.155245,-4.7768025,dis2,0
GGAACCCTCAACTTTC-1-dis2,-9.341011,-3.8747084,dis2,2
GGAACCCTCATACAGC-1-dis2,-9.608182,-2.8883533,dis2,2
GGAGAACGTCAATGGG-1-dis2,-11.107547,-3.886006,dis2,0
GGAGATGAGGAGATAG-1-dis2,-11.327658,-5.083631,dis2,0
GGAGATGCAAGTGATA-1-dis2,-6.147371,-3.9601877,dis2,2
GGAGATGGTACGACAG-1-dis2,-8.997791,-2.8532877,dis2,2
GGAGCAAGTCGTGATT-1-dis2,-8.036933,-2.4189506,dis2,2
GGAGGTATCATTCCTA-1-dis2,-9.814323,-3.002281,dis2,2
GGATCTACACTGTTCC-1-dis2,-7.387098,-2.7354822,dis2,2
GGATGTTCACCTGTCT-1-dis2,-10.644219,-3.4067655,dis2,0
GGATGTTCAGATCACT-1-dis2,-11.725863,-4.5588117,dis2,0
GGATGTTTCTCATTTG-1-dis2,-5.5086107,-3.133895,dis2,2
GGCAGTCCAGGACATG-1-dis2,-8.299266,-3.0463219,dis2,2
GGCAGTCCAGGCAATG-1-dis2,-10.2822075,-3.4482028,dis2,2
GGCAGTCGTGAGCAGT-1-dis2,-7.2498865,-2.8383336,dis2,2
GGCGTCACAAAGGCTG-1-dis2,-8.087953,-2.2757025,dis2,2
GGCGTCAGTTGCATTG-1-dis2,-8.785852,-3.1512969,dis2,2
GGCTGTGAGTGGCGAT-1-dis2,-7.3807926,-2.6547072,dis2,2
GGCTGTGTCACTGATG-1-dis2,-5.3610606,-4.561784,dis2,1
GGCTTGGCACGCTGTG-1-dis2,-6.640969,-2.8628643,dis2,2
GGGAAGTAGCAAGGAA-1-dis2,-10.653927,-4.192082,dis2,0
GGGAAGTAGCACCAGA-1-dis2,-5.1151853,-7.341574,dis2,1
GGGACAAGTACCCACG-1-dis2,-7.040338,-3.0417411,dis2,2
GGGACCTAGACGACGT-1-dis2,-6.0054126,-2.449553,dis2,2
GGGACCTAGTTCCATG-1-dis2,-6.0463295,-2.2945333,dis2,2
GGGACCTGTGTAAACA-1-dis2,-6.428394,-2.4185178,dis2,2
GGGACCTTCAGGACAG-1-dis2,-9.723087,-2.2356124,dis2,2
GGGACCTTCTACTTCA-1-dis2,-8.670431,-3.0886579,dis2,2
GGGACTCCACACACTA-1-dis2,-6.34794,-2.731672,dis2,2
GGGAGTATCCGGGACT-1-dis2,-10.024906,-4.0112085,dis2,0
GGGATCCAGTCTAACC-1-dis2,-11.293758,-2.9952962,dis2,0
GGGATGAAGATACGAT-1-dis2,-7.9325686,-3.0478814,dis2,2
GGGCCATCATCAGCAT-1-dis2,-6.7785044,-2.9716225,dis2,2
GGGCCATGTCCTCCAT-1-dis2,-9.647289,-3.9362571,dis2,2
GGGCTACAGGATTTGA-1-dis2,-6.462411,-3.2297103,dis2,2
GGGCTCATCCCTCAAC-1-dis2,-12.308723,-4.7920113,dis2,0
GGGTAGAGTGCCCGTA-1-dis2,-5.4341917,-3.2751195,dis2,2
GGGTATTCACATTCTT-1-dis2,-11.048778,-4.731614,dis2,0
GGGTCACAGCCAAGGT-1-dis2,-6.2556868,-2.3486216,dis2,2
GGGTCTGTCCATCTGC-1-dis2,-10.455896,-3.0153043,dis2,2
GGGTGAAAGTTACGAA-1-dis2,-8.8332,-3.0795817,dis2,2
GGGTGAAGTTTGTGGT-1-dis2,-10.71301,-4.7408185,dis2,0
GGGTGTCGTGGTCTAT-1-dis2,-7.447329,-2.0228474,dis2,2
GGGTTATGTCTGTAGT-1-dis2,-11.509938,-4.696084,dis2,0
GGTAGAGAGCTCTTCC-1-dis2,-5.1278152,-3.893383,dis2,1
GGTCACGAGAGAGTTT-1-dis2,-10.351013,-3.0210087,dis2,2
GGTCTGGTCGCAGTCG-1-dis2,-11.712431,-3.9108214,dis2,0
GGTGAAGGTAATGATG-1-dis2,-6.7352657,-2.768312,dis2,2
GGTGATTTCGGTCAGC-1-dis2,-7.18821,-2.0287073,dis2,2
GGTGATTTCTGGGCCA-1-dis2,-5.9767504,-2.1524215,dis2,2
GGTGGCTAGTACGAGC-1-dis2,-10.058262,-2.3303728,dis2,2
GGTGGCTAGTGCAGGT-1-dis2,-8.853234,-2.8377078,dis2,2
GGTGGCTCACTTGTGA-1-dis2,-10.542812,-3.7071443,dis2,0
GGTGGCTCATCTGTTT-1-dis2,-7.5640483,-2.6594858,dis2,2
GGTGGCTGTCGATTTG-1-dis2,-8.057078,-2.6619754,dis2,2
GGTGGCTTCCGATTAG-1-dis2,-6.4383655,-2.3523874,dis2,2
GGTGTTAGTGAGTAGC-1-dis2,-7.7063637,-2.7687674,dis2,2
GGTGTTATCCGCGGAT-1-dis2,-13.073487,-4.152173,dis2,0
GGTTAACGTTTGTGGT-1-dis2,-8.861622,-3.2901013,dis2,2
GGTTCTCAGAGTTCGG-1-dis2,-11.187827,-3.690143,dis2,0
GGTTCTCGTATAGGAT-1-dis2,-6.7913175,-2.7118742,dis2,2
GGTTCTCGTCTTACAG-1-dis2,-6.2838893,-2.31465,dis2,2
GGTTCTCGTTGAAGTA-1-dis2,-12.34457,-6.1220064,dis2,0
GGTTGTAGTTATTCTC-1-dis2,-12.369823,-5.528891,dis2,0
GGTTGTATCATTTACC-1-dis2,-7.450836,-7.473476,dis2,1
GTAACACGTCGCGTCA-1-dis2,-11.927797,-4.8625855,dis2,0
GTAACCAAGCCTTCTC-1-dis2,-9.795437,-3.0995135,dis2,2
GTAACCATCTACACTT-1-dis2,-9.017437,-3.2998984,dis2,2
GTAAGTCAGAAGAGCA-1-dis2,-6.037069,-2.6450787,dis2,2
GTAATCGCATGTGGCC-1-dis2,-6.302157,-2.1540742,dis2,2
GTAATCGTCTCTAGGA-1-dis2,-5.8652716,-2.4265914,dis2,2
GTAATGCAGTTACGTC-1-dis2,-7.1377063,-3.7020202,dis2,2
GTAATGCTCGCTCATC-1-dis2,-7.698026,-2.3447497,dis2,2
GTACAACCAACATCGT-1-dis2,-10.769789,-3.0552258,dis2,0
GTAGAAACAGGGCTTC-1-dis2,-10.949823,-3.689994,dis2,0
GTAGAGGAGCACCGTC-1-dis2,-5.847308,-3.2771344,dis2,2
GTAGATCAGATTAGTG-1-dis2,-9.079705,-3.0243647,dis2,2
GTAGATCAGTCTGGAG-1-dis2,-7.6983685,-3.420082,dis2,2
GTAGATCCACTTCAGA-1-dis2,-12.654026,-4.168028,dis2,0
GTAGCTAGTAAGTTAG-1-dis2,-7.1926055,-2.4422233,dis2,2
GTAGGAGTCAGCGCAC-1-dis2,-9.27125,-6.853842,dis2,1
GTAGGAGTCTCCCAAC-1-dis2,-5.322047,-3.422155,dis2,2
GTAGGTTCATGAGATA-1-dis2,-8.535653,-3.046195,dis2,2
GTAGGTTTCGAGTCTA-1-dis2,-12.652194,-3.6720216,dis2,0
GTAGTACCATTGACTG-1-dis2,-12.42684,-4.031729,dis2,0
GTAGTACGTCAGTCGC-1-dis2,-9.244181,-3.5487652,dis2,2
GTATTGGGTTCAGCGC-1-dis2,-11.289173,-3.5813906,dis2,0
GTATTGGTCCGACATA-1-dis2,-11.885659,-4.205023,dis2,0
GTATTTCCACACTGGC-1-dis2,-10.556361,-2.9773145,dis2,0
GTCAAACGTCGAGTGA-1-dis2,-11.190966,-4.117976,dis2,0
GTCACGGGTCACTCTC-1-dis2,-8.278543,-3.59551,dis2,2
GTCACTCTCTAGACAC-1-dis2,-7.180479,-2.6338518,dis2,2
GTCAGCGAGCGCCGTT-1-dis2,-8.740381,-4.165609,dis2,2
GTCAGCGTCGAGAACG-1-dis2,-11.201493,-5.550408,dis2,0
GTCATCCAGCTAATCC-1-dis2,-9.446542,-2.5022678,dis2,2
GTCATTTTCTACACAG-1-dis2,-5.699532,-2.7840786,dis2,2
GTCCCATAGGTATAGT-1-dis2,-11.224607,-4.5924635,dis2,0
GTCCCATCAGCGAGTA-1-dis2,-7.5740004,-3.4207907,dis2,2
GTCCTCAAGAGTGGCT-1-dis2,-6.6576033,-2.0929313,dis2,2
GTCCTCATCTTTGCGC-1-dis2,-10.242601,-2.2275653,dis2,2
GTCGAATTCCAACACA-1-dis2,-5.59677,-4.2994127,dis2,1
GTCGCGACAAGAGGCT-1-dis2,-11.193011,-4.171965,dis2,0
GTCGTAAAGGAGACCT-1-dis2,-9.600159,-3.598233,dis2,2
GTCGTTCGTTGGGCCT-1-dis2,-6.650288,-2.6900125,dis2,2
GTCTAGAGTTTGTTGG-1-dis2,-10.638746,-3.5251513,dis2,0
GTCTTTAGTCGACTTA-1-dis2,-7.8550253,-3.7520385,dis2,2
GTGACGCTCAACTCTT-1-dis2,-9.495785,-3.1279118,dis2,2
GTGACGCTCAATCCAG-1-dis2,-10.018892,-3.4435053,dis2,2
GTGAGCCGTGTGGACA-1-dis2,-7.031288,-2.640928,dis2,2
GTGAGGAAGCTAGTTC-1-dis2,-6.7479568,-2.1551652,dis2,2
GTGAGTTGTCTTGGTA-1-dis2,-11.198548,-3.3996975,dis2,0
GTGATGTAGTCTTGGT-1-dis2,-7.162477,-2.3920355,dis2,2
GTGATGTCAATAGTCC-1-dis2,-9.678156,-3.8818016,dis2,2
GTGCACGTCTCATGGA-1-dis2,-6.9325438,-3.0021405,dis2,2
GTGCTTCGTTCTAAGC-1-dis2,-12.002872,-4.6644726,dis2,0
GTGCTTCTCAAGTAAG-1-dis2,-11.876558,-4.7185316,dis2,0
GTGGAAGCAAGCTGCC-1-dis2,-6.330855,-2.895229,dis2,2
GTGGAGACATACGCAT-1-dis2,-10.849916,-3.479746,dis2,0
GTGGAGATCAAATGCC-1-dis2,-7.490285,-2.0686104,dis2,2
GTGGCGTTCACCTACC-1-dis2,-5.664787,-2.5079525,dis2,2
GTGGGAAAGAGTCTGG-1-dis2,-5.4093413,-3.808911,dis2,2
GTGGTTAGTTGCTAGT-1-dis2,-9.167866,-2.437225,dis2,2
GTGGTTATCCGCACGA-1-dis2,-12.193788,-4.2792616,dis2,0
GTGTAACCAAAGTATG-1-dis2,-11.67918,-3.7420273,dis2,0
GTGTGGCAGTATAGGT-1-dis2,-7.06304,-1.8641384,dis2,2
GTGTGGCGTAATGATG-1-dis2,-11.342465,-3.6165097,dis2,0
GTGTTAGTCACCATCC-1-dis2,-11.167985,-3.5606215,dis2,0
GTGTTCCAGATCACCT-1-dis2,-6.35889,-2.6125498,dis2,2
GTTACAGAGCTACTAC-1-dis2,-10.734066,-3.3845727,dis2,0
GTTACAGAGGCAGCTA-1-dis2,-6.6953425,-2.4924188,dis2,2
GTTACAGTCGTAGCTA-1-dis2,-13.1160345,-4.9757504,dis2,0
GTTACCCGTTCAGTAC-1-dis2,-11.344471,-2.8144293,dis2,0
GTTAGACTCCGCAACG-1-dis2,-6.273296,-3.0549824,dis2,2
GTTAGTGAGCTCATAC-1-dis2,-6.928486,-2.430186,dis2,2
GTTAGTGGTGTACAGG-1-dis2,-8.41486,-3.1866314,dis2,2
GTTATGGCATAGCACT-1-dis2,-6.6029983,-2.2090425,dis2,2
GTTCGCTAGTTTGAGA-1-dis2,-11.582778,-4.251253,dis2,0
GTTCGCTTCCGCCTAT-1-dis2,-9.80076,-3.212762,dis2,2
GTTCGCTTCGCATTAG-1-dis2,-7.369264,-2.9926915,dis2,2
GTTCTATAGCCTGGAA-1-dis2,-10.907925,-3.6581075,dis2,0
GTTGTAGCAGGTTTAC-1-dis2,-6.566501,-3.0646381,dis2,2
GTTGTCCCACTGAGTT-1-dis2,-9.661842,-2.483173,dis2,2
GTTTACTGTCGCGTCA-1-dis2,-7.5468287,-2.9007676,dis2,2
GTTTGGAAGTAATCCC-1-dis2,-6.0658298,-2.8783967,dis2,2
GTTTGGAGTCTATGAC-1-dis2,-7.7154293,-2.2852468,dis2,2
GTTTGGATCTAGCATG-1-dis2,-5.8409147,-2.917017,dis2,2
TAACACGGTTGCAAGG-1-dis2,-10.252587,-4.7330527,dis2,0
TAACCAGGTGTGCTTA-1-dis2,-10.881722,-4.10682,dis2,0
TAAGCACAGGTGCCTC-1-dis2,-6.112138,-2.4368968,dis2,2
TAAGCACCACGTAGAG-1-dis2,-5.097877,-2.8956687,dis2,2
TAAGCCAGTAACATGA-1-dis2,-8.100024,-3.054201,dis2,2
TAAGCCATCGAGTGGA-1-dis2,-11.719228,-4.8446064,dis2,0
TAAGTCGAGTGCTAGG-1-dis2,-7.7895117,-2.9296472,dis2,2
TAAGTCGAGTTTCTTC-1-dis2,-11.97164,-3.369268,dis2,0
TAATCTCCATTCGATG-1-dis2,-8.312365,-3.0465329,dis2,2
TAATTCCGTGGAACCA-1-dis2,-10.57905,-2.3611271,dis2,2
TAATTCCTCTCCCATG-1-dis2,-10.514743,-2.8646176,dis2,2
TACAGGTAGGCAGCTA-1-dis2,-6.841861,-2.4036362,dis2,2
TACAGGTCACTTCTCG-1-dis2,-8.696886,-1.8687987,dis2,2
TACCGGGAGATTACCC-1-dis2,-6.120656,-2.8531783,dis2,2
TACCGGGAGCTATCCA-1-dis2,-5.678823,-2.6365263,dis2,2
TACCTCGTCGGTCAGC-1-dis2,-7.072525,-2.805088,dis2,2
TACCTGCAGTGAGTGC-1-dis2,-11.88812,-3.6471243,dis2,0
TACGCTCTCGAGTCTA-1-dis2,-9.938365,-2.3090484,dis2,2
TACGGGCAGATTCGAA-1-dis2,-4.5780153,-5.3395214,dis2,1
TACGGGCAGCGACTAG-1-dis2,-6.1210537,-2.2268844,dis2,2
TACGGGCGTTACGCCG-1-dis2,-5.797957,-2.5479014,dis2,2
TACGGGCTCAGAATAG-1-dis2,-6.226748,-2.6188602,dis2,2
TACTTACGTCGATTCA-1-dis2,-7.1579976,-2.9348333,dis2,2
TACTTCAAGAGCATCG-1-dis2,-6.9113817,-2.2558506,dis2,2
TACTTCAGTGGTCTGC-1-dis2,-11.501003,-2.698077,dis2,0
TAGACTGGTGCGGATA-1-dis2,-11.191372,-4.570756,dis2,0
TAGACTGGTTCGGCTG-1-dis2,-5.7899046,-3.3906431,dis2,2
TAGAGTCCAATAAGGT-1-dis2,-12.6193495,-3.4792664,dis2,0
TAGCACACACAAGCAG-1-dis2,-10.063789,-2.2707672,dis2,2
TAGGAGGTCGAAGGAC-1-dis2,-7.04171,-3.2661877,dis2,2
TAGGGTTGTCTAGGCC-1-dis2,-7.970349,-2.027589,dis2,2
TAGGTTGCAAGTGGAC-1-dis2,-8.6617,-2.5414453,dis2,2
TAGTGCACAGCAGGAT-1-dis2,-5.2378244,-3.1323812,dis2,2
TATACCTGTTAGGAGC-1-dis2,-8.765546,-2.6124022,dis2,2
TATACCTGTTGAGTCT-1-dis2,-7.6168714,-2.196956,dis2,2
TATATCCAGCTAGTTC-1-dis2,-7.636206,-2.338069,dis2,2
TATATCCCACCCAACG-1-dis2,-7.2139792,-2.9704015,dis2,2
TATCAGGAGCTACTGT-1-dis2,-6.7016077,-2.091004,dis2,2
TATCAGGGTCGCACAC-1-dis2,-6.5764847,-2.8769803,dis2,2
TATCAGGGTTCAAACC-1-dis2,-10.401882,-3.5805526,dis2,0
TATCAGGTCAAATAGG-1-dis2,-6.4528627,-2.430205,dis2,2
TATCCTATCCGTTGAA-1-dis2,-11.488232,-5.3661027,dis2,0
TATCTGTCACCTGCTT-1-dis2,-10.677774,-4.8954697,dis2,0
TATCTGTTCAAGGCTT-1-dis2,-6.9220576,-2.662009,dis2,2
TATCTTGGTGATACCT-1-dis2,-12.303921,-3.3504975,dis2,0
TATCTTGTCAGCTGAT-1-dis2,-9.342405,-2.0949135,dis2,2
TATGTTCAGACGCATG-1-dis2,-12.360393,-4.511601,dis2,0
TATTGCTAGATTTGCC-1-dis2,-11.441042,-3.3931644,dis2,0
TATTTCGTCACCCTTG-1-dis2,-6.444749,-2.4981852,dis2,2
TCAAGACTCCACGGAC-1-dis2,-7.470688,-4.035417,dis2,2
TCAAGACTCTCTCCGA-1-dis2,-12.223819,-4.220603,dis2,0
TCAAGCAGTAACAAGT-1-dis2,-7.20672,-2.2006464,dis2,2
TCAAGCAGTCCACAGC-1-dis2,-8.44161,-2.8507056,dis2,2
TCAAGCATCATGCTAG-1-dis2,-7.4734077,-2.4658475,dis2,2
TCAAGCATCGGTCATA-1-dis2,-8.4292145,-3.1385748,dis2,2
TCAAGCATCGTCCATC-1-dis2,-11.098547,-4.590591,dis2,0
TCAAGTGAGGCACTAG-1-dis2,-6.4043307,-3.3073235,dis2,2
TCACAAGGTACTGAGG-1-dis2,-12.197269,-4.5591393,dis2,0
TCACAAGTCCAGTGTA-1-dis2,-11.00188,-3.4496722,dis2,0
TCACACCAGTCATGGG-1-dis2,-11.088519,-5.2818584,dis2,0
TCACACCCATCGTCCT-1-dis2,-11.865732,-3.4634924,dis2,0
TCACATTTCTATCGGA-1-dis2,-9.702369,-3.151721,dis2,2
TCACGCTAGTGTCATC-1-dis2,-7.219696,-2.768341,dis2,2
TCACGGGCACTCCACT-1-dis2,-6.746379,-3.0367825,dis2,2
TCACTATTCTTCCAGC-1-dis2,-9.734535,-3.760083,dis2,2
TCACTCGAGCCTTTCC-1-dis2,-6.207073,-7.2841573,dis2,1
TCAGCAACATGAATAG-1-dis2,-12.61056,-4.520783,dis2,0
TCAGGGCTCGCAATGT-1-dis2,-8.661082,-2.9831722,dis2,2
TCAGGTACAAGTTGGG-1-dis2,-11.526281,-4.6123605,dis2,0
TCAGGTAGTGTACATC-1-dis2,-6.5096602,-3.1280866,dis2,2
TCAGGTATCAGTGTTG-1-dis2,-11.376639,-3.936554,dis2,0
TCAGTCCTCCTGATAG-1-dis2,-6.4684286,-2.7842999,dis2,2
TCAGTGATCTGAGAAA-1-dis2,-10.402569,-2.932308,dis2,2
TCATACTTCGTCTAAG-1-dis2,-8.974658,-2.7378602,dis2,2
TCATCATGTTAGGGAC-1-dis2,-8.603624,-3.4425573,dis2,2
TCATCATGTTCACGAT-1-dis2,-8.886251,-2.9508564,dis2,2
TCATCCGAGACGAAGA-1-dis2,-11.946924,-3.5078661,dis2,0
TCATGCCAGATAGTGT-1-dis2,-8.188739,-2.9470336,dis2,2
TCATGTTCATGGCCAC-1-dis2,-11.90009,-4.381764,dis2,0
TCATGTTTCTAGCATG-1-dis2,-6.0027876,-7.8096604,dis2,1
TCATTACGTCCTGGTG-1-dis2,-8.943746,-3.729294,dis2,2
TCATTCACAGTTGCGC-1-dis2,-12.718151,-3.99821,dis2,0
TCATTCATCGAGAAAT-1-dis2,-9.910741,-3.8909402,dis2,2
TCATTTGCACAACGAG-1-dis2,-7.4756546,-3.8161352,dis2,2
TCCACCAGTACTAACC-1-dis2,-6.7005877,-2.6259122,dis2,2
TCCACCAGTCCAAAGG-1-dis2,-6.7804737,-2.5878906,dis2,2
TCCACCAGTTACGGAG-1-dis2,-11.233044,-3.4966125,dis2,0
TCCACCATCACGTCCT-1-dis2,-11.094782,-4.9385967,dis2,0
TCCATGCAGCGTATGG-1-dis2,-7.7144537,-2.88794,dis2,2
TCCATGCCAGAACATA-1-dis2,-10.581524,-4.106465,dis2,0
TCCATGCGTGGCTGCT-1-dis2,-6.9538794,-2.9310427,dis2,2
TCCATGCGTGTCGATT-1-dis2,-9.316106,-3.4260654,dis2,2
TCCCATGCAAGACGAC-1-dis2,-6.454494,-2.4893723,dis2,2
TCCCATGCAGAAATTG-1-dis2,-6.668925,-2.3106036,dis2,2
TCCCATGGTGGCCCAT-1-dis2,-6.775603,-2.8665156,dis2,2
TCCGATCTCTAGTTCT-1-dis2,-10.527422,-4.7796974,dis2,0
TCCGTGTGTGTCCAAT-1-dis2,-7.3607965,-2.5321283,dis2,2
TCCTAATCAGATACTC-1-dis2,-10.914264,-5.338698,dis2,0
TCCTCCCGTTTCGCTC-1-dis2,-12.361196,-4.067866,dis2,0
TCCTCCCTCCTCAGAA-1-dis2,-4.5241585,-7.0912185,dis2,1
TCCTCGATCACGATCA-1-dis2,-6.1319404,-3.6601555,dis2,2
TCCTGCAGTGTGGTCC-1-dis2,-8.582439,-2.7941036,dis2,2
TCCTTCTTCCATCAGA-1-dis2,-8.010524,-2.6201172,dis2,2
TCCTTTCAGCAGGTCA-1-dis2,-7.1751423,-3.132802,dis2,2
TCGAACACATAAGATG-1-dis2,-7.7269616,-3.415727,dis2,2
TCGAACAGTACACTCA-1-dis2,-11.089008,-3.1070116,dis2,0
TCGAAGTTCAGCCCAG-1-dis2,-11.803013,-5.1999555,dis2,0
TCGACGGAGATGGTAT-1-dis2,-6.5664163,-2.3492413,dis2,2
TCGCACTTCTGGGCCA-1-dis2,-12.134208,-4.724492,dis2,0
TCGCAGGTCGTTCTCG-1-dis2,-11.098381,-3.96677,dis2,0
TCGCTCATCTCTGCCA-1-dis2,-7.4909043,-2.0683808,dis2,2
TCGCTTGCATAATCCG-1-dis2,-10.234633,-3.0900388,dis2,2
TCGGGACTCGGTAGAG-1-dis2,-11.776274,-4.354843,dis2,0
TCGGGCACAGATGCGA-1-dis2,-6.1226387,-3.213294,dis2,2
TCGGGTGTCGCGCCAA-1-dis2,-9.99213,-2.6346693,dis2,2
TCGTCCAAGACTCATC-1-dis2,-6.653395,-3.4452357,dis2,2
TCGTGGGCATAGGTAA-1-dis2,-6.1682105,-2.4577522,dis2,2
TCGTGGGTCAGCCCAG-1-dis2,-6.7517495,-2.9253716,dis2,2
TCTACCGCACAACGAG-1-dis2,-8.180545,-2.7627091,dis2,2
TCTACCGCAGTACTAC-1-dis2,-6.3281217,-2.6574235,dis2,2
TCTACCGTCATTTGGG-1-dis2,-7.283545,-3.9180436,dis2,2
TCTATACCATTACGGT-1-dis2,-5.410091,-2.6851225,dis2,2
TCTATCACAGTCGAGA-1-dis2,-7.0264316,-3.3190434,dis2,2
TCTATCATCCAATCCC-1-dis2,-10.907487,-2.5898972,dis2,2
TCTCACGCACGTCGTG-1-dis2,-7.386239,-2.9397078,dis2,2
TCTCACGCAGCGATTT-1-dis2,-9.888814,-4.1931834,dis2,2
TCTCAGCTCCGGACTG-1-dis2,-6.966205,-3.119701,dis2,2
TCTCTGGAGGTCGTCC-1-dis2,-7.416879,-2.3107493,dis2,2
TCTGCCACAGATCACT-1-dis2,-5.5834856,-2.554557,dis2,2
TCTGCCACATTGGGAG-1-dis2,-10.287422,-3.6101897,dis2,2
TCTGTCGAGGCTTTCA-1-dis2,-11.1497345,-4.584299,dis2,0
TCTGTCGCAGCTTCGG-1-dis2,-5.4662757,-3.0251596,dis2,2
TCTGTCGCATGGCTAT-1-dis2,-5.432893,-3.0498629,dis2,2
TCTTAGTAGCATTGTC-1-dis2,-8.914819,-2.6417472,dis2,2
TCTTAGTAGTCCCAAT-1-dis2,-10.537767,-4.251868,dis2,0
TCTTAGTGTGTCCGTG-1-dis2,-5.625849,-2.6544614,dis2,2
TCTTCCTCATAGCTGT-1-dis2,-10.547191,-4.741477,dis2,0
TCTTCCTTCAGCACCG-1-dis2,-11.544361,-5.1598153,dis2,0
TCTTGCGCACTATGTG-1-dis2,-5.7489,-2.393877,dis2,2
TGAACGTTCTCAACCC-1-dis2,-9.782273,-3.342121,dis2,2
TGAATCGAGCGACTGA-1-dis2,-12.339674,-4.385346,dis2,0
TGAATCGAGTTACGTC-1-dis2,-10.2519655,-3.0775626,dis2,2
TGAATGCAGCACTCTA-1-dis2,-11.794833,-5.099343,dis2,0
TGACAGTGTAGCCCTG-1-dis2,-8.639487,-3.426879,dis2,2
TGACCCTGTACTGACT-1-dis2,-8.6151905,-3.1578612,dis2,2
TGACGCGCACGCGGTT-1-dis2,-11.230151,-3.6591778,dis2,0
TGACGCGTCATGCCGG-1-dis2,-10.569309,-4.6230264,dis2,0
TGACGCGTCTGTCCGT-1-dis2,-7.4367037,-2.452896,dis2,2
TGACTCCTCCATCCGT-1-dis2,-8.157427,-2.2893913,dis2,2
TGAGACTGTGTACGCC-1-dis2,-7.0099816,-2.42245,dis2,2
TGAGACTTCTCGCTCA-1-dis2,-5.401782,-2.769976,dis2,2
TGAGGAGGTATGGAAT-1-dis2,-7.683093,-3.0413337,dis2,2
TGAGGAGGTGATACAA-1-dis2,-11.08333,-4.420883,dis2,0
TGAGTCATCCATTCGC-1-dis2,-7.5947914,-2.9219673,dis2,2
TGAGTCATCGTGTGAT-1-dis2,-8.899694,-2.0561376,dis2,2
TGATCAGCAATTGTGC-1-dis2,-7.598422,-2.6825643,dis2,2
TGATGCACATATCTGG-1-dis2,-8.381511,-3.2643979,dis2,2
TGATGCATCACGACTA-1-dis2,-8.595296,-3.253901,dis2,2
TGATGGTCAATCTAGC-1-dis2,-10.610265,-2.5387783,dis2,2
TGATTCTTCCAGCAAT-1-dis2,-8.323243,-2.5713952,dis2,2
TGATTTCCAAGCTCTA-1-dis2,-5.92611,-3.1129148,dis2,2
TGATTTCTCAGCAGAG-1-dis2,-5.347385,-2.981662,dis2,2
TGATTTCTCATTATCC-1-dis2,-9.803076,-2.6677403,dis2,2
TGCAGTAGTCACCTTC-1-dis2,-7.48269,-1.8649023,dis2,2
TGCATCCAGGAGGTTC-1-dis2,-6.7957425,-2.9080958,dis2,2
TGCATCCCACGATTCA-1-dis2,-10.14249,-2.8488195,dis2,2
TGCATCCGTCATCCCT-1-dis2,-7.803312,-2.4489994,dis2,2
TGCGGCAAGCTCCCTT-1-dis2,-9.301541,-3.3360913,dis2,2
TGCGGCAAGCTGAAGC-1-dis2,-11.099819,-3.2497847,dis2,0
TGCGGCAGTCGATTAC-1-dis2,-8.028157,-2.8231523,dis2,2
TGCGGGTGTTGGTGTT-1-dis2,-7.6186275,-2.6058016,dis2,2
TGCTTCGAGCCTGCCA-1-dis2,-7.990451,-3.2656357,dis2,2
TGCTTCGGTCTACATG-1-dis2,-8.659026,-2.3643534,dis2,2
TGCTTCGTCTGCACCT-1-dis2,-9.329602,-2.7354567,dis2,2
TGCTTGCGTAGTAAGT-1-dis2,-5.9890585,-3.3949087,dis2,2
TGGAACTAGTTGTCAC-1-dis2,-12.025657,-3.1470995,dis2,0
TGGAACTGTCAAGTTC-1-dis2,-12.262291,-4.5629635,dis2,0
TGGAGAGGTACTTGTG-1-dis2,-11.488528,-4.299112,dis2,0
TGGAGGACACATACGT-1-dis2,-12.183454,-5.6250167,dis2,0
TGGATGTCATCGATAC-1-dis2,-7.7137957,-2.7024498,dis2,2
TGGATGTTCCGATAGT-1-dis2,-9.161272,-2.0380228,dis2,2
TGGGAAGAGGATATGT-1-dis2,-9.727303,-3.4854395,dis2,2
TGGGAGAGTTCGGTCG-1-dis2,-6.870319,-2.1269555,dis2,2
TGGGCGTTCACGATAC-1-dis2,-7.8804197,-1.7775421,dis2,2
TGGGCGTTCCACGTAA-1-dis2,-5.7984653,-4.386649,dis2,1
TGGGCTGCAAGGATGC-1-dis2,-11.413805,-3.6819844,dis2,0
TGGGTTACATCCGCGA-1-dis2,-9.516728,-2.0194068,dis2,2
TGGTACAGTCCTTGTC-1-dis2,-7.0224075,-2.3688736,dis2,2
TGGTACATCGGTCGGT-1-dis2,-10.525468,-5.3510213,dis2,0
TGGTAGTAGAGCATCG-1-dis2,-5.6802053,-2.5316932,dis2,2
TGGTGATGTTCCTAGA-1-dis2,-7.7025094,-2.4479709,dis2,2
TGGTGATTCGTGGAAG-1-dis2,-6.922544,-2.0642493,dis2,2
TGGTTAGGTCTTACAG-1-dis2,-6.822952,-2.2083263,dis2,2
TGTAACGGTTAGCGGA-1-dis2,-9.18731,-2.719451,dis2,2
TGTAAGCAGTTCCTGA-1-dis2,-7.8564425,-3.1763635,dis2,2
TGTACAGAGAACTGAT-1-dis2,-7.054351,-2.352988,dis2,2
TGTCAGACAGAACCGA-1-dis2,-8.76504,-3.3865485,dis2,2
TGTCAGATCACGAGGA-1-dis2,-9.082304,-3.3356795,dis2,2
TGTCCACAGCGTATAA-1-dis2,-8.694524,-2.2795765,dis2,2
TGTCCACCATGGAATA-1-dis2,-5.3852224,-2.744373,dis2,2
TGTCCTGGTATGTGTC-1-dis2,-7.6031604,-2.3712347,dis2,2
TGTGAGTCAGCAGTCC-1-dis2,-4.5576015,-5.4404225,dis2,1
TGTGATGGTATCCCAA-1-dis2,-7.9680705,-2.2796767,dis2,2
TGTGCGGCATGTCTAG-1-dis2,-6.9525003,-2.4169028,dis2,2
TGTGCGGGTTATCCAG-1-dis2,-6.2030973,-2.249949,dis2,2
TGTTACTCAACGATTC-1-dis2,-12.191413,-4.709188,dis2,0
TGTTCCGGTAGGTGCA-1-dis2,-5.367183,-2.7658863,dis2,2
TGTTCCGGTGTGAGCA-1-dis2,-9.9570875,-2.373623,dis2,2
TGTTCTACATCGGAGA-1-dis2,-10.3314295,-3.036433,dis2,2
TGTTCTATCCAGCTCT-1-dis2,-7.8532763,-2.6599913,dis2,2
TGTTGAGCACAGAGCA-1-dis2,-7.687871,-3.0869768,dis2,2
TGTTGAGTCACCACAA-1-dis2,-6.6393776,-3.4570065,dis2,2
TGTTGGAAGTCCCTAA-1-dis2,-5.4671206,-2.7548115,dis2,2
TGTTTGTAGCGATTCT-1-dis2,-8.080599,-2.9403129,dis2,2
TGTTTGTGTATCGCAT-1-dis2,-7.167019,-2.2128916,dis2,2
TGTTTGTGTTCAAGGG-1-dis2,-7.19104,-3.072045,dis2,2
TTAATCCGTCCGGACT-1-dis2,-11.216072,-3.7584612,dis2,0
TTACCATCATGTTCGA-1-dis2,-9.39837,-3.919979,dis2,2
TTACCATTCTTTCAGT-1-dis2,-11.491645,-5.8600144,dis2,0
TTACGCCCACTCATAG-1-dis2,-6.8359103,-3.8845382,dis2,2
TTACGCCTCGACGCGT-1-dis2,-7.311544,-2.9521554,dis2,2
TTACGTTAGGCGTTGA-1-dis2,-7.965028,-2.9807298,dis2,2
TTACGTTCAGACCTAT-1-dis2,-5.8407617,-3.1877174,dis2,2
TTACGTTGTAACATCC-1-dis2,-5.536399,-4.300548,dis2,1
TTACGTTGTGTACAGG-1-dis2,-6.295378,-2.2959363,dis2,2
TTACGTTTCTTAAGGC-1-dis2,-11.030332,-3.6477435,dis2,0
TTACTGTCATCCTATT-1-dis2,-9.808492,-2.1680427,dis2,2
TTAGGCATCACTTTGT-1-dis2,-5.2049294,-3.0601714,dis2,2
TTAGGGTAGAAGGCTC-1-dis2,-10.76273,-3.5350347,dis2,0
TTAGGGTCAAACTAAG-1-dis2,-10.49919,-3.605881,dis2,0
TTAGGGTCAGCGAACA-1-dis2,-10.336735,-4.59912,dis2,0
TTAGGGTGTATGTGTC-1-dis2,-7.2627506,-2.6115263,dis2,2
TTAGTCTTCCAATGCA-1-dis2,-10.574366,-4.0350823,dis2,0
TTCAATCTCTGTTGGA-1-dis2,-11.0739,-4.0987635,dis2,0
TTCACCGCAACCAGAG-1-dis2,-7.8129077,-3.1900206,dis2,2
TTCACCGCACCTTCGT-1-dis2,-7.574327,-3.0562117,dis2,2
TTCACCGGTTCGGGTC-1-dis2,-11.770023,-3.1982374,dis2,0
TTCACGCGTTGTATGC-1-dis2,-12.40511,-3.4714046,dis2,0
TTCACGCTCATGAGTC-1-dis2,-10.743225,-2.6921,dis2,2
TTCAGGATCCTAGCTC-1-dis2,-7.3371124,-2.8888328,dis2,2
TTCATGTCACAGCCAC-1-dis2,-12.418719,-4.5375133,dis2,0
TTCATGTTCCCTCGTA-1-dis2,-12.056884,-4.968733,dis2,0
TTCATTGGTTTAGACC-1-dis2,-5.5568347,-4.2504387,dis2,1
TTCATTGTCTTAGCCC-1-dis2,-8.213219,-3.2098553,dis2,2
TTCCACGAGACCAGCA-1-dis2,-7.2063255,-2.8308318,dis2,2
TTCCACGCATGACCCG-1-dis2,-10.726843,-3.2680855,dis2,0
TTCCACGTCTGTCGCT-1-dis2,-10.580059,-2.8458602,dis2,2
TTCCGGTTCTGATTCT-1-dis2,-7.2432904,-2.9853058,dis2,2
TTCCGTGCAACTCCAA-1-dis2,-7.4649253,-2.8298593,dis2,2
TTCCTAAAGGAAAGGT-1-dis2,-7.2395234,-2.9894555,dis2,2
TTCCTAACAACTCGAT-1-dis2,-6.451461,-3.5061052,dis2,2
TTCCTTCGTAGGAGGG-1-dis2,-11.598086,-3.1925156,dis2,0
TTCCTTCTCAGAACCT-1-dis2,-9.832482,-3.8189414,dis2,2
TTCCTTCTCTGACCCT-1-dis2,-10.44465,-2.332559,dis2,2
TTCGATTAGTTACTCG-1-dis2,-8.163568,-2.1622121,dis2,2
TTCGATTTCCGCTAGG-1-dis2,-6.9861064,-2.835716,dis2,2
TTCGCTGTCGGACTGC-1-dis2,-10.39982,-4.6186795,dis2,0
TTCGGTCGTGGAAGTC-1-dis2,-7.9307785,-2.8111048,dis2,2
TTCTAACTCCGATGCG-1-dis2,-6.1088667,-2.1826444,dis2,2
TTCTAGTTCACTACGA-1-dis2,-9.788739,-2.5839863,dis2,2
TTCTTCCTCTCGGCTT-1-dis2,-7.2665024,-2.0657363,dis2,2
TTGAACGCAAATGAAC-1-dis2,-7.642837,-2.6871674,dis2,2
TTGACCCTCCAAGCAT-1-dis2,-6.9730062,-3.1322007,dis2,2
TTGAGTGCACGATTCA-1-dis2,-10.362856,-3.2452006,dis2,2
TTGAGTGGTAGAGCTG-1-dis2,-12.088503,-3.3355484,dis2,0
TTGAGTGGTATACGGG-1-dis2,-12.229721,-4.489177,dis2,0
TTGATGGGTGATAGAT-1-dis2,-6.6470065,-3.8349977,dis2,2
TTGATGGTCCCGTTCA-1-dis2,-10.969185,-2.562836,dis2,0
TTGCGTCCAGTAGTTC-1-dis2,-9.799377,-3.5902946,dis2,2
TTGCTGCCAGTACTAC-1-dis2,-7.232612,-2.423629,dis2,2
TTGCTGCTCGCTGACG-1-dis2,-10.768309,-4.2069483,dis2,0
TTGGATGAGGATCACG-1-dis2,-9.927266,-3.7176006,dis2,2
TTGGATGAGTCAATCC-1-dis2,-5.828407,-3.1599336,dis2,2
TTGGATGGTGAGTCAG-1-dis2,-6.7283683,-2.9551666,dis2,2
TTGGGATAGCCGCTTG-1-dis2,-12.676989,-4.7721314,dis2,0
TTGGGCGCATTAAGCC-1-dis2,-9.670716,-7.070764,dis2,1
TTGGGTAGTACTCGTA-1-dis2,-7.834389,-2.7319095,dis2,2
TTGGGTATCGGCACTG-1-dis2,-10.620466,-3.009413,dis2,0
TTGGTTTAGATAGCAT-1-dis2,-5.467521,-4.5522237,dis2,1
TTGGTTTGTTTGTTGG-1-dis2,-10.604401,-3.183616,dis2,2
TTGTTTGGTTGTAGCT-1-dis2,-5.890064,-2.740545,dis2,2
TTTACCAAGGCGAAGG-1-dis2,-8.272898,-3.182555,dis2,2
TTTACCATCCATCGTC-1-dis2,-12.674036,-5.012501,dis2,0
TTTACGTGTAGATCCT-1-dis2,-12.450643,-3.60872,dis2,0
TTTACTGTCCTGTAAG-1-dis2,-5.6250443,-3.4122462,dis2,2
TTTAGTCAGAATCGCG-1-dis2,-6.4149957,-2.819272,dis2,2
TTTCACAAGAGGGTCT-1-dis2,-7.514017,-3.0227423,dis2,2
TTTCACAAGGACAAGA-1-dis2,-8.354755,-2.9093482,dis2,2
TTTCACAAGTCCCGGT-1-dis2,-11.149993,-4.143529,dis2,0
TTTCACATCCGCTGTT-1-dis2,-12.539554,-4.538054,dis2,0
TTTCAGTTCCACGTGG-1-dis2,-8.086986,-3.01224,dis2,2
TTTCGATTCTCTGAGA-1-dis2,-5.7638583,-2.7655115,dis2,2
TTTGGTTTCGCTAGCG-1-dis2,-10.918639,-3.0577426,dis2,0
AAACCCAGTATGAAAC-1-reg1,-11.914516,-4.045814,reg1,0
AAACCCATCGCTGCGA-1-reg1,-6.100631,-7.1070504,reg1,1
AAACGAACACTACCCT-1-reg1,-12.071688,-5.713676,reg1,0
AAACGAATCATTTACC-1-reg1,-8.2723,-7.7759056,reg1,1
AAAGGATGTTCTCCAC-1-reg1,-11.846296,-3.0788066,reg1,0
AAAGGTAAGGGCTTCC-1-reg1,-9.452796,-3.018133,reg1,2
AAAGTCCCAACTGGTT-1-reg1,-9.618072,-7.0988426,reg1,1
AAAGTGAAGCTAGAAT-1-reg1,-13.199346,-5.3078027,reg1,0
AACAAAGCACACCTTC-1-reg1,-11.934092,-4.3268223,reg1,0
AACAAGAGTATCGGTT-1-reg1,-6.0349135,-7.552056,reg1,1
AACACACGTGTTATCG-1-reg1,-13.1858225,-3.9938004,reg1,0
AACACACTCGCTCATC-1-reg1,-9.653532,-6.299195,reg1,1
AACAGGGTCCCATAGA-1-reg1,-9.970778,-6.410848,reg1,0
AACCAACTCAGGTAAA-1-reg1,-5.0285378,-6.9278107,reg1,1
AACCATGTCCTGGCTT-1-reg1,-11.145154,-6.483011,reg1,0
AACCATGTCGATGGAG-1-reg1,-4.780797,-6.775372,reg1,1
AACGTCAAGTTTGGCT-1-reg1,-10.131469,-5.7045984,reg1,0
AACTTCTCAGCAATTC-1-reg1,-11.168656,-6.1845465,reg1,0
AAGCCATGTTGCACGC-1-reg1,-8.1427355,-7.2013206,reg1,1
AAGGTAAAGTCCGCCA-1-reg1,-9.680681,-7.275713,reg1,1
AAGTACCAGATGAATC-1-reg1,-5.808216,-7.780049,reg1,1
AAGTCGTTCATGCTAG-1-reg1,-6.922975,-7.8196917,reg1,1
AAGTTCGAGGGCCAAT-1-reg1,-5.1297793,-6.529318,reg1,1
AAGTTCGCATAGCTGT-1-reg1,-12.545101,-3.696752,reg1,0
AAGTTCGTCGGATTAC-1-reg1,-7.7257447,-5.7802396,reg1,1
AATAGAGGTTGGCCGT-1-reg1,-4.503511,-6.5416956,reg1,1
AATCACGAGGGCAACT-1-reg1,-7.412151,-7.774997,reg1,1
AATCACGCATGTCTAG-1-reg1,-6.7462316,-7.7957473,reg1,1
AATGAAGGTGAATGAT-1-reg1,-7.5994625,-8.024488,reg1,1
AATGAAGTCTCGAACA-1-reg1,-6.4090805,-6.32264,reg1,1
AATGACCCACACCGCA-1-reg1,-6.8579655,-7.6890397,reg1,1
AATGACCGTGTCGCTG-1-reg1,-7.167104,-5.4226694,reg1,1
AATGCCAAGCTTGTTG-1-reg1,-9.185889,-2.9295733,reg1,2
AATGCCACATAGGAGC-1-reg1,-5.014675,-6.507061,reg1,1
AATGCCAGTCACTCTC-1-reg1,-9.308429,-7.327979,reg1,1
AATGGAATCCGGCAGT-1-reg1,-6.014718,-6.554724,reg1,1
AATGGCTCAGCGGTTC-1-reg1,-7.6877594,-3.1403296,reg1,2
AATTCCTTCAAGTCGT-1-reg1,-9.35384,-7.235173,reg1,1
AATTTCCGTTGTTGTG-1-reg1,-5.664279,-6.271533,reg1,1
ACAAAGATCCAGCAAT-1-reg1,-4.254516,-6.716538,reg1,1
ACAAAGATCGTGAGAG-1-reg1,-6.4888663,-6.7709436,reg1,1
ACAACCACAAGGTACG-1-reg1,-7.8214264,-5.2198157,reg1,1
ACACAGTCATCATGAC-1-reg1,-12.807959,-4.1339664,reg1,0
ACACCAAAGCCAAGGT-1-reg1,-12.798791,-5.8380084,reg1,0
ACACCAAGTGAGATCG-1-reg1,-12.364675,-4.341352,reg1,0
ACAGAAAGTGGTGATG-1-reg1,-12.505285,-6.605592,reg1,0
ACAGCCGCACTGGCCA-1-reg1,-5.497112,-8.617906,reg1,1
ACAGGGAAGCGTATGG-1-reg1,-12.637055,-6.068658,reg1,0
ACAGGGAAGGATATGT-1-reg1,-12.210258,-5.1285467,reg1,0
ACAGGGATCCATCACC-1-reg1,-7.4233565,-5.5282216,reg1,1
ACATCGATCCATGAGT-1-reg1,-6.7540274,-8.841304,reg1,1
ACATCGATCTCCGCAT-1-reg1,-10.949798,-3.401451,reg1,0
ACATGCACAACCGACC-1-reg1,-8.223458,-8.253785,reg1,1
ACATGCAGTTGCCTAA-1-reg1,-12.002351,-6.3101697,reg1,0
ACATTTCAGCGATTCT-1-reg1,-12.591698,-5.901237,reg1,0
ACATTTCCAGGTCTCG-1-reg1,-5.9962378,-8.142892,reg1,1
ACCAACAAGACGAGCT-1-reg1,-4.0928736,-7.575565,reg1,1
ACCAACACACTAGAGG-1-reg1,-13.209022,-5.541697,reg1,0
ACCAACACAGTCCCGA-1-reg1,-7.5299835,-6.2780547,reg1,1
ACCACAAAGCACTAGG-1-reg1,-11.792087,-4.3201947,reg1,0
ACCATTTGTTGCGTAT-1-reg1,-10.243685,-4.369793,reg1,0
ACCCTCAAGGGTACGT-1-reg1,-6.7345963,-8.16587,reg1,1
ACCCTCAAGTTAGTAG-1-reg1,-8.153182,-4.261756,reg1,2
ACCCTTGCATAATCCG-1-reg1,-11.994283,-3.0706751,reg1,0
ACCTACCCAAAGGCAC-1-reg1,-5.0395412,-6.4357905,reg1,1
ACGCACGCAGAACTTC-1-reg1,-12.886287,-3.8262548,reg1,0
ACGGGTCTCTTTCCAA-1-reg1,-6.2924824,-8.851885,reg1,1
ACGGTTATCTGCAGCG-1-reg1,-10.156988,-5.2148595,reg1,0
ACGTAACTCACGGAGA-1-reg1,-10.091183,-6.871938,reg1,1
ACGTACAGTCGGAACA-1-reg1,-9.946871,-2.194096,reg1,2
ACGTACATCACGATAC-1-reg1,-11.3841505,-6.154186,reg1,0
ACGTAGTTCCACTGGG-1-reg1,-7.214886,-8.721206,reg1,1
ACGTCCTGTTCTAAGC-1-reg1,-11.546098,-3.581693,reg1,0
ACGTTCCCAACTCGTA-1-reg1,-8.377805,-8.244387,reg1,1
ACGTTCCCACAAACGG-1-reg1,-11.971555,-6.227839,reg1,0
ACGTTCCCACCCAACG-1-reg1,-5.358523,-7.762241,reg1,1
ACGTTCCCAGACCGCT-1-reg1,-9.582399,-4.2371635,reg1,2
ACGTTCCGTGTGATGG-1-reg1,-13.009787,-4.7827826,reg1,0
ACTACGAGTACAGTTC-1-reg1,-5.3772388,-7.10746,reg1,1
ACTACGATCACCCTTG-1-reg1,-9.939606,-6.426375,reg1,1
ACTACGATCATCACAG-1-reg1,-11.803752,-4.460243,reg1,0
ACTACGATCCGATTAG-1-reg1,-4.078907,-8.175523,reg1,1
ACTACGATCGAGTACT-1-reg1,-6.705541,-5.7829037,reg1,1
ACTATCTTCGACATTG-1-reg1,-6.968487,-5.3270955,reg1,1
ACTATGGAGTGGTGAC-1-reg1,-12.610947,-4.734923,reg1,0
ACTATGGGTAACACCT-1-reg1,-4.708437,-7.109521,reg1,1
ACTATGGTCATTTGCT-1-reg1,-5.549684,-6.916679,reg1,1
ACTATTCTCTCATGCC-1-reg1,-10.521761,-3.7143743,reg1,0
ACTCCCACATCCTAAG-1-reg1,-11.733624,-5.748187,reg1,0
ACTCTCGCATTCCTAT-1-reg1,-8.084995,-7.0653963,reg1,1
ACTGATGAGGTCCCGT-1-reg1,-7.6661305,-7.843136,reg1,1
ACTGATGTCTGCATGA-1-reg1,-10.289702,-4.236913,reg1,0
ACTGCAAAGAATCCCT-1-reg1,-7.6548533,-7.7684846,reg1,1
ACTGCAACACCCATAA-1-reg1,-10.342787,-4.3732095,reg1,0
ACTGTCCAGCGTCAGA-1-reg1,-11.7685585,-5.0083714,reg1,0
ACTGTCCAGGCCCACT-1-reg1,-10.790514,-2.8704553,reg1,0
ACTGTGAAGCCTGTCG-1-reg1,-12.423268,-5.9206853,reg1,0
ACTGTGACATGAGGGT-1-reg1,-10.899223,-6.274666,reg1,0
ACTTAGGCAAGATCCT-1-reg1,-8.430952,-6.198459,reg1,1
ACTTAGGGTTGATCGT-1-reg1,-8.297858,-6.6012793,reg1,1
ACTTATCGTACCGTCG-1-reg1,-4.2726555,-7.4727626,reg1,1
ACTTCCGGTATGAAGT-1-reg1,-7.2615256,-8.384179,reg1,1
ACTTTGTCATGATGCT-1-reg1,-6.146174,-6.6681213,reg1,1
AGAAATGCAATTGTGC-1-reg1,-9.94046,-6.5107446,reg1,1
AGAAATGGTCTCCCTA-1-reg1,-12.468117,-6.0142403,reg1,0
AGAACAAAGGTAGTCG-1-reg1,-9.453056,-2.8833942,reg1,2
AGAACAACATTGCTTT-1-reg1,-7.1042886,-5.77506,reg1,1
AGACACTCAGGACTTT-1-reg1,-9.346092,-2.2648003,reg1,2
AGACACTTCAGGTGTT-1-reg1,-7.4759912,-5.6658797,reg1,1
AGACACTTCGACTCCT-1-reg1,-3.8578324,-6.520321,reg1,1
AGACAGGGTTAGGCTT-1-reg1,-12.771311,-4.6076393,reg1,0
AGACCATAGCACCAGA-1-reg1,-7.7618666,-8.273287,reg1,1
AGACCATTCCTCATAT-1-reg1,-6.9952884,-5.823206,reg1,1
AGACCCGAGCGACTAG-1-reg1,-6.2827153,-8.184606,reg1,1
AGACCCGCATCGTGCG-1-reg1,-13.411907,-5.6115904,reg1,0
AGACCCGGTGACGCCT-1-reg1,-13.13795,-6.5222673,reg1,0
AGAGAATCAGCAGTCC-1-reg1,-11.171401,-5.5909176,reg1,0
AGAGCAGCAGCTCATA-1-reg1,-9.403278,-3.489396,reg1,2
AGAGCAGTCCCTCTCC-1-reg1,-6.0406566,-6.037734,reg1,1
AGAGCCCAGCTAGTTC-1-reg1,-9.695728,-4.4813914,reg1,0
AGAGCCCGTATGCTAC-1-reg1,-11.482267,-2.7950275,reg1,0
AGATAGATCAGGGTAG-1-reg1,-6.8574343,-6.6534176,reg1,1
AGATCCATCTGGCTGG-1-reg1,-5.3943033,-7.19931,reg1,1
AGATCGTCACATCATG-1-reg1,-13.608922,-5.839607,reg1,0
AGATCGTTCAGGGATG-1-reg1,-11.809216,-6.398827,reg1,0
AGATGAACAAGGCAAC-1-reg1,-11.5635395,-3.9945338,reg1,0
AGATGCTAGAGCAACC-1-reg1,-5.6037555,-8.565301,reg1,1
AGATGCTAGTGATCGG-1-reg1,-7.545294,-7.607495,reg1,1
AGCATCAAGAGAATCT-1-reg1,-13.065015,-5.022964,reg1,0
AGCATCACAGTATTCG-1-reg1,-10.446969,-5.756211,reg1,0
AGCATCACATAATCGC-1-reg1,-10.679538,-4.81631,reg1,0
AGCCAATAGACTCCGC-1-reg1,-5.3801064,-6.793987,reg1,1
AGCCAGCGTGTAGCAG-1-reg1,-10.838802,-5.2940474,reg1,0
AGCGATTCATCTCAAG-1-reg1,-5.671981,-7.2354374,reg1,1
AGCGCCAAGTACTGGG-1-reg1,-9.012522,-7.4119434,reg1,1
AGCGCCACAAGTGCTT-1-reg1,-8.9170885,-7.2967844,reg1,1
AGCGCCATCCGTCAAA-1-reg1,-7.783667,-8.224391,reg1,1
AGCGCTGTCTGCGGGT-1-reg1,-13.071145,-3.7448575,reg1,0
AGCTCAAAGATGCCGA-1-reg1,-11.034295,-4.055849,reg1,0
AGCTCAAAGTCGCCAC-1-reg1,-12.508198,-6.2179093,reg1,0
AGCTCAAGTATAGGGC-1-reg1,-8.623092,-5.3141737,reg1,0
AGCTTCCCAGCGGTCT-1-reg1,-8.99545,-7.222411,reg1,1
AGGAAATGTTCGGTTA-1-reg1,-7.6985292,-7.5895185,reg1,1
AGGAATAAGGTGAGAA-1-reg1,-9.404009,-7.564918,reg1,1
AGGACGAGTGGGCTTC-1-reg1,-4.3918467,-7.848874,reg1,1
AGGACTTGTCCCGGTA-1-reg1,-6.7023273,-6.513483,reg1,1
AGGAGGTTCTAGCATG-1-reg1,-6.40961,-8.846545,reg1,1
AGGATCTAGGTTGACG-1-reg1,-8.183204,-7.8881493,reg1,1
AGGCCACTCCTACAAG-1-reg1,-8.329656,-7.5472584,reg1,1
AGGCTGCTCCGCAACG-1-reg1,-11.296318,-5.3328466,reg1,0
AGGGAGTGTGACAGCA-1-reg1,-11.982767,-4.5319133,reg1,0
AGGGCCTGTAGTTAGA-1-reg1,-9.053821,-6.1674886,reg1,1
AGGGCCTTCTTCACAT-1-reg1,-9.858291,-3.2372677,reg1,2
AGGGTCCAGCGTGCCT-1-reg1,-5.422486,-8.614691,reg1,1
AGGGTCCCAAGTTTGC-1-reg1,-11.736684,-3.6070907,reg1,0
AGGGTCCGTAGACACG-1-reg1,-9.781784,-3.5911314,reg1,2
AGGGTCCGTCAGGTGA-1-reg1,-9.18382,-3.6058884,reg1,2
AGGGTGAAGCTCCGAC-1-reg1,-9.601757,-5.1773653,reg1,0
AGGTAGGGTCCTATAG-1-reg1,-11.057493,-6.093499,reg1,0
AGGTAGGTCCCGTGTT-1-reg1,-12.497686,-4.530938,reg1,0
AGGTCATAGAGAAGGT-1-reg1,-7.2829137,-8.113207,reg1,1
AGGTGTTAGGTGCTGA-1-reg1,-9.980817,-6.7479753,reg1,1
AGGTTGTTCGTCAAAC-1-reg1,-5.2382655,-8.295273,reg1,1
AGTACCAGTTGTGTAC-1-reg1,-12.871583,-5.850314,reg1,0
AGTACTGTCACTGTTT-1-reg1,-9.333906,-6.057961,reg1,1
AGTAGCTGTAACATAG-1-reg1,-9.990599,-7.052529,reg1,1
AGTCACAGTGTCTCCT-1-reg1,-7.3347178,-5.2124777,reg1,1
AGTCTCCTCCATACAG-1-reg1,-10.764707,-3.4245882,reg1,0
AGTGACTCAGTACTAC-1-reg1,-13.622583,-5.730721,reg1,0
AGTGACTTCCATAAGC-1-reg1,-9.243316,-3.50363,reg1,2
AGTGCCGTCTTTGCTA-1-reg1,-7.2810936,-7.4666476,reg1,1
AGTTAGCGTACGTAGG-1-reg1,-8.942984,-6.0098925,reg1,1
AGTTCCCGTGATATAG-1-reg1,-11.230793,-4.988447,reg1,0
AGTTCGAAGGACCCAA-1-reg1,-4.388339,-7.617915,reg1,1
AGTTCGATCGACCACG-1-reg1,-11.535034,-6.027246,reg1,0
ATACCGAAGTCAAGCG-1-reg1,-13.458328,-6.310374,reg1,0
ATACCTTAGTGTCATC-1-reg1,-5.8438597,-6.266326,reg1,1
ATACCTTTCAAGTGTC-1-reg1,-4.305296,-6.625526,reg1,1
ATACTTCGTGATGGCA-1-reg1,-12.83461,-5.988133,reg1,0
ATACTTCGTTGTGTAC-1-reg1,-11.821943,-3.9872923,reg1,0
ATACTTCTCGTGGACC-1-reg1,-13.103738,-6.433357,reg1,0
ATACTTCTCGTTCCTG-1-reg1,-5.4763923,-6.350172,reg1,1
ATAGACCTCAGTGTTG-1-reg1,-6.982055,-6.756479,reg1,1
ATAGAGAGTGAGTCAG-1-reg1,-12.008515,-5.9793153,reg1,0
ATAGGCTTCATTGAGC-1-reg1,-6.936992,-7.1562643,reg1,1
ATATCCTAGAGCCTGA-1-reg1,-12.135225,-6.205711,reg1,0
ATATCCTCAGGGAGAG-1-reg1,-7.5938463,-4.8001475,reg1,1
ATATCCTTCACTACGA-1-reg1,-13.518319,-5.682979,reg1,0
ATCACAGAGTTGGGAC-1-reg1,-8.629192,-7.1341457,reg1,1
ATCACAGCATGAGAAT-1-reg1,-13.613262,-5.7697535,reg1,0
ATCACTTCAGGGCTTC-1-reg1,-12.635966,-5.6599426,reg1,0
ATCAGGTTCAATCTTC-1-reg1,-13.107113,-5.9312015,reg1,0
ATCCACCCATATTCGG-1-reg1,-12.336958,-3.5552676,reg1,0
ATCCACCTCCATATGG-1-reg1,-8.892634,-4.8739634,reg1,0
ATCCATTCATATGAAG-1-reg1,-9.031852,-6.126083,reg1,1
ATCCATTGTGGTTTAC-1-reg1,-10.900493,-6.2121477,reg1,0
ATCCCTGTCCGATCTC-1-reg1,-7.1250706,-6.266472,reg1,1
ATCGATGGTGTGTCCG-1-reg1,-8.278401,-6.3863106,reg1,1
ATCGCCTAGATGTAGT-1-reg1,-11.5930605,-5.32774,reg1,0
ATCGCCTAGTGTAGTA-1-reg1,-5.766469,-4.4111357,reg1,1
ATCGCCTGTGCCCAGT-1-reg1,-12.4963665,-4.6552844,reg1,0
ATCGGATCAGAGGCAT-1-reg1,-4.862523,-6.600595,reg1,1
ATCGGATGTTCATCGA-1-reg1,-9.828388,-7.4724455,reg1,1
ATCGGATTCCAAACCA-1-reg1,-4.667694,-6.2081943,reg1,1
ATCGGCGAGCCGAACA-1-reg1,-5.4834228,-8.317898,reg1,1
ATCGGCGTCACGATAC-1-reg1,-10.446615,-6.0195546,reg1,0
ATCGTCCCATAGATGA-1-reg1,-13.633262,-5.7987,reg1,0
ATCGTCCTCACTTGTT-1-reg1,-5.683835,-6.271873,reg1,1
ATCGTGAGTACTGCGC-1-reg1,-4.358349,-7.4131403,reg1,1
ATCTCTAGTATCGTTG-1-reg1,-12.97013,-5.9154344,reg1,0
ATCTCTATCACTTTGT-1-reg1,-10.229268,-6.9376564,reg1,0
ATCTCTATCTTCGGAA-1-reg1,-11.453438,-6.2108154,reg1,0
ATGAGGGCAAGATCCT-1-reg1,-4.573621,-6.755516,reg1,1
ATGAGTCAGATAACGT-1-reg1,-8.033043,-7.3655696,reg1,1
ATGAGTCGTCGGTGTC-1-reg1,-8.877197,-3.134102,reg1,2
ATGATCGTCAAACGTC-1-reg1,-5.406038,-8.19889,reg1,1
ATGCATGTCCGTGTGG-1-reg1,-11.25267,-2.3692896,reg1,0
ATGCCTCGTGTAAACA-1-reg1,-12.028506,-4.098113,reg1,0
ATGCCTCTCGAGTACT-1-reg1,-11.638542,-5.8194537,reg1,0
ATGCGATGTGGATGAC-1-reg1,-7.552763,-5.5215325,reg1,1
ATGCGATTCCACAGGC-1-reg1,-7.7627296,-5.5354643,reg1,1
ATGCGATTCTACACTT-1-reg1,-3.9792767,-6.6801877,reg1,1
ATGGGAGTCACATACG-1-reg1,-9.98804,-6.3153424,reg1,0
ATGGGTTGTTAAGTCC-1-reg1,-4.2922873,-8.20986,reg1,1
ATGTCCCTCAGATGCT-1-reg1,-6.01439,-7.200996,reg1,1
ATTCAGGGTTGGGCCT-1-reg1,-11.915686,-6.3133316,reg1,0
ATTCATCCACTATGTG-1-reg1,-12.919338,-3.7356756,reg1,0
ATTCATCCATGGGCAA-1-reg1,-13.444808,-5.8509746,reg1,0
ATTCCATCACTTGAAC-1-reg1,-6.3903646,-8.753291,reg1,1
ATTCGTTGTCTCGACG-1-reg1,-11.033103,-6.3504257,reg1,0
ATTGGGTAGCTTAGTC-1-reg1,-13.295956,-6.134563,reg1,0
ATTGGGTAGTAGCATA-1-reg1,-5.6864696,-8.609272,reg1,1
ATTGTTCAGAGCGACT-1-reg1,-7.316552,-8.345836,reg1,1
ATTGTTCCAGGTTCAT-1-reg1,-10.482968,-5.795553,reg1,0
ATTTACCAGGAAGTCC-1-reg1,-8.484217,-1.8919485,reg1,2
ATTTACCGTATCGCTA-1-reg1,-7.7072124,-8.539058,reg1,1
ATTTCACGTCTTTATC-1-reg1,-6.4909515,-5.7674785,reg1,1
ATTTCACGTGGATCGA-1-reg1,-6.8304253,-5.311138,reg1,1
ATTTCACGTGTTCAGT-1-reg1,-6.0987697,-6.0603237,reg1,1
ATTTCTGTCTGGGAGA-1-reg1,-6.5540442,-7.3573103,reg1,1
CAAAGAATCGTGTGGC-1-reg1,-9.289629,-5.0233765,reg1,1
CAACAGTAGCACCAGA-1-reg1,-6.695172,-8.780205,reg1,1
CAACAGTTCCAATCCC-1-reg1,-4.221354,-6.588731,reg1,1
CAACCAATCGAGTTGT-1-reg1,-11.868985,-5.6258945,reg1,0
CAACCAATCGCATTGA-1-reg1,-8.151081,-8.324211,reg1,1
CAACCAATCTCCACTG-1-reg1,-5.064098,-8.70484,reg1,1
CAACCTCCAGTAGTGG-1-reg1,-5.1105165,-7.2942266,reg1,1
CAAGACTGTACCAGAG-1-reg1,-8.725468,-7.8921695,reg1,1
CAAGACTTCACATTGG-1-reg1,-12.740933,-6.0967565,reg1,0
CAAGAGGAGAGAGCCT-1-reg1,-6.9094725,-6.4703236,reg1,1
CAAGAGGCAAGCGAGT-1-reg1,-12.543032,-5.4181213,reg1,0
CAAGAGGCACGCTGTG-1-reg1,-12.874255,-5.435017,reg1,0
CAAGGGACAAGAGTGC-1-reg1,-12.77946,-3.4148352,reg1,0
CAAGGGATCATCACCC-1-reg1,-7.539753,-5.25969,reg1,1
CAATACGAGCGCACAA-1-reg1,-7.2391977,-8.003835,reg1,1
CAATACGCATGGCTGC-1-reg1,-11.703391,-6.099988,reg1,0
CAATCGACAAGTTCCA-1-reg1,-9.415334,-7.5274076,reg1,1
CAATCGAGTATCAGCT-1-reg1,-9.050984,-7.867627,reg1,1
CAATCGAGTGACGCCT-1-reg1,-11.589772,-3.9169707,reg1,0
CAATGACAGAGTTGCG-1-reg1,-7.141272,-7.8824263,reg1,1
CAATGACAGATAGCAT-1-reg1,-6.292576,-7.2543955,reg1,1
CAATGACTCCGTAGGC-1-reg1,-7.7509274,-7.922431,reg1,1
CACAACACACCCTTGT-1-reg1,-11.763634,-5.8640594,reg1,0
CACACAATCATGGGAG-1-reg1,-7.7446117,-7.7827024,reg1,1
CACAGATAGAGTCAAT-1-reg1,-9.798312,-4.1482286,reg1,2
CACAGATCATCAACCA-1-reg1,-4.170617,-8.452853,reg1,1
CACAGGCAGGTTTACC-1-reg1,-8.844713,-3.940751,reg1,2
CACCAAAGTGGCTTGC-1-reg1,-11.643912,-5.6936994,reg1,0
CACGAATTCTGGGCGT-1-reg1,-13.186013,-5.0567045,reg1,0
CACGGGTCACTCAGAT-1-reg1,-9.816822,-3.6976755,reg1,2
CACGGGTTCTCTCGAC-1-reg1,-8.851515,-6.9162908,reg1,1
CACGTGGGTCCCTGTT-1-reg1,-4.5772023,-7.064542,reg1,1
CACGTGGTCGGAACTT-1-reg1,-5.559937,-6.648369,reg1,1
CACGTTCCACTAACGT-1-reg1,-10.266075,-6.9887986,reg1,1
CACGTTCGTCGTACAT-1-reg1,-5.0998855,-7.881112,reg1,1
CACTAAGTCGGCTCTT-1-reg1,-7.46722,-7.940621,reg1,1
CACTGAAAGTCATGCT-1-reg1,-13.265189,-6.0857344,reg1,0
CACTGAATCTCATTTG-1-reg1,-6.581625,-5.9865932,reg1,1
CACTGGGTCATCACAG-1-reg1,-7.082768,-6.786784,reg1,1
CACTGTCCAAGTGGCA-1-reg1,-5.124403,-5.3236046,reg1,1
CACTTCGGTCTTTCAT-1-reg1,-11.523355,-5.6178155,reg1,0
CAGATACCACCTTCCA-1-reg1,-12.782195,-5.3699594,reg1,0
CAGATACTCAATCAGC-1-reg1,-9.8855505,-3.9186463,reg1,2
CAGATACTCGACTCCT-1-reg1,-12.326504,-4.7287507,reg1,0
CAGATCAAGCGGCTCT-1-reg1,-12.971876,-5.3199787,reg1,0
CAGCACGAGTGGTGAC-1-reg1,-9.699469,-4.5728745,reg1,0
CAGCACGGTGCATGTT-1-reg1,-7.2461653,-8.092711,reg1,1
CAGCCAGTCCTGTTGC-1-reg1,-12.601042,-4.8722672,reg1,0
CAGCGTGAGAAATGGG-1-reg1,-6.604736,-7.5597415,reg1,1
CAGCGTGGTGAGATAT-1-reg1,-8.401858,-8.153091,reg1,1
CAGCGTGTCTAAGCGT-1-reg1,-6.1820445,-8.707892,reg1,1
CAGGTATAGCAAGCCA-1-reg1,-12.479283,-6.165566,reg1,0
CAGGTATCAGATCATC-1-reg1,-5.9386764,-8.735219,reg1,1
CAGGTATTCGAGCCTG-1-reg1,-11.319758,-5.515384,reg1,0
CAGTGCGGTGACAACG-1-reg1,-5.994333,-8.755479,reg1,1
CAGTTAGAGAGCCTGA-1-reg1,-13.621769,-5.800075,reg1,0
CAGTTAGCACCCTATC-1-reg1,-9.908592,-2.1516511,reg1,2
CATACAGCATAGAATG-1-reg1,-8.25344,-7.171281,reg1,1
CATACAGTCCCTCGAT-1-reg1,-10.678247,-5.3639274,reg1,0
CATACTTAGACTACGG-1-reg1,-5.6085343,-7.1062617,reg1,1
CATAGACAGACTCCGC-1-reg1,-8.061892,-3.753977,reg1,2
CATAGACTCGGCCTTT-1-reg1,-4.4308057,-7.077975,reg1,1
CATCAAGAGTAAACTG-1-reg1,-12.343693,-5.5534062,reg1,0
CATCAAGCAATAGGGC-1-reg1,-6.623296,-6.5161333,reg1,1
CATCAAGCAGTATTCG-1-reg1,-7.829988,-7.718599,reg1,1
CATCAAGTCTCGTGGG-1-reg1,-11.880179,-4.1261435,reg1,0
CATCAAGTCTTAGCTT-1-reg1,-7.8814983,-8.409456,reg1,1
CATCCCAGTGTCCACG-1-reg1,-5.5433984,-8.767236,reg1,1
CATCCCATCCTACGGG-1-reg1,-3.981282,-7.06385,reg1,1
CATCCGTAGCCTCACG-1-reg1,-8.335351,-5.963957,reg1,1
CATCGCTGTTACAGCT-1-reg1,-10.832005,-6.4152904,reg1,0
CATCGGGTCTCCGATC-1-reg1,-11.41625,-5.243761,reg1,0
CATCGTCCAGAAATTG-1-reg1,-12.223068,-5.404852,reg1,0
CATGGATTCTTAGGAC-1-reg1,-8.994376,-7.7842216,reg1,1
CATGGTACATGGATCT-1-reg1,-11.838191,-4.716391,reg1,0
CATTCTAGTAATACCC-1-reg1,-13.057058,-4.926034,reg1,0
CATTGTTAGGCCTTCG-1-reg1,-10.944945,-4.968162,reg1,0
CCAAGCGCACCACATA-1-reg1,-5.520358,-7.595564,reg1,1
CCAAGCGTCCAACACA-1-reg1,-8.11766,-7.9661307,reg1,1
CCAATTTCAGAACGCA-1-reg1,-5.9067755,-7.0594344,reg1,1
CCAATTTGTAATTGGA-1-reg1,-11.444405,-4.671464,reg1,0
CCAATTTGTATCCTCC-1-reg1,-12.250207,-4.8840795,reg1,0
CCAATTTTCCTATTGT-1-reg1,-7.8496976,-4.7978578,reg1,1
CCACACTCAGAATCGG-1-reg1,-11.770891,-3.7127445,reg1,0
CCACGAGAGGAGAATG-1-reg1,-7.896172,-6.16462,reg1,1
CCACGAGTCCAAGAGG-1-reg1,-9.043661,-7.5796895,reg1,1
CCACGAGTCTTGGGCG-1-reg1,-12.50398,-4.9747543,reg1,0
CCACTTGTCTTCCCGA-1-reg1,-4.5953193,-7.3838887,reg1,1
CCATCACTCGTCTCAC-1-reg1,-9.893848,-2.3870904,reg1,2
CCCATTGAGAGGTTAT-1-reg1,-12.168228,-3.873084,reg1,0
CCCATTGTCACTGTCC-1-reg1,-10.099167,-2.1596828,reg1,2
CCCGAAGAGTATGGAT-1-reg1,-12.6133175,-4.116245,reg1,0
CCCTCAATCACACCGG-1-reg1,-10.297415,-5.162937,reg1,0
CCCTCTCTCTAGCCAA-1-reg1,-11.867665,-5.5327277,reg1,0
CCCTGATAGAAATTGC-1-reg1,-6.1968026,-5.7034426,reg1,1
CCGATGGCATCGTTCC-1-reg1,-5.2027235,-6.657654,reg1,1
CCGCAAGCAGGGAATC-1-reg1,-4.8505235,-6.554311,reg1,1
CCGCAAGGTTTCCCAC-1-reg1,-9.406777,-4.0153923,reg1,2
CCGGACACAGGTTCGC-1-reg1,-8.311881,-8.286496,reg1,1
CCGGTGATCAGGCGAA-1-reg1,-5.725793,-8.3140745,reg1,1
CCGTAGGAGTGGCGAT-1-reg1,-13.398201,-5.218756,reg1,0
CCGTGAGCATCCTCAC-1-reg1,-8.847111,-5.85125,reg1,1
CCGTGAGTCGATGCTA-1-reg1,-7.7893934,-4.271244,reg1,2
CCTAACCTCAGCGCAC-1-reg1,-4.057446,-7.1598377,reg1,1
CCTAAGAAGTACCCTA-1-reg1,-12.676154,-5.865617,reg1,0
CCTACGTTCGGCGATC-1-reg1,-9.056654,-6.018445,reg1,1
CCTATCGTCACAATGC-1-reg1,-5.2879586,-4.835236,reg1,1
CCTCAACCACATATGC-1-reg1,-10.733429,-6.60926,reg1,0
CCTCAACCACGGCGTT-1-reg1,-10.172959,-6.0120234,reg1,0
CCTCAACTCTCCCATG-1-reg1,-4.8658156,-7.172718,reg1,1
CCTCACAAGCGTGAGT-1-reg1,-9.300857,-4.80018,reg1,2
CCTCACACAAGTTCCA-1-reg1,-10.018557,-6.5898,reg1,1
CCTCACAGTTTGTTCT-1-reg1,-12.20612,-5.284598,reg1,0
CCTCATGCAGCTACTA-1-reg1,-12.471972,-5.9337263,reg1,0
CCTCATGTCGGTATGT-1-reg1,-4.5425186,-7.0291786,reg1,1
CCTCTCCCAGCTCGGT-1-reg1,-12.870966,-5.8031044,reg1,0
CCTGCATTCTAGTTCT-1-reg1,-9.568049,-6.8860574,reg1,1
CCTTCAGGTAGCTTGT-1-reg1,-8.575994,-7.2698293,reg1,1
CGAAGTTTCGACGCGT-1-reg1,-11.638752,-4.660469,reg1,0
CGAATTGGTTAGTCGT-1-reg1,-8.170053,-4.433745,reg1,2
CGATCGGAGCGTATGG-1-reg1,-7.535056,-6.8467293,reg1,1
CGATCGGTCCTTACCG-1-reg1,-6.882332,-7.515844,reg1,1
CGATGCGGTAGTCTTG-1-reg1,-11.720952,-3.9261622,reg1,0
CGATGCGTCCCATAGA-1-reg1,-12.114532,-5.6820626,reg1,0
CGATGCGTCCGATGCG-1-reg1,-12.786534,-3.8131788,reg1,0
CGATGGCAGGAACGCT-1-reg1,-6.535997,-8.413523,reg1,1
CGCAGGTAGGGCTGAT-1-reg1,-11.262735,-5.739174,reg1,0
CGCAGGTGTAGGAAAG-1-reg1,-10.988892,-4.5202737,reg1,0
CGCAGGTTCACATCAG-1-reg1,-6.708509,-7.791867,reg1,1
CGCATAACAAATGAGT-1-reg1,-6.8239617,-7.724469,reg1,1
CGCATAATCGCCGAGT-1-reg1,-11.903323,-6.177397,reg1,0
CGCATAATCGTGTTCC-1-reg1,-8.857762,-1.8755741,reg1,2
CGCCAGATCATGTCAG-1-reg1,-6.2419267,-8.425419,reg1,1
CGCCAGATCGTCTACC-1-reg1,-10.544197,-2.2965872,reg1,2
CGCCATTCACGAGGTA-1-reg1,-6.456807,-6.314126,reg1,1
CGCGTGACACGACAAG-1-reg1,-11.418195,-5.5795803,reg1,0
CGGAACCCAAGGCGTA-1-reg1,-11.848131,-2.5791264,reg1,0
CGGAACCCACATTGTG-1-reg1,-11.415994,-6.653144,reg1,0
CGGAACCCACTGCTTC-1-reg1,-4.25103,-6.6807065,reg1,1
CGGAACCGTGTCTCCT-1-reg1,-7.376465,-7.933744,reg1,1
CGGACACCATGACCCG-1-reg1,-6.134899,-6.7110653,reg1,1
CGGACACGTCTGTGAT-1-reg1,-11.975383,-3.7845316,reg1,0
CGGCAGTAGTTTGTCG-1-reg1,-9.644264,-2.4966786,reg1,2
CGGGTGTCAATCCAGT-1-reg1,-12.217359,-4.071072,reg1,0
CGTAAGTGTTGAGAGC-1-reg1,-5.426161,-7.796825,reg1,1
CGTAGTAAGCTGACCC-1-reg1,-9.432859,-6.6149564,reg1,1
CGTGAATTCAGAGCAG-1-reg1,-7.072112,-7.7815003,reg1,1
CGTGATATCGTTCCCA-1-reg1,-12.639707,-6.4248695,reg1,0
CGTGCTTAGGTTAAAC-1-reg1,-12.5686455,-5.30519,reg1,0
CGTGCTTAGTTTGGCT-1-reg1,-4.839258,-8.439185,reg1,1
CGTGCTTGTGTCCTAA-1-reg1,-8.572271,-7.373996,reg1,1
CGTTCTGAGGAAGTCC-1-reg1,-11.92837,-5.6546016,reg1,0
CGTTGGGTCCCGATCT-1-reg1,-4.6204343,-7.3360896,reg1,1
CTAAGTGCACAAGCAG-1-reg1,-8.422606,-8.150048,reg1,1
CTACAGACATAGTCGT-1-reg1,-11.733321,-3.8827975,reg1,0
CTACATTGTCAACCAT-1-reg1,-5.927898,-5.8950624,reg1,1
CTACGGGCAGCTTTGA-1-reg1,-4.8626914,-7.0618973,reg1,1
CTACGGGCATAAGCGG-1-reg1,-5.1003633,-8.543869,reg1,1
CTACGGGGTAACCCGC-1-reg1,-5.482135,-6.2423916,reg1,1
CTACGGGGTTCCGCGA-1-reg1,-8.262175,-7.403104,reg1,1
CTACTATAGGCGTCCT-1-reg1,-12.743317,-5.171797,reg1,0
CTAGACAAGCGAATGC-1-reg1,-7.5579276,-7.89291,reg1,1
CTAGGTACAGGCTACC-1-reg1,-8.461184,-7.297046,reg1,1
CTAGGTAGTTTCAGAC-1-reg1,-10.0971575,-6.1024976,reg1,0
CTATAGGTCAGTGGGA-1-reg1,-4.5501285,-8.519427,reg1,1
CTATCTAAGATGGCAC-1-reg1,-10.541064,-5.905857,reg1,0
CTATCTACACGTCGTG-1-reg1,-12.235244,-2.7907844,reg1,0
CTATCTACATAGATCC-1-reg1,-8.557858,-7.6309276,reg1,1
CTATCTAGTTCCGCAG-1-reg1,-13.229378,-6.196786,reg1,0
CTCAACCAGTCACACT-1-reg1,-5.15938,-6.979977,reg1,1
CTCAAGATCAATCAGC-1-reg1,-6.810934,-8.778249,reg1,1
CTCAGAAGTCGATGCC-1-reg1,-5.9021893,-8.352124,reg1,1
CTCAGGGTCACACCCT-1-reg1,-11.353718,-5.479457,reg1,0
CTCATGCCATGACGTT-1-reg1,-5.4484615,-7.1014667,reg1,1
CTCATGCGTGGTAACG-1-reg1,-12.102848,-6.6594496,reg1,0
CTCATTAGTACGATCT-1-reg1,-3.9657867,-7.5673623,reg1,1
CTCCAACTCCATTTGT-1-reg1,-4.303178,-6.943411,reg1,1
CTCCACAGTTACGATC-1-reg1,-12.306498,-6.453985,reg1,0
CTCCATGAGCGCCGTT-1-reg1,-11.918419,-5.7398915,reg1,0
CTCCATGGTGATGAAT-1-reg1,-13.233622,-5.4942408,reg1,0
CTCCCAACAAGCTGCC-1-reg1,-5.8080463,-4.0255327,reg1,2
CTCCCTCCACTGTGTA-1-reg1,-12.110266,-5.424075,reg1,0
CTCCCTCGTCCTCCAT-1-reg1,-9.842803,-7.1710253,reg1,1
CTCCCTCGTTATAGCC-1-reg1,-7.9732566,-7.083235,reg1,1
CTCCCTCTCCCTTGGT-1-reg1,-8.443279,-7.1915126,reg1,1
CTCCTTTTCCCTCAAC-1-reg1,-7.1220107,-5.395283,reg1,1
CTCTCAGGTTGCTCCT-1-reg1,-8.328054,-5.4270697,reg1,1
CTCTCGAGTCCGTACG-1-reg1,-8.017645,-7.5423074,reg1,1
CTCTGGTAGACTGGGT-1-reg1,-8.485604,-7.251043,reg1,1
CTGAATGTCACCGCTT-1-reg1,-4.31277,-7.191052,reg1,1
CTGAGCGAGATCACCT-1-reg1,-13.066812,-4.619896,reg1,0
CTGAGCGAGGTACAGC-1-reg1,-13.185093,-4.8088417,reg1,0
CTGAGGCGTAAGGTCG-1-reg1,-7.7328773,-5.653431,reg1,1
CTGAGGCTCCATTGGA-1-reg1,-5.9311595,-7.0631385,reg1,1
CTGCCATGTTCGGCGT-1-reg1,-4.4558983,-7.125643,reg1,1
CTGCCTACATGGGTTT-1-reg1,-7.714931,-5.4713035,reg1,1
CTGCGAGCACGTATAC-1-reg1,-12.8066635,-3.7772894,reg1,0
CTGCGAGTCACCTGGG-1-reg1,-8.80022,-5.246134,reg1,1
CTGCTCAGTACGCTAT-1-reg1,-5.5204663,-7.7994246,reg1,1
CTGCTCAGTAGGTTTC-1-reg1,-8.764576,-7.3307137,reg1,1
CTGCTCAGTGTCCCTT-1-reg1,-12.263367,-3.924033,reg1,0
CTGCTCATCCGTGGTG-1-reg1,-8.338935,-5.038761,reg1,0
CTGGTCTCAACCCGCA-1-reg1,-8.883926,-7.537341,reg1,1
CTGTACCCATATCTCT-1-reg1,-13.2940645,-4.626651,reg1,0
CTGTACCCATTGCCGG-1-reg1,-10.354168,-5.823926,reg1,0
CTGTAGACATGACGTT-1-reg1,-6.5018334,-8.398542,reg1,1
CTGTCGTAGGTTGTTC-1-reg1,-7.6054296,-8.297498,reg1,1
CTTACCGAGATTGCGG-1-reg1,-7.666098,-5.3723397,reg1,1
CTTACCGGTATCCTTT-1-reg1,-8.902684,-6.5898986,reg1,1
CTTAGGATCCCTTCCC-1-reg1,-4.5215344,-7.978359,reg1,1
CTTCAATAGAGAGTGA-1-reg1,-4.9597325,-7.1277585,reg1,1
CTTCAATCATGCAGGA-1-reg1,-7.431095,-5.5858946,reg1,1
CTTCAATTCTTTGATC-1-reg1,-7.724272,-6.2051845,reg1,1
CTTCGGTAGTGGTTCT-1-reg1,-5.713063,-6.831121,reg1,1
CTTCGGTGTGGTCTCG-1-reg1,-8.784352,-6.4066186,reg1,1
CTTCTAACACCATTCC-1-reg1,-5.2318707,-7.332936,reg1,1
CTTCTAAGTTGGTACT-1-reg1,-11.332852,-5.481108,reg1,0
CTTCTAATCGTTGCCT-1-reg1,-11.888164,-5.46998,reg1,0
CTTCTCTGTACACTCA-1-reg1,-13.374262,-6.3195806,reg1,0
CTTCTCTTCCTGGCTT-1-reg1,-4.654178,-6.4562197,reg1,1
CTTCTCTTCGCCTAGG-1-reg1,-10.311572,-6.415468,reg1,0
CTTGATTAGGATTTCC-1-reg1,-9.160956,-5.1667914,reg1,0
CTTGATTCAACCCTAA-1-reg1,-8.684074,-7.694112,reg1,1
CTTTCGGAGTCTGTAC-1-reg1,-6.344699,-5.984813,reg1,1
CTTTCGGCAGTCGGTC-1-reg1,-9.440953,-5.2252846,reg1,0
CTTTCGGTCCGGCAGT-1-reg1,-13.498991,-6.301815,reg1,0
GAACGTTCATCATCTT-1-reg1,-12.746592,-4.2450824,reg1,0
GAACGTTGTAGTCGGA-1-reg1,-13.415328,-6.321102,reg1,0
GAACGTTGTGTAGCAG-1-reg1,-12.568,-5.143136,reg1,0
GAAGAATGTCGGCACT-1-reg1,-8.412793,-6.3713946,reg1,1
GAAGAATTCGTGGGTC-1-reg1,-12.582857,-5.7570305,reg1,0
GAAGCCCAGGGTCAAC-1-reg1,-7.5900397,-2.992939,reg1,2
GAAGCCCTCATTGAGC-1-reg1,-4.130065,-7.602997,reg1,1
GAAGCGAGTCAAAGAT-1-reg1,-11.531977,-6.34028,reg1,0
GAAGGACCACTGCACG-1-reg1,-12.355663,-3.3527708,reg1,0
GAATAGAGTATGCTTG-1-reg1,-5.1504555,-8.688151,reg1,1
GAATAGATCTATCGCC-1-reg1,-7.1129117,-7.803176,reg1,1
GACACGCTCGCCTAGG-1-reg1,-13.143662,-4.8264318,reg1,0
GACAGCCAGCAGGGAG-1-reg1,-10.726829,-6.128897,reg1,0
GACAGCCAGTATCTGC-1-reg1,-6.0837445,-5.8212867,reg1,1
GACAGCCGTCTACAAC-1-reg1,-9.668963,-6.238288,reg1,1
GACATCATCCATCTGC-1-reg1,-12.506317,-5.815077,reg1,0
GACCAATAGTGAGCCA-1-reg1,-4.6991434,-8.699319,reg1,1
GACCGTGAGAATCGCG-1-reg1,-9.579962,-5.913015,reg1,1
GACCGTGAGCGCCTTG-1-reg1,-8.871233,-2.809196,reg1,2
GACCGTGAGGTTCCGC-1-reg1,-10.1859455,-4.506912,reg1,0
GACCGTGGTCCAGGTC-1-reg1,-11.509656,-3.794885,reg1,0
GACCGTGGTTCCAAAC-1-reg1,-5.58182,-8.258433,reg1,1
GACGCTGAGCTGAAAT-1-reg1,-9.469218,-6.267873,reg1,0
GACGCTGGTCTACACA-1-reg1,-12.757919,-4.914736,reg1,0
GACGTTATCCGTATGA-1-reg1,-7.5993953,-7.6845026,reg1,1
GACTATGTCTCGTGGG-1-reg1,-5.2575517,-8.573569,reg1,1
GACTTCCGTGAAGCTG-1-reg1,-12.85791,-5.3506274,reg1,0
GAGAAATAGCGGCTCT-1-reg1,-11.074666,-4.9830923,reg1,0
GAGACCCTCATTCCTA-1-reg1,-7.4319654,-8.3253565,reg1,1
GAGAGGTAGCGCAATG-1-reg1,-7.491762,-4.9994445,reg1,1
GAGAGGTTCTGGCCAG-1-reg1,-12.445468,-3.277544,reg1,0
GAGCTGCAGCAGTACG-1-reg1,-4.7970295,-7.589293,reg1,1
GAGCTGCAGGGACAGG-1-reg1,-7.0037017,-5.4348736,reg1,1
GAGGCAAGTCTAACGT-1-reg1,-7.334085,-6.159548,reg1,1
GAGGGATAGCTGTTAC-1-reg1,-7.998186,-5.5728993,reg1,1
GAGGGATGTAAGGCTG-1-reg1,-12.677175,-4.9294734,reg1,0
GAGGGATTCGATGGAG-1-reg1,-8.000202,-6.7923617,reg1,1
GAGTCATCACCGGAAA-1-reg1,-6.1571693,-6.4050055,reg1,1
GAGTCATCACTCCTTG-1-reg1,-7.726806,-3.275063,reg1,2
GAGTCATGTACCCAGC-1-reg1,-7.257776,-8.138737,reg1,1
GAGTCATGTTCCTAGA-1-reg1,-7.8398123,-6.2838182,reg1,1
GAGTCTAGTAGGCTCC-1-reg1,-9.503429,-4.6822486,reg1,2
GAGTCTATCGGTCAGC-1-reg1,-8.172409,-5.9864254,reg1,1
GAGTGAGGTTAGGCTT-1-reg1,-8.261413,-7.500791,reg1,1
GAGTGAGGTTGTCCCT-1-reg1,-9.946135,-6.8494215,reg1,1
GAGTGTTAGGTTACCT-1-reg1,-6.403794,-5.929022,reg1,1
GAGTGTTTCATTGTTC-1-reg1,-5.1286545,-8.575008,reg1,1
GAGTGTTTCGTTCGCT-1-reg1,-13.019887,-5.3712916,reg1,0
GAGTGTTTCTCGCCTA-1-reg1,-8.735042,-8.12297,reg1,1
GAGTTACTCATTTGCT-1-reg1,-11.886338,-5.1344595,reg1,0
GAGTTTGAGGCATCAG-1-reg1,-8.8907995,-7.476168,reg1,1
GAGTTTGGTGCATCTA-1-reg1,-13.485569,-6.2280736,reg1,0
GATAGAATCGTTCGCT-1-reg1,-12.210528,-4.989778,reg1,0
GATCAGTTCCACACAA-1-reg1,-10.1797,-6.282369,reg1,0
GATCATGAGTTCGCAT-1-reg1,-4.6886067,-7.66133,reg1,1
GATCATGTCGTAATGC-1-reg1,-4.753682,-7.049896,reg1,1
GATCCCTTCAATGTCG-1-reg1,-12.415458,-5.4621863,reg1,0
GATGAGGTCCTCTCGA-1-reg1,-6.627899,-8.463343,reg1,1
GATGCTAAGCCTCACG-1-reg1,-6.3310785,-5.7292247,reg1,1
GATGGAGAGGACGCTA-1-reg1,-11.6888895,-5.3613286,reg1,0
GATGGAGTCTGTGCAA-1-reg1,-11.420587,-6.0239267,reg1,0
GATTCGAGTTAGGACG-1-reg1,-12.844026,-3.552126,reg1,0
GATTCTTAGACATAGT-1-reg1,-10.118113,-6.370148,reg1,1
GATTTCTTCGAGGCAA-1-reg1,-12.333563,-3.0813296,reg1,0
GCAACCGTCCATTGTT-1-reg1,-9.014532,-5.102488,reg1,0
GCAACCGTCCCGTTCA-1-reg1,-6.9469357,-5.4007764,reg1,1
GCACATACATCGGCCA-1-reg1,-12.830401,-4.476322,reg1,0
GCACGGTGTTCGATTG-1-reg1,-13.122164,-4.344995,reg1,0
GCAGCCAAGCCAAGTG-1-reg1,-11.847445,-6.0821576,reg1,0
GCAGCCAAGTGCCGAA-1-reg1,-12.194135,-5.8275447,reg1,0
GCAGCCAGTACTCCCT-1-reg1,-7.4030247,-5.705639,reg1,1
GCAGCCATCCGTAGTA-1-reg1,-8.901517,-6.453176,reg1,1
GCAGGCTAGTGCAGGT-1-reg1,-10.9229765,-6.9565477,reg1,0
GCAGTTAGTCCATACA-1-reg1,-7.0744658,-5.474454,reg1,1
GCAGTTAGTGGCGCTT-1-reg1,-9.44419,-6.990117,reg1,1
GCATCTCAGTCCTGTA-1-reg1,-9.0541525,-7.4929585,reg1,1
GCATGATCAACGGCCT-1-reg1,-5.8839607,-6.2490644,reg1,1
GCATTAGAGTTAACGA-1-reg1,-5.3139377,-7.653164,reg1,1
GCATTAGTCACTGGTA-1-reg1,-10.043246,-2.7257771,reg1,2
GCCAACGAGACAACTA-1-reg1,-6.6958084,-6.3980002,reg1,1
GCCAACGCAAACTAGA-1-reg1,-12.870465,-3.585145,reg1,0
GCCAACGCAATGGCAG-1-reg1,-8.162848,-7.3042974,reg1,1
GCCAACGCAGGAGGTT-1-reg1,-5.6326313,-8.391571,reg1,1
GCCAGCAAGTTACGAA-1-reg1,-5.3375545,-6.871999,reg1,1
GCCAGGTCACTTCCTG-1-reg1,-11.464642,-4.7440896,reg1,0
GCCCGAAAGGACGCAT-1-reg1,-6.4109626,-6.532371,reg1,1
GCCGTGAAGGACTATA-1-reg1,-4.7809834,-6.434668,reg1,1
GCCGTGATCCGATCGG-1-reg1,-6.1798425,-5.732878,reg1,1
GCCTGTTCAAGGTCAG-1-reg1,-10.982141,-5.025923,reg1,0
GCCTGTTTCCTCAGAA-1-reg1,-7.7831116,-7.3876753,reg1,1
GCGAGAATCGATACAC-1-reg1,-7.20389,-7.9877787,reg1,1
GCGGAAACAGAATCGG-1-reg1,-4.38927,-7.352143,reg1,1
GCGGAAACATGGTACT-1-reg1,-9.170666,-3.865762,reg1,2
GCGGATCCAACACAGG-1-reg1,-12.786441,-5.9247527,reg1,0
GCGGATCTCTTCTAAC-1-reg1,-10.773658,-3.7012713,reg1,0
GCTACAACAGAACATA-1-reg1,-12.100887,-4.687958,reg1,0
GCTACAAGTGTACATC-1-reg1,-4.996207,-7.948475,reg1,1
GCTGAATCAAGATTGA-1-reg1,-4.55415,-6.7934866,reg1,1
GCTGAATGTACAGTCT-1-reg1,-4.937691,-8.227489,reg1,1
GCTGGGTGTCTGTGTA-1-reg1,-8.350156,-6.5295577,reg1,1
GCTTCACGTCGGTGTC-1-reg1,-4.95215,-6.6401887,reg1,1
GCTTGGGGTGCGGTAA-1-reg1,-9.098356,-6.5834246,reg1,1
GCTTTCGGTACAGCGA-1-reg1,-5.067336,-6.221979,reg1,1
GGAATGGAGAGTTGTA-1-reg1,-7.259933,-5.7079563,reg1,1
GGAGATGAGTCTTGGT-1-reg1,-5.724866,-8.2620735,reg1,1
GGAGATGTCAGAGTTC-1-reg1,-6.7767286,-7.1090264,reg1,1
GGAGCAAGTAACGTTC-1-reg1,-8.135329,-8.08996,reg1,1
GGAGCAATCAAACTGC-1-reg1,-9.9069605,-4.372927,reg1,0
GGAGGTACATCTGCGG-1-reg1,-6.92791,-5.464758,reg1,1
GGAGGTAGTACAAGTA-1-reg1,-8.24931,-6.3455715,reg1,1
GGAGGTAGTACATTGC-1-reg1,-6.4274354,-7.009621,reg1,1
GGAGGTAGTAGTGTGG-1-reg1,-6.125946,-5.9883966,reg1,1
GGAGGTAGTTGTTTGG-1-reg1,-8.081812,-7.598529,reg1,1
GGATCTATCTTAGCCC-1-reg1,-13.179653,-4.6506357,reg1,0
GGATGTTTCTAGCATG-1-reg1,-8.804834,-7.138136,reg1,1
GGCACGTCAGCCCAGT-1-reg1,-9.247577,-7.8096004,reg1,1
GGCAGTCTCAATGCAC-1-reg1,-4.815164,-6.98601,reg1,1
GGCGTCAAGTGCGCTC-1-reg1,-4.337867,-6.6153755,reg1,1
GGCTGTGTCCGATGCG-1-reg1,-4.8066087,-8.344638,reg1,1
GGCTTGGAGAGAGTTT-1-reg1,-8.110993,-5.214199,reg1,0
GGCTTGGAGGGACAGG-1-reg1,-7.121832,-6.799066,reg1,1
GGCTTGGTCCGGCAGT-1-reg1,-6.5573525,-8.196209,reg1,1
GGCTTGGTCGACGTCG-1-reg1,-10.409012,-6.616584,reg1,0
GGCTTTCGTAATACCC-1-reg1,-11.365142,-3.5733461,reg1,0
GGCTTTCGTATTGACC-1-reg1,-9.762729,-5.819541,reg1,1
GGGACCTCATTGGGAG-1-reg1,-6.9671326,-6.851535,reg1,1
GGGACCTGTCGGAACA-1-reg1,-9.26445,-7.3026004,reg1,1
GGGACTCCACCTGATA-1-reg1,-10.52866,-4.0318704,reg1,0
GGGAGATAGTCATTGC-1-reg1,-7.244702,-7.657022,reg1,1
GGGAGTAAGATTAGCA-1-reg1,-12.356983,-6.369668,reg1,0
GGGATCCTCTAAGCCA-1-reg1,-12.412032,-6.0007205,reg1,0
GGGATGACAACGATCT-1-reg1,-9.327227,-5.543616,reg1,0
GGGATGACACTTGGCG-1-reg1,-9.603293,-6.166102,reg1,1
GGGCCATCATGATCTG-1-reg1,-10.504211,-7.06777,reg1,0
GGGCTCAAGCTGGCCT-1-reg1,-8.456247,-6.9942813,reg1,1
GGGTCACGTTTGGCTA-1-reg1,-5.0248303,-6.289744,reg1,1
GGGTCTGCAAGAGGTC-1-reg1,-12.6724825,-5.917684,reg1,0
GGGTCTGCACTCCTGT-1-reg1,-8.100092,-7.474522,reg1,1
GGGTCTGGTTGCTCAA-1-reg1,-11.169694,-6.3597217,reg1,0
GGGTGTCAGACGCATG-1-reg1,-10.479894,-2.1990876,reg1,2
GGGTTATAGCCTCTGG-1-reg1,-4.6119585,-6.6338024,reg1,1
GGGTTATAGGCATGGT-1-reg1,-10.423479,-5.4969788,reg1,0
GGGTTATTCCGTGGCA-1-reg1,-6.7973576,-8.775981,reg1,1
GGGTTATTCTCGTCAC-1-reg1,-5.1830235,-6.5128884,reg1,1
GGTAATCTCACTGTCC-1-reg1,-6.411421,-5.8343906,reg1,1
GGTAGAGGTACTGAGG-1-reg1,-13.333203,-5.522175,reg1,0
GGTCACGAGGGCGAGA-1-reg1,-5.4473844,-8.23173,reg1,1
GGTCACGCATGGGCAA-1-reg1,-7.1850595,-7.9262033,reg1,1
GGTCACGTCGGCCAAC-1-reg1,-5.3736353,-8.735499,reg1,1
GGTCTGGTCCCGTTGT-1-reg1,-4.445235,-6.5797687,reg1,1
GGTGGCTGTCGATTTG-1-reg1,-13.213994,-5.673465,reg1,0
GGTGTCGGTAACTAAG-1-reg1,-7.6667237,-7.329114,reg1,1
GGTGTTAGTGTTAGCT-1-reg1,-7.890435,-8.12811,reg1,1
GGTTAACCAGCTCTGG-1-reg1,-11.961381,-6.510819,reg1,0
GGTTCTCAGGAACTCG-1-reg1,-5.4226236,-6.0858617,reg1,1
GGTTCTCTCATCACTT-1-reg1,-7.447073,-5.5393,reg1,1
GTAACCAAGGTCCCGT-1-reg1,-9.427193,-6.0441785,reg1,1
GTAAGTCAGTTCACTG-1-reg1,-12.472895,-3.6133575,reg1,0
GTAATGCAGTTACGTC-1-reg1,-12.007706,-5.39923,reg1,0
GTAATGCTCGCCTTTG-1-reg1,-7.1144466,-6.9107537,reg1,1
GTACAGTTCTGAGTCA-1-reg1,-6.8419466,-7.029553,reg1,1
GTAGAGGAGGCATGGT-1-reg1,-10.2373085,-6.7428575,reg1,0
GTAGAGGTCGAAGCCC-1-reg1,-12.3087015,-6.704911,reg1,0
GTAGATCTCCCTTGGT-1-reg1,-12.032662,-6.523358,reg1,0
GTAGCTAAGATGTTAG-1-reg1,-9.598049,-5.9793963,reg1,1
GTAGCTAAGGAGGCAG-1-reg1,-5.731686,-7.0805597,reg1,1
GTAGGAGTCAGCGCAC-1-reg1,-8.796533,-7.499046,reg1,1
GTAGGAGTCTGTTCAT-1-reg1,-9.188694,-7.0387397,reg1,1
GTAGGAGTCTTTGATC-1-reg1,-11.957906,-4.069802,reg1,0
GTAGGTTTCAAAGAAC-1-reg1,-11.523146,-5.708426,reg1,0
GTAGTACAGTGGCAGT-1-reg1,-4.448375,-6.447798,reg1,1
GTCACGGAGGTTGGTG-1-reg1,-12.177105,-5.419861,reg1,0
GTCAGCGAGCGCCGTT-1-reg1,-12.430919,-4.8370376,reg1,0
GTCAGCGTCCACTTTA-1-reg1,-6.1924624,-6.3292613,reg1,1
GTCATCCGTCGTACAT-1-reg1,-13.23291,-4.550285,reg1,0
GTCATTTCAGTGTACT-1-reg1,-4.751198,-7.339988,reg1,1
GTCCACTAGTCAGGGT-1-reg1,-5.3353505,-6.351458,reg1,1
GTCCACTCAAGTAGTA-1-reg1,-5.9309483,-8.704377,reg1,1
GTCCACTCAAGTGACG-1-reg1,-10.080069,-3.9610717,reg1,2
GTCCTCAGTCGGTGTC-1-reg1,-10.112653,-3.9104943,reg1,0
GTCGTAAGTAGCACAG-1-reg1,-6.5015244,-8.49128,reg1,1
GTCGTAATCATCACCC-1-reg1,-5.474956,-8.058854,reg1,1
GTCGTAATCTGCCCTA-1-reg1,-13.427533,-5.36883,reg1,0
GTCGTTCAGCCGAACA-1-reg1,-12.672002,-5.8577576,reg1,0
GTCTACCAGATTGAGT-1-reg1,-7.5454745,-8.36843,reg1,1
GTCTACCGTTGGTAGG-1-reg1,-11.324684,-5.309563,reg1,0
GTCTACCTCCGGTAGC-1-reg1,-7.6950054,-4.831321,reg1,1
GTCTGTCCAACGTAAA-1-reg1,-7.7347937,-7.389134,reg1,1
GTCTTTAAGGTCTTTG-1-reg1,-7.352223,-5.238918,reg1,1
GTCTTTAAGGTGCTGA-1-reg1,-12.52751,-4.1850533,reg1,0
GTCTTTAGTAAGCGGT-1-reg1,-5.0943813,-8.759335,reg1,1
GTGAGCCCAGAGTGAC-1-reg1,-6.2107925,-7.9150743,reg1,1
GTGAGTTAGGTAAACT-1-reg1,-11.623115,-3.2334638,reg1,0
GTGATGTTCTACTGAG-1-reg1,-12.514392,-5.6171803,reg1,0
GTGCAGCTCTCATAGG-1-reg1,-9.855649,-4.91363,reg1,0
GTGCTGGAGAGAGGGC-1-reg1,-11.280507,-4.7878437,reg1,0
GTGCTGGCAAGGTTGG-1-reg1,-7.6284614,-5.5716043,reg1,1
GTGCTGGCATGGGCAA-1-reg1,-11.168459,-4.6440363,reg1,0
GTGCTTCGTCCCGTGA-1-reg1,-10.411519,-5.9474573,reg1,0
GTGCTTCGTCTAGGCC-1-reg1,-13.523772,-5.7406282,reg1,0
GTGGAAGCAAACTCTG-1-reg1,-7.659623,-6.0468807,reg1,1
GTGGCGTAGCTGTCCG-1-reg1,-13.1535635,-4.890202,reg1,0
GTGGCGTCAAACCACT-1-reg1,-8.215509,-7.3179226,reg1,1
GTGTAACGTCAGGCAA-1-reg1,-8.610891,-4.533517,reg1,2
GTGTAACGTCCAACGC-1-reg1,-4.235117,-6.862556,reg1,1
GTGTGGCTCCATAAGC-1-reg1,-8.601442,-6.7711964,reg1,1
GTGTGGCTCCGAGGCT-1-reg1,-6.1992264,-3.8313384,reg1,2
GTGTTAGCACACCAGC-1-reg1,-13.410363,-4.378596,reg1,0
GTGTTCCAGAGTTGCG-1-reg1,-6.4132447,-5.809066,reg1,1
GTGTTCCAGGAACGTC-1-reg1,-6.5010066,-5.9897423,reg1,1
GTTACAGTCGTAGCTA-1-reg1,-11.389573,-4.8217854,reg1,0
GTTACGAGTTGAGTCT-1-reg1,-12.284942,-6.153688,reg1,0
GTTCCGTGTCGCACGT-1-reg1,-9.22771,-6.282367,reg1,1
GTTCGCTGTCACTAGT-1-reg1,-10.572742,-4.986524,reg1,0
GTTCTATCACACCGCA-1-reg1,-11.965266,-4.715684,reg1,0
GTTCTATCATCGGAGA-1-reg1,-7.551032,-6.928809,reg1,1
GTTGAACGTTGACTGT-1-reg1,-9.898766,-4.0579224,reg1,2
GTTGCGGGTCAGTCGC-1-reg1,-11.872446,-5.8581634,reg1,0
GTTGCTCCACGCACCA-1-reg1,-10.241796,-4.3090057,reg1,0
GTTGCTCTCATTGCGA-1-reg1,-7.1266947,-7.832486,reg1,1
GTTGTAGAGTAAACGT-1-reg1,-7.842997,-7.4571443,reg1,1
GTTGTAGTCTAAGGAA-1-reg1,-5.255771,-7.352513,reg1,1
GTTGTCCTCAGTCCGG-1-reg1,-8.909921,-4.008396,reg1,2
GTTGTGATCTCTAGGA-1-reg1,-7.2415433,-5.318024,reg1,1
GTTTACTAGGCGTTAG-1-reg1,-13.077813,-4.9044824,reg1,0
GTTTACTCACCAGGTC-1-reg1,-4.065464,-8.412084,reg1,1
GTTTACTCACTCCTGT-1-reg1,-9.321525,-6.88058,reg1,1
GTTTGGACAGCTACAT-1-reg1,-11.923419,-6.5374284,reg1,0
GTTTGGATCTAGCATG-1-reg1,-12.382023,-3.512434,reg1,0
TAACACGTCATGACAC-1-reg1,-8.443602,-7.492289,reg1,1
TAACACGTCGACCACG-1-reg1,-9.981066,-4.7844143,reg1,0
TAACCAGTCAAAGGAT-1-reg1,-5.703423,-6.610476,reg1,1
TAACGACCACACTTAG-1-reg1,-9.698147,-6.6360497,reg1,1
TAACTTCAGACGCTCC-1-reg1,-12.941403,-6.3816385,reg1,0
TAACTTCCATTGACAC-1-reg1,-6.727874,-8.490108,reg1,1
TAAGTCGTCGGTTGTA-1-reg1,-7.546188,-5.2911215,reg1,1
TAATCTCCAGGCCCTA-1-reg1,-10.04442,-4.3469195,reg1,0
TAATCTCCATTCGATG-1-reg1,-12.169135,-4.2287393,reg1,0
TAATTCCGTCTTGTCC-1-reg1,-9.929843,-6.63102,reg1,1
TAATTCCGTGTTCGTA-1-reg1,-6.448298,-8.23298,reg1,1
TACAGGTGTGATACAA-1-reg1,-7.0872555,-8.151131,reg1,1
TACATTCTCATGCGGC-1-reg1,-8.952853,-4.215303,reg1,0
TACCGGGAGATTACCC-1-reg1,-12.6837435,-3.801038,reg1,0
TACCTCGTCGGTCAGC-1-reg1,-12.9105,-5.3126063,reg1,0
TACCTGCCATACGCAT-1-reg1,-12.689536,-5.0527406,reg1,0
TACCTGCGTAAGGAGA-1-reg1,-6.56408,-7.4927397,reg1,1
TACCTGCGTTCTTGTT-1-reg1,-4.7350273,-6.7087593,reg1,1
TACGGTAGTTCACCGG-1-reg1,-7.3187256,-8.521539,reg1,1
TACGGTAGTTTCACTT-1-reg1,-7.80458,-5.8069663,reg1,1
TACGTCCGTCATGACT-1-reg1,-5.3074045,-7.7820683,reg1,1
TACGTCCGTTACTCAG-1-reg1,-9.150138,-6.644399,reg1,1
TACTGCCGTTACGGAG-1-reg1,-4.7358932,-8.160362,reg1,1
TACTTCAGTGGTCTGC-1-reg1,-10.481364,-2.3241608,reg1,2
TACTTGTCACATTACG-1-reg1,-9.341347,-3.3601382,reg1,2
TACTTGTTCGAGAACG-1-reg1,-7.3268986,-6.636286,reg1,1
TAGACCAGTAAGAACT-1-reg1,-7.9843855,-5.192442,reg1,1
TAGACCAGTAGATTAG-1-reg1,-5.26385,-7.8917327,reg1,1
TAGACCATCCATACTT-1-reg1,-12.295579,-6.5282793,reg1,0
TAGACTGGTAGGCAGT-1-reg1,-5.277508,-6.637819,reg1,1
TAGACTGTCTACGCGG-1-reg1,-10.365387,-2.7416751,reg1,2
TAGAGTCCACGTTCGG-1-reg1,-7.2618885,-7.8186865,reg1,1
TAGATCGTCAAATGCC-1-reg1,-3.9637163,-6.8946276,reg1,1
TAGATCGTCCTCGCAT-1-reg1,-11.451093,-6.0128317,reg1,0
TAGGAGGCAATTCTTC-1-reg1,-8.481767,-7.8957243,reg1,1
TAGGAGGTCCAGTGTA-1-reg1,-7.172358,-7.2990537,reg1,1
TAGGGTTGTACAGAGC-1-reg1,-7.2398767,-7.6891503,reg1,1
TAGGTACAGTCTGCAT-1-reg1,-12.754237,-5.748911,reg1,0
TAGGTACCAGGTTACT-1-reg1,-8.242246,-8.083179,reg1,1
TAGGTTGTCAACTCTT-1-reg1,-10.037434,-6.390393,reg1,1
TAGGTTGTCCGCCTAT-1-reg1,-10.4039345,-6.4590282,reg1,0
TAGTGCACAACCACGC-1-reg1,-5.0253267,-8.33315,reg1,1
TAGTGCACAATTTCGG-1-reg1,-11.237863,-2.3643699,reg1,0
TATACCTGTAGCTTAC-1-reg1,-10.046259,-7.062493,reg1,1
TATCAGGAGCCTCGTG-1-reg1,-9.222421,-2.108356,reg1,2
TATCAGGGTCGCACAC-1-reg1,-12.275344,-3.0291398,reg1,0
TATCCTATCCGGCAGT-1-reg1,-4.1724315,-6.687914,reg1,1
TATCCTATCCTACTGC-1-reg1,-8.930252,-7.722138,reg1,1
TATCTGTAGAGCCCAA-1-reg1,-8.805768,-7.5355177,reg1,1
TATCTGTTCAAGGCTT-1-reg1,-12.328984,-5.2854023,reg1,0
TATCTTGCACAGCCTG-1-reg1,-12.048467,-5.6570144,reg1,0
TATCTTGGTGGTCTCG-1-reg1,-12.947373,-5.3349056,reg1,0
TATGTTCTCCATTCAT-1-reg1,-6.8621316,-5.4202147,reg1,1
TATTCCAAGGACTAAT-1-reg1,-13.317477,-5.721236,reg1,0
TATTGCTAGTTCGGTT-1-reg1,-5.1382565,-5.020603,reg1,1
TATTGCTTCGTGTGGC-1-reg1,-5.8796062,-8.76079,reg1,1
TATTGCTTCTTTCCAA-1-reg1,-9.261287,-6.7620645,reg1,1
TATTGGGTCCCAAGCG-1-reg1,-11.665264,-5.792513,reg1,0
TATTTCGAGAGAGCCT-1-reg1,-6.002183,-6.347175,reg1,1
TATTTCGAGCAGTCTT-1-reg1,-11.686241,-5.7577343,reg1,0
TCAAGCAAGCTGGCCT-1-reg1,-9.327628,-2.396352,reg1,2
TCAAGCATCACCGGTG-1-reg1,-7.523084,-6.551235,reg1,1
TCAAGCATCGGTCATA-1-reg1,-11.633701,-3.3358946,reg1,0
TCAAGCATCGTCCATC-1-reg1,-12.618532,-6.259209,reg1,0
TCAAGTGAGCAATTCC-1-reg1,-11.833707,-6.558435,reg1,0
TCAAGTGAGCAGTCTT-1-reg1,-8.597352,-7.7246175,reg1,1
TCAATCTGTACGTGTT-1-reg1,-7.895775,-3.8646803,reg1,2
TCAATCTGTAGCCCTG-1-reg1,-8.289666,-5.877682,reg1,1
TCAATCTTCGGATAAA-1-reg1,-8.775569,-6.934262,reg1,1
TCAATTCAGCCGATAG-1-reg1,-5.741892,-6.6934547,reg1,1
TCAATTCAGGAATCGC-1-reg1,-4.3218026,-6.924196,reg1,1
TCAATTCGTGACAGCA-1-reg1,-8.826782,-6.322242,reg1,1
TCAATTCTCGACGTCG-1-reg1,-9.926628,-3.7240427,reg1,2
TCACACCTCCTCTGCA-1-reg1,-7.9842114,-8.1520405,reg1,1
TCACTCGAGCCTTTCC-1-reg1,-5.516585,-7.9407525,reg1,1
TCAGCAACAGGTACGA-1-reg1,-10.969204,-4.035416,reg1,0
TCAGCCTAGAGGTTTA-1-reg1,-6.8862486,-8.308515,reg1,1
TCAGCCTAGCGCACAA-1-reg1,-11.906084,-4.661496,reg1,0
TCAGGGCCAAAGCTCT-1-reg1,-5.763426,-6.6634417,reg1,1
TCAGGGCTCCTATTTG-1-reg1,-10.747038,-4.4236493,reg1,0
TCAGGTATCGACCATA-1-reg1,-4.16801,-7.0855727,reg1,1
TCAGTCCGTCCTGGTG-1-reg1,-4.9210806,-7.0812945,reg1,1
TCAGTCCTCTGCACCT-1-reg1,-8.926189,-6.8319497,reg1,1
TCAGTGATCAGAACCT-1-reg1,-6.8586273,-8.238127,reg1,1
TCAGTGATCAGCGCAC-1-reg1,-7.650819,-7.1780934,reg1,1
TCATCATCACGCCAGT-1-reg1,-5.713274,-8.780702,reg1,1
TCATCATCATTCGGGC-1-reg1,-8.672284,-8.097985,reg1,1
TCATCCGAGTGCTACT-1-reg1,-12.122972,-5.9365163,reg1,0
TCATGAGGTAAGATTG-1-reg1,-12.410783,-4.2391386,reg1,0
TCATGAGGTTCAGTAC-1-reg1,-5.424963,-4.6102157,reg1,1
TCATGCCTCCTCAGAA-1-reg1,-9.729445,-6.5630302,reg1,1
TCATGGATCATGGAGG-1-reg1,-12.984685,-6.0688295,reg1,0
TCATGGATCGATACGT-1-reg1,-9.157379,-6.998555,reg1,1
TCATGGATCGTAACAC-1-reg1,-5.6183167,-8.844882,reg1,1
TCATGTTTCTAGCATG-1-reg1,-3.981909,-7.0648217,reg1,1
TCATGTTTCTTCACGC-1-reg1,-11.939949,-3.9233947,reg1,0
TCATTACTCGTGTGGC-1-reg1,-10.127335,-5.5858903,reg1,0
TCATTCAGTGACAGGT-1-reg1,-6.4908867,-8.024998,reg1,1
TCATTGTAGATGCTAA-1-reg1,-5.7542715,-5.0718684,reg1,1
TCATTGTCAAATCCCA-1-reg1,-6.6767607,-8.702484,reg1,1
TCATTTGGTCTTACAG-1-reg1,-12.117226,-4.337322,reg1,0
TCCACCACACGAGGAT-1-reg1,-5.2045956,-7.3252525,reg1,1
TCCACCACAGAGTAAT-1-reg1,-13.288453,-6.352625,reg1,0
TCCACCAGTGGGATTG-1-reg1,-10.327417,-4.7246184,reg1,0
TCCACGTCAACTAGAA-1-reg1,-11.765826,-4.299502,reg1,0
TCCATCGGTCGAATGG-1-reg1,-5.9489236,-6.54182,reg1,1
TCCATGCTCTCATTAC-1-reg1,-6.9152102,-6.387926,reg1,1
TCCCAGTAGGGCAAGG-1-reg1,-9.379725,-7.6812806,reg1,1
TCCCAGTGTACGGGAT-1-reg1,-6.6755953,-5.6808333,reg1,1
TCCCAGTGTGGTTTGT-1-reg1,-5.7595644,-6.2751718,reg1,1
TCCGAAAAGGGAGTTC-1-reg1,-5.2403393,-6.7911215,reg1,1
TCCGATCAGAACAGGA-1-reg1,-9.688185,-4.684619,reg1,2
TCCGTGTGTTAGAGTA-1-reg1,-10.903442,-2.721479,reg1,2
TCCTAATAGCCTCATA-1-reg1,-6.9173307,-5.7645984,reg1,1
TCCTCCCCAACACGAG-1-reg1,-11.829441,-4.9998474,reg1,0
TCCTCCCGTACCGTCG-1-reg1,-5.246208,-8.790981,reg1,1
TCCTCCCTCCTCAGAA-1-reg1,-3.9607224,-6.6077895,reg1,1
TCCTCCCTCCTCAGAG-1-reg1,-7.2584386,-7.137488,reg1,1
TCCTCGAGTTGTAAAG-1-reg1,-12.91488,-5.634152,reg1,0
TCCTCTTAGTTTGTCG-1-reg1,-9.152115,-6.583597,reg1,1
TCCTGCACAGGTGAGT-1-reg1,-5.2760954,-6.7274103,reg1,1
TCCTTCTTCCGTATGA-1-reg1,-13.631003,-5.918894,reg1,0
TCCTTTCGTCAACCAT-1-reg1,-5.91392,-5.846456,reg1,1
TCGAACATCGTTCAGA-1-reg1,-6.4832244,-6.6933475,reg1,1
TCGAAGTCAACCACAT-1-reg1,-8.41869,-7.0598745,reg1,1
TCGAAGTGTGTATACC-1-reg1,-6.0921464,-6.545553,reg1,1
TCGACCTCAAGTGCAG-1-reg1,-5.2287884,-5.2173915,reg1,1
TCGACGGCATGAAGCG-1-reg1,-8.965604,-6.700869,reg1,1
TCGATTTAGGTTCCAT-1-reg1,-7.485364,-6.6606874,reg1,1
TCGATTTGTACAAACA-1-reg1,-10.403009,-6.6625214,reg1,0
TCGATTTGTCGTATGT-1-reg1,-9.158879,-3.4153764,reg1,2
TCGATTTGTGCGGTAA-1-reg1,-13.679152,-5.7273774,reg1,0
TCGATTTGTGGCGCTT-1-reg1,-6.2284656,-8.569654,reg1,1
TCGATTTGTTTAAGGA-1-reg1,-8.968183,-6.348951,reg1,1
TCGCACTAGCAACAAT-1-reg1,-6.171633,-7.444817,reg1,1
TCGCTCAGTGTATTGC-1-reg1,-10.20783,-2.286809,reg1,2
TCGCTTGAGAGAGAAC-1-reg1,-7.794853,-6.829575,reg1,1
TCGCTTGCACCCTTAC-1-reg1,-13.163067,-4.045962,reg1,0
TCGCTTGGTACCGTGC-1-reg1,-11.520719,-6.051103,reg1,0
TCGGATAAGCGAGTCA-1-reg1,-10.25775,-5.6754627,reg1,0
TCGGGACAGAGCTGCA-1-reg1,-8.68476,-7.806828,reg1,1
TCGGGTGAGCAACTTC-1-reg1,-9.600839,-6.6050186,reg1,1
TCGTCCAAGCTGCCAC-1-reg1,-7.1211677,-8.587684,reg1,1
TCGTGCTCAGTAACAA-1-reg1,-11.92333,-3.631172,reg1,0
TCGTGGGTCCTCAGAA-1-reg1,-8.337904,-7.3439693,reg1,1
TCTAACTAGTAGGGTC-1-reg1,-11.10647,-6.338868,reg1,0
TCTAACTTCAGCTCTC-1-reg1,-9.856695,-6.540842,reg1,1
TCTACATGTCCTGAAT-1-reg1,-4.5205874,-7.5639863,reg1,1
TCTATCACAGATTCGT-1-reg1,-9.804796,-7.0437784,reg1,1
TCTCACGCAAGCACCC-1-reg1,-6.6279316,-5.738057,reg1,1
TCTCAGCCACAGTCCG-1-reg1,-12.877666,-6.21189,reg1,0
TCTCAGCTCCGGACTG-1-reg1,-12.957966,-3.6986125,reg1,0
TCTGGCTGTAATGTGA-1-reg1,-9.3101015,-7.736887,reg1,1
TCTGGCTTCCTTTGAT-1-reg1,-6.3977227,-5.647356,reg1,1
TCTGTCGCAGCTTCGG-1-reg1,-12.486145,-5.394246,reg1,0
TCTTCCTTCGAGTGGA-1-reg1,-4.5085177,-6.2020187,reg1,1
TCTTGCGCATGTTTGG-1-reg1,-10.476812,-6.1406307,reg1,0
TCTTGCGCATTCAGCA-1-reg1,-5.2774014,-7.926718,reg1,1
TCTTTGAAGCCAACCC-1-reg1,-10.504063,-6.8596,reg1,0
TGAATCGTCAGCGCAC-1-reg1,-8.159371,-8.127105,reg1,1
TGACAGTTCATTACTC-1-reg1,-9.128356,-4.4806724,reg1,2
TGACCCTGTACTGACT-1-reg1,-11.864662,-4.8460283,reg1,0
TGACCCTGTCGTATGT-1-reg1,-10.831833,-5.9023576,reg1,0
TGACGCGCACGGCACT-1-reg1,-6.4674478,-6.528835,reg1,1
TGACGCGGTAACTAAG-1-reg1,-8.62999,-6.2114377,reg1,1
TGACGCGTCTGTCCGT-1-reg1,-6.6006474,-2.2571638,reg1,2
TGACTCCAGCCTCTTC-1-reg1,-7.6378107,-5.616232,reg1,1
TGAGACTGTCCAGCAC-1-reg1,-9.546028,-7.0721707,reg1,1
TGAGACTTCCAGCCTT-1-reg1,-7.3874373,-5.6264772,reg1,1
TGAGCATTCTTGGAAC-1-reg1,-6.3115516,-5.8858027,reg1,1
TGAGCGCTCTTGAGCA-1-reg1,-12.933342,-6.1949363,reg1,0
TGAGGAGAGCTGACAG-1-reg1,-13.510658,-5.2859793,reg1,0
TGAGGAGCATGAGATA-1-reg1,-10.029339,-3.9174352,reg1,2
TGAGGGAAGGGATCTG-1-reg1,-7.8052335,-6.6579623,reg1,1
TGAGGGAAGGGCGAAG-1-reg1,-11.455474,-3.2786348,reg1,0
TGATCAGCACCTCGTT-1-reg1,-11.649024,-4.838495,reg1,0
TGATCAGCAGCGTAGA-1-reg1,-13.056509,-6.1758738,reg1,0
TGATGCAAGAGCTTTC-1-reg1,-10.862001,-5.107068,reg1,0
TGATGCACATATCTGG-1-reg1,-12.856865,-4.735358,reg1,0
TGATGCATCAATCCAG-1-reg1,-6.2551346,-6.6890907,reg1,1
TGATGGTGTATCCTTT-1-reg1,-11.981474,-5.875861,reg1,0
TGATTTCGTCAACGCC-1-reg1,-9.775909,-6.538634,reg1,1
TGATTTCTCATACAGC-1-reg1,-10.920023,-5.0169625,reg1,0
TGCAGGCAGTGCACTT-1-reg1,-13.156589,-6.482594,reg1,0
TGCAGGCGTGCACGCT-1-reg1,-12.226636,-4.6330214,reg1,0
TGCAGTAAGTCAGCGA-1-reg1,-11.092354,-6.208406,reg1,0
TGCATCCTCGCTAGCG-1-reg1,-5.984033,-7.8016934,reg1,1
TGCCGAGAGAGGCCAT-1-reg1,-12.870905,-4.507773,reg1,0
TGCCGAGCATCAGCGC-1-reg1,-13.407059,-6.095544,reg1,0
TGCGGCACAAGTTTGC-1-reg1,-4.4324164,-6.909,reg1,1
TGCGGCAGTATCATGC-1-reg1,-4.940174,-6.774194,reg1,1
TGCGGCAGTCGATTAC-1-reg1,-12.975415,-5.8769164,reg1,0
TGCGGGTCAGGCTCTG-1-reg1,-7.087351,-7.144224,reg1,1
TGCTCCAGTCATCGCG-1-reg1,-8.102533,-6.862295,reg1,1
TGCTTCGTCTGCACCT-1-reg1,-8.134849,-2.608326,reg1,2
TGCTTGCGTAGTAAGT-1-reg1,-11.305751,-3.356198,reg1,0
TGGAGAGGTTCTCAGA-1-reg1,-11.583441,-4.9488487,reg1,0
TGGAGAGTCTAGGCAT-1-reg1,-6.198145,-5.8115206,reg1,1
TGGATCAAGACGGAAA-1-reg1,-7.013247,-8.027122,reg1,1
TGGATCATCTTCCAGC-1-reg1,-11.573395,-4.74943,reg1,0
TGGATGTGTCACAGTT-1-reg1,-7.913765,-7.83098,reg1,1
TGGCGTGAGCGGATCA-1-reg1,-7.895374,-5.7733083,reg1,1
TGGGCGTTCCACGTAA-1-reg1,-12.888746,-4.906993,reg1,0
TGGTACATCGTGGACC-1-reg1,-7.177732,-6.01779,reg1,1
TGGTGATCAGTTGTTG-1-reg1,-8.875791,-6.95243,reg1,1
TGGTGATGTTGCGTAT-1-reg1,-7.38457,-5.542452,reg1,1
TGTAACGCAATCCTAG-1-reg1,-12.749358,-5.799999,reg1,0
TGTAACGCAGGTGACA-1-reg1,-8.225371,-7.154404,reg1,1
TGTAACGTCATAGGCT-1-reg1,-9.9419775,-7.480584,reg1,1
TGTAACGTCTGGAGAG-1-reg1,-5.2939816,-7.056569,reg1,1
TGTACAGAGGGCAACT-1-reg1,-7.8220263,-8.146102,reg1,1
TGTACAGAGTTAGTGA-1-reg1,-11.6889,-6.364123,reg1,0
TGTACAGCATTGACTG-1-reg1,-5.186258,-6.8819356,reg1,1
TGTAGACAGGCGCTTC-1-reg1,-5.8191943,-6.360774,reg1,1
TGTCAGACACGGTAGA-1-reg1,-7.616259,-5.8226748,reg1,1
TGTCAGACATCGCTCT-1-reg1,-9.370156,-5.9516234,reg1,1
TGTCCACAGTGCAACG-1-reg1,-10.24575,-4.8151608,reg1,0
TGTCCACCACTCCTGT-1-reg1,-12.23291,-4.1047206,reg1,0
TGTCCACTCTAGTGAC-1-reg1,-11.891628,-3.46857,reg1,0
TGTCCCAAGCTGGCTC-1-reg1,-4.225154,-7.2950716,reg1,1
TGTCCTGCACTGATTG-1-reg1,-6.354877,-7.1845603,reg1,1
TGTGATGAGTAGTCCT-1-reg1,-7.3495965,-7.2602134,reg1,1
TGTGCGGCACTGTTCC-1-reg1,-11.60593,-5.5499144,reg1,0
TGTGTGAAGACCATGG-1-reg1,-13.463056,-6.2882276,reg1,0
TGTGTGAAGACGGATC-1-reg1,-6.469229,-7.8921103,reg1,1
TGTTACTAGAAGGATG-1-reg1,-9.009623,-8.002781,reg1,1
TGTTCATCAGAGGACT-1-reg1,-4.832189,-6.813375,reg1,1
TGTTCATTCAGGACGA-1-reg1,-7.5872893,-7.6346526,reg1,1
TGTTCCGTCCGTGTGG-1-reg1,-4.838742,-6.3522124,reg1,1
TGTTCCGTCGTGTTCC-1-reg1,-8.131965,-5.4241333,reg1,1
TGTTGAGAGCTCCACG-1-reg1,-5.967559,-6.899766,reg1,1
TGTTGAGGTACGCTAT-1-reg1,-11.832946,-5.26344,reg1,0
TGTTGAGGTATCAGGG-1-reg1,-12.30089,-6.1086187,reg1,0
TGTTGGACATCCCACT-1-reg1,-5.0348296,-6.9897738,reg1,1
TGTTGGATCGCCAGTG-1-reg1,-12.762076,-6.511368,reg1,0
TTAATCCCACGGCACT-1-reg1,-10.747673,-5.4333405,reg1,0
TTAATCCCATAGTCGT-1-reg1,-13.380275,-6.1654325,reg1,0
TTACAGGCAGGGCTTC-1-reg1,-7.697824,-8.385497,reg1,1
TTACAGGGTCTACTGA-1-reg1,-12.959094,-6.2285748,reg1,0
TTACCGCAGTCAACAA-1-reg1,-5.504782,-6.964246,reg1,1
TTACGCCCAAAGCACG-1-reg1,-12.685707,-3.2865565,reg1,0
TTACGTTCAGACCTAT-1-reg1,-12.063504,-3.975886,reg1,0
TTACTGTGTCCAACGC-1-reg1,-7.72951,-5.844892,reg1,1
TTAGGCACATGTTCGA-1-reg1,-5.5860567,-7.2193937,reg1,1
TTAGGCAGTACCAGAG-1-reg1,-7.014747,-6.7791905,reg1,1
TTAGGCATCACTTTGT-1-reg1,-13.231996,-4.4993052,reg1,0
TTAGGCATCTTGAACG-1-reg1,-11.364994,-4.879414,reg1,0
TTAGGGTGTACATTGC-1-reg1,-6.9100566,-5.507639,reg1,1
TTATTGCAGCAACTCT-1-reg1,-6.521334,-6.910952,reg1,1
TTATTGCTCGTGGGAA-1-reg1,-11.667358,-3.4980373,reg1,0
TTCAATCGTGAGCAGT-1-reg1,-6.604446,-6.4218526,reg1,1
TTCAATCTCCCATAAG-1-reg1,-6.3650913,-6.044021,reg1,1
TTCACCGGTTTCGGCG-1-reg1,-7.1114755,-5.510781,reg1,1
TTCACGCTCGTAGGAG-1-reg1,-8.706778,-6.4911375,reg1,1
TTCAGGACATGGGAAC-1-reg1,-7.2746224,-8.557175,reg1,1
TTCATGTGTAATGCGG-1-reg1,-12.934087,-4.1303306,reg1,0
TTCATGTGTAGATCGG-1-reg1,-9.676979,-6.2004347,reg1,0
TTCATGTGTGGCATCC-1-reg1,-6.328853,-5.82236,reg1,1
TTCCACGAGAGCAGAA-1-reg1,-5.130516,-6.5609984,reg1,1
TTCCGGTCATCTCGTC-1-reg1,-10.781764,-5.5472445,reg1,0
TTCCGGTTCGGTGCAC-1-reg1,-4.7137876,-8.73326,reg1,1
TTCCGGTTCTGATTCT-1-reg1,-12.323092,-5.790212,reg1,0
TTCCGTGGTAGGTCAG-1-reg1,-12.063615,-5.164581,reg1,0
TTCCTAAAGGAAAGGT-1-reg1,-12.699168,-5.218873,reg1,0
TTCCTCTGTACGGCAA-1-reg1,-5.545016,-6.900605,reg1,1
TTCGCTGCAGCACCCA-1-reg1,-5.3624973,-8.6622,reg1,1
TTCGCTGTCCCTCGTA-1-reg1,-5.147669,-6.3046517,reg1,1
TTCTAACAGTCGGCAA-1-reg1,-8.212937,-5.262558,reg1,1
TTCTAGTAGCCACAAG-1-reg1,-11.455107,-5.3960404,reg1,0
TTCTCTCGTCCGTTTC-1-reg1,-10.743665,-6.504889,reg1,0
TTCTGTAAGTGCCTCG-1-reg1,-7.9125376,-7.7240944,reg1,1
TTCTGTAGTTGCTTGA-1-reg1,-6.6273384,-5.57881,reg1,1
TTCTGTATCCCTTTGG-1-reg1,-12.62613,-4.605368,reg1,0
TTCTGTATCTCCGATC-1-reg1,-11.747293,-2.5103323,reg1,0
TTCTTCCCACGACTAT-1-reg1,-12.305932,-5.643836,reg1,0
TTCTTCCGTAGATTAG-1-reg1,-7.5825133,-6.176663,reg1,1
TTCTTGATCTTCCAGC-1-reg1,-11.403973,-2.798636,reg1,0
TTGAGTGCACGATTCA-1-reg1,-13.431494,-4.800697,reg1,0
TTGCCTGAGTCGCTAT-1-reg1,-11.885129,-2.8533578,reg1,0
TTGCGTCGTCGCGTCA-1-reg1,-5.355021,-4.619684,reg1,1
TTGCGTCGTGGCTTGC-1-reg1,-6.15045,-6.228742,reg1,1
TTGCGTCTCAAGCCGC-1-reg1,-13.013416,-5.252471,reg1,0
TTGGATGAGTCAATCC-1-reg1,-12.607556,-5.787063,reg1,0
TTGGGATCACCAGCCA-1-reg1,-6.6901655,-6.688602,reg1,1
TTGGGCGGTCAAGCCC-1-reg1,-6.587894,-4.337001,reg1,2
TTGTGTTAGAGTCTTC-1-reg1,-5.6621704,-8.775745,reg1,1
TTGTTGTGTCAGGTAG-1-reg1,-12.9275465,-4.495512,reg1,0
TTGTTTGTCCCTGTTG-1-reg1,-11.093012,-6.375335,reg1,0
TTGTTTGTCTGAGATC-1-reg1,-8.5635395,-2.1292443,reg1,2
TTTACCAGTATGAAGT-1-reg1,-5.117043,-6.8689566,reg1,1
TTTACGTAGTCCCGGT-1-reg1,-9.740126,-3.6005828,reg1,2
TTTACGTGTGCCCGTA-1-reg1,-4.285191,-7.779288,reg1,1
TTTACTGAGCTCTATG-1-reg1,-3.9415462,-6.818073,reg1,1
TTTACTGGTGACTGTT-1-reg1,-7.329642,-6.338438,reg1,1
TTTCACACAACTCGTA-1-reg1,-6.572635,-7.935247,reg1,1
TTTCCTCGTCCCGGTA-1-reg1,-10.087909,-4.8890443,reg1,0
TTTGACTCATGGTACT-1-reg1,-10.1174,-4.1794734,reg1,0
TTTGATCGTACAACGG-1-reg1,-10.425967,-6.4728975,reg1,0
TTTGATCTCCGGTAGC-1-reg1,-11.012687,-4.2560315,reg1,0
TTTGGTTCAGGCTTGC-1-reg1,-7.4726157,-5.0587893,reg1,1
TTTGGTTTCTCGTGGG-1-reg1,-8.780888,-7.711557,reg1,1
TTTGTTGGTGGACCTC-1-reg1,-11.339927,-4.3520913,reg1,0
TTTGTTGGTTCGTGCG-1-reg1,-12.881014,-6.149835,reg1,0
TTTGTTGTCGACATTG-1-reg1,-12.161126,-5.407897,reg1,0
AAACGAATCGGTGTTA-1-reg2,-4.55307,-6.7516937,reg2,1
AAACGCTTCCATCGTC-1-reg2,-4.1805115,-5.9293623,reg2,1
AAAGGATGTAAGGAGA-1-reg2,-7.636333,-8.098839,reg2,1
AAAGGATGTTCTCCAC-1-reg2,-9.468698,-3.0716555,reg2,2
AAATGGAGTACGTGTT-1-reg2,-13.03107,-3.9744937,reg2,0
AACAAAGCACACCTTC-1-reg2,-12.639152,-5.048274,reg2,0
AACAAAGTCCCTCTCC-1-reg2,-7.193646,-7.4197,reg2,1
AACAACCAGTTGGAGC-1-reg2,-4.6225123,-6.8449626,reg2,1
AACAAGACAGTGGCTC-1-reg2,-5.1073437,-6.4841285,reg2,1
AACACACCACTTCTCG-1-reg2,-9.04426,-6.1183066,reg2,1
AACACACGTGACCTGC-1-reg2,-7.973106,-7.601178,reg2,1
AACACACGTGTTATCG-1-reg2,-13.225302,-5.8749723,reg2,0
AACACACTCGCTCATC-1-reg2,-10.5707035,-6.179071,reg2,0
AACAGGGAGCCATATC-1-reg2,-6.829419,-6.8852687,reg2,1
AACAGGGCACAACGTT-1-reg2,-10.21117,-4.2061944,reg2,0
AACAGGGGTACGGTTT-1-reg2,-10.202023,-4.334276,reg2,0
AACCATGGTAAGAACT-1-reg2,-4.544214,-5.468866,reg2,1
AACCCAAGTTCTCGCT-1-reg2,-5.4790807,-4.710159,reg2,1
AACCTGAGTTCCAAAC-1-reg2,-9.330907,-3.7073026,reg2,2
AACCTTTAGAGTCTTC-1-reg2,-13.354173,-5.064492,reg2,0
AACCTTTAGCAGGGAG-1-reg2,-6.739621,-4.069897,reg2,2
AACCTTTGTTCCTACC-1-reg2,-10.231982,-5.5211,reg2,0
AACGAAACACAGACGA-1-reg2,-4.6726785,-8.195886,reg2,1
AACGAAACATCCTGTC-1-reg2,-11.561498,-6.0770974,reg2,0
AACGGGATCGGTCATA-1-reg2,-5.5765743,-8.126383,reg2,1
AACGTCAAGTTTGGCT-1-reg2,-4.0040817,-6.6041245,reg2,1
AACGTCAGTAACCAGG-1-reg2,-5.583079,-8.005384,reg2,1
AAGAACATCACCGCTT-1-reg2,-8.616599,-3.094302,reg2,2
AAGATAGAGGCATCTT-1-reg2,-10.80546,-4.0286427,reg2,0
AAGATAGTCGATAACC-1-reg2,-9.565434,-3.699369,reg2,2
AAGCATCCACATTGTG-1-reg2,-7.7914906,-6.988477,reg2,1
AAGCCATAGGGCTGAT-1-reg2,-7.0399847,-5.9793077,reg2,1
AAGCGAGCAAGCACCC-1-reg2,-9.197744,-4.646167,reg2,2
AAGCGTTGTTTACACG-1-reg2,-9.645585,-7.455432,reg2,1
AAGGAATCAGCTTTGA-1-reg2,-6.9331417,-6.887579,reg2,1
AAGGTAAGTTGGCTAT-1-reg2,-11.7598095,-3.9388683,reg2,0
AAGTACCCAGTCCGTG-1-reg2,-9.583559,-7.4739103,reg2,1
AAGTCGTCAAATCAAG-1-reg2,-5.1751947,-6.8847694,reg2,1
AAGTCGTCAATCTCTT-1-reg2,-4.6089535,-6.9112315,reg2,1
AAGTCGTTCGTAGTCA-1-reg2,-11.621843,-4.0272226,reg2,0
AAGTTCGCATAGCTGT-1-reg2,-13.501031,-5.291036,reg2,0
AAGTTCGTCGTGGAAG-1-reg2,-11.319117,-4.837024,reg2,0
AATAGAGAGTCTGGTT-1-reg2,-5.0880904,-8.3103695,reg2,1
AATCACGGTGGATCAG-1-reg2,-7.158124,-7.9623346,reg2,1
AATCACGTCGCGTAGC-1-reg2,-11.800367,-4.704544,reg2,0
AATCGACCACCATAAC-1-reg2,-8.867119,-4.3820434,reg2,2
AATGAAGAGTGCACTT-1-reg2,-4.3649335,-6.821688,reg2,1
AATGAAGGTGAATGAT-1-reg2,-8.952664,-7.226733,reg2,1
AATGACCCATGCACTA-1-reg2,-5.864596,-6.4461937,reg2,1
AATGCCAAGCTTGTTG-1-reg2,-8.808595,-1.8326331,reg2,2
ACAAAGATCCAGCAAT-1-reg2,-7.2822704,-7.0826006,reg2,1
ACAAAGATCGTGAGAG-1-reg2,-3.8570614,-6.364698,reg2,1
ACAAAGATCTGTGTGA-1-reg2,-5.440879,-5.3271,reg2,1
ACAACCAAGGCTTAGG-1-reg2,-4.634023,-8.396105,reg2,1
ACAAGCTCAAGGGCAT-1-reg2,-8.016854,-7.2586117,reg2,1
ACACAGTCATCATGAC-1-reg2,-11.462923,-3.0343573,reg2,0
ACACCAAAGCCAAGGT-1-reg2,-12.150316,-6.672782,reg2,0
ACACCAAAGCTCGTGC-1-reg2,-6.8499637,-6.2407684,reg2,1
ACACCAAAGGCATTTC-1-reg2,-6.078106,-7.7644424,reg2,1
ACACGCGAGATACAGT-1-reg2,-8.570804,-5.4952044,reg2,1
ACACGCGTCGGCGATC-1-reg2,-4.239185,-6.551552,reg2,1
ACACTGATCAAGAGGC-1-reg2,-11.308017,-4.925482,reg2,0
ACAGCCGTCCAGCCTT-1-reg2,-5.1138444,-6.1574144,reg2,1
ACATCCCCATAGTCGT-1-reg2,-7.1013827,-8.019019,reg2,1
ACATCGAGTAGACTGG-1-reg2,-5.6522875,-8.001608,reg2,1
ACATGCATCCACACCT-1-reg2,-8.225668,-6.084551,reg2,1
ACCAAACGTAAGGAGA-1-reg2,-9.035211,-3.8300428,reg2,2
ACCAACATCAGGAACG-1-reg2,-8.809953,-3.3458743,reg2,2
ACCCTCAAGGGTACGT-1-reg2,-3.8134842,-6.673543,reg2,1
ACCCTTGAGACCTGGA-1-reg2,-5.110381,-5.1339655,reg2,1
ACCCTTGCATAATCCG-1-reg2,-13.104253,-5.1940346,reg2,0
ACCGTTCCATAACGGG-1-reg2,-8.008339,-3.5293722,reg2,2
ACCGTTCGTCAACATC-1-reg2,-5.844878,-4.705898,reg2,1
ACCTACCAGTAGGGTC-1-reg2,-5.9514413,-5.6907177,reg2,1
ACCTACCGTACACTCA-1-reg2,-11.800431,-6.0230947,reg2,0
ACGATCACATCGTTCC-1-reg2,-4.223896,-6.9075046,reg2,1
ACGATCATCGAGATGG-1-reg2,-6.5421767,-6.2992463,reg2,1
ACGCACGAGTCACGCC-1-reg2,-9.866513,-4.6247406,reg2,0
ACGCACGCAGAACTTC-1-reg2,-13.194549,-4.4420843,reg2,0
ACGCACGGTGTACATC-1-reg2,-4.955917,-7.811875,reg2,1
ACGGAAGAGCCAAGTG-1-reg2,-8.5731125,-3.993042,reg2,2
ACGGGTCCAAGAATAC-1-reg2,-7.45743,-7.670319,reg2,1
ACGGGTCTCTGAGATC-1-reg2,-8.659447,-7.0580564,reg2,1
ACGGTCGGTACCGGAA-1-reg2,-6.391116,-6.328612,reg2,1
ACGGTTACACGGCCAT-1-reg2,-6.447925,-6.3747363,reg2,1
ACGGTTAGTCGGAACA-1-reg2,-4.0314574,-8.002078,reg2,1
ACGTACAGTCGGAACA-1-reg2,-10.009704,-2.6533313,reg2,2
ACGTACATCGGTTAGT-1-reg2,-8.910368,-3.1588197,reg2,2
ACGTTCCAGGTCTGGA-1-reg2,-12.906395,-5.4745207,reg2,0
ACGTTCCGTGTGATGG-1-reg2,-12.584942,-3.5596967,reg2,0
ACTACGAGTAGTGTGG-1-reg2,-8.458652,-7.6803684,reg2,1
ACTATGGAGTGGTGAC-1-reg2,-13.37975,-5.1415706,reg2,0
ACTATTCCATGAGGGT-1-reg2,-5.4075274,-8.510781,reg2,1
ACTCTCGCATTAAAGG-1-reg2,-5.992977,-7.142738,reg2,1
ACTCTCGCATTCCTAT-1-reg2,-3.971942,-6.8012238,reg2,1
ACTGATGAGATCCTAC-1-reg2,-4.7846475,-8.744671,reg2,1
ACTGATGTCTCGGGAC-1-reg2,-8.678003,-4.008577,reg2,2
ACTGTCCAGGCCCACT-1-reg2,-12.650826,-3.8741755,reg2,0
ACTGTGAAGCCTGTCG-1-reg2,-13.084873,-4.761781,reg2,0
ACTTAGGCAAGATCCT-1-reg2,-10.301265,-5.9381847,reg2,0
ACTTCCGTCTGGAAGG-1-reg2,-5.727596,-4.45321,reg2,1
AGAACAAAGGTAGTCG-1-reg2,-8.713714,-3.2809324,reg2,2
AGAACAAAGGTCTGGA-1-reg2,-6.648812,-6.574938,reg2,1
AGAACAACATTGCTTT-1-reg2,-4.0236044,-6.3152003,reg2,1
AGAACAATCGCGGTAC-1-reg2,-12.008839,-5.896748,reg2,0
AGAACCTTCGAGCTGC-1-reg2,-8.741456,-4.461709,reg2,2
AGAAGCGAGGTACTGG-1-reg2,-12.1433325,-5.60468,reg2,0
AGAAGTAAGACATACA-1-reg2,-4.690294,-6.985373,reg2,1
AGACACTCAGACGGAT-1-reg2,-11.196825,-5.335311,reg2,0
AGACACTCAGGACTTT-1-reg2,-9.220135,-2.467464,reg2,2
AGACACTTCGACTCCT-1-reg2,-6.333281,-6.457665,reg2,1
AGACAGGCACAACCGC-1-reg2,-6.6283817,-7.019535,reg2,1
AGACCCGGTGACGCCT-1-reg2,-12.580598,-6.527733,reg2,0
AGACTCAAGACCTTTG-1-reg2,-6.0909934,-6.383099,reg2,1
AGACTCACACACCAGC-1-reg2,-8.241377,-7.635151,reg2,1
AGACTCAGTGCTATTG-1-reg2,-5.095082,-7.415983,reg2,1
AGAGAATGTTGAGTCT-1-reg2,-9.2879715,-5.3336835,reg2,1
AGAGAGCAGGTCGTAG-1-reg2,-7.3290873,-3.3098276,reg2,2
AGAGAGCTCCACAGCG-1-reg2,-5.9797435,-7.6076417,reg2,1
AGAGAGCTCTCTTGCG-1-reg2,-4.9540043,-5.735569,reg2,1
AGAGCAGAGCAAATGT-1-reg2,-10.105383,-5.831713,reg2,0
AGAGCAGCACGCGTGT-1-reg2,-8.149157,-5.426964,reg2,1
AGAGCAGGTCGGCCTA-1-reg2,-7.8937025,-4.636793,reg2,2
AGAGCCCAGCGACTTT-1-reg2,-10.73368,-4.4696474,reg2,0
AGAGCCCGTATGCTAC-1-reg2,-11.335546,-2.7972827,reg2,0
AGAGCCCTCTCTTGCG-1-reg2,-11.2839775,-5.797012,reg2,0
AGATCCAAGTTGCTCA-1-reg2,-7.4385157,-3.9510825,reg2,2
AGATCCACAATACCTG-1-reg2,-7.864192,-6.333475,reg2,1
AGATCCACACCGTCGA-1-reg2,-4.114193,-6.69838,reg2,1
AGATCGTAGGTTTACC-1-reg2,-8.4127445,-7.944018,reg2,1
AGATCGTGTGAGCCAA-1-reg2,-4.4500437,-7.021531,reg2,1
AGATCGTGTGCCCAGT-1-reg2,-9.09111,-4.334562,reg2,2
AGATGAACAAGGCAAC-1-reg2,-11.6097555,-3.5411994,reg2,0
AGATGCTAGTGATCGG-1-reg2,-7.73398,-6.9780846,reg2,1
AGATGCTTCATTACTC-1-reg2,-9.014478,-7.218493,reg2,1
AGCATCACAGACGATG-1-reg2,-5.997314,-7.5121517,reg2,1
AGCATCACAGTATTCG-1-reg2,-9.533234,-6.4993877,reg2,1
AGCCAATTCGTGGTAT-1-reg2,-9.162234,-3.8532553,reg2,2
AGCCACGTCGGTAACT-1-reg2,-6.730128,-7.6219106,reg2,1
AGCGATTAGCAGTACG-1-reg2,-9.404267,-3.9032633,reg2,2
AGCGATTGTGGCTAGA-1-reg2,-10.140056,-4.646124,reg2,0
AGCGCTGTCTGCGGGT-1-reg2,-12.610288,-4.686643,reg2,0
AGCGTATTCGGCGATC-1-reg2,-5.812463,-5.6119714,reg2,1
AGCTACAGTGATTCTG-1-reg2,-10.758546,-4.2416244,reg2,0
AGCTCAAAGATGCCGA-1-reg2,-11.543907,-3.2252538,reg2,0
AGCTCAAAGCGCCATC-1-reg2,-7.2056217,-5.6900096,reg2,1
AGGAAATTCTCCCATG-1-reg2,-7.9306064,-4.7570724,reg2,2
AGGAATAGTTGGGTAG-1-reg2,-5.8768296,-4.5396123,reg2,1
AGGACGACACCACATA-1-reg2,-8.845504,-2.8626425,reg2,2
AGGACGAGTTGGTAGG-1-reg2,-6.2786856,-8.666036,reg2,1
AGGGCCTGTTGAGAGC-1-reg2,-9.174484,-4.271731,reg2,2
AGGGCCTTCTTCACAT-1-reg2,-10.436716,-6.7264247,reg2,0
AGGGTCCAGTGATAGT-1-reg2,-9.978238,-4.1530695,reg2,0
AGGGTCCCAAGTTTGC-1-reg2,-11.315866,-2.9461694,reg2,0
AGGGTGACATATGCGT-1-reg2,-10.714889,-4.650283,reg2,0
AGGGTTTGTGCATTTG-1-reg2,-7.3308835,-8.144894,reg2,1
AGGTCATTCATTGCTT-1-reg2,-8.661528,-6.1159134,reg2,1
AGGTTACCAAATCGTC-1-reg2,-7.543209,-5.809011,reg2,1
AGTAACCTCATTGTGG-1-reg2,-10.393666,-4.619046,reg2,0
AGTACCATCTGACGCG-1-reg2,-9.9205265,-5.249288,reg2,0
AGTAGCTAGTTGTAGA-1-reg2,-8.770881,-4.168637,reg2,2
AGTCAACTCTACGCGG-1-reg2,-12.407505,-5.8821826,reg2,0
AGTCTCCCAGACCATT-1-reg2,-6.1449614,-7.8128734,reg2,1
AGTCTCCGTAGCTTGT-1-reg2,-5.0217566,-6.9002724,reg2,1
AGTGACTCAGTACTAC-1-reg2,-12.451991,-5.2469673,reg2,0
AGTGACTGTTAAGACA-1-reg2,-8.9550905,-7.44331,reg2,1
AGTGTTGCAGGACATG-1-reg2,-5.9702706,-7.9416523,reg2,1
AGTTAGCAGGCGTTAG-1-reg2,-6.1035314,-8.734963,reg2,1
AGTTAGCCAGATCATC-1-reg2,-9.22047,-7.8577523,reg2,1
AGTTAGCGTACGTAGG-1-reg2,-4.340273,-6.7754574,reg2,1
AGTTCGACAACCGCTG-1-reg2,-12.163172,-4.551805,reg2,0
AGTTCGATCGGTCAGC-1-reg2,-8.7701845,-3.179098,reg2,2
ATACCTTAGTGTCATC-1-reg2,-11.108532,-5.5046697,reg2,0
ATACCTTTCAAGTGTC-1-reg2,-8.046994,-6.032557,reg2,1
ATACTTCGTACTTGTG-1-reg2,-7.3143225,-6.05636,reg2,1
ATACTTCGTGATGGCA-1-reg2,-12.9165,-3.6867864,reg2,0
ATACTTCGTTGTGTAC-1-reg2,-12.02351,-4.775287,reg2,0
ATACTTCTCGTGGACC-1-reg2,-10.452214,-6.5071764,reg2,0
ATAGACCGTGAATATG-1-reg2,-4.9725075,-6.316259,reg2,1
ATATCCTAGAGCCTGA-1-reg2,-12.208371,-5.4454484,reg2,0
ATATCCTTCACTACGA-1-reg2,-12.62029,-4.2776914,reg2,0
ATCACAGCATGAGAAT-1-reg2,-12.957853,-6.0029187,reg2,0
ATCACAGGTAACAGTA-1-reg2,-12.1679125,-4.7712817,reg2,0
ATCACAGGTGCCTACG-1-reg2,-10.503346,-4.0056734,reg2,0
ATCACGAAGAGCTGCA-1-reg2,-8.440675,-5.981438,reg2,1
ATCACGATCCGTGGCA-1-reg2,-9.928074,-6.0523205,reg2,1
ATCACTTGTTGTATGC-1-reg2,-4.4893193,-7.261397,reg2,1
ATCAGGTTCAATCTTC-1-reg2,-12.74816,-4.932493,reg2,0
ATCCACCCATATTCGG-1-reg2,-11.32041,-2.9749186,reg2,0
ATCCATTCATATGAAG-1-reg2,-11.080962,-5.341788,reg2,0
ATCCGTCTCGAGTGAG-1-reg2,-8.971564,-6.263395,reg2,1
ATCCTATAGCTCCACG-1-reg2,-8.068891,-6.881557,reg2,1
ATCCTATCACTTCATT-1-reg2,-11.346896,-4.3145723,reg2,0
ATCGATGGTGTGTCCG-1-reg2,-9.451318,-6.664529,reg2,1
ATCGCCTAGTGTAGTA-1-reg2,-5.5518813,-4.5776973,reg2,1
ATCGCCTGTGCCCAGT-1-reg2,-13.312928,-5.5940475,reg2,0
ATCGGATAGGCTCACC-1-reg2,-5.63693,-7.426822,reg2,1
ATCGGATTCCAAACCA-1-reg2,-8.790759,-4.849289,reg2,1
ATCGTCCCATAGATGA-1-reg2,-13.387499,-6.2681866,reg2,0
ATCGTGAGTAAGTAGT-1-reg2,-8.864873,-4.545323,reg2,2
ATGAGTCGTCGGTGTC-1-reg2,-11.875177,-4.626354,reg2,0
ATGATCGAGCTCTTCC-1-reg2,-4.5910287,-6.7402945,reg2,1
ATGCATGTCCGTGTGG-1-reg2,-12.209875,-3.7309015,reg2,0
ATGCATGTCGAGCTGC-1-reg2,-12.425779,-4.3819137,reg2,0
ATGCCTCGTGTAAACA-1-reg2,-12.254862,-2.8974977,reg2,0
ATGCCTCTCAAGCCCG-1-reg2,-10.474855,-2.695547,reg2,2
ATGCCTCTCGAGTACT-1-reg2,-12.498696,-6.142911,reg2,0
ATGCGATAGCCTTTCC-1-reg2,-9.344542,-6.2131495,reg2,1
ATGCGATCAGACCGCT-1-reg2,-4.855251,-8.731792,reg2,1
ATGCGATTCTACACTT-1-reg2,-6.220809,-6.848786,reg2,1
ATGGATCAGCCATGCC-1-reg2,-7.8640738,-3.6393325,reg2,2
ATGGGAGTCACATACG-1-reg2,-11.557385,-6.0850735,reg2,0
ATGGGTTGTGTTGAGG-1-reg2,-8.485221,-7.2939095,reg2,1
ATGGGTTGTTAAGTCC-1-reg2,-8.274106,-7.086408,reg2,1
ATGGTTGTCCACTGAA-1-reg2,-8.861726,-7.83425,reg2,1
ATGGTTGTCTAATTCC-1-reg2,-5.300944,-8.677939,reg2,1
ATGTCTTAGCACTCCG-1-reg2,-4.889771,-7.572077,reg2,1
ATGTCTTCATGGCTGC-1-reg2,-5.944875,-6.466597,reg2,1
ATTACCTTCCGAGATT-1-reg2,-5.8812075,-3.6665766,reg2,2
ATTATCCTCATCTGTT-1-reg2,-6.2307367,-8.860385,reg2,1
ATTATCCTCTATACGG-1-reg2,-8.623029,-6.112667,reg2,1
ATTCACTTCAAAGACA-1-reg2,-9.344002,-4.21264,reg2,2
ATTCAGGCAGCAGGAT-1-reg2,-10.449316,-4.341004,reg2,0
ATTCAGGTCGCTTGCT-1-reg2,-5.485921,-4.755449,reg2,1
ATTCATCAGCCAAGGT-1-reg2,-8.101016,-5.276201,reg2,1
ATTCATCCATGGGCAA-1-reg2,-13.056954,-6.4758925,reg2,0
ATTCATCGTATGCTAC-1-reg2,-9.205813,-5.0796843,reg2,1
ATTCCCGAGTTGCCTA-1-reg2,-11.327908,-3.186919,reg2,0
ATTCTTGGTATGGTTC-1-reg2,-10.276231,-7.065144,reg2,1
ATTGGGTAGCTTAGTC-1-reg2,-13.425345,-6.112946,reg2,0
ATTGGGTGTCGTAATC-1-reg2,-10.027753,-4.7916045,reg2,0
ATTTACCAGGAAGTCC-1-reg2,-10.500775,-3.1350267,reg2,2
ATTTACCCAGGTTCGC-1-reg2,-6.240807,-4.2578382,reg2,2
ATTTCACGTAGGTAGC-1-reg2,-5.1867957,-5.482833,reg2,1
ATTTCTGTCTGGGAGA-1-reg2,-7.2629714,-6.712109,reg2,1
CAAAGAATCTGCCTCA-1-reg2,-8.074638,-4.1333513,reg2,2
CAACAACCAGTGCCTG-1-reg2,-10.02601,-4.3513002,reg2,0
CAACAGTTCCAATCCC-1-reg2,-7.671056,-5.9627757,reg2,1
CAACCAAAGAGTTGAT-1-reg2,-8.121983,-8.157438,reg2,1
CAACCAACATACAGGG-1-reg2,-6.395163,-7.2552013,reg2,1
CAACCTCTCTGCTCTG-1-reg2,-11.464745,-4.291095,reg2,0
CAACGGCAGGCGAAGG-1-reg2,-5.127984,-7.167595,reg2,1
CAAGACTCAAATACAG-1-reg2,-8.575799,-6.6318736,reg2,1
CAAGACTTCACATTGG-1-reg2,-13.062435,-6.48759,reg2,0
CAAGAGGCAAGCGAGT-1-reg2,-12.441793,-4.409823,reg2,0
CAAGAGGCACGCTGTG-1-reg2,-12.806302,-4.673155,reg2,0
CAAGAGGGTCCAGCGT-1-reg2,-11.989435,-5.516667,reg2,0
CAAGAGGTCCACGAAT-1-reg2,-6.1474657,-6.922142,reg2,1
CAAGGGACAAGAGTGC-1-reg2,-13.546298,-6.0998893,reg2,0
CAAGGGATCAACTCTT-1-reg2,-10.8811035,-4.346956,reg2,0
CAATACGGTAGGGAGG-1-reg2,-5.1691875,-5.330108,reg2,1
CAATACGGTTTCGTAG-1-reg2,-10.047591,-4.1692944,reg2,2
CAATCGAAGCTTGTGT-1-reg2,-5.8085284,-5.937105,reg2,1
CAATCGACATATCGGT-1-reg2,-7.1268535,-7.7197366,reg2,1
CAATCGAGTGACGCCT-1-reg2,-11.888949,-4.9501996,reg2,0
CAATCGATCTAGAGCT-1-reg2,-11.502397,-5.323722,reg2,0
CACAACACATTGCCTC-1-reg2,-6.258397,-6.6314716,reg2,1
CACACAATCGCAATTG-1-reg2,-8.378968,-4.3404503,reg2,2
CACAGGCTCAATCCGA-1-reg2,-11.207309,-6.18767,reg2,0
CACAGGCTCGAGAAGC-1-reg2,-9.033859,-5.5510726,reg2,1
CACCAAAGTCAAAGAT-1-reg2,-5.441369,-6.313541,reg2,1
CACCGTTAGGGACCAT-1-reg2,-7.1216054,-8.384896,reg2,1
CACCGTTCAACTCGAT-1-reg2,-9.538356,-5.1730084,reg2,0
CACGAATGTACGGCAA-1-reg2,-4.9480724,-8.536598,reg2,1
CACGTTCAGCCTTGAT-1-reg2,-6.655057,-6.9769206,reg2,1
CACGTTCCAAACCATC-1-reg2,-8.777126,-6.5661097,reg2,1
CACTAAGGTAGTGGCA-1-reg2,-7.693097,-7.029454,reg2,1
CACTAAGTCAATCGGT-1-reg2,-9.20222,-7.692895,reg2,1
CACTGAAAGAGTCCGA-1-reg2,-5.7153454,-6.019262,reg2,1
CACTGGGTCATCACAG-1-reg2,-8.75693,-6.878984,reg2,1
CACTGTCCAAGTGGCA-1-reg2,-4.405157,-5.5815473,reg2,1
CACTGTCGTCCACTCT-1-reg2,-12.623504,-5.1181765,reg2,0
CACTTCGGTCTTTCAT-1-reg2,-11.212545,-5.985937,reg2,0
CAGAGCCAGTTGAAAC-1-reg2,-4.258676,-6.98957,reg2,1
CAGAGCCTCACCATCC-1-reg2,-10.150822,-3.8908243,reg2,2
CAGATACAGAGATTCA-1-reg2,-4.5058866,-6.6816497,reg2,1
CAGATACGTACTGACT-1-reg2,-10.197433,-4.1326866,reg2,0
CAGATACTCTGCGGAC-1-reg2,-4.1975293,-7.6796336,reg2,1
CAGATCAAGCGGCTCT-1-reg2,-13.532978,-5.984861,reg2,0
CAGATCACACGCTGTG-1-reg2,-8.122966,-8.050466,reg2,1
CAGATCAGTGGTATGG-1-reg2,-10.104902,-3.6183257,reg2,2
CAGATCATCCAGGACC-1-reg2,-5.6013637,-7.4898195,reg2,1
CAGATTGAGATGCTGG-1-reg2,-8.084242,-7.4370146,reg2,1
CAGCAATAGAGTCGAC-1-reg2,-7.373483,-6.0242844,reg2,1
CAGCAATGTGAGCTCC-1-reg2,-3.9528744,-6.89321,reg2,1
CAGCACGAGTGGTGAC-1-reg2,-4.937976,-5.3350677,reg2,1
CAGCACGGTTCACCGG-1-reg2,-8.041148,-4.6893983,reg2,2
CAGCAGCGTAGCACAG-1-reg2,-9.878772,-3.724538,reg2,2
CAGCCAGCAGCGACCT-1-reg2,-5.0487685,-5.234721,reg2,1
CAGCCAGTCCTGTTGC-1-reg2,-12.786504,-5.924569,reg2,0
CAGCGTGAGGATGCGT-1-reg2,-6.3990383,-5.9209228,reg2,1
CAGGCCACACAAAGTA-1-reg2,-8.668782,-7.497368,reg2,1
CAGGGCTAGGTTCATC-1-reg2,-10.978417,-4.777393,reg2,0
CAGGTATCAATACGAA-1-reg2,-11.863933,-5.3672056,reg2,0
CAGTTAGCACCCTATC-1-reg2,-9.72907,-2.1871905,reg2,2
CAGTTCCAGCTCGAAG-1-reg2,-6.2402787,-8.227484,reg2,1
CAGTTCCTCAAGATAG-1-reg2,-12.201972,-3.9932308,reg2,0
CATACCCTCGATGCAT-1-reg2,-4.514917,-6.9591765,reg2,1
CATACTTGTAACAGGC-1-reg2,-6.6219935,-8.261363,reg2,1
CATAGACAGTAGGAAG-1-reg2,-8.364037,-7.565823,reg2,1
CATAGACGTTCTTCAT-1-reg2,-4.934516,-8.735561,reg2,1
CATCCACCACTGCGTG-1-reg2,-9.4978895,-7.027891,reg2,1
CATCCACTCTAGACCA-1-reg2,-7.7367234,-5.0437613,reg2,1
CATCCCATCCATAAGC-1-reg2,-7.1620893,-7.3452044,reg2,1
CATCCCATCCTACGGG-1-reg2,-6.6089745,-7.0125146,reg2,1
CATCGCTCAAGTCGTT-1-reg2,-5.333436,-5.3929787,reg2,1
CATCGCTGTTACAGCT-1-reg2,-10.88038,-6.945004,reg2,0
CATCGGGTCTCCGATC-1-reg2,-11.503472,-4.3519173,reg2,0
CATCGTCTCTGGTGCG-1-reg2,-9.724906,-3.75542,reg2,2
CATGCAAGTTAGGCCC-1-reg2,-7.073515,-5.9617295,reg2,1
CATGCCTAGTAATACG-1-reg2,-8.172212,-6.5683913,reg2,1
CATGCGGTCACCTCAC-1-reg2,-8.630463,-7.956662,reg2,1
CATGGATAGGTAAGAG-1-reg2,-11.851344,-3.122265,reg2,0
CATGGATAGTGTTCCA-1-reg2,-8.025365,-6.8404613,reg2,1
CATGGTAAGTCCGCGT-1-reg2,-5.066072,-7.122535,reg2,1
CATGGTACAAACTAGA-1-reg2,-6.5731306,-6.8602314,reg2,1
CATGGTATCATACAGC-1-reg2,-8.545096,-3.098484,reg2,2
CATTCATAGCTGGTGA-1-reg2,-8.036914,-7.041847,reg2,1
CATTCATGTATAGGGC-1-reg2,-12.235028,-3.3616233,reg2,0
CATTCCGGTGAGAACC-1-reg2,-3.8714669,-6.4672384,reg2,1
CATTCTACAATGAAAC-1-reg2,-6.805287,-6.778805,reg2,1
CATTGTTAGGCCTTCG-1-reg2,-12.232083,-6.1766815,reg2,0
CCAAGCGAGCGCTTCG-1-reg2,-5.5851,-5.703585,reg2,1
CCAAGCGCACCACATA-1-reg2,-8.934071,-7.4706497,reg2,1
CCAAGCGTCAGATGCT-1-reg2,-5.6947217,-6.028126,reg2,1
CCAATGATCGCTCATC-1-reg2,-4.046641,-7.3757033,reg2,1
CCAATTTAGATGCTAA-1-reg2,-9.771231,-6.6709843,reg2,1
CCACAAATCATACGAC-1-reg2,-6.1834865,-7.0399294,reg2,1
CCACAAATCGAAGCCC-1-reg2,-5.097732,-6.969788,reg2,1
CCACCATCATACAGGG-1-reg2,-4.7496104,-7.1006613,reg2,1
CCACGTTGTTAGTTCG-1-reg2,-5.6925197,-5.293949,reg2,1
CCACGTTTCTAAGCGT-1-reg2,-9.706315,-4.286308,reg2,2
CCACTTGAGACTCATC-1-reg2,-11.922901,-4.9494944,reg2,0
CCACTTGGTAGACAAT-1-reg2,-4.5327106,-7.195549,reg2,1
CCATAAGAGCAAGTCG-1-reg2,-4.2004523,-6.92866,reg2,1
CCATAAGAGTTGAATG-1-reg2,-5.938609,-6.9086266,reg2,1
CCATAAGTCTTGGCTC-1-reg2,-3.9435022,-7.701308,reg2,1
CCCATTGCACAAGCTT-1-reg2,-5.4722824,-5.164164,reg2,1
CCCATTGTCACTGTCC-1-reg2,-11.370246,-2.8798888,reg2,0
CCCGAAGAGTATGGAT-1-reg2,-11.724683,-4.0607333,reg2,0
CCCGAAGCAATAGTGA-1-reg2,-5.261686,-8.785148,reg2,1
CCCGGAATCGTTCATT-1-reg2,-6.722869,-8.346456,reg2,1
CCCTCAAGTGCAACAG-1-reg2,-9.708464,-6.425488,reg2,0
CCCTCAATCACATACG-1-reg2,-13.158721,-4.7676454,reg2,0
CCCTCTCAGTTGGACG-1-reg2,-4.3468013,-6.922828,reg2,1
CCCTCTCTCTAGCCAA-1-reg2,-11.731289,-6.539646,reg2,0
CCCTGATTCTAGTGTG-1-reg2,-9.450184,-7.4774923,reg2,1
CCCTTAGCACAGCTTA-1-reg2,-7.3791614,-7.1360583,reg2,1
CCGAACGAGTGTGTTC-1-reg2,-4.251931,-6.7691736,reg2,1
CCGAACGGTACCTATG-1-reg2,-9.455587,-4.212532,reg2,2
CCGATCTAGCAGCCTC-1-reg2,-6.6405463,-7.8736024,reg2,1
CCGATCTCACACACTA-1-reg2,-5.405282,-7.413235,reg2,1
CCGATGGCATCGTTCC-1-reg2,-10.887232,-5.7257285,reg2,0
CCGATGGGTTCGGCGT-1-reg2,-5.67898,-6.1127973,reg2,1
CCGGACAAGGCCACCT-1-reg2,-4.7508664,-5.4074683,reg2,1
CCGGTAGTCGCGTTTC-1-reg2,-5.9600334,-8.344531,reg2,1
CCGGTGATCCCGAGTG-1-reg2,-3.8466392,-6.8243046,reg2,1
CCGTAGGAGTGGCGAT-1-reg2,-13.004631,-6.39454,reg2,0
CCGTAGGGTACTCAAC-1-reg2,-12.555846,-4.0413847,reg2,0
CCGTAGGTCCGTAGGC-1-reg2,-7.66119,-7.0625744,reg2,1
CCTAACCCAGCACAAG-1-reg2,-8.535665,-4.0966597,reg2,2
CCTAAGAAGGCCACTC-1-reg2,-5.430867,-5.424797,reg2,1
CCTACGTAGGAACTCG-1-reg2,-10.124346,-3.9822645,reg2,0
CCTATCGTCACAATGC-1-reg2,-4.4517865,-5.489904,reg2,1
CCTCACAAGCGTGAGT-1-reg2,-4.3790755,-6.538342,reg2,1
CCTCACACAAGTTCCA-1-reg2,-11.801518,-6.4595456,reg2,0
CCTCACAGTTTGTTCT-1-reg2,-11.561493,-6.6081038,reg2,0
CCTCACATCGATGCAT-1-reg2,-8.729839,-3.4887655,reg2,2
CCTCAGTGTGCTCTCT-1-reg2,-12.449627,-5.507666,reg2,0
CCTCATGCAACAAAGT-1-reg2,-6.87457,-6.7982306,reg2,1
CCTCATGCAGACTCTA-1-reg2,-7.9038186,-3.7283485,reg2,2
CCTCATGCAGCTACTA-1-reg2,-12.560158,-5.8218036,reg2,0
CCTCATGTCTCCGTGT-1-reg2,-7.3408933,-2.9102545,reg2,2
CCTCTAGGTACGTGAG-1-reg2,-11.039663,-5.455313,reg2,0
CCTCTCCAGCGAGTCA-1-reg2,-10.388624,-4.1302533,reg2,0
CCTCTCCCAGCTCGGT-1-reg2,-6.4635844,-6.799653,reg2,1
CCTCTCCTCTACCTTA-1-reg2,-6.245936,-7.585709,reg2,1
CCTGTTGAGACTGTTC-1-reg2,-9.484865,-5.8124,reg2,1
CCTGTTGAGCAGAAAG-1-reg2,-7.392747,-6.812124,reg2,1
CCTGTTGCATCTGTTT-1-reg2,-6.1754665,-8.645563,reg2,1
CCTTGTGCAGGAATAT-1-reg2,-6.1748385,-7.463722,reg2,1
CCTTTGGCATGTAACC-1-reg2,-8.388205,-3.4383528,reg2,2
CGAAGTTTCAGTCCGG-1-reg2,-6.5431366,-4.436283,reg2,2
CGAAGTTTCGACGCGT-1-reg2,-11.963991,-4.1029234,reg2,0
CGAATTGAGCAGTCTT-1-reg2,-5.0066237,-5.8531594,reg2,1
CGAATTGGTTTCGATG-1-reg2,-4.1153736,-7.4617405,reg2,1
CGAATTGTCGTCCTTG-1-reg2,-7.1865706,-4.1606708,reg2,2
CGAGAAGAGCGACAGT-1-reg2,-4.208548,-7.262358,reg2,1
CGAGAAGGTTCTTCAT-1-reg2,-7.097674,-3.1209407,reg2,2
CGAGAAGTCTGGGCGT-1-reg2,-12.127913,-5.552702,reg2,0
CGAGGAACAAATACAG-1-reg2,-12.056148,-5.5832014,reg2,0
CGAGGAATCTCTCTTC-1-reg2,-3.894733,-6.898961,reg2,1
CGAGGCTCATCATCCC-1-reg2,-7.106357,-7.572877,reg2,1
CGAGTGCCACCTGCAG-1-reg2,-5.543204,-6.8602905,reg2,1
CGAGTGCTCTCCTGTG-1-reg2,-5.950677,-6.3964295,reg2,1
CGAGTTACATACTGAC-1-reg2,-6.952517,-6.9088054,reg2,1
CGATCGGTCGTGTCAA-1-reg2,-12.022277,-5.179549,reg2,0
CGATCGGTCTCATAGG-1-reg2,-10.997975,-3.4414911,reg2,0
CGATGCGCAGCTCGGT-1-reg2,-12.389619,-3.9561322,reg2,0
CGCAGGTAGGCCCGTT-1-reg2,-8.162104,-7.573928,reg2,1
CGCAGGTGTAGGAAAG-1-reg2,-10.829026,-3.211644,reg2,0
CGCATAATCGTGTTCC-1-reg2,-11.884269,-2.840754,reg2,0
CGCCAGACATTCCTCG-1-reg2,-9.648103,-5.780279,reg2,1
CGCCAGAGTGTCATTG-1-reg2,-8.143895,-7.336536,reg2,1
CGCGTGATCTCTGCCA-1-reg2,-6.117988,-8.048984,reg2,1
CGGAACCCAAGGCGTA-1-reg2,-11.966812,-5.226394,reg2,0
CGGAATTCACAGCTGC-1-reg2,-4.1477256,-8.421299,reg2,1
CGGACACAGAGGTCAC-1-reg2,-8.956324,-3.7805557,reg2,2
CGGCAGTGTATGCGTT-1-reg2,-5.932103,-4.2425394,reg2,2
CGGGACTAGCGGTAGT-1-reg2,-5.3182497,-4.930944,reg2,1
CGGGTGTAGAGTCGAC-1-reg2,-7.3893085,-7.036098,reg2,1
CGGGTGTCAATCCAGT-1-reg2,-13.194877,-5.2545595,reg2,0
CGTAATGTCCTTCTTC-1-reg2,-5.159021,-8.616395,reg2,1
CGTAGTAAGCCACCGT-1-reg2,-5.6536818,-4.725369,reg2,1
CGTAGTATCACAGAGG-1-reg2,-9.6516285,-2.988778,reg2,2
CGTGCTTAGGTTAAAC-1-reg2,-11.164228,-5.496311,reg2,0
CGTGCTTGTGTCCTAA-1-reg2,-4.3894067,-6.697392,reg2,1
CGTGTCTGTGGGCTTC-1-reg2,-5.276364,-7.9269643,reg2,1
CGTTAGAGTATTCTCT-1-reg2,-7.8748937,-4.6280746,reg2,2
CGTTAGAGTCAAATCC-1-reg2,-10.06539,-2.7560635,reg2,2
CGTTAGAGTTAGAGAT-1-reg2,-11.097418,-4.175354,reg2,0
CGTTCTGCAAACGGCA-1-reg2,-6.611425,-8.021043,reg2,1
CTAACTTAGCTAGAAT-1-reg2,-7.3408456,-5.9571905,reg2,1
CTAACTTCAGCTGTTA-1-reg2,-8.6399355,-6.889018,reg2,1
CTAAGTGTCATCGCTC-1-reg2,-4.54184,-7.3674884,reg2,1
CTAAGTGTCTACGCGG-1-reg2,-9.240947,-4.3873577,reg2,2
CTACAGACATAGTCGT-1-reg2,-11.795008,-5.3537197,reg2,0
CTACATTGTTTGTGGT-1-reg2,-6.486018,-6.4600477,reg2,1
CTACGGGAGTCTCTGA-1-reg2,-7.0656314,-7.1622157,reg2,1
CTACTATAGGCGTCCT-1-reg2,-13.2435055,-5.497221,reg2,0
CTACTATGTCCGAAAG-1-reg2,-6.8802924,-7.0290117,reg2,1
CTAGGTACAGGCTACC-1-reg2,-8.634021,-7.54588,reg2,1
CTAGGTAGTAGGCAAC-1-reg2,-7.2174277,-7.0532765,reg2,1
CTATAGGTCCCTTGGT-1-reg2,-6.142621,-3.7625933,reg2,2
CTATAGGTCCGTATAG-1-reg2,-11.239315,-5.244974,reg2,0
CTATCCGCATTGTGCA-1-reg2,-4.7539353,-6.4646277,reg2,1
CTATCTAAGATGGCAC-1-reg2,-4.700238,-7.123034,reg2,1
CTATCTACACGTCGTG-1-reg2,-12.561299,-4.703121,reg2,0
CTATCTAGTTCCGCAG-1-reg2,-12.983783,-6.288391,reg2,0
CTCAAGAAGGAGAATG-1-reg2,-6.71682,-8.515661,reg2,1
CTCAGTCAGTGCACAG-1-reg2,-9.871667,-4.6503854,reg2,0
CTCATCGGTGGCTCTG-1-reg2,-9.012289,-6.4398794,reg2,1
CTCATCGGTTGGACTT-1-reg2,-5.4631696,-4.9351826,reg2,1
CTCATGCCATCTAGAC-1-reg2,-7.1423655,-6.630489,reg2,1
CTCATGCGTATCTCTT-1-reg2,-7.695737,-8.418046,reg2,1
CTCATGCTCCCACAGG-1-reg2,-9.82434,-6.173855,reg2,0
CTCCAACTCCATTTGT-1-reg2,-9.166109,-6.746759,reg2,1
CTCCACAGTTACGATC-1-reg2,-12.587416,-4.6735883,reg2,0
CTCCATGAGCGCCGTT-1-reg2,-11.813162,-3.9026542,reg2,0
CTCCATGGTGCAGTGA-1-reg2,-5.683412,-8.595612,reg2,1
CTCCATGGTGCGGCTT-1-reg2,-7.487546,-6.262654,reg2,1
CTCCCAAAGTGATCGG-1-reg2,-10.391708,-5.820066,reg2,0
CTCCCAACAAGGTTGG-1-reg2,-6.900583,-8.212768,reg2,1
CTCCCAATCGCAACAT-1-reg2,-6.0440335,-8.690831,reg2,1
CTCCCTCAGCTTACGT-1-reg2,-6.879711,-6.7634854,reg2,1
CTCCCTCCAATTCTTC-1-reg2,-5.7652607,-7.4087853,reg2,1
CTCCCTCCATTAAGCC-1-reg2,-4.8808255,-7.523907,reg2,1
CTCCCTCGTTTACTGG-1-reg2,-8.717979,-7.822454,reg2,1
CTCGAGGCATAATCCG-1-reg2,-12.756105,-5.5306344,reg2,0
CTCGAGGTCGCCACTT-1-reg2,-10.171617,-4.8213506,reg2,0
CTGAGCGAGATCACCT-1-reg2,-11.966331,-3.8790815,reg2,0
CTGAGCGTCCGCTGTT-1-reg2,-10.146747,-4.1906633,reg2,0
CTGAGCGTCTTCACAT-1-reg2,-11.138251,-4.519409,reg2,0
CTGAGGCCACGGTGAA-1-reg2,-4.386902,-8.066989,reg2,1
CTGATCCCAGCGTACC-1-reg2,-4.130262,-8.201361,reg2,1
CTGATCCTCAGCAGAG-1-reg2,-8.735224,-6.9618044,reg2,1
CTGCAGGTCCAAGCTA-1-reg2,-4.5492144,-8.224748,reg2,1
CTGCATCAGACGATAT-1-reg2,-6.866214,-8.193134,reg2,1
CTGCATCAGCATGCAG-1-reg2,-9.3531685,-3.9237313,reg2,2
CTGCCATTCGCTAAAC-1-reg2,-4.469457,-7.3155165,reg2,1
CTGCGAGCACGTATAC-1-reg2,-12.379804,-6.077149,reg2,0
CTGCTCAGTGTCCCTT-1-reg2,-12.167038,-3.477792,reg2,0
CTGGACGAGGTTCATC-1-reg2,-4.8363056,-5.842186,reg2,1
CTGGCAGAGTTCATCG-1-reg2,-6.8787494,-5.435819,reg2,1
CTGGCAGCAATCTGCA-1-reg2,-9.682664,-6.1346364,reg2,1
CTGTACCAGGGAGGAC-1-reg2,-11.833032,-4.8705025,reg2,0
CTGTACCCATATCTCT-1-reg2,-11.249787,-3.9943485,reg2,0
CTGTACCGTATGATCC-1-reg2,-5.135827,-5.2350397,reg2,1
CTGTACCGTGCCTTTC-1-reg2,-7.007716,-6.4785795,reg2,1
CTGTAGAAGGTTATAG-1-reg2,-10.797489,-4.7621517,reg2,0
CTGTAGAAGTCTGGTT-1-reg2,-4.633244,-7.6053743,reg2,1
CTGTATTTCCGGACGT-1-reg2,-6.264437,-6.689337,reg2,1
CTGTCGTGTTGCTCCT-1-reg2,-9.031671,-4.877858,reg2,2
CTTCCGATCCACTGAA-1-reg2,-6.684394,-6.9324455,reg2,1
CTTCCTTTCCGGCAGT-1-reg2,-11.4591465,-4.5949216,reg2,0
CTTCGGTCAGCTTTCC-1-reg2,-7.9844036,-3.1860094,reg2,2
CTTCTAACAAATCGGG-1-reg2,-7.4357595,-3.210038,reg2,2
CTTCTAATCGTTGCCT-1-reg2,-11.714245,-4.7725563,reg2,0
CTTGAGACAAGAAACT-1-reg2,-6.8212514,-6.4189005,reg2,1
CTTTCAACATAGGCGA-1-reg2,-8.5179205,-7.158789,reg2,1
GAAACCTCAGTCAGCC-1-reg2,-5.016581,-7.5805073,reg2,1
GAAATGAGTTATAGCC-1-reg2,-11.932016,-5.306796,reg2,0
GAACGTTCATCATCTT-1-reg2,-13.014517,-4.93225,reg2,0
GAACGTTGTGTAGCAG-1-reg2,-13.213505,-5.6218133,reg2,0
GAACGTTTCTCTGAGA-1-reg2,-9.02783,-5.3072357,reg2,1
GAAGAATTCGTGGGTC-1-reg2,-13.488596,-6.1823215,reg2,0
GAAGCGAAGATGTTAG-1-reg2,-7.7049246,-8.391949,reg2,1
GAAGCGAGTCGAGTGA-1-reg2,-4.55198,-5.862038,reg2,1
GAAGGACGTCGATGCC-1-reg2,-10.347408,-3.8069026,reg2,0
GAAGGACTCCTATTGT-1-reg2,-11.747121,-4.520197,reg2,0
GAATAGATCTATCGCC-1-reg2,-3.876675,-6.5277233,reg2,1
GAATAGATCTATCGTT-1-reg2,-4.4005814,-6.881301,reg2,1
GAATCACAGAGGGCGA-1-reg2,-8.669323,-3.6139565,reg2,2
GACACGCTCGCCTAGG-1-reg2,-10.208952,-2.3957243,reg2,2
GACAGCCGTAAGCTCT-1-reg2,-7.8597493,-3.5400429,reg2,2
GACATCAAGCCATTCA-1-reg2,-5.353701,-7.8378263,reg2,1
GACATCATCCATCTGC-1-reg2,-12.52164,-5.923458,reg2,0
GACCAATGTAGCGTCC-1-reg2,-11.27328,-5.9129934,reg2,0
GACCGTGAGGACCCAA-1-reg2,-5.264146,-6.7110953,reg2,1
GACCGTGAGGTTCCGC-1-reg2,-11.211507,-4.806727,reg2,0
GACCGTGGTCCAGGTC-1-reg2,-11.463736,-4.6647134,reg2,0
GACTCAACACGGTGCT-1-reg2,-10.272415,-4.9327655,reg2,0
GAGAAATAGCGGCTCT-1-reg2,-11.27367,-2.617358,reg2,0
GAGAAATGTCCCTGAG-1-reg2,-5.631321,-8.144262,reg2,1
GAGACCCGTGAGACCA-1-reg2,-9.778759,-4.5570216,reg2,0
GAGACCCGTTCTAAGC-1-reg2,-11.186836,-5.5173345,reg2,0
GAGACTTGTGCTCTCT-1-reg2,-4.3297033,-7.664322,reg2,1
GAGAGGTTCTGGCCAG-1-reg2,-13.212465,-5.55264,reg2,0
GAGATGGAGTATCCTG-1-reg2,-11.560965,-4.321543,reg2,0
GAGGCAATCGCAGTCG-1-reg2,-11.987042,-5.733848,reg2,0
GAGGGTATCGCGCTGA-1-reg2,-6.5107665,-7.973552,reg2,1
GAGTCTAGTACCAATC-1-reg2,-7.2832994,-6.0259666,reg2,1
GAGTCTAGTAGGCTCC-1-reg2,-4.636593,-7.320289,reg2,1
GAGTCTAGTGGCCTCA-1-reg2,-6.238799,-7.8927445,reg2,1
GAGTCTATCGGTCAGC-1-reg2,-4.740705,-6.5653186,reg2,1
GAGTGTTTCGTTCGCT-1-reg2,-12.144039,-4.306828,reg2,0
GAGTTGTTCATGGGAG-1-reg2,-7.821212,-3.7329276,reg2,2
GAGTTTGGTGCATCTA-1-reg2,-12.7051735,-6.4568763,reg2,0
GAGTTTGTCGGAGTGA-1-reg2,-4.9524536,-7.1165624,reg2,1
GATAGAATCGTTCGCT-1-reg2,-13.061211,-4.3919387,reg2,0
GATCACAGTTGGCTAT-1-reg2,-7.002014,-6.443036,reg2,1
GATCATGGTTAGAGTA-1-reg2,-11.525838,-4.7903266,reg2,0
GATCCCTAGTGGTTAA-1-reg2,-12.631224,-6.3124356,reg2,0
GATCCCTGTAGGAGGG-1-reg2,-8.771408,-4.955423,reg2,2
GATCGTACAGGTTCAT-1-reg2,-6.387582,-7.710143,reg2,1
GATGAGGAGGTGAGAA-1-reg2,-7.464929,-3.6881466,reg2,2
GATGAGGCATAGGTAA-1-reg2,-6.2583833,-6.022361,reg2,1
GATGGAGAGGACGCTA-1-reg2,-12.258553,-6.0733457,reg2,0
GATGGAGTCTGTGCAA-1-reg2,-11.197821,-3.9256463,reg2,0
GATTCGAAGCGCCTAC-1-reg2,-9.520455,-4.0284505,reg2,0
GATTCGATCGCACGAC-1-reg2,-11.006697,-4.811879,reg2,0
GATTCGATCTTACTGT-1-reg2,-6.4778714,-7.565014,reg2,1
GATTCTTTCCGAAATC-1-reg2,-6.6430593,-7.1142364,reg2,1
GATTGGTAGCATAGGC-1-reg2,-6.1116834,-7.436929,reg2,1
GATTGGTTCTCCCTAG-1-reg2,-6.18222,-5.8225527,reg2,1
GCAACCGGTCTCTCTG-1-reg2,-10.860445,-4.6929975,reg2,0
GCACATACATCGGCCA-1-reg2,-12.997801,-5.168108,reg2,0
GCACGTGAGCTACTAC-1-reg2,-8.909657,-4.075975,reg2,2
GCACGTGGTGCACAAG-1-reg2,-5.5980325,-8.2591,reg2,1
GCACTAAGTTTCCAAG-1-reg2,-4.521804,-7.0600033,reg2,1
GCAGCCAAGCCAAGTG-1-reg2,-11.319578,-6.6163263,reg2,0
GCAGCCACACCAGCTG-1-reg2,-8.6390295,-7.733989,reg2,1
GCAGCCAGTGTGACCC-1-reg2,-5.065857,-6.8636374,reg2,1
GCAGGCTGTCAGTTTG-1-reg2,-11.921911,-5.1778054,reg2,0
GCATCGGAGGGTGGGA-1-reg2,-8.424329,-7.8878016,reg2,1
GCATGATGTAAGTTGA-1-reg2,-9.756214,-4.6766562,reg2,2
GCATTAGTCACTGGTA-1-reg2,-10.873046,-4.252495,reg2,0
GCCAACGCAAACTAGA-1-reg2,-11.862889,-3.336846,reg2,0
GCCAGCAGTGACCTGC-1-reg2,-4.852177,-7.2498484,reg2,1
GCCAGGTGTTACACTG-1-reg2,-4.0943594,-7.760819,reg2,1
GCCATGGCAGCTGTCG-1-reg2,-6.6913133,-5.85686,reg2,1
GCCATGGGTCCACACG-1-reg2,-10.372607,-6.054061,reg2,0
GCCCGAAGTACGTGAG-1-reg2,-5.4555902,-7.0962753,reg2,1
GCCGATGAGCTGTCCG-1-reg2,-10.905151,-5.3809266,reg2,0
GCCTGTTGTAGTGTGG-1-reg2,-5.778095,-7.5449452,reg2,1
GCGATCGTCAACCGAT-1-reg2,-4.376055,-8.566714,reg2,1
GCGATCGTCGACGACC-1-reg2,-10.070755,-6.194243,reg2,0
GCGATCGTCTCGCTTG-1-reg2,-8.863292,-3.5829313,reg2,2
GCGGAAAAGCAAGTCG-1-reg2,-6.6878285,-6.2903314,reg2,1
GCGGAAAAGCTACTAC-1-reg2,-6.045873,-6.9356647,reg2,1
GCGGAAACAGAATCGG-1-reg2,-7.986703,-7.3403354,reg2,1
GCGGAAATCCCGAAAT-1-reg2,-5.6659966,-7.117791,reg2,1
GCGGATCCAACACAGG-1-reg2,-12.69933,-3.9358256,reg2,0
GCGTGCATCATTATCC-1-reg2,-4.190005,-8.18744,reg2,1
GCTACAACAGAACATA-1-reg2,-12.4068575,-3.5823123,reg2,0
GCTACCTAGCATCCTA-1-reg2,-7.0062137,-4.1587257,reg2,2
GCTGGGTGTCTGTGTA-1-reg2,-4.235983,-6.08387,reg2,1
GCTGGGTGTGGCTTAT-1-reg2,-8.099528,-8.119745,reg2,1
GCTTCACAGCCAGAGT-1-reg2,-9.733085,-4.949666,reg2,2
GCTTCACGTCCAAATC-1-reg2,-4.5343723,-7.815647,reg2,1
GCTTCACTCCAACTGA-1-reg2,-6.384319,-7.2253833,reg2,1
GCTTGGGGTGCGGTAA-1-reg2,-4.788677,-6.9244742,reg2,1
GGAAGTGAGAACTGAT-1-reg2,-8.421068,-3.6735518,reg2,2
GGAAGTGCACTGGCCA-1-reg2,-7.3476586,-3.5879123,reg2,2
GGACGTCCATCGCTAA-1-reg2,-8.790693,-3.5977068,reg2,2
GGAGAACCACAAGTGG-1-reg2,-8.7146015,-3.3170965,reg2,2
GGAGATGAGGCTCCCA-1-reg2,-5.424023,-5.48149,reg2,1
GGAGATGCACAGGATG-1-reg2,-10.647286,-6.166887,reg2,0
GGAGATGTCAGTGTGT-1-reg2,-5.281765,-6.098222,reg2,1
GGAGCAAAGATCACCT-1-reg2,-4.3164473,-6.360377,reg2,1
GGAGCAAGTGGAAATT-1-reg2,-9.104955,-6.2434297,reg2,1
GGATGTTGTGCTTATG-1-reg2,-5.784315,-5.943093,reg2,1
GGCACGTAGTGAATAC-1-reg2,-4.980579,-6.6228743,reg2,1
GGCAGTCTCAATGCAC-1-reg2,-10.13865,-6.1624203,reg2,0
GGCGTCAGTCCTGTTC-1-reg2,-6.6275096,-7.75209,reg2,1
GGCTGTGTCACCATAG-1-reg2,-7.835449,-5.7580104,reg2,1
GGCTGTGTCCGATGCG-1-reg2,-9.781425,-6.9428935,reg2,1
GGCTGTGTCGACGAGA-1-reg2,-7.273019,-7.7178044,reg2,1
GGCTTTCGTAATACCC-1-reg2,-11.695284,-3.2041337,reg2,0
GGGAAGTCATCCTTGC-1-reg2,-12.747776,-5.531962,reg2,0
GGGAAGTGTTGGGATG-1-reg2,-10.508405,-4.6282015,reg2,0
GGGACCTGTCGGAACA-1-reg2,-4.647034,-7.488632,reg2,1
GGGACTCAGGCAGGGA-1-reg2,-8.910568,-8.063644,reg2,1
GGGACTCAGGTAATCA-1-reg2,-6.3829284,-7.165315,reg2,1
GGGAGATAGGTCGAGT-1-reg2,-8.178891,-8.179044,reg2,1
GGGATCCAGCAGGCAT-1-reg2,-9.511184,-3.2885826,reg2,2
GGGCCATCATCCGTTC-1-reg2,-5.4363594,-7.201515,reg2,1
GGGCGTTTCCGGACTG-1-reg2,-10.415214,-4.028997,reg2,0
GGGCTACTCACTACGA-1-reg2,-7.9235034,-7.6281343,reg2,1
GGGCTCAAGCTGGCCT-1-reg2,-4.2619286,-6.468204,reg2,1
GGGTAGAAGGTTGACG-1-reg2,-6.4626327,-3.9629726,reg2,2
GGGTATTTCTGGAAGG-1-reg2,-10.780077,-4.1585846,reg2,0
GGGTCACGTGCAACAG-1-reg2,-4.218244,-6.5177298,reg2,1
GGGTGTCAGACGCATG-1-reg2,-11.995856,-3.747171,reg2,0
GGGTGTCTCGCTTACC-1-reg2,-9.452891,-5.7051706,reg2,1
GGGTTATTCTGGCCAG-1-reg2,-8.544078,-8.20075,reg2,1
GGGTTTATCTAAGGAA-1-reg2,-7.1573195,-3.21541,reg2,2
GGTAACTTCTGTCGCT-1-reg2,-10.773096,-4.122063,reg2,0
GGTCACGGTACCGGCT-1-reg2,-8.341947,-5.8434844,reg2,1
GGTGATTGTCAACGCC-1-reg2,-5.832688,-3.3098543,reg2,2
GGTTAACTCTGTTCAT-1-reg2,-8.827973,-7.6938667,reg2,1
GGTTCTCTCCGGCTTT-1-reg2,-4.907853,-7.6923065,reg2,1
GGTTCTCTCTTCTCAA-1-reg2,-6.0406585,-8.163476,reg2,1
GGTTGTATCCTAACAG-1-reg2,-6.0518327,-5.6890793,reg2,1
GGTTGTATCGCATTGA-1-reg2,-5.3091826,-8.31584,reg2,1
GTAACACGTTGTGCAT-1-reg2,-8.915193,-6.780079,reg2,1
GTAACCAGTACGATGG-1-reg2,-10.092598,-3.367256,reg2,2
GTAACCAGTCTCTCCA-1-reg2,-6.3704653,-5.8501806,reg2,1
GTAACCAGTTCTGACA-1-reg2,-4.530258,-8.526685,reg2,1
GTAAGTCAGGTGGGTT-1-reg2,-4.9003644,-8.251481,reg2,1
GTAAGTCAGTTCACTG-1-reg2,-12.15438,-2.9402046,reg2,0
GTAATCGTCCACGTGG-1-reg2,-11.164167,-3.6965606,reg2,0
GTAATGCGTTCATCGA-1-reg2,-9.788385,-5.276976,reg2,1
GTACAACAGCCAAGGT-1-reg2,-5.4597235,-3.6249306,reg2,2
GTACAACGTGGAATGC-1-reg2,-10.869114,-6.2137566,reg2,0
GTACAACGTTAAACAG-1-reg2,-10.037999,-3.6406357,reg2,2
GTACAACTCGCGGACT-1-reg2,-6.404144,-3.5526183,reg2,2
GTACAGTTCTGAGTCA-1-reg2,-4.080312,-6.1886578,reg2,1
GTAGAGGAGAATCGTA-1-reg2,-10.881125,-4.273794,reg2,0
GTAGAGGAGGCATGGT-1-reg2,-9.774931,-6.6592536,reg2,1
GTAGAGGAGTTGCGCC-1-reg2,-6.2530675,-8.545254,reg2,1
GTAGATCTCCCTTGGT-1-reg2,-12.744621,-3.9262557,reg2,0
GTAGGAGTCAGCGCAC-1-reg2,-8.829108,-7.0090294,reg2,1
GTAGTACCACCCAAGC-1-reg2,-12.419958,-5.4705286,reg2,0
GTAGTACTCGCTCCTA-1-reg2,-7.8235292,-7.7878456,reg2,1
GTATTGGAGCTCTGTA-1-reg2,-8.579533,-5.597968,reg2,1
GTATTGGCAGCACCCA-1-reg2,-7.337287,-8.010987,reg2,1
GTCAAACCAAATAAGC-1-reg2,-7.6004286,-3.2768548,reg2,2
GTCACGGGTGACTGAG-1-reg2,-7.003407,-5.33509,reg2,1
GTCACTCAGTTTCGGT-1-reg2,-5.4093328,-5.059066,reg2,1
GTCACTCCATCATTGG-1-reg2,-6.5036826,-8.274591,reg2,1
GTCAGCGAGCGCCGTT-1-reg2,-12.336428,-5.0811725,reg2,0
GTCATCCGTCGTACAT-1-reg2,-12.779284,-6.2914844,reg2,0
GTCATGAAGGTGGTTG-1-reg2,-5.5404835,-8.806974,reg2,1
GTCATGATCTCGGTAA-1-reg2,-10.7112,-5.2282357,reg2,0
GTCCCATGTAGCTCGC-1-reg2,-5.6636543,-6.9855566,reg2,1
GTCCTCAAGCTTCGTA-1-reg2,-6.555608,-7.200614,reg2,1
GTCGAATGTCTCAGAT-1-reg2,-4.0239034,-6.755817,reg2,1
GTCGTAAAGAGAGGGC-1-reg2,-9.440936,-3.9850352,reg2,2
GTCGTAATCTGCCCTA-1-reg2,-12.479406,-3.0465868,reg2,0
GTCTAGACAGCGGATA-1-reg2,-9.595076,-3.0266957,reg2,2
GTCTGTCGTCGTACTA-1-reg2,-4.6218543,-7.2082777,reg2,1
GTCTTTAAGGTGCTGA-1-reg2,-11.966774,-2.9739163,reg2,0
GTCTTTACATACAGCT-1-reg2,-9.068981,-3.47366,reg2,2
GTCTTTATCTCTAAGG-1-reg2,-4.233169,-7.60374,reg2,1
GTGAGGAGTGTATACC-1-reg2,-5.6811895,-8.607731,reg2,1
GTGAGGATCAGGACAG-1-reg2,-4.6065345,-6.8289347,reg2,1
GTGAGTTAGGTAAACT-1-reg2,-13.17676,-6.4273906,reg2,0
GTGAGTTCAGCGACCT-1-reg2,-6.513188,-8.088753,reg2,1
GTGCTTCGTCTAGGCC-1-reg2,-12.682865,-5.517065,reg2,0
GTGGAAGCAGTTACCA-1-reg2,-6.021467,-4.8478513,reg2,1
GTGGCGTAGCTGTCCG-1-reg2,-13.422462,-6.2307673,reg2,0
GTGTAACGTCCAACGC-1-reg2,-7.255062,-6.8377066,reg2,1
GTGTGGCTCAGGAGAC-1-reg2,-6.909484,-3.3809042,reg2,2
GTGTGGCTCCATAAGC-1-reg2,-4.303595,-6.5016704,reg2,1
GTGTTAGAGGTGCCAA-1-reg2,-4.7131243,-8.696383,reg2,1
GTGTTAGTCCTGTAAG-1-reg2,-7.2423115,-7.3812923,reg2,1
GTGTTCCGTGGATTTC-1-reg2,-10.512034,-4.8151317,reg2,0
GTTACAGAGCTGCGAA-1-reg2,-10.924825,-3.698635,reg2,0
GTTACAGTCGTAGCTA-1-reg2,-12.299586,-3.0315046,reg2,0
GTTACCCTCTTAGCCC-1-reg2,-7.4286137,-8.067808,reg2,1
GTTACGAAGGGACAGG-1-reg2,-11.775671,-4.4217734,reg2,0
GTTAGTGCAACAAGAT-1-reg2,-5.5559645,-4.549786,reg2,1
GTTAGTGCAGTAGAGC-1-reg2,-6.6266284,-4.0430923,reg2,2
GTTCATTAGTAACGAT-1-reg2,-5.9964085,-7.871897,reg2,1
GTTCATTCAATAACCC-1-reg2,-8.958527,-3.3436103,reg2,2
GTTCATTTCCTCTGCA-1-reg2,-11.544621,-3.7692158,reg2,0
GTTCCGTTCACCATCC-1-reg2,-8.0259695,-2.8930712,reg2,2
GTTCGCTTCGCCAACG-1-reg2,-6.7273765,-7.0451226,reg2,1
GTTGAACAGTCGGGAT-1-reg2,-6.2183266,-4.380578,reg2,1
GTTGCGGAGTCGCCCA-1-reg2,-10.538983,-4.2727933,reg2,0
GTTGTAGAGTAAACGT-1-reg2,-12.322953,-6.3531036,reg2,0
GTTGTAGTCTAAGGAA-1-reg2,-3.8026724,-6.3771105,reg2,1
GTTGTCCAGGGAGATA-1-reg2,-9.465876,-4.2359443,reg2,2
GTTGTCCTCCCTAGGG-1-reg2,-4.382715,-6.0909815,reg2,1
GTTGTGACATGAGTAA-1-reg2,-6.138532,-8.664688,reg2,1
GTTGTGATCAAGTTGC-1-reg2,-6.099662,-4.505353,reg2,1
GTTTACTAGGCGTTAG-1-reg2,-13.086894,-5.826954,reg2,0
GTTTACTCACTCCTGT-1-reg2,-4.912839,-7.1969137,reg2,1
GTTTGGATCCAGTGCG-1-reg2,-11.145778,-5.192059,reg2,0
GTTTGGATCTAGCATG-1-reg2,-12.242235,-5.830262,reg2,0
TAACACGCAGCCTACG-1-reg2,-9.823105,-3.5904858,reg2,2
TAACCAGCAAACAGGC-1-reg2,-7.3676023,-3.825,reg2,2
TAACCAGCACTCATAG-1-reg2,-12.020017,-5.550892,reg2,0
TAACGACCACACTTAG-1-reg2,-5.1593018,-6.8569174,reg2,1
TAACTTCAGACGCTCC-1-reg2,-12.97134,-4.5379915,reg2,0
TAACTTCAGACTCTTG-1-reg2,-9.18496,-4.947577,reg2,1
TAACTTCTCTTTACAC-1-reg2,-8.783243,-4.1199713,reg2,2
TAAGCACAGGCCTGAA-1-reg2,-11.019034,-4.1157866,reg2,0
TAAGCCAAGCCTATCA-1-reg2,-8.283228,-2.6190434,reg2,2
TAAGCCAAGTGTTGTC-1-reg2,-5.9733534,-6.633055,reg2,1
TAAGCGTCAGCAGTCC-1-reg2,-8.013176,-8.203185,reg2,1
TAAGTCGCAGCACAAG-1-reg2,-6.13493,-4.239115,reg2,1
TAATCTCCATTCGATG-1-reg2,-12.7445965,-4.118157,reg2,0
TAATTCCAGTATGGCG-1-reg2,-6.3832855,-6.5724425,reg2,1
TAATTCCGTCACCCTT-1-reg2,-6.2979727,-6.999782,reg2,1
TAATTCCGTCTTGTCC-1-reg2,-10.466098,-6.801455,reg2,1
TAATTCCTCACGAACT-1-reg2,-11.251023,-5.0215755,reg2,0
TACAACGTCCACGTAA-1-reg2,-9.82099,-5.064729,reg2,0
TACACCCTCATTTGGG-1-reg2,-11.976218,-4.028109,reg2,0
TACATTCCACTCCACT-1-reg2,-9.132841,-4.092215,reg2,2
TACCCACGTCCGAAAG-1-reg2,-4.9336824,-7.972256,reg2,1
TACCTCGAGCATACTC-1-reg2,-11.648732,-4.5711646,reg2,0
TACCTCGGTTGGAGGT-1-reg2,-8.356983,-5.273463,reg2,1
TACCTCGTCGGTCAGC-1-reg2,-11.660359,-3.7741861,reg2,0
TACCTGCCATACGCAT-1-reg2,-13.126131,-5.256134,reg2,0
TACGGTATCGCCGAGT-1-reg2,-8.844522,-3.8439522,reg2,2
TACGTCCGTTGTCATG-1-reg2,-5.3484883,-5.2622566,reg2,1
TACTGCCAGGTTGGAC-1-reg2,-6.466274,-4.2260175,reg2,2
TACTGCCCATGCCGGT-1-reg2,-10.848794,-4.5360737,reg2,0
TACTGCCGTTACGGAG-1-reg2,-8.8079605,-7.792661,reg2,1
TACTGCCTCCACCTGT-1-reg2,-9.325982,-7.82652,reg2,1
TACTTACAGGTTCATC-1-reg2,-8.4141245,-7.0958934,reg2,1
TACTTACCACTACTTT-1-reg2,-5.739439,-5.936192,reg2,1
TACTTACGTCTAGTGT-1-reg2,-11.103052,-5.5262775,reg2,0
TACTTCAAGGATGTTA-1-reg2,-9.644247,-5.658588,reg2,1
TACTTCAGTGGTCTGC-1-reg2,-9.715875,-6.203179,reg2,1
TAGACCAAGGACACTG-1-reg2,-5.827016,-4.4601593,reg2,1
TAGACTGAGAGTCAGC-1-reg2,-10.494162,-5.104399,reg2,0
TAGACTGAGCATTTGC-1-reg2,-10.252906,-5.1501646,reg2,0
TAGACTGCACTCTAGA-1-reg2,-12.294793,-5.430449,reg2,0
TAGATCGTCAAATGCC-1-reg2,-7.7724905,-6.5319,reg2,1
TAGGAGGCAGCGTGCT-1-reg2,-4.92912,-7.0365634,reg2,1
TAGGGTTTCTACCAGA-1-reg2,-4.6536083,-7.226757,reg2,1
TAGGTACAGTCTGCAT-1-reg2,-12.73297,-4.066199,reg2,0
TAGGTACGTGAGAGGG-1-reg2,-7.304281,-7.4516945,reg2,1
TAGGTTGTCAACTCTT-1-reg2,-11.103027,-6.016153,reg2,0
TAGGTTGTCTGCCCTA-1-reg2,-5.2980595,-6.810591,reg2,1
TAGTGCACAATTTCGG-1-reg2,-12.379318,-3.5058713,reg2,0
TAGTGCATCGCTATTT-1-reg2,-5.2368307,-7.7314754,reg2,1
TATATCCAGTACGTCT-1-reg2,-4.8212,-7.886989,reg2,1
TATATCCCAGCTACCG-1-reg2,-9.473227,-3.8236532,reg2,2
TATCAGGAGCCTCGTG-1-reg2,-9.286284,-2.1135712,reg2,2
TATCAGGTCGGACGTC-1-reg2,-4.0970354,-8.144613,reg2,1
TATCCTATCCATACAG-1-reg2,-8.698953,-7.1792064,reg2,1
TATCCTATCCGGCAGT-1-reg2,-8.191265,-6.160364,reg2,1
TATCGCCGTCTAGTGT-1-reg2,-12.779601,-5.1575866,reg2,0
TATCTGTGTATGTGTC-1-reg2,-5.501922,-6.5782294,reg2,1
TATCTGTTCAAGGCTT-1-reg2,-12.860966,-5.377214,reg2,0
TATCTTGAGCATACTC-1-reg2,-5.3939643,-7.2512174,reg2,1
TATCTTGGTGGTCTCG-1-reg2,-13.425074,-6.34719,reg2,0
TATGTTCAGTCCTGTA-1-reg2,-5.772938,-7.455781,reg2,1
TATGTTCGTCCCAAAT-1-reg2,-11.781473,-6.053741,reg2,0
TATTCCAAGCACTCTA-1-reg2,-7.644697,-6.5947585,reg2,1
TATTGCTAGTTCGGTT-1-reg2,-5.2274003,-4.8898993,reg2,1
TATTGGGAGTCGAAAT-1-reg2,-8.25478,-6.436401,reg2,1
TATTGGGTCCCAAGCG-1-reg2,-8.72655,-6.6235085,reg2,1
TCAAGCATCGGTCATA-1-reg2,-12.86985,-5.4646497,reg2,0
TCAAGCATCGTCCATC-1-reg2,-12.364665,-4.5982785,reg2,0
TCAAGTGAGCAGTCTT-1-reg2,-12.658692,-4.9753356,reg2,0
TCAATCTGTTTGATCG-1-reg2,-7.831419,-6.698798,reg2,1
TCAATTCGTGACAGCA-1-reg2,-11.347825,-5.6043935,reg2,0
TCACAAGGTAGCACGA-1-reg2,-8.578386,-7.7715993,reg2,1
TCACGCTCACGCACCA-1-reg2,-11.745351,-5.939137,reg2,0
TCACGCTGTCAAACGG-1-reg2,-5.5181985,-7.4615984,reg2,1
TCACGGGTCGTTGTAG-1-reg2,-6.063823,-4.593162,reg2,1
TCACTATCATTCCTAT-1-reg2,-9.214119,-7.498098,reg2,1
TCACTCGAGCCTTTCC-1-reg2,-4.0594106,-6.403408,reg2,1
TCACTCGTCATCGCCT-1-reg2,-7.6417108,-5.1722836,reg2,1
TCAGCAAAGACCATAA-1-reg2,-7.4784636,-3.973769,reg2,2
TCAGCCTAGCGCACAA-1-reg2,-11.162011,-4.139906,reg2,0
TCAGCCTCAAATGGAT-1-reg2,-5.955847,-6.1946287,reg2,1
TCAGCCTTCTTCCGTG-1-reg2,-11.249351,-4.8328853,reg2,0
TCAGTCCTCTGCACCT-1-reg2,-9.333658,-6.4188337,reg2,1
TCAGTGACAATCAGCT-1-reg2,-9.2019,-4.2401247,reg2,2
TCAGTTTAGTAGGAAG-1-reg2,-4.226686,-7.28267,reg2,1
TCAGTTTCAATCGCAT-1-reg2,-10.464026,-3.377119,reg2,2
TCATACTAGATCCTAC-1-reg2,-11.138161,-4.976497,reg2,0
TCATATCAGCGTGCTC-1-reg2,-6.0826135,-7.2735868,reg2,1
TCATCATCAACGTATC-1-reg2,-7.0974026,-3.8132155,reg2,2
TCATGAGGTAAGATTG-1-reg2,-12.218209,-6.09974,reg2,0
TCATGAGGTTCAGTAC-1-reg2,-5.5248733,-4.623566,reg2,1
TCATGCCTCTCCTGCA-1-reg2,-7.6133122,-5.1189685,reg2,1
TCATGGACACCCATAA-1-reg2,-6.06651,-4.826978,reg2,1
TCATGGATCATGGAGG-1-reg2,-13.510314,-5.9932194,reg2,0
TCATGTTTCTAGCATG-1-reg2,-6.276513,-7.700076,reg2,1
TCATTACGTGGGTATG-1-reg2,-10.326806,-4.319043,reg2,0
TCATTACTCCGAAGGA-1-reg2,-5.849269,-6.3350925,reg2,1
TCATTGTAGATGCTAA-1-reg2,-5.622608,-5.097242,reg2,1
TCATTGTAGATTGTGA-1-reg2,-5.5096416,-6.648452,reg2,1
TCATTGTAGCATAGGC-1-reg2,-9.626982,-3.6715388,reg2,2
TCATTTGAGGTTCTAC-1-reg2,-7.782638,-6.0002513,reg2,1
TCATTTGCACAGCTGC-1-reg2,-7.866894,-5.7101526,reg2,1
TCATTTGCAGGACTTT-1-reg2,-4.2958508,-8.08821,reg2,1
TCCACCACAGAGTAAT-1-reg2,-8.385668,-7.138384,reg2,1
TCCACGTGTTGATGTC-1-reg2,-5.194382,-5.3533196,reg2,1
TCCATGCCAAGAGTAT-1-reg2,-12.731418,-6.103872,reg2,0
TCCATGCCAGTTTGGT-1-reg2,-5.911389,-6.554255,reg2,1
TCCATGCCATCGTGGC-1-reg2,-4.543906,-7.752303,reg2,1
TCCCACACAAGGACAC-1-reg2,-9.524219,-3.4891021,reg2,2
TCCCATGGTCCTCAGG-1-reg2,-4.622206,-8.613024,reg2,1
TCCGAAAAGAGATGCC-1-reg2,-4.7982664,-5.666104,reg2,1
TCCGATCAGCTGCCTG-1-reg2,-4.46101,-8.253188,reg2,1
TCCGGGAAGTTCCGGC-1-reg2,-12.097053,-4.003688,reg2,0
TCCGGGACAGTAGATA-1-reg2,-12.277327,-5.319826,reg2,0
TCCGTGTCAGTAACCT-1-reg2,-8.997313,-6.5259175,reg2,1
TCCGTGTGTCAGACGA-1-reg2,-7.390812,-3.5126913,reg2,2
TCCGTGTGTTAGAGTA-1-reg2,-12.530255,-6.0998025,reg2,0
TCCTCCCCACACCTGG-1-reg2,-8.368702,-6.4734507,reg2,1
TCCTCCCTCCTCAGAA-1-reg2,-4.735902,-7.3429613,reg2,1
TCCTCTTAGTGGATAT-1-reg2,-11.783432,-5.415442,reg2,0
TCCTGCACATGGAATA-1-reg2,-4.595625,-7.8027763,reg2,1
TCCTTTCCAGCTTCGG-1-reg2,-5.462578,-6.0925736,reg2,1
TCCTTTCGTATTTCGG-1-reg2,-7.130775,-3.8161104,reg2,2
TCGACCTCAAGTGCAG-1-reg2,-5.3022723,-4.819258,reg2,1
TCGACGGCAAGTTCGT-1-reg2,-5.989932,-5.4704704,reg2,1
TCGACGGCATGAAGCG-1-reg2,-3.915399,-6.501587,reg2,1
TCGACGGGTTCATCTT-1-reg2,-4.0966883,-7.3387275,reg2,1
TCGATTTAGCGAGGAG-1-reg2,-7.0600905,-3.9585507,reg2,2
TCGATTTAGGTTCCAT-1-reg2,-4.171041,-6.017891,reg2,1
TCGATTTGTGCGGTAA-1-reg2,-13.401877,-5.9948597,reg2,0
TCGATTTGTTTAAGGA-1-reg2,-9.527949,-6.878915,reg2,1
TCGCAGGAGAAGTCAT-1-reg2,-9.35182,-4.0818295,reg2,2
TCGCTCAGTGTATTGC-1-reg2,-12.6371355,-3.353271,reg2,0
TCGCTTGCACCCTTAC-1-reg2,-13.347127,-5.6026897,reg2,0
TCGGATAAGTTCGGTT-1-reg2,-6.7816753,-7.8495255,reg2,1
TCGGATAGTTGCATGT-1-reg2,-6.9672875,-7.383428,reg2,1
TCGGGACCACAAGTGG-1-reg2,-9.091916,-5.084301,reg2,1
TCGGGACCACTTGGCG-1-reg2,-7.764457,-3.8721094,reg2,2
TCGGGTGAGCAACTTC-1-reg2,-4.098201,-6.7382865,reg2,1
TCGGTCTGTTTGGGTT-1-reg2,-9.681174,-5.0988555,reg2,0
TCGGTCTTCCTATTGT-1-reg2,-5.8263206,-6.826086,reg2,1
TCGTAGAGTTAGAAGT-1-reg2,-7.310256,-7.3597383,reg2,1
TCGTGGGAGGTGCTGA-1-reg2,-5.13595,-8.702111,reg2,1
TCGTGGGAGTGCAGGT-1-reg2,-7.9315143,-7.4867077,reg2,1
TCTACATGTGATATAG-1-reg2,-12.740878,-5.7770534,reg2,0
TCTACCGCAGCGTTTA-1-reg2,-10.958971,-4.4624815,reg2,0
TCTACCGGTTATGTGC-1-reg2,-7.440119,-3.9407303,reg2,2
TCTACCGTCGTGCACG-1-reg2,-4.816201,-6.7519846,reg2,1
TCTACCGTCTTCTCAA-1-reg2,-4.872478,-5.8059053,reg2,1
TCTATACGTCTTGCGG-1-reg2,-9.087348,-7.6929593,reg2,1
TCTATCATCTACACTT-1-reg2,-10.025435,-6.2909384,reg2,0
TCTCAGCAGCTGGTGA-1-reg2,-7.857289,-4.003791,reg2,2
TCTCAGCTCCGGACTG-1-reg2,-12.558143,-4.634406,reg2,0
TCTGTCGCAGCTTCGG-1-reg2,-11.044018,-3.7992718,reg2,0
TCTGTCGGTCTACGTA-1-reg2,-4.9326687,-7.666222,reg2,1
TCTTCCTTCGTTCTGC-1-reg2,-6.0949535,-6.0376296,reg2,1
TCTTGCGAGTCCCAGC-1-reg2,-9.358245,-7.383782,reg2,1
TCTTGCGCATGTTTGG-1-reg2,-5.018095,-6.6170187,reg2,1
TCTTTGACAGAAGTGC-1-reg2,-4.8152633,-8.231834,reg2,1
TGAACGTCATCCAACA-1-reg2,-12.964093,-5.6866584,reg2,0
TGAATCGGTGCGAACA-1-reg2,-6.9968057,-2.7316377,reg2,2
TGACAGTAGTGCACCC-1-reg2,-7.3664427,-8.222203,reg2,1
TGACAGTTCCGAGTGC-1-reg2,-7.6036663,-7.9849133,reg2,1
TGACCCTAGGTCGTGA-1-reg2,-6.8592253,-8.045987,reg2,1
TGACCCTGTACTGACT-1-reg2,-12.84922,-3.9558518,reg2,0
TGACGCGGTAACTAAG-1-reg2,-9.564445,-6.342105,reg2,1
TGACGCGTCTAGTTCT-1-reg2,-7.4647155,-6.2391877,reg2,1
TGACGCGTCTGTCCGT-1-reg2,-7.5434356,-2.848462,reg2,2
TGAGACTGTCCAGCAC-1-reg2,-4.4303327,-6.3219776,reg2,1
TGAGCATAGCTAGCCC-1-reg2,-12.183004,-5.1969743,reg2,0
TGAGCATCAAGGCGTA-1-reg2,-5.643749,-7.982537,reg2,1
TGAGCGCGTAGATCGG-1-reg2,-7.260029,-8.02263,reg2,1
TGAGCGCTCTTGAGCA-1-reg2,-13.032207,-5.7828097,reg2,0
TGAGGGAAGAGTACCG-1-reg2,-4.929896,-8.103462,reg2,1
TGAGGGACATAATCGC-1-reg2,-5.248814,-7.704322,reg2,1
TGAGGGAGTAACGTTC-1-reg2,-7.419441,-8.561969,reg2,1
TGAGGGATCTTCCTAA-1-reg2,-9.494528,-4.694395,reg2,2
TGAGTCACACGGTGAA-1-reg2,-6.0250835,-8.724561,reg2,1
TGAGTCAGTACGATTC-1-reg2,-5.283389,-8.666602,reg2,1
TGATCTTAGTAGGTTA-1-reg2,-4.714497,-5.8612223,reg2,1
TGATCTTCAACTCATG-1-reg2,-9.5451765,-7.404555,reg2,1
TGATCTTGTAGACTGG-1-reg2,-8.437044,-7.934194,reg2,1
TGATGGTTCCGTGTGG-1-reg2,-5.3114357,-6.3864636,reg2,1
TGATTTCGTCAACGCC-1-reg2,-11.10913,-4.7017884,reg2,0
TGATTTCGTTGGCCGT-1-reg2,-11.534749,-6.2796044,reg2,0
TGATTTCTCATACAGC-1-reg2,-11.454445,-6.2763834,reg2,0
TGATTTCTCCTGGTCT-1-reg2,-5.444118,-8.165007,reg2,1
TGCACGGAGGGTTTCT-1-reg2,-4.9671865,-5.7890944,reg2,1
TGCAGATCACTCCGGA-1-reg2,-5.0411167,-6.555551,reg2,1
TGCAGTAAGATTGAGT-1-reg2,-4.876142,-8.621366,reg2,1
TGCAGTAGTGTCATTG-1-reg2,-4.343003,-7.3341613,reg2,1
TGCAGTATCTTGCGCT-1-reg2,-7.273784,-8.321445,reg2,1
TGCATCCCATATTCGG-1-reg2,-11.096891,-4.2415576,reg2,0
TGCATCCGTGAATATG-1-reg2,-8.944374,-4.078499,reg2,2
TGCATCCGTGGAACCA-1-reg2,-4.589569,-6.946547,reg2,1
TGCCGAGCATCAGCGC-1-reg2,-13.092029,-4.6285825,reg2,0
TGCCGAGTCTCTGGTC-1-reg2,-6.085693,-7.579804,reg2,1
TGCGATACACGGTGTC-1-reg2,-9.0222645,-5.536706,reg2,1
TGCGGCAGTCCAAATC-1-reg2,-11.382189,-4.7059293,reg2,0
TGCGGCAGTCGATTAC-1-reg2,-13.211942,-5.747434,reg2,0
TGCGGGTAGTATGATG-1-reg2,-8.469948,-5.681818,reg2,1
TGCGGGTCAGGCTCTG-1-reg2,-4.1223316,-6.248382,reg2,1
TGCGGGTTCCCGTAAA-1-reg2,-4.0831747,-7.676251,reg2,1
TGCTCCAGTCATCGCG-1-reg2,-4.2568264,-5.9439893,reg2,1
TGCTCGTGTCGTATGT-1-reg2,-11.594365,-5.699248,reg2,0
TGCTGAACAAGAGGCT-1-reg2,-5.024767,-5.0693746,reg2,1
TGCTTCGTCATTCTTG-1-reg2,-7.0328007,-7.006618,reg2,1
TGCTTCGTCTGCACCT-1-reg2,-10.24123,-2.287701,reg2,2
TGGAACTAGAGGGTCT-1-reg2,-9.26558,-5.066008,reg2,0
TGGATCATCTTCCAGC-1-reg2,-12.516211,-3.3799348,reg2,0
TGGCGTGCATTGACAC-1-reg2,-5.0278335,-5.5320745,reg2,1
TGGGAAGCACATAGCT-1-reg2,-9.696079,-3.9132092,reg2,2
TGGGAAGCATAACCCA-1-reg2,-7.1549664,-4.7168694,reg2,1
TGGGAAGTCTCGTCAC-1-reg2,-6.112664,-5.7719054,reg2,1
TGGGCGTTCCACGTAA-1-reg2,-10.855518,-4.258772,reg2,0
TGGGTTAGTCGCTTGG-1-reg2,-7.0572324,-6.970724,reg2,1
TGGTACAAGATGGTAT-1-reg2,-7.3315883,-7.7723265,reg2,1
TGGTAGTGTGAAGCTG-1-reg2,-8.708329,-7.1514025,reg2,1
TGGTGATTCTGAGATC-1-reg2,-6.0677166,-8.676915,reg2,1
TGGTTAGCAAGATGGC-1-reg2,-5.3911185,-6.6821938,reg2,1
TGGTTAGTCACCGCTT-1-reg2,-4.5759053,-5.664777,reg2,1
TGTAACGAGCGATGAC-1-reg2,-5.1650405,-5.1036897,reg2,1
TGTAACGCAATCCTAG-1-reg2,-13.09885,-5.4043326,reg2,0
TGTAACGGTAACGCGA-1-reg2,-6.5901194,-8.34686,reg2,1
TGTACAGAGTTAGTGA-1-reg2,-11.74634,-6.494028,reg2,0
TGTAGACTCTTCGATT-1-reg2,-6.6448784,-6.054205,reg2,1
TGTCCACTCTAGTGAC-1-reg2,-12.190144,-4.1256247,reg2,0
TGTCCCACAAAGTATG-1-reg2,-4.846582,-7.285052,reg2,1
TGTGATGAGTAGTCCT-1-reg2,-4.1687984,-6.1691155,reg2,1
TGTGCGGCACTGTTCC-1-reg2,-11.663185,-5.430226,reg2,0
TGTGTGAGTTATGTCG-1-reg2,-7.526752,-7.8852606,reg2,1
TGTTACTCATAATGAG-1-reg2,-8.137696,-7.5975246,reg2,1
TGTTCCGGTTCGGTCG-1-reg2,-7.9313235,-4.9060693,reg2,1
TGTTCTAAGGGAGTGG-1-reg2,-9.857035,-3.8475497,reg2,2
TGTTGAGGTACGCTAT-1-reg2,-13.1479025,-5.051388,reg2,0
TGTTGGAAGCAACTCT-1-reg2,-11.524411,-4.105321,reg2,0
TGTTGGATCGCCAGTG-1-reg2,-12.50901,-5.358706,reg2,0
TGTTTGTGTACGGGAT-1-reg2,-4.273364,-8.160407,reg2,1
TTAATCCCACGGCACT-1-reg2,-9.647786,-6.715472,reg2,1
TTAATCCGTTCTCCTG-1-reg2,-11.926147,-3.2898712,reg2,0
TTACAGGAGTCGAAGC-1-reg2,-6.303942,-6.542687,reg2,1
TTACAGGGTCTACTGA-1-reg2,-13.210652,-6.439922,reg2,0
TTACCATCACGGAAGT-1-reg2,-12.958045,-6.430997,reg2,0
TTACGTTCAGACCTAT-1-reg2,-13.299311,-5.19883,reg2,0
TTACGTTCAGCTTCCT-1-reg2,-4.2744174,-7.6641154,reg2,1
TTACGTTTCGGTCTAA-1-reg2,-5.3693156,-6.5312095,reg2,1
TTACTGTGTAGTTCCA-1-reg2,-6.8126087,-5.8419967,reg2,1
TTAGGCAAGGGACCAT-1-reg2,-11.310268,-6.1051826,reg2,0
TTAGGCACATCGGTTA-1-reg2,-10.913966,-5.6796613,reg2,0
TTAGGCATCTTGAACG-1-reg2,-11.135528,-3.0923667,reg2,0
TTAGGGTAGAGCATAT-1-reg2,-4.4199696,-6.4165373,reg2,1
TTAGGGTGTACTTCCC-1-reg2,-4.1189594,-7.1255474,reg2,1
TTATTGCCATCCTTGC-1-reg2,-6.6284857,-3.8122733,reg2,2
TTCACGCGTATCACGT-1-reg2,-8.582717,-6.205721,reg2,1
TTCACGCGTGGGACAT-1-reg2,-9.766058,-6.079199,reg2,1
TTCAGGACATGGCCCA-1-reg2,-8.09176,-3.623105,reg2,2
TTCATGTCACAGAGCA-1-reg2,-6.8686047,-7.1606355,reg2,1
TTCCAATGTGCGACAA-1-reg2,-10.173953,-4.8459373,reg2,0
TTCCACGAGTGTAGTA-1-reg2,-6.692808,-3.549997,reg2,2
TTCCACGGTGGAAGTC-1-reg2,-8.006131,-7.732875,reg2,1
TTCCGGTGTTGCATCA-1-reg2,-11.260751,-5.4696145,reg2,0
TTCCGGTTCTGATTCT-1-reg2,-11.7832155,-2.9330413,reg2,0
TTCCTAAGTTGCACGC-1-reg2,-6.741482,-7.914014,reg2,1
TTCCTAATCCCTATTA-1-reg2,-9.729511,-6.0210967,reg2,1
TTCCTCTAGTTGCTCA-1-reg2,-11.691938,-4.71117,reg2,0
TTCTAACCAGAAGCTG-1-reg2,-7.3704967,-7.2303057,reg2,1
TTCTAGTGTCAAATCC-1-reg2,-7.4044538,-6.9235487,reg2,1
TTCTAGTTCGATACGT-1-reg2,-9.512535,-7.092308,reg2,1
TTCTCTCGTCCGTTTC-1-reg2,-12.570176,-4.9113474,reg2,0
TTCTGTAGTCTGATAC-1-reg2,-5.1234264,-6.6500006,reg2,1
TTCTGTATCTCCGATC-1-reg2,-11.764664,-2.6783266,reg2,0
TTCTTCCCATGTACGT-1-reg2,-6.778256,-5.6178246,reg2,1
TTCTTCCTCCATCGTC-1-reg2,-11.71326,-4.793876,reg2,0
TTCTTGATCTTCCAGC-1-reg2,-12.40987,-4.9026456,reg2,0
TTGAACGGTGAGCGAT-1-reg2,-10.074979,-4.965724,reg2,0
TTGACCCAGTGTCATC-1-reg2,-11.064266,-4.4734416,reg2,0
TTGAGTGCACCACATA-1-reg2,-6.079131,-8.305498,reg2,1
TTGAGTGCACGATTCA-1-reg2,-13.124455,-5.088065,reg2,0
TTGCCTGAGTCGCTAT-1-reg2,-12.262807,-5.3908963,reg2,0
TTGCGTCGTTGTGGAG-1-reg2,-9.878424,-6.945464,reg2,1
TTGCGTCTCAAGCCGC-1-reg2,-12.821073,-5.8687882,reg2,0
TTGCTGCGTCCGGATC-1-reg2,-5.0993147,-6.622514,reg2,1
TTGGATGAGTCAATCC-1-reg2,-12.352803,-5.298779,reg2,0
TTGGATGGTCACCACG-1-reg2,-10.494949,-4.64626,reg2,0
TTGGGATCACCAGCCA-1-reg2,-4.0479145,-6.2425423,reg2,1
TTGTGTTTCAAGTAAG-1-reg2,-8.862816,-4.5615726,reg2,2
TTGTTCACATCTCGTC-1-reg2,-5.3883114,-7.573589,reg2,1
TTGTTGTGTCAGGTAG-1-reg2,-12.447786,-3.4763777,reg2,0
TTGTTTGTCTGAGATC-1-reg2,-8.127586,-2.7657313,reg2,2
TTTACGTTCGCCAATA-1-reg2,-5.4820404,-7.468513,reg2,1
TTTACGTTCTTCTTCC-1-reg2,-6.743203,-3.7010462,reg2,2
TTTAGTCAGCCGATTT-1-reg2,-12.013636,-5.620803,reg2,0
TTTAGTCCAGTCAGCC-1-reg2,-4.6732388,-7.7828736,reg2,1
TTTAGTCTCGTAGGGA-1-reg2,-9.278447,-3.7413807,reg2,2
TTTATGCGTACGACAG-1-reg2,-4.6514635,-6.3616467,reg2,1
TTTCATGCAAACGGCA-1-reg2,-10.706452,-5.2342286,reg2,0
TTTCCTCAGTCAATCC-1-reg2,-7.7462025,-7.6476164,reg2,1
TTTCCTCGTGATTCTG-1-reg2,-9.321347,-3.8565526,reg2,2
TTTGATCGTCGAGTTT-1-reg2,-5.110975,-6.0174546,reg2,1
